image,condition,embedding_distance,embedding_l2,coarse_iou_to_H0,coarse_disagreement,coarse_dice_to_H0,coarse_centroid_shift,sam_iou_to_H0,sam_disagreement,sam_dice_to_H0,sam_centroid_shift,delta_dsc,abs_delta_dsc,dsc_loss,embedding_distance_centered,coarse_disagreement_centered,sam_disagreement_centered,abs_delta_dsc_centered,embedding_quintile
7.png,H1,0.0035474300384521,0.3882750272750854,0.9827160493827161,0.01728395061728394,0.9912826899128269,0.0007161931423329033,0.9629770992366412,0.03702290076335879,0.981139412794089,0.0013512341516783097,-0.02087188979688248,0.02087188979688248,0.02087188979688248,0.00034199893474578906,-0.02840179233676176,-0.011141604721255229,0.00023121572768890902,1
13.png,H1,0.0026441812515258,0.4114254117012024,0.9675090252707581,0.032490974729241895,0.9834862385321101,0.0018915923714577772,0.9996320372868882,0.0003679627131117913,0.9998159847880758,6.950699847587108e-06,0.000179767045736412,0.000179767045736412,-0.000179767045736412,-0.0005612498521805108,-0.013194768224803803,-0.04779654277150223,-0.02046090702345716,0
16.png,H1,0.0023168921470642,0.3404478132724762,1.0,0.0,1.0,0.0,1.0,0.0,1.0,0.0,0.0,0.0,-0.0,-0.0008885389566421109,-0.0456857429540457,-0.04816450548461402,-0.020640674069193572,0
25.png,H1,0.0010244846343994,0.2187187820672989,0.9804618117229129,0.019538188277087087,0.9901345291479821,0.0007922608944000438,1.0,0.0,1.0,0.0,0.0,0.0,-0.0,-0.0021809464693069106,-0.02614755467695861,-0.04816450548461402,-0.020640674069193572,0
28.png,H1,0.0020650029182434,0.2959560453891754,0.9966442953020134,0.003355704697986628,0.9983193277310924,0.00012586261206247692,1.0,0.0,1.0,0.0,0.0,0.0,-0.0,-0.0011404281854629108,-0.04233003825605907,-0.04816450548461402,-0.020640674069193572,0
32.png,H1,0.0026031136512756,0.3690568506717682,0.9697732997481109,0.030226700251889116,0.9846547314578005,0.0015268988744348356,0.9662676822633297,0.03373231773667029,0.9828444936358606,0.0008536576793601106,0.009205584110519305,0.009205584110519305,-0.009205584110519305,-0.0006023174524307107,-0.015459042702156582,-0.014432187747943727,-0.011435089958674267,0
41.png,H1,0.004586637020111,0.4103782773017883,0.9792566983578219,0.02074330164217808,0.9895196506550218,0.0006064543674623028,0.9979822437449556,0.0020177562550444117,0.998990103009493,6.436159217934513e-05,-0.000554918596652243,0.000554918596652243,0.000554918596652243,0.001381205916404689,-0.024942441311867618,-0.04614674922956961,-0.02008575547254133,1
55.png,H1,0.0027883052825927,0.2870177030563354,0.9136960600375235,0.08630393996247654,0.9549019607843138,0.0036274188779576175,0.9066788655077768,0.09332113449222323,0.9510556621880998,0.002977769384997776,0.036801841398891644,0.036801841398891644,-0.036801841398891644,-0.00041712582111361066,0.04061819700843084,0.045156629007609216,0.01616116732969807,0
56.png,H1,0.0026441812515258,0.4114254117012024,0.996875,0.0031250000000000444,0.9984350547730829,0.00012190358317438183,1.0,0.0,1.0,0.0,0.0,0.0,-0.0,-0.0005612498521805108,-0.042560742954045654,-0.04816450548461402,-0.020640674069193572,0
66.png,H1,0.0027883052825927,0.2870177030563354,0.9655786350148368,0.03442136498516324,0.982487922705314,0.0012976380171079063,0.9919228180390397,0.0080771819609603,0.9959450326650147,0.00024274010166894006,-0.0030529954914255697,0.0030529954914255697,0.0030529954914255697,-0.00041712582111361066,-0.01126437796888246,-0.04008732352365372,-0.017587678577768003,0
67.png,H1,0.0023168921470642,0.3404478132724762,0.9714867617107943,0.02851323828920571,0.9855371900826446,0.001273656671621044,0.9974171330176496,0.00258286698235044,0.9987068965517242,3.922434725196585e-05,8.755956076955673e-05,8.755956076955673e-05,-8.755956076955673e-05,-0.0008885389566421109,-0.017172504664839987,-0.04558163850226358,-0.020553114508424015,0
70.png,H1,0.0028692483901977,0.3450131714344024,0.978225806451613,0.021774193548387055,0.9889930697105584,0.0007080338041824754,1.0,0.0,1.0,0.0,0.0,0.0,-0.0,-0.0003361827135086107,-0.023911549405658643,-0.04816450548461402,-0.020640674069193572,0
86.png,H1,0.0020650029182434,0.2959560453891754,0.972897568752491,0.027102431247508996,0.9862626262626263,0.0005575080087664345,0.9825921823073271,0.017407817692672856,0.9912196679438059,0.0010095264158762553,-0.005404895687255218,0.005404895687255218,0.005404895687255218,-0.0011404281854629108,-0.018583311706536702,-0.030756687791941163,-0.015235778381938354,0
93.png,H1,0.0028692483901977,0.3450131714344024,0.9347826086956522,0.06521739130434778,0.9662921348314607,0.0034673644123896456,0.7697268588770865,0.23027314112291353,0.869882100750268,0.01135486781793859,0.13794417235973455,0.13794417235973455,-0.13794417235973455,-0.0003361827135086107,0.019531648350302085,0.18210863563829952,0.11730349829054099,0
99.png,H1,0.0064241886138916,0.5193708539009094,0.9916405433646813,0.008359456635318674,0.9958027282266527,0.00037778431442904176,1.0,0.0,1.0,0.0,0.0,0.0,-0.0,0.003218757510185289,-0.037326286318727024,-0.04816450548461402,-0.020640674069193572,1
100.png,H1,0.0035725831985473,0.3458650410175323,0.9618736383442266,0.03812636165577343,0.9805663520266519,0.0018200692865494837,0.9939567430025446,0.006043256997455448,0.9969692135906844,0.0001996757641818139,0.0014228304006221881,0.0014228304006221881,-0.0014228304006221881,0.00036715209484098916,-0.007559381298272265,-0.04212124848715857,-0.019217843668571384,1
102.png,H1,0.0045820474624633,0.4892750978469848,0.9789762340036563,0.021023765996343702,0.9893764434180139,0.0006675165197538223,0.9717375276480708,0.028262472351929246,0.9856662096472641,0.0010323495100296898,-0.014144807116562519,0.014144807116562519,0.014144807116562519,0.0013766163587569892,-0.024661976957701996,-0.019902033132684772,-0.006495866952631053,1
108.png,H1,0.0036895275115966,0.4182146489620209,0.9722562219502244,0.02774377804977557,0.9859329747621017,0.0005653956429875303,1.0,0.0,1.0,0.0,0.0,0.0,-0.0,0.0004840964078902891,-0.01794196490427013,-0.04816450548461402,-0.020640674069193572,1
114.png,H1,0.0045820474624633,0.4892750978469848,0.9834586466165414,0.016541353383458635,0.9916603487490523,0.0005432385719930081,0.9994321408290744,0.0005678591709256109,0.9997159897756319,1.8113216371316525e-05,-0.00026851640245284525,0.00026851640245284525,0.00026851640245284525,0.0013766163587569892,-0.029144389570587063,-0.04759664631368841,-0.020372157666740727,1
117.png,H1,0.0022631883621215,0.3262940943241119,0.9846350832266325,0.015364916773367487,0.9922580645161291,0.0007686119259695451,0.9986036769839423,0.0013963230160577433,0.9993013507219376,4.5796649935051544e-05,5.001959178063675e-05,5.001959178063675e-05,-5.001959178063675e-05,-0.0009422427415848107,-0.03032082618067821,-0.046768182468556276,-0.020590654477412935,0
121.png,H1,0.0066404938697814,0.580235481262207,0.9036964980544747,0.09630350194552528,0.9494123658661217,0.007842865695238871,0.9935956084172004,0.006404391582799596,0.9967875172097292,0.00014820723178651815,-0.0016601177606692108,0.0016601177606692108,0.0016601177606692108,0.003435062766075089,0.050617758991479585,-0.04176011390181442,-0.01898055630852436,1
122.png,H1,0.0026441812515258,0.4114254117012024,0.9924346629986245,0.007565337001375516,0.9962029685881947,5.6503811838112866e-05,1.0,0.0,1.0,0.0,0.0,0.0,-0.0,-0.0005612498521805108,-0.03812040595267018,-0.04816450548461402,-0.020640674069193572,0
124.png,H1,0.0036895275115966,0.4182146489620209,0.9520865533230294,0.04791344667697062,0.9754552652414885,0.0015912233308198024,0.9432457786116323,0.05675422138836772,0.9707941105479121,0.002530219377408172,0.003146774730981017,0.003146774730981017,-0.003146774730981017,0.0004840964078902891,0.002227703722924919,0.008589715903753702,-0.017493899338212555,1
128.png,H1,0.0027883052825927,0.2870177030563354,0.9320229320229321,0.06797706797706793,0.9648155998304366,0.001834680886824496,0.8825198637911464,0.11748013620885356,0.9375942116370214,0.004035881747866695,-0.052232539321867,0.052232539321867,0.052232539321867,-0.00041712582111361066,0.02229132502302223,0.06931563072423955,0.03159186525267343,0
131.png,H1,0.0066404938697814,0.580235481262207,0.9693439607602697,0.03065603923973026,0.9844333748443338,0.0011995217170326256,1.0,0.0,1.0,0.0,0.0,0.0,-0.0,0.003435062766075089,-0.015029703714315439,-0.04816450548461402,-0.020640674069193572,1
138.png,H1,0.003397524356842,0.4420444667339325,0.9916405433646813,0.008359456635318674,0.9958027282266527,0.0003491250522936197,1.0,0.0,1.0,0.0,0.0,0.0,-0.0,0.000192093253135689,-0.037326286318727024,-0.04816450548461402,-0.020640674069193572,1
150.png,H1,0.0010244846343994,0.2187187820672989,0.9795501022494888,0.020449897750511203,0.9896694214876033,0.0013634253545097305,0.9989091900736297,0.0010908099263703397,0.9994542974079127,4.16487173142282e-05,-7.676397879019525e-06,7.676397879019525e-06,7.676397879019525e-06,-0.0021809464693069106,-0.025235845203534495,-0.04707369555824368,-0.020632997671314553,0
152.png,H1,0.0020650029182434,0.2959560453891754,0.9771217712177122,0.022878228782287846,0.9884285181037701,0.0008050447331271966,1.0,0.0,1.0,0.0,0.0,0.0,-0.0,-0.0011404281854629108,-0.022807514171757852,-0.04816450548461402,-0.020640674069193572,0
156.png,H1,0.0028692483901977,0.3450131714344024,0.9658500371195249,0.034149962880475115,0.9826283987915407,0.0017622956849603494,1.0,0.0,1.0,0.0,0.0,0.0,-0.0,-0.0003361827135086107,-0.011535780073570583,-0.04816450548461402,-0.020640674069193572,0
167.png,H1,0.0045820474624633,0.4892750978469848,0.9860646599777034,0.013935340022296572,0.9929834409205726,0.0008288246216458168,0.9998009950248756,0.00019900497512437276,0.9999004876107075,9.50681642989779e-06,9.349510946243811e-05,9.349510946243811e-05,-9.349510946243811e-05,0.0013766163587569892,-0.031750402931749126,-0.047965500509489646,-0.020547178959731134,1
169.png,H1,0.0014939308166503,0.2779935896396637,0.9280730005367687,0.07192699946323133,0.9626948775055679,0.001379301350288933,1.0,0.0,1.0,0.0,0.0,0.0,-0.0,-0.0017115002870560108,0.026241256509185636,-0.04816450548461402,-0.020640674069193572,0
174.png,H1,0.0012227296829223,0.2528821229934692,0.9901423877327492,0.009857612267250793,0.9950467804072647,0.0001354940013690218,1.0,0.0,1.0,0.0,0.0,0.0,-0.0,-0.001982701420784011,-0.035828130686794905,-0.04816450548461402,-0.020640674069193572,0
183.png,H1,0.0045820474624633,0.4892750978469848,0.8901098901098901,0.10989010989010994,0.9418604651162791,0.0032993989616644866,0.9908675799086758,0.0091324200913242,0.9954128440366973,0.0001990172845256151,-0.0009199893930634806,0.0009199893930634806,0.0009199893930634806,0.0013766163587569892,0.06420436693606424,-0.03903208539328982,-0.01972068467613009,1
198.png,H1,0.0024211406707763,0.3451952040195465,0.9799528301886793,0.02004716981132071,0.9898749255509232,0.0009015912969760955,0.9988860007426662,0.0011139992573337976,0.9994426899498421,3.86806711542347e-05,0.0005209433591650825,0.0005209433591650825,-0.0005209433591650825,-0.0007842904329300108,-0.02563857314272499,-0.04705050622728022,-0.02011973071002849,0
211.png,H1,0.0026441812515258,0.4114254117012024,0.9624664879356568,0.03753351206434319,0.9808743169398907,0.001660540313638457,0.9145231944288442,0.08547680557115578,0.9553534760926958,0.0038126174108745877,0.02565845639609099,0.02565845639609099,-0.02565845639609099,-0.0005612498521805108,-0.00815223088970251,0.03731230008654176,0.005017782326897417,0
217.png,H1,0.0012227296829223,0.2528821229934692,0.9643939393939394,0.03560606060606064,0.9818742768993444,0.0009844837172499302,1.0,0.0,1.0,0.0,0.0,0.0,-0.0,-0.001982701420784011,-0.010079682347985057,-0.04816450548461402,-0.020640674069193572,0
223.png,H1,0.0064241886138916,0.5193708539009094,0.9644650444186945,0.03553495558130548,0.9819111285882816,0.0015418916507061074,0.9995991448423303,0.0004008551576697439,0.9997995322418978,2.7623785786422228e-05,6.592692141138556e-05,6.592692141138556e-05,-6.592692141138556e-05,0.003218757510185289,-0.010150787372740215,-0.047763650326944275,-0.020574747147782187,1
228.png,H1,0.0023168921470642,0.3404478132724762,0.9487334137515079,0.05126658624849212,0.9736923553079542,0.003182645846728996,1.0,0.0,1.0,0.0,0.0,0.0,-0.0,-0.0008885389566421109,0.005580843294446421,-0.04816450548461402,-0.020640674069193572,0
233.png,H1,0.0023168921470642,0.3404478132724762,0.9763294422827496,0.02367055771725035,0.9880229696472519,0.0005398457255842782,0.9989690721649485,0.0010309278350515427,0.999484270242393,1.2819990680170952e-05,0.0003500851623804424,0.0003500851623804424,-0.0003500851623804424,-0.0008885389566421109,-0.022015185236795347,-0.047133577649562476,-0.02029058890681313,0
234.png,H1,0.003397524356842,0.4420444667339325,0.9543782192788816,0.04562178072111844,0.9766566265060241,0.0041411439655669865,0.9921121822962313,0.007887817703768674,0.9960404751429829,0.0003910282820399675,0.0029277767874187344,0.0029277767874187344,-0.0029277767874187344,0.000192093253135689,-6.396223292725461e-05,-0.040276687780845345,-0.017712897281774838,1
238.png,H1,0.0064241886138916,0.5193708539009094,0.9762658227848101,0.02373417721518989,0.9879903923138511,0.0008111062138234146,1.0,0.0,1.0,0.0,0.0,0.0,-0.0,0.003218757510185289,-0.02195156573885581,-0.04816450548461402,-0.020640674069193572,1
246.png,H1,0.0012227296829223,0.2528821229934692,0.9954198473282443,0.004580152671755711,0.9977046671767407,0.00017937674462547255,1.0,0.0,1.0,0.0,0.0,0.0,-0.0,-0.001982701420784011,-0.04110559028228999,-0.04816450548461402,-0.020640674069193572,0
256.png,H1,0.0036895275115966,0.4182146489620209,0.9611069558713538,0.03889304412864625,0.9801678108314263,0.0015820236403555755,0.9977666108319375,0.002233389168062483,0.9988820570150923,6.0999320369639905e-05,0.0008730884928933591,0.0008730884928933591,-0.0008730884928933591,0.0004840964078902891,-0.00679269882539945,-0.045931116316551536,-0.019767585576300213,1
262.png,H1,0.0026441812515258,0.4114254117012024,0.9432355723746452,0.05676442762535483,0.9707887049659202,0.002257324822907528,0.9986587982832618,0.0013412017167382384,0.9993289491343443,4.8055159415512244e-05,-0.00040393115337278296,0.00040393115337278296,0.00040393115337278296,-0.0005612498521805108,0.011078684671309132,-0.04682330376787578,-0.02023674291582079,0
263.png,H1,0.0010244846343994,0.2187187820672989,0.953709575142676,0.04629042485732404,0.976306394027913,0.002286623693179956,0.9983388704318937,0.0016611295681062677,0.999168744804655,5.554820767101658e-05,0.00038108786950130646,0.00038108786950130646,-0.00038108786950130646,-0.0021809464693069106,0.0006046819032783438,-0.04650337591650775,-0.020259586199692266,0
284.png,H1,0.0066404938697814,0.580235481262207,0.9933510638297872,0.0066489361702127825,0.9966644429619747,0.00033633035540184795,1.0,0.0,1.0,0.0,0.0,0.0,-0.0,0.003435062766075089,-0.039036806783832916,-0.04816450548461402,-0.020640674069193572,1
296.png,H1,0.0024211406707763,0.3451952040195465,0.9050028105677347,0.09499718943226532,0.9501327825317203,0.0035101386510441985,0.8860328638497652,0.1139671361502348,0.939573091044869,0.006886624855306371,0.040824727083468626,0.040824727083468626,-0.040824727083468626,-0.0007842904329300108,0.04931144647821962,0.06580263066562078,0.020184053014275054,0
304.png,H1,0.003397524356842,0.4420444667339325,0.9351576442593694,0.06484235574063058,0.9664924684906241,0.00124073568123106,0.9844785490059296,0.01552145099407043,0.9921785745671852,0.0006312322510944489,0.006626937959326118,0.006626937959326118,-0.006626937959326118,0.000192093253135689,0.019156612786584877,-0.03264305449054359,-0.014013736109867454,1
311.png,H1,0.0012227296829223,0.2528821229934692,0.9883018867924528,0.011698113207547212,0.9941165306509774,0.000524561112198512,0.9991326973113617,0.0008673026886383273,0.9995661605206074,5.431612547113606e-05,0.00040846560284457656,0.00040846560284457656,-0.00040846560284457656,-0.001982701420784011,-0.033987629746498486,-0.04729720279597569,-0.020232208466348996,0
321.png,H1,0.0036895275115966,0.4182146489620209,0.5667337357478203,0.43326626425217973,0.723458904109589,0.021320864630988347,0.8673849979278906,0.1326150020721094,0.9289835774522859,0.005816536088155207,0.053196946066525586,0.053196946066525586,-0.053196946066525586,0.0004840964078902891,0.38758052129813403,0.0844504965874954,0.03255627199733201,1
323.png,H1,0.0064241886138916,0.5193708539009094,0.9434832756632064,0.056516724336793556,0.970919881305638,0.00022834598175911744,0.9942457870941225,0.0057542129058775204,0.9971145919208574,0.00010849127215432853,0.0010167519158372773,0.0010167519158372773,-0.0010167519158372773,0.003218757510185289,0.010830981382747858,-0.0424102925787365,-0.019623922153356295,1
324.png,H1,0.0064241886138916,0.5193708539009094,0.9536784741144414,0.0463215258855586,0.9762900976290098,0.0020580769506335925,0.6257562662057045,0.37424373379429554,0.7698032961190856,0.025441822520827204,-0.21121316448139338,0.21121316448139338,0.21121316448139338,0.003218757510185289,0.0006357829315129029,0.3260792283096815,0.1905724904121998,1
332.png,H1,0.0022631883621215,0.3262940943241119,0.918111753371869,0.08188824662813099,0.957307885484681,0.0004927118760103416,0.8615984405458089,0.13840155945419108,0.9256544502617801,0.00479422861397914,0.0,0.0,-0.0,-0.0009422427415848107,0.03620250367408529,0.09023705396957707,-0.020640674069193572,0
333.png,H1,0.0036895275115966,0.4182146489620209,0.9451530612244898,0.05484693877551017,0.9718032786885246,0.0010413672856922115,0.9840499306518724,0.015950069348127593,0.9919608528486543,0.0005741296367914463,0.0065725879121179,0.0065725879121179,-0.0065725879121179,0.0004840964078902891,0.00916119582146447,-0.032214436136486425,-0.014068086157075672,1
350.png,H1,0.0023168921470642,0.3404478132724762,0.9813278008298755,0.018672199170124526,0.9905759162303664,0.0007822681094539846,1.0,0.0,1.0,0.0,0.0,0.0,-0.0,-0.0008885389566421109,-0.027013543783921172,-0.04816450548461402,-0.020640674069193572,0
351.png,H1,0.0012227296829223,0.2528821229934692,0.9851485148514851,0.014851485148514865,0.9925187032418953,0.0006267590962873538,1.0,0.0,1.0,0.0,0.0,0.0,-0.0,-0.001982701420784011,-0.030834257805530833,-0.04816450548461402,-0.020640674069193572,0
354.png,H1,0.003397524356842,0.4420444667339325,0.9696176008381352,0.030382399161864804,0.9845744680851064,0.0005345710897693786,1.0,0.0,1.0,0.0,0.0,0.0,-0.0,0.000192093253135689,-0.015303343792180894,-0.04816450548461402,-0.020640674069193572,1
404.png,H1,0.0014939308166503,0.2779935896396637,0.979381443298969,0.020618556701030966,0.9895833333333334,0.0003769778619229405,0.9884086444007859,0.011591355599214093,0.9941705365082502,0.000498381616503751,-0.0037514014935735585,0.0037514014935735585,0.0037514014935735585,-0.0017115002870560108,-0.025067186253014732,-0.036573149885399926,-0.016889272575620014,0
415.png,H1,0.0064241886138916,0.5193708539009094,0.9600825877494839,0.03991741225051615,0.9796348314606742,0.0027858197414431063,0.9825927622537792,0.01740723774622077,0.9912199630314233,0.000561779974558498,0.0076498380530710675,0.0076498380530710675,-0.0076498380530710675,0.003218757510185289,-0.005768330703529549,-0.030757267738393247,-0.012990836016122505,1
429.png,H1,0.0024211406707763,0.3451952040195465,0.9173826834104428,0.08261731658955718,0.9569114098586694,0.004136071131187515,0.99286023366508,0.0071397663349199725,0.9964173271088915,0.00012658833895320333,-0.0001909473063191891,0.0001909473063191891,0.0001909473063191891,-0.0007842904329300108,0.03693157363551148,-0.041024739149694046,-0.020449726762874383,0
442.png,H1,0.0064241886138916,0.5193708539009094,0.9806576402321083,0.01934235976789167,0.990234375,0.00066037651424673,0.9982551376502521,0.001744862349747911,0.9991268070243524,2.91603030084652e-05,-0.00033556342243834525,0.00033556342243834525,0.00033556342243834525,0.003218757510185289,-0.026343383186154028,-0.04641964313486611,-0.020305110646755227,1
443.png,H1,0.0020650029182434,0.2959560453891754,0.9851801953519703,0.014819804648029677,0.9925347811333559,0.000511551074303459,0.996976483762598,0.0030235162374020463,0.9984859530084674,0.00018903879055923682,-0.00041845885514979475,0.00041845885514979475,0.00041845885514979475,-0.0011404281854629108,-0.03086593830601602,-0.04514098924721197,-0.020222215214043777,0
445.png,H1,0.0012227296829223,0.2528821229934692,0.9856819894498869,0.014318010550113058,0.9927893738140418,0.0008485661209565962,1.0,0.0,1.0,0.0,0.0,0.0,-0.0,-0.001982701420784011,-0.03136773240393264,-0.04816450548461402,-0.020640674069193572,0
452.png,H1,0.0031855106353759,0.3682970702648163,0.8840970350404312,0.11590296495956875,0.9384835479256081,0.0014755928264851355,0.9788557213930348,0.021144278606965217,0.9893148962916405,0.0004498922130434292,-0.0072852977709504385,0.0072852977709504385,0.0072852977709504385,-1.9920468330411004e-05,0.07021722200552305,-0.027020226877648802,-0.013355376298243134,0
457.png,H1,0.0027883052825927,0.2870177030563354,0.9501138952164009,0.04988610478359912,0.9744188762994977,0.003983681558695943,0.852324892640308,0.14767510735969203,0.9202758069351454,0.00798888345528385,-0.06031655328334906,0.06031655328334906,0.06031655328334906,-0.00041712582111361066,0.004200361829553419,0.09951060187507801,0.03967587921415549,0
472.png,H1,0.0066404938697814,0.580235481262207,0.9155701754385965,0.08442982456140347,0.9559244419004007,0.0019992089970163216,0.9983179142136249,0.001682085786375076,0.9991582491582491,1.974803301200312e-05,-0.0004981080115640246,0.0004981080115640246,0.0004981080115640246,0.003435062766075089,0.03874408160735777,-0.04648241969823894,-0.020142566057629548,1
473.png,H1,0.0026441812515258,0.4114254117012024,0.9823788546255506,0.017621145374449365,0.9911111111111112,0.00029199230722315624,0.9954977488744372,0.004502251125562795,0.997743795437453,0.00014232009886112646,-0.0011261244791673786,0.0011261244791673786,0.0011261244791673786,-0.0005612498521805108,-0.028064597579596333,-0.043662254359051224,-0.019514549590026194,0
475.png,H1,0.0020650029182434,0.2959560453891754,0.9884088514225501,0.011591148577449917,0.9941706412294647,0.0005478090248094504,1.0,0.0,1.0,0.0,0.0,0.0,-0.0,-0.0011404281854629108,-0.03409459437659578,-0.04816450548461402,-0.020640674069193572,0
482.png,H1,0.0024211406707763,0.3451952040195465,0.9661654135338346,0.03383458646616544,0.982791586998088,0.001119247776964459,0.9968710888610763,0.0031289111389236623,0.9984330930742714,9.788789235822531e-05,-0.0007529974521786054,0.0007529974521786054,0.0007529974521786054,-0.0007842904329300108,-0.011851156487880259,-0.045035594345690357,-0.019887676617014967,0
483.png,H1,0.0035474300384521,0.3882750272750854,0.9951298701298701,0.004870129870129913,0.9975589910496339,0.00017655569653270126,1.0,0.0,1.0,0.0,0.0,0.0,-0.0,0.00034199893474578906,-0.040815613083915785,-0.04816450548461402,-0.020640674069193572,1
484.png,H1,0.0023168921470642,0.3404478132724762,0.9931506849315068,0.006849315068493178,0.9965635738831615,0.00022706325465659643,1.0,0.0,1.0,0.0,0.0,0.0,-0.0,-0.0008885389566421109,-0.03883642788555252,-0.04816450548461402,-0.020640674069193572,0
486.png,H1,0.0012227296829223,0.2528821229934692,0.9708436724565757,0.029156327543424343,0.9852061693421467,0.0016564668582524527,0.9996720236142997,0.0003279763857002571,0.9998359849106118,1.248860816187633e-05,0.00016951994762248734,0.00016951994762248734,-0.00016951994762248734,-0.001982701420784011,-0.016529415410621355,-0.04783652909891376,-0.020471154121571085,0
494.png,H1,0.0026441812515258,0.4114254117012024,0.9951690821256038,0.004830917874396157,0.9975786924939467,0.00018831781097087367,1.0,0.0,1.0,0.0,0.0,0.0,-0.0,-0.0005612498521805108,-0.04085482507964954,-0.04816450548461402,-0.020640674069193572,0
500.png,H1,0.0035474300384521,0.3882750272750854,0.968421052631579,0.03157894736842104,0.983957219251337,0.00016957934833938218,0.9942880456956344,0.005711954304365552,0.9971358428805237,0.00010254660011458924,-0.002505633202134594,0.002505633202134594,0.002505633202134594,0.00034199893474578906,-0.014106795585624658,-0.04245255118024847,-0.01813504086705898,1
506.png,H1,0.0064241886138916,0.5193708539009094,0.96375,0.036250000000000004,0.9815404201145767,0.00199015807589076,1.0,0.0,1.0,0.0,0.0,0.0,-0.0,0.003218757510185289,-0.009435742954045694,-0.04816450548461402,-0.020640674069193572,1
507.png,H1,0.0026031136512756,0.3690568506717682,0.9695181907571289,0.03048180924287114,0.9845232151772342,0.0015449565185688373,0.9977113624124933,0.0022886375875067477,0.9988543702405822,6.952081111256768e-05,0.0004379747322269534,0.0004379747322269534,-0.0004379747322269534,-0.0006023174524307107,-0.01520393371117456,-0.04587586789710727,-0.02020269933696662,0
518.png,H1,0.004586637020111,0.4103782773017883,0.8892380204241949,0.11076197957580514,0.9413721413721414,0.0047077081242487264,0.9828973843058351,0.017102615694164935,0.991374936580416,9.176934763866977e-05,-0.0002531621165976494,0.0002531621165976494,0.0002531621165976494,0.001381205916404689,0.06507623662175943,-0.031061889790449083,-0.020387511952595923,1
519.png,H1,0.0031855106353759,0.3682970702648163,0.9949579831932773,0.005042016806722671,0.9974726200505476,0.000135365900545655,1.0,0.0,1.0,0.0,0.0,0.0,-0.0,-1.9920468330411004e-05,-0.04064372614732303,-0.04816450548461402,-0.020640674069193572,0
543.png,H1,0.0036895275115966,0.4182146489620209,0.9346733668341709,0.0653266331658291,0.9662337662337662,0.003709510134889572,0.9940085040587553,0.005991495941244707,0.9969952505573325,0.00030800150064648105,-0.00283771280877243,0.00283771280877243,0.00283771280877243,0.0004840964078902891,0.019640890211783398,-0.04217300954336931,-0.017802961260421142,1
550.png,H1,0.0023168921470642,0.3404478132724762,0.9977037887485649,0.0022962112514350874,0.9988505747126437,3.105575890929694e-05,1.0,0.0,1.0,0.0,0.0,0.0,-0.0,-0.0008885389566421109,-0.04338953170261061,-0.04816450548461402,-0.020640674069193572,0
551.png,H1,0.0028692483901977,0.3450131714344024,0.9449035812672176,0.05509641873278237,0.9716713881019831,0.00014984249734286092,1.0,0.0,1.0,0.0,0.0,0.0,-0.0,-0.0003361827135086107,0.009410675778736673,-0.04816450548461402,-0.020640674069193572,0
558.png,H1,0.0045820474624633,0.4892750978469848,0.9548793284365162,0.04512067156348376,0.9769189479334407,0.0020886563920875837,0.9961261759822911,0.00387382401770886,0.9980593290823399,8.829479555123015e-05,-0.0018484142218792021,0.0018484142218792021,0.0018484142218792021,0.0013766163587569892,-0.0005650713905619373,-0.04429068146690516,-0.01879225984731437,1
561.png,H1,0.0066404938697814,0.580235481262207,0.9483960948396095,0.051603905160390484,0.9735146743020758,0.0036481037828583127,0.9538303693570451,0.04616963064295487,0.9763696831787152,0.001611001921818515,-0.018211082363929876,0.018211082363929876,0.018211082363929876,0.003435062766075089,0.005918162206344786,-0.001994874841659146,-0.0024295917052636964,1
562.png,H1,0.0066404938697814,0.580235481262207,0.9306974677920924,0.06930253220790761,0.9641049240681087,0.0022503180192943776,0.9941097273645237,0.005890272635476257,0.9970461642332686,0.00022621523390679334,0.0010731549053069056,0.0010731549053069056,-0.0010731549053069056,0.003435062766075089,0.02361678925386191,-0.04227423284913776,-0.019567519163886667,1
563.png,H1,0.0031855106353759,0.3682970702648163,0.9460403726708074,0.05395962732919257,0.9722720925593457,0.003058038203122964,0.8187764990914598,0.18122350090854022,0.9003596643133076,0.007554145394960245,-0.07009226300550375,0.07009226300550375,0.07009226300550375,-1.9920468330411004e-05,0.008273884375146874,0.1330589954239262,0.04945158893631018,0
579.png,H1,0.0064241886138916,0.5193708539009094,0.9323076923076923,0.06769230769230772,0.964968152866242,0.00043811916400094347,0.0,1.0,0.0,0.03679804491884142,0.821656050955414,0.821656050955414,-0.821656050955414,0.003218757510185289,0.02200656473826202,0.951835494515386,0.8010153768862205,1
581.png,H1,0.0020650029182434,0.2959560453891754,0.955846279640229,0.044153720359771054,0.9774247491638796,0.00033704617299921394,0.983887415867836,0.016112584132163987,0.9918782769610363,0.0008915058195155532,-0.006730523072344563,0.006730523072344563,0.006730523072344563,-0.0011404281854629108,-0.0015320225942746443,-0.03205192135245003,-0.01391015099684901,0
589.png,H1,0.0036895275115966,0.4182146489620209,0.9488536155202821,0.051146384479717866,0.9737556561085973,0.0020466966948181403,0.9897665494083786,0.010233450591621396,0.9948569591771135,0.0002800175110289406,0.0007915104089192271,0.0007915104089192271,-0.0007915104089192271,0.0004840964078902891,0.005460641525672168,-0.03793105489299262,-0.019849163660274345,1
590.png,H1,0.0024211406707763,0.3451952040195465,0.9640179910044977,0.0359820089955023,0.981679389312977,0.00023736516908060324,0.9018895348837209,0.09811046511627908,0.9484142147497134,0.002766649141038761,-0.048020260092164424,0.048020260092164424,0.048020260092164424,-0.0007842904329300108,-0.009703733958543397,0.04994595963166506,0.027379586022970852,0
592.png,H1,0.0023168921470642,0.3404478132724762,0.8740506329113924,0.1259493670886076,0.9327929753461668,0.00595882853788682,0.8484682713347921,0.15153172866520792,0.9180230837525896,0.009444069116229024,0.07591132348139573,0.07591132348139573,-0.07591132348139573,-0.0008885389566421109,0.0802636241345619,0.10336722318059391,0.05527064941220216,0
593.png,H1,0.0064241886138916,0.5193708539009094,0.9716867469879518,0.028313253012048234,0.9856400855484265,0.00192303812030248,0.9992337164750957,0.0007662835249042654,0.9996167113836719,2.2416863119551187e-05,-0.00011113484989400124,0.00011113484989400124,0.00011113484989400124,0.003218757510185289,-0.017372489941997464,-0.04739822195970975,-0.02052953921929957,1
601.png,H1,0.0012227296829223,0.2528821229934692,0.9933609958506224,0.00663900414937757,0.9966694421315571,0.00022354860893836903,0.9956398104265403,0.0043601895734597385,0.9978151420157689,0.00020633129869836552,0.000415747056078164,0.000415747056078164,-0.000415747056078164,-0.001982701420784011,-0.03904673880466813,-0.04380431591115428,-0.020224927013115408,0
604.png,H1,0.0026031136512756,0.3690568506717682,0.9681139755766621,0.03188602442333788,0.9837986901068597,0.0010172839228197081,0.9991108476585655,0.000889152341434496,0.9995552260934025,3.1512958562610634e-05,-0.00045875089709557226,0.00045875089709557226,0.00045875089709557226,-0.0006023174524307107,-0.01379971853070782,-0.04727535314317952,-0.020181923172098,0
614.png,H1,0.0010244846343994,0.2187187820672989,0.9894588896697118,0.01054111033028815,0.9947015188979159,0.00044883611047646374,0.996492174851592,0.0035078251484079725,0.9982430058115962,4.859504248503364e-05,-0.0008577526661741608,0.0008577526661741608,0.0008577526661741608,-0.0021809464693069106,-0.03514463262375755,-0.044656680336206046,-0.01978292140301941,0
616.png,H1,0.0024211406707763,0.3451952040195465,0.9750922509225092,0.024907749077490826,0.9873890705277908,0.0012510091984038096,0.6730769230769231,0.32692307692307687,0.8045977011494253,0.023068356198887367,-0.17801745318986695,0.17801745318986695,0.17801745318986695,-0.0007842904329300108,-0.020777993876554872,0.27875857143846283,0.15737677912067338,0
621.png,H1,0.0064241886138916,0.5193708539009094,0.9634941329856584,0.03650586701434155,0.9814077025232404,0.0022067054132385968,0.9968104750713447,0.0031895249286553184,0.998402690205969,0.00012486875178531443,-2.937069474617804e-05,2.937069474617804e-05,2.937069474617804e-05,0.003218757510185289,-0.009179875939704145,-0.0449749805559587,-0.020611303374447394,1
623.png,H1,0.0066404938697814,0.580235481262207,0.9301185124642419,0.06988148753575807,0.9637941986025831,0.003139993081572927,0.9019189765458422,0.09808102345415781,0.9484304932735426,0.004427537611336266,-0.04603856215684843,0.04603856215684843,0.04603856215684843,0.003435062766075089,0.02419574458171237,0.04991651796954379,0.025397888087654856,1
630.png,H1,0.0027883052825927,0.2870177030563354,0.9857972885732731,0.01420271142672691,0.9928478543563068,0.0006671514976179273,1.0,0.0,1.0,0.0,0.0,0.0,-0.0,-0.00041712582111361066,-0.03148303152731879,-0.04816450548461402,-0.020640674069193572,0
633.png,H1,0.0036895275115966,0.4182146489620209,0.9512367491166078,0.04876325088339217,0.9750090546903296,0.0033281022443593044,0.9991873222267371,0.000812677773262882,0.9995934959349594,1.1739274484487706e-05,-2.1159272064252832e-05,2.1159272064252832e-05,2.1159272064252832e-05,0.0004840964078902891,0.003077507929346475,-0.04735182771135114,-0.02061951479712932,1
670.png,H1,0.0014939308166503,0.2779935896396637,0.9905189620758483,0.00948103792415167,0.9952369014790674,0.0005401404309030575,1.0,0.0,1.0,0.0,0.0,0.0,-0.0,-0.0017115002870560108,-0.03620470502989403,-0.04816450548461402,-0.020640674069193572,0
675.png,H1,0.0024211406707763,0.3451952040195465,0.9827700463883366,0.01722995361166335,0.9913101604278075,6.819376252700529e-05,1.0,0.0,1.0,0.0,0.0,0.0,-0.0,-0.0007842904329300108,-0.028455789342382347,-0.04816450548461402,-0.020640674069193572,0
681.png,H1,0.0012227296829223,0.2528821229934692,0.9826054774241303,0.01739452257586971,0.9912264327048721,0.0009701261593226522,0.9932948215390963,0.006705178460903682,0.9966361331056254,0.0003365638142925331,-0.0033283419480352183,0.0033283419480352183,0.0033283419480352183,-0.001982701420784011,-0.02829122037817599,-0.041459327023710336,-0.017312332121158354,0
687.png,H1,0.0024211406707763,0.3451952040195465,0.985985985985986,0.014014014014014031,0.9929435483870968,0.0006241560025442587,0.998661311914324,0.0013386880856760541,0.999330207635633,3.195447399520276e-05,-0.000250870887621768,0.000250870887621768,0.000250870887621768,-0.0007842904329300108,-0.03167172894003167,-0.046825817398937965,-0.020389803181571804,0
694.png,H1,0.004586637020111,0.4103782773017883,0.95423855963991,0.04576144036009,0.9765834932821497,0.0031745330895574333,0.9990694789081885,0.0009305210918114648,0.9995345228859581,2.9519708724849776e-05,-0.0004693108524855827,0.0004693108524855827,0.0004693108524855827,0.001381205916404689,7.569740604430192e-05,-0.047233984392802554,-0.02017136321670799,1
695.png,H1,0.0010244846343994,0.2187187820672989,0.9983050847457627,0.0016949152542372614,0.9991518235793045,6.268523771003164e-05,1.0,0.0,1.0,0.0,0.0,0.0,-0.0,-0.0021809464693069106,-0.04399082769980844,-0.04816450548461402,-0.020640674069193572,0
712.png,H1,0.0021969079971313,0.4404918551445007,0.9986225895316805,0.0013774104683195176,0.9993108201240524,5.271570847155316e-05,1.0,0.0,1.0,0.0,0.0,0.0,-0.0,-0.0010085231065750109,-0.04430833248572618,-0.04816450548461402,-0.020640674069193572,0
713.png,H1,0.0019582509994506,0.3754900395870209,0.987667009249743,0.012332990750256956,0.9937952430196484,0.0003261979033028361,1.0,0.0,1.0,0.0,0.0,0.0,-0.0,-0.001247180104255711,-0.03335275220378874,-0.04816450548461402,-0.020640674069193572,0
714.png,H1,0.0033174157142639,0.5024963021278381,0.9926854754440961,0.007314524555903867,0.9963293130571579,0.00036789635369168563,1.0,0.0,1.0,0.0,0.0,0.0,-0.0,0.00011198461055758916,-0.03837121839814183,-0.04816450548461402,-0.020640674069193572,1
723.png,H1,0.0068302154541015,0.6304459571838379,0.955237242614145,0.044762757385855,0.9771062271062271,0.0016516894770516495,0.9975099601593626,0.002490039840637448,0.9987534280727998,5.482692159502727e-05,-0.000293034070253273,0.000293034070253273,0.000293034070253273,0.0036247843503951892,-0.000922985568190697,-0.04567446564397657,-0.0203476399989403,1
727.png,H1,0.0036389827728271,0.4204681515693664,0.9653440482169764,0.03465595178302361,0.9823664707385638,0.0013197787386904744,1.0,0.0,1.0,0.0,0.0,0.0,-0.0,0.00043355166912078906,-0.01102979117102209,-0.04816450548461402,-0.020640674069193572,1
729.png,H1,0.0068302154541015,0.6304459571838379,0.864293659621802,0.13570634037819795,0.9272076372315036,0.0025813194635758347,0.9812583668005355,0.018741633199464536,0.9905405405405405,0.0004929268716700575,0.008181123570743187,0.008181123570743187,-0.008181123570743187,0.0036247843503951892,0.09002059742415225,-0.029422872285149483,-0.012459550498450385,1
761.png,H1,0.0032424926757812,0.4489583373069763,0.9828496042216359,0.01715039577836408,0.9913506320691949,0.0007456036889962027,1.0,0.0,1.0,0.0,0.0,0.0,-0.0,3.706157207488932e-05,-0.028535347175681618,-0.04816450548461402,-0.020640674069193572,0
762.png,H1,0.0068302154541015,0.6304459571838379,0.9632248939179632,0.036775106082036824,0.9812680115273775,0.00018316216985202882,0.9960518894529047,0.003948110547095318,0.9980220401243289,4.548188047265598e-05,-0.0003409394108632169,0.0003409394108632169,0.0003409394108632169,0.0036247843503951892,-0.008910636872008874,-0.0442163949375187,-0.020299734658330355,1
764.png,H1,0.0037575960159301,0.5122106671333313,0.9754816112084063,0.024518388791593737,0.9875886524822695,0.0011763939746950761,0.9850828729281768,0.014917127071823244,0.9924853882549401,0.00043096885354860343,-0.005074145553223275,0.005074145553223275,0.005074145553223275,0.0005521649122237891,-0.02116735416245196,-0.033247378412790775,-0.015566528515970297,1
769.png,H1,0.0110187530517578,0.7957764863967896,0.43048403707518024,0.5695159629248198,0.6018718502519799,0.04712352136999445,0.28558476881233,0.7144152311876699,0.44428772919605075,0.04381887168871569,0.21548433087922592,0.21548433087922592,-0.21548433087922592,0.00781332194805149,0.5238302199707741,0.6662507257030559,0.19484365681003235,2
776.png,H1,0.0027230978012084,0.3771629631519317,0.9538043478260869,0.04619565217391308,0.9763560500695411,0.0020467712091547905,0.9980988593155894,0.0019011406844106071,0.9990485252140818,1.4149003031607312e-05,0.0007443909630792112,0.0007443909630792112,-0.0007443909630792112,-0.000482333302497911,0.0005099092198673841,-0.04626336480020341,-0.01989628310611436,0
780.png,H1,0.0036389827728271,0.4204681515693664,0.9592976855546688,0.040702314445331234,0.9792260692464358,0.0004136154545575107,0.8902439024390244,0.1097560975609756,0.9419354838709677,0.0039042296560410175,0.05560691662386574,0.05560691662386574,-0.05560691662386574,0.00043355166912078906,-0.0049834285087144645,0.06159159207636158,0.03496624255467217,1
781.png,H1,0.0056501626968383,0.5001981258392334,0.9625285109156076,0.03747148908439235,0.9809065249875477,0.0011424274485477815,0.9587428710107997,0.04125712898920031,0.9789369347044976,0.0027398964819448876,0.015151770918814422,0.015151770918814422,-0.015151770918814422,0.002444731593131989,-0.008214253869653347,-0.00690737649541371,-0.00548890315037915,1
782.png,H1,0.0036389827728271,0.4204681515693664,0.9722719141323792,0.027728085867620766,0.9859410430839002,0.001505291604853377,0.9591428888642167,0.040857111135783275,0.9791454153915902,0.0030490177444481505,0.017014017742572607,0.017014017742572607,-0.017014017742572607,0.00043355166912078906,-0.01795765708642493,-0.007307394348830744,-0.0036266563266209653,1
794.png,H1,0.0110187530517578,0.7957764863967896,0.7941296371789646,0.20587036282103544,0.8852533515110202,0.017974381951669272,0.45684731564919406,0.5431526843508059,0.6271725399660234,0.03637189134020961,0.01315266722381403,0.01315266722381403,-0.01315266722381403,0.00781332194805149,0.16018461986698973,0.49498817886619184,-0.007488006845379543,2
828.png,H1,0.0032424926757812,0.4489583373069763,0.9982993197278912,0.00170068027210879,0.9991489361702127,6.397896244654973e-05,1.0,0.0,1.0,0.0,0.0,0.0,-0.0,3.706157207488932e-05,-0.04398506268193691,-0.04816450548461402,-0.020640674069193572,0
837.png,H1,0.0016189813613891,0.2939074039459228,0.9758389261744966,0.024161073825503365,0.9877717391304348,0.0007382817379907189,0.8753760206274173,0.12462397937258274,0.9335472043996333,0.002167795203189204,0.03350782085593462,0.03350782085593462,-0.03350782085593462,-0.0015864497423172107,-0.021524669128542333,0.07645947388796873,0.01286714678674105,0
847.png,H1,0.0027230978012084,0.3771629631519317,0.9707641196013289,0.029235880398671088,0.9851652056641942,0.0008456448024633231,0.9990170380078637,0.000982961992136322,0.999508277331585,3.8110050160784346e-05,-0.0004927529519979101,0.0004927529519979101,0.0004927529519979101,-0.000482333302497911,-0.01644986255537461,-0.0471815434924777,-0.020147921117195662,0
856.png,H1,0.0110187530517578,0.7957764863967896,0.9783096484667165,0.02169035153328347,0.9890359168241966,0.0008389141912499842,1.0,0.0,1.0,0.0,0.0,0.0,-0.0,0.00781332194805149,-0.02399539142076223,-0.04816450548461402,-0.020640674069193572,2
865.png,H1,0.0026634931564331,0.3828250467777252,0.9585006693440429,0.04149933065595712,0.9788106630211894,0.002802500455258946,0.9704072812325215,0.029592718767478488,0.9849814203137902,0.0016262889745785553,-0.000454121275043462,0.000454121275043462,0.000454121275043462,-0.000541937947273211,-0.004186412298088575,-0.01857178671713553,-0.02018655279415011,0
867.png,H1,0.0015468597412109,0.2861835658550262,0.9649955502818155,0.035004449718184505,0.9821859903381642,0.0010041570862008415,0.9295523906408952,0.07044760935910477,0.9634901805720311,0.0030953329269546395,0.015695688388154938,0.015695688388154938,-0.015695688388154938,-0.0016585713624954108,-0.010681293235861193,0.02228310387449075,-0.004944985681038634,0
868.png,H1,0.0029966831207275,0.4376173317432403,0.9455818965517241,0.05441810344827591,0.9720299086125727,0.0022561435455873435,0.9254032258064516,0.07459677419354838,0.9612565445026178,0.0040507159097871275,0.00034082088402187516,0.00034082088402187516,-0.00034082088402187516,-0.00020874798297881077,0.008732360494230214,0.026432268708934357,-0.020299853185171697,0
900.png,H1,0.0027230978012084,0.3771629631519317,0.9840392879066913,0.015960712093308738,0.9919554455445545,0.0006842171345731069,0.9746735259200633,0.02532647407993671,0.9871743486973948,0.0004439051654844659,0.009849699307312942,0.009849699307312942,-0.009849699307312942,-0.000482333302497911,-0.02972503086073696,-0.022838031404677307,-0.01079097476188063,0
915.png,H1,0.0068302154541015,0.6304459571838379,0.7271142109851787,0.2728857890148213,0.8419989904088844,0.009201254339140135,0.8193502320599786,0.1806497679400214,0.9007064364207221,0.0072362245812156835,-0.08756155695222767,0.08756155695222767,0.08756155695222767,0.0036247843503951892,0.2272000460607756,0.1324852624554074,0.0669208828830341,1
921.png,H1,0.0021969079971313,0.4404918551445007,0.9910634495084897,0.00893655049151032,0.9955116696588869,0.00027688325409808487,0.76314872866597,0.23685127133402994,0.8656657447649151,0.006041172520270571,-0.09055851437152201,0.09055851437152201,0.09055851437152201,-0.0010085231065750109,-0.03674919246253538,0.18868676584941593,0.06991784030232845,0
922.png,H1,0.0023792386054992,0.4076299965381622,0.9849624060150376,0.015037593984962405,0.9924242424242424,0.0005565171037087499,1.0,0.0,1.0,0.0,0.0,0.0,-0.0,-0.0008261924982071109,-0.030648148969083293,-0.04816450548461402,-0.020640674069193572,0
929.png,H1,0.0033479332923889,0.4588534533977508,0.9186134137151469,0.08138658628485307,0.9575805184603299,0.0006201405817682496,0.8975369458128079,0.10246305418719215,0.9460020768431984,0.0028902775317222705,0.050066475012046086,0.050066475012046086,-0.050066475012046086,0.00014250218868258916,0.03570084333080737,0.05429854870257813,0.029425800942852513,1
933.png,H1,0.0033174157142639,0.5024963021278381,0.991044776119403,0.008955223880596996,0.9955022488755623,0.00021378036273004931,1.0,0.0,1.0,0.0,0.0,0.0,-0.0,0.00011198461055758916,-0.0367305190734487,-0.04816450548461402,-0.020640674069193572,1
935.png,H1,0.0023792386054992,0.4076299965381622,0.9766536964980544,0.023346303501945553,0.9881889763779528,0.0009742026830341596,0.9992067689053411,0.0007932310946588972,0.9996032270863643,1.843818793727189e-05,0.00011551189588221433,0.00011551189588221433,-0.00011551189588221433,-0.0008261924982071109,-0.022339439452100145,-0.04737127438995512,-0.020525162173311358,0
939.png,H1,0.0010689496994018,0.2631813287734985,0.9128595600676819,0.08714043993231813,0.9544449358690845,0.0011603456227258315,0.9114688128772636,0.08853118712273644,0.9536842105263158,0.006872778304452546,0.0,0.0,-0.0,-0.002136481404304511,0.04145469697827243,0.040366681638122424,-0.020640674069193572,0
942.png,H1,0.0059880018234252,0.7492122650146484,0.9711796246648794,0.028820375335120607,0.9853791227473648,0.00011317061658309181,0.9601895734597157,0.03981042654028433,0.9796905222437138,0.001306965995264832,0.010498678367808267,0.010498678367808267,-0.010498678367808267,0.0027825707197188894,-0.01686536761892509,-0.008354078944329692,-0.010141995701385305,1
943.png,H1,0.0021969079971313,0.4404918551445007,0.9443561208267091,0.055643879173290944,0.9713818479149632,0.0002627018651102217,1.0,0.0,1.0,0.0,0.0,0.0,-0.0,-0.0010085231065750109,0.009958136219245246,-0.04816450548461402,-0.020640674069193572,0
944.png,H1,0.0010689496994018,0.2631813287734985,0.9970845481049563,0.002915451895043719,0.9985401459854014,0.00013981428192407795,0.9984411535463756,0.001558846453624363,0.999219968798752,4.154696887142396e-05,0.0008411270361203815,0.0008411270361203815,-0.0008411270361203815,-0.002136481404304511,-0.04277029105900198,-0.046605659030989656,-0.01979954703307319,0
945.png,H1,0.0033174157142639,0.5024963021278381,1.0,0.0,1.0,0.0,1.0,0.0,1.0,0.0,0.0,0.0,-0.0,0.00011198461055758916,-0.0456857429540457,-0.04816450548461402,-0.020640674069193572,1
954.png,H1,0.0059880018234252,0.7492122650146484,0.975051975051975,0.02494802494802495,0.9873684210526316,0.0011088457734620195,0.9931939718035975,0.006806028196402525,0.9965853658536585,8.907262852359429e-05,-0.001431356177298615,0.001431356177298615,0.001431356177298615,0.0027825707197188894,-0.02073771800602075,-0.041358477288211494,-0.019209317891894957,1
956.png,H1,0.0017967224121093,0.3607437014579773,0.9723404255319149,0.02765957446808509,0.9859762675296656,0.0004035959677847625,0.9830188679245283,0.016981132075471694,0.9914367269267365,0.00046094071969569043,0.0027238481599536346,0.0027238481599536346,-0.0027238481599536346,-0.0014087086915970108,-0.018026168485960607,-0.031183373409142325,-0.017916825909239938,0
958.png,H1,0.0021969079971313,0.4404918551445007,0.9932716568544996,0.006728343145500415,0.9966244725738397,0.00023722063297571265,1.0,0.0,1.0,0.0,0.0,0.0,-0.0,-0.0010085231065750109,-0.03895739980854528,-0.04816450548461402,-0.020640674069193572,0
960.png,H1,0.0033174157142639,0.5024963021278381,0.9984779299847792,0.0015220700152207556,0.9992383853769993,6.185064545321423e-05,1.0,0.0,1.0,0.0,0.0,0.0,-0.0,0.00011198461055758916,-0.04416367293882494,-0.04816450548461402,-0.020640674069193572,1
963.png,H1,0.0059880018234252,0.7492122650146484,0.9621072088724584,0.037892791127541625,0.9806877060763071,0.0013290684014353067,0.881638418079096,0.11836158192090396,0.9370965320522444,0.004648443015687458,-0.052777552133498884,0.052777552133498884,0.052777552133498884,0.0027825707197188894,-0.007792951826504073,0.07019707643628995,0.03213687806430531,1
982.png,H1,0.0013256072998046,0.2911449372768402,0.9928366762177651,0.007163323782234943,0.9964054636951833,7.093312045016965e-05,1.0,0.0,1.0,0.0,0.0,0.0,-0.0,-0.001879823803901711,-0.038522419171810755,-0.04816450548461402,-0.020640674069193572,0
992.png,H1,0.0033174157142639,0.5024963021278381,0.9943235572374646,0.0056764427625354275,0.9971537001897534,6.109102488039767e-05,1.0,0.0,1.0,0.0,0.0,0.0,-0.0,0.00011198461055758916,-0.04000930019151027,-0.04816450548461402,-0.020640674069193572,1
994.png,H1,0.0013256072998046,0.2911449372768402,0.9655581947743468,0.03444180522565321,0.9824773413897281,0.0008002716582730552,0.9814200398142005,0.01857996018579955,0.9906229068988613,0.0007325260199750413,0.00892101521827282,0.00892101521827282,-0.00892101521827282,-0.001879823803901711,-0.011243937728392488,-0.02958454529881447,-0.011719658850920751,0
1004.png,H1,0.0017886161804199,0.3163424432277679,0.9875690607734806,0.012430939226519389,0.9937456567060459,0.0005059955459850037,0.9807604214383875,0.019239578561612514,0.990286771507863,0.00010334684679914038,0.004468294351562929,0.004468294351562929,-0.004468294351562929,-0.0014168149232864108,-0.03325480372752631,-0.028924926923001505,-0.016172379717630643,0
1007.png,H1,0.0059880018234252,0.7492122650146484,0.9696969696969697,0.030303030303030276,0.9846153846153847,0.0012512815085112933,0.9942987457240593,0.005701254275940704,0.9971412235563178,0.00011394393701803345,0.0020642194747365616,0.0020642194747365616,-0.0020642194747365616,0.0027825707197188894,-0.015382712651015422,-0.042463251208673315,-0.01857645459445701,1
1008.png,H1,0.0017967224121093,0.3607437014579773,0.9933396764985728,0.006660323501427201,0.9966587112171837,0.00026090370438633864,1.0,0.0,1.0,0.0,0.0,0.0,-0.0,-0.0014087086915970108,-0.0390254194526185,-0.04816450548461402,-0.020640674069193572,0
1011.png,H1,0.0010689496994018,0.2631813287734985,0.9488330341113106,0.05116696588868941,0.9737448180561953,0.0026575645222621097,0.99869994799792,0.0013000520020800543,0.9993495511903213,1.2509607833845548e-05,-0.0004937107951710207,0.0004937107951710207,0.0004937107951710207,-0.002136481404304511,0.0054812229346437105,-0.046864453482533965,-0.02014696327402255,0
1015.png,H1,0.0017967224121093,0.3607437014579773,0.9967567567567568,0.00324324324324321,0.9983757444504602,0.0001673633466788092,1.0,0.0,1.0,0.0,0.0,0.0,-0.0,-0.0014087086915970108,-0.04244249971080249,-0.04816450548461402,-0.020640674069193572,0
1016.png,H1,0.0059880018234252,0.7492122650146484,0.9722753346080306,0.027724665391969383,0.9859428017450315,0.0013387882886846765,0.9934072520227749,0.0065927479772250885,0.9966927239927841,0.00015687929988792776,0.0032355915065722662,0.0032355915065722662,-0.0032355915065722662,0.0027825707197188894,-0.017961077562076315,-0.04157175750738893,-0.017405082562621306,1
1023.png,H1,0.0066251754760742,0.658785879611969,0.9904013961605584,0.009598603839441555,0.9951775537045155,0.00027245176807255136,1.0,0.0,1.0,0.0,0.0,0.0,-0.0,0.003419744372367889,-0.03608713911460414,-0.04816450548461402,-0.020640674069193572,1
1027.png,H1,0.0022103190422058,0.3964006304740906,0.9887745556594949,0.011225444340505097,0.9943555973659455,0.0003874143752505073,1.0,0.0,1.0,0.0,0.0,0.0,-0.0,-0.0009951120615005107,-0.0344602986135406,-0.04816450548461402,-0.020640674069193572,0
1029.png,H1,0.0019773244857788,0.3227426409721374,0.9947460595446584,0.005253940455341555,0.9973661106233538,0.00018905216976850746,1.0,0.0,1.0,0.0,0.0,0.0,-0.0,-0.0012281066179275109,-0.04043180249870414,-0.04816450548461402,-0.020640674069193572,0
1031.png,H1,0.0013256072998046,0.2911449372768402,0.9879518072289156,0.012048192771084376,0.9939393939393939,0.00040860430770229736,1.0,0.0,1.0,0.0,0.0,0.0,-0.0,-0.001879823803901711,-0.03363755018296132,-0.04816450548461402,-0.020640674069193572,0
1035.png,H1,0.0019773244857788,0.3227426409721374,0.9906904577191621,0.009309542280837912,0.995323460639127,0.00039903572097102,1.0,0.0,1.0,0.0,0.0,0.0,-0.0,-0.0012281066179275109,-0.036376200673207786,-0.04816450548461402,-0.020640674069193572,0
1037.png,H1,0.0017886161804199,0.3163424432277679,0.9875776397515528,0.012422360248447228,0.99375,0.0004513844202021341,1.0,0.0,1.0,0.0,0.0,0.0,-0.0,-0.0014168149232864108,-0.03326338270559847,-0.04816450548461402,-0.020640674069193572,0
1039.png,H1,0.0019582509994506,0.3754900395870209,0.9678756476683937,0.032124352331606265,0.9836756187467088,0.0013353610030278173,1.0,0.0,1.0,0.0,0.0,0.0,-0.0,-0.001247180104255711,-0.013561390622439433,-0.04816450548461402,-0.020640674069193572,0
1040.png,H1,0.0027562379837036,0.4347512423992157,0.9430167597765363,0.05698324022346368,0.9706728004600345,0.0015832839814493142,0.9995719178082192,0.00042808219178080975,0.9997859130807107,1.827241461264935e-05,-0.00020042454469559878,0.00020042454469559878,0.00020042454469559878,-0.00044919312000271097,0.011297497269417985,-0.04773642329283321,-0.020440249524497973,0
1041.png,H1,0.0033479332923889,0.4588534533977508,0.9678819444444444,0.03211805555555558,0.9836788707543008,0.0009904717853464382,0.9946204423191871,0.005379557680812885,0.9973029667365898,0.00014037918811221137,0.0016612660116588351,0.0016612660116588351,-0.0016612660116588351,0.00014250218868258916,-0.013567687398490118,-0.042784947803801134,-0.018979408057534737,1
1047.png,H1,0.0026989579200744,0.4361556768417358,0.9831355402873204,0.01686445971267958,0.991496062992126,0.0011691306756819431,0.8929112964366944,0.10708870356330558,0.9434264543907079,0.006518646767658098,0.03181886540261969,0.03181886540261969,-0.03181886540261969,-0.0005064731836319108,-0.028821283241366118,0.05892419807869156,0.011178191333426117,0
1053.png,H1,0.0013256072998046,0.2911449372768402,0.9828080229226361,0.017191977077363862,0.9913294797687862,0.0006458996539832286,1.0,0.0,1.0,0.0,0.0,0.0,-0.0,-0.001879823803901711,-0.028493765876681836,-0.04816450548461402,-0.020640674069193572,0
1054.png,H1,0.0019773244857788,0.3227426409721374,0.964509394572025,0.035490605427975,0.9819341126461212,0.0016782577876244922,0.9790878311093407,0.020912168890659277,0.989433430612861,0.0009548578059358178,-0.0012854382711344758,0.0012854382711344758,0.0012854382711344758,-0.0012281066179275109,-0.0101951375260707,-0.02725233659395474,-0.019355235798059096,0
1057.png,H1,0.0021969079971313,0.4404918551445007,0.9417910447761194,0.05820895522388059,0.9700230591852421,0.0024450258372741363,0.6676773802304427,0.33232261976955735,0.8007272727272727,0.009998129076484808,-0.2507633279727518,0.2507633279727518,0.2507633279727518,-0.0010085231065750109,0.01252321226983489,0.2841581142849433,0.23012265390355824,0
1060.png,H1,0.0027399063110351,0.4562315940856933,0.9742268041237113,0.02577319587628868,0.9869451697127938,0.0007692018984675087,1.0,0.0,1.0,0.0,0.0,0.0,-0.0,-0.00046552479267121093,-0.01991254707775702,-0.04816450548461402,-0.020640674069193572,0
1061.png,H1,0.0022103190422058,0.3964006304740906,0.9863013698630136,0.013698630136986356,0.993103448275862,0.00048615798549989277,0.9925133689839573,0.007486631016042744,0.9962426194310252,0.00021261454553484274,-0.0011500135591548943,0.0011500135591548943,0.0011500135591548943,-0.0009951120615005107,-0.03198711281705934,-0.040677874468571275,-0.019490660510038678,0
1069.png,H1,0.0013256072998046,0.2911449372768402,0.9724828017510945,0.027517198248905528,0.9860494610019024,0.0014872434937266384,1.0,0.0,1.0,0.0,0.0,0.0,-0.0,-0.001879823803901711,-0.01816854470514017,-0.04816450548461402,-0.020640674069193572,0
1072.png,H1,0.0017886161804199,0.3163424432277679,0.9635922330097088,0.036407766990291246,0.9814585908529048,0.0014354923698651335,0.9952380952380953,0.004761904761904745,0.9976133651551312,0.00026144072588060914,-0.0015742512027162037,0.0015742512027162037,0.0015742512027162037,-0.0014168149232864108,-0.009277975963754452,-0.043402600722709274,-0.01906642286647737,0
1073.png,H1,0.0017730593681335,0.313340425491333,0.9842364532019704,0.015763546798029604,0.9920556107249255,0.0008209616327604492,1.0,0.0,1.0,0.0,0.0,0.0,-0.0,-0.0014323717355728108,-0.029922196156016094,-0.04816450548461402,-0.020640674069193572,0
1074.png,H1,0.0023813843727111,0.4040261805057525,0.9824817518248176,0.017518248175182438,0.9911634756995582,0.0008045652294657964,1.0,0.0,1.0,0.0,0.0,0.0,-0.0,-0.0008240467309952107,-0.02816749477886326,-0.04816450548461402,-0.020640674069193572,0
1078.png,H1,0.0010689496994018,0.2631813287734985,0.9865384615384616,0.013461538461538414,0.9932236205227493,0.0004823796741845866,1.0,0.0,1.0,0.0,0.0,0.0,-0.0,-0.002136481404304511,-0.032224204492507284,-0.04816450548461402,-0.020640674069193572,0
1084.png,H1,0.0017886161804199,0.3163424432277679,0.991044776119403,0.008955223880596996,0.9955022488755623,0.00027935289651527604,0.9588014981273408,0.041198501872659166,0.9789674952198852,0.0009030826552605286,-0.0083559878798177,0.0083559878798177,0.0083559878798177,-0.0014168149232864108,-0.0367305190734487,-0.006966003611954853,-0.012284686189375872,0
1085.png,H1,0.0026989579200744,0.4361556768417358,0.9944664031620554,0.005533596837944632,0.9972255251684503,0.00025672372173109805,1.0,0.0,1.0,0.0,0.0,0.0,-0.0,-0.0005064731836319108,-0.040152146116101066,-0.04816450548461402,-0.020640674069193572,0
1089.png,H1,0.0023792386054992,0.4076299965381622,0.9714867617107943,0.02851323828920571,0.9855371900826446,0.0011211741957780409,1.0,0.0,1.0,0.0,0.0,0.0,-0.0,-0.0008261924982071109,-0.017172504664839987,-0.04816450548461402,-0.020640674069193572,0
1092.png,H1,0.0033174157142639,0.5024963021278381,0.964804896710023,0.03519510328997699,0.9820872274143302,0.001619196549810206,0.9961846623426173,0.0038153376573827336,0.9980886850152905,5.9745456445900904e-05,-0.0005364454115863726,0.0005364454115863726,0.0005364454115863726,0.00011198461055758916,-0.010490639664068706,-0.044349167827231285,-0.0201042286576072,1
1093.png,H1,0.0022103190422058,0.3964006304740906,0.9408740359897172,0.059125964010282805,0.9695364238410596,0.00259707876257116,0.9900055524708495,0.009994447529150463,0.9949776785714286,3.6537667652211053e-06,-0.001311379392246237,0.001311379392246237,0.001311379392246237,-0.0009951120615005107,0.013440221056237107,-0.038170057955463556,-0.019329294676947335,0
1096.png,H1,0.0021969079971313,0.4404918551445007,0.9842931937172775,0.015706806282722474,0.9920844327176781,0.0004945016676221929,1.0,0.0,1.0,0.0,0.0,0.0,-0.0,-0.0010085231065750109,-0.029978936671323224,-0.04816450548461402,-0.020640674069193572,0
1103.png,H1,0.0019773244857788,0.3227426409721374,0.9573604060913705,0.04263959390862948,0.9782157676348547,0.0018682136796183784,0.9480584972264247,0.05194150277357534,0.9733367848822159,0.001769618795565683,0.01877065085133489,0.01877065085133489,-0.01877065085133489,-0.0012281066179275109,-0.0030461490454162174,0.0037769972889613243,-0.001870023217858681,0
1107.png,H1,0.0022103190422058,0.3964006304740906,0.9711129991503823,0.028887000849617706,0.9853448275862069,0.0012850809716887148,0.9702393340270552,0.0297606659729448,0.9848948980669695,0.0016260064519430367,0.009543170488397534,0.009543170488397534,-0.009543170488397534,-0.0009951120615005107,-0.016798742104427992,-0.01840383951166922,-0.011097503580796038,0
1111.png,H1,0.0026989579200744,0.4361556768417358,0.0,1.0,0.0,0.10674250866690511,0.0,1.0,0.0,0.11724102349784667,0.8713924050632912,0.8713924050632912,-0.8713924050632912,-0.0005064731836319108,0.9543142570459543,0.951835494515386,0.8507517309940976,0
1113.png,H1,0.0022103190422058,0.3964006304740906,0.9209157127991675,0.07908428720083249,0.9588299024918743,0.000790628040088847,0.934810533076429,0.06518946692357097,0.9663070539419087,0.002315798651308221,0.019255328969284502,0.019255328969284502,-0.019255328969284502,-0.0009951120615005107,0.033398544246786795,0.017024961438956952,-0.0013853450999090702,0
1114.png,H1,0.0027562379837036,0.4347512423992157,0.9914675767918089,0.008532423208191142,0.9957155098543273,0.0003859970175998172,1.0,0.0,1.0,0.0,0.0,0.0,-0.0,-0.00044919312000271097,-0.037153319745854556,-0.04816450548461402,-0.020640674069193572,0
1118.png,H1,0.0019582509994506,0.3754900395870209,0.9761737911702874,0.023826208829712647,0.9879432624113476,0.0007776376137509587,1.0,0.0,1.0,0.0,0.0,0.0,-0.0,-0.001247180104255711,-0.02185953412433305,-0.04816450548461402,-0.020640674069193572,0
1120.png,H1,0.0026989579200744,0.4361556768417358,0.9841819080573406,0.015818091942659374,0.9920279023418037,0.00046853888397621976,0.9984917043740573,0.0015082956259426794,0.999245283018868,4.960095149009502e-05,-0.00023267653626490858,0.00023267653626490858,0.00023267653626490858,-0.0005064731836319108,-0.029867651011386324,-0.04665620985867134,-0.020407997532928664,0
1123.png,H1,0.0022103190422058,0.3964006304740906,0.9874152952565344,0.012584704743465625,0.9936678032148076,0.0006956947319776768,0.9984423676012462,0.0015576323987538387,0.9992205767731879,6.525770974942902e-05,-0.0004258037044923002,0.0004258037044923002,0.0004258037044923002,-0.0009951120615005107,-0.033101038210580074,-0.04660687308586018,-0.020214870364701272,0
1124.png,H1,0.0019773244857788,0.3227426409721374,0.7131221719457014,0.2868778280542986,0.8325409403063919,0.00982030736950704,0.0005314908317831517,0.9994685091682168,0.0010624169986719787,0.045974838845368925,-0.822174418400389,0.822174418400389,0.822174418400389,-0.0012281066179275109,0.24119208510025292,0.9513040036836028,0.8015337443311954,0
1125.png,H1,0.0026989579200744,0.4361556768417358,0.9643255295429208,0.035674470457079166,0.981838819523269,0.0007265806590737351,0.9926151172893136,0.00738488271068638,0.9962938739917158,0.00016206292164188912,-6.349272059646971e-05,6.349272059646971e-05,6.349272059646971e-05,-0.0005064731836319108,-0.010011272496966532,-0.04077962277392764,-0.020577181348597103,0
1126.png,H1,0.0033174157142639,0.5024963021278381,0.961730449251248,0.038269550748752046,0.9804919423240034,0.0011058918508934812,0.9902837155071901,0.009716284492809923,0.9951181409880883,0.0003787837107704581,0.004695895847178222,0.004695895847178222,-0.004695895847178222,0.00011198461055758916,-0.007416192205293652,-0.038448220991804095,-0.01594477822201535,1
1130.png,H1,0.0010689496994018,0.2631813287734985,0.9891304347826086,0.010869565217391353,0.994535519125683,0.00015203198585989059,1.0,0.0,1.0,0.0,0.0,0.0,-0.0,-0.002136481404304511,-0.034816177736654345,-0.04816450548461402,-0.020640674069193572,0
1134.png,H1,0.0019773244857788,0.3227426409721374,0.9218500797448166,0.07814992025518341,0.9593360995850623,0.00028520077234833226,0.9552614996849401,0.04473850031505988,0.9771189171769256,0.0008543995956178482,0.004122381065571057,0.004122381065571057,-0.004122381065571057,-0.0012281066179275109,0.032464177301137716,-0.0034260051695541374,-0.016518293003622515,0
1137.png,H1,0.0027562379837036,0.4347512423992157,0.9800142755174875,0.019985724482512457,0.9899062725306417,0.0009033037312671197,1.0,0.0,1.0,0.0,0.0,0.0,-0.0,-0.00044919312000271097,-0.02570001847153324,-0.04816450548461402,-0.020640674069193572,0
1138.png,H1,0.0022103190422058,0.3964006304740906,0.9945255474452555,0.005474452554744547,0.9972552607502287,0.00013136045611601664,1.0,0.0,1.0,0.0,0.0,0.0,-0.0,-0.0009951120615005107,-0.04021129039930115,-0.04816450548461402,-0.020640674069193572,0
1140.png,H1,0.0013256072998046,0.2911449372768402,0.9436052366565961,0.056394763343403875,0.9709844559585492,0.002684306443192516,0.9223416965352449,0.07765830346475511,0.9596022374145432,0.002942091207135591,0.020518246948467822,0.020518246948467822,-0.020518246948467822,-0.001879823803901711,0.010709020389358177,0.02949379798014109,-0.00012242712072575018,0
1144.png,H1,0.0013256072998046,0.2911449372768402,0.9910514541387024,0.008948545861297563,0.9955056179775281,0.0003694225790352666,1.0,0.0,1.0,0.0,0.0,0.0,-0.0,-0.001879823803901711,-0.036737197092748135,-0.04816450548461402,-0.020640674069193572,0
1146.png,H1,0.0027562379837036,0.4347512423992157,0.9759036144578314,0.02409638554216864,0.9878048780487805,0.00085594761318749,1.0,0.0,1.0,0.0,0.0,0.0,-0.0,-0.00044919312000271097,-0.021589357411877057,-0.04816450548461402,-0.020640674069193572,0
1148.png,H1,0.0019773244857788,0.3227426409721374,0.968895800933126,0.031104199066874005,0.9842022116903634,0.0009169672074830805,0.9786276715410573,0.021372328458942658,0.9891984081864695,0.0007211674775985294,0.006457592144325952,0.006457592144325952,-0.006457592144325952,-0.0012281066179275109,-0.014581543887171693,-0.02679217702567136,-0.01418308192486762,0
1149.png,H1,0.0019773244857788,0.3227426409721374,0.8635204081632653,0.13647959183673475,0.9267624914442163,0.00534870565747491,0.7343693530899892,0.2656306469100108,0.846843092310898,0.015730262425551388,0.12767248617367322,0.12767248617367322,-0.12767248617367322,-0.0012281066179275109,0.09079384888268904,0.2174661414253968,0.10703181210447965,0
1150.png,H1,0.0017967224121093,0.3607437014579773,0.9884892086330935,0.01151079136690647,0.9942112879884226,0.0003104858358757013,1.0,0.0,1.0,0.0,0.0,0.0,-0.0,-0.0014087086915970108,-0.03417495158713923,-0.04816450548461402,-0.020640674069193572,0
1156.png,H1,0.0026989579200744,0.4361556768417358,0.9487951807228916,0.051204819277108404,0.973724884080371,0.003084967248943337,0.9948174853537629,0.005182514646237091,0.9974020106178696,9.904162552985501e-05,0.0012736652412692617,0.0012736652412692617,-0.0012736652412692617,-0.0005064731836319108,0.005519076323062706,-0.04298199083837693,-0.01936700882792431,0
1160.png,H1,0.0017886161804199,0.3163424432277679,0.9365509761388287,0.06344902386117135,0.9672360683281994,0.003994878148412613,0.9996076892899176,0.0003923107100823886,0.9998038061604866,1.6969536466879498e-05,0.0001880319293924293,0.0001880319293924293,-0.0001880319293924293,-0.0014168149232864108,0.01776328090712565,-0.04777219477453163,-0.020452642139801143,0
1163.png,H1,0.0033174157142639,0.5024963021278381,0.9785407725321889,0.02145922746781115,0.9891540130151844,0.00015146487752094713,0.9761978361669242,0.023802163833075762,0.9879555764117003,0.0010339531594973496,-0.011048078098993663,0.011048078098993663,0.011048078098993663,0.00011198461055758916,-0.02422651548623455,-0.024362341651538257,-0.009592595970199909,1
1165.png,H1,0.0029371380805969,0.4555050730705261,0.9645608628659477,0.035439137134052334,0.9819607843137255,0.00224612048004593,0.9912810194500336,0.008718980549966449,0.9956214213539912,7.103573930620083e-05,0.0017394583950472997,0.0017394583950472997,-0.0017394583950472997,-0.00026829302310941083,-0.010246605819993364,-0.03944552493464757,-0.018901215674146273,0
1169.png,H1,0.0022103190422058,0.3964006304740906,0.9147368421052632,0.08526315789473682,0.9554700384826827,0.0012443130882521818,0.9875072632190587,0.012492736780941316,0.9937143692442625,0.0005393114983231439,0.002615107052669985,0.002615107052669985,-0.002615107052669985,-0.0009951120615005107,0.03957741494069112,-0.0356717687036727,-0.018025567016523587,0
1170.png,H1,0.0019168853759765,0.3270083665847778,0.9960886571056062,0.003911342894393766,0.9980404964075767,0.00011162235634241041,1.0,0.0,1.0,0.0,0.0,0.0,-0.0,-0.0012885457277298108,-0.04177440005965193,-0.04816450548461402,-0.020640674069193572,0
1177.png,H1,0.0017886161804199,0.3163424432277679,0.9771428571428571,0.02285714285714291,0.9884393063583815,0.0008733204420658739,1.0,0.0,1.0,0.0,0.0,0.0,-0.0,-0.0014168149232864108,-0.02282860009690279,-0.04816450548461402,-0.020640674069193572,0
1178.png,H1,0.0017886161804199,0.3163424432277679,0.9331026528258363,0.06689734717416373,0.9653937947494033,0.002766394496422634,0.19492820042774214,0.8050717995722578,0.3262592687292253,0.03301262268957979,-0.6619287737170834,0.6619287737170834,0.6619287737170834,-0.0014168149232864108,0.021211604220118037,0.7569072940876438,0.6412880996478898,0
1179.png,H1,0.0022103190422058,0.3964006304740906,0.9563197026022305,0.04368029739776946,0.9776722090261283,0.0018235409462814616,0.9222164412070759,0.07778355879292409,0.9595344430910814,0.003349154375901213,0.0,0.0,-0.0,-0.0009951120615005107,-0.002005445556276235,0.02961905330831007,-0.020640674069193572,0
1189.png,H1,0.0019582509994506,0.3754900395870209,0.982484076433121,0.017515923566879033,0.9911646586345382,0.000571626487981969,1.0,0.0,1.0,0.0,0.0,0.0,-0.0,-0.001247180104255711,-0.028169819387166666,-0.04816450548461402,-0.020640674069193572,0
1192.png,H1,0.0059880018234252,0.7492122650146484,0.9685430463576159,0.0314569536423841,0.9840201850294366,0.001101664427717941,0.9993722536095417,0.0006277463904582614,0.9996860282574568,2.407486818408176e-05,-0.00030672245475749094,0.00030672245475749094,0.00030672245475749094,0.0027825707197188894,-0.014228789311661598,-0.04753675909415576,-0.02033395161443608,1
1211.png,H1,0.0010689496994018,0.2631813287734985,0.9908602150537634,0.009139784946236573,0.9954091277342695,0.00044343227802698924,1.0,0.0,1.0,0.0,0.0,0.0,-0.0,-0.002136481404304511,-0.036545958007809125,-0.04816450548461402,-0.020640674069193572,0
1223.png,H1,0.0019773244857788,0.3227426409721374,0.984399375975039,0.015600624024960985,0.9921383647798742,0.0005182389483973399,1.0,0.0,1.0,0.0,0.0,0.0,-0.0,-0.0012281066179275109,-0.030085118929084713,-0.04816450548461402,-0.020640674069193572,0
1225.png,H1,0.0023813843727111,0.4040261805057525,0.9983164983164983,0.0016835016835017313,0.9991575400168492,6.547135337009074e-05,1.0,0.0,1.0,0.0,0.0,0.0,-0.0,-0.0008240467309952107,-0.04400224127054397,-0.04816450548461402,-0.020640674069193572,0
1239.png,H1,0.0019168853759765,0.3270083665847778,0.915943600867679,0.08405639913232099,0.9561279365977923,0.005322282431280083,0.9648854961832061,0.03511450381679393,0.9821289821289821,0.0026097832723214072,0.00974197500193208,0.00974197500193208,-0.00974197500193208,-0.0012885457277298108,0.03837065617827529,-0.01305000166782009,-0.010898699067261493,0
1241.png,H1,0.0026989579200744,0.4361556768417358,0.9516552811350499,0.048344718864950065,0.9752288637587506,0.002422804070359112,0.9682504440497336,0.031749555950266406,0.9838691483361535,0.002638062080058214,0.009399627676788258,0.009399627676788258,-0.009399627676788258,-0.0005064731836319108,0.0026589759109043667,-0.016414949534347613,-0.011241046392405314,0
1243.png,H1,0.0022103190422058,0.3964006304740906,0.9983660130718954,0.0016339869281045694,0.9991823385118561,6.476470602586562e-05,1.0,0.0,1.0,0.0,0.0,0.0,-0.0,-0.0009951120615005107,-0.04405175602594113,-0.04816450548461402,-0.020640674069193572,0
1246.png,H1,0.0059880018234252,0.7492122650146484,0.984822934232715,0.015177065767284947,0.9923534409515717,0.0004912913691395185,1.0,0.0,1.0,0.0,0.0,0.0,-0.0,0.0027825707197188894,-0.03050867718676075,-0.04816450548461402,-0.020640674069193572,1
1247.png,H1,0.0019582509994506,0.3754900395870209,0.9932829554995802,0.0067170445004197665,0.9966301600673968,0.0002815796084007809,1.0,0.0,1.0,0.0,0.0,0.0,-0.0,-0.001247180104255711,-0.03896869845362593,-0.04816450548461402,-0.020640674069193572,0
1248.png,H1,0.0017730593681335,0.313340425491333,0.9892367906066536,0.010763209393346407,0.9945892769306444,0.000258405684690805,1.0,0.0,1.0,0.0,0.0,0.0,-0.0,-0.0014323717355728108,-0.03492253356069929,-0.04816450548461402,-0.020640674069193572,0
1249.png,H1,0.0033174157142639,0.5024963021278381,0.9869706840390879,0.013029315960912058,0.9934426229508196,0.00041619926680639606,1.0,0.0,1.0,0.0,0.0,0.0,-0.0,0.00011198461055758916,-0.03265642699313364,-0.04816450548461402,-0.020640674069193572,1
1250.png,H1,0.0017967224121093,0.3607437014579773,0.9983050847457627,0.0016949152542372614,0.9991518235793045,6.440836294515994e-05,1.0,0.0,1.0,0.0,0.0,0.0,-0.0,-0.0014087086915970108,-0.04399082769980844,-0.04816450548461402,-0.020640674069193572,0
1251.png,H1,0.0023792386054992,0.4076299965381622,1.0,0.0,1.0,0.0,1.0,0.0,1.0,0.0,0.0,0.0,-0.0,-0.0008261924982071109,-0.0456857429540457,-0.04816450548461402,-0.020640674069193572,0
1252.png,H1,0.0013256072998046,0.2911449372768402,0.9982608695652174,0.0017391304347825765,0.999129677980853,6.52796035707058e-05,1.0,0.0,1.0,0.0,0.0,0.0,-0.0,-0.001879823803901711,-0.04394661251926312,-0.04816450548461402,-0.020640674069193572,0
1253.png,H1,0.0010689496994018,0.2631813287734985,1.0,0.0,1.0,0.0,1.0,0.0,1.0,0.0,0.0,0.0,-0.0,-0.002136481404304511,-0.0456857429540457,-0.04816450548461402,-0.020640674069193572,0
1254.png,H1,0.0019582509994506,0.3754900395870209,0.9898477157360406,0.010152284263959421,0.9948979591836735,0.00012103419606345146,1.0,0.0,1.0,0.0,0.0,0.0,-0.0,-0.001247180104255711,-0.03553345869008628,-0.04816450548461402,-0.020640674069193572,0
1267.png,H1,0.0019773244857788,0.3227426409721374,0.9732673267326732,0.026732673267326756,0.9864525840441546,0.001162117835263387,1.0,0.0,1.0,0.0,0.0,0.0,-0.0,-0.0012281066179275109,-0.01895306968671894,-0.04816450548461402,-0.020640674069193572,0
1273.png,H1,0.0033174157142639,0.5024963021278381,0.7380952380952381,0.26190476190476186,0.8493150684931506,0.0005251679702885679,0.9315883402736467,0.06841165972635332,0.9645826917154297,0.0006105125437469095,0.0005188273158549528,0.0005188273158549528,-0.0005188273158549528,0.00011198461055758916,0.21621901895071616,0.020247154241739306,-0.02012184675333862,1
1279.png,H1,0.0019168853759765,0.3270083665847778,0.9854932301740812,0.014506769825918808,0.9926936190940088,0.0001901564175133839,1.0,0.0,1.0,0.0,0.0,0.0,-0.0,-0.0012885457277298108,-0.03117897312812689,-0.04816450548461402,-0.020640674069193572,0
1280.png,H1,0.0017967224121093,0.3607437014579773,0.9504373177842566,0.04956268221574345,0.9745889387144993,0.0014847453591379514,1.0,0.0,1.0,0.0,0.0,0.0,-0.0,-0.0014087086915970108,0.0038769392616977497,-0.04816450548461402,-0.020640674069193572,0
1281.png,H1,0.0010689496994018,0.2631813287734985,0.9931714719271624,0.006828528072837625,0.9965740388275599,0.00026190394227808885,1.0,0.0,1.0,0.0,0.0,0.0,-0.0,-0.002136481404304511,-0.03885721488120807,-0.04816450548461402,-0.020640674069193572,0
1282.png,H1,0.0027399063110351,0.4562315940856933,0.9413953488372093,0.05860465116279068,0.9698131288931481,0.0019466468754613703,0.9811735174144964,0.018826482585503568,0.9904973075704783,0.0002913075933151777,0.00911933778325602,0.00911933778325602,-0.00911933778325602,-0.00046552479267121093,0.01291890820874498,-0.02933802289911045,-0.011521336285937551,0
1283.png,H1,0.0017886161804199,0.3163424432277679,0.9617021276595744,0.03829787234042559,0.9804772234273319,0.001708870475828447,0.9931584948688712,0.0068415051311288,0.9965675057208238,1.3194649511592121e-05,0.0034199035864819205,0.0034199035864819205,-0.0034199035864819205,-0.0014168149232864108,-0.007387870613620111,-0.04132300035348522,-0.01722077048271165,0
1293.png,H1,0.0033479332923889,0.4588534533977508,0.9728813559322034,0.027118644067796627,0.9862542955326461,0.0012397613376296808,1.0,0.0,1.0,0.0,0.0,0.0,-0.0,0.00014250218868258916,-0.01856709888624907,-0.04816450548461402,-0.020640674069193572,1
1309.png,H1,0.0026989579200744,0.4361556768417358,0.9896083133493205,0.010391686650679466,0.9947770188830856,0.0005027050123546208,1.0,0.0,1.0,0.0,0.0,0.0,-0.0,-0.0005064731836319108,-0.03529405630336623,-0.04816450548461402,-0.020640674069193572,0
1326.png,H1,0.0013256072998046,0.2911449372768402,0.9951923076923077,0.004807692307692291,0.9975903614457832,0.00019779635391788832,1.0,0.0,1.0,0.0,0.0,0.0,-0.0,-0.001879823803901711,-0.04087805064635341,-0.04816450548461402,-0.020640674069193572,0
1331.png,H1,0.0027562379837036,0.4347512423992157,0.9562913907284768,0.0437086092715232,0.977657413676371,0.00044584529968239066,1.0,0.0,1.0,0.0,0.0,0.0,-0.0,-0.00044919312000271097,-0.001977133682522496,-0.04816450548461402,-0.020640674069193572,0
1333.png,H1,0.0010689496994018,0.2631813287734985,0.9850074962518741,0.014992503748125885,0.9924471299093656,0.0005930309909188184,1.0,0.0,1.0,0.0,0.0,0.0,-0.0,-0.002136481404304511,-0.030693239205919813,-0.04816450548461402,-0.020640674069193572,0
1334.png,H1,0.0027399063110351,0.4562315940856933,0.9897959183673469,0.010204081632653073,0.9948717948717949,0.0004762249279854393,0.9994372537985369,0.0005627462014631268,0.9997185477061638,1.9434204253177215e-05,0.00026580268231291004,0.00026580268231291004,-0.00026580268231291004,-0.00046552479267121093,-0.035481661321392625,-0.04760175928315089,-0.020374871386880662,0
1341.png,H1,0.0017730593681335,0.313340425491333,0.980565371024735,0.019434628975265045,0.9901873327386262,0.0005737755685074348,0.9970466627288836,0.002953337271116352,0.9985211475894705,7.159519239517067e-05,0.0014125551644887935,0.0014125551644887935,-0.0014125551644887935,-0.0014323717355728108,-0.026251113978780653,-0.04521116821349767,-0.01922811890470478,0
1345.png,H1,0.0023792386054992,0.4076299965381622,0.9946695095948828,0.005330490405117239,0.997327632282202,0.00021808158811142657,1.0,0.0,1.0,0.0,0.0,0.0,-0.0,-0.0008261924982071109,-0.04035525254892846,-0.04816450548461402,-0.020640674069193572,0
1346.png,H1,0.0017967224121093,0.3607437014579773,0.9784172661870504,0.021582733812949617,0.9890909090909091,0.00041038504708259974,1.0,0.0,1.0,0.0,0.0,0.0,-0.0,-0.0014087086915970108,-0.02410300914109608,-0.04816450548461402,-0.020640674069193572,0
1353.png,H1,0.0059880018234252,0.7492122650146484,0.9507537688442211,0.04924623115577886,0.9747552807831015,0.0025752524540549443,0.9962934061646508,0.0037065938353492145,0.9981432619955047,6.709631989740954e-05,0.0005728355419986064,0.0005728355419986064,-0.0005728355419986064,0.0027825707197188894,0.0035604882017331654,-0.044457911649264804,-0.020067838527194966,1
1355.png,H1,0.0023792386054992,0.4076299965381622,0.9887387387387387,0.011261261261261257,0.9943374858437146,0.0005384559037278979,0.9957791659631944,0.004220834036805621,0.9978851197022248,0.0001803840324750498,0.002444400609553532,0.002444400609553532,-0.002444400609553532,-0.0008261924982071109,-0.03442448169278444,-0.0439436714478084,-0.01819627345964004,0
1361.png,H1,0.0033479332923889,0.4588534533977508,0.7893639207507821,0.2106360792492179,0.8822843822843823,0.006836016549442271,0.683288409703504,0.316711590296496,0.8118494795836669,0.00565948049872932,0.0269186124311086,0.0269186124311086,-0.0269186124311086,0.00014250218868258916,0.1649503362951722,0.26854708481188194,0.0062779383619150295,1
1364.png,H1,0.0023792386054992,0.4076299965381622,0.9917898193760263,0.008210180623973717,0.9958779884583677,0.0003245710361626931,0.9912587412587412,0.00874125874125875,0.9956101843722563,0.0001663702415507547,0.0020349501518782676,0.0020349501518782676,-0.0020349501518782676,-0.0008261924982071109,-0.03747556233007198,-0.03942324674335527,-0.018605723917315305,0
1365.png,H1,0.0017886161804199,0.3163424432277679,0.994232987312572,0.005767012687427964,0.9971081550028918,0.0003016991507764862,1.0,0.0,1.0,0.0,0.0,0.0,-0.0,-0.0014168149232864108,-0.039918730266617734,-0.04816450548461402,-0.020640674069193572,0
1367.png,H1,0.0033174157142639,0.5024963021278381,0.9829302987197724,0.017069701280227556,0.9913916786226685,0.0007312552747376773,0.9991752577319588,0.0008247422680411898,0.9995874587458746,1.1726225320537015e-05,-0.0004103971918111293,0.0004103971918111293,0.0004103971918111293,0.00011198461055758916,-0.028616041673818142,-0.04733976321657283,-0.020230276877382443,1
1368.png,H1,0.0017886161804199,0.3163424432277679,1.0,0.0,1.0,0.0,1.0,0.0,1.0,0.0,0.0,0.0,-0.0,-0.0014168149232864108,-0.0456857429540457,-0.04816450548461402,-0.020640674069193572,0
1370.png,H1,0.0027562379837036,0.4347512423992157,0.9818481848184818,0.018151815181518205,0.9908409658617818,6.584257854869853e-05,1.0,0.0,1.0,0.0,0.0,0.0,-0.0,-0.00044919312000271097,-0.027533927772527493,-0.04816450548461402,-0.020640674069193572,0
1371.png,H1,0.0017730593681335,0.313340425491333,1.0,0.0,1.0,0.0,1.0,0.0,1.0,0.0,0.0,0.0,-0.0,-0.0014323717355728108,-0.0456857429540457,-0.04816450548461402,-0.020640674069193572,0
1372.png,H1,0.0017730593681335,0.313340425491333,0.9986206896551724,0.0013793103448276334,0.9993098688750862,6.211835459663156e-05,1.0,0.0,1.0,0.0,0.0,0.0,-0.0,-0.0014323717355728108,-0.044306432609218065,-0.04816450548461402,-0.020640674069193572,0
1373.png,H1,0.0019773244857788,0.3227426409721374,1.0,0.0,1.0,0.0,1.0,0.0,1.0,0.0,0.0,0.0,-0.0,-0.0012281066179275109,-0.0456857429540457,-0.04816450548461402,-0.020640674069193572,0
1378.png,H1,0.0010689496994018,0.2631813287734985,0.9668008048289738,0.03319919517102621,0.9831202046035805,0.0001843287193175477,1.0,0.0,1.0,0.0,0.0,0.0,-0.0,-0.002136481404304511,-0.01248654778301949,-0.04816450548461402,-0.020640674069193572,0
1380.png,H1,0.0023813843727111,0.4040261805057525,0.9727361246348588,0.027263875365141188,0.9861796643632774,0.0010978698021551134,0.9416617560400707,0.05833824395992926,0.9699544764795144,0.0020501227778792854,0.013504425108069373,0.013504425108069373,-0.013504425108069373,-0.0008240467309952107,-0.01842186758890451,0.01017373847531524,-0.007136248961124199,0
1381.png,H1,0.0026989579200744,0.4361556768417358,0.9588638589618022,0.04113614103819785,0.979,0.0012039503989048487,0.945,0.05500000000000005,0.9717223650385605,0.0011295588929797512,0.020800698746260005,0.020800698746260005,-0.020800698746260005,-0.0005064731836319108,-0.004549601915847849,0.00683549451538603,0.00016002467706643236,0
1384.png,H1,0.0033479332923889,0.4588534533977508,0.9577338129496403,0.04226618705035967,0.9784106568672485,0.0015510252465560485,0.7713404182379157,0.22865958176208434,0.8709115540932844,0.005708559029787669,0.09957114223671937,0.09957114223671937,-0.09957114223671937,0.00014250218868258916,-0.0034195559036860265,0.18049507627747033,0.0789304681675258,1
1387.png,H1,0.0017730593681335,0.313340425491333,0.997946611909651,0.002053388090349051,0.998972250770812,7.429806142136533e-05,1.0,0.0,1.0,0.0,0.0,0.0,-0.0,-0.0014323717355728108,-0.04363235486369665,-0.04816450548461402,-0.020640674069193572,0
1388.png,H1,0.0023813843727111,0.4040261805057525,0.9945105215004575,0.0054894784995425105,0.9972477064220183,0.00018519603538826233,1.0,0.0,1.0,0.0,0.0,0.0,-0.0,-0.0008240467309952107,-0.04019626445450319,-0.04816450548461402,-0.020640674069193572,0
1397.png,H1,0.0021969079971313,0.4404918551445007,0.9582118561710399,0.04178814382896012,0.9786600496277915,0.0018002843974033063,0.910212654239958,0.08978734576004199,0.9529961517317207,0.0032898964354953018,0.045116482169381356,0.045116482169381356,-0.045116482169381356,-0.0010085231065750109,-0.0038975991250855754,0.04162284027542797,0.024475808100187783,0
1398.png,H1,0.0023792386054992,0.4076299965381622,0.9801876955161627,0.019812304483837306,0.9899947340705635,0.0008457759499358922,1.0,0.0,1.0,0.0,0.0,0.0,-0.0,-0.0008261924982071109,-0.02587343847020839,-0.04816450548461402,-0.020640674069193572,0
1399.png,H1,0.0013256072998046,0.2911449372768402,0.9879032258064516,0.012096774193548376,0.9939148073022313,0.00042687975126063374,0.9913941480206541,0.008605851979345935,0.9956784788245462,0.00033799879168087656,0.004068510341539322,0.004068510341539322,-0.004068510341539322,-0.001879823803901711,-0.03358896876049732,-0.039558653505268083,-0.01657216372765425,0
1401.png,H1,0.0026989579200744,0.4361556768417358,0.974180734856008,0.02581926514399202,0.9869215291750503,0.0005671226519484135,0.9148671096345515,0.08513289036544847,0.9555410973758404,0.004418870511576396,0.02780153877854563,0.02780153877854563,-0.02780153877854563,-0.0005064731836319108,-0.019866477810053677,0.03696838488083445,0.007160864709352059,0
1402.png,H1,0.0023813843727111,0.4040261805057525,0.9753320683111955,0.024667931688804545,0.9875120076849183,0.0005121264988778668,0.9964724486072254,0.0035275513927746083,0.9982331079022726,8.616850213281897e-05,0.0008924532516266792,0.0008924532516266792,-0.0008924532516266792,-0.0008240467309952107,-0.021017811265241153,-0.04463695409183941,-0.019748220817566893,0
1406.png,H1,0.0026989579200744,0.4361556768417358,0.9874476987447699,0.012552301255230103,0.9936842105263158,0.0003527518172781869,1.0,0.0,1.0,0.0,0.0,0.0,-0.0,-0.0005064731836319108,-0.033133441698815595,-0.04816450548461402,-0.020640674069193572,0
1407.png,H1,0.0027562379837036,0.4347512423992157,0.9375,0.0625,0.967741935483871,0.003504538174313,0.9791091840756799,0.020890815924320072,0.9894443337980482,0.0006831689505002165,0.0011194829747934731,0.0011194829747934731,-0.0011194829747934731,-0.00044919312000271097,0.016814257045954302,-0.027273689560293947,-0.0195211910944001,0
1410.png,H1,0.0026989579200744,0.4361556768417358,0.9600985221674877,0.0399014778325123,0.9796431264136718,0.0014172140811033707,0.9977231329690346,0.0022768670309654127,0.9988602689765216,4.063644958544849e-05,0.0010523056932788544,0.0010523056932788544,-0.0010523056932788544,-0.0005064731836319108,-0.005784265121533398,-0.045887638453648606,-0.019588368375914718,0
1411.png,H1,0.0066251754760742,0.658785879611969,0.9643281807372176,0.0356718192627824,0.9818401937046005,0.0009893672854898593,0.9866615853658537,0.013338414634146312,0.993286015729906,0.00020414843647073696,-0.0038334676336287954,0.0038334676336287954,0.0038334676336287954,0.003419744372367889,-0.010013923691263298,-0.03482609085046771,-0.016807206435564777,1
1425.png,H1,0.0026989579200744,0.4361556768417358,0.9752895752895753,0.024710424710424728,0.9874902267396404,0.0007140339480343217,0.9989182172219818,0.001081782778018181,0.9994588158891655,5.38774784544323e-05,0.0005222214025071281,0.0005222214025071281,-0.0005222214025071281,-0.0005064731836319108,-0.02097531824362097,-0.04708272270659584,-0.020118452666686444,0
1426.png,H1,0.0017886161804199,0.3163424432277679,0.9402985074626866,0.05970149253731338,0.9692307692307692,0.0023297127049814377,1.0,0.0,1.0,0.0,0.0,0.0,-0.0,-0.0014168149232864108,0.014015749583267685,-0.04816450548461402,-0.020640674069193572,0
1435.png,H1,0.0017730593681335,0.313340425491333,0.9879584017515052,0.012041598248494823,0.9939427312775331,0.0005522598788317565,1.0,0.0,1.0,0.0,0.0,0.0,-0.0,-0.0014323717355728108,-0.033644144705550875,-0.04816450548461402,-0.020640674069193572,0
1436.png,H1,0.0033174157142639,0.5024963021278381,0.9831994156318481,0.016800584368151905,0.9915285451197053,0.0004972500740225875,1.0,0.0,1.0,0.0,0.0,0.0,-0.0,0.00011198461055758916,-0.028885158585893793,-0.04816450548461402,-0.020640674069193572,1
1437.png,H1,0.0029371380805969,0.4555050730705261,0.9760802469135802,0.023919753086419804,0.9878953533775868,0.0013649307465735583,1.0,0.0,1.0,0.0,0.0,0.0,-0.0,-0.00026829302310941083,-0.021765989867625894,-0.04816450548461402,-0.020640674069193572,0
1442.png,H1,0.0033479332923889,0.4588534533977508,0.9463679565512559,0.05363204344874406,0.9724450645273806,0.002332657560356598,0.9891545476953414,0.01084545230465861,0.99454770755886,0.00037465163880190063,-0.0047731265973490755,0.0047731265973490755,0.0047731265973490755,0.00014250218868258916,0.007946300494698362,-0.03731905317995541,-0.015867547471844497,1
1457.png,H1,0.0019773244857788,0.3227426409721374,0.9359673024523161,0.06403269754768393,0.9669247009148487,0.0025380003131983474,0.9949832775919732,0.0050167224080267525,0.9974853310980721,0.000129926871731254,0.0013130344821984385,0.0013130344821984385,-0.0013130344821984385,-0.0012281066179275109,0.018346954593638228,-0.043147783076587266,-0.019327639586995134,0
1458.png,H1,0.0013256072998046,0.2911449372768402,0.979011509817197,0.02098849018280302,0.9893944577488881,0.0010626677248788557,0.9665653495440729,0.033434650455927084,0.9829984544049459,0.0003954852284005452,0.0007038535984514871,0.0007038535984514871,-0.0007038535984514871,-0.001879823803901711,-0.024697252771242677,-0.014729855028686935,-0.019936820470742085,0
1459.png,H1,0.0010689496994018,0.2631813287734985,0.9905178701677607,0.009482129832239283,0.9952363503114694,0.0004714744886871218,1.0,0.0,1.0,0.0,0.0,0.0,-0.0,-0.002136481404304511,-0.036203613121806415,-0.04816450548461402,-0.020640674069193572,0
1461.png,H1,0.0026989579200744,0.4361556768417358,0.9748566387295986,0.0251433612704014,0.9872682599955327,0.0010232526538827393,1.0,0.0,1.0,0.0,0.0,0.0,-0.0,-0.0005064731836319108,-0.0205423816836443,-0.04816450548461402,-0.020640674069193572,0
1464.png,H1,0.0023813843727111,0.4040261805057525,0.9888751545117429,0.011124845488257096,0.9944064636420137,0.0005273772489482186,1.0,0.0,1.0,0.0,0.0,0.0,-0.0,-0.0008240467309952107,-0.0345608974657886,-0.04816450548461402,-0.020640674069193572,0
1465.png,H1,0.0059880018234252,0.7492122650146484,0.9592286501377411,0.04077134986225894,0.9791901012373453,0.00024067298669187408,0.9968168462291871,0.0031831537708129076,0.9984058859595341,3.111160620452255e-05,0.0008001491981256548,0.0008001491981256548,-0.0008001491981256548,0.0027825707197188894,-0.004914393091786755,-0.04498135171380111,-0.019840524871067917,1
1466.png,H1,0.0019773244857788,0.3227426409721374,0.7918238993710692,0.20817610062893077,0.8838188838188838,0.002509664602338703,0.8699221216585982,0.13007787834140183,0.9304367402071139,0.008907713496336034,0.06608294695754435,0.06608294695754435,-0.06608294695754435,-0.0012281066179275109,0.16249035767488507,0.08191337285678782,0.04544227288835078,0
1472.png,H1,0.0021969079971313,0.4404918551445007,0.9805589307411907,0.019441069258809285,0.9901840490797545,0.0006599735785469927,0.9377615062761506,0.062238493723849375,0.9678812415654521,0.002169202944442341,-0.02509706345485796,0.02509706345485796,0.02509706345485796,-0.0010085231065750109,-0.026244673695236413,0.014073988239235356,0.004456389385664387,0
1477.png,H1,0.0026989579200744,0.4361556768417358,0.980072463768116,0.019927536231884035,0.989935956084172,0.00041189874436672777,0.9991474850809889,0.0008525149190110604,0.9995735607675906,3.780711178670284e-05,0.0,0.0,-0.0,-0.0005064731836319108,-0.025758206722161663,-0.04731199056560296,-0.020640674069193572,0
1480.png,H1,0.0027562379837036,0.4347512423992157,0.8990536277602523,0.10094637223974767,0.946843853820598,0.0038503974437514186,0.990646921278254,0.009353078721745955,0.995301487862177,0.00015247360042834504,0.00371667521481156,0.00371667521481156,-0.00371667521481156,-0.00044919312000271097,0.055260629285701975,-0.03881142676286806,-0.016923998854382012,0
1481.png,H1,0.0019773244857788,0.3227426409721374,0.9596942321056289,0.040305767894371125,0.9794326241134752,0.0013855005002521587,1.0,0.0,1.0,0.0,0.0,0.0,-0.0,-0.0012281066179275109,-0.005379975059674573,-0.04816450548461402,-0.020640674069193572,0
1482.png,H1,0.0029371380805969,0.4555050730705261,0.983789260385005,0.016210739614994973,0.9918283963227783,0.0005885709422161475,1.0,0.0,1.0,0.0,0.0,0.0,-0.0,-0.00026829302310941083,-0.029475003339050725,-0.04816450548461402,-0.020640674069193572,0
1483.png,H1,0.0013256072998046,0.2911449372768402,0.9489216799091941,0.05107832009080593,0.9737914967967385,0.001230849104705609,0.9935064935064936,0.00649350649350644,0.996742671009772,0.0002032085650847544,0.0,0.0,-0.0,-0.001879823803901711,0.005392577136760231,-0.04167099899110758,-0.020640674069193572,0
1484.png,H1,0.0027562379837036,0.4347512423992157,0.9592760180995475,0.040723981900452455,0.9792147806004619,0.0011787921252292422,0.9102137767220903,0.08978622327790975,0.9529967669733898,0.002396930099749405,-0.0282137733545329,0.0282137733545329,0.0282137733545329,-0.00044919312000271097,-0.004961761053593243,0.04162171779329573,0.007573099285339328,0
1485.png,H1,0.0017730593681335,0.313340425491333,0.9829059829059829,0.017094017094017144,0.9913793103448276,0.0005277585395587831,1.0,0.0,1.0,0.0,0.0,0.0,-0.0,-0.0014323717355728108,-0.028591725860028554,-0.04816450548461402,-0.020640674069193572,0
1488.png,H1,0.0023813843727111,0.4040261805057525,0.9334836527621195,0.06651634723788047,0.965597667638484,0.0015899072941742295,0.9326722338204593,0.06732776617954073,0.9651633810423981,0.003492708830652385,0.023960754462625578,0.023960754462625578,-0.023960754462625578,-0.0008240467309952107,0.02083060428383477,0.019163260694926708,0.0033200803934320053,0
1490.png,H1,0.0017886161804199,0.3163424432277679,0.9213051823416507,0.07869481765834929,0.9590409590409591,0.00426177024684016,0.9788695192815636,0.021130480718436373,0.9893219434063001,0.00068944615432092,0.008799640317573965,0.008799640317573965,-0.008799640317573965,-0.0014168149232864108,0.033009074704303594,-0.027034024766177646,-0.011841033751619608,0
1491.png,H1,0.0019168853759765,0.3270083665847778,0.853416149068323,0.14658385093167703,0.920911528150134,0.0011277530767028786,0.8705929487179487,0.12940705128205132,0.9308203041336475,0.0018816695722493422,0.052415580349980895,0.052415580349980895,-0.052415580349980895,-0.0012885457277298108,0.10089810797763132,0.08124254579743731,0.03177490628078732,0
1492.png,H1,0.0027562379837036,0.4347512423992157,0.9683734939759037,0.031626506024096335,0.9839326702371843,0.0005431327623382845,0.9325795644891123,0.06742043551088772,0.9651137594799567,0.0015405626506710104,0.02372055413577584,0.02372055413577584,-0.02372055413577584,-0.00044919312000271097,-0.014059236929949363,0.019255930026273703,0.0030798800665822676,0
1493.png,H1,0.0019582509994506,0.3754900395870209,0.9644670050761421,0.035532994923857864,0.9819121447028424,0.0022688401591611654,0.9636363636363636,0.036363636363636376,0.9814814814814815,0.0006700856050526892,-0.012844660684215747,0.012844660684215747,0.012844660684215747,-0.001247180104255711,-0.010152748030187835,-0.011800869120977643,-0.007796013384977825,0
1495.png,H1,0.0027562379837036,0.4347512423992157,0.9921146953405018,0.007885304659498216,0.9960417416336812,0.0003407243980757374,1.0,0.0,1.0,0.0,0.0,0.0,-0.0,-0.00044919312000271097,-0.03780043829454748,-0.04816450548461402,-0.020640674069193572,0
1496.png,H1,0.0027562379837036,0.4347512423992157,0.9498464687819856,0.05015353121801436,0.9742782152230971,0.00206846277639547,0.831980906921241,0.16801909307875895,0.9082855653986451,0.005831704742862844,-0.022935610858671684,0.022935610858671684,0.022935610858671684,-0.00044919312000271097,0.00446778826396866,0.11985458759414494,0.0022949367894781122,0
1497.png,H1,0.0027562379837036,0.4347512423992157,0.9469480889903024,0.05305191100969764,0.9727512452387929,0.0033213025469270422,0.9980262230367969,0.001973776963203111,0.9990121366073949,4.856330877816165e-05,-0.0003190132172306015,0.0003190132172306015,0.0003190132172306015,-0.00044919312000271097,0.007366168055651941,-0.04619072852141091,-0.02032166085196297,0
1498.png,H1,0.0023813843727111,0.4040261805057525,0.9817927170868347,0.018207282913165312,0.9908127208480565,0.0007873602672480931,0.9755381604696673,0.024461839530332652,0.9876176324913324,0.0006654870268357722,-0.006424186783036412,0.006424186783036412,0.006424186783036412,-0.0008240467309952107,-0.027478460040880386,-0.023702665954281367,-0.01421648728615716,0
1509.png,H1,0.0019582509994506,0.3754900395870209,0.9616055846422339,0.03839441535776611,0.9804270462633452,0.0025292832696193128,0.979662784634104,0.020337215365896055,0.9897269294933708,0.0008777375212036943,-0.008751434919589518,0.008751434919589518,0.008751434919589518,-0.001247180104255711,-0.007291327596279588,-0.027827290118717964,-0.011889239149604054,0
1519.png,H1,0.0019773244857788,0.3227426409721374,0.9814634146341463,0.018536585365853675,0.9906450024618415,0.0007073197429293713,1.0,0.0,1.0,0.0,0.0,0.0,-0.0,-0.0012281066179275109,-0.027149157588192023,-0.04816450548461402,-0.020640674069193572,0
1529.png,H1,0.0019582509994506,0.3754900395870209,0.9736842105263158,0.02631578947368418,0.9866666666666667,0.0008119561709707055,1.0,0.0,1.0,0.0,0.0,0.0,-0.0,-0.001247180104255711,-0.019369953480361517,-0.04816450548461402,-0.020640674069193572,0
1533.png,H1,0.0023813843727111,0.4040261805057525,0.9382321618743344,0.06176783812566555,0.9681318681318681,0.0025355937821835385,0.9364238410596026,0.06357615894039736,0.9671682626538988,0.0011749754268793532,-0.0032565110680340403,0.0032565110680340403,0.0032565110680340403,-0.0008240467309952107,0.016082095171619855,0.015411653455783346,-0.017384163001159532,0
1534.png,H1,0.0066251754760742,0.658785879611969,0.993717277486911,0.006282722513089034,0.9968487394957983,0.00025952780368712424,0.9941383352872216,0.0058616647127783805,0.9970605526161082,0.0001439807343038731,0.0028475931686923195,0.0028475931686923195,-0.0028475931686923195,0.003419744372367889,-0.039403020440956664,-0.04230284077183564,-0.017793080900501253,1
1535.png,H1,0.0033479332923889,0.4588534533977508,0.9552238805970149,0.04477611940298509,0.9770992366412213,0.00180007896978871,0.96,0.040000000000000036,0.9795918367346939,0.0017980282788135084,0.01979642733553688,0.01979642733553688,-0.01979642733553688,0.00014250218868258916,-0.0009096235510606052,-0.008164505484613983,-0.0008442467336566908,1
1536.png,H1,0.0019773244857788,0.3227426409721374,0.9617283950617284,0.03827160493827164,0.9804908747640025,0.001276071969198867,0.9918522542096686,0.008147745790331395,0.9959094627761113,0.0002231006217071496,-0.00026382120992751723,0.00026382120992751723,0.00026382120992751723,-0.0012281066179275109,-0.007414138015774056,-0.04001675969428262,-0.020376852859266055,0
1545.png,H1,0.0019773244857788,0.3227426409721374,0.9777777777777777,0.022222222222222254,0.9887640449438202,0.0012526469206083496,0.9931444241316271,0.006855575868372932,0.9965604219215776,9.641475935620007e-05,0.001723416615941109,0.001723416615941109,-0.001723416615941109,-0.0012281066179275109,-0.023463520731823444,-0.04130892961624109,-0.018917257453252463,0
1546.png,H1,0.0010689496994018,0.2631813287734985,0.9826086956521739,0.017391304347826098,0.9912280701754386,0.0005987422993663175,0.749667994687915,0.250332005312085,0.8569259962049336,0.011672208959540983,0.1309897710171467,0.1309897710171467,-0.1309897710171467,-0.002136481404304511,-0.0282944386062196,0.20216749982747098,0.11034909694795314,0
1547.png,H1,0.0027399063110351,0.4562315940856933,0.925,0.07499999999999996,0.961038961038961,0.001609116578065432,0.9825882352941177,0.01741176470588235,0.9912176596249703,0.0006715224500272299,-0.0035925840508355122,0.0035925840508355122,0.0035925840508355122,-0.00046552479267121093,0.029314257045954258,-0.03075274077873167,-0.01704809001835806,0
1548.png,H1,0.0019582509994506,0.3754900395870209,0.992467043314501,0.007532956685499026,0.996219281663516,0.000286344203166553,0.9821917808219178,0.017808219178082174,0.9910158949550795,0.0005043271210304189,-0.0021905849065070315,0.0021905849065070315,0.0021905849065070315,-0.001247180104255711,-0.03815278626854667,-0.030356286306531845,-0.01845008916268654,0
1551.png,H1,0.0033479332923889,0.4588534533977508,0.9207025013304949,0.07929749866950508,0.9587143252978665,0.0038423864200475976,0.9674479166666666,0.03255208333333337,0.9834546657842489,0.0006828261696648777,0.014414711941657776,0.014414711941657776,-0.014414711941657776,0.00014250218868258916,0.033611755715459386,-0.015612422151280649,-0.006225962127535796,1
1552.png,H1,0.0023792386054992,0.4076299965381622,0.9905498281786942,0.009450171821305808,0.9952524816573155,0.0003619214949761016,1.0,0.0,1.0,0.0,0.0,0.0,-0.0,-0.0008261924982071109,-0.03623557113273989,-0.04816450548461402,-0.020640674069193572,0
1555.png,H1,0.0017967224121093,0.3607437014579773,0.9593596059113301,0.04064039408866993,0.9792583280955374,0.0004931649553032893,0.9967436352871522,0.003256364712847848,0.9983691623424759,0.00022429995312107467,-0.0014621233569541703,0.0014621233569541703,0.0014621233569541703,-0.0014087086915970108,-0.005045348865375769,-0.04490814077176617,-0.019178550712239402,0
1559.png,H1,0.0010689496994018,0.2631813287734985,0.9823008849557522,0.017699115044247815,0.9910714285714286,0.0008193454616073022,0.9766597510373444,0.02334024896265563,0.9881920755707163,0.0007988006794482969,-0.010342101241006207,0.010342101241006207,0.010342101241006207,-0.002136481404304511,-0.027986627909797883,-0.02482425652195839,-0.010298572828187365,0
1560.png,H1,0.0019773244857788,0.3227426409721374,0.9727011494252874,0.027298850574712596,0.9861616897305171,0.0009258752002073935,0.9984771573604061,0.001522842639593902,0.9992379984759969,5.471817558115498e-05,0.000733517746750123,0.000733517746750123,-0.000733517746750123,-0.0012281066179275109,-0.0183868923793331,-0.04664166284502012,-0.01990715632244345,0
1563.png,H1,0.0010689496994018,0.2631813287734985,0.9930167597765364,0.006983240223463638,0.9964961457603364,0.00029255841233819056,1.0,0.0,1.0,0.0,0.0,0.0,-0.0,-0.002136481404304511,-0.03870250273058206,-0.04816450548461402,-0.020640674069193572,0
1564.png,H1,0.0033174157142639,0.5024963021278381,0.9848066298342542,0.015193370165745845,0.9923451635351427,0.0005230148728068307,1.0,0.0,1.0,0.0,0.0,0.0,-0.0,0.00011198461055758916,-0.030492372788299853,-0.04816450548461402,-0.020640674069193572,1
1574.png,H1,0.0059880018234252,0.7492122650146484,0.9869513641755635,0.013048635824436494,0.9934328358208955,0.0005101963816314471,1.0,0.0,1.0,0.0,0.0,0.0,-0.0,0.0027825707197188894,-0.032637107129609204,-0.04816450548461402,-0.020640674069193572,1
1575.png,H1,0.0033174157142639,0.5024963021278381,1.0,0.0,1.0,0.0,1.0,0.0,1.0,0.0,0.0,0.0,-0.0,0.00011198461055758916,-0.0456857429540457,-0.04816450548461402,-0.020640674069193572,1
1577.png,H1,0.0033174157142639,0.5024963021278381,0.9626391096979332,0.037360890302066796,0.980963953017416,0.0016159026353097542,0.9984998499849985,0.001500150015001478,0.999249361957664,5.4239896874378286e-05,0.0004419582850635484,0.0004419582850635484,-0.0004419582850635484,0.00011198461055758916,-0.008324852651978902,-0.04666435546961254,-0.020198715784130024,1
1579.png,H1,0.0010689496994018,0.2631813287734985,0.9940677966101695,0.0059322033898304705,0.9970250743731407,0.0001950754898242115,1.0,0.0,1.0,0.0,0.0,0.0,-0.0,-0.002136481404304511,-0.03975353956421523,-0.04816450548461402,-0.020640674069193572,0
1583.png,H1,0.0019582509994506,0.3754900395870209,0.9931565440547476,0.006843455945252375,0.9965665236051502,0.00028022258040637054,1.0,0.0,1.0,0.0,0.0,0.0,-0.0,-0.001247180104255711,-0.03884228700879332,-0.04816450548461402,-0.020640674069193572,0
1585.png,H1,0.0021969079971313,0.4404918551445007,0.9690721649484536,0.030927835051546393,0.9842931937172775,0.001333193719082496,0.998107364074329,0.0018926359256710157,0.9990527856712306,7.828733729193056e-05,0.00015171710315964315,0.00015171710315964315,-0.00015171710315964315,-0.0010085231065750109,-0.014757907902499305,-0.046271869558943,-0.02048895696603393,0
1587.png,H1,0.0027399063110351,0.4562315940856933,0.9428726877040261,0.0571273122959739,0.9705964715765892,0.001955540021309303,0.9801787796346677,0.019821220365332293,0.9899901864573111,0.0007083287152037697,-0.007412283875698034,0.007412283875698034,0.007412283875698034,-0.00046552479267121093,0.0114415693419282,-0.028343285119281726,-0.013228390193495539,0
1588.png,H1,0.0027562379837036,0.4347512423992157,0.9406910778751933,0.05930892212480665,0.9694392771724688,0.0035145384458388058,0.9931598712446352,0.006840128755364772,0.9965681986407375,0.00019530206159622298,-0.0025831965495589637,0.0025831965495589637,0.0025831965495589637,-0.00044919312000271097,0.013623179170760953,-0.04132437672924925,-0.01805747751963461,0
1590.png,H1,0.0023792386054992,0.4076299965381622,0.9463894967177243,0.05361050328227568,0.9724564362001125,0.0019333974101405933,0.9797652772157022,0.02023472278429783,0.9897792313982011,0.00046167469612724507,0.0042109108751420266,0.0042109108751420266,-0.0042109108751420266,-0.0008261924982071109,0.00792476032822998,-0.027929782700316187,-0.016429763194051546,0
1591.png,H1,0.0033174157142639,0.5024963021278381,0.9936238044633369,0.006376195536663132,0.9968017057569296,0.0002197922283928429,1.0,0.0,1.0,0.0,0.0,0.0,-0.0,0.00011198461055758916,-0.039309547417382566,-0.04816450548461402,-0.020640674069193572,1
1596.png,H1,0.0059880018234252,0.7492122650146484,0.9893617021276596,0.010638297872340385,0.9946524064171123,0.00037392390099516993,1.0,0.0,1.0,0.0,0.0,0.0,-0.0,0.0027825707197188894,-0.03504744508170531,-0.04816450548461402,-0.020640674069193572,1
1600.png,H1,0.0019773244857788,0.3227426409721374,1.0,0.0,1.0,0.0,1.0,0.0,1.0,0.0,0.0,0.0,-0.0,-0.0012281066179275109,-0.0456857429540457,-0.04816450548461402,-0.020640674069193572,0
1601.png,H1,0.0017967224121093,0.3607437014579773,0.9597173144876325,0.040282685512367467,0.9794446447890371,0.0019518655018034427,0.9165359272042674,0.08346407279573265,0.9564505566470203,0.001586342117176811,0.04200255055759494,0.04200255055759494,-0.04200255055759494,-0.0014087086915970108,-0.0054030574416782315,0.03529956731111863,0.02136187648840137,0
1619.png,H1,0.0027562379837036,0.4347512423992157,0.9658738366080661,0.03412616339193386,0.9826407154129405,0.0008292126182104528,1.0,0.0,1.0,0.0,0.0,0.0,-0.0,-0.00044919312000271097,-0.011559579562111837,-0.04816450548461402,-0.020640674069193572,0
1628.png,H1,0.0023792386054992,0.4076299965381622,0.9966666666666667,0.0033333333333332993,0.998330550918197,9.866282111565777e-05,1.0,0.0,1.0,0.0,0.0,0.0,-0.0,-0.0008261924982071109,-0.0423524096207124,-0.04816450548461402,-0.020640674069193572,0
1629.png,H1,0.0010689496994018,0.2631813287734985,0.9725719424460432,0.02742805755395683,0.9860952815135628,0.001094629084594004,0.9988955157941242,0.001104484205875833,0.9994474527572107,9.583174802669135e-06,0.0004962770610903444,0.0004962770610903444,-0.0004962770610903444,-0.002136481404304511,-0.018257685400088867,-0.047060021278738186,-0.020144397008103228,0
1630.png,H1,0.0026989579200744,0.4361556768417358,0.9637305699481865,0.03626943005181349,0.9815303430079155,0.0013199696700921563,0.9992496248124062,0.0007503751875937992,0.9996246715876392,1.2562590764447643e-05,-0.00012337398434714153,0.00012337398434714153,0.00012337398434714153,-0.0005064731836319108,-0.009416312902232209,-0.04741413029702022,-0.02051730008484643,0
1644.png,H1,0.0013256072998046,0.2911449372768402,1.0,0.0,1.0,0.0,1.0,0.0,1.0,0.0,0.0,0.0,-0.0,-0.001879823803901711,-0.0456857429540457,-0.04816450548461402,-0.020640674069193572,0
1645.png,H1,0.0033479332923889,0.4588534533977508,0.9951377633711507,0.004862236628849326,0.9975629569455727,0.00019053643284056604,1.0,0.0,1.0,0.0,0.0,0.0,-0.0,0.00014250218868258916,-0.04082350632519637,-0.04816450548461402,-0.020640674069193572,1
1646.png,H1,0.0059880018234252,0.7492122650146484,0.9902439024390244,0.009756097560975618,0.9950980392156863,0.0002870469110213763,0.9161904761904762,0.08380952380952378,0.9562624254473161,0.002230849030855462,0.01221120263541553,0.01221120263541553,-0.01221120263541553,0.0027825707197188894,-0.03592964539307008,0.03564501832490976,-0.008429471433778042,1
1647.png,H1,0.0021969079971313,0.4404918551445007,0.9919908466819222,0.008009153318077833,0.9959793222286043,0.0003464032885937137,1.0,0.0,1.0,0.0,0.0,0.0,-0.0,-0.0010085231065750109,-0.037676589635967865,-0.04816450548461402,-0.020640674069193572,0
1648.png,H1,0.0019168853759765,0.3270083665847778,0.951974386339381,0.04802561366061897,0.9753963914707491,0.001263567174979582,0.9992022337455125,0.0007977662544874642,0.9996009577015164,3.273882883366144e-05,-0.0003953651531856117,0.0003953651531856117,0.0003953651531856117,-0.0012885457277298108,0.002339870706573273,-0.047366739230126555,-0.02024530891600796,0
1656.png,H1,0.0022103190422058,0.3964006304740906,0.9982668977469671,0.0017331022530329143,0.9991326973113617,6.503112488450846e-05,1.0,0.0,1.0,0.0,0.0,0.0,-0.0,-0.0009951120615005107,-0.043952640701012784,-0.04816450548461402,-0.020640674069193572,0
1657.png,H1,0.0017886161804199,0.3163424432277679,0.9867768595041322,0.013223140495867813,0.9933444259567388,0.0003457563339280024,1.0,0.0,1.0,0.0,0.0,0.0,-0.0,-0.0014168149232864108,-0.032462602458177885,-0.04816450548461402,-0.020640674069193572,0
1665.png,H1,0.0013256072998046,0.2911449372768402,0.91320293398533,0.08679706601466997,0.954632587859425,0.003585529519173699,0.7434108527131783,0.2565891472868217,0.8528234771009338,0.008482661915836137,-0.1195176326156171,0.1195176326156171,0.1195176326156171,-0.001879823803901711,0.04111132306062427,0.20842464180220768,0.09887695854642353,0
1666.png,H1,0.0019582509994506,0.3754900395870209,0.9765886287625418,0.02341137123745818,0.988155668358714,0.00031521813793279033,0.7105263157894737,0.2894736842105263,0.8307692307692308,0.009538930616657016,0.15044746001516407,0.15044746001516407,-0.15044746001516407,-0.001247180104255711,-0.02227437171658752,0.24130917872591232,0.1298067859459705,0
1678.png,H1,0.0019582509994506,0.3754900395870209,0.9962299717247879,0.0037700282752121117,0.9981114258734656,0.00019710131091610255,1.0,0.0,1.0,0.0,0.0,0.0,-0.0,-0.001247180104255711,-0.041915714678833586,-0.04816450548461402,-0.020640674069193572,0
1684.png,H1,0.0010689496994018,0.2631813287734985,0.9796806966618288,0.020319303338171224,0.9897360703812317,0.0006904297787337655,0.9487677081311857,0.051232291868814284,0.9737104162517427,0.002340374902132805,-0.016567609850166587,0.016567609850166587,0.016567609850166587,-0.002136481404304511,-0.025366439615874474,0.0030677863842002648,-0.004073064219026985,0
1685.png,H1,0.0027562379837036,0.4347512423992157,0.9040983606557377,0.09590163934426232,0.949634093844167,0.004214572362341418,0.7667806755023514,0.2332193244976486,0.8679975801572898,0.015351981649252954,0.12570514441409575,0.12570514441409575,-0.12570514441409575,-0.00044919312000271097,0.050215896390216626,0.18505481901303458,0.10506447034490218,0
1686.png,H1,0.0019582509994506,0.3754900395870209,0.9682403433476395,0.03175965665236047,0.9838639337112952,0.0011831387840385535,1.0,0.0,1.0,0.0,0.0,0.0,-0.0,-0.001247180104255711,-0.01392608630168523,-0.04816450548461402,-0.020640674069193572,0
1689.png,H1,0.0026989579200744,0.4361556768417358,0.9306226897924368,0.06937731020756321,0.9640648011782033,0.0032708408780551166,0.9904534606205251,0.009546539379474916,0.9952038369304557,0.00032461018208238256,0.0,0.0,-0.0,-0.0005064731836319108,0.023691567253517516,-0.0386179661051391,-0.020640674069193572,0
1696.png,H1,0.0027399063110351,0.4562315940856933,0.9910233393177738,0.008976660682226245,0.9954914337240758,0.00043720609792901515,0.9959798994974874,0.004020100502512558,0.9979859013091642,7.113905772989286e-05,-0.0017742144586979647,0.0017742144586979647,0.0017742144586979647,-0.00046552479267121093,-0.03670908227181945,-0.04414440498210146,-0.018866459610495608,0
1706.png,H1,0.0027399063110351,0.4562315940856933,0.9889570552147239,0.011042944785276121,0.9944478716841456,0.00048431784661960966,1.0,0.0,1.0,0.0,0.0,0.0,-0.0,-0.00046552479267121093,-0.03464279816876958,-0.04816450548461402,-0.020640674069193572,0
1715.png,H1,0.0066251754760742,0.658785879611969,0.9834437086092715,0.01655629139072845,0.991652754590985,0.0005263241657054159,1.0,0.0,1.0,0.0,0.0,0.0,-0.0,0.003419744372367889,-0.029129451563317248,-0.04816450548461402,-0.020640674069193572,1
1716.png,H1,0.0023813843727111,0.4040261805057525,0.9832026875699889,0.016797312430011146,0.9915302089215132,0.0003570320933434094,1.0,0.0,1.0,0.0,0.0,0.0,-0.0,-0.0008240467309952107,-0.02888843052403455,-0.04816450548461402,-0.020640674069193572,0
1718.png,H1,0.0066251754760742,0.658785879611969,0.8049113233287858,0.1950886766712142,0.891912320483749,0.002084103538160077,0.971211298207496,0.028788701792504034,0.9853954257371177,0.0009102805362368829,-0.010905891074571294,0.010905891074571294,0.010905891074571294,0.003419744372367889,0.1494029337171685,-0.019375803692109984,-0.009734782994622278,1
1727.png,H1,0.0033174157142639,0.5024963021278381,0.963903743315508,0.03609625668449201,0.9816201497617427,0.0009085468352046742,0.9993364299933643,0.0006635700066357497,0.9996681048788583,2.5837492859788138e-05,8.306942690006203e-05,8.306942690006203e-05,-8.306942690006203e-05,0.00011198461055758916,-0.009589486269553686,-0.04750093547797827,-0.02055760464229351,1
1728.png,H1,0.0023813843727111,0.4040261805057525,0.9818569903948773,0.018143009605122717,0.9908454496499731,0.0005741438465865544,0.9793166644848802,0.020683335515119805,0.9895502645502645,0.0012998671631955917,-0.010170290858015685,0.010170290858015685,0.010170290858015685,-0.0008240467309952107,-0.02754273334892298,-0.027481169969494214,-0.010470383211177887,0
1729.png,H1,0.0033479332923889,0.4588534533977508,0.9342701722574795,0.06572982774252045,0.9660182798218889,0.0022481832496792755,0.9566473988439307,0.043352601156069315,0.9778434268833087,0.003191838480184419,0.02058287681303561,0.02058287681303561,-0.02058287681303561,0.00014250218868258916,0.020044084788474754,-0.004811904328544704,-5.779725615796122e-05,1
1730.png,H1,0.0027562379837036,0.4347512423992157,0.9662626924336718,0.0337373075663282,0.9828419123771448,0.0014227018914461634,0.9687952243125905,0.031204775687409536,0.9841503192906693,0.0029242135659915923,-0.011182249963866409,0.011182249963866409,0.011182249963866409,-0.00044919312000271097,-0.011948435387717497,-0.016959729797204483,-0.009458424105327164,0
1734.png,H1,0.0017886161804199,0.3163424432277679,0.974706413730804,0.025293586269195978,0.9871912168344007,0.0010847945111971513,0.991487097632349,0.00851290236765101,0.9957253539941223,0.00028210361908984603,-0.0024610776302147475,0.0024610776302147475,0.0024610776302147475,-0.0014168149232864108,-0.02039215668484972,-0.03965160311696301,-0.018179596438978825,0
1735.png,H1,0.0019168853759765,0.3270083665847778,0.9837786259541985,0.016221374045801484,0.9918229918229918,0.00039898565724995745,1.0,0.0,1.0,0.0,0.0,0.0,-0.0,-0.0012885457277298108,-0.029464368908244214,-0.04816450548461402,-0.020640674069193572,0
1736.png,H1,0.0019582509994506,0.3754900395870209,0.9874476987447699,0.012552301255230103,0.9936842105263158,0.00045458278219521434,1.0,0.0,1.0,0.0,0.0,0.0,-0.0,-0.001247180104255711,-0.033133441698815595,-0.04816450548461402,-0.020640674069193572,0
1740.png,H1,0.0027562379837036,0.4347512423992157,0.9934533551554828,0.006546644844517169,0.9967159277504105,0.00018873130905079668,1.0,0.0,1.0,0.0,0.0,0.0,-0.0,-0.00044919312000271097,-0.03913909810952853,-0.04816450548461402,-0.020640674069193572,0
1744.png,H1,0.0021969079971313,0.4404918551445007,0.8770270270270271,0.12297297297297294,0.9344852411807055,0.00514295305310412,0.6616573636753972,0.3383426363246028,0.7963824289405684,0.012612642282002533,-0.006303961016588144,0.006303961016588144,0.006303961016588144,-0.0010085231065750109,0.07728723001892723,0.2901781308399888,-0.014336713052605428,0
1746.png,H1,0.0059880018234252,0.7492122650146484,0.9326923076923077,0.06730769230769229,0.9651741293532339,0.0026386696354590714,0.9461077844311377,0.053892215568862256,0.9723076923076923,0.0010381688080427559,0.026090482964195028,0.026090482964195028,-0.026090482964195028,0.0027825707197188894,0.021621949353646593,0.005727710084248237,0.005449808895001455,1
1752.png,H1,0.0019773244857788,0.3227426409721374,1.0,0.0,1.0,0.0,1.0,0.0,1.0,0.0,0.0,0.0,-0.0,-0.0012281066179275109,-0.0456857429540457,-0.04816450548461402,-0.020640674069193572,0
1769.png,H1,0.0019773244857788,0.3227426409721374,0.9865985960433951,0.01340140395660494,0.9932540957275939,0.0005801717922881567,0.9976476738107685,0.002352326189231535,0.9988224519167866,4.6739920513279304e-05,-0.00043226425041587024,0.00043226425041587024,0.00043226425041587024,-0.0012281066179275109,-0.03228433899744076,-0.045812179295382484,-0.020208409818777702,0
1771.png,H1,0.0017730593681335,0.313340425491333,1.0,0.0,1.0,0.0,1.0,0.0,1.0,0.0,0.0,0.0,-0.0,-0.0014323717355728108,-0.0456857429540457,-0.04816450548461402,-0.020640674069193572,0
1773.png,H1,0.0026989579200744,0.4361556768417358,0.997289972899729,0.0027100271002710175,0.9986431478968792,0.00012934939826817363,0.9969545957918051,0.0030454042081948796,0.9984749757382504,0.00011868766970035978,-0.0007481835615700261,0.0007481835615700261,0.0007481835615700261,-0.0005064731836319108,-0.04297571585377468,-0.04511910127641914,-0.019892490507623546,0
1774.png,H1,0.0022103190422058,0.3964006304740906,0.959332638164755,0.040667361835245,0.9792442788717403,0.001218413119527817,0.9842144825858181,0.015785517414181882,0.9920444500568254,0.0005634442890378856,-0.0045633584563591345,0.0045633584563591345,0.0045633584563591345,-0.0009951120615005107,-0.005018381118800701,-0.03237898807043214,-0.016077315612834438,0
1776.png,H1,0.0027562379837036,0.4347512423992157,0.9011479591836735,0.09885204081632648,0.9480040254948005,0.005966985050616734,0.978618772717554,0.021381227282445958,0.9891938621136805,0.0013979607534622272,4.33115115500008e-06,4.33115115500008e-06,-4.33115115500008e-06,-0.00044919312000271097,0.05316629786228078,-0.02678327820216806,-0.02063634291803857,0
1789.png,H1,0.0021969079971313,0.4404918551445007,0.9417613636363636,0.058238636363636354,0.9700073152889539,6.59322970528937e-05,1.0,0.0,1.0,0.0,0.0,0.0,-0.0,-0.0010085231065750109,0.012552893409590656,-0.04816450548461402,-0.020640674069193572,0
1796.png,H1,0.0013256072998046,0.2911449372768402,0.9500601684717208,0.04993983152827919,0.9743906201789572,0.002908248955033241,0.9770846594525779,0.02291534054742206,0.9884095299420477,0.0002912136172592858,-0.00736561215844711,0.00736561215844711,0.00736561215844711,-0.001879823803901711,0.00425408857423349,-0.02524916493719196,-0.013275061910746462,0
1798.png,H1,0.0017886161804199,0.3163424432277679,0.9640387275242047,0.03596127247579528,0.9816901408450704,0.0009119135568302911,0.9977487618190004,0.002251238180999593,0.9988731124633762,9.150069860526297e-06,0.001107294805719361,0.001107294805719361,-0.001107294805719361,-0.0014168149232864108,-0.009724470478250417,-0.045913267303614426,-0.01953337926347421,0
1807.png,H1,0.0029371380805969,0.4555050730705261,0.9917525773195877,0.008247422680412342,0.9958592132505176,0.0003845497001805359,1.0,0.0,1.0,0.0,0.0,0.0,-0.0,-0.00026829302310941083,-0.037438320273633356,-0.04816450548461402,-0.020640674069193572,0
1816.png,H1,0.0017730593681335,0.313340425491333,0.956973293768546,0.04302670623145399,0.978013646702047,8.22119870202639e-05,1.0,0.0,1.0,0.0,0.0,0.0,-0.0,-0.0014323717355728108,-0.0026590367225917053,-0.04816450548461402,-0.020640674069193572,0
1824.png,H1,0.0017730593681335,0.313340425491333,0.9669093315684977,0.033090668431502324,0.9831763122476447,0.0016435931727924054,0.9962473195139385,0.003752680486061477,0.998120132485901,0.00021091778755180955,0.0013302178531390263,0.0013302178531390263,-0.0013302178531390263,-0.0014323717355728108,-0.012595074522543374,-0.04441182499855254,-0.019310456216054546,0
1825.png,H1,0.0033174157142639,0.5024963021278381,0.9805699481865285,0.01943005181347146,0.9901896664486592,0.0009489712209259911,0.912919749573136,0.08708025042686396,0.9544778339779827,0.003901731952261093,-0.03882187756042699,0.03882187756042699,0.03882187756042699,0.00011198461055758916,-0.026255691140574237,0.03891574494224994,0.018181203491233415,1
1826.png,H1,0.0017730593681335,0.313340425491333,0.9840255591054313,0.015974440894568676,0.9919484702093397,0.0006572411755139971,1.0,0.0,1.0,0.0,0.0,0.0,-0.0,-0.0014323717355728108,-0.029711302059477022,-0.04816450548461402,-0.020640674069193572,0
1827.png,H1,0.0033174157142639,0.5024963021278381,0.8463316002310803,0.15366839976891966,0.9167709637046307,0.012465798936384422,0.8367019570099454,0.16329804299005457,0.9110917030567686,0.011460802603574516,-0.08197933501230725,0.08197933501230725,0.08197933501230725,0.00011198461055758916,0.10798265681487396,0.11513353750544056,0.06133866094311368,1
1829.png,H1,0.0019582509994506,0.3754900395870209,0.9756944444444444,0.02430555555555558,0.9876977152899824,0.0011445714110304914,0.998705222270177,0.0012947777298230045,0.9993521917512417,3.7809232102389585e-05,0.00011326598543415223,0.00011326598543415223,-0.00011326598543415223,-0.001247180104255711,-0.021380187398490118,-0.046869727754791014,-0.02052740808375942,0
1834.png,H1,0.0026989579200744,0.4361556768417358,0.961941008563273,0.038058991436726974,0.9806013579049466,0.0017770761651884383,0.9993718592964824,0.0006281407035175768,0.9996858309770656,2.7866575335137957e-05,0.0003112061511210129,0.0003112061511210129,-0.0003112061511210129,-0.0005064731836319108,-0.007626751517318724,-0.04753636478109644,-0.02032946791807256,0
1835.png,H1,0.0033174157142639,0.5024963021278381,0.9935794542536116,0.006420545746388395,0.9967793880837359,9.323647566395755e-05,1.0,0.0,1.0,0.0,0.0,0.0,-0.0,0.00011198461055758916,-0.0392651972076573,-0.04816450548461402,-0.020640674069193572,1
1843.png,H1,0.0056501626968383,0.5001981258392334,1.0,0.0,1.0,0.0,1.0,0.0,1.0,0.0,0.0,0.0,-0.0,0.002444731593131989,-0.0456857429540457,-0.04816450548461402,-0.020640674069193572,1
1847.png,H1,0.0068302154541015,0.6304459571838379,0.921161825726141,0.07883817427385897,0.958963282937365,0.002661177870173966,0.9817997977755308,0.018200202224469164,0.9908163265306122,0.0003234383175874312,-0.008306156386143626,0.008306156386143626,0.008306156386143626,0.0036247843503951892,0.033152431319813276,-0.029964303260144855,-0.012334517683049946,1
1852.png,H1,0.0016189813613891,0.2939074039459228,1.0,0.0,1.0,0.0,1.0,0.0,1.0,0.0,0.0,0.0,-0.0,-0.0015864497423172107,-0.0456857429540457,-0.04816450548461402,-0.020640674069193572,0
1853.png,H1,0.0114455819129943,0.8069457411766052,0.6589861751152074,0.3410138248847926,0.7944444444444444,0.02093215101018466,0.4103992571959146,0.5896007428040855,0.5819618169848585,0.025037294298696847,-0.11386473893175009,0.11386473893175009,0.11386473893175009,0.008240150809287989,0.2953280819307469,0.5414362373194714,0.09322406486255652,2
1858.png,H1,0.0036389827728271,0.4204681515693664,0.9478303266699171,0.05216967333008293,0.9732165206508135,0.0018388873944024597,0.881699003670687,0.11830099632931301,0.9371307546538847,0.0068911980804913005,-0.0145187444748337,0.0145187444748337,0.0145187444748337,0.00043355166912078906,0.006483930376037235,0.070136490844699,-0.006121929594359872,1
1863.png,H1,0.0114455819129943,0.8069457411766052,0.9497681607418856,0.050231839258114364,0.9742370194213238,0.002235787782826342,0.9502450056539766,0.04975499434602337,0.9744878237340548,0.0017306436639337743,0.017144188765028656,0.017144188765028656,-0.017144188765028656,0.008240150809287989,0.0045460963040686656,0.0015904888614093546,-0.003496485304164916,2
1869.png,H1,0.0032424926757812,0.4489583373069763,0.9853747714808044,0.014625228519195566,0.992633517495396,0.0004354430186408505,0.9763975155279503,0.023602484472049712,0.9880578252671276,0.0011957345654655307,-0.006913444342956598,0.006913444342956598,0.006913444342956598,3.706157207488932e-05,-0.031060514434850132,-0.024562021012564307,-0.013727229726236974,0
1879.png,H1,0.0033844709396362,0.452750027179718,0.983249581239531,0.01675041876046901,0.9915540540540541,0.0001990844832940251,1.0,0.0,1.0,0.0,0.0,0.0,-0.0,0.0001790398359298893,-0.028935324193576688,-0.04816450548461402,-0.020640674069193572,1
1880.png,H1,0.0036389827728271,0.4204681515693664,0.9982993197278912,0.00170068027210879,0.9991489361702127,6.285195058993072e-05,1.0,0.0,1.0,0.0,0.0,0.0,-0.0,0.00043355166912078906,-0.04398506268193691,-0.04816450548461402,-0.020640674069193572,1
1882.png,H1,0.0021952986717224,0.3097307384014129,0.9934994582881906,0.00650054171180936,0.9967391304347826,0.000221717552242619,1.0,0.0,1.0,0.0,0.0,0.0,-0.0,-0.0010101324319839108,-0.03918520124223634,-0.04816450548461402,-0.020640674069193572,0
1886.png,H1,0.0016189813613891,0.2939074039459228,0.9777158774373259,0.02228412256267409,0.9887323943661972,0.00031280109788063586,1.0,0.0,1.0,0.0,0.0,0.0,-0.0,-0.0015864497423172107,-0.023401620391371607,-0.04816450548461402,-0.020640674069193572,0
1890.png,H1,0.0021525621414184,0.3671199083328247,0.8835530445699937,0.11644695543000627,0.9381769705049159,0.00534383029074517,0.9329364925978896,0.06706350740211042,0.9653048573199752,0.0034912105011517614,0.014170076404960985,0.014170076404960985,-0.014170076404960985,-0.001052868962287911,0.07076121247596057,0.018899001917496404,-0.006470597664232587,0
1894.png,H1,0.0037575960159301,0.5122106671333313,0.8152466367713005,0.1847533632286995,0.8982213438735178,0.007609901970140897,0.18217609162491052,0.8178239083750894,0.3082046624280957,0.04096789522325806,0.5505421476040574,0.5505421476040574,-0.5505421476040574,0.0005521649122237891,0.1390676202746538,0.7696594028904754,0.5299014735348638,1
1900.png,H1,0.0021952986717224,0.3097307384014129,0.8887876025524157,0.11121239744758427,0.9411196911196911,0.0047541870157458525,0.9382842509603073,0.06171574903969268,0.9681595983617387,0.0032937771235293976,-0.024777585534357938,0.024777585534357938,0.024777585534357938,-0.0010101324319839108,0.06552665449353856,0.013551243555078661,0.004136911465164365,0
1901.png,H1,0.0033844709396362,0.452750027179718,0.9642392717815345,0.03576072821846554,0.9817941079112876,0.0017808598081706824,0.990707789640174,0.00929221035982597,0.9953322077664117,0.0004165154470209638,-0.0023374600914909394,0.0023374600914909394,0.0023374600914909394,0.0001790398359298893,-0.009925014735580155,-0.03887229512478805,-0.018303213977702633,1
1902.png,H1,0.0068302154541015,0.6304459571838379,0.8308270676691729,0.16917293233082709,0.9075975359342916,0.011981313964995126,0.8496160028576532,0.15038399714234685,0.9186944766319042,0.0072630212397276255,-0.07539032032186,0.07539032032186,0.07539032032186,0.0036247843503951892,0.12348718937678138,0.10221949165773284,0.05474964625266642,1
1910.png,H1,0.0015469193458557,0.3541925549507141,0.9632446134347274,0.03675538656527255,0.9812782440284055,0.0011590051634481665,0.9987714987714987,0.0012285012285012664,0.9993853718500307,1.3992969349546326e-05,-0.0006173482738471847,0.0006173482738471847,0.0006173482738471847,-0.0016585117578506107,-0.008930356388773146,-0.04693600425611275,-0.020023325795346388,0
1911.png,H1,0.0015468597412109,0.2861835658550262,1.0,0.0,1.0,0.0,1.0,0.0,1.0,0.0,0.0,0.0,-0.0,-0.0016585713624954108,-0.0456857429540457,-0.04816450548461402,-0.020640674069193572,0
1917.png,H1,0.0021952986717224,0.3097307384014129,0.9812680115273775,0.018731988472622474,0.9905454545454545,0.000732671553893468,1.0,0.0,1.0,0.0,0.0,0.0,-0.0,-0.0010101324319839108,-0.026953754481423224,-0.04816450548461402,-0.020640674069193572,0
1933.png,H1,0.0110187530517578,0.7957764863967896,0.5565454095520911,0.4434545904479089,0.7151033386327504,0.04532874829499565,0.2770239159286043,0.7229760840713957,0.433858618422448,0.07396120856010144,0.033086989693059676,0.033086989693059676,-0.033086989693059676,0.00781332194805149,0.3977688474938632,0.6748115785867816,0.012446315623866104,2
1941.png,H1,0.0029966831207275,0.4376173317432403,0.9725274725274725,0.027472527472527486,0.9860724233983287,0.0014097442634497111,1.0,0.0,1.0,0.0,0.0,0.0,-0.0,-0.00020874798297881077,-0.018213215481518212,-0.04816450548461402,-0.020640674069193572,0
1949.png,H1,0.0029448866844177,0.4557614028453827,0.948394495412844,0.05160550458715596,0.9735138316656857,0.0030865119114994993,0.9715291106845809,0.02847088931541908,0.9855589810157391,0.001786932638852202,0.012553751298406413,0.012553751298406413,-0.012553751298406413,-0.0002605444192886109,0.005919761633110261,-0.01969361616919494,-0.00808692277078716,0
1950.png,H1,0.0015840530395507,0.3081599473953247,0.9966887417218543,0.0033112582781457123,0.9983416252072969,0.0001251365580736426,1.0,0.0,1.0,0.0,0.0,0.0,-0.0,-0.0016213780641556109,-0.042374484675899986,-0.04816450548461402,-0.020640674069193572,0
1951.png,H1,0.0015840530395507,0.3081599473953247,0.9846860643185299,0.015313935681470103,0.9922839506172839,0.00012857652603065635,1.0,0.0,1.0,0.0,0.0,0.0,-0.0,-0.0016213780641556109,-0.030371807272575595,-0.04816450548461402,-0.020640674069193572,0
1955.png,H1,0.0032315254211425,0.4727573096752167,0.9544198895027625,0.045580110497237536,0.976678445229682,0.00018783006012953172,1.0,0.0,1.0,0.0,0.0,0.0,-0.0,2.6094317436189257e-05,-0.00010563245680816208,-0.04816450548461402,-0.020640674069193572,0
1957.png,H1,0.0032424926757812,0.4489583373069763,0.9879396984924623,0.012060301507537674,0.993933265925177,0.0005255915806479018,1.0,0.0,1.0,0.0,0.0,0.0,-0.0,3.706157207488932e-05,-0.033625441446508024,-0.04816450548461402,-0.020640674069193572,0
1978.png,H1,0.0037575960159301,0.5122106671333313,0.0,1.0,0.0,0.10979274203773355,0.0,1.0,0.0,0.10672502386519518,-0.3877263087772147,0.3877263087772147,0.3877263087772147,0.0005521649122237891,0.9543142570459543,0.951835494515386,0.36708563470802114,1
1981.png,H1,0.0036389827728271,0.4204681515693664,0.985,0.015000000000000013,0.9924433249370277,0.00040625668836209006,1.0,0.0,1.0,0.0,0.0,0.0,-0.0,0.00043355166912078906,-0.030685742954045685,-0.04816450548461402,-0.020640674069193572,1
1984.png,H1,0.0021952986717224,0.3097307384014129,0.9843444227005871,0.015655577299412915,0.9921104536489151,0.0006559088302452832,0.9163987138263665,0.0836012861736335,0.9563758389261745,0.002096216557675993,0.03134392791495766,0.03134392791495766,-0.03134392791495766,-0.0010101324319839108,-0.030030165654632783,0.035436780689019474,0.010703253845764087,0
1986.png,H1,0.0110187530517578,0.7957764863967896,0.9943661971830986,0.005633802816901401,0.9971751412429378,0.00013437314203004953,1.0,0.0,1.0,0.0,0.0,0.0,-0.0,0.00781332194805149,-0.0400519401371443,-0.04816450548461402,-0.020640674069193572,2
1988.png,H1,0.0026634931564331,0.3828250467777252,0.9983525535420099,0.0016474464579900872,0.9991755976916735,6.213780529931306e-05,1.0,0.0,1.0,0.0,0.0,0.0,-0.0,-0.000541937947273211,-0.04403829649605561,-0.04816450548461402,-0.020640674069193572,0
2002.png,H1,0.0015468597412109,0.2861835658550262,0.991747936984246,0.008252063015753985,0.9958568738229755,0.00030494412331173346,1.0,0.0,1.0,0.0,0.0,0.0,-0.0,-0.0016585713624954108,-0.03743367993829171,-0.04816450548461402,-0.020640674069193572,0
2003.png,H1,0.0056501626968383,0.5001981258392334,0.98,0.020000000000000018,0.98989898989899,0.0008521461923077112,0.9549966909331569,0.045003309066843133,0.976980365605958,0.001853742049387501,-0.016359555870541054,0.016359555870541054,0.016359555870541054,0.002444731593131989,-0.02568574295404568,-0.0031611964177708854,-0.0042811181986525185,1
2006.png,H1,0.0015469193458557,0.3541925549507141,0.9716358839050132,0.02836411609498679,0.9856139176982268,0.001543004232759554,0.9898904802021904,0.010109519797809607,0.9949195596951735,0.0002593856482134542,0.0031170539534441932,0.0031170539534441932,-0.0031170539534441932,-0.0016585117578506107,-0.017321626859058907,-0.03805498568680441,-0.01752362011574938,0
2007.png,H1,0.0021952986717224,0.3097307384014129,0.9903514817367333,0.009648518263266737,0.9951523545706371,0.0004584341910457216,0.9862340216322517,0.013765978367748288,0.9930693069306931,0.0007006201971222498,-0.006514162242168053,0.006514162242168053,0.006514162242168053,-0.0010101324319839108,-0.03603722469077896,-0.03439852711686573,-0.014126511827025519,0
2008.png,H1,0.0021952986717224,0.3097307384014129,0.9830595482546202,0.016940451745379836,0.9914574165156614,0.0009780648330261449,1.0,0.0,1.0,0.0,0.0,0.0,-0.0,-0.0010101324319839108,-0.02874529120866586,-0.04816450548461402,-0.020640674069193572,0
2009.png,H1,0.0031216144561767,0.4063637554645538,0.9919236417033774,0.008076358296622566,0.9959454478437154,0.00015932252642486888,1.0,0.0,1.0,0.0,0.0,0.0,-0.0,-8.381664752961067e-05,-0.03760938465742313,-0.04816450548461402,-0.020640674069193572,0
2014.png,H1,0.0110187530517578,0.7957764863967896,0.9521358723623263,0.04786412763767367,0.975481149485895,0.0010582816281295892,0.9533503836317135,0.04664961636828646,0.9761181522991516,0.0009373687537990307,0.00706303895257232,0.00706303895257232,-0.00706303895257232,0.00781332194805149,0.002178384683627972,-0.0015148891163275571,-0.013577635116621252,2
2026.png,H1,0.0033844709396362,0.452750027179718,0.9847172694854814,0.015282730514518561,0.992299794661191,0.00023337394200067095,1.0,0.0,1.0,0.0,0.0,0.0,-0.0,0.0001790398359298893,-0.030403012439527137,-0.04816450548461402,-0.020640674069193572,1
2029.png,H1,0.0032315254211425,0.4727573096752167,0.935251798561151,0.06474820143884896,0.966542750929368,0.0004981621392883718,0.9948186528497409,0.005181347150259086,0.9974025974025974,0.00018886892143677272,-0.0018379426619777872,0.0018379426619777872,0.0018379426619777872,2.6094317436189257e-05,0.019062458484803264,-0.04298315833435493,-0.018802731407215785,0
2031.png,H1,0.0114455819129943,0.8069457411766052,0.9049844236760125,0.0950155763239875,0.9501226492232215,0.0038167932183722376,0.9637457574822585,0.03625424251774145,0.9815382198130254,0.0021532035871944647,-0.01697924888198299,0.01697924888198299,0.01697924888198299,0.008240150809287989,0.049329833369941796,-0.011910262966872566,-0.0036614251872105832,2
2039.png,H1,0.0016189813613891,0.2939074039459228,0.9800824175824175,0.019917582417582458,0.9899410336455081,0.0005486228226248493,0.9965861344537815,0.0034138655462184753,0.9982901486255426,3.376363109473415e-05,-0.001473255282721797,0.001473255282721797,0.001473255282721797,-0.0015864497423172107,-0.02576816053646324,-0.044750639938395544,-0.019167418786471775,0
2055.png,H1,0.0015840530395507,0.3081599473953247,0.996415770609319,0.0035842293906810374,0.9982046678635548,0.0001604744819906103,1.0,0.0,1.0,0.0,0.0,0.0,-0.0,-0.0016213780641556109,-0.04210151356336466,-0.04816450548461402,-0.020640674069193572,0
2062.png,H1,0.0032424926757812,0.4489583373069763,0.9608819345661451,0.039118065433854876,0.980050779833152,0.0014173342824450987,0.9944547134935305,0.00554528650646946,0.9972196478220574,5.349375402656177e-05,-0.0001204378055592592,0.0001204378055592592,0.0001204378055592592,3.706157207488932e-05,-0.006567677520190822,-0.04261921897814456,-0.020520236263634313,0
2064.png,H1,0.0021525621414184,0.3671199083328247,0.9831932773109243,0.01680672268907568,0.9915254237288136,0.00042822115696837727,0.9928977272727273,0.007102272727272707,0.9964362081254454,0.0003181338000482677,0.0017086129992851529,0.0017086129992851529,-0.0017086129992851529,-0.001052868962287911,-0.028879020264970016,-0.04106223275734131,-0.01893206106990842,0
2065.png,H1,0.0026634931564331,0.3828250467777252,0.989517819706499,0.010482180293501009,0.9947312961011591,0.0004829485440370576,1.0,0.0,1.0,0.0,0.0,0.0,-0.0,-0.000541937947273211,-0.03520356266054469,-0.04816450548461402,-0.020640674069193572,0
2066.png,H1,0.0032315254211425,0.4727573096752167,0.963336875664187,0.03666312433581298,0.9813261163734777,0.0017215678593001475,0.9365647364996746,0.06343526350032536,0.9672434066857046,0.0015936792814794092,0.018947721038795384,0.018947721038795384,-0.018947721038795384,2.6094317436189257e-05,-0.009022618618232718,0.015270758015711337,-0.001692953030398188,0
2075.png,H1,0.0026634931564331,0.3828250467777252,0.8905109489051095,0.10948905109489049,0.9420849420849421,0.0017782694375241927,0.9401453612654981,0.05985463873450192,0.9691494050242397,0.0004806734341860884,-0.016272474017924532,0.016272474017924532,0.016272474017924532,-0.000541937947273211,0.06380330814084478,0.0116901332498879,-0.00436820005126904,0
2076.png,H1,0.0068302154541015,0.6304459571838379,0.8467583497053045,0.1532416502946955,0.9170212765957447,0.01586459936433051,0.9139445711789546,0.08605542882104544,0.955037658813684,0.01065410320136037,0.030773240855640593,0.030773240855640593,-0.030773240855640593,0.0036247843503951892,0.10755590734064979,0.037890923336431424,0.010132566786447021,1
2082.png,H1,0.0029448866844177,0.4557614028453827,0.9796954314720813,0.02030456852791873,0.9897435897435898,0.000656769839322627,0.953125,0.046875,0.976,0.0013420069719824743,-0.022545675958902556,0.022545675958902556,0.022545675958902556,-0.0002605444192886109,-0.025381174426126966,-0.0012895054846140189,0.0019050018897089835,0
2108.png,H1,0.0032424926757812,0.4489583373069763,0.952561669829222,0.04743833017077803,0.9757045675413022,0.002230242239744557,0.9764417640407086,0.023558235959291407,0.9880804805950224,0.000852309372963629,-0.005684647994823044,0.005684647994823044,0.005684647994823044,3.706157207488932e-05,0.0017525872167323334,-0.024606269525322612,-0.014956026074370528,0
2110.png,H1,0.0032424926757812,0.4489583373069763,0.9722222222222222,0.02777777777777779,0.9859154929577465,0.0009374299799291494,0.9991714995857498,0.0008285004142501995,0.9995855781185247,2.8925274582295494e-05,-0.0004176423279218522,0.0004176423279218522,0.0004176423279218522,3.706157207488932e-05,-0.017907965176267908,-0.04733600507036382,-0.02022303174127172,0
2118.png,H1,0.0032424926757812,0.4489583373069763,0.9451219512195121,0.054878048780487854,0.9717868338557993,0.0005756081474104519,0.9814963797264682,0.018503620273531807,0.9906617945594803,0.0004452296363658343,0.0015590005521984862,0.0015590005521984862,-0.0015590005521984862,3.706157207488932e-05,0.009192305826442156,-0.029660885211082212,-0.019081673516995086,0
2127.png,H1,0.0114455819129943,0.8069457411766052,0.9556400506970849,0.04435994930291509,0.9773169151004537,0.0006740847288447059,0.9654939106901218,0.034506089309878196,0.9824440619621343,0.0007205272668529022,-0.008254576971481409,0.008254576971481409,0.008254576971481409,0.008240150809287989,-0.0013257936511306065,-0.013658416174735823,-0.012386097097712163,2
2136.png,H1,0.0031216144561767,0.4063637554645538,0.9867321867321868,0.013267813267813233,0.9933217907494435,0.00015203817476782994,0.9880926370985361,0.01190736290146388,0.9940106599263696,0.0005150368255527793,-0.0039466191293192066,0.0039466191293192066,0.0039466191293192066,-8.381664752961067e-05,-0.032417929686232465,-0.03625714258315014,-0.016694054939874366,0
2137.png,H1,0.0029966831207275,0.4376173317432403,0.9939759036144579,0.0060240963855421326,0.9969788519637462,0.0002646844854565718,0.9779534109816972,0.02204658901830281,0.9888538380651946,0.0002537786841155311,0.006963126515077578,0.006963126515077578,-0.006963126515077578,-0.00020874798297881077,-0.039661646568503565,-0.02611791646631121,-0.013677547554115994,0
2148.png,H1,0.0114455819129943,0.8069457411766052,0.9935414424111948,0.006458557588805203,0.9967602591792657,0.00033445086203383074,1.0,0.0,1.0,0.0,0.0,0.0,-0.0,0.008240150809287989,-0.039227185365240495,-0.04816450548461402,-0.020640674069193572,2
2170.png,H1,0.0015840530395507,0.3081599473953247,0.9960526315789474,0.003947368421052588,0.998022412656559,0.0001047473290722877,1.0,0.0,1.0,0.0,0.0,0.0,-0.0,-0.0016213780641556109,-0.04173837453299311,-0.04816450548461402,-0.020640674069193572,0
2176.png,H1,0.0029966831207275,0.4376173317432403,0.9422535211267605,0.05774647887323947,0.9702683103698332,8.752528163556285e-05,0.9495023958717287,0.05049760412827131,0.9740971828322934,0.0020341028076019327,0.021065470860336832,0.021065470860336832,-0.021065470860336832,-0.00020874798297881077,0.012060735919193773,0.002333098643657293,0.00042479679114326013,0
2178.png,H1,0.0026634931564331,0.3828250467777252,0.992822966507177,0.0071770334928229484,0.9963985594237695,5.740840757180354e-05,1.0,0.0,1.0,0.0,0.0,0.0,-0.0,-0.000541937947273211,-0.03850870946122275,-0.04816450548461402,-0.020640674069193572,0
2182.png,H1,0.0033844709396362,0.452750027179718,0.9793261868300153,0.020673813169984734,0.9895551257253384,0.0005344378594417965,1.0,0.0,1.0,0.0,0.0,0.0,-0.0,0.0001790398359298893,-0.025011929784060964,-0.04816450548461402,-0.020640674069193572,1
2188.png,H1,0.0016189813613891,0.2939074039459228,0.9806114839671887,0.01938851603281133,0.990210843373494,0.0007065374543860006,0.998256320836966,0.0017436791630339732,0.9991273996509599,7.188951197103046e-05,-0.00029154356274585513,0.00029154356274585513,0.00029154356274585513,-0.0015864497423172107,-0.026297226921234367,-0.046420826321580046,-0.020349130506447717,0
2208.png,H1,0.0032315254211425,0.4727573096752167,0.9676860934795153,0.032313906520484714,0.9835777126099706,0.0027266785359814226,0.9656257564754297,0.0343742435245703,0.982512315270936,0.0006109945531600651,-0.013562936071641607,0.013562936071641607,0.013562936071641607,2.6094317436189257e-05,-0.013371836433560984,-0.013790261960043716,-0.007077737997551965,0
2211.png,H1,0.0017820596694946,0.3004602193832397,0.9430656934306569,0.05693430656934306,0.9706987227648385,0.005182494644187916,0.7749459004568406,0.22505409954315936,0.8732050934706042,0.009774647758693798,0.04024028840362115,0.04024028840362115,-0.04024028840362115,-0.0014233714342117107,0.011248563615297365,0.17688959405854535,0.019599614334427577,0
2213.png,H1,0.0031216144561767,0.4063637554645538,0.8656575212866604,0.1343424787133396,0.9279918864097363,0.0011476979773190035,0.8600497399954782,0.13995026000452182,0.9247599367934849,0.0030481870094747903,-0.0012618663281055,0.0012618663281055,0.0012618663281055,-8.381664752961067e-05,0.08865673575929389,0.09178575451990781,-0.01937880774108807,0
2214.png,H1,0.0016189813613891,0.2939074039459228,0.9932523616734144,0.006747638326585648,0.996614759647935,4.530338226509442e-05,1.0,0.0,1.0,0.0,0.0,0.0,-0.0,-0.0015864497423172107,-0.03893810462746005,-0.04816450548461402,-0.020640674069193572,0
2221.png,H1,0.0114455819129943,0.8069457411766052,0.9874326750448833,0.012567324955116699,0.993676603432701,0.00033552723602161996,0.9986043265875785,0.0013956734124215275,0.9993016759776536,2.881955899957439e-05,-0.0005901358549761371,0.0005901358549761371,0.0005901358549761371,0.008240150809287989,-0.033118417998929,-0.04676883207219249,-0.020050538214217435,2
2226.png,H1,0.0110187530517578,0.7957764863967896,0.9652974504249292,0.034702549575070796,0.9823423423423423,0.0015753430791743944,1.0,0.0,1.0,0.0,0.0,0.0,-0.0,0.00781332194805149,-0.010983193378974902,-0.04816450548461402,-0.020640674069193572,2
2227.png,H1,0.0056501626968383,0.5001981258392334,0.8491704374057315,0.1508295625942685,0.9184339314845025,0.006950624453330236,0.6971666233428646,0.3028333766571354,0.8215653239393476,0.01259065153413242,-0.016475516324329087,0.016475516324329087,0.016475516324329087,0.002444731593131989,0.10514381964022279,0.25466887117252135,-0.004165157744864485,1
2237.png,H1,0.0068302154541015,0.6304459571838379,0.9711815561959655,0.028818443804034533,0.9853801169590644,0.0011185484387405118,0.9280328992460589,0.07196710075394108,0.9626733025239957,0.0012402234561698822,0.0345369647263738,0.0345369647263738,-0.0345369647263738,0.0036247843503951892,-0.016867299150011165,0.023802595269327063,0.013896290657180226,1
2241.png,H1,0.0026634931564331,0.3828250467777252,0.9503267973856209,0.04967320261437913,0.9745308310991957,0.0025584675229631186,0.9870231666956976,0.012976833304302438,0.9934692088538243,0.0009405724099980767,0.006344817673250791,0.006344817673250791,-0.006344817673250791,-0.000541937947273211,0.0039874596603334325,-0.03518767218031158,-0.014295856395942781,0
2244.png,H1,0.0026634931564331,0.3828250467777252,0.9656319290465631,0.03436807095343686,0.9825155104342922,0.0013488366049488937,0.9200561009817672,0.07994389901823284,0.95836376917458,0.00023082404906402484,-0.03722431011698124,0.03722431011698124,0.03722431011698124,-0.000541937947273211,-0.01131767200060884,0.031779393533618826,0.01658363604778767,0
2245.png,H1,0.0036389827728271,0.4204681515693664,0.9839228295819936,0.01607717041800638,0.9918962722852512,0.00035382061750345047,1.0,0.0,1.0,0.0,0.0,0.0,-0.0,0.00043355166912078906,-0.029608572536039317,-0.04816450548461402,-0.020640674069193572,1
2246.png,H1,0.0021525621414184,0.3671199083328247,1.0,0.0,1.0,0.0,1.0,0.0,1.0,0.0,0.0,0.0,-0.0,-0.001052868962287911,-0.0456857429540457,-0.04816450548461402,-0.020640674069193572,0
2248.png,H1,0.0056501626968383,0.5001981258392334,0.9603880355699272,0.039611964430072755,0.9797938144329897,0.0012291558128035942,1.0,0.0,1.0,0.0,0.0,0.0,-0.0,0.002444731593131989,-0.006073778523972943,-0.04816450548461402,-0.020640674069193572,1
2259.png,H1,0.0033844709396362,0.452750027179718,0.961335676625659,0.038664323374341,0.9802867383512545,0.0017835357692572507,1.0,0.0,1.0,0.0,0.0,0.0,-0.0,0.0001790398359298893,-0.007021419579704695,-0.04816450548461402,-0.020640674069193572,1
2272.png,H1,0.0015840530395507,0.3081599473953247,0.9831288343558282,0.016871165644171793,0.991492652745553,0.0008283399521410576,0.9833687190375089,0.016631280962491113,0.9916146297948261,0.00028261560129068153,-0.004769852415846376,0.004769852415846376,0.004769852415846376,-0.0016213780641556109,-0.028814577309873905,-0.031533224522122906,-0.015870821653347196,0
2277.png,H1,0.0032424926757812,0.4489583373069763,0.9697231833910035,0.030276816608996504,0.9846288976723759,0.00023029370768019497,0.9534632034632035,0.04653679653679654,0.9761772853185595,0.0016590325471199075,0.014495120528027261,0.014495120528027261,-0.014495120528027261,3.706157207488932e-05,-0.015408926345049194,-0.0016277089478174758,-0.006145553541166311,0
2278.png,H1,0.0026634931564331,0.3828250467777252,0.9914634146341463,0.008536585365853666,0.9957134109001837,0.0003440470651407647,1.0,0.0,1.0,0.0,0.0,0.0,-0.0,-0.000541937947273211,-0.03714915758819203,-0.04816450548461402,-0.020640674069193572,0
2293.png,H1,0.0068302154541015,0.6304459571838379,0.9426229508196722,0.05737704918032782,0.9704641350210971,0.002967281750908483,0.9282155797101449,0.0717844202898551,0.9627715795654727,0.002244902431632523,-0.007243751134416221,0.007243751134416221,0.007243751134416221,0.0036247843503951892,0.011691306226282124,0.02361991480524108,-0.013396922934777351,1
2326.png,H1,0.0032424926757812,0.4489583373069763,0.959546925566343,0.04045307443365698,0.9793559042113955,0.0012830871952917873,0.9684378745505393,0.03156212544946069,0.9839659021717069,0.0018829292446736184,0.013378004237278196,0.013378004237278196,-0.013378004237278196,3.706157207488932e-05,-0.005232668520388721,-0.01660238003515333,-0.007262669831915376,0
2344.png,H1,0.0029966831207275,0.4376173317432403,0.9637275140076673,0.03627248599233268,0.9815287580717825,0.002598119030249168,0.995741556534508,0.004258443465491979,0.9978662350084615,0.0002900431195620026,0.0016670112508219148,0.0016670112508219148,-0.0016670112508219148,-0.00020874798297881077,-0.009413256961713017,-0.04390606201912204,-0.018973662818371657,0
2353.png,H1,0.0026634931564331,0.3828250467777252,0.9416445623342176,0.05835543766578244,0.9699453551912568,0.0014917871384955341,0.9447130544460794,0.05528694555392055,0.9715706410117825,0.0006823441250596756,-0.00802555079825018,0.00802555079825018,0.00802555079825018,-0.000541937947273211,0.012669694711736741,0.0071224400693065334,-0.012615123270943392,0
2364.png,H1,0.0029966831207275,0.4376173317432403,0.9548780487804878,0.045121951219512235,0.9769182782283219,0.0019734773668233616,0.9847161572052402,0.015283842794759805,0.9922992299229924,0.0002230886991119338,0.0012583182093163225,0.0012583182093163225,-0.0012583182093163225,-0.00020874798297881077,-0.0005637917345334628,-0.03288066268985421,-0.01938235585987725,0
2384.png,H1,0.0015840530395507,0.3081599473953247,0.9919743178170144,0.008025682182985605,0.9959709911361805,0.0002523047637563702,1.0,0.0,1.0,0.0,0.0,0.0,-0.0,-0.0016213780641556109,-0.03766006077106009,-0.04816450548461402,-0.020640674069193572,0
2386.png,H1,0.0032424926757812,0.4489583373069763,0.9900166389351082,0.009983361064891838,0.9949832775919732,0.0001916853411809192,1.0,0.0,1.0,0.0,0.0,0.0,-0.0,3.706157207488932e-05,-0.03570238188915386,-0.04816450548461402,-0.020640674069193572,0
2388.png,H1,0.0029966831207275,0.4376173317432403,0.947286012526096,0.05271398747390399,0.9729295095148753,0.0032422190196629377,0.9827858496525584,0.01721415034744156,0.9913181999203504,0.0007460629323989232,0.006613461389387232,0.006613461389387232,-0.006613461389387232,-0.00020874798297881077,0.007028244519858291,-0.03095035513717246,-0.01402721267980634,0
2389.png,H1,0.0056501626968383,0.5001981258392334,0.7290302463361397,0.27096975366386034,0.8432822362488729,0.03076634731085592,0.45335617505061515,0.5466438249493848,0.6238748392627518,0.037422192320900695,-0.1619504441815447,0.1619504441815447,0.1619504441815447,0.002444731593131989,0.22528401070981463,0.49847931946477075,0.14130977011235113,1
2392.png,H1,0.0037575960159301,0.5122106671333313,1.0,0.0,1.0,0.0,1.0,0.0,1.0,0.0,0.0,0.0,-0.0,0.0005521649122237891,-0.0456857429540457,-0.04816450548461402,-0.020640674069193572,1
2395.png,H1,0.0056501626968383,0.5001981258392334,0.8884435537742151,0.11155644622578487,0.940926777502653,0.003902552837575148,0.9430228590924599,0.056977140907540136,0.9706760316066725,0.0011276960273142842,-0.017031133272957355,0.017031133272957355,0.017031133272957355,0.002444731593131989,0.06587070327173916,0.008812635422926117,-0.003609540796236217,1
2399.png,H1,0.0016189813613891,0.2939074039459228,0.9656992084432717,0.03430079155672827,0.9825503355704698,0.00014879280619551401,1.0,0.0,1.0,0.0,0.0,0.0,-0.0,-0.0015864497423172107,-0.011384951397317426,-0.04816450548461402,-0.020640674069193572,0
2400.png,H1,0.0110187530517578,0.7957764863967896,0.9784722222222222,0.021527777777777812,0.9891189891189891,0.0006346875996088662,0.9720337809774332,0.027966219022566796,0.9858185902836282,0.0017466700162361104,0.008358113356070618,0.008358113356070618,-0.008358113356070618,0.00781332194805149,-0.024157965176267886,-0.020198286462047223,-0.012282560713122954,2
2401.png,H1,0.0027230978012084,0.3771629631519317,0.9984591679506933,0.0015408320493066618,0.9992289899768697,6.51051127390123e-05,1.0,0.0,1.0,0.0,0.0,0.0,-0.0,-0.000482333302497911,-0.044144910904739036,-0.04816450548461402,-0.020640674069193572,0
2406.png,H1,0.0032315254211425,0.4727573096752167,0.8842297174111212,0.11577028258887878,0.9385582970488631,0.005241301142350446,0.9996914532551682,0.000308546744831828,0.9998457028236384,1.6930353134930764e-05,-0.00013039896665900663,0.00013039896665900663,0.00013039896665900663,2.6094317436189257e-05,0.07008453963483308,-0.04785595873978219,-0.020510275102534566,0
2423.png,H1,0.0036389827728271,0.4204681515693664,0.9951923076923077,0.004807692307692291,0.9975903614457832,6.749317661223509e-05,1.0,0.0,1.0,0.0,0.0,0.0,-0.0,0.00043355166912078906,-0.04087805064635341,-0.04816450548461402,-0.020640674069193572,1
2424.png,H1,0.0015468597412109,0.2861835658550262,0.9899103139013453,0.010089686098654682,0.9949295774647887,0.000513727487689762,1.0,0.0,1.0,0.0,0.0,0.0,-0.0,-0.0016585713624954108,-0.035596056855391016,-0.04816450548461402,-0.020640674069193572,0
2430.png,H1,0.0029966831207275,0.4376173317432403,0.9436823104693141,0.056317689530685944,0.9710252600297177,0.0026048373436912222,0.9941772697864999,0.005822730213500105,0.9970801340975451,8.222614072725074e-05,-0.0007079058942918159,0.0007079058942918159,0.0007079058942918159,-0.00020874798297881077,0.010631946576640246,-0.042341775271113914,-0.019932768174901756,0
2442.png,H1,0.0015469193458557,0.3541925549507141,0.9541284403669725,0.04587155963302747,0.9765258215962441,0.0011880180272394987,0.9500628140703518,0.04993718592964824,0.9743920115960703,0.0022055780551853573,0.0012904189667811705,0.0012904189667811705,-0.0012904189667811705,-0.0016585117578506107,0.00018581667898177195,0.0017726804450342235,-0.0193502551024124,0
2459.png,H1,0.0029966831207275,0.4376173317432403,0.9499715747583855,0.05002842524161455,0.9743440233236151,0.0007709617268008319,0.891781038018615,0.10821896198138503,0.9427951967978653,0.006612549662416001,-0.046045029106989155,0.046045029106989155,0.046045029106989155,-0.00020874798297881077,0.004342682287568851,0.06005445649677101,0.025404355037795583,0
2472.png,H1,0.0015840530395507,0.3081599473953247,0.9785655399835119,0.021434460016488077,0.9891666666666666,0.0009703892698700599,1.0,0.0,1.0,0.0,0.0,0.0,-0.0,-0.0016213780641556109,-0.02425128293755762,-0.04816450548461402,-0.020640674069193572,0
2474.png,H1,0.0021952986717224,0.3097307384014129,0.9543533389687235,0.04564666103127646,0.976643598615917,0.0018242717401763151,0.9868932038834951,0.013106796116504893,0.993403371610066,0.00016832896599706219,-0.003650632076196314,0.003650632076196314,0.003650632076196314,-0.0010101324319839108,-3.908192276923933e-05,-0.035057709368109126,-0.016990041992997258,0
2486.png,H1,0.0031216144561767,0.4063637554645538,0.9467140319715808,0.05328596802841923,0.9726277372262774,0.00175979701289229,0.927224513847967,0.072775486152033,0.9622381898792234,0.003446792283373579,-0.03139363262381056,0.03139363262381056,0.03139363262381056,-8.381664752961067e-05,0.00760022507437353,0.02461098066741898,0.010752958554616991,0
2489.png,H1,0.0017820596694946,0.3004602193832397,0.7916798983804383,0.20832010161956172,0.8837291740517547,0.022171401352744657,0.43606491145377413,0.5639350885462259,0.6073052937590847,0.043883217415802395,-0.07931005181169815,0.07931005181169815,0.07931005181169815,-0.0014233714342117107,0.162634358665516,0.5157705830616118,0.05866937774250457,0
2503.png,H1,0.0037575960159301,0.5122106671333313,0.965572033898305,0.03442796610169496,0.9824845055241175,0.002015137584113187,1.0,0.0,1.0,0.0,0.0,0.0,-0.0,0.0005521649122237891,-0.011257776852350736,-0.04816450548461402,-0.020640674069193572,1
2504.png,H1,0.0110187530517578,0.7957764863967896,0.8546415592996366,0.1453584407003634,0.9216245101531885,0.004285595899699611,0.921006993006993,0.07899300699300704,0.958879375618848,0.008185591495152428,0.030170747138990484,0.030170747138990484,-0.030170747138990484,0.00781332194805149,0.0996726977463177,0.030828501508393023,0.009530073069796911,2
2511.png,H1,0.0037575960159301,0.5122106671333313,0.94469746258946,0.05530253741054003,0.9715623954499832,0.0019777489617882134,0.7278830374459198,0.27211696255408024,0.842514246244172,0.011317465592174251,0.11678813009263983,0.11678813009263983,-0.11678813009263983,0.0005521649122237891,0.009616794456494333,0.22395245706946623,0.09614745602344626,1
2520.png,H1,0.0068302154541015,0.6304459571838379,0.9465215333648841,0.05347846663511591,0.9725261366399222,0.004015059748420013,0.9857448325017819,0.014255167498218091,0.9928212491026561,0.0008876950492939505,0.005333985298343502,0.005333985298343502,-0.005333985298343502,0.0036247843503951892,0.007792723681070209,-0.03390933798639593,-0.01530668877085007,1
2522.png,H1,0.0032424926757812,0.4489583373069763,0.9862068965517241,0.01379310344827589,0.9930555555555556,0.000545507092212896,0.9992047713717693,0.0007952286282306709,0.9996022275258553,2.3374324037596072e-05,3.443332325481219e-05,3.443332325481219e-05,-3.443332325481219e-05,3.706157207488932e-05,-0.03189263950576981,-0.04736927685638335,-0.02060624074593876,0
2523.png,H1,0.0015840530395507,0.3081599473953247,0.9856020942408377,0.014397905759162333,0.992748846407383,0.0005073946819814647,1.0,0.0,1.0,0.0,0.0,0.0,-0.0,-0.0016213780641556109,-0.031287837194883365,-0.04816450548461402,-0.020640674069193572,0
2532.png,H1,0.0029966831207275,0.4376173317432403,0.8896341463414634,0.11036585365853657,0.941594062600839,0.005583746294298949,0.7899814142844499,0.2100185857155501,0.8826699629171817,0.012678415772747517,-0.052792176321090456,0.052792176321090456,0.052792176321090456,-0.00020874798297881077,0.06468011070449087,0.1618540802309361,0.032151502251896884,0
2533.png,H1,0.0110187530517578,0.7957764863967896,0.9180257510729614,0.08197424892703864,0.9572611322443499,0.003054639127821533,0.8449113175675675,0.15508868243243246,0.9159370529327611,0.009154174854813032,0.03332532729701432,0.03332532729701432,-0.03332532729701432,0.00781332194805149,0.03628850597299294,0.10692417694781844,0.012684653227820746,2
2537.png,H1,0.0015469193458557,0.3541925549507141,0.9807280513918629,0.01927194860813708,0.9902702702702703,0.00032890191095248764,0.9358192090395481,0.06418079096045193,0.9668456689236516,0.0018771502146415113,0.000539075227448893,0.000539075227448893,-0.000539075227448893,-0.0016585117578506107,-0.02641379434590862,0.01601628547583791,-0.02010159884174468,0
2542.png,H1,0.0032424926757812,0.4489583373069763,0.9423076923076923,0.05769230769230771,0.9702970297029703,0.0005905415958049972,0.9996114996114996,0.00038850038850035684,0.9998057120652808,1.7676167918936827e-05,-0.00021001711535084677,0.00021001711535084677,0.00021001711535084677,3.706157207488932e-05,0.012006564738262011,-0.04777600509611366,-0.020430656953842725,0
2545.png,H1,0.0032424926757812,0.4489583373069763,0.9643799472295514,0.03562005277044855,0.9818670248488919,0.001076167188183006,0.9989881956155143,0.0010118043844856706,0.9994938417411844,2.570716020774047e-05,-0.0001159412958881001,0.0001159412958881001,0.0001159412958881001,3.706157207488932e-05,-0.010065690183597147,-0.04715270110012835,-0.020524732773305472,0
2555.png,H1,0.0017820596694946,0.3004602193832397,0.9593165174938975,0.04068348250610254,0.979235880398671,0.002027504311331433,1.0,0.0,1.0,0.0,0.0,0.0,-0.0,-0.0014233714342117107,-0.005002260447943156,-0.04816450548461402,-0.020640674069193572,0
2556.png,H1,0.0029966831207275,0.4376173317432403,0.9792114695340501,0.02078853046594986,0.9894965592176748,0.000966608973332598,0.992035680152915,0.00796431984708501,0.9960019190788422,0.0005122702128932113,-0.0040220474869530065,0.0040220474869530065,0.0040220474869530065,-0.00020874798297881077,-0.024897212488095836,-0.04020018563752901,-0.016618626582240566,0
2557.png,H1,0.0026634931564331,0.3828250467777252,0.9559633027522936,0.044036697247706424,0.9774859287054409,0.0022354050549843484,0.9989799387963277,0.0010200612036722623,0.9994897091342065,7.282987343600735e-05,0.0005111818831989856,0.0005111818831989856,-0.0005111818831989856,-0.000541937947273211,-0.0016490457063392736,-0.04714444428094176,-0.020129492185994587,0
2565.png,H1,0.0027230978012084,0.3771629631519317,0.9758522727272727,0.024147727272727293,0.9877785765636233,0.0012015390048470836,0.9887640449438202,0.011235955056179803,0.9943502824858758,0.0002895849850756951,-0.0033320814017149814,0.0033320814017149814,0.0033320814017149814,-0.000482333302497911,-0.021538015681318405,-0.036928550428434216,-0.01730859266747859,0
2575.png,H1,0.0021952986717224,0.3097307384014129,0.9815539407490218,0.018446059250978197,0.9906911142454161,0.0008500027742132244,0.9912739965095986,0.008726003490401424,0.9956178790534619,0.0003880575349405784,-0.0030210567433907043,0.0030210567433907043,0.0030210567433907043,-0.0010101324319839108,-0.0272396837030675,-0.039438501994212595,-0.017619617325802868,0
2577.png,H1,0.0032315254211425,0.4727573096752167,0.9819639278557114,0.018036072144288595,0.9908998988877654,0.000921016098249302,0.997945674503538,0.002054325496462006,0.9989717811036216,7.886636685320919e-05,0.0010030061809482849,0.0010030061809482849,-0.0010030061809482849,2.6094317436189257e-05,-0.027649670809757103,-0.04611017998815201,-0.019637667888245287,0
2581.png,H1,0.0033844709396362,0.452750027179718,0.9260450160771704,0.07395498392282962,0.9616026711185309,0.004123322065762333,0.8673631614808085,0.1326368385191915,0.92897105327171,0.008504433449566296,-0.016955317712611384,0.016955317712611384,0.016955317712611384,0.0001790398359298893,0.028269240968783922,0.08447233303457749,-0.003685356356582188,1
2582.png,H1,0.0016189813613891,0.2939074039459228,0.9767277856135402,0.023272214386459766,0.9882268997502676,0.00020622411021495868,1.0,0.0,1.0,0.0,0.0,0.0,-0.0,-0.0015864497423172107,-0.02241352856758593,-0.04816450548461402,-0.020640674069193572,0
2589.png,H1,0.0032315254211425,0.4727573096752167,0.9826839826839827,0.017316017316017285,0.9912663755458515,0.0006497386683859454,1.0,0.0,1.0,0.0,0.0,0.0,-0.0,2.6094317436189257e-05,-0.028369725638028413,-0.04816450548461402,-0.020640674069193572,0
2590.png,H1,0.0015468597412109,0.2861835658550262,0.9983660130718954,0.0016339869281045694,0.9991823385118561,6.0471970953858416e-05,1.0,0.0,1.0,0.0,0.0,0.0,-0.0,-0.0016585713624954108,-0.04405175602594113,-0.04816450548461402,-0.020640674069193572,0
2591.png,H1,0.0016189813613891,0.2939074039459228,0.9878048780487805,0.012195121951219523,0.9938650306748467,0.00042295524594417294,0.8748890860692103,0.12511091393078966,0.9332702318977757,0.002385058818594566,0.04556794452388535,0.04556794452388535,-0.04556794452388535,-0.0015864497423172107,-0.033490621002826175,0.07694640844617565,0.02492727045469178,0
2592.png,H1,0.0033844709396362,0.452750027179718,0.9941291585127201,0.005870841487279899,0.9970559371933267,0.0001655517825172316,1.0,0.0,1.0,0.0,0.0,0.0,-0.0,0.0001790398359298893,-0.0398149014667658,-0.04816450548461402,-0.020640674069193572,1
2593.png,H1,0.0037575960159301,0.5122106671333313,0.9462750716332379,0.053724928366762126,0.972396025027604,0.0028438407908385945,0.9737687366167024,0.02623126338329762,0.9867100623813398,0.0009312595281438318,0.001766305366243781,0.001766305366243781,-0.001766305366243781,0.0005521649122237891,0.008039185412716428,-0.0219332421013164,-0.01887436870294979,1
2594.png,H1,0.0031216144561767,0.4063637554645538,0.9783251231527094,0.021674876847290636,0.9890438247011952,0.0008447847523942563,1.0,0.0,1.0,0.0,0.0,0.0,-0.0,-8.381664752961067e-05,-0.024010866106755062,-0.04816450548461402,-0.020640674069193572,0
2602.png,H1,0.0033844709396362,0.452750027179718,0.9850523168908819,0.014947683109118093,0.9924698795180723,0.0004874797886475172,1.0,0.0,1.0,0.0,0.0,0.0,-0.0,0.0001790398359298893,-0.030738059844927605,-0.04816450548461402,-0.020640674069193572,1
2605.png,H1,0.0021952986717224,0.3097307384014129,0.9786259541984733,0.021374045801526687,0.9891975308641975,0.00017895552768682946,1.0,0.0,1.0,0.0,0.0,0.0,-0.0,-0.0010101324319839108,-0.02431169715251901,-0.04816450548461402,-0.020640674069193572,0
2608.png,H1,0.0027230978012084,0.3771629631519317,0.9804347826086957,0.019565217391304346,0.9901207464324918,0.0008051090688321486,1.0,0.0,1.0,0.0,0.0,0.0,-0.0,-0.000482333302497911,-0.026120525562741352,-0.04816450548461402,-0.020640674069193572,0
2609.png,H1,0.0036389827728271,0.4204681515693664,0.9917627677100495,0.008237232289950547,0.9958643507030603,0.00029502477631926073,0.9821138211382113,0.01788617886178867,0.9909762100082035,0.00015560040845054039,0.004062042741076827,0.004062042741076827,-0.004062042741076827,0.00043355166912078906,-0.03744851066409515,-0.030278326622825348,-0.016578631328116746,1
2623.png,H1,0.0016189813613891,0.2939074039459228,1.0,0.0,1.0,0.0,1.0,0.0,1.0,0.0,0.0,0.0,-0.0,-0.0015864497423172107,-0.0456857429540457,-0.04816450548461402,-0.020640674069193572,0
2656.png,H1,0.0032315254211425,0.4727573096752167,0.9675141242937854,0.03248587570621464,0.9834888729361091,0.0014824584499889268,0.9740950226244344,0.02590497737556563,0.9868775428342216,0.0015163101608796918,-0.007557048163025271,0.007557048163025271,0.007557048163025271,2.6094317436189257e-05,-0.013199867247831058,-0.02225952810904839,-0.013083625906168302,0
2660.png,H1,0.0016189813613891,0.2939074039459228,0.9719573752103197,0.028042624789680337,0.9857792946530148,0.0010591972616990541,1.0,0.0,1.0,0.0,0.0,0.0,-0.0,-0.0015864497423172107,-0.01764311816436536,-0.04816450548461402,-0.020640674069193572,0
2680.png,H1,0.0032424926757812,0.4489583373069763,0.9811542991755006,0.018845700824499434,0.990487514863258,0.0003616517083277182,1.0,0.0,1.0,0.0,0.0,0.0,-0.0,3.706157207488932e-05,-0.026840042129546264,-0.04816450548461402,-0.020640674069193572,0
2685.png,H1,0.0015469193458557,0.3541925549507141,0.9828947368421053,0.017105263157894735,0.9913735899137359,0.0005058386872111728,1.0,0.0,1.0,0.0,0.0,0.0,-0.0,-0.0016585117578506107,-0.028580479796150964,-0.04816450548461402,-0.020640674069193572,0
2701.png,H1,0.0037575960159301,0.5122106671333313,0.9696969696969697,0.030303030303030276,0.9846153846153847,0.0015489113992884235,0.9993637327677625,0.0006362672322375307,0.9996817651426753,2.769987332864873e-05,-0.00031432898129579723,0.00031432898129579723,0.00031432898129579723,0.0005521649122237891,-0.015382712651015422,-0.04752823825237649,-0.020326345087897775,1
2703.png,H1,0.0036389827728271,0.4204681515693664,0.8611388611388612,0.13886113886113882,0.9253891572732152,0.002785726567437149,0.43571693219711005,0.56428306780289,0.6069677419354839,0.02437897003782438,0.14690952986449046,0.14690952986449046,-0.14690952986449046,0.00043355166912078906,0.09317539590709312,0.5161185623182759,0.1262688557952969,1
2705.png,H1,0.0015840530395507,0.3081599473953247,0.9925496688741722,0.007450331125827825,0.9962609056917324,0.0003000204820937134,1.0,0.0,1.0,0.0,0.0,0.0,-0.0,-0.0016213780641556109,-0.03823541182821787,-0.04816450548461402,-0.020640674069193572,0
2706.png,H1,0.0015469193458557,0.3541925549507141,0.9724238026124818,0.027576197387518153,0.986019131714496,0.0008578229932360685,1.0,0.0,1.0,0.0,0.0,0.0,-0.0,-0.0016585117578506107,-0.018109545566527545,-0.04816450548461402,-0.020640674069193572,0
2716.png,H1,0.0037575960159301,0.5122106671333313,0.9493908153701968,0.05060918462980324,0.9740384615384615,0.0025593090848742036,0.927071178529755,0.07292882147024504,0.9621556161065697,0.0028931623851994282,-0.0010745806361671661,0.0010745806361671661,0.0010745806361671661,0.0005521649122237891,0.004923441675757541,0.024764315985631023,-0.019566093433026406,1
2720.png,H1,0.0036389827728271,0.4204681515693664,0.7896112381574649,0.21038876184253508,0.8824388462942679,0.02583259284493328,0.624919552065903,0.375080447934097,0.769169835234474,0.024779468964649196,0.16808714031305183,0.16808714031305183,-0.16808714031305183,0.00043355166912078906,0.16470301888848937,0.32691594244948297,0.14744646624385827,1
2721.png,H1,0.0032315254211425,0.4727573096752167,0.977810650887574,0.022189349112425982,0.9887808526551982,0.0009043094069955582,0.9878339694656488,0.012166030534351169,0.9938797551902077,0.0003427997003856674,0.0034638199126708624,0.0034638199126708624,-0.0034638199126708624,2.6094317436189257e-05,-0.023496393841619716,-0.03599847495026285,-0.01717685415652271,0
2723.png,H1,0.0015468597412109,0.2861835658550262,0.9895245769540693,0.010475423045930743,0.9947347104090725,0.0004774023808616544,0.924874297545105,0.07512570245489503,0.9609711124769514,0.0038202825211048775,-0.009753024117138298,0.009753024117138298,0.009753024117138298,-0.0016585713624954108,-0.035210319908114955,0.026961196970281008,-0.010887649952055274,0
2740.png,H1,0.0032424926757812,0.4489583373069763,0.9501295336787565,0.04987046632124348,0.9744271006310196,0.001181845613655634,1.0,0.0,1.0,0.0,0.0,0.0,-0.0,3.706157207488932e-05,0.00418472336719778,-0.04816450548461402,-0.020640674069193572,0
2752.png,H1,0.0032424926757812,0.4489583373069763,0.9888712241653418,0.011128775834658211,0.9944044764188649,0.00037092819398176297,0.8966789667896679,0.10332103321033215,0.9455252918287937,0.002328550754464558,0.04638578000549298,0.04638578000549298,-0.04638578000549298,3.706157207488932e-05,-0.03455696711938749,0.05515652772571813,0.02574510593629941,0
2754.png,H1,0.0036389827728271,0.4204681515693664,0.9848053181386515,0.015194681861348536,0.9923444976076555,0.00014588221611212322,0.9583843329253366,0.041615667074663354,0.97875,0.0006709869549830419,-0.01358627984618277,0.01358627984618277,0.01358627984618277,0.00043355166912078906,-0.030491061092697162,-0.006548838409950665,-0.007054394223010803,1
2766.png,H1,0.0033844709396362,0.452750027179718,0.9654025282767797,0.03459747172322025,0.982396750169262,0.0015802434086941849,0.9166220317800393,0.08337796821996069,0.9564974382859804,0.002796434186346889,0.026353967551781654,0.026353967551781654,-0.026353967551781654,0.0001790398359298893,-0.011088271230825446,0.035213462735346666,0.005713293482588082,1
2768.png,H1,0.0068302154541015,0.6304459571838379,0.8018927444794953,0.19810725552050468,0.8900560224089635,0.00595758189240774,0.8969465648854962,0.10305343511450382,0.9456740442655935,0.010836367561239953,-0.030912655176695614,0.030912655176695614,0.030912655176695614,0.0036247843503951892,0.15242151256645897,0.0548889296298898,0.010271981107502041,1
2771.png,H1,0.0029448866844177,0.4557614028453827,0.9663779928680591,0.033622007131940856,0.9829015544041451,0.0006004681895285847,0.9933973589435774,0.006602641056422609,0.9966877446552244,0.00028010008626624564,0.0026099861226019927,0.0026099861226019927,-0.0026099861226019927,-0.0002605444192886109,-0.012063735822104842,-0.04156186442819141,-0.01803068794659158,0
2781.png,H1,0.0037575960159301,0.5122106671333313,0.889604415823367,0.11039558417663298,0.9415774099318404,0.003792273470076007,0.9451243584682195,0.054875641531780484,0.9717881063527501,0.0011829795782207044,0.022988749763699245,0.022988749763699245,-0.022988749763699245,0.0005521649122237891,0.06470984122258727,0.006711136047166465,0.0023480756945056733,1
2782.png,H1,0.0068302154541015,0.6304459571838379,0.9696682464454977,0.03033175355450235,0.9846005774783445,0.001148482240540722,0.9962154294032023,0.0037845705967977095,0.9981041271693161,0.00014496708164976849,-0.001634789717675611,0.001634789717675611,0.001634789717675611,0.0036247843503951892,-0.015353989399543348,-0.04437993488781631,-0.01900588435151796,1
2784.png,H1,0.0016189813613891,0.2939074039459228,0.9721792890262752,0.02782071097372485,0.9858934169278997,0.0012263099372620343,0.8805164319248826,0.1194835680751174,0.9364623642491574,0.0037237728353038393,-0.026479137584562773,0.026479137584562773,0.026479137584562773,-0.0015864497423172107,-0.01786503198032085,0.07131906259050338,0.005838463515369201,0
2787.png,H1,0.0037575960159301,0.5122106671333313,0.9912568306010929,0.008743169398907069,0.995609220636663,0.00040362167775642146,0.9705126773148666,0.029487322685133432,0.9850357102369346,0.0021690773676834073,-0.011724972231915487,0.011724972231915487,0.011724972231915487,0.0005521649122237891,-0.03694257355513863,-0.018677182799480586,-0.008915701837278085,1
2794.png,H1,0.0026634931564331,0.3828250467777252,0.9968152866242038,0.0031847133757961776,0.9984051036682615,0.00012366575986691545,1.0,0.0,1.0,0.0,0.0,0.0,-0.0,-0.000541937947273211,-0.04250102957824952,-0.04816450548461402,-0.020640674069193572,0
2801.png,H1,0.0015840530395507,0.3081599473953247,0.9556509298998569,0.044349070100143106,0.9773226042428675,0.0032439309190803027,0.9837362911266201,0.016263708873379912,0.9918014763624942,0.001191061147110506,-0.003919943347344967,0.003919943347344967,0.003919943347344967,-0.0016213780641556109,-0.0013366728539025916,-0.03190079661123411,-0.016720730721848605,0
2807.png,H1,0.0027230978012084,0.3771629631519317,0.9889589905362776,0.01104100946372244,0.9944488501189532,0.00045160066013574785,1.0,0.0,1.0,0.0,0.0,0.0,-0.0,-0.000482333302497911,-0.03464473349032326,-0.04816450548461402,-0.020640674069193572,0
2810.png,H1,0.0026634931564331,0.3828250467777252,0.9628647214854111,0.037135278514588865,0.981081081081081,0.00010695661116899803,1.0,0.0,1.0,0.0,0.0,0.0,-0.0,-0.000541937947273211,-0.008550464439456833,-0.04816450548461402,-0.020640674069193572,0
2816.png,H1,0.0110187530517578,0.7957764863967896,0.7421568627450981,0.25784313725490193,0.8519977490151941,0.004344156785774624,0.9829931972789115,0.017006802721088454,0.9914236706689536,0.0001638648310459129,0.0,0.0,-0.0,0.00781332194805149,0.21215739430085623,-0.031157702763525565,-0.020640674069193572,2
2825.png,H1,0.0037575960159301,0.5122106671333313,0.9846153846153847,0.01538461538461533,0.9922480620155039,0.0004787901436524474,1.0,0.0,1.0,0.0,0.0,0.0,-0.0,0.0005521649122237891,-0.030301127569430368,-0.04816450548461402,-0.020640674069193572,1
2827.png,H1,0.0032424926757812,0.4489583373069763,0.9911218724778047,0.0088781275221953,0.9955411430887718,0.00035216587159213764,1.0,0.0,1.0,0.0,0.0,0.0,-0.0,3.706157207488932e-05,-0.0368076154318504,-0.04816450548461402,-0.020640674069193572,0
2835.png,H1,0.0021952986717224,0.3097307384014129,0.9477503628447025,0.05224963715529751,0.9731743666169895,0.001067731951547603,1.0,0.0,1.0,0.0,0.0,0.0,-0.0,-0.0010101324319839108,0.0065638942012518145,-0.04816450548461402,-0.020640674069193572,0
2846.png,H1,0.0026634931564331,0.3828250467777252,0.9971671388101983,0.0028328611898017497,0.9985815602836879,0.0001215670554851085,1.0,0.0,1.0,0.0,0.0,0.0,-0.0,-0.000541937947273211,-0.04285288176424395,-0.04816450548461402,-0.020640674069193572,0
2866.png,H1,0.0015468597412109,0.2861835658550262,0.968915343915344,0.031084656084656048,0.9842122942559623,0.0011408265334914853,0.9721371708511941,0.02786282914880589,0.9858717590436268,0.0007004045217780429,0.010878768028276475,0.010878768028276475,-0.010878768028276475,-0.0016585713624954108,-0.01460108686938965,-0.02030167633580813,-0.009761906040917097,0
2871.png,H1,0.0016189813613891,0.2939074039459228,0.9886519944979367,0.011348005502063274,0.994293619228774,0.0009389632646794124,0.9954666076957098,0.004533392304290174,0.9977281542638665,4.104953435796474e-05,-4.876420358679301e-05,4.876420358679301e-05,4.876420358679301e-05,-0.0015864497423172107,-0.034337737451982424,-0.043631113180323845,-0.02059190986560678,0
2875.png,H1,0.0032315254211425,0.4727573096752167,0.9899159663865547,0.010084033613445342,0.9949324324324325,0.0003514347234111297,1.0,0.0,1.0,0.0,0.0,0.0,-0.0,2.6094317436189257e-05,-0.035601709340600356,-0.04816450548461402,-0.020640674069193572,0
2877.png,H1,0.0029966831207275,0.4376173317432403,0.9717282261741906,0.028271773825809365,0.9856614246068455,0.0011903710486160534,1.0,0.0,1.0,0.0,0.0,0.0,-0.0,-0.00020874798297881077,-0.017413969128236333,-0.04816450548461402,-0.020640674069193572,0
2878.png,H1,0.0037575960159301,0.5122106671333313,0.9490740740740741,0.05092592592592593,0.9738717339667459,0.0015182886368229175,0.9956803455723542,0.004319654427645814,0.9978354978354979,3.56740405309184e-05,0.001998324657399464,0.001998324657399464,-0.001998324657399464,0.0005521649122237891,0.005240182971880232,-0.043844851056968205,-0.018642349411794108,1
2882.png,H1,0.0037575960159301,0.5122106671333313,0.9172705314009661,0.08272946859903385,0.9568503937007874,0.0012501657286505578,0.8874610106051154,0.1125389893948846,0.9403754627181385,0.0035929874196535556,0.014596610979163982,0.014596610979163982,-0.014596610979163982,0.0005521649122237891,0.03704372564498815,0.06437448391027059,-0.00604406309002959,1
2883.png,H1,0.0033844709396362,0.452750027179718,0.9803395889186773,0.01966041108132266,0.990072202166065,0.0007959119788114197,0.9964200477326969,0.0035799522673031214,0.9982068141063957,5.401643179216113e-05,-7.97655176970613e-05,7.97655176970613e-05,7.97655176970613e-05,0.0001790398359298893,-0.02602533187272304,-0.0445845532173109,-0.02056090855149651,1
2884.png,H1,0.0033844709396362,0.452750027179718,0.87146529562982,0.12853470437018,0.9313186813186813,0.0009638606080513394,0.989149057681325,0.010850942318675005,0.9945449325294287,0.00015599379759428516,0.0032345877262184297,0.0032345877262184297,-0.0032345877262184297,0.0001790398359298893,0.08284896141613429,-0.037313563165939014,-0.017406086342975143,1
2885.png,H1,0.0029966831207275,0.4376173317432403,0.9461883408071748,0.053811659192825156,0.9723502304147466,0.0041823118571691015,0.6853108878631551,0.3146891121368449,0.8132753342999839,0.0076418337420798765,0.0723058611593643,0.0723058611593643,-0.0723058611593643,-0.00020874798297881077,0.008125916238779458,0.2665246066522309,0.051665187090170726,0
2886.png,H1,0.0029966831207275,0.4376173317432403,0.9392774788624135,0.06072252113758647,0.9686880697582243,0.00031630600941199216,0.8947874129233726,0.1052125870766274,0.9444726166328601,0.0023964520802564715,-0.008579501493285346,0.008579501493285346,0.008579501493285346,-0.00020874798297881077,0.015036778183540774,0.057048081592013376,-0.012061172575908226,0
2891.png,H1,0.0036389827728271,0.4204681515693664,0.9742310889443059,0.02576891105569412,0.9869473684210527,0.0009894272602358443,1.0,0.0,1.0,0.0,0.0,0.0,-0.0,0.00043355166912078906,-0.019916831898351577,-0.04816450548461402,-0.020640674069193572,1
2895.png,H1,0.0036389827728271,0.4204681515693664,0.9950980392156863,0.004901960784313708,0.9975429975429976,0.00014856820125633095,1.0,0.0,1.0,0.0,0.0,0.0,-0.0,0.00043355166912078906,-0.04078378216973199,-0.04816450548461402,-0.020640674069193572,1
2897.png,H1,0.0031216144561767,0.4063637554645538,0.9220452640402347,0.07795473595976532,0.9594417793283908,0.003826370537757155,0.9993240198287517,0.0006759801712482583,0.9996618956384538,1.8248693227322397e-05,8.433233105253901e-05,8.433233105253901e-05,-8.433233105253901e-05,-8.381664752961067e-05,0.03226899300571962,-0.04748852531336576,-0.020556341738141033,0
2898.png,H1,0.0026634931564331,0.3828250467777252,0.9642857142857143,0.0357142857142857,0.9818181818181818,0.001686207983972585,0.9988974641675854,0.0011025358324145973,0.9994484280198566,1.818693596950436e-05,0.0002132364450599944,0.0002132364450599944,-0.0002132364450599944,-0.000541937947273211,-0.00997145723976,-0.04706196965219942,-0.020427437624133578,0
2910.png,H1,0.0032315254211425,0.4727573096752167,0.9535693557748114,0.04643064422518861,0.976232917409388,0.0020898234565200555,0.9103837911552698,0.0896162088447302,0.9530899449316745,0.004355658271901827,0.0,0.0,-0.0,2.6094317436189257e-05,0.0007449012711429129,0.041451703360116186,-0.020640674069193572,0
2912.png,H1,0.0032315254211425,0.4727573096752167,0.703227931488801,0.29677206851119897,0.8257590408044866,0.03368004793754885,0.3048031416775753,0.6951968583224247,0.4672017286618305,0.05487693946807475,-0.43398764485572533,0.43398764485572533,0.43398764485572533,2.6094317436189257e-05,0.25108632555715327,0.6470323528378107,0.41334697078653176,0
2916.png,H1,0.0037575960159301,0.5122106671333313,0.9872173058013766,0.012782694198623434,0.9935675408213755,0.00012948266922803238,1.0,0.0,1.0,0.0,0.0,0.0,-0.0,0.0005521649122237891,-0.032903048755422264,-0.04816450548461402,-0.020640674069193572,1
2920.png,H1,0.0032315254211425,0.4727573096752167,0.9733879222108496,0.026612077789150423,0.9865145228215768,0.0014052972370639542,0.8985249237029501,0.10147507629704988,0.9465505693235097,0.005929718084545766,-0.04843500096575226,0.04843500096575226,0.04843500096575226,2.6094317436189257e-05,-0.019073665164895275,0.05331057081243586,0.02779432689655869,0
2924.png,H1,0.0029966831207275,0.4376173317432403,0.9629629629629629,0.03703703703703709,0.9811320754716981,0.0018619134417762243,0.9417372881355932,0.05826271186440679,0.9699945444626296,0.002804310569905596,-0.026062036814258782,0.026062036814258782,0.026062036814258782,-0.00020874798297881077,-0.008648705917008608,0.010098206379792772,0.00542136274506521,0
2927.png,H1,0.0114455819129943,0.8069457411766052,0.9704684317718941,0.029531568228105876,0.9850129198966409,0.00108676232952797,0.9989775051124744,0.0010224948875255935,0.9994884910485934,2.9728861684381543e-05,0.0005551223770222657,0.0005551223770222657,-0.0005551223770222657,0.008240150809287989,-0.016154174725939822,-0.047142010597088425,-0.020085551692171306,2
2933.png,H1,0.0029966831207275,0.4376173317432403,0.9966254218222722,0.003374578177727794,0.9983098591549295,0.0001157790613976433,1.0,0.0,1.0,0.0,0.0,0.0,-0.0,-0.00020874798297881077,-0.042311164776317904,-0.04816450548461402,-0.020640674069193572,0
2940.png,H1,0.0027230978012084,0.3771629631519317,0.9348159509202454,0.06518404907975461,0.9663099484740388,0.0008663257710602122,1.0,0.0,1.0,0.0,0.0,0.0,-0.0,-0.000482333302497911,0.019498306125708915,-0.04816450548461402,-0.020640674069193572,0
2941.png,H1,0.0027230978012084,0.3771629631519317,0.953857421875,0.046142578125,0.9763838560539797,0.0009332419164614689,0.9973111708628697,0.002688829137130311,0.9986537755476685,3.341640828079356e-05,-0.0009852787028680199,0.0009852787028680199,0.0009852787028680199,-0.000482333302497911,0.000456835170954302,-0.04547567634748371,-0.019655395366325552,0
2943.png,H1,0.0029966831207275,0.4376173317432403,0.9751364463311097,0.02486355366889026,0.987411728584587,0.0006624628667581243,0.9972677595628415,0.002732240437158473,0.9986320109439124,0.00010216249078444752,0.0008339034583302318,0.0008339034583302318,-0.0008339034583302318,-0.00020874798297881077,-0.02082218928515544,-0.045432265047455546,-0.01980677061086334,0
2947.png,H1,0.0017820596694946,0.3004602193832397,0.9868565169769989,0.013143483023001057,0.9933847850055126,0.0006239473886094847,0.9217912330495112,0.07820876695048884,0.9593042336724648,0.003028581300540204,0.027871213384097815,0.027871213384097815,-0.027871213384097815,-0.0014233714342117107,-0.03254225993104464,0.03004426146587482,0.007230539314904243,0
2951.png,H1,0.0029966831207275,0.4376173317432403,0.9829389102916896,0.01706108970831044,0.9913960588398557,0.0005985006419049818,0.9959189417393752,0.00408105826062477,0.9979552985969118,0.0001798915263583961,-0.0019209652218308282,0.0019209652218308282,0.0019209652218308282,-0.00020874798297881077,-0.02862465324573526,-0.04408344722398925,-0.018719708847362744,0
2955.png,H1,0.0114455819129943,0.8069457411766052,0.9341463414634147,0.06585365853658531,0.9659520807061791,0.002950876935803061,0.9862027594481104,0.013797240551889578,0.9930534581697372,0.00041508776145533424,-0.006508407526198523,0.006508407526198523,0.006508407526198523,0.008240150809287989,0.020167915582539615,-0.03436726493272444,-0.01413226654299505,2
2957.png,H1,0.0032424926757812,0.4489583373069763,0.9570119802677942,0.042988019732205784,0.9780338494778538,0.0016062721935837334,0.9518147684605757,0.048185231539424334,0.9753126001923693,0.001958913234990026,0.0008477566430092898,0.0008477566430092898,-0.0008477566430092898,3.706157207488932e-05,-0.0026977232218399136,2.0726054810314698e-05,-0.019792917426184282,0
2958.png,H1,0.0032315254211425,0.4727573096752167,0.9618366129994037,0.038163387000596294,0.9805471124620061,0.0006572626615528659,1.0,0.0,1.0,0.0,0.0,0.0,-0.0,2.6094317436189257e-05,-0.007522355953449404,-0.04816450548461402,-0.020640674069193572,0
2959.png,H1,0.0032424926757812,0.4489583373069763,0.9694002447980417,0.030599755201958345,0.9844623990055935,0.0006489546303477035,0.9465334900117509,0.05346650998824909,0.9725324479323876,0.002635975331076926,0.018763160434614123,0.018763160434614123,-0.018763160434614123,3.706157207488932e-05,-0.015085987752087353,0.00530200450363507,-0.0018775136345794488,0
2961.png,H1,0.0036389827728271,0.4204681515693664,0.9798301486199575,0.02016985138004246,0.9898123324396783,0.0008118476155875013,0.979740680713128,0.02025931928687197,0.9897666803110929,0.0011798367814580839,-0.008453536399454564,0.008453536399454564,0.008453536399454564,0.00043355166912078906,-0.02551589157400324,-0.02790518619774205,-0.012187137669739008,1
2968.png,H1,0.0033844709396362,0.452750027179718,0.9278350515463918,0.07216494845360821,0.9625668449197861,0.00363481001603972,0.9984084880636604,0.0015915119363395513,0.9992036102999734,5.067679111399235e-05,-6.094420113511578e-05,6.094420113511578e-05,6.094420113511578e-05,0.0001790398359298893,0.026479205499562515,-0.04657299354827447,-0.020579729868058456,1
2969.png,H1,0.0036389827728271,0.4204681515693664,0.8873038516405135,0.11269614835948649,0.9402872260015117,0.004879256862201635,0.9058775174681464,0.09412248253185362,0.9506146215225362,0.002719974254084385,-0.039089083439946326,0.039089083439946326,0.039089083439946326,0.00043355166912078906,0.06701040540544079,0.045957977047239605,0.018448409370752754,1
2977.png,H1,0.0037575960159301,0.5122106671333313,1.0,0.0,1.0,0.0,1.0,0.0,1.0,0.0,0.0,0.0,-0.0,0.0005521649122237891,-0.0456857429540457,-0.04816450548461402,-0.020640674069193572,1
2978.png,H1,0.0032315254211425,0.4727573096752167,0.9864864864864865,0.013513513513513487,0.9931972789115646,0.0005927938518125272,1.0,0.0,1.0,0.0,0.0,0.0,-0.0,2.6094317436189257e-05,-0.03217222944053221,-0.04816450548461402,-0.020640674069193572,0
2979.png,H1,0.0110187530517578,0.7957764863967896,0.9543773119605425,0.04562268803945746,0.9766561514195583,0.0016125364090666667,0.9652146662488248,0.03478533375117521,0.9822994737681391,0.0011167556449532842,0.00366187649015004,0.00366187649015004,-0.00366187649015004,0.00781332194805149,-6.305491458823836e-05,-0.013379171733438812,-0.016978797579043532,2
2980.png,H1,0.0029966831207275,0.4376173317432403,0.9855222337125129,0.014477766287487093,0.9927083333333333,0.00045687980577069386,1.0,0.0,1.0,0.0,0.0,0.0,-0.0,-0.00020874798297881077,-0.031207976666558605,-0.04816450548461402,-0.020640674069193572,0
2981.png,H1,0.0032315254211425,0.4727573096752167,0.9720744680851063,0.027925531914893664,0.98583951449764,0.0005686936090144977,0.9893175074183976,0.010682492581602365,0.9946300715990454,0.00020415838607204553,-0.004662692571027471,0.004662692571027471,0.004662692571027471,2.6094317436189257e-05,-0.017760211039152034,-0.037482012903011654,-0.0159779814981661,0
2982.png,H1,0.0029448866844177,0.4557614028453827,0.8466716529543755,0.15332834704562448,0.9169704333738355,0.008499058183736806,0.0,1.0,0.0,0.08834128979915556,-0.8929778445362373,0.8929778445362373,0.8929778445362373,-0.0002605444192886109,0.10764260409157878,0.951835494515386,0.8723371704670437,0
2984.png,H1,0.0033844709396362,0.452750027179718,0.995674740484429,0.004325259515570945,0.9978326831382748,0.00011729509388253264,1.0,0.0,1.0,0.0,0.0,0.0,-0.0,0.0001790398359298893,-0.04136048343847475,-0.04816450548461402,-0.020640674069193572,1
2990.png,H1,0.0015469193458557,0.3541925549507141,0.9764216366158114,0.023578363384188616,0.9880701754385965,0.001106346523505501,1.0,0.0,1.0,0.0,0.0,0.0,-0.0,-0.0016585117578506107,-0.02210737956985708,-0.04816450548461402,-0.020640674069193572,0
2991.png,H1,0.0032315254211425,0.4727573096752167,0.9581673306772909,0.041832669322709126,0.9786368260427264,0.002588421886165756,0.9969566320060868,0.0030433679939132485,0.9984759969519938,9.17872371420142e-05,-0.0008493833754001923,0.0008493833754001923,0.0008493833754001923,2.6094317436189257e-05,-0.003853073631336572,-0.04512113749070077,-0.01979129069379338,0
3001.png,H1,0.0036389827728271,0.4204681515693664,0.9886792452830189,0.01132075471698113,0.9943074003795066,0.00016677645285056192,0.9047822374039283,0.09521776259607173,0.9500112082492714,0.002330970405933434,0.0010761369112923993,0.0010761369112923993,-0.0010761369112923993,0.00043355166912078906,-0.03436498823706457,0.04705325711145771,-0.01956453715790117,1
3008.png,H1,0.0017820596694946,0.3004602193832397,0.9703049759229535,0.029695024077046495,0.984928716904277,0.0016251041085248174,1.0,0.0,1.0,0.0,0.0,0.0,-0.0,-0.0014233714342117107,-0.015990718876999203,-0.04816450548461402,-0.020640674069193572,0
3015.png,H1,0.0031216144561767,0.4063637554645538,0.9113622843545509,0.08863771564544909,0.9536258948023654,0.0033920684299989967,0.9984725050916496,0.0015274949083503575,0.999235668789809,1.8788704461343237e-05,0.00021823838384138483,0.00021823838384138483,-0.00021823838384138483,-8.381664752961067e-05,0.04295197269140339,-0.04663701057626366,-0.020422435685352187,0
3016.png,H1,0.0032424926757812,0.4489583373069763,0.9356948228882834,0.06430517711171657,0.9667792792792793,0.00254893407219777,0.9805668016194332,0.019433198380566785,0.9901880621422731,0.0009498291558399407,-0.005908661120774372,0.005908661120774372,0.005908661120774372,3.706157207488932e-05,0.018619434157670874,-0.028731307104047234,-0.0147320129484192,0
3018.png,H1,0.0032315254211425,0.4727573096752167,0.9800374298190893,0.019962570180910744,0.9899180844360429,0.0007620860721631637,0.9946188340807175,0.0053811659192825045,0.9973021582733813,0.00015033613977693717,-0.0018460316066731819,0.0018460316066731819,0.0018460316066731819,2.6094317436189257e-05,-0.025723172773134954,-0.042783339565331514,-0.01879464246252039,0
3021.png,H1,0.0114455819129943,0.8069457411766052,1.0,0.0,1.0,0.0,1.0,0.0,1.0,0.0,0.0,0.0,-0.0,0.008240150809287989,-0.0456857429540457,-0.04816450548461402,-0.020640674069193572,2
3031.png,H1,0.0015840530395507,0.3081599473953247,0.975177304964539,0.024822695035460973,0.9874326750448833,0.0015391763098905604,1.0,0.0,1.0,0.0,0.0,0.0,-0.0,-0.0016213780641556109,-0.020863047918584725,-0.04816450548461402,-0.020640674069193572,0
3039.png,H1,0.0114455819129943,0.8069457411766052,0.0,1.0,0.0,0.3314785149005511,0.0,1.0,0.0,0.3590853747912679,-0.7546239210850801,0.7546239210850801,0.7546239210850801,0.008240150809287989,0.9543142570459543,0.951835494515386,0.7339832470158866,2
3045.png,H1,0.0032315254211425,0.4727573096752167,0.9738527214514408,0.02614727854855925,0.9867531765341985,0.0014618509550615262,0.998520436471241,0.001479563528758998,0.9992596705533963,3.102425296866389e-05,-0.00048141050419481246,0.00048141050419481246,0.00048141050419481246,2.6094317436189257e-05,-0.01953846440548645,-0.04668494195585502,-0.02015926356499876,0
3046.png,H1,0.0110187530517578,0.7957764863967896,0.8165024630541872,0.18349753694581283,0.8989830508474577,0.010808856623754774,0.8190905251302266,0.18090947486977338,0.9005494930732916,0.007384939537866087,0.017345253933528593,0.017345253933528593,-0.017345253933528593,0.00781332194805149,0.13781179399176713,0.13274496938515937,-0.0032954201356649795,2
3047.png,H1,0.0029966831207275,0.4376173317432403,0.9735023041474654,0.026497695852534586,0.986573263280794,0.0006363755992208278,0.9987819732034104,0.0012180267965895553,0.9993906154783668,3.539331479190845e-05,-0.0006617826599252252,0.0006617826599252252,0.0006617826599252252,-0.00020874798297881077,-0.019188047101511112,-0.046946478688024464,-0.019978891409268347,0
3051.png,H1,0.0029966831207275,0.4376173317432403,0.9653333333333334,0.03466666666666662,0.9823609226594301,0.0014670962019979125,0.999578947368421,0.00042105263157898865,0.9997894293535481,4.734741562237457e-06,-4.708762443772496e-05,4.708762443772496e-05,4.708762443772496e-05,-0.00020874798297881077,-0.011019076287379075,-0.04774345285303503,-0.020593586444755847,0
3056.png,H1,0.0029966831207275,0.4376173317432403,0.8739642389882251,0.12603576101177494,0.9327437747265535,0.0022749164408691173,0.8742725880551302,0.1257274119448698,0.9329193561565488,0.007082114382463802,0.018647351225687114,0.018647351225687114,-0.018647351225687114,-0.00020874798297881077,0.08035001805772923,0.07756290646025579,-0.001993322843506458,0
3063.png,H1,0.004586637020111,0.4103782773017883,0.9339378238341969,0.06606217616580312,0.9658405894172807,0.0030205629848355305,0.9770459081836327,0.022954091816367317,0.9883897021706209,0.0008565939827507836,0.0011505143475907254,0.0011505143475907254,-0.0011505143475907254,0.001381205916404689,0.020376433211757423,-0.025210413668246702,-0.019490159721602847,1
7.png,H2,0.0035474300384521,0.3882750272750854,0.9827160493827161,0.01728395061728394,0.9912826899128269,0.0007161931423329033,0.9629770992366412,0.03702290076335879,0.981139412794089,0.0013512341516783097,-0.02087188979688248,0.02087188979688248,0.02087188979688248,-0.011068912347157797,-0.06851371983433692,-0.03800493276376307,-0.011427586831328614,1
13.png,H2,0.0058540105819702,0.6064625382423401,0.9598100109609061,0.040189989039093876,0.9794929157345265,0.0006138358195934096,0.99717895253281,0.00282104746719003,0.9985874838788921,0.00023618866608158317,0.0012559303397160493,0.0012559303397160493,-0.0012559303397160493,-0.008762331803639698,-0.04560768141252698,-0.07220678605993183,-0.031043546288495046,1
16.png,H2,0.0080246925354003,0.6841842532157898,0.8644536652835408,0.13554633471645916,0.9272997032640949,0.0006809633605611692,0.9314720812182741,0.06852791878172593,0.9645203679369251,0.0015091922890094784,0.020657692333084676,0.020657692333084676,-0.020657692333084676,-0.006591649850209597,0.0497486642648383,-0.006499914745395935,-0.011641784295126419,1
25.png,H2,0.0010244846343994,0.2187187820672989,0.9804618117229129,0.019538188277087087,0.9901345291479821,0.0007922608944000438,1.0,0.0,1.0,0.0,0.0,0.0,-0.0,-0.013591857751210497,-0.06625948217453377,-0.07502783352712186,-0.032299476628211095,0
28.png,H2,0.0020650029182434,0.2959560453891754,0.9966442953020134,0.003355704697986628,0.9983193277310924,0.00012586261206247692,1.0,0.0,1.0,0.0,0.0,0.0,-0.0,-0.012551339467366498,-0.08244196575363423,-0.07502783352712186,-0.032299476628211095,0
32.png,H2,0.0026031136512756,0.3690568506717682,0.9697732997481109,0.030226700251889116,0.9846547314578005,0.0015268988744348356,0.9662676822633297,0.03373231773667029,0.9828444936358606,0.0008536576793601106,0.009205584110519305,0.009205584110519305,-0.009205584110519305,-0.012013228734334297,-0.05557097019973174,-0.04129551579045157,-0.02309389251769179,0
41.png,H2,0.0437069535255432,1.3514946699142456,0.9302134646962233,0.06978653530377665,0.9638451722671204,0.001682726727197246,0.9979822437449556,0.0020177562550444117,0.998990103009493,6.436159217934513e-05,-0.000554918596652243,0.000554918596652243,0.000554918596652243,0.029090611139933303,-0.016011135147844205,-0.07301007727207745,-0.03174455803155885,3
55.png,H2,0.0483521819114685,1.3183501958847046,0.8406940063091483,0.15930599369085174,0.9134532990574121,0.0038553727834235163,0.9515380150899594,0.04846198491004061,0.9751672862453532,0.0011544616545736484,-0.017582655856564156,0.017582655856564156,0.017582655856564156,0.0337358395258586,0.07350832323923089,-0.02656584861708125,-0.01471682077164694,3
56.png,H2,0.0058540105819702,0.6064625382423401,0.9968847352024922,0.0031152647975077885,0.9984399375975039,0.0001227200432311525,1.0,0.0,1.0,0.0,0.0,0.0,-0.0,-0.008762331803639698,-0.08268240565411307,-0.07502783352712186,-0.032299476628211095,1
66.png,H2,0.0483521819114685,1.3183501958847046,0.7193300135808058,0.28066998641919416,0.8367561874670879,0.015662802042477508,0.9800399201596807,0.019960079840319334,0.9899193548387096,0.0008301596051443874,-0.0076218287683602615,0.0076218287683602615,0.0076218287683602615,0.0337358395258586,0.19487231596757332,-0.05506775368680253,-0.024677647859850833,3
67.png,H2,0.0080246925354003,0.6841842532157898,0.9462686567164179,0.05373134328358209,0.9723926380368099,0.0026540178274749105,0.9974171330176496,0.00258286698235044,0.9987068965517242,3.922434725196585e-05,8.755956076955673e-05,8.755956076955673e-05,-8.755956076955673e-05,-0.006591649850209597,-0.03206632716803877,-0.07244496654477142,-0.03221191706744154,1
70.png,H2,0.0321460962295532,1.194766879081726,0.9492697924673328,0.050730207532667215,0.9739747634069401,0.002671467143287481,0.9828994384890251,0.017100561510974943,0.991375981464796,0.00030165424459653286,-0.006727044732187215,0.006727044732187215,0.006727044732187215,0.017529753843943306,-0.03506746291895364,-0.05792727201614692,-0.02557243189602388,2
86.png,H2,0.0020650029182434,0.2959560453891754,0.972897568752491,0.027102431247508996,0.9862626262626263,0.0005575080087664345,0.9825921823073271,0.017407817692672856,0.9912196679438059,0.0010095264158762553,-0.005404895687255218,0.005404895687255218,0.005404895687255218,-0.012551339467366498,-0.05869523920411186,-0.05762001583444901,-0.026894580940955877,0
93.png,H2,0.0321460962295532,1.194766879081726,0.8467741935483871,0.15322580645161288,0.9170305676855895,0.006698255930566315,0.9753573188762937,0.024642681123706267,0.9875249500998003,0.00039225449619611645,-0.008579423326426694,0.008579423326426694,0.008579423326426694,0.017529753843943306,0.06742813599999202,-0.050385152403415595,-0.0237200533017844,2
99.png,H2,0.0157580971717834,0.8849047422409058,0.954864593781344,0.04513540621865597,0.9769112365315546,0.0015684644345110397,0.9766014576141159,0.023398542385884125,0.9881622355909179,0.0003906407599526493,-0.0027999619780185725,0.0027999619780185725,0.0027999619780185725,0.0011417547861735013,-0.04066226423296489,-0.05162929114123774,-0.029499514650192522,2
100.png,H2,0.0346323251724243,1.1886334419250488,0.9444444444444444,0.05555555555555558,0.9714285714285714,0.0021480470531719245,0.9955513187162377,0.004448681283762301,0.9977707006369426,0.00012716113559820672,0.0008431859828238464,0.0008431859828238464,-0.0008431859828238464,0.020015982786814407,-0.030242114896065278,-0.07057915224335956,-0.03145629064538725,3
102.png,H2,0.0376307964324951,1.4473339319229126,0.9454225352112676,0.05457746478873238,0.971945701357466,0.0015775467000716597,0.9515732546705998,0.04842674532940017,0.9751857916614183,0.001887930619750984,-0.025057427307622393,0.025057427307622393,0.025057427307622393,0.023014454046885208,-0.03122020566288848,-0.026601088197721695,-0.007242049320588702,3
108.png,H2,0.0036895275115966,0.4182146489620209,0.9722562219502244,0.02774377804977557,0.9859329747621017,0.0005653956429875303,1.0,0.0,1.0,0.0,0.0,0.0,-0.0,-0.010926814874013297,-0.05805389240184529,-0.07502783352712186,-0.032299476628211095,1
114.png,H2,0.0376307964324951,1.4473339319229126,0.9212376933895922,0.07876230661040784,0.95900439238653,0.001953649654101081,0.9988649262202043,0.0011350737797957144,0.9994321408290744,3.499766003100648e-05,-0.0005368788390783807,0.0005368788390783807,0.0005368788390783807,0.023014454046885208,-0.007035363841213019,-0.07389275974732615,-0.031762597789132714,3
117.png,H2,0.0319314002990722,1.1989232301712036,0.8769035532994924,0.12309644670050757,0.9344151453684922,0.006201276060360758,0.9896217712177122,0.01037822878228778,0.9947838182450446,0.00031542379771404825,-3.353898476743389e-05,3.353898476743389e-05,3.353898476743389e-05,0.017315057913462308,0.03729877624888671,-0.06464960474483408,-0.03226593764344366,2
121.png,H2,0.0107587575912475,0.8088658452033997,0.9005708848715509,0.0994291151284491,0.9476846057571965,0.008333775127440234,0.9957913998170174,0.004208600182982636,0.9978912624919777,0.00011123863165715621,-0.001073953138252981,0.001073953138252981,0.001073953138252981,-0.0038575847943623977,0.013631444676828239,-0.07081923334413923,-0.031225523489958114,2
122.png,H2,0.0058540105819702,0.6064625382423401,0.9863945578231292,0.013605442176870763,0.9931506849315068,0.0008833440769195781,0.999410493220672,0.0005895067793280084,0.9997051597051597,2.135705350449235e-05,0.00010856582610963006,0.00010856582610963006,-0.00010856582610963006,-0.008762331803639698,-0.0721922282747501,-0.07443832674779385,-0.032190910802101465,1
124.png,H2,0.0036895275115966,0.4182146489620209,0.9520865533230294,0.04791344667697062,0.9754552652414885,0.0015912233308198024,0.9432457786116323,0.05675422138836772,0.9707941105479121,0.002530219377408172,0.003146774730981017,0.003146774730981017,-0.003146774730981017,-0.010926814874013297,-0.03788422377465024,-0.01827361213875414,-0.029152701897230078,1
128.png,H2,0.0483521819114685,1.3183501958847046,0.937046004842615,0.06295399515738498,0.9675,0.003740124183890385,0.8849191425347875,0.11508085746521246,0.9389465283320032,0.004175540591974649,-0.045630858836504085,0.045630858836504085,0.045630858836504085,0.0337358395258586,-0.02284367529423588,0.0400530239380906,0.01333138220829299,3
131.png,H2,0.0107587575912475,0.8088658452033997,0.9450213805742211,0.05497861942577886,0.9717336683417085,0.0024170260876616133,1.0,0.0,1.0,0.0,0.0,0.0,-0.0,-0.0038575847943623977,-0.030819051025841995,-0.07502783352712186,-0.032299476628211095,2
138.png,H2,0.0076861381530761,0.6659952402114868,0.9895833333333334,0.01041666666666663,0.9947643979057592,0.0004975073145371836,1.0,0.0,1.0,0.0,0.0,0.0,-0.0,-0.0069302042325337975,-0.07538100378495423,-0.07502783352712186,-0.032299476628211095,1
150.png,H2,0.0010244846343994,0.2187187820672989,0.9795501022494888,0.020449897750511203,0.9896694214876033,0.0013634253545097305,0.9989091900736297,0.0010908099263703397,0.9994542974079127,4.16487173142282e-05,-7.676397879019525e-06,7.676397879019525e-06,7.676397879019525e-06,-0.013591857751210497,-0.06534777270110965,-0.07393702360075152,-0.032291800230332075,0
152.png,H2,0.0020650029182434,0.2959560453891754,0.9771217712177122,0.022878228782287846,0.9884285181037701,0.0008050447331271966,1.0,0.0,1.0,0.0,0.0,0.0,-0.0,-0.012551339467366498,-0.06291944166933301,-0.07502783352712186,-0.032299476628211095,0
156.png,H2,0.0321460962295532,1.194766879081726,0.724929178470255,0.27507082152974505,0.840532107078338,0.03493632891695139,0.9914502849905004,0.008549715009499637,0.995706789632692,0.00020815227258766413,0.0025306347765488013,0.0025306347765488013,-0.0025306347765488013,0.017529753843943306,0.1892731510781242,-0.06647811851762223,-0.029768841851662294,2
167.png,H2,0.0376307964324951,1.4473339319229126,0.9605191995673337,0.03948080043266633,0.9798620689655172,0.0007469213541071186,0.9994033412887828,0.0005966587112171684,0.9997015816174276,1.4044007906805019e-05,0.00030751407797402486,0.00030751407797402486,-0.00030751407797402486,0.023014454046885208,-0.04631687001895453,-0.0744311748159047,-0.03199196255023707,3
169.png,H2,0.0014939308166503,0.2779935896396637,0.9280730005367687,0.07192699946323133,0.9626948775055679,0.001379301350288933,1.0,0.0,1.0,0.0,0.0,0.0,-0.0,-0.013122411568959597,-0.013870670988389525,-0.07502783352712186,-0.032299476628211095,0
174.png,H2,0.0012227296829223,0.2528821229934692,0.9901423877327492,0.009857612267250793,0.9950467804072647,0.0001354940013690218,1.0,0.0,1.0,0.0,0.0,0.0,-0.0,-0.013393612702687598,-0.07594005818437007,-0.07502783352712186,-0.032299476628211095,0
183.png,H2,0.0376307964324951,1.4473339319229126,0.8927710843373494,0.10722891566265058,0.9433481858688734,0.004673736039187928,0.9912188268352652,0.008781173164734812,0.9955900511554066,0.00020702583960419078,-5.163758788240269e-05,5.163758788240269e-05,5.163758788240269e-05,0.023014454046885208,0.021431245211029723,-0.06624666036238705,-0.03224783904032869,3
198.png,H2,0.0024211406707763,0.3451952040195465,0.9799528301886793,0.02004716981132071,0.9898749255509232,0.0009015912969760955,0.9988860007426662,0.0011139992573337976,0.9994426899498421,3.86806711542347e-05,0.0005209433591650825,0.0005209433591650825,-0.0005209433591650825,-0.012195201714833598,-0.06575050064030015,-0.07391383426978806,-0.03177853326904601,0
211.png,H2,0.0058540105819702,0.6064625382423401,0.9482758620689655,0.051724137931034475,0.9734513274336283,0.0015286140291966078,0.9639487870619946,0.036051212938005395,0.9816435066049065,0.0015210900331803078,0.008467044254947154,0.008467044254947154,-0.008467044254947154,-0.008762331803639698,-0.03407353252058638,-0.03897662058911647,-0.02383243237326394,1
217.png,H2,0.0012227296829223,0.2528821229934692,0.9643939393939394,0.03560606060606064,0.9818742768993444,0.0009844837172499302,1.0,0.0,1.0,0.0,0.0,0.0,-0.0,-0.013393612702687598,-0.05019160984556022,-0.07502783352712186,-0.032299476628211095,0
223.png,H2,0.0157580971717834,0.8849047422409058,0.8024730500951173,0.19752694990488273,0.8904133685136324,0.011950014765828165,0.932693506169762,0.06730649383023801,0.9651747710563653,0.004604868657667787,-0.02903587689302478,0.02903587689302478,0.02903587689302478,0.0011417547861735013,0.11172927945326187,-0.00772133969688385,-0.0032635997351863136,2
228.png,H2,0.0080246925354003,0.6841842532157898,0.7581423401688782,0.24185765983112184,0.8624356775300172,0.012593051997290541,0.9918264696636278,0.008173530336372248,0.9958964646464646,7.142187821771785e-05,-0.00017225951582555687,0.00017225951582555687,0.00017225951582555687,-0.006591649850209597,0.156059989379501,-0.06685430319074961,-0.03212721711238554,1
233.png,H2,0.0080246925354003,0.6841842532157898,0.9258793969849246,0.07412060301507539,0.9615133724722765,0.0006865110941192136,0.998379970544919,0.0016200294550809957,0.9991893286166998,2.723584147935481e-05,0.0006381948646786428,0.0006381948646786428,-0.0006381948646786428,-0.006591649850209597,-0.011677067436545466,-0.07340780407204087,-0.03166128176353245,1
234.png,H2,0.0076861381530761,0.6659952402114868,0.9050203527815468,0.0949796472184532,0.9501424501424501,0.005434707932780443,0.9864553314121037,0.01354466858789627,0.9931814884665603,0.000754281012343755,-0.00495455898831243,0.00495455898831243,0.00495455898831243,-0.0069302042325337975,0.009181976766832342,-0.06148316493922559,-0.027344917639898665,1
238.png,H2,0.0157580971717834,0.8849047422409058,0.944319036869827,0.05568096313017301,0.9713622291021672,0.0020927823239816896,0.5678776290630975,0.43212237093690253,0.724390243902439,0.0075359059876886165,0.22825261449778528,0.22825261449778528,-0.22825261449778528,0.0011417547861735013,-0.030116707321447847,0.3570945374097807,0.1959531378695742,2
246.png,H2,0.0012227296829223,0.2528821229934692,0.9954198473282443,0.004580152671755711,0.9977046671767407,0.00017937674462547255,1.0,0.0,1.0,0.0,0.0,0.0,-0.0,-0.013393612702687598,-0.08121751777986515,-0.07502783352712186,-0.032299476628211095,0
256.png,H2,0.0036895275115966,0.4182146489620209,0.9611069558713538,0.03889304412864625,0.9801678108314263,0.0015820236403555755,0.9977666108319375,0.002233389168062483,0.9988820570150923,6.0999320369639905e-05,0.0008730884928933591,0.0008730884928933591,-0.0008730884928933591,-0.010926814874013297,-0.04690462632297461,-0.07279444435905938,-0.031426388135317736,1
262.png,H2,0.0058540105819702,0.6064625382423401,0.9566854990583804,0.043314500941619594,0.9778633301251203,0.002398092586947099,0.999194847020934,0.0008051529790660261,0.999597261377366,3.080516241631042e-05,-0.00043021680793042805,0.00043021680793042805,0.00043021680793042805,-0.008762331803639698,-0.042483169510001265,-0.07422268054805584,-0.03186925982028067,1
263.png,H2,0.0010244846343994,0.2187187820672989,0.953709575142676,0.04629042485732404,0.976306394027913,0.002286623693179956,0.9983388704318937,0.0016611295681062677,0.999168744804655,5.554820767101658e-05,0.00038108786950130646,0.00038108786950130646,-0.00038108786950130646,-0.013591857751210497,-0.039507245594296816,-0.0733667039590156,-0.03191838875870979,0
284.png,H2,0.0107587575912475,0.8088658452033997,0.9840425531914894,0.015957446808510634,0.9919571045576407,0.0007793795366791503,1.0,0.0,1.0,0.0,0.0,0.0,-0.0,-0.0038575847943623977,-0.06984022364311022,-0.07502783352712186,-0.032299476628211095,2
296.png,H2,0.0024211406707763,0.3451952040195465,0.9050028105677347,0.09499718943226532,0.9501327825317203,0.0035101386510441985,0.8860328638497652,0.1139671361502348,0.939573091044869,0.006886624855306371,0.040824727083468626,0.040824727083468626,-0.040824727083468626,-0.012195201714833598,0.009199518980644458,0.03893930262311293,0.008525250455257531,0
304.png,H2,0.0076861381530761,0.6659952402114868,0.9591957421643997,0.040804257835600266,0.9791729550256565,0.002428398569636094,0.9702307556808173,0.02976924431918271,0.9848904783191774,0.0009923733038963243,-0.010268338074251981,0.010268338074251981,0.010268338074251981,-0.0069302042325337975,-0.04499341261602059,-0.045258589207939154,-0.022031138553959113,1
311.png,H2,0.0012227296829223,0.2528821229934692,0.9883018867924528,0.011698113207547212,0.9941165306509774,0.000524561112198512,0.9991326973113617,0.0008673026886383273,0.9995661605206074,5.431612547113606e-05,0.00040846560284457656,0.00040846560284457656,-0.00040846560284457656,-0.013393612702687598,-0.07409955724407365,-0.07416053083848353,-0.03189101102536652,0
321.png,H2,0.0036895275115966,0.4182146489620209,0.5667337357478203,0.43326626425217973,0.723458904109589,0.021320864630988347,0.8673849979278906,0.1326150020721094,0.9289835774522859,0.005816536088155207,0.053196946066525586,0.053196946066525586,-0.053196946066525586,-0.010926814874013297,0.3474685938005589,0.05758716854498755,0.02089746943831449,1
323.png,H2,0.0157580971717834,0.8849047422409058,0.9444444444444444,0.05555555555555558,0.9714285714285714,0.00037769249935235607,1.0,0.0,1.0,0.0,0.0,0.0,-0.0,0.0011417547861735013,-0.030242114896065278,-0.07502783352712186,-0.032299476628211095,2
324.png,H2,0.0157580971717834,0.8849047422409058,0.9523485364193329,0.047651463580667075,0.9755927475592747,0.0016030267513377505,0.656590084643289,0.34340991535671095,0.7927007299270074,0.02353079783290232,-0.1904613500875385,0.1904613500875385,0.1904613500875385,0.0011417547861735013,-0.03814620687095378,0.2683820818295891,0.15816187345932742,2
332.png,H2,0.0319314002990722,1.1989232301712036,0.9347408829174664,0.06525911708253362,0.9662698412698413,0.0037673485575024294,0.2645370601447467,0.7354629398552532,0.41839352674166175,0.04651870029896737,0.5305059523809523,0.5305059523809523,-0.5305059523809523,0.017315057913462308,-0.020538553369087234,0.6604351063281314,0.49820647575274124,2
333.png,H2,0.0036895275115966,0.4182146489620209,0.9451530612244898,0.05484693877551017,0.9718032786885246,0.0010413672856922115,0.9840499306518724,0.015950069348127593,0.9919608528486543,0.0005741296367914463,0.0065725879121179,0.0065725879121179,-0.0065725879121179,-0.010926814874013297,-0.03095073167611069,-0.05907776417899427,-0.025726888716093195,1
350.png,H2,0.0080246925354003,0.6841842532157898,0.9285714285714286,0.0714285714285714,0.9629629629629629,0.0028253011188364555,0.9975984630163305,0.0024015369836695166,0.9987977879297908,7.61432652113958e-05,0.0006733438631190136,0.0006733438631190136,-0.0006733438631190136,-0.006591649850209597,-0.014369099023049461,-0.07262629654345235,-0.03162613276509208,1
351.png,H2,0.0012227296829223,0.2528821229934692,0.9851485148514851,0.014851485148514865,0.9925187032418953,0.0006267590962873538,1.0,0.0,1.0,0.0,0.0,0.0,-0.0,-0.013393612702687598,-0.070946185303106,-0.07502783352712186,-0.032299476628211095,0
354.png,H2,0.0076861381530761,0.6659952402114868,0.9610458911419424,0.03895410885805761,0.9801360544217687,0.0010539518245097344,1.0,0.0,1.0,0.0,0.0,0.0,-0.0,-0.0069302042325337975,-0.046843561593563246,-0.07502783352712186,-0.032299476628211095,1
404.png,H2,0.0014939308166503,0.2779935896396637,0.979381443298969,0.020618556701030966,0.9895833333333334,0.0003769778619229405,0.9884086444007859,0.011591355599214093,0.9941705365082502,0.000498381616503751,-0.0037514014935735585,0.0037514014935735585,0.0037514014935735585,-0.013122411568959597,-0.06517911375058989,-0.06343647792790777,-0.028548075134637536,0
415.png,H2,0.0157580971717834,0.8849047422409058,0.8633776091081594,0.13662239089184058,0.9266802443991853,0.009685006111400716,0.9922374429223745,0.00776255707762552,0.9961035984414394,0.00012191230295627466,0.0006410463949234613,0.0006410463949234613,-0.0006410463949234613,0.0011417547861735013,0.050824720440219726,-0.06726527644949634,-0.031658430233287634,2
429.png,H2,0.0024211406707763,0.3451952040195465,0.9173826834104428,0.08261731658955718,0.9569114098586694,0.004136071131187515,0.99286023366508,0.0071397663349199725,0.9964173271088915,0.00012658833895320333,-0.0001909473063191891,0.0001909473063191891,0.0001909473063191891,-0.012195201714833598,-0.003180353862063681,-0.06788806719220189,-0.032108529321891906,0
442.png,H2,0.0157580971717834,0.8849047422409058,0.9401386263390044,0.05986137366099564,0.9691458265670673,0.002528037137587403,0.9988372093023256,0.0011627906976744429,0.9994182664339732,3.149750098991221e-05,0.00018346940647639975,0.00018346940647639975,-0.00018346940647639975,0.0011417547861735013,-0.025936296790625216,-0.07386504282944742,-0.032116007221734695,2
443.png,H2,0.0020650029182434,0.2959560453891754,0.9851801953519703,0.014819804648029677,0.9925347811333559,0.000511551074303459,0.996976483762598,0.0030235162374020463,0.9984859530084674,0.00018903879055923682,-0.00041845885514979475,0.00041845885514979475,0.00041845885514979475,-0.012551339467366498,-0.07097786580359118,-0.07200431728971982,-0.0318810177730613,0
445.png,H2,0.0012227296829223,0.2528821229934692,0.9856819894498869,0.014318010550113058,0.9927893738140418,0.0008485661209565962,1.0,0.0,1.0,0.0,0.0,0.0,-0.0,-0.013393612702687598,-0.0714796599015078,-0.07502783352712186,-0.032299476628211095,0
452.png,H2,0.0327348709106445,1.2725229263305664,0.9056603773584906,0.09433962264150941,0.9504950495049505,0.0017384519463918276,0.9867330016583747,0.013266998341625258,0.993322203672788,0.00031313434613189237,-0.00559621948664879,0.00559621948664879,0.00559621948664879,0.0181185285250346,0.008541952189888555,-0.061760835185496604,-0.026703257141562305,2
457.png,H2,0.0483521819114685,1.3183501958847046,0.8211345939933259,0.1788654060066741,0.9017835328609821,0.01666449279758284,0.47536653912572374,0.5246334608742762,0.6444046635453962,0.03213719097050147,-0.5476475102386965,0.5476475102386965,0.5476475102386965,0.0337358395258586,0.09306773555505325,0.44960562734715437,0.5153480336104854,3
472.png,H2,0.0107587575912475,0.8088658452033997,0.966986155484558,0.03301384451544198,0.9832160259880888,0.001258711370238597,0.9979018044481746,0.0020981955518254436,0.9989498004620878,5.858060899268889e-05,0.0002930370032619978,0.0002930370032619978,-0.0002930370032619978,-0.0038575847943623977,-0.05278382593617888,-0.07292963797529642,-0.0320064396249491,2
473.png,H2,0.0058540105819702,0.6064625382423401,0.9385474860335196,0.06145251396648044,0.968299711815562,0.00027528051377413335,0.995,0.0050000000000000044,0.9974937343358395,0.0001335179784338296,-0.0013653568350517897,0.0013653568350517897,0.0013653568350517897,-0.008762331803639698,-0.02434515648514042,-0.07002783352712186,-0.030934119793159305,1
475.png,H2,0.0020650029182434,0.2959560453891754,0.9884088514225501,0.011591148577449917,0.9941706412294647,0.0005478090248094504,1.0,0.0,1.0,0.0,0.0,0.0,-0.0,-0.012551339467366498,-0.07420652187417094,-0.07502783352712186,-0.032299476628211095,0
482.png,H2,0.0024211406707763,0.3451952040195465,0.9661654135338346,0.03383458646616544,0.982791586998088,0.001119247776964459,0.9968710888610763,0.0031289111389236623,0.9984330930742714,9.788789235822531e-05,-0.0007529974521786054,0.0007529974521786054,0.0007529974521786054,-0.012195201714833598,-0.05196308398545542,-0.0718989223881982,-0.03154647917603249,0
483.png,H2,0.0035474300384521,0.3882750272750854,0.9951298701298701,0.004870129870129913,0.9975589910496339,0.00017655569653270126,1.0,0.0,1.0,0.0,0.0,0.0,-0.0,-0.011068912347157797,-0.08092754058149094,-0.07502783352712186,-0.032299476628211095,1
484.png,H2,0.0080246925354003,0.6841842532157898,0.9931506849315068,0.006849315068493178,0.9965635738831615,0.00022706325465659643,1.0,0.0,1.0,0.0,0.0,0.0,-0.0,-0.006591649850209597,-0.07894835538312768,-0.07502783352712186,-0.032299476628211095,1
486.png,H2,0.0012227296829223,0.2528821229934692,0.9708436724565757,0.029156327543424343,0.9852061693421467,0.0016564668582524527,0.9996720236142997,0.0003279763857002571,0.9998359849106118,1.248860816187633e-05,0.00016951994762248734,0.00016951994762248734,-0.00016951994762248734,-0.013393612702687598,-0.056641342908196515,-0.0746998571414216,-0.03212995668058861,0
494.png,H2,0.0058540105819702,0.6064625382423401,0.9935587761674718,0.006441223832528209,0.9967689822294022,0.00021545101585179462,1.0,0.0,1.0,0.0,0.0,0.0,-0.0,-0.008762331803639698,-0.07935644661909265,-0.07502783352712186,-0.032299476628211095,1
500.png,H2,0.0035474300384521,0.3882750272750854,0.968421052631579,0.03157894736842104,0.983957219251337,0.00016957934833938218,0.9942880456956344,0.005711954304365552,0.9971358428805237,0.00010254660011458924,-0.002505633202134594,0.002505633202134594,0.002505633202134594,-0.011068912347157797,-0.05421872308319982,-0.06931587922275631,-0.0297938434260765,1
506.png,H2,0.0157580971717834,0.8849047422409058,0.9518362432269717,0.04816375677302831,0.9753238741517581,0.0036117884180459823,0.9073429220287661,0.0926570779712339,0.9514208604540403,0.0050115257169027734,-0.020890472301416607,0.020890472301416607,0.020890472301416607,0.0011417547861735013,-0.03763391367859255,0.01762924444411204,-0.011409004326794488,2
507.png,H2,0.0026031136512756,0.3690568506717682,0.9695181907571289,0.03048180924287114,0.9845232151772342,0.0015449565185688373,0.9977113624124933,0.0022886375875067477,0.9988543702405822,6.952081111256768e-05,0.0004379747322269534,0.0004379747322269534,-0.0004379747322269534,-0.012013228734334297,-0.05531586120874972,-0.07273919593961511,-0.03186150189598414,0
518.png,H2,0.0437069535255432,1.3514946699142456,0.5742340926944226,0.4257659073055774,0.7295409181636726,0.01624867415299111,0.9668008048289738,0.03319919517102621,0.9831202046035805,8.814859657984787e-05,-0.0009753891966566286,0.0009753891966566286,0.0009753891966566286,0.029090611139933303,0.33996823685395655,-0.041828638356095654,-0.031324087431554466,3
519.png,H2,0.0327348709106445,1.2725229263305664,0.984873949579832,0.015126050420168013,0.9923793395427604,0.00044165026507162814,1.0,0.0,1.0,0.0,0.0,0.0,-0.0,0.0181185285250346,-0.07067162003145284,-0.07502783352712186,-0.032299476628211095,2
543.png,H2,0.0036895275115966,0.4182146489620209,0.9346733668341709,0.0653266331658291,0.9662337662337662,0.003709510134889572,0.9940085040587553,0.005991495941244707,0.9969952505573325,0.00030800150064648105,-0.00283771280877243,0.00283771280877243,0.00283771280877243,-0.010926814874013297,-0.020471037285791763,-0.06903633758587716,-0.029461763819438665,1
550.png,H2,0.0080246925354003,0.6841842532157898,0.9355531686358755,0.06444683136412455,0.9667036625971143,0.0025800073542616097,0.9966814159292036,0.0033185840707964376,0.9983379501385041,2.8119040541046743e-05,-0.0015231058396526498,0.0015231058396526498,0.0015231058396526498,-0.006591649850209597,-0.021350839087496312,-0.07170924945632542,-0.030776370788558445,1
551.png,H2,0.0321460962295532,1.194766879081726,0.8932291666666666,0.10677083333333337,0.9436038514442916,0.0008859495028148191,0.9905933429811867,0.00940665701881327,0.995274445656125,0.00012428253536551608,0.002039184075042777,0.002039184075042777,-0.002039184075042777,0.017529753843943306,0.020973162881712512,-0.06562117650830859,-0.030260292553168318,2
558.png,H2,0.0376307964324951,1.4473339319229126,0.9530761209593326,0.046923879040667416,0.9759743726641751,0.002082342852990012,0.9961261759822911,0.00387382401770886,0.9980593290823399,8.829479555123015e-05,-0.0018484142218792021,0.0018484142218792021,0.0018484142218792021,0.023014454046885208,-0.03887379141095344,-0.071154009509413,-0.030451062406331893,3
561.png,H2,0.0107587575912475,0.8088658452033997,0.9766999524488825,0.023300047551117475,0.9882126533557855,0.0007968255704185255,1.0,0.0,1.0,0.0,0.0,0.0,-0.0,-0.0038575847943623977,-0.06249762290050338,-0.07502783352712186,-0.032299476628211095,2
562.png,H2,0.0107587575912475,0.8088658452033997,0.9686118479221928,0.03138815207780721,0.9840556927913766,0.0014890059533114585,0.9634002361275088,0.0365997638724912,0.9813589897775106,0.001631600291020459,-0.017477458585926753,0.017477458585926753,0.017477458585926753,-0.0038575847943623977,-0.05440951837381365,-0.038428069654630664,-0.014822018042284342,2
563.png,H2,0.0327348709106445,1.2725229263305664,0.859306496612196,0.14069350338780395,0.9243301178992497,0.006174736435490679,0.6667937476172322,0.3332062523827678,0.8000914913083257,0.02002377346247872,0.15392841669857116,0.15392841669857116,-0.15392841669857116,0.0181185285250346,0.054895832936183095,0.25817841885564596,0.12162894007036007,2
579.png,H2,0.0157580971717834,0.8849047422409058,0.9738461538461538,0.026153846153846194,0.9867498051441933,0.00036484147992734827,0.7318059299191375,0.2681940700808625,0.845136186770428,0.003862449723012014,0.0,0.0,-0.0,0.0011417547861735013,-0.059643824297774664,0.19316623655374063,-0.032299476628211095,2
581.png,H2,0.0020650029182434,0.2959560453891754,0.955846279640229,0.044153720359771054,0.9774247491638796,0.00033704617299921394,0.983887415867836,0.016112584132163987,0.9918782769610363,0.0008915058195155532,-0.006730523072344563,0.006730523072344563,0.006730523072344563,-0.012551339467366498,-0.041643950091849805,-0.058915249394957875,-0.025568953555866532,0
589.png,H2,0.0036895275115966,0.4182146489620209,0.9488536155202821,0.051146384479717866,0.9737556561085973,0.0020466966948181403,0.9897665494083786,0.010233450591621396,0.9948569591771135,0.0002800175110289406,0.0007915104089192271,0.0007915104089192271,-0.0007915104089192271,-0.010926814874013297,-0.03465128597190299,-0.06479438293550047,-0.03150796621929187,1
590.png,H2,0.0024211406707763,0.3451952040195465,0.9640179910044977,0.0359820089955023,0.981679389312977,0.00023736516908060324,0.9018895348837209,0.09811046511627908,0.9484142147497134,0.002766649141038761,-0.048020260092164424,0.048020260092164424,0.048020260092164424,-0.012195201714833598,-0.04981566145611856,0.023082631589157215,0.01572078346395333,0
592.png,H2,0.0080246925354003,0.6841842532157898,0.9326864766525167,0.0673135233474833,0.9651710072168184,0.002367561944758521,0.8956284153005465,0.10437158469945351,0.9449409051599885,0.005931363286489222,0.050974870763813684,0.050974870763813684,-0.050974870763813684,-0.006591649850209597,-0.018484147104137552,0.02934375117233165,0.01867539413560259,1
593.png,H2,0.0157580971717834,0.8849047422409058,0.911648846370287,0.08835115362971302,0.9537827494848395,0.0035406420239820196,0.9944077275038129,0.005592272496187101,0.9971960234514402,6.496194627887454e-05,-0.00014946468341858754,0.00014946468341858754,0.00014946468341858754,0.0011417547861735013,0.0025534831780921613,-0.06943556103093476,-0.03215001194479251,2
601.png,H2,0.0012227296829223,0.2528821229934692,0.9933609958506224,0.00663900414937757,0.9966694421315571,0.00022354860893836903,0.9956398104265403,0.0043601895734597385,0.9978151420157689,0.00020633129869836552,0.000415747056078164,0.000415747056078164,-0.000415747056078164,-0.013393612702687598,-0.07915866630224329,-0.07066764395366212,-0.03188372957213293,0
604.png,H2,0.0026031136512756,0.3690568506717682,0.9681139755766621,0.03188602442333788,0.9837986901068597,0.0010172839228197081,0.9991108476585655,0.000889152341434496,0.9995552260934025,3.1512958562610634e-05,-0.00045875089709557226,0.00045875089709557226,0.00045875089709557226,-0.012013228734334297,-0.05391164602828298,-0.07413868118568737,-0.03184072573111552,0
614.png,H2,0.0010244846343994,0.2187187820672989,0.9894588896697118,0.01054111033028815,0.9947015188979159,0.00044883611047646374,0.996492174851592,0.0035078251484079725,0.9982430058115962,4.859504248503364e-05,-0.0008577526661741608,0.0008577526661741608,0.0008577526661741608,-0.013591857751210497,-0.07525656012133271,-0.07152000837871389,-0.031441723962036934,0
616.png,H2,0.0024211406707763,0.3451952040195465,0.9750922509225092,0.024907749077490826,0.9873890705277908,0.0012510091984038096,0.6730769230769231,0.32692307692307687,0.8045977011494253,0.023068356198887367,-0.17801745318986695,0.17801745318986695,0.17801745318986695,-0.012195201714833598,-0.06088992137413003,0.25189524339595504,0.14571797656165586,0
621.png,H2,0.0157580971717834,0.8849047422409058,0.8855461085676913,0.11445389143230866,0.9392993409642734,0.007444632132412049,0.9865704213530301,0.01342957864696992,0.9932398174750718,0.0006602366952450397,0.0010932813829184207,0.0010932813829184207,-0.0010932813829184207,0.0011417547861735013,0.028656220980687805,-0.06159825488015194,-0.031206195245292674,2
623.png,H2,0.0107587575912475,0.8088658452033997,0.8416666666666667,0.15833333333333333,0.9140271493212669,0.014422652442241574,0.9923974540311173,0.007602545968882657,0.9961842222025025,0.0003414128190296548,0.0006783118436354263,0.0006783118436354263,-0.0006783118436354263,-0.0038575847943623977,0.07253566288171247,-0.0674252875582392,-0.03162116478457567,2
630.png,H2,0.0483521819114685,1.3183501958847046,0.8865598027127004,0.1134401972872996,0.9398692810457516,0.001612231200123254,0.891641452344932,0.10835854765506803,0.9427171848445466,0.0055220741340471806,0.050366378905029485,0.050366378905029485,-0.050366378905029485,0.0337358395258586,0.027642526835678735,0.033330714127946165,0.01806690227681839,3
633.png,H2,0.0036895275115966,0.4182146489620209,0.9512367491166078,0.04876325088339217,0.9750090546903296,0.0033281022443593044,0.9991873222267371,0.000812677773262882,0.9995934959349594,1.1739274484487706e-05,-2.1159272064252832e-05,2.1159272064252832e-05,2.1159272064252832e-05,-0.010926814874013297,-0.037034419568228685,-0.07421515575385898,-0.03227831735614684,1
670.png,H2,0.0014939308166503,0.2779935896396637,0.9905189620758483,0.00948103792415167,0.9952369014790674,0.0005401404309030575,1.0,0.0,1.0,0.0,0.0,0.0,-0.0,-0.013122411568959597,-0.07631663252746919,-0.07502783352712186,-0.032299476628211095,0
675.png,H2,0.0024211406707763,0.3451952040195465,0.9827700463883366,0.01722995361166335,0.9913101604278075,6.819376252700529e-05,1.0,0.0,1.0,0.0,0.0,0.0,-0.0,-0.012195201714833598,-0.06856771683995751,-0.07502783352712186,-0.032299476628211095,0
681.png,H2,0.0012227296829223,0.2528821229934692,0.9826054774241303,0.01739452257586971,0.9912264327048721,0.0009701261593226522,0.9932948215390963,0.006705178460903682,0.9966361331056254,0.0003365638142925331,-0.0033283419480352183,0.0033283419480352183,0.0033283419480352183,-0.013393612702687598,-0.06840314787575115,-0.06832265506621818,-0.028971134680175877,0
687.png,H2,0.0024211406707763,0.3451952040195465,0.985985985985986,0.014014014014014031,0.9929435483870968,0.0006241560025442587,0.998661311914324,0.0013386880856760541,0.999330207635633,3.195447399520276e-05,-0.000250870887621768,0.000250870887621768,0.000250870887621768,-0.012195201714833598,-0.07178365643760683,-0.07368914544144581,-0.03204860574058933,0
694.png,H2,0.0437069535255432,1.3514946699142456,0.8478425435276306,0.15215745647236945,0.9176566980745596,0.008369286745230832,0.9866625310173698,0.013337468982630218,0.9932864949258392,0.00028230827159606177,-0.005261949438904567,0.005261949438904567,0.005261949438904567,0.029090611139933303,0.06635978602074859,-0.061690364544491644,-0.027037527189306527,3
695.png,H2,0.0010244846343994,0.2187187820672989,0.9983050847457627,0.0016949152542372614,0.9991518235793045,6.268523771003164e-05,1.0,0.0,1.0,0.0,0.0,0.0,-0.0,-0.013591857751210497,-0.0841027551973836,-0.07502783352712186,-0.032299476628211095,0
712.png,H2,0.0063394904136657,0.6706337332725525,0.9710743801652892,0.02892561983471076,0.9853249475890985,0.001133367154278904,0.9655737704918033,0.03442622950819674,0.9824854045037531,0.00036614649701765785,-0.0011686588771014916,0.0011686588771014916,0.0011686588771014916,-0.008276851971944197,-0.0568720506169101,-0.040601604018925125,-0.031130817751109603,1
713.png,H2,0.0237177610397338,1.2658226490020752,0.9815573770491803,0.018442622950819665,0.9906928645294726,0.0006627090605966338,0.9940387481371088,0.005961251862891204,0.9970104633781763,0.00016822058221517346,-5.83189437678433e-05,5.83189437678433e-05,5.83189437678433e-05,0.009101418654123903,-0.0673550475008012,-0.06906658166423066,-0.03224115768444325,2
714.png,H2,0.0033174157142639,0.5024963021278381,0.9926854754440961,0.007314524555903867,0.9963293130571579,0.00036789635369168563,1.0,0.0,1.0,0.0,0.0,0.0,-0.0,-0.011298926671345997,-0.07848314589571699,-0.07502783352712186,-0.032299476628211095,1
723.png,H2,0.0068302154541015,0.6304459571838379,0.955237242614145,0.044762757385855,0.9771062271062271,0.0016516894770516495,0.9975099601593626,0.002490039840637448,0.9987534280727998,5.482692159502727e-05,-0.000293034070253273,0.000293034070253273,0.000293034070253273,-0.007786126931508397,-0.04103491306576586,-0.07253779368648441,-0.03200644255795782,1
727.png,H2,0.0512498617172241,1.694504737854004,0.9068725099601593,0.09312749003984067,0.9511621833376861,0.0047860102546470355,0.8322701688555347,0.16772983114446527,0.9084579152160557,0.0051691406198348605,0.06108458816257056,0.06108458816257056,-0.06108458816257056,0.036633519331614205,0.0073298195882198075,0.0927019976173434,0.02878511153435947,3
729.png,H2,0.0068302154541015,0.6304459571838379,0.864293659621802,0.13570634037819795,0.9272076372315036,0.0025813194635758347,0.9812583668005355,0.018741633199464536,0.9905405405405405,0.0004929268716700575,0.008181123570743187,0.008181123570743187,-0.008181123570743187,-0.007786126931508397,0.049908669926577096,-0.056286200327657326,-0.024118353057467908,1
761.png,H2,0.0032424926757812,0.4489583373069763,0.9828496042216359,0.01715039577836408,0.9913506320691949,0.0007456036889962027,1.0,0.0,1.0,0.0,0.0,0.0,-0.0,-0.011373849709828698,-0.06864727467325678,-0.07502783352712186,-0.032299476628211095,0
762.png,H2,0.0068302154541015,0.6304459571838379,0.9632248939179632,0.036775106082036824,0.9812680115273775,0.00018316216985202882,0.9960518894529047,0.003948110547095318,0.9980220401243289,4.548188047265598e-05,-0.0003409394108632169,0.0003409394108632169,0.0003409394108632169,-0.007786126931508397,-0.049022564369584035,-0.07107972298002654,-0.03195853721734788,1
764.png,H2,0.0037575960159301,0.5122106671333313,0.9754816112084063,0.024518388791593737,0.9875886524822695,0.0011763939746950761,0.9850828729281768,0.014917127071823244,0.9924853882549401,0.00043096885354860343,-0.005074145553223275,0.005074145553223275,0.005074145553223275,-0.010858746369679798,-0.06127928166002712,-0.06011070645529862,-0.02722533107498782,1
769.png,H2,0.0183784961700439,0.9962011575698853,0.4593202883625129,0.5406797116374871,0.629498941425547,0.04452850822935672,0.29220308250226656,0.7077969174977334,0.4522556654739353,0.04273864749954187,0.22589424920199264,0.22589424920199264,-0.22589424920199264,0.003762153784434003,0.4548820411858662,0.6327690839706116,0.19359477257378155,2
776.png,H2,0.0027230978012084,0.3771629631519317,0.9538043478260869,0.04619565217391308,0.9763560500695411,0.0020467712091547905,0.9980988593155894,0.0019011406844106071,0.9990485252140818,1.4149003031607312e-05,0.0007443909630792112,0.0007443909630792112,-0.0007443909630792112,-0.011893244584401497,-0.039602018277707776,-0.07312669284271126,-0.031555085665131884,0
780.png,H2,0.0512498617172241,1.694504737854004,0.9162011173184358,0.08379888268156421,0.956268221574344,0.0007706541104463704,0.8788109756097561,0.12118902439024393,0.9354969574036511,0.00406988398952958,0.06186800074754528,0.06186800074754528,-0.06186800074754528,0.036633519331614205,-0.0019987877700566453,0.046161190863122065,0.029568524119334187,3
781.png,H2,0.0452013611793518,1.5730326175689695,0.9389656280115644,0.06103437198843564,0.9685222001325381,0.00378367837927892,0.995527349652463,0.004472650347536966,0.9977586624666828,0.00030080007042135814,-0.001140707310531619,0.001140707310531619,0.001140707310531619,0.030585018793741904,-0.024763298463185215,-0.0705551831795849,-0.031158769317679476,3
782.png,H2,0.0512498617172241,1.694504737854004,0.8154121863799283,0.1845878136200717,0.8983218163869694,0.0049257754410092095,0.9037522202486679,0.09624777975133214,0.949443116216689,0.005555511538970228,0.03445054346800591,0.03445054346800591,-0.03445054346800591,0.036633519331614205,0.09879014316845085,0.02121994622421028,0.002151066839794817,3
794.png,H2,0.0183784961700439,0.9962011575698853,0.6587851610273135,0.34121483897268645,0.7942983534037847,0.023531922481960628,0.43067266848411845,0.5693273315158816,0.602056190729416,0.04110828794472703,-0.00458613910535588,0.00458613910535588,0.00458613910535588,0.003762153784434003,0.2554171685210656,0.4942994979887597,-0.027713337522855215,2
828.png,H2,0.0032424926757812,0.4489583373069763,0.9982993197278912,0.00170068027210879,0.9991489361702127,6.397896244654973e-05,1.0,0.0,1.0,0.0,0.0,0.0,-0.0,-0.011373849709828698,-0.08409699017951207,-0.07502783352712186,-0.032299476628211095,0
837.png,H2,0.0016189813613891,0.2939074039459228,0.9758389261744966,0.024161073825503365,0.9877717391304348,0.0007382817379907189,0.8753760206274173,0.12462397937258274,0.9335472043996333,0.002167795203189204,0.03350782085593462,0.03350782085593462,-0.03350782085593462,-0.012997361024220798,-0.06163659662611749,0.049596145845460876,0.0012083442277235276,0
847.png,H2,0.0027230978012084,0.3771629631519317,0.9707641196013289,0.029235880398671088,0.9851652056641942,0.0008456448024633231,0.9990170380078637,0.000982961992136322,0.999508277331585,3.8110050160784346e-05,-0.0004927529519979101,0.0004927529519979101,0.0004927529519979101,-0.011893244584401497,-0.05656179005294977,-0.07404487153498554,-0.031806723676213185,0
856.png,H2,0.0183784961700439,0.9962011575698853,0.9221556886227545,0.07784431137724546,0.9595015576323987,0.003350233312410781,0.9638721630384437,0.0361278369615563,0.9816037735849057,0.0016572382068299574,0.014928136848602391,0.014928136848602391,-0.014928136848602391,0.003762153784434003,-0.007953359074375402,-0.03889999656556556,-0.017371339779608704,2
865.png,H2,0.0026634931564331,0.3828250467777252,0.9585006693440429,0.04149933065595712,0.9788106630211894,0.002802500455258946,0.9704072812325215,0.029592718767478488,0.9849814203137902,0.0016262889745785553,-0.000454121275043462,0.000454121275043462,0.000454121275043462,-0.011952849229176797,-0.044298339795663735,-0.045435114759643375,-0.03184535535316763,0
867.png,H2,0.0015468597412109,0.2861835658550262,0.9649955502818155,0.035004449718184505,0.9821859903381642,0.0010041570862008415,0.9295523906408952,0.07044760935910477,0.9634901805720311,0.0030953329269546395,0.015695688388154938,0.015695688388154938,-0.015695688388154938,-0.013069482644398998,-0.05079322073343635,-0.004580224168017094,-0.016603788240056157,0
868.png,H2,0.0090546011924743,0.7093296647071838,0.841031149301826,0.158968850698174,0.9136522753792299,0.008007690707517284,0.8055957549445248,0.19440424505547516,0.892332353726957,0.00877524224401635,-0.06894530872672833,0.06894530872672833,0.06894530872672833,-0.005561741193135598,0.07317118024655316,0.1193764115283533,0.03664583209851723,1
900.png,H2,0.0027230978012084,0.3771629631519317,0.9840392879066913,0.015960712093308738,0.9919554455445545,0.0006842171345731069,0.9746735259200633,0.02532647407993671,0.9871743486973948,0.0004439051654844659,0.009849699307312942,0.009849699307312942,-0.009849699307312942,-0.011893244584401497,-0.06983695835831212,-0.04970135944718515,-0.022449777320898152,0
915.png,H2,0.0068302154541015,0.6304459571838379,0.7271142109851787,0.2728857890148213,0.8419989904088844,0.009201254339140135,0.8193502320599786,0.1806497679400214,0.9007064364207221,0.0072362245812156835,-0.08756155695222767,0.08756155695222767,0.08756155695222767,-0.007786126931508397,0.18708811856320046,0.10562193441289955,0.055262080324016576,1
921.png,H2,0.0063394904136657,0.6706337332725525,0.9418907198612315,0.05810928013876848,0.9700759267530147,0.0026138378610549478,0.7678257815244116,0.2321742184755884,0.8686667991257699,0.005898075070587415,-0.08843969994980833,0.08843969994980833,0.08843969994980833,-0.008276851971944197,-0.027688390312852376,0.15714638494846653,0.05614022332159723,1
922.png,H2,0.0023792386054992,0.4076299965381622,0.9849624060150376,0.015037593984962405,0.9924242424242424,0.0005565171037087499,1.0,0.0,1.0,0.0,0.0,0.0,-0.0,-0.012237103780110697,-0.07076007646665845,-0.07502783352712186,-0.032299476628211095,0
929.png,H2,0.028923749923706,1.3474974632263184,0.8590604026845637,0.14093959731543626,0.924187725631769,0.005181230702977583,0.962135922330097,0.03786407766990296,0.9807026224641266,0.0014039075014714404,0.004068375084177012,0.004068375084177012,-0.004068375084177012,0.014307407538096102,0.0551419268638154,-0.0371637558572189,-0.028231101544034083,2
933.png,H2,0.0033174157142639,0.5024963021278381,0.991044776119403,0.008955223880596996,0.9955022488755623,0.00021378036273004931,1.0,0.0,1.0,0.0,0.0,0.0,-0.0,-0.011298926671345997,-0.07684244657102386,-0.07502783352712186,-0.032299476628211095,1
935.png,H2,0.0023792386054992,0.4076299965381622,0.9766536964980544,0.023346303501945553,0.9881889763779528,0.0009742026830341596,0.9992067689053411,0.0007932310946588972,0.9996032270863643,1.843818793727189e-05,0.00011551189588221433,0.00011551189588221433,-0.00011551189588221433,-0.012237103780110697,-0.062451366949675305,-0.07423460243246296,-0.03218396473232888,0
939.png,H2,0.0010689496994018,0.2631813287734985,0.9128595600676819,0.08714043993231813,0.9544449358690845,0.0011603456227258315,0.9114688128772636,0.08853118712273644,0.9536842105263158,0.006872778304452546,0.0,0.0,-0.0,-0.013547392686208097,0.0013427694806972673,0.013503353595614581,-0.032299476628211095,0
942.png,H2,0.00790935754776,0.7709053754806519,0.9757412398921833,0.02425876010781669,0.9877216916780355,0.0007250313684524014,0.9601895734597157,0.03981042654028433,0.9796905222437138,0.001306965995264832,0.010498678367808267,0.010498678367808267,-0.010498678367808267,-0.006706984837849898,-0.06153891034380417,-0.035217406986837535,-0.021800798260402827,1
943.png,H2,0.0063394904136657,0.6706337332725525,0.9761526232114467,0.02384737678855331,0.9879324215607401,0.0002661410257315961,1.0,0.0,1.0,0.0,0.0,0.0,-0.0,-0.008276851971944197,-0.06195029366306755,-0.07502783352712186,-0.032299476628211095,1
944.png,H2,0.0010689496994018,0.2631813287734985,0.9970845481049563,0.002915451895043719,0.9985401459854014,0.00013981428192407795,0.9984411535463756,0.001558846453624363,0.999219968798752,4.154696887142396e-05,0.0008411270361203815,0.0008411270361203815,-0.0008411270361203815,-0.013547392686208097,-0.08288221855657714,-0.0734689870734975,-0.03145834959209071,0
945.png,H2,0.0033174157142639,0.5024963021278381,1.0,0.0,1.0,0.0,1.0,0.0,1.0,0.0,0.0,0.0,-0.0,-0.011298926671345997,-0.08579767045162086,-0.07502783352712186,-0.032299476628211095,1
954.png,H2,0.00790935754776,0.7709053754806519,0.9968814968814969,0.0031185031185031464,0.9984383133784487,8.160639845755117e-05,1.0,0.0,1.0,0.0,0.0,0.0,-0.0,-0.006706984837849898,-0.08267916733311771,-0.07502783352712186,-0.032299476628211095,1
956.png,H2,0.0058438777923583,0.6113137006759644,0.9744136460554371,0.02558635394456288,0.9870410367170627,0.000350136185509143,0.9830188679245283,0.016981132075471694,0.9914367269267365,0.00046094071969569043,0.0027238481599536346,0.0027238481599536346,-0.0027238481599536346,-0.008772464593251598,-0.06021131650705798,-0.05804670145165017,-0.02957562846825746,1
958.png,H2,0.0063394904136657,0.6706337332725525,0.992430613961312,0.007569386038687953,0.9962009286618827,0.00022586311001297708,1.0,0.0,1.0,0.0,0.0,0.0,-0.0,-0.008276851971944197,-0.0782282844129329,-0.07502783352712186,-0.032299476628211095,1
960.png,H2,0.0033174157142639,0.5024963021278381,0.9984779299847792,0.0015220700152207556,0.9992383853769993,6.185064545321423e-05,1.0,0.0,1.0,0.0,0.0,0.0,-0.0,-0.011298926671345997,-0.0842756004364001,-0.07502783352712186,-0.032299476628211095,1
963.png,H2,0.00790935754776,0.7709053754806519,0.9728718428437793,0.027128157156220745,0.9862494073020389,0.0007479903203654493,1.0,0.0,1.0,0.0,0.0,0.0,-0.0,-0.006706984837849898,-0.058669513295400114,-0.07502783352712186,-0.032299476628211095,1
982.png,H2,0.0013256072998046,0.2911449372768402,0.9928366762177651,0.007163323782234943,0.9964054636951833,7.093312045016965e-05,1.0,0.0,1.0,0.0,0.0,0.0,-0.0,-0.013290735085805298,-0.07863434666938592,-0.07502783352712186,-0.032299476628211095,0
992.png,H2,0.0033174157142639,0.5024963021278381,0.9943235572374646,0.0056764427625354275,0.9971537001897534,6.109102488039767e-05,1.0,0.0,1.0,0.0,0.0,0.0,-0.0,-0.011298926671345997,-0.08012122768908543,-0.07502783352712186,-0.032299476628211095,1
994.png,H2,0.0013256072998046,0.2911449372768402,0.9655581947743468,0.03444180522565321,0.9824773413897281,0.0008002716582730552,0.9814200398142005,0.01857996018579955,0.9906229068988613,0.0007325260199750413,0.00892101521827282,0.00892101521827282,-0.00892101521827282,-0.013290735085805298,-0.05135586522596765,-0.05644787334132231,-0.023378461409938274,0
1004.png,H2,0.0305809378623962,1.328048586845398,0.94148244473342,0.05851755526657998,0.9698593436034829,0.0016231261712044635,0.9877828054298643,0.012217194570135703,0.9938538584111086,0.00024022585814336713,-0.003441745056143697,0.003441745056143697,0.003441745056143697,0.015964595476786303,-0.02728011518504088,-0.06281063895698616,-0.028857731572067398,2
1007.png,H2,0.00790935754776,0.7709053754806519,0.9496327387198321,0.050367261280167885,0.9741657696447793,0.0021988764244956385,0.9942987457240593,0.005701254275940704,0.9971412235563178,0.00011394393701803345,0.0020642194747365616,0.0020642194747365616,-0.0020642194747365616,-0.006706984837849898,-0.03543040917145297,-0.06932657925118116,-0.030235257153474533,1
1008.png,H2,0.0058438777923583,0.6113137006759644,0.9818355640535373,0.018164435946462665,0.9908345393150024,0.0006287685375032742,0.7343561973525873,0.2656438026474127,0.84683434518647,0.009449205816013145,-0.22724064711064773,0.22724064711064773,0.22724064711064773,-0.008772464593251598,-0.0676332345051582,0.19061596912029086,0.19494117048243664,1
1011.png,H2,0.0010689496994018,0.2631813287734985,0.9488330341113106,0.05116696588868941,0.9737448180561953,0.0026575645222621097,0.99869994799792,0.0013000520020800543,0.9993495511903213,1.2509607833845548e-05,-0.0004937107951710207,0.0004937107951710207,0.0004937107951710207,-0.013547392686208097,-0.03463070456293145,-0.07372778152504181,-0.031805765833040074,0
1015.png,H2,0.0058438777923583,0.6113137006759644,0.9592050209205021,0.04079497907949792,0.9791777896422851,0.0019237624170894264,0.9881288863764839,0.011871113623516116,0.9940290019903326,0.0001734938253698403,0.0005896844394239764,0.0005896844394239764,-0.0005896844394239764,-0.008772464593251598,-0.04500269137212294,-0.06315671990360575,-0.03170979218878712,1
1016.png,H2,0.00790935754776,0.7709053754806519,0.9913957934990439,0.008604206500956058,0.9956793086893903,0.0002191977091470608,1.0,0.0,1.0,0.0,0.0,0.0,-0.0,-0.006706984837849898,-0.0771934639506648,-0.07502783352712186,-0.032299476628211095,1
1023.png,H2,0.013220727443695,0.8812841176986694,0.9447650453421269,0.05523495465787309,0.9715981348028826,0.0007677063628472268,1.0,0.0,1.0,0.0,0.0,0.0,-0.0,-0.0013956149419148967,-0.030562715793747766,-0.07502783352712186,-0.032299476628211095,2
1027.png,H2,0.0053461790084838,0.5991485714912415,0.9755409219190969,0.024459078080903085,0.9876190476190476,0.0011236183996816977,1.0,0.0,1.0,0.0,0.0,0.0,-0.0,-0.009270163377126097,-0.06133859237071777,-0.07502783352712186,-0.032299476628211095,1
1029.png,H2,0.0258635282516479,1.223113775253296,0.8730886850152905,0.12691131498470953,0.9322448979591836,0.00037996287333143784,0.689261744966443,0.310738255033557,0.8160508541914978,0.008979941002109295,-0.1461687638118433,0.1461687638118433,0.1461687638118433,0.011247185866038003,0.041113644533088675,0.23571042150643515,0.1138692871836322,2
1031.png,H2,0.0013256072998046,0.2911449372768402,0.9879518072289156,0.012048192771084376,0.9939393939393939,0.00040860430770229736,1.0,0.0,1.0,0.0,0.0,0.0,-0.0,-0.013290735085805298,-0.07374947768053648,-0.07502783352712186,-0.032299476628211095,0
1035.png,H2,0.0258635282516479,1.223113775253296,0.9650721336370539,0.03492786636294609,0.982225656877898,0.0014920807290401716,0.9799610353465071,0.020038964653492863,0.989879111610908,0.0008745752038088272,0.0032709579459540006,0.0032709579459540006,-0.0032709579459540006,0.011247185866038003,-0.05086980408867477,-0.054988868873629,-0.029028518682257094,2
1037.png,H2,0.0305809378623962,1.328048586845398,0.9336870026525199,0.06631299734748008,0.9657064471879286,0.002315521656238343,0.9978749241044323,0.002125075895567652,0.9989363318644583,4.8775626809786475e-05,-0.0005472176305764131,0.0005472176305764131,0.0005472176305764131,0.015964595476786303,-0.019484673104140773,-0.07290275763155421,-0.03175225899763468,2
1039.png,H2,0.0237177610397338,1.2658226490020752,0.9722792607802875,0.02772073921971252,0.9859448204060385,0.0010846132370024998,0.9840478564307079,0.015952143569292088,0.9919597989949749,0.0005543769009069022,-0.007731143878358826,0.007731143878358826,0.007731143878358826,0.009101418654123903,-0.05807693123190834,-0.059075689957829775,-0.02456833274985227,2
1040.png,H2,0.0027562379837036,0.4347512423992157,0.9430167597765363,0.05698324022346368,0.9706728004600345,0.0015832839814493142,0.9995719178082192,0.00042808219178080975,0.9997859130807107,1.827241461264935e-05,-0.00020042454469559878,0.00020042454469559878,0.00020042454469559878,-0.011860104401906298,-0.028814430228157176,-0.07459975133534105,-0.032099052083515496,0
1041.png,H2,0.028923749923706,1.3474974632263184,0.8755868544600939,0.12441314553990612,0.9336670838548186,0.003063430887332707,0.9875370919881306,0.012462908011869445,0.9937294714840251,0.0002585282036779422,0.003078996113110799,0.003078996113110799,-0.003078996113110799,0.014307407538096102,0.038615475088285264,-0.06256492551525242,-0.029220480515100296,2
1047.png,H2,0.030208945274353,1.4316266775131226,0.9358446144791054,0.06415538552089461,0.966859227728793,0.002539660610272192,0.9270484581497798,0.07295154185022024,0.9621433796634967,0.003280487729877644,-0.025738463571948866,0.025738463571948866,0.025738463571948866,0.015592602888743102,-0.021642284930726244,-0.002076291676901626,-0.0065610130562622285,2
1053.png,H2,0.0013256072998046,0.2911449372768402,0.9828080229226361,0.017191977077363862,0.9913294797687862,0.0006458996539832286,1.0,0.0,1.0,0.0,0.0,0.0,-0.0,-0.013290735085805298,-0.068605693374257,-0.07502783352712186,-0.032299476628211095,0
1054.png,H2,0.0258635282516479,1.223113775253296,0.9162821357943309,0.08371786420566907,0.956312349501204,0.0038866590164800736,0.9978113808197374,0.0021886191802625854,0.9989044915845036,0.00010680616087229196,-0.00038232201033649993,0.00038232201033649993,0.00038232201033649993,0.011247185866038003,-0.00207980624595179,-0.07283921434685928,-0.031917154617874595,2
1057.png,H2,0.0063394904136657,0.6706337332725525,0.9511823035850496,0.04881769641495037,0.9749804534792806,0.002214070689122821,0.9,0.09999999999999998,0.9473684210526315,0.0030702666503241017,-0.05829238291813055,0.05829238291813055,0.05829238291813055,-0.008276851971944197,-0.036979974036670485,0.024972166472878116,0.025992906289919453,1
1060.png,H2,0.0027399063110351,0.4562315940856933,0.9742268041237113,0.02577319587628868,0.9869451697127938,0.0007692018984675087,1.0,0.0,1.0,0.0,0.0,0.0,-0.0,-0.011876436074574798,-0.06002447457533218,-0.07502783352712186,-0.032299476628211095,0
1061.png,H2,0.0053461790084838,0.5991485714912415,0.9571984435797666,0.04280155642023342,0.9781312127236581,0.0015936990108378838,0.9925133689839573,0.007486631016042744,0.9962426194310252,0.00021261454553484274,-0.0011500135591548943,0.0011500135591548943,0.0011500135591548943,-0.009270163377126097,-0.042996114031387436,-0.06754120251107912,-0.0311494630690562,1
1069.png,H2,0.0013256072998046,0.2911449372768402,0.9724828017510945,0.027517198248905528,0.9860494610019024,0.0014872434937266384,1.0,0.0,1.0,0.0,0.0,0.0,-0.0,-0.013290735085805298,-0.05828047220271533,-0.07502783352712186,-0.032299476628211095,0
1072.png,H2,0.0305809378623962,1.328048586845398,0.7817938420348058,0.21820615796519416,0.8775356874530428,0.0052583935917211505,0.9912629070691025,0.008737092930897528,0.9956122856003191,0.00039653114707346884,-0.000991177731540338,0.000991177731540338,0.000991177731540338,0.015964595476786303,0.13240848751357331,-0.06629074059622433,-0.03130829889667076,2
1073.png,H2,0.0017730593681335,0.313340425491333,0.9842364532019704,0.015763546798029604,0.9920556107249255,0.0008209616327604492,1.0,0.0,1.0,0.0,0.0,0.0,-0.0,-0.012843283017476398,-0.07003412365359125,-0.07502783352712186,-0.032299476628211095,0
1074.png,H2,0.0255200266838073,1.2918565273284912,0.8363892806770099,0.1636107193229901,0.9109062980030722,0.0072946087783632456,0.9870863599677159,0.012913640032284124,0.9935012185215272,8.441150648342196e-05,-0.0037576993907723066,0.0037576993907723066,0.0037576993907723066,0.010903684298197403,0.07781304887136924,-0.06211419349483774,-0.028541777237438788,2
1078.png,H2,0.0010689496994018,0.2631813287734985,0.9865384615384616,0.013461538461538414,0.9932236205227493,0.0004823796741845866,1.0,0.0,1.0,0.0,0.0,0.0,-0.0,-0.013547392686208097,-0.07233613199008244,-0.07502783352712186,-0.032299476628211095,0
1084.png,H2,0.0305809378623962,1.328048586845398,0.9447761194029851,0.055223880597014885,0.9716039907904835,0.0013891195516925047,0.86103781882146,0.13896218117853998,0.9253308128544423,0.003098476664392125,-0.0382492865272802,0.0382492865272802,0.0382492865272802,0.015964595476786303,-0.030573789854605973,0.06393434765141812,0.005949809899069104,2
1085.png,H2,0.030208945274353,1.4316266775131226,0.9344012204424104,0.06559877955758964,0.9660883280757098,0.003273913627865387,0.6939805825242719,0.30601941747572814,0.8193489225126089,0.013693472985460482,-0.14493485711132525,0.14493485711132525,0.14493485711132525,0.015592602888743102,-0.02019889089403122,0.23099158394860628,0.11263538048311417,2
1089.png,H2,0.0023792386054992,0.4076299965381622,0.9714867617107943,0.02851323828920571,0.9855371900826446,0.0011211741957780409,1.0,0.0,1.0,0.0,0.0,0.0,-0.0,-0.012237103780110697,-0.05728443216241515,-0.07502783352712186,-0.032299476628211095,0
1092.png,H2,0.0033174157142639,0.5024963021278381,0.964804896710023,0.03519510328997699,0.9820872274143302,0.001619196549810206,0.9961846623426173,0.0038153376573827336,0.9980886850152905,5.9745456445900904e-05,-0.0005364454115863726,0.0005364454115863726,0.0005364454115863726,-0.011298926671345997,-0.050602567161643866,-0.07121249586973913,-0.03176303121662472,1
1093.png,H2,0.0053461790084838,0.5991485714912415,0.9282700421940928,0.07172995780590719,0.962800875273523,0.003212367869451365,0.9955629506378258,0.00443704936217415,0.9977765425236242,5.652209725405842e-05,-0.0006976694648103132,0.0006976694648103132,0.0006976694648103132,-0.009270163377126097,-0.014067712645713673,-0.07059078416494771,-0.03160180716340078,1
1096.png,H2,0.0063394904136657,0.6706337332725525,0.8555431131019037,0.14445688689809633,0.9221484610742305,0.002633514637042417,0.9553333333333334,0.04466666666666663,0.9771564950562563,0.0013109900650339474,0.0015330782334253001,0.0015330782334253001,-0.0015330782334253001,-0.008276851971944197,0.05865921644647547,-0.03036116686045523,-0.030766398394785795,1
1103.png,H2,0.0258635282516479,1.223113775253296,0.9653414882772681,0.03465851172273193,0.9823651452282157,0.0015016941805532215,0.9525731584258325,0.047426841574167544,0.9757105943152454,0.0017989796070065497,0.017602677593733684,0.017602677593733684,-0.017602677593733684,0.011247185866038003,-0.051139158728888925,-0.027600991952954318,-0.01469679903447741,2
1107.png,H2,0.0053461790084838,0.5991485714912415,0.9304059652029826,0.06959403479701742,0.9639484978540772,0.0029102577136938266,0.9743748708410829,0.025625129158917126,0.9870211429767637,0.001158240416266894,0.003995702829615533,0.003995702829615533,-0.003995702829615533,-0.009270163377126097,-0.016203635654603435,-0.049402704368204736,-0.028303773798595562,1
1111.png,H2,0.030208945274353,1.4316266775131226,0.0,1.0,0.0,0.10728230669918064,0.0,1.0,0.0,0.12445936182524549,0.7944307944307945,0.7944307944307945,-0.7944307944307945,0.015592602888743102,0.9142023295483791,0.9249721664728782,0.7621313178025834,2
1113.png,H2,0.0053461790084838,0.5991485714912415,0.9646936656282451,0.0353063343717549,0.9820295983086681,0.0011030842787023213,0.9727476755370311,0.02725232446296888,0.9861856005200715,0.0011194850240087398,0.004539956223462593,0.004539956223462593,-0.004539956223462593,-0.009270163377126097,-0.05049133607986596,-0.04777550906415298,-0.0277595204047485,1
1114.png,H2,0.0027562379837036,0.4347512423992157,0.9914675767918089,0.008532423208191142,0.9957155098543273,0.0003859970175998172,1.0,0.0,1.0,0.0,0.0,0.0,-0.0,-0.011860104401906298,-0.07726524724342972,-0.07502783352712186,-0.032299476628211095,0
1118.png,H2,0.0237177610397338,1.2658226490020752,0.9294828744123573,0.07051712558764267,0.9634528367560041,0.003332273257676079,1.0,0.0,1.0,0.0,0.0,0.0,-0.0,0.009101418654123903,-0.015280544863978188,-0.07502783352712186,-0.032299476628211095,2
1120.png,H2,0.030208945274353,1.4316266775131226,0.9019980970504282,0.09800190294957178,0.9484742371185593,0.006292850749315842,0.995987963891675,0.004012036108325012,0.9979899497487437,0.00010086270201171709,-0.0010768895516348742,0.0010768895516348742,0.0010768895516348742,0.015592602888743102,0.012204232497950926,-0.07101579741879685,-0.03122258707657622,2
1123.png,H2,0.0053461790084838,0.5991485714912415,0.9758220502901354,0.024177949709864643,0.9877630934899657,0.0003905829991480721,0.9984423676012462,0.0015576323987538387,0.9992205767731879,6.525770974942902e-05,-0.0004258037044923002,0.0004258037044923002,0.0004258037044923002,-0.009270163377126097,-0.061619720741756215,-0.07347020112836802,-0.031873672923718795,1
1124.png,H2,0.0258635282516479,1.223113775253296,0.7113122171945702,0.28868778280542984,0.8313061872025383,0.010057014731761117,0.0005314908317831517,0.9994685091682168,0.0010624169986719787,0.045974838845368925,-0.822174418400389,0.822174418400389,0.822174418400389,0.011247185866038003,0.202890112353809,0.924440675641095,0.7898749417721779,2
1125.png,H2,0.030208945274353,1.4316266775131226,0.8862876254180602,0.11371237458193983,0.9397163120567376,0.0037249761465736175,0.9647826086956521,0.03521739130434787,0.9820756804602788,0.0008247692486527522,-0.007650273224043658,0.007650273224043658,0.007650273224043658,0.015592602888743102,0.027914704130318976,-0.039810442222773995,-0.024649203404167437,2
1126.png,H2,0.0033174157142639,0.5024963021278381,0.961730449251248,0.038269550748752046,0.9804919423240034,0.0011058918508934812,0.9902837155071901,0.009716284492809923,0.9951181409880883,0.0003787837107704581,0.004695895847178222,0.004695895847178222,-0.004695895847178222,-0.011298926671345997,-0.04752811970286881,-0.06531154903431194,-0.027603580781032873,1
1130.png,H2,0.0010689496994018,0.2631813287734985,0.9891304347826086,0.010869565217391353,0.994535519125683,0.00015203198585989059,1.0,0.0,1.0,0.0,0.0,0.0,-0.0,-0.013547392686208097,-0.0749281052342295,-0.07502783352712186,-0.032299476628211095,0
1134.png,H2,0.0258635282516479,1.223113775253296,0.9696969696969697,0.030303030303030276,0.9846153846153847,0.00044076344785866963,0.9854889589905362,0.014511041009463765,0.9926914521766762,0.00037653753769556296,0.003848813193381928,0.003848813193381928,-0.003848813193381928,0.011247185866038003,-0.05549464014859058,-0.0605167925176581,-0.028450663434829167,2
1137.png,H2,0.0027562379837036,0.4347512423992157,0.9800142755174875,0.019985724482512457,0.9899062725306417,0.0009033037312671197,1.0,0.0,1.0,0.0,0.0,0.0,-0.0,-0.011860104401906298,-0.0658119459691084,-0.07502783352712186,-0.032299476628211095,0
1138.png,H2,0.0053461790084838,0.5991485714912415,0.9696157283288651,0.030384271671134888,0.984573502722323,0.0008774081952308575,0.8540263073468078,0.14597369265319216,0.9212666551306454,0.00379431410264373,0.11430208888687726,0.11430208888687726,-0.11430208888687726,-0.009270163377126097,-0.05541339878048597,0.0709458591260703,0.08200261225866617,1
1140.png,H2,0.0013256072998046,0.2911449372768402,0.9436052366565961,0.056394763343403875,0.9709844559585492,0.002684306443192516,0.9223416965352449,0.07765830346475511,0.9596022374145432,0.002942091207135591,0.020518246948467822,0.020518246948467822,-0.020518246948467822,-0.013290735085805298,-0.029402907108216983,0.002630469937633245,-0.011781229679743273,0
1144.png,H2,0.0013256072998046,0.2911449372768402,0.9910514541387024,0.008948545861297563,0.9955056179775281,0.0003694225790352666,1.0,0.0,1.0,0.0,0.0,0.0,-0.0,-0.013290735085805298,-0.0768491245903233,-0.07502783352712186,-0.032299476628211095,0
1146.png,H2,0.0027562379837036,0.4347512423992157,0.9759036144578314,0.02409638554216864,0.9878048780487805,0.00085594761318749,1.0,0.0,1.0,0.0,0.0,0.0,-0.0,-0.011860104401906298,-0.06170128490945222,-0.07502783352712186,-0.032299476628211095,0
1148.png,H2,0.0258635282516479,1.223113775253296,0.990726429675425,0.009273570324574987,0.9953416149068323,0.00031384702274625027,1.0,0.0,1.0,0.0,0.0,0.0,-0.0,0.011247185866038003,-0.07652410012704587,-0.07502783352712186,-0.032299476628211095,2
1149.png,H2,0.0258635282516479,1.223113775253296,0.9478155339805825,0.05218446601941751,0.973208722741433,0.001831953654729689,0.9989157932779184,0.0010842067220816487,0.9994576026035075,3.509148980814851e-05,0.00046816433322671713,0.00046816433322671713,-0.00046816433322671713,0.011247185866038003,-0.03361320443220335,-0.07394362680504021,-0.03183131229498438,2
1150.png,H2,0.0058438777923583,0.6113137006759644,0.9231805929919138,0.0768194070080862,0.9600560616678346,0.0027639743278137134,0.9894842263395093,0.010515773660490724,0.9947143216712812,0.00035608400013565847,-0.0006841065455869266,0.0006841065455869266,0.0006841065455869266,-0.008772464593251598,-0.008978263443534654,-0.06451205986663114,-0.03161537008262417,1
1156.png,H2,0.030208945274353,1.4316266775131226,0.8198799199466311,0.18012008005336888,0.9010263929618768,0.004448371300532166,0.9113740141137402,0.0886259858862598,0.953632316212401,0.005567055429572271,-0.03605685145490434,0.03605685145490434,0.03605685145490434,0.015592602888743102,0.09432240960174802,0.013598152359137944,0.0037573748266932425,2
1160.png,H2,0.0305809378623962,1.328048586845398,0.77700904736562,0.22299095263437996,0.8745133273435161,0.01344088454634925,0.9960768928991761,0.003923107100823886,0.9980345911949685,8.403457949156606e-05,-0.0004753082127310071,0.0004753082127310071,0.0004753082127310071,0.015964595476786303,0.1371932821827591,-0.07110472642629798,-0.03182416841548009,2
1163.png,H2,0.0033174157142639,0.5024963021278381,0.9785407725321889,0.02145922746781115,0.9891540130151844,0.00015146487752094713,0.9761978361669242,0.023802163833075762,0.9879555764117003,0.0010339531594973496,-0.011048078098993663,0.011048078098993663,0.011048078098993663,-0.011298926671345997,-0.06433844298380971,-0.0512256696940461,-0.02125139852921743,1
1165.png,H2,0.0029371380805969,0.4555050730705261,0.9645608628659477,0.035439137134052334,0.9819607843137255,0.00224612048004593,0.9912810194500336,0.008718980549966449,0.9956214213539912,7.103573930620083e-05,0.0017394583950472997,0.0017394583950472997,-0.0017394583950472997,-0.011679204305012998,-0.050358533317568524,-0.06630885297715541,-0.030560018233163795,0
1169.png,H2,0.0053461790084838,0.5991485714912415,0.9210526315789473,0.07894736842105265,0.958904109589041,0.0014262560323554882,0.9875072632190587,0.012492736780941316,0.9937143692442625,0.0005393114983231439,0.002615107052669985,0.002615107052669985,-0.002615107052669985,-0.009270163377126097,-0.006850302030568203,-0.06253509674618055,-0.02968436957554111,1
1170.png,H2,0.0356618165969848,1.4332932233810425,0.8842592592592593,0.1157407407407407,0.9385749385749386,0.0020605430774750183,0.9546204620462047,0.045379537953795346,0.9767834529337273,0.0010136811619776073,0.02000073056897278,0.02000073056897278,-0.02000073056897278,0.021045474211374905,0.02994307028911984,-0.029648295573326516,-0.012298746059238315,3
1177.png,H2,0.0305809378623962,1.328048586845398,0.9169960474308301,0.08300395256916993,0.9567010309278351,0.003085211399650751,0.9974380871050385,0.002561912894961549,0.9987174005985464,2.942793324349968e-05,0.00035226933806442595,0.00035226933806442595,-0.00035226933806442595,0.015964595476786303,-0.002793717882450933,-0.07246592063216031,-0.03194720729014667,2
1178.png,H2,0.0305809378623962,1.328048586845398,0.896,0.10399999999999998,0.9451476793248945,0.00034656472051949286,0.9568081991215227,0.04319180087847729,0.9779274223718668,0.0012233751637687252,0.017985647557913542,0.017985647557913542,-0.017985647557913542,0.015964595476786303,0.018202329548379123,-0.03183603264864457,-0.014313829070297553,2
1179.png,H2,0.0053461790084838,0.5991485714912415,0.9028021015761821,0.09719789842381787,0.9489185457892315,0.0047696609989239585,0.9163636363636364,0.08363636363636362,0.9563567362428842,0.0032894941711942623,0.0,0.0,-0.0,-0.009270163377126097,0.011400227972197016,0.008608530109241758,-0.032299476628211095,1
1189.png,H2,0.0237177610397338,1.2658226490020752,0.9825673534072901,0.017432646592709933,0.991207034372502,0.0004950277318566907,1.0,0.0,1.0,0.0,0.0,0.0,-0.0,0.009101418654123903,-0.06836502385891093,-0.07502783352712186,-0.032299476628211095,2
1192.png,H2,0.00790935754776,0.7709053754806519,0.923728813559322,0.07627118644067798,0.960352422907489,0.00392034107903031,0.9881877525645011,0.011812247435498913,0.9940587867417136,0.0002411834501659544,-0.004274290685224891,0.004274290685224891,0.004274290685224891,-0.006706984837849898,-0.009526484010942873,-0.06321558609162295,-0.028025185942986204,1
1211.png,H2,0.0010689496994018,0.2631813287734985,0.9908602150537634,0.009139784946236573,0.9954091277342695,0.00044343227802698924,1.0,0.0,1.0,0.0,0.0,0.0,-0.0,-0.013547392686208097,-0.07665788550538429,-0.07502783352712186,-0.032299476628211095,0
1223.png,H2,0.0258635282516479,1.223113775253296,0.3491543917075832,0.6508456082924168,0.5175899716942984,0.05845435051932178,0.22335094135175404,0.776649058648246,0.3651461470327724,0.08004436765489081,-0.586867121423128,0.586867121423128,0.586867121423128,0.011247185866038003,0.5650479378407959,0.7016212251211241,0.5545676447949169,2
1225.png,H2,0.0255200266838073,1.2918565273284912,0.9882154882154882,0.011784511784511786,0.9940728196443692,0.0003715084488055933,1.0,0.0,1.0,0.0,0.0,0.0,-0.0,0.010903684298197403,-0.07401315866710907,-0.07502783352712186,-0.032299476628211095,2
1239.png,H2,0.0356618165969848,1.4332932233810425,0.8161605206073753,0.18383947939262468,0.8987757539564049,0.009500145172099612,0.5,0.5,0.6666666666666666,0.03649687339251733,0.2979358475422945,0.2979358475422945,-0.2979358475422945,0.021045474211374905,0.09804180894100382,0.42497216647287817,0.26563637091408343,3
1241.png,H2,0.030208945274353,1.4316266775131226,0.8167288225892382,0.18327117741076182,0.8991202346041056,0.004234711521226443,0.6755060411109368,0.3244939588890632,0.8063307735530998,0.019420804238538064,-0.11005938669863785,0.11005938669863785,0.11005938669863785,0.015592602888743102,0.09747350695914096,0.24946612536194132,0.07775991007042676,2
1243.png,H2,0.0053461790084838,0.5991485714912415,0.9967320261437909,0.0032679738562091387,0.9983633387888707,0.0001279440472598012,1.0,0.0,1.0,0.0,0.0,0.0,-0.0,-0.009270163377126097,-0.08252969659541172,-0.07502783352712186,-0.032299476628211095,1
1246.png,H2,0.00790935754776,0.7709053754806519,0.9845890410958904,0.015410958904109595,0.9922346850733391,0.0002690781823234971,1.0,0.0,1.0,0.0,0.0,0.0,-0.0,-0.006706984837849898,-0.07038671154751126,-0.07502783352712186,-0.032299476628211095,1
1247.png,H2,0.0237177610397338,1.2658226490020752,0.9739714525608733,0.026028547439126748,0.9868141216503615,0.0011812625919171344,1.0,0.0,1.0,0.0,0.0,0.0,-0.0,0.009101418654123903,-0.05976912301249411,-0.07502783352712186,-0.032299476628211095,2
1248.png,H2,0.0017730593681335,0.313340425491333,0.9892367906066536,0.010763209393346407,0.9945892769306444,0.000258405684690805,1.0,0.0,1.0,0.0,0.0,0.0,-0.0,-0.012843283017476398,-0.07503446105827445,-0.07502783352712186,-0.032299476628211095,0
1249.png,H2,0.0033174157142639,0.5024963021278381,0.9869706840390879,0.013029315960912058,0.9934426229508196,0.00041619926680639606,1.0,0.0,1.0,0.0,0.0,0.0,-0.0,-0.011298926671345997,-0.0727683544907088,-0.07502783352712186,-0.032299476628211095,1
1250.png,H2,0.0058438777923583,0.6113137006759644,0.9983050847457627,0.0016949152542372614,0.9991518235793045,6.440836294515994e-05,1.0,0.0,1.0,0.0,0.0,0.0,-0.0,-0.008772464593251598,-0.0841027551973836,-0.07502783352712186,-0.032299476628211095,1
1251.png,H2,0.0023792386054992,0.4076299965381622,1.0,0.0,1.0,0.0,1.0,0.0,1.0,0.0,0.0,0.0,-0.0,-0.012237103780110697,-0.08579767045162086,-0.07502783352712186,-0.032299476628211095,0
1252.png,H2,0.0013256072998046,0.2911449372768402,0.9982608695652174,0.0017391304347825765,0.999129677980853,6.52796035707058e-05,1.0,0.0,1.0,0.0,0.0,0.0,-0.0,-0.013290735085805298,-0.08405854001683828,-0.07502783352712186,-0.032299476628211095,0
1253.png,H2,0.0010689496994018,0.2631813287734985,1.0,0.0,1.0,0.0,1.0,0.0,1.0,0.0,0.0,0.0,-0.0,-0.013547392686208097,-0.08579767045162086,-0.07502783352712186,-0.032299476628211095,0
1254.png,H2,0.0237177610397338,1.2658226490020752,0.8565217391304348,0.14347826086956517,0.9227166276346604,0.0003929739286163219,0.9663760896637609,0.03362391033623913,0.9829005699810006,0.0005425590247986648,-0.011640211640211784,0.011640211640211784,0.011640211640211784,0.009101418654123903,0.05768059041794431,-0.041403923190882735,-0.02065926498799931,2
1267.png,H2,0.0258635282516479,1.223113775253296,0.8915441176470589,0.10845588235294112,0.9426627793974732,0.004923285266871433,0.9359020525747209,0.06409794742527908,0.9668898809523809,0.0022331230556799455,0.0,0.0,-0.0,0.011247185866038003,0.022658211901320266,-0.010929886101842784,-0.032299476628211095,2
1273.png,H2,0.0033174157142639,0.5024963021278381,0.7380952380952381,0.26190476190476186,0.8493150684931506,0.0005251679702885679,0.9315883402736467,0.06841165972635332,0.9645826917154297,0.0006105125437469095,0.0005188273158549528,0.0005188273158549528,-0.0005188273158549528,-0.011298926671345997,0.17610709145314102,-0.006616173800768538,-0.03178064931235614,1
1279.png,H2,0.0356618165969848,1.4332932233810425,0.8655705996131529,0.13442940038684714,0.9279419388284085,0.003047064599293899,0.9068736141906873,0.09312638580931265,0.9511627906976744,0.0034291949144693123,-0.04486571830635011,0.04486571830635011,0.04486571830635011,0.021045474211374905,0.048631729935226284,0.01809855228219079,0.012566241678139016,3
1280.png,H2,0.0058438777923583,0.6113137006759644,0.858600583090379,0.141399416909621,0.923921568627451,0.002970518333385365,0.8831168831168831,0.11688311688311692,0.9379310344827586,0.00551288365896174,0.014774380544080645,0.014774380544080645,-0.014774380544080645,-0.008772464593251598,0.05560174645800013,0.04185528335599506,-0.01752509608413045,1
1281.png,H2,0.0010689496994018,0.2631813287734985,0.9931714719271624,0.006828528072837625,0.9965740388275599,0.00026190394227808885,1.0,0.0,1.0,0.0,0.0,0.0,-0.0,-0.013547392686208097,-0.07896914237878323,-0.07502783352712186,-0.032299476628211095,0
1282.png,H2,0.0027399063110351,0.4562315940856933,0.9413953488372093,0.05860465116279068,0.9698131288931481,0.0019466468754613703,0.9811735174144964,0.018826482585503568,0.9904973075704783,0.0002913075933151777,0.00911933778325602,0.00911933778325602,-0.00911933778325602,-0.011876436074574798,-0.02719301928883018,-0.056201350941618294,-0.023180138844955074,0
1283.png,H2,0.0305809378623962,1.328048586845398,0.8960915157292659,0.10390848427073407,0.9451985922574158,0.005806616734360756,0.9837352776219854,0.016264722378014573,0.9918009612666101,2.0659865161184955e-05,-0.0069934937961444454,0.0069934937961444454,0.0069934937961444454,0.015964595476786303,0.01811081381911321,-0.05876311114910729,-0.02530598283206665,2
1293.png,H2,0.028923749923706,1.3474974632263184,0.9560439560439561,0.04395604395604391,0.9775280898876404,0.0006801169200061272,0.9949715051961113,0.005028494803888672,0.997479415224332,0.000104020776025346,-0.0018647496095063332,0.0018647496095063332,0.0018647496095063332,0.014307407538096102,-0.04184162649557695,-0.06999933872323319,-0.03043472701870476,2
1309.png,H2,0.030208945274353,1.4316266775131226,0.9314759036144579,0.06852409638554213,0.9645224171539961,0.0031035033322086856,1.0,0.0,1.0,0.0,0.0,0.0,-0.0,0.015592602888743102,-0.017273574066078726,-0.07502783352712186,-0.032299476628211095,2
1326.png,H2,0.0013256072998046,0.2911449372768402,0.9951923076923077,0.004807692307692291,0.9975903614457832,0.00019779635391788832,1.0,0.0,1.0,0.0,0.0,0.0,-0.0,-0.013290735085805298,-0.08098997814392857,-0.07502783352712186,-0.032299476628211095,0
1331.png,H2,0.0027562379837036,0.4347512423992157,0.9562913907284768,0.0437086092715232,0.977657413676371,0.00044584529968239066,1.0,0.0,1.0,0.0,0.0,0.0,-0.0,-0.011860104401906298,-0.042089061180097656,-0.07502783352712186,-0.032299476628211095,0
1333.png,H2,0.0010689496994018,0.2631813287734985,0.9850074962518741,0.014992503748125885,0.9924471299093656,0.0005930309909188184,1.0,0.0,1.0,0.0,0.0,0.0,-0.0,-0.013547392686208097,-0.07080516670349497,-0.07502783352712186,-0.032299476628211095,0
1334.png,H2,0.0027399063110351,0.4562315940856933,0.9897959183673469,0.010204081632653073,0.9948717948717949,0.0004762249279854393,0.9994372537985369,0.0005627462014631268,0.9997185477061638,1.9434204253177215e-05,0.00026580268231291004,0.00026580268231291004,-0.00026580268231291004,-0.011876436074574798,-0.07559358881896779,-0.07446508732565874,-0.032033673945898185,0
1341.png,H2,0.0017730593681335,0.313340425491333,0.980565371024735,0.019434628975265045,0.9901873327386262,0.0005737755685074348,0.9970466627288836,0.002953337271116352,0.9985211475894705,7.159519239517067e-05,0.0014125551644887935,0.0014125551644887935,-0.0014125551644887935,-0.012843283017476398,-0.06636304147635581,-0.07207449625600551,-0.0308869214637223,0
1345.png,H2,0.0023792386054992,0.4076299965381622,0.9946695095948828,0.005330490405117239,0.997327632282202,0.00021808158811142657,1.0,0.0,1.0,0.0,0.0,0.0,-0.0,-0.012237103780110697,-0.08046718004650362,-0.07502783352712186,-0.032299476628211095,0
1346.png,H2,0.0058438777923583,0.6113137006759644,0.8589473684210527,0.14105263157894732,0.9241223103057757,0.0016165478532906873,0.9365079365079365,0.06349206349206349,0.9672131147540983,0.001400154236473811,-0.024474399507039113,0.024474399507039113,0.024474399507039113,-0.008772464593251598,0.05525496112732646,-0.011535770035058374,-0.007825077121171982,1
1353.png,H2,0.00790935754776,0.7709053754806519,0.981243830207305,0.01875616979269501,0.9905331340308918,0.0009185232343756948,1.0,0.0,1.0,0.0,0.0,0.0,-0.0,-0.006706984837849898,-0.06704150065892585,-0.07502783352712186,-0.032299476628211095,1
1355.png,H2,0.0023792386054992,0.4076299965381622,0.9887387387387387,0.011261261261261257,0.9943374858437146,0.0005384559037278979,0.9957791659631944,0.004220834036805621,0.9978851197022248,0.0001803840324750498,0.002444400609553532,0.002444400609553532,-0.002444400609553532,-0.012237103780110697,-0.0745364091903596,-0.07080699949031624,-0.029855076018657563,0
1361.png,H2,0.028923749923706,1.3474974632263184,0.7306949806949807,0.26930501930501927,0.8443948689347462,0.010158508265835772,0.6876272336575435,0.3123727663424565,0.8149041683420453,0.006517233389743541,0.034512617516081145,0.034512617516081145,-0.034512617516081145,0.014307407538096102,0.18350734885339842,0.2373449328153346,0.0022131408878700506,2
1364.png,H2,0.0023792386054992,0.4076299965381622,0.9917898193760263,0.008210180623973717,0.9958779884583677,0.0003245710361626931,0.9912587412587412,0.00874125874125875,0.9956101843722563,0.0001663702415507547,0.0020349501518782676,0.0020349501518782676,-0.0020349501518782676,-0.012237103780110697,-0.07758748982764714,-0.06628657478586311,-0.030264526476332827,0
1365.png,H2,0.0305809378623962,1.328048586845398,0.8475073313782991,0.15249266862170086,0.9174603174603174,0.007849797194317753,0.9906943450250537,0.009305654974946287,0.9953254225098885,0.00016020296186134808,-0.0022170838106363444,0.0022170838106363444,0.0022170838106363444,0.015964595476786303,0.06669499817008,-0.06572217855217558,-0.03008239281757475,2
1367.png,H2,0.0033174157142639,0.5024963021278381,0.9829302987197724,0.017069701280227556,0.9913916786226685,0.0007312552747376773,0.9991752577319588,0.0008247422680411898,0.9995874587458746,1.1726225320537015e-05,-0.0004103971918111293,0.0004103971918111293,0.0004103971918111293,-0.011298926671345997,-0.0687279691713933,-0.07420309125908067,-0.031889079436399966,1
1368.png,H2,0.0305809378623962,1.328048586845398,0.8148148148148148,0.18518518518518523,0.8979591836734694,0.00016632908272011876,0.9801434087148373,0.019856591285162706,0.9899721448467966,0.0005604037254205028,-0.009559829373784745,0.009559829373784745,0.009559829373784745,0.015964595476786303,0.09938751473356437,-0.055171242241959156,-0.02273964725442635,2
1370.png,H2,0.0027562379837036,0.4347512423992157,0.9818481848184818,0.018151815181518205,0.9908409658617818,6.584257854869853e-05,1.0,0.0,1.0,0.0,0.0,0.0,-0.0,-0.011860104401906298,-0.06764585527010265,-0.07502783352712186,-0.032299476628211095,0
1371.png,H2,0.0017730593681335,0.313340425491333,1.0,0.0,1.0,0.0,1.0,0.0,1.0,0.0,0.0,0.0,-0.0,-0.012843283017476398,-0.08579767045162086,-0.07502783352712186,-0.032299476628211095,0
1372.png,H2,0.0017730593681335,0.313340425491333,0.9986206896551724,0.0013793103448276334,0.9993098688750862,6.211835459663156e-05,1.0,0.0,1.0,0.0,0.0,0.0,-0.0,-0.012843283017476398,-0.08441836010679322,-0.07502783352712186,-0.032299476628211095,0
1373.png,H2,0.0258635282516479,1.223113775253296,0.9552238805970149,0.04477611940298509,0.9770992366412213,0.0016401470002197142,0.9972557628979144,0.0027442371020856005,0.9986259961527892,0.00010372934396179199,0.001344586980587592,0.001344586980587592,-0.001344586980587592,0.011247185866038003,-0.041021551048635765,-0.07228359642503626,-0.030954889647623503,2
1378.png,H2,0.0010689496994018,0.2631813287734985,0.9668008048289738,0.03319919517102621,0.9831202046035805,0.0001843287193175477,1.0,0.0,1.0,0.0,0.0,0.0,-0.0,-0.013547392686208097,-0.05259847528059465,-0.07502783352712186,-0.032299476628211095,0
1380.png,H2,0.0255200266838073,1.2918565273284912,0.8918128654970761,0.10818713450292394,0.9428129829984544,0.004833009789308637,0.873305833824396,0.12669416617560403,0.9323686693928909,0.000724688474284423,-0.010856945469907342,0.010856945469907342,0.010856945469907342,0.010903684298197403,0.022389464051303085,0.051666332648482166,-0.021442531158303753,2
1381.png,H2,0.030208945274353,1.4316266775131226,0.9100684261974584,0.08993157380254158,0.9529170931422722,0.0026088484204104885,0.9140911471974856,0.08590885280251437,0.9551176792556103,0.0016870315632134068,-0.03881655233006576,0.03881655233006576,0.03881655233006576,0.015592602888743102,0.004133903350920717,0.010881019275392506,0.006517075701854662,2
1384.png,H2,0.028923749923706,1.3474974632263184,0.9113697403760072,0.08863025962399285,0.9536299765807963,0.002960129328866784,0.9768566493955095,0.023143350604490465,0.9882928533985672,0.0004220041529754512,0.0025595729984012605,0.0025595729984012605,-0.0025595729984012605,0.014307407538096102,0.002832589172371988,-0.0518844829226314,-0.029739903629809834,2
1387.png,H2,0.0017730593681335,0.313340425491333,0.997946611909651,0.002053388090349051,0.998972250770812,7.429806142136533e-05,1.0,0.0,1.0,0.0,0.0,0.0,-0.0,-0.012843283017476398,-0.08374428236127181,-0.07502783352712186,-0.032299476628211095,0
1388.png,H2,0.0255200266838073,1.2918565273284912,0.9054726368159204,0.09452736318407962,0.9503916449086162,0.0030383896932494985,0.9802345058626466,0.0197654941373534,0.9900186093723566,0.0005993707222317099,-0.002815121099482676,0.002815121099482676,0.002815121099482676,0.010903684298197403,0.008729692732458758,-0.05526233938976846,-0.02948435552872842,2
1397.png,H2,0.0063394904136657,0.6706337332725525,0.8560606060606061,0.14393939393939392,0.9224489795918367,0.006726009690511301,0.9164463246959281,0.08355367530407187,0.9564017660044151,0.0034772283464880476,0.04331893562250877,0.04331893562250877,-0.04331893562250877,-0.008276851971944197,0.058141723487773064,0.00852584177695001,0.011019458994297675,1
1398.png,H2,0.0023792386054992,0.4076299965381622,0.9801876955161627,0.019812304483837306,0.9899947340705635,0.0008457759499358922,1.0,0.0,1.0,0.0,0.0,0.0,-0.0,-0.012237103780110697,-0.06598536596778355,-0.07502783352712186,-0.032299476628211095,0
1399.png,H2,0.0013256072998046,0.2911449372768402,0.9879032258064516,0.012096774193548376,0.9939148073022313,0.00042687975126063374,0.9913941480206541,0.008605851979345935,0.9956784788245462,0.00033799879168087656,0.004068510341539322,0.004068510341539322,-0.004068510341539322,-0.013290735085805298,-0.07370089625807248,-0.06642198154777593,-0.028230966286671773,0
1401.png,H2,0.030208945274353,1.4316266775131226,0.880859375,0.119140625,0.936656282450675,0.005431442982462033,0.6942580164056674,0.3057419835943326,0.8195422535211268,0.012279154195343664,0.1596209257383917,0.1596209257383917,-0.1596209257383917,0.015592602888743102,0.03334295454837914,0.23071415006721072,0.12732144911018062,2
1402.png,H2,0.0255200266838073,1.2918565273284912,0.872865275142315,0.12713472485768496,0.9321175278622087,0.0035520529990221627,0.9607247081712063,0.039275291828793746,0.979968992248062,0.0022777807116043116,0.010053851068432096,0.010053851068432096,-0.010053851068432096,0.010903684298197403,0.0413370544060641,-0.035752541698328116,-0.022245625559779,2
1406.png,H2,0.030208945274353,1.4316266775131226,0.8909090909090909,0.10909090909090913,0.9423076923076923,0.0026233864947328733,0.7129537129537129,0.2870462870462871,0.8324261275272161,0.012535762016548439,-0.13830260900234664,0.13830260900234664,0.13830260900234664,0.015592602888743102,0.02329323863928827,0.21201845351916523,0.10600313237413556,2
1407.png,H2,0.0027562379837036,0.4347512423992157,0.9375,0.0625,0.967741935483871,0.003504538174313,0.9791091840756799,0.020890815924320072,0.9894443337980482,0.0006831689505002165,0.0011194829747934731,0.0011194829747934731,-0.0011194829747934731,-0.011860104401906298,-0.023297670451620858,-0.05413701760280179,-0.03117999365341762,0
1410.png,H2,0.030208945274353,1.4316266775131226,0.8676042677012609,0.13239573229873913,0.92910932225396,0.0028790502039916692,0.998179335457442,0.001820664542558026,0.9990888382687927,6.622032047489254e-05,0.000420554766592085,0.000420554766592085,-0.000420554766592085,0.015592602888743102,0.046598061847118274,-0.07320716898456384,-0.03187892186161901,2
1411.png,H2,0.013220727443695,0.8812841176986694,0.8796095444685467,0.12039045553145333,0.9359492210040392,0.003722850469325287,0.9533088235294118,0.04669117647058818,0.9760963674007153,0.0011944320077992246,-0.019487147287308493,0.019487147287308493,0.019487147287308493,-0.0013956149419148967,0.034592785079832475,-0.02833665705653368,-0.012812329340902602,2
1425.png,H2,0.030208945274353,1.4316266775131226,0.9849921011058452,0.01500789889415477,0.9924393155590927,0.0007436264896180284,1.0,0.0,1.0,0.0,0.0,0.0,-0.0,0.015592602888743102,-0.07078977155746609,-0.07502783352712186,-0.032299476628211095,2
1426.png,H2,0.0305809378623962,1.328048586845398,0.9275675675675675,0.07243243243243247,0.9624228827818284,0.0028647539659472283,1.0,0.0,1.0,0.0,0.0,0.0,-0.0,0.015964595476786303,-0.013365238019188388,-0.07502783352712186,-0.032299476628211095,2
1435.png,H2,0.0017730593681335,0.313340425491333,0.9879584017515052,0.012041598248494823,0.9939427312775331,0.0005522598788317565,1.0,0.0,1.0,0.0,0.0,0.0,-0.0,-0.012843283017476398,-0.07375607220312604,-0.07502783352712186,-0.032299476628211095,0
1436.png,H2,0.0033174157142639,0.5024963021278381,0.9831994156318481,0.016800584368151905,0.9915285451197053,0.0004972500740225875,1.0,0.0,1.0,0.0,0.0,0.0,-0.0,-0.011298926671345997,-0.06899708608346895,-0.07502783352712186,-0.032299476628211095,1
1437.png,H2,0.0029371380805969,0.4555050730705261,0.9760802469135802,0.023919753086419804,0.9878953533775868,0.0013649307465735583,1.0,0.0,1.0,0.0,0.0,0.0,-0.0,-0.011679204305012998,-0.061877917365201054,-0.07502783352712186,-0.032299476628211095,0
1442.png,H2,0.028923749923706,1.3474974632263184,0.7655334114888629,0.2344665885111371,0.8671978751660027,0.011951200569780876,0.7454631157200095,0.25453688427999055,0.8541722927356198,0.010417272377545155,0.0790349939563958,0.0790349939563958,-0.0790349939563958,0.014307407538096102,0.14866891805951626,0.1795090507528687,0.0467355173281847,2
1457.png,H2,0.0258635282516479,1.223113775253296,0.9284785435630689,0.07152145643693109,0.9629130141604855,0.0031008902448901917,0.9822419533851277,0.017758046614872347,0.9910414333706606,0.0006176685683975793,0.0020822474452772965,0.0020822474452772965,-0.0020822474452772965,0.011247185866038003,-0.014276214014689773,-0.057269786912249515,-0.0302172291829338,2
1458.png,H2,0.0013256072998046,0.2911449372768402,0.979011509817197,0.02098849018280302,0.9893944577488881,0.0010626677248788557,0.9665653495440729,0.033434650455927084,0.9829984544049459,0.0003954852284005452,0.0007038535984514871,0.0007038535984514871,-0.0007038535984514871,-0.013290735085805298,-0.06480918026881784,-0.04159318307119478,-0.03159562302975961,0
1459.png,H2,0.0010689496994018,0.2631813287734985,0.9905178701677607,0.009482129832239283,0.9952363503114694,0.0004714744886871218,1.0,0.0,1.0,0.0,0.0,0.0,-0.0,-0.013547392686208097,-0.07631554061938157,-0.07502783352712186,-0.032299476628211095,0
1461.png,H2,0.030208945274353,1.4316266775131226,0.8661257606490872,0.1338742393509128,0.9282608695652174,0.005752822157314551,0.9963805584281282,0.003619441571871773,0.9981869981869982,0.00011505959925550574,-0.001429107804946761,0.001429107804946761,0.001429107804946761,0.015592602888743102,0.04807656889929195,-0.07140839195525009,-0.030870368823264334,2
1464.png,H2,0.0255200266838073,1.2918565273284912,0.8573193329215565,0.1426806670784435,0.9231792484203525,0.006362429469150716,0.9064327485380117,0.0935672514619883,0.950920245398773,0.0038995395249681636,-0.03636731436407448,0.03636731436407448,0.03636731436407448,0.010903684298197403,0.056882996626822654,0.018539417934866437,0.004067837735863382,2
1465.png,H2,0.00790935754776,0.7709053754806519,0.9834710743801653,0.016528925619834656,0.9916666666666667,4.645156715254013e-05,0.9982859941234085,0.00171400587659154,0.9991422619776988,3.197962323757537e-05,0.0003308086263368315,0.0003308086263368315,-0.0003308086263368315,-0.006706984837849898,-0.0692687448317862,-0.07331382765053032,-0.03196866800187426,1
1466.png,H2,0.0258635282516479,1.223113775253296,0.882537688442211,0.11746231155778897,0.9376042709376042,0.004403888606397048,0.9844144903117102,0.015585509688289756,0.9921460411802165,0.0008104772817847018,0.00742840745774731,0.00742840745774731,-0.00742840745774731,0.011247185866038003,0.03166464110616811,-0.059442323838832106,-0.024871069170463785,2
1472.png,H2,0.0063394904136657,0.6706337332725525,0.9593596059113301,0.04064039408866993,0.9792583280955374,0.0007040419306416476,1.0,0.0,1.0,0.0,0.0,0.0,-0.0,-0.008276851971944197,-0.04515727636295093,-0.07502783352712186,-0.032299476628211095,1
1477.png,H2,0.030208945274353,1.4316266775131226,0.909468438538206,0.09053156146179397,0.9525880817746847,0.004842130003455081,0.9982964224872232,0.0017035775127768327,0.9991474850809889,9.209147922651406e-05,-0.00032753503253513117,0.00032753503253513117,0.00032753503253513117,0.015592602888743102,0.004733891010173116,-0.07332425601434503,-0.031971941595675964,2
1480.png,H2,0.0027562379837036,0.4347512423992157,0.8990536277602523,0.10094637223974767,0.946843853820598,0.0038503974437514186,0.990646921278254,0.009353078721745955,0.995301487862177,0.00015247360042834504,0.00371667521481156,0.00371667521481156,-0.00371667521481156,-0.011860104401906298,0.015148701788126814,-0.0656747548053759,-0.028582801413399535,0
1481.png,H2,0.0258635282516479,1.223113775253296,0.7587870434183321,0.24121295658166786,0.8628526645768025,0.008070988957893816,0.2911522633744856,0.7088477366255144,0.450996015936255,0.021348770258697462,-0.5888798028389833,0.5888798028389833,0.5888798028389833,0.011247185866038003,0.15541528613004701,0.6338199030983925,0.5565803262107722,2
1482.png,H2,0.0029371380805969,0.4555050730705261,0.983789260385005,0.016210739614994973,0.9918283963227783,0.0005885709422161475,1.0,0.0,1.0,0.0,0.0,0.0,-0.0,-0.011679204305012998,-0.06958693083662588,-0.07502783352712186,-0.032299476628211095,0
1483.png,H2,0.0013256072998046,0.2911449372768402,0.9489216799091941,0.05107832009080593,0.9737914967967385,0.001230849104705609,0.9935064935064936,0.00649350649350644,0.996742671009772,0.0002032085650847544,0.0,0.0,-0.0,-0.013290735085805298,-0.03471935036081493,-0.06853432703361542,-0.032299476628211095,0
1484.png,H2,0.0027562379837036,0.4347512423992157,0.9592760180995475,0.040723981900452455,0.9792147806004619,0.0011787921252292422,0.9102137767220903,0.08978622327790975,0.9529967669733898,0.002396930099749405,-0.0282137733545329,0.0282137733545329,0.0282137733545329,-0.011860104401906298,-0.0450736885511684,0.014758389750787887,-0.004085703273678194,0
1485.png,H2,0.0017730593681335,0.313340425491333,0.9829059829059829,0.017094017094017144,0.9913793103448276,0.0005277585395587831,1.0,0.0,1.0,0.0,0.0,0.0,-0.0,-0.012843283017476398,-0.06870365335760371,-0.07502783352712186,-0.032299476628211095,0
1488.png,H2,0.0255200266838073,1.2918565273284912,0.818489289740699,0.181510710259301,0.9001859888406696,0.004893332792445079,0.7128712871287128,0.28712871287128716,0.8323699421965318,0.015784874043493477,0.12875319849247624,0.12875319849247624,-0.12875319849247624,0.010903684298197403,0.09571303980768013,0.2121008793441653,0.09645372186426515,2
1490.png,H2,0.0305809378623962,1.328048586845398,0.8400335008375209,0.15996649916247907,0.9130632680928539,0.008639580300061138,0.9363861386138614,0.06361386138613856,0.9671481528825259,0.0025051057076553016,-0.025967906068967817,0.025967906068967817,0.025967906068967817,0.015964595476786303,0.07416882871085821,-0.011413972140983303,-0.006331570559243278,2
1491.png,H2,0.0356618165969848,1.4332932233810425,0.847001223990208,0.15299877600979195,0.9171636845593109,0.0035778153072576206,0.8679458239277652,0.1320541760722348,0.9293051359516616,0.004133967253476341,0.003983537698964423,0.003983537698964423,-0.003983537698964423,0.021045474211374905,0.06720110555817109,0.057026342545112935,-0.02831593892924667,3
1492.png,H2,0.0027562379837036,0.4347512423992157,0.9683734939759037,0.031626506024096335,0.9839326702371843,0.0005431327623382845,0.9325795644891123,0.06742043551088772,0.9651137594799567,0.0015405626506710104,0.02372055413577584,0.02372055413577584,-0.02372055413577584,-0.011860104401906298,-0.054171164427524524,-0.00760739801623414,-0.008578922492435255,0
1493.png,H2,0.0237177610397338,1.2658226490020752,0.8561770129071912,0.14382298709280883,0.9225165562913907,0.005121265594778115,0.8468292682926829,0.1531707317073171,0.9170628631801373,0.005485424416995174,-0.07013483601707104,0.07013483601707104,0.07013483601707104,0.009101418654123903,0.05802531664118797,0.07814289818019524,0.03783535938885995,2
1495.png,H2,0.0027562379837036,0.4347512423992157,0.9921146953405018,0.007885304659498216,0.9960417416336812,0.0003407243980757374,1.0,0.0,1.0,0.0,0.0,0.0,-0.0,-0.011860104401906298,-0.07791236579212264,-0.07502783352712186,-0.032299476628211095,0
1496.png,H2,0.0027562379837036,0.4347512423992157,0.9498464687819856,0.05015353121801436,0.9742782152230971,0.00206846277639547,0.831980906921241,0.16801909307875895,0.9082855653986451,0.005831704742862844,-0.022935610858671684,0.022935610858671684,0.022935610858671684,-0.011860104401906298,-0.0356441392336065,0.09299125955163709,-0.00936386576953941,0
1497.png,H2,0.0027562379837036,0.4347512423992157,0.9469480889903024,0.05305191100969764,0.9727512452387929,0.0033213025469270422,0.9980262230367969,0.001973776963203111,0.9990121366073949,4.856330877816165e-05,-0.0003190132172306015,0.0003190132172306015,0.0003190132172306015,-0.011860104401906298,-0.03274575944192322,-0.07305405656391875,-0.03198046341098049,0
1498.png,H2,0.0255200266838073,1.2918565273284912,0.8611793611793612,0.13882063882063878,0.9254125412541254,0.006122492228693599,0.9270639354438237,0.0729360645561763,0.9621517152520535,0.0015674990101481694,-0.017699526740814986,0.017699526740814986,0.017699526740814986,0.010903684298197403,0.05302296836901792,-0.002091768970945568,-0.014599949887396109,2
1509.png,H2,0.0237177610397338,1.2658226490020752,0.8725050916496945,0.12749490835030552,0.9319121165977812,0.0037666695467169406,0.9852862967558943,0.014713703244105703,0.9925886239842843,0.0004212518954055812,0.0058733898253763295,0.0058733898253763295,-0.0058733898253763295,0.009101418654123903,0.041697237898684666,-0.06031413028301616,-0.026426086802834765,2
1519.png,H2,0.0258635282516479,1.223113775253296,0.9013574660633484,0.09864253393665157,0.9481199428843408,0.0038378008004561434,0.995580554439534,0.004419445560466029,0.9977853835313066,7.079389025673034e-05,-0.0012125144974559632,0.0012125144974559632,0.0012125144974559632,0.011247185866038003,0.012844863485030708,-0.07060838796665583,-0.03108696213075513,2
1529.png,H2,0.0237177610397338,1.2658226490020752,0.9567307692307693,0.043269230769230727,0.9778869778869779,0.0020422346513854933,0.9955539088551315,0.0044460911448684914,0.9977720014853323,0.00011952531454543507,-0.002181174257037566,0.002181174257037566,0.002181174257037566,0.009101418654123903,-0.04252843968239013,-0.07058174238225337,-0.03011830237117353,2
1533.png,H2,0.0255200266838073,1.2918565273284912,0.837914691943128,0.16208530805687205,0.9118102114492006,0.007995122870240942,0.9560439560439561,0.04395604395604391,0.9775280898876404,0.0004282340772583857,-0.01055064164784969,0.01055064164784969,0.01055064164784969,0.010903684298197403,0.07628763760525119,-0.03107178957107795,-0.021748834980361405,2
1534.png,H2,0.013220727443695,0.8812841176986694,0.9635416666666666,0.03645833333333337,0.9814323607427056,0.0015815646404243363,0.9958968347010551,0.004103165298944944,0.9979441997063142,7.748381826425676e-05,0.0019912956484614552,0.0019912956484614552,-0.0019912956484614552,-0.0013956149419148967,-0.04933933711828749,-0.07092466822817692,-0.03030818097974964,2
1535.png,H2,0.028923749923706,1.3474974632263184,0.8932203389830509,0.10677966101694913,0.9435989256938228,0.0034932501172336163,0.9510869565217391,0.048913043478260865,0.9749303621169917,0.0019412254071732383,-0.023645915252278216,0.023645915252278216,0.023645915252278216,0.014307407538096102,0.020981990565328276,-0.026114790048860997,-0.00865356137593288,2
1536.png,H2,0.0258635282516479,1.223113775253296,0.8974683544303798,0.10253164556962024,0.9459639759839893,0.004467209093728986,0.9669376693766938,0.03306233062330621,0.9831909616974374,0.0007749522139496346,0.009880924767689314,0.009880924767689314,-0.009880924767689314,0.011247185866038003,0.016733975117999386,-0.04196550290381565,-0.02241855186052178,2
1545.png,H2,0.0258635282516479,1.223113775253296,0.6016260162601627,0.39837398373983735,0.751269035532995,0.01353783253191596,0.7023056057866185,0.2976943942133815,0.8251228256539637,0.011049848282982212,0.12927793855000314,0.12927793855000314,-0.12927793855000314,0.011247185866038003,0.3125763132882165,0.22266656068625965,0.09697846192179205,2
1546.png,H2,0.0010689496994018,0.2631813287734985,0.9826086956521739,0.017391304347826098,0.9912280701754386,0.0005987422993663175,0.749667994687915,0.250332005312085,0.8569259962049336,0.011672208959540983,0.1309897710171467,0.1309897710171467,-0.1309897710171467,-0.013547392686208097,-0.06840636610379476,0.17530417178496313,0.09869029438893562,0
1547.png,H2,0.0027399063110351,0.4562315940856933,0.925,0.07499999999999996,0.961038961038961,0.001609116578065432,0.9825882352941177,0.01741176470588235,0.9912176596249703,0.0006715224500272299,-0.0035925840508355122,0.0035925840508355122,0.0035925840508355122,-0.011876436074574798,-0.010797670451620903,-0.05761606882123951,-0.028706892577375583,0
1548.png,H2,0.0237177610397338,1.2658226490020752,0.9775700934579439,0.02242990654205612,0.9886578449905482,0.0008082437822476134,1.0,0.0,1.0,0.0,0.0,0.0,-0.0,0.009101418654123903,-0.06336776390956474,-0.07502783352712186,-0.032299476628211095,2
1551.png,H2,0.028923749923706,1.3474974632263184,0.935064935064935,0.06493506493506496,0.9664429530201343,0.00333552059893694,0.6559507523939808,0.3440492476060192,0.7922346137959521,0.01980277189914493,-0.19419816256699296,0.19419816256699296,0.19419816256699296,0.014307407538096102,-0.0208626055165559,0.26902141407889735,0.16189868593878187,2
1552.png,H2,0.0023792386054992,0.4076299965381622,0.9905498281786942,0.009450171821305808,0.9952524816573155,0.0003619214949761016,1.0,0.0,1.0,0.0,0.0,0.0,-0.0,-0.012237103780110697,-0.07634749863031505,-0.07502783352712186,-0.032299476628211095,0
1555.png,H2,0.0058438777923583,0.6113137006759644,0.9431680773881499,0.056831922611850105,0.9707529558182949,0.001471484232259407,0.9932113341204251,0.00678866587957494,0.9965941063231156,0.00035545473843548995,-0.0025215374133085167,0.0025215374133085167,0.0025215374133085167,-0.008772464593251598,-0.028965747839770753,-0.06823916764754692,-0.029777939214902578,1
1559.png,H2,0.0010689496994018,0.2631813287734985,0.9823008849557522,0.017699115044247815,0.9910714285714286,0.0008193454616073022,0.9766597510373444,0.02334024896265563,0.9881920755707163,0.0007988006794482969,-0.010342101241006207,0.010342101241006207,0.010342101241006207,-0.013547392686208097,-0.06809855540737304,-0.05168758456446623,-0.021957375387204887,0
1560.png,H2,0.0258635282516479,1.223113775253296,0.8721804511278195,0.1278195488721805,0.9317269076305221,0.005048007748059823,0.9864797195793691,0.013520280420630915,0.993193849256365,0.00013467870537494107,-0.0038675981144192795,0.0038675981144192795,0.0038675981144192795,0.011247185866038003,0.04202187842055964,-0.06150755310649095,-0.028431878513791815,2
1563.png,H2,0.0010689496994018,0.2631813287734985,0.9930167597765364,0.006983240223463638,0.9964961457603364,0.00029255841233819056,1.0,0.0,1.0,0.0,0.0,0.0,-0.0,-0.013547392686208097,-0.07881443022815722,-0.07502783352712186,-0.032299476628211095,0
1564.png,H2,0.0033174157142639,0.5024963021278381,0.9848066298342542,0.015193370165745845,0.9923451635351427,0.0005230148728068307,1.0,0.0,1.0,0.0,0.0,0.0,-0.0,-0.011298926671345997,-0.07060430028587501,-0.07502783352712186,-0.032299476628211095,1
1574.png,H2,0.00790935754776,0.7709053754806519,0.9621301775147929,0.037869822485207094,0.9806996381182147,0.001513548567017801,0.9963898916967509,0.0036101083032491488,0.9981916817359855,9.819979099558252e-05,0.0015121618726976482,0.0015121618726976482,-0.0015121618726976482,-0.006706984837849898,-0.047927847966413764,-0.07141772522387271,-0.030787314755513447,1
1575.png,H2,0.0033174157142639,0.5024963021278381,1.0,0.0,1.0,0.0,1.0,0.0,1.0,0.0,0.0,0.0,-0.0,-0.011298926671345997,-0.08579767045162086,-0.07502783352712186,-0.032299476628211095,1
1577.png,H2,0.0033174157142639,0.5024963021278381,0.9626391096979332,0.037360890302066796,0.980963953017416,0.0016159026353097542,0.9984998499849985,0.001500150015001478,0.999249361957664,5.4239896874378286e-05,0.0004419582850635484,0.0004419582850635484,-0.0004419582850635484,-0.011298926671345997,-0.04843678014955406,-0.07352768351212038,-0.031857518343147546,1
1579.png,H2,0.0010689496994018,0.2631813287734985,0.9940677966101695,0.0059322033898304705,0.9970250743731407,0.0001950754898242115,1.0,0.0,1.0,0.0,0.0,0.0,-0.0,-0.013547392686208097,-0.07986546706179039,-0.07502783352712186,-0.032299476628211095,0
1583.png,H2,0.0237177610397338,1.2658226490020752,0.0,1.0,0.0,0.12566398899491155,0.0,1.0,0.0,0.14137555411504102,-0.8029421451311889,0.8029421451311889,0.8029421451311889,0.009101418654123903,0.9142023295483791,0.9249721664728782,0.7706426685029778,2
1585.png,H2,0.0063394904136657,0.6706337332725525,0.967741935483871,0.032258064516129004,0.9836065573770492,0.001218772452213468,0.994657014822475,0.0053429851775249615,0.9973213514214119,0.00012031501775483782,0.0015370809592177848,0.0015370809592177848,-0.0015370809592177848,-0.008276851971944197,-0.053539605935491855,-0.0696848483495969,-0.03076239566899331,1
1587.png,H2,0.0027399063110351,0.4562315940856933,0.9428726877040261,0.0571273122959739,0.9705964715765892,0.001955540021309303,0.9801787796346677,0.019821220365332293,0.9899901864573111,0.0007083287152037697,-0.007412283875698034,0.007412283875698034,0.007412283875698034,-0.011876436074574798,-0.02867035815564696,-0.05520661316178957,-0.02488719275251306,0
1588.png,H2,0.0027562379837036,0.4347512423992157,0.9406910778751933,0.05930892212480665,0.9694392771724688,0.0035145384458388058,0.9931598712446352,0.006840128755364772,0.9965681986407375,0.00019530206159622298,-0.0025831965495589637,0.0025831965495589637,0.0025831965495589637,-0.011860104401906298,-0.026488748326814207,-0.06818770477175709,-0.02971628007865213,0
1590.png,H2,0.0023792386054992,0.4076299965381622,0.9463894967177243,0.05361050328227568,0.9724564362001125,0.0019333974101405933,0.9797652772157022,0.02023472278429783,0.9897792313982011,0.00046167469612724507,0.0042109108751420266,0.0042109108751420266,-0.0042109108751420266,-0.012237103780110697,-0.03218716716934518,-0.05479311074282403,-0.02808856575306907,0
1591.png,H2,0.0033174157142639,0.5024963021278381,0.9936238044633369,0.006376195536663132,0.9968017057569296,0.0002197922283928429,1.0,0.0,1.0,0.0,0.0,0.0,-0.0,-0.011298926671345997,-0.07942147491495773,-0.07502783352712186,-0.032299476628211095,1
1596.png,H2,0.00790935754776,0.7709053754806519,0.8859934853420195,0.1140065146579805,0.9395509499136442,0.005205059317210239,0.9888143176733781,0.01118568232662187,0.9943757030371203,0.00013394906684229286,0.004450261374796871,0.004450261374796871,-0.004450261374796871,-0.006706984837849898,0.02820884420635965,-0.06384215120049999,-0.027849215253414224,1
1600.png,H2,0.0258635282516479,1.223113775253296,0.9230769230769231,0.07692307692307687,0.96,0.0034068512502370887,0.9778254649499285,0.022174535050071498,0.9887884267631103,0.00022681913924554309,-0.008415809737880808,0.008415809737880808,0.008415809737880808,0.011247185866038003,-0.008874593528543986,-0.052853298477050364,-0.023883666890330287,2
1601.png,H2,0.0058438777923583,0.6113137006759644,0.9275261324041811,0.07247386759581886,0.9624005784526392,0.0037554841403632556,0.9695463020509634,0.03045369794903663,0.9845377090564847,0.0014347266955863254,0.005434517884317147,0.005434517884317147,-0.005434517884317147,-0.008772464593251598,-0.013323802855801994,-0.04457413557808523,-0.026864958743893948,1
1619.png,H2,0.0027562379837036,0.4347512423992157,0.9658738366080661,0.03412616339193386,0.9826407154129405,0.0008292126182104528,1.0,0.0,1.0,0.0,0.0,0.0,-0.0,-0.011860104401906298,-0.051671507059687,-0.07502783352712186,-0.032299476628211095,0
1628.png,H2,0.0023792386054992,0.4076299965381622,0.9966666666666667,0.0033333333333332993,0.998330550918197,9.866282111565777e-05,1.0,0.0,1.0,0.0,0.0,0.0,-0.0,-0.012237103780110697,-0.08246433711828756,-0.07502783352712186,-0.032299476628211095,0
1629.png,H2,0.0010689496994018,0.2631813287734985,0.9725719424460432,0.02742805755395683,0.9860952815135628,0.001094629084594004,0.9988955157941242,0.001104484205875833,0.9994474527572107,9.583174802669135e-06,0.0004962770610903444,0.0004962770610903444,-0.0004962770610903444,-0.013547392686208097,-0.05836961289766403,-0.07392334932124603,-0.03180319956712075,0
1630.png,H2,0.030208945274353,1.4316266775131226,0.9112215909090909,0.08877840909090906,0.9535488665923448,0.0036375057595145143,0.99427718337895,0.005722816621050009,0.997130380536494,0.0001297465984623621,-0.002294205808513583,0.002294205808513583,0.002294205808513583,0.015592602888743102,0.0029807386392882024,-0.06930501690607185,-0.030005270819697512,2
1644.png,H2,0.0013256072998046,0.2911449372768402,1.0,0.0,1.0,0.0,1.0,0.0,1.0,0.0,0.0,0.0,-0.0,-0.013290735085805298,-0.08579767045162086,-0.07502783352712186,-0.032299476628211095,0
1645.png,H2,0.028923749923706,1.3474974632263184,0.9492307692307692,0.05076923076923079,0.9739542225730071,0.00013479972379535377,0.9846558526961858,0.01534414730381417,0.9922686105588691,0.000197677469839912,-0.0076319047743511614,0.0076319047743511614,0.0076319047743511614,0.014307407538096102,-0.03502843968239007,-0.05968368622330769,-0.024667571853859933,2
1646.png,H2,0.00790935754776,0.7709053754806519,0.988599348534202,0.01140065146579805,0.9942669942669943,0.00033745572579606763,1.0,0.0,1.0,0.0,0.0,0.0,-0.0,-0.006706984837849898,-0.07439701898582281,-0.07502783352712186,-0.032299476628211095,1
1647.png,H2,0.0063394904136657,0.6706337332725525,0.9851258581235698,0.014874141876430214,0.992507204610951,0.0006429015795296646,1.0,0.0,1.0,0.0,0.0,0.0,-0.0,-0.008276851971944197,-0.07092352857519064,-0.07502783352712186,-0.032299476628211095,1
1648.png,H2,0.0356618165969848,1.4332932233810425,0.8560311284046692,0.14396887159533078,0.9224318658280922,0.006144051138961901,0.9992022337455125,0.0007977662544874642,0.9996009577015164,3.273882883366144e-05,-0.0003953651531856117,0.0003953651531856117,0.0003953651531856117,0.021045474211374905,0.058171201143709925,-0.0742300672726344,-0.03190411147502548,3
1656.png,H2,0.0053461790084838,0.5991485714912415,1.0,0.0,1.0,0.0,1.0,0.0,1.0,0.0,0.0,0.0,-0.0,-0.009270163377126097,-0.08579767045162086,-0.07502783352712186,-0.032299476628211095,1
1657.png,H2,0.0305809378623962,1.328048586845398,0.0,1.0,0.0,0.432270356079297,0.0,1.0,0.0,0.41576580619081427,-0.7492103600758054,0.7492103600758054,0.7492103600758054,0.015964595476786303,0.9142023295483791,0.9249721664728782,0.7169108834475943,2
1665.png,H2,0.0013256072998046,0.2911449372768402,0.91320293398533,0.08679706601466997,0.954632587859425,0.003585529519173699,0.7434108527131783,0.2565891472868217,0.8528234771009338,0.008482661915836137,-0.1195176326156171,0.1195176326156171,0.1195176326156171,-0.013290735085805298,0.0009993955630491075,0.18156131375969983,0.08721815598740601,0
1666.png,H2,0.0237177610397338,1.2658226490020752,0.9698996655518395,0.030100334448160515,0.9847198641765704,0.0003724127971953572,0.7105263157894737,0.2894736842105263,0.8307692307692308,0.009538930616657016,0.15044746001516407,0.15044746001516407,-0.15044746001516407,0.009101418654123903,-0.05569733600346034,0.21444585068340447,0.11814798338695298,2
1678.png,H2,0.0237177610397338,1.2658226490020752,0.9507892293407614,0.04921077065923862,0.9747739171822941,0.0021471368384750485,0.9928298279158699,0.0071701720841300665,0.9964020148716719,0.00015277138441632338,-0.0006206432155539954,0.0006206432155539954,0.0006206432155539954,0.009101418654123903,-0.036586899792382235,-0.0678576614429918,-0.0316788334126571,2
1684.png,H2,0.0010689496994018,0.2631813287734985,0.9796806966618288,0.020319303338171224,0.9897360703812317,0.0006904297787337655,0.9487677081311857,0.051232291868814284,0.9737104162517427,0.002340374902132805,-0.016567609850166587,0.016567609850166587,0.016567609850166587,-0.013547392686208097,-0.06547836711344963,-0.02379554165830758,-0.015731866778044508,0
1685.png,H2,0.0027562379837036,0.4347512423992157,0.9040983606557377,0.09590163934426232,0.949634093844167,0.004214572362341418,0.7667806755023514,0.2332193244976486,0.8679975801572898,0.015351981649252954,0.12570514441409575,0.12570514441409575,-0.12570514441409575,-0.011860104401906298,0.010103968892641466,0.15819149097052673,0.09340566778588466,0
1686.png,H2,0.0237177610397338,1.2658226490020752,0.9491242702251876,0.05087572977481236,0.9738981600342319,0.0023622206593869864,0.9992207792207792,0.0007792207792207684,0.9996102377549695,2.99312389334464e-05,0.00013809024362576583,0.00013809024362576583,-0.00013809024362576583,0.009101418654123903,-0.0349219406768085,-0.0742486127479011,-0.03216138638458533,2
1689.png,H2,0.030208945274353,1.4316266775131226,0.8889510489510489,0.11104895104895107,0.9412113134903006,0.0044239425920174266,0.9880819958684253,0.011918004131574733,0.9940052753576852,0.00039701482313041236,0.0,0.0,-0.0,0.015592602888743102,0.025251280597330214,-0.06310982939554713,-0.032299476628211095,2
1696.png,H2,0.0027399063110351,0.4562315940856933,0.9910233393177738,0.008976660682226245,0.9954914337240758,0.00043720609792901515,0.9959798994974874,0.004020100502512558,0.9979859013091642,7.113905772989286e-05,-0.0017742144586979647,0.0017742144586979647,0.0017742144586979647,-0.011876436074574798,-0.07682100976939461,-0.0710077330246093,-0.03052526216951313,0
1706.png,H2,0.0027399063110351,0.4562315940856933,0.9889570552147239,0.011042944785276121,0.9944478716841456,0.00048431784661960966,1.0,0.0,1.0,0.0,0.0,0.0,-0.0,-0.011876436074574798,-0.07475472566634474,-0.07502783352712186,-0.032299476628211095,0
1715.png,H2,0.013220727443695,0.8812841176986694,1.0,0.0,1.0,0.0,1.0,0.0,1.0,0.0,0.0,0.0,-0.0,-0.0013956149419148967,-0.08579767045162086,-0.07502783352712186,-0.032299476628211095,2
1716.png,H2,0.0255200266838073,1.2918565273284912,0.8248898678414097,0.17511013215859028,0.904043452021726,0.01262425618465742,0.7886445684279619,0.21135543157203807,0.881834862385321,0.01016388919921846,-0.11378924371489352,0.11378924371489352,0.11378924371489352,0.010903684298197403,0.08931246170696942,0.1363275980449162,0.08148976708668243,2
1718.png,H2,0.013220727443695,0.8812841176986694,0.8328785811732605,0.16712141882673948,0.9088202456270934,0.002501396172773042,0.9744703965236284,0.025529603476371565,0.98707015130674,0.0008645907656341618,-0.010560002296856386,0.010560002296856386,0.010560002296856386,-0.0013956149419148967,0.08132374837511862,-0.0494982300507503,-0.02173947433135471,2
1727.png,H2,0.0033174157142639,0.5024963021278381,0.963903743315508,0.03609625668449201,0.9816201497617427,0.0009085468352046742,0.9993364299933643,0.0006635700066357497,0.9996681048788583,2.5837492859788138e-05,8.306942690006203e-05,8.306942690006203e-05,-8.306942690006203e-05,-0.011298926671345997,-0.049701413767128846,-0.07436426352048611,-0.03221640720131103,1
1728.png,H2,0.0255200266838073,1.2918565273284912,0.9391959798994974,0.060804020100502565,0.9686447266131122,0.000794099603968026,0.9976439790575916,0.0023560209424083878,0.9988206001834622,0.0001310215411337339,-0.0010102668606180032,0.0010102668606180032,0.0010102668606180032,0.010903684298197403,-0.024993650351118293,-0.07267181258471347,-0.03128920976759309,2
1729.png,H2,0.028923749923706,1.3474974632263184,0.7218914185639229,0.2781085814360771,0.838486574450773,0.008239482559850984,0.8343506432528875,0.16564935674711245,0.9096959148151941,0.013145741343680342,0.07743595963223382,0.07743595963223382,-0.07743595963223382,0.014307407538096102,0.19231091098445624,0.09062152321999059,0.045136483004022725,2
1730.png,H2,0.0027562379837036,0.4347512423992157,0.9662626924336718,0.0337373075663282,0.9828419123771448,0.0014227018914461634,0.9687952243125905,0.031204775687409536,0.9841503192906693,0.0029242135659915923,-0.011182249963866409,0.011182249963866409,0.011182249963866409,-0.011860104401906298,-0.05206036288529266,-0.043823057839712326,-0.021117226664344686,0
1734.png,H2,0.0305809378623962,1.328048586845398,0.9750223015165032,0.024977698483496846,0.987353206865402,0.0006768808497325561,0.9891188959660298,0.010881104033970246,0.9945296864576384,0.0003033045296739021,-0.0030596081142539866,0.0030596081142539866,0.0030596081142539866,0.015964595476786303,-0.06081997196812401,-0.06414672949315162,-0.029239868513957108,2
1735.png,H2,0.0356618165969848,1.4332932233810425,0.9257950530035336,0.0742049469964664,0.9614678899082569,0.00036107431901053307,1.0,0.0,1.0,0.0,0.0,0.0,-0.0,0.021045474211374905,-0.011592723455154455,-0.07502783352712186,-0.032299476628211095,3
1736.png,H2,0.0237177610397338,1.2658226490020752,0.9568874868559412,0.04311251314405884,0.9779688339602365,0.0006650757453203076,0.8764071294559099,0.12359287054409007,0.9341332333458318,0.0059928894304635055,-0.049634321953677785,0.049634321953677785,0.049634321953677785,0.009101418654123903,-0.04268515730756202,0.04856503701696821,0.01733484532546669,2
1740.png,H2,0.0027562379837036,0.4347512423992157,0.9934533551554828,0.006546644844517169,0.9967159277504105,0.00018873130905079668,1.0,0.0,1.0,0.0,0.0,0.0,-0.0,-0.011860104401906298,-0.07925102560710369,-0.07502783352712186,-0.032299476628211095,0
1744.png,H2,0.0063394904136657,0.6706337332725525,0.9310810810810811,0.06891891891891888,0.9643107067879636,0.002798992651427274,0.9489164086687306,0.051083591331269385,0.9737887212073074,0.001135633157765574,0.01674507709106987,0.01674507709106987,-0.01674507709106987,-0.008276851971944197,-0.016878751532701977,-0.023944242195852478,-0.015554399537141224,1
1746.png,H2,0.00790935754776,0.7709053754806519,0.9244505494505495,0.0755494505494505,0.9607423269093505,0.0030814778033987,0.939620758483034,0.06037924151696605,0.9688705942886545,0.0011745580755502456,0.029420486294198356,0.029420486294198356,-0.029420486294198356,-0.006706984837849898,-0.010248219902170355,-0.014648592010155809,-0.002878990334012739,1
1752.png,H2,0.0258635282516479,1.223113775253296,0.9982847341337907,0.0017152658662092923,0.9991416309012876,6.51976903365838e-05,1.0,0.0,1.0,0.0,0.0,0.0,-0.0,0.011247185866038003,-0.08408240458541157,-0.07502783352712186,-0.032299476628211095,2
1769.png,H2,0.0258635282516479,1.223113775253296,0.753497346840328,0.246502653159672,0.8594222833562586,0.006155958506102199,0.9922158796056045,0.007784120394395466,0.9960927324824173,5.4744832583607705e-05,0.0020594719768921577,0.0020594719768921577,-0.0020594719768921577,0.011247185866038003,0.16070498270805117,-0.0672437131327264,-0.030240004651318937,2
1771.png,H2,0.0017730593681335,0.313340425491333,1.0,0.0,1.0,0.0,1.0,0.0,1.0,0.0,0.0,0.0,-0.0,-0.012843283017476398,-0.08579767045162086,-0.07502783352712186,-0.032299476628211095,0
1773.png,H2,0.030208945274353,1.4316266775131226,0.8963414634146342,0.10365853658536583,0.9453376205787781,0.005108996770567837,0.9958620689655172,0.004137931034482789,0.9979267449896337,6.425843820087301e-05,0.001306682555543226,0.001306682555543226,-0.001306682555543226,0.015592602888743102,0.017860866133744976,-0.07088990249263907,-0.03099279407266787,2
1774.png,H2,0.0053461790084838,0.5991485714912415,0.9624608967674662,0.037539103232533844,0.9808714133900106,0.0013880199924711425,0.9842144825858181,0.015785517414181882,0.9920444500568254,0.0005634442890378856,-0.0045633584563591345,0.0045633584563591345,0.0045633584563591345,-0.009270163377126097,-0.048258567219087015,-0.05924231611293998,-0.02773611817185196,1
1776.png,H2,0.0027562379837036,0.4347512423992157,0.9011479591836735,0.09885204081632648,0.9480040254948005,0.005966985050616734,0.978618772717554,0.021381227282445958,0.9891938621136805,0.0013979607534622272,4.33115115500008e-06,4.33115115500008e-06,-4.33115115500008e-06,-0.011860104401906298,0.013054370364705623,-0.053646606244675904,-0.03229514547705609,0
1789.png,H2,0.0063394904136657,0.6706337332725525,0.9032697547683923,0.09673024523160767,0.9491768074445239,0.00012785059337890603,1.0,0.0,1.0,0.0,0.0,0.0,-0.0,-0.008276851971944197,0.010932574779986812,-0.07502783352712186,-0.032299476628211095,1
1796.png,H2,0.0013256072998046,0.2911449372768402,0.9500601684717208,0.04993983152827919,0.9743906201789572,0.002908248955033241,0.9770846594525779,0.02291534054742206,0.9884095299420477,0.0002912136172592858,-0.00736561215844711,0.00736561215844711,0.00736561215844711,-0.013290735085805298,-0.03585783892334167,-0.052112492979699804,-0.024933864469763985,0
1798.png,H2,0.0305809378623962,1.328048586845398,0.6507650765076508,0.3492349234923492,0.7884405670665212,0.009791261612661367,0.9810070671378092,0.018992932862190837,0.9904124860646599,0.00018449979263110325,-0.008421403158245355,0.008421403158245355,0.008421403158245355,0.015964595476786303,0.26343725304072835,-0.056034900664931026,-0.02387807346996574,2
1807.png,H2,0.0029371380805969,0.4555050730705261,0.9917525773195877,0.008247422680412342,0.9958592132505176,0.0003845497001805359,1.0,0.0,1.0,0.0,0.0,0.0,-0.0,-0.011679204305012998,-0.07755024777120852,-0.07502783352712186,-0.032299476628211095,0
1816.png,H2,0.0017730593681335,0.313340425491333,0.956973293768546,0.04302670623145399,0.978013646702047,8.22119870202639e-05,1.0,0.0,1.0,0.0,0.0,0.0,-0.0,-0.012843283017476398,-0.042770964220166865,-0.07502783352712186,-0.032299476628211095,0
1824.png,H2,0.0017730593681335,0.313340425491333,0.9669093315684977,0.033090668431502324,0.9831763122476447,0.0016435931727924054,0.9962473195139385,0.003752680486061477,0.998120132485901,0.00021091778755180955,0.0013302178531390263,0.0013302178531390263,-0.0013302178531390263,-0.012843283017476398,-0.052707002020118535,-0.07127515304106039,-0.03096925877507207,0
1825.png,H2,0.0033174157142639,0.5024963021278381,0.9805699481865285,0.01943005181347146,0.9901896664486592,0.0009489712209259911,0.912919749573136,0.08708025042686396,0.9544778339779827,0.003901731952261093,-0.03882187756042699,0.03882187756042699,0.03882187756042699,-0.011298926671345997,-0.0663676186381494,0.012052416899742097,0.006522400932215892,1
1826.png,H2,0.0017730593681335,0.313340425491333,0.9840255591054313,0.015974440894568676,0.9919484702093397,0.0006572411755139971,1.0,0.0,1.0,0.0,0.0,0.0,-0.0,-0.012843283017476398,-0.06982322955705218,-0.07502783352712186,-0.032299476628211095,0
1827.png,H2,0.0033174157142639,0.5024963021278381,0.8463316002310803,0.15366839976891966,0.9167709637046307,0.012465798936384422,0.8367019570099454,0.16329804299005457,0.9110917030567686,0.011460802603574516,-0.08197933501230725,0.08197933501230725,0.08197933501230725,-0.011298926671345997,0.0678707293172988,0.08827020946293271,0.04967985838409616,1
1829.png,H2,0.0237177610397338,1.2658226490020752,0.9455547898001379,0.05444521019986215,0.9720155862557562,0.0007814086005365499,0.9995682210708118,0.00043177892918822014,0.9997840639170805,1.541201799718648e-05,-0.00021030625206786002,0.00021030625206786002,0.00021030625206786002,0.009101418654123903,-0.03135246025175871,-0.07459605459793364,-0.032089170376143235,2
1834.png,H2,0.030208945274353,1.4316266775131226,0.8634471273938384,0.13655287260616156,0.9267202859696158,0.00678283665223578,0.9993722536095417,0.0006277463904582614,0.9996860282574568,2.841559913957076e-05,-0.00031099721782057443,0.00031099721782057443,0.00031099721782057443,0.015592602888743102,0.0507552021545407,-0.0744000871366636,-0.03198847941039052,2
1835.png,H2,0.0033174157142639,0.5024963021278381,0.9935794542536116,0.006420545746388395,0.9967793880837359,9.323647566395755e-05,1.0,0.0,1.0,0.0,0.0,0.0,-0.0,-0.011298926671345997,-0.07937712470523246,-0.07502783352712186,-0.032299476628211095,1
1843.png,H2,0.0452013611793518,1.5730326175689695,0.9254457050243112,0.07455429497568877,0.9612794612794613,0.00026177469819798634,0.6869633099141296,0.31303669008587043,0.8144377602961592,0.006273312609482552,0.17006543388047946,0.17006543388047946,-0.17006543388047946,0.030585018793741904,-0.011243375475932085,0.23800885655874857,0.13776595725226837,3
1847.png,H2,0.0068302154541015,0.6304459571838379,0.921161825726141,0.07883817427385897,0.958963282937365,0.002661177870173966,0.9817997977755308,0.018200202224469164,0.9908163265306122,0.0003234383175874312,-0.008306156386143626,0.008306156386143626,0.008306156386143626,-0.007786126931508397,-0.006959496177761884,-0.0568276313026527,-0.02399332024206747,1
1852.png,H2,0.0016189813613891,0.2939074039459228,1.0,0.0,1.0,0.0,1.0,0.0,1.0,0.0,0.0,0.0,-0.0,-0.012997361024220798,-0.08579767045162086,-0.07502783352712186,-0.032299476628211095,0
1853.png,H2,0.0172473788261413,0.9872213006019592,0.0,1.0,0.0,0.23967364412255013,0.0,1.0,0.0,0.24257799418951756,-0.7091129357921658,0.7091129357921658,0.7091129357921658,0.002631036440531401,0.9142023295483791,0.9249721664728782,0.6768134591639547,2
1858.png,H2,0.0512498617172241,1.694504737854004,0.8895985401459854,0.11040145985401462,0.9415741187831965,0.005387139867280592,0.7222126782339804,0.2777873217660196,0.8387032418952618,0.014762316293672872,0.00633272668335938,0.00633272668335938,-0.00633272668335938,0.036633519331614205,0.024603789402393758,0.20275948823889775,-0.025966749944851715,3
1863.png,H2,0.0172473788261413,0.9872213006019592,0.8903274942878904,0.10967250571210962,0.9419822723609992,0.00538637478479079,0.9481007897705904,0.051899210229409576,0.9733590733590733,0.0019333412950182656,0.0173942127760931,0.0173942127760931,-0.0173942127760931,0.002631036440531401,0.023874835260488766,-0.023128623297712286,-0.014905263852117996,2
1869.png,H2,0.0032424926757812,0.4489583373069763,0.9853747714808044,0.014625228519195566,0.992633517495396,0.0004354430186408505,0.9763975155279503,0.023602484472049712,0.9880578252671276,0.0011957345654655307,-0.006913444342956598,0.006913444342956598,0.006913444342956598,-0.011373849709828698,-0.07117244193242529,-0.05142534905507215,-0.025386032285254496,0
1879.png,H2,0.0033844709396362,0.452750027179718,0.983249581239531,0.01675041876046901,0.9915540540540541,0.0001990844832940251,1.0,0.0,1.0,0.0,0.0,0.0,-0.0,-0.011231871445973696,-0.06904725169115185,-0.07502783352712186,-0.032299476628211095,1
1880.png,H2,0.0512498617172241,1.694504737854004,0.9915682967959528,0.00843170320404718,0.995766299745978,7.584605067699939e-05,1.0,0.0,1.0,0.0,0.0,0.0,-0.0,0.036633519331614205,-0.07736596724757368,-0.07502783352712186,-0.032299476628211095,3
1882.png,H2,0.0456184744834899,1.6079357862472534,0.8690476190476191,0.13095238095238093,0.9299363057324841,0.005817041060654414,0.9634910347807302,0.03650896521926983,0.9814060952800088,0.0004805497202043317,0.004117450753931995,0.004117450753931995,-0.004117450753931995,0.031002132097880004,0.04515471050076007,-0.03851886830785203,-0.0281820258742791,3
1886.png,H2,0.0016189813613891,0.2939074039459228,0.9777158774373259,0.02228412256267409,0.9887323943661972,0.00031280109788063586,1.0,0.0,1.0,0.0,0.0,0.0,-0.0,-0.012997361024220798,-0.06351354788894677,-0.07502783352712186,-0.032299476628211095,0
1890.png,H2,0.0080451369285583,0.6673717498779297,0.8809598005609224,0.11904019943907762,0.9367130550033135,0.004005639607563593,0.9118317807583781,0.08816821924162188,0.9538828572006227,0.007033779830690733,0.024015768755358546,0.024015768755358546,-0.024015768755358546,-0.006571205457051598,0.03324252898745676,0.013140385714500019,-0.008283707872852548,1
1894.png,H2,0.0037575960159301,0.5122106671333313,0.8152466367713005,0.1847533632286995,0.8982213438735178,0.007609901970140897,0.18217609162491052,0.8178239083750894,0.3082046624280957,0.04096789522325806,0.5505421476040574,0.5505421476040574,-0.5505421476040574,-0.010858746369679798,0.09895569277707865,0.7427960748479676,0.5182426709758463,1
1900.png,H2,0.0456184744834899,1.6079357862472534,0.8652138821630347,0.13478611783696526,0.927736910428386,0.007334261421360804,0.8465479385215906,0.1534520614784094,0.9168978729026291,0.00914344701105622,0.060900806425441045,0.060900806425441045,-0.060900806425441045,0.031002132097880004,0.0489884473853444,0.07842422795128753,0.02860132979722995,3
1901.png,H2,0.0033844709396362,0.452750027179718,0.9642392717815345,0.03576072821846554,0.9817941079112876,0.0017808598081706824,0.990707789640174,0.00929221035982597,0.9953322077664117,0.0004165154470209638,-0.0023374600914909394,0.0023374600914909394,0.0023374600914909394,-0.011231871445973696,-0.050036942233155315,-0.06573562316729589,-0.029962016536720155,1
1902.png,H2,0.0068302154541015,0.6304459571838379,0.8308270676691729,0.16917293233082709,0.9075975359342916,0.011981313964995126,0.8496160028576532,0.15038399714234685,0.9186944766319042,0.0072630212397276255,-0.07539032032186,0.07539032032186,0.07539032032186,-0.007786126931508397,0.08337526187920623,0.07535616361522499,0.0430908436936489,1
1910.png,H2,0.0045610666275024,0.617931067943573,0.8986058301647655,0.10139416983523453,0.9465954606141522,0.003933048332808491,0.9969287469287469,0.0030712530712531105,0.9984620116887112,3.7183566798198036e-05,-0.0015446845643155571,0.0015446845643155571,0.0015446845643155571,-0.010055275758107498,0.015596499383613668,-0.07195658045586875,-0.030754792063895538,1
1911.png,H2,0.0015468597412109,0.2861835658550262,1.0,0.0,1.0,0.0,1.0,0.0,1.0,0.0,0.0,0.0,-0.0,-0.013069482644398998,-0.08579767045162086,-0.07502783352712186,-0.032299476628211095,0
1917.png,H2,0.0456184744834899,1.6079357862472534,0.8551774076755974,0.14482259232440264,0.921935987509758,0.0051004336822518,0.9777994157740993,0.022200584225900655,0.9887751083103584,0.0009338614636087826,-0.0008853717618734214,0.0008853717618734214,0.0008853717618734214,0.031002132097880004,0.059024921872781785,-0.05282724930122121,-0.03141410486633767,3
1933.png,H2,0.0183784961700439,0.9962011575698853,0.46658385093167704,0.5334161490683229,0.6362866339149585,0.051444604513024295,0.22800838799870954,0.7719916120012904,0.3713466295947632,0.08268670612002023,0.061210379856973196,0.061210379856973196,-0.061210379856973196,0.003762153784434003,0.44761847861670206,0.6969637784741686,0.0289109032287621,2
1941.png,H2,0.0090546011924743,0.7093296647071838,0.8947368421052632,0.10526315789473684,0.9444444444444444,0.004828078393312528,0.9679535232383808,0.0320464767616192,0.9837158365869917,0.0013770491309755702,-0.015018995431553273,0.015018995431553273,0.015018995431553273,-0.005561741193135598,0.019465487443115978,-0.04298135676550266,-0.017280481196657822,1
1949.png,H2,0.0067666172981262,0.6291923522949219,0.9417195614541258,0.05828043854587417,0.9699851411589896,0.0038089056311905955,0.9724535554131967,0.02754644458680333,0.9860344267619356,0.0017414643914035878,0.013007667746258167,0.013007667746258167,-0.013007667746258167,-0.007849725087483697,-0.02751723190574669,-0.04748138894031853,-0.019291808881952928,1
1950.png,H2,0.0207952260971069,1.051705002784729,0.9884678747940692,0.011532125205930832,0.9942004971002486,0.0002778291726685503,1.0,0.0,1.0,0.0,0.0,0.0,-0.0,0.0061788837114970015,-0.07426554524569003,-0.07502783352712186,-0.032299476628211095,2
1951.png,H2,0.0207952260971069,1.051705002784729,0.9742033383915023,0.025796661608497695,0.9869331283627979,0.0008319352783961117,0.9984848484848485,0.0015151515151514694,0.9992418498862775,3.97819189710222e-06,0.0004073023968386158,0.0004073023968386158,-0.0004073023968386158,0.0061788837114970015,-0.06000100884312316,-0.07351268201197039,-0.03189217423137248,2
1955.png,H2,0.0366557240486145,1.4209890365600586,0.9060773480662984,0.09392265193370164,0.9507246376811594,0.0005556437676605245,0.9320423821702594,0.06795761782974064,0.9648260211800302,0.0021842834660878168,-0.03315859624172213,0.03315859624172213,0.03315859624172213,0.022039381663004606,0.008124981482080781,-0.007070215697381227,0.0008591196135110321,3
1957.png,H2,0.0032424926757812,0.4489583373069763,0.9879396984924623,0.012060301507537674,0.993933265925177,0.0005255915806479018,1.0,0.0,1.0,0.0,0.0,0.0,-0.0,-0.011373849709828698,-0.07373736894408318,-0.07502783352712186,-0.032299476628211095,0
1978.png,H2,0.0037575960159301,0.5122106671333313,0.0,1.0,0.0,0.10979274203773355,0.0,1.0,0.0,0.10672502386519518,-0.3877263087772147,0.3877263087772147,0.3877263087772147,-0.010858746369679798,0.9142023295483791,0.9249721664728782,0.3554268321490036,1
1981.png,H2,0.0512498617172241,1.694504737854004,0.85,0.15000000000000002,0.918918918918919,0.0027902298857438884,0.8902477265600501,0.10975227343994987,0.9419376244193762,0.0034707217847444374,0.005140290046802276,0.005140290046802276,-0.005140290046802276,0.036633519331614205,0.06420232954837916,0.034724439912828,-0.02715918658140882,3
1984.png,H2,0.0456184744834899,1.6079357862472534,0.937137330754352,0.06286266924564798,0.9675486769845232,0.002410710814789009,0.8344051446945338,0.16559485530546625,0.9097283085013146,0.0027623882180033647,0.0709251991510752,0.0709251991510752,-0.0709251991510752,0.031002132097880004,-0.022935001205972874,0.09056702177834439,0.03862572252286411,3
1986.png,H2,0.0183784961700439,0.9962011575698853,0.9802816901408451,0.019718309859154903,0.9900426742532006,0.00028770089926697637,1.0,0.0,1.0,0.0,0.0,0.0,-0.0,0.003762153784434003,-0.06607936059246595,-0.07502783352712186,-0.032299476628211095,2
1988.png,H2,0.0026634931564331,0.3828250467777252,0.9983525535420099,0.0016474464579900872,0.9991755976916735,6.213780529931306e-05,1.0,0.0,1.0,0.0,0.0,0.0,-0.0,-0.011952849229176797,-0.08415022399363077,-0.07502783352712186,-0.032299476628211095,0
2002.png,H2,0.0015468597412109,0.2861835658550262,0.991747936984246,0.008252063015753985,0.9958568738229755,0.00030494412331173346,1.0,0.0,1.0,0.0,0.0,0.0,-0.0,-0.013069482644398998,-0.07754560743586687,-0.07502783352712186,-0.032299476628211095,0
2003.png,H2,0.0452013611793518,1.5730326175689695,0.7440725244072525,0.25592747559274753,0.8532586965213914,0.015299248533938188,0.7337144837144837,0.26628551628551633,0.8464075147396822,0.009199337367721475,-0.04615982905452509,0.04615982905452509,0.04615982905452509,0.030585018793741904,0.1701298051411267,0.19125768275839447,0.013860352426313997,3
2006.png,H2,0.0045610666275024,0.617931067943573,0.9403553299492385,0.05964467005076146,0.9692609548724657,0.003397171709101838,0.9750364052423549,0.02496359475764509,0.9873604381714767,0.0006855464301848599,0.008084073281915072,0.008084073281915072,-0.008084073281915072,-0.010055275758107498,-0.026153000400859397,-0.05006423876947677,-0.024215403346296023,1
2007.png,H2,0.0456184744834899,1.6079357862472534,0.907979407979408,0.09202059202059198,0.95177065767285,0.0036976128449670805,0.9815106215578285,0.018489378442171467,0.9906690490371253,0.0009434760340215986,-0.00906742362403612,0.00906742362403612,0.00906742362403612,0.031002132097880004,0.0062229215689711265,-0.056538455084950395,-0.023232053004174975,3
2008.png,H2,0.0456184744834899,1.6079357862472534,0.8899129544290835,0.11008704557091653,0.9417502031969656,0.0011094986876354542,0.9186688937427727,0.08133110625722728,0.9576106609522534,0.002309448602975542,-0.03691722022375743,0.03691722022375743,0.03691722022375743,0.031002132097880004,0.024289375119295673,0.006303272730105419,0.004617743595546335,3
2009.png,H2,0.0381472706794738,1.5874567031860352,0.9120800571837027,0.08791994281629734,0.954018691588785,0.003989359024576444,0.9342288904396371,0.06577110956036292,0.9659962117795616,0.003456921687574624,0.028896168631060704,0.028896168631060704,-0.028896168631060704,0.023530928293863905,0.002122272364676478,-0.009256723966758945,-0.0034033079971503913,3
2014.png,H2,0.0183784961700439,0.9962011575698853,0.9188078108941419,0.08119218910585813,0.9576861274772362,0.0032930445321441557,0.9122250639386189,0.08777493606138109,0.9540980098437835,0.001024330887349251,0.015766798302408347,0.015766798302408347,-0.015766798302408347,0.003762153784434003,-0.0046054813457627325,0.01274710253425923,-0.016532678325802748,2
2026.png,H2,0.0033844709396362,0.452750027179718,0.9847172694854814,0.015282730514518561,0.992299794661191,0.00023337394200067095,1.0,0.0,1.0,0.0,0.0,0.0,-0.0,-0.011231871445973696,-0.0705149399371023,-0.07502783352712186,-0.032299476628211095,1
2029.png,H2,0.0366557240486145,1.4209890365600586,0.8848920863309353,0.1151079136690647,0.9389312977099237,0.0010537356747778732,0.9588888888888889,0.0411111111111111,0.979013045944413,0.001426967145885314,-0.017730525819885545,0.017730525819885545,0.017730525819885545,0.022039381663004606,0.02931024321744384,-0.033916722416010764,-0.01456895080832555,3
2031.png,H2,0.0172473788261413,0.9872213006019592,0.9130781499202552,0.08692185007974484,0.9545644018340975,0.0031073446472445502,0.9612773835236038,0.03872261647639619,0.9802564304255487,0.0023189446728453297,-0.01826773002367499,0.01826773002367499,0.01826773002367499,0.002631036440531401,0.0011241796281239863,-0.036305217050725674,-0.014031746604536106,2
2039.png,H2,0.0016189813613891,0.2939074039459228,0.9800824175824175,0.019917582417582458,0.9899410336455081,0.0005486228226248493,0.9965861344537815,0.0034138655462184753,0.9982901486255426,3.376363109473415e-05,-0.001473255282721797,0.001473255282721797,0.001473255282721797,-0.012997361024220798,-0.0658800880340384,-0.07161396798090339,-0.030826221345489298,0
2055.png,H2,0.0207952260971069,1.051705002784729,0.9173144876325088,0.08268551236749122,0.9568743088831552,0.0028967799672822456,0.9551941586458679,0.044805841354132125,0.9770836869801391,0.0017755960199111573,-0.018873289708098095,0.018873289708098095,0.018873289708098095,0.0061788837114970015,-0.0031121580841296376,-0.030221992172989737,-0.013426186920113,2
2062.png,H2,0.0032424926757812,0.4489583373069763,0.9608819345661451,0.039118065433854876,0.980050779833152,0.0014173342824450987,0.9944547134935305,0.00554528650646946,0.9972196478220574,5.349375402656177e-05,-0.0001204378055592592,0.0001204378055592592,0.0001204378055592592,-0.011373849709828698,-0.04667960501776598,-0.0694825470206524,-0.032179038822651836,0
2064.png,H2,0.0080451369285583,0.6673717498779297,0.9394785847299814,0.06052141527001864,0.9687950072011522,0.0017223269810920977,0.9793936522974893,0.020606347702510686,0.9895895656336006,0.0006911935488261596,0.002176210593592409,0.002176210593592409,-0.002176210593592409,-0.006571205457051598,-0.025276255181602217,-0.05442148582461118,-0.030123266034618686,1
2065.png,H2,0.0026634931564331,0.3828250467777252,0.989517819706499,0.010482180293501009,0.9947312961011591,0.0004829485440370576,1.0,0.0,1.0,0.0,0.0,0.0,-0.0,-0.011952849229176797,-0.07531549015811985,-0.07502783352712186,-0.032299476628211095,0
2066.png,H2,0.0366557240486145,1.4209890365600586,0.43251859723698194,0.5674814027630181,0.6038575667655787,0.05576345542397356,0.1706245933636955,0.8293754066363045,0.291510351535362,0.03579413902956179,0.5639416709095488,0.5639416709095488,-0.5639416709095488,0.022039381663004606,0.4816837323113972,0.7543475731091827,0.5316421942813377,3
2075.png,H2,0.0026634931564331,0.3828250467777252,0.8905109489051095,0.10948905109489049,0.9420849420849421,0.0017782694375241927,0.9401453612654981,0.05985463873450192,0.9691494050242397,0.0004806734341860884,-0.016272474017924532,0.016272474017924532,0.016272474017924532,-0.011952849229176797,0.02369138064326963,-0.015173194792619943,-0.016027002610286563,0
2076.png,H2,0.0068302154541015,0.6304459571838379,0.8467583497053045,0.1532416502946955,0.9170212765957447,0.01586459936433051,0.9139445711789546,0.08605542882104544,0.955037658813684,0.01065410320136037,0.030773240855640593,0.030773240855640593,-0.030773240855640593,-0.007786126931508397,0.06744397984307464,0.011027595293923581,-0.0015262357725705014,1
2082.png,H2,0.0067666172981262,0.6291923522949219,0.9736040609137055,0.02639593908629445,0.9866255144032922,0.0008441933608288275,0.953125,0.046875,0.976,0.0013420069719824743,-0.022545675958902556,0.022545675958902556,0.022545675958902556,-0.007849725087483697,-0.05940173136532641,-0.028152833527121862,-0.009753800669308539,1
2108.png,H2,0.0032424926757812,0.4489583373069763,0.952561669829222,0.04743833017077803,0.9757045675413022,0.002230242239744557,0.9764417640407086,0.023558235959291407,0.9880804805950224,0.000852309372963629,-0.005684647994823044,0.005684647994823044,0.005684647994823044,-0.011373849709828698,-0.03835934028084283,-0.051469597567830455,-0.02661482863338805,0
2110.png,H2,0.0032424926757812,0.4489583373069763,0.9722222222222222,0.02777777777777779,0.9859154929577465,0.0009374299799291494,0.9991714995857498,0.0008285004142501995,0.9995855781185247,2.8925274582295494e-05,-0.0004176423279218522,0.0004176423279218522,0.0004176423279218522,-0.011373849709828698,-0.05801989267384307,-0.07419933311287166,-0.03188183430028924,0
2118.png,H2,0.0032424926757812,0.4489583373069763,0.9451219512195121,0.054878048780487854,0.9717868338557993,0.0005756081474104519,0.9814963797264682,0.018503620273531807,0.9906617945594803,0.0004452296363658343,0.0015590005521984862,0.0015590005521984862,-0.0015590005521984862,-0.011373849709828698,-0.030919621671133005,-0.056524213253590055,-0.03074047607601261,0
2127.png,H2,0.0172473788261413,0.9872213006019592,0.9379746835443038,0.0620253164556962,0.9679947746570868,0.0015495597110906814,0.8488529014844804,0.15114709851551955,0.9182481751824818,0.0032792678732013877,-0.03922836968612459,0.03922836968612459,0.03922836968612459,0.002631036440531401,-0.023772353995924658,0.07611926498839769,0.006928893057913492,2
2136.png,H2,0.0381472706794738,1.5874567031860352,0.8912415784408084,0.10875842155919158,0.9424936386768448,0.0056326261088227745,0.9268533772652389,0.07314662273476114,0.9620383036935705,0.004813859830408565,0.013377456197331272,0.013377456197331272,-0.013377456197331272,0.023530928293863905,0.022960751107570718,-0.0018812107923607269,-0.018922020430879823,3
2137.png,H2,0.0090546011924743,0.7093296647071838,0.9345454545454546,0.06545454545454543,0.9661654135338346,0.0011040296831108507,1.0,0.0,1.0,0.0,0.0,0.0,-0.0,-0.005561741193135598,-0.020343124997075426,-0.07502783352712186,-0.032299476628211095,1
2148.png,H2,0.0172473788261413,0.9872213006019592,0.9848320693391116,0.015167930660888396,0.99235807860262,0.00022241532876169964,0.9986291980808774,0.001370801919122644,0.9993141289437586,3.632901758729092e-05,-4.17775060967962e-05,4.17775060967962e-05,4.17775060967962e-05,0.002631036440531401,-0.07062973979073246,-0.07365703160799922,-0.0322576991221143,2
2170.png,H2,0.0207952260971069,1.051705002784729,0.9184210526315789,0.08157894736842108,0.9574759945130316,0.0001439005991737059,0.9893736017897091,0.010626398210290877,0.9946584200168681,0.0001833517166956487,0.002541869555725773,0.002541869555725773,-0.002541869555725773,0.0061788837114970015,-0.004218723083199774,-0.06440143531683098,-0.02975760707248532,2
2176.png,H2,0.0090546011924743,0.7093296647071838,0.9566517189835575,0.0433482810164425,0.9778456837280367,0.00011061429274619657,1.0,0.0,1.0,0.0,0.0,0.0,-0.0,-0.005561741193135598,-0.042449389435178356,-0.07502783352712186,-0.032299476628211095,1
2178.png,H2,0.0026634931564331,0.3828250467777252,0.992822966507177,0.0071770334928229484,0.9963985594237695,5.740840757180354e-05,1.0,0.0,1.0,0.0,0.0,0.0,-0.0,-0.011952849229176797,-0.07862063695879791,-0.07502783352712186,-0.032299476628211095,0
2182.png,H2,0.0033844709396362,0.452750027179718,0.9793261868300153,0.020673813169984734,0.9895551257253384,0.0005344378594417965,1.0,0.0,1.0,0.0,0.0,0.0,-0.0,-0.011231871445973696,-0.06512385728163612,-0.07502783352712186,-0.032299476628211095,1
2188.png,H2,0.0016189813613891,0.2939074039459228,0.9806114839671887,0.01938851603281133,0.990210843373494,0.0007065374543860006,0.998256320836966,0.0017436791630339732,0.9991273996509599,7.188951197103046e-05,-0.00029154356274585513,0.00029154356274585513,0.00029154356274585513,-0.012997361024220798,-0.06640915441880953,-0.07328415436408789,-0.03200793306546524,0
2208.png,H2,0.0366557240486145,1.4209890365600586,0.8661137440758294,0.13388625592417058,0.9282539682539682,0.001722967620960059,0.8566932946017913,0.14330670539820867,0.9228161668839635,0.0026087168498471268,-0.054684564388138956,0.054684564388138956,0.054684564388138956,0.022039381663004606,0.048088585472549725,0.0682788718710868,0.02238508775992786,3
2211.png,H2,0.0282187461853027,1.2150973081588743,0.896328293736501,0.10367170626349897,0.9453302961275627,0.0020381759403449505,0.6939785205743936,0.3060214794256064,0.8193474853967802,0.010343298306114317,-0.007791534558386326,0.007791534558386326,0.007791534558386326,0.013602403799692802,0.017874035811878117,0.23099364589848456,-0.02450794206982477,2
2213.png,H2,0.0381472706794738,1.5874567031860352,0.0,1.0,0.0,0.2342187745464411,0.0,1.0,0.0,0.22988445385159562,-0.0006757372152419001,0.0006757372152419001,0.0006757372152419001,0.023530928293863905,0.9142023295483791,0.9249721664728782,-0.03162373941296919,3
2214.png,H2,0.0016189813613891,0.2939074039459228,0.9932523616734144,0.006747638326585648,0.996614759647935,4.530338226509442e-05,1.0,0.0,1.0,0.0,0.0,0.0,-0.0,-0.012997361024220798,-0.07905003212503521,-0.07502783352712186,-0.032299476628211095,0
2221.png,H2,0.0172473788261413,0.9872213006019592,0.9069171648163963,0.09308283518360372,0.9511867442901926,0.002871343127675314,0.9778623313732273,0.02213766862677269,0.9888072752710738,0.0006749128117229099,-0.0020676648876808423,0.0020676648876808423,0.0020676648876808423,0.002631036440531401,0.00728516473198286,-0.052890164900349174,-0.030231811740530252,2
2226.png,H2,0.0183784961700439,0.9962011575698853,0.9722814498933902,0.02771855010660984,0.985945945945946,0.0010094141367584125,0.9895076674737692,0.01049233252623083,0.9947261663286004,0.00031645039613539523,0.0004750757159182051,0.0004750757159182051,-0.0004750757159182051,0.003762153784434003,-0.05807912034501102,-0.06453550100089103,-0.03182440091229289,2
2227.png,H2,0.0452013611793518,1.5730326175689695,0.7376681614349776,0.2623318385650224,0.8490322580645161,0.013944007738383016,0.5801923576813102,0.41980764231868983,0.7343313044908703,0.016316940719856496,0.023717652160373692,0.023717652160373692,-0.023717652160373692,0.030585018793741904,0.17653416811340156,0.344779808791568,-0.008581824467837403,3
2237.png,H2,0.0068302154541015,0.6304459571838379,0.9711815561959655,0.028818443804034533,0.9853801169590644,0.0011185484387405118,0.9280328992460589,0.07196710075394108,0.9626733025239957,0.0012402234561698822,0.0345369647263738,0.0345369647263738,-0.0345369647263738,-0.007786126931508397,-0.056979226647586326,-0.00306073277318078,0.002237488098162703,1
2241.png,H2,0.0026634931564331,0.3828250467777252,0.9503267973856209,0.04967320261437913,0.9745308310991957,0.0025584675229631186,0.9870231666956976,0.012976833304302438,0.9934692088538243,0.0009405724099980767,0.006344817673250791,0.006344817673250791,-0.006344817673250791,-0.011952849229176797,-0.03612446783724173,-0.062051000222819425,-0.025954658954960304,0
2244.png,H2,0.0026634931564331,0.3828250467777252,0.9656319290465631,0.03436807095343686,0.9825155104342922,0.0013488366049488937,0.9200561009817672,0.07994389901823284,0.95836376917458,0.00023082404906402484,-0.03722431011698124,0.03722431011698124,0.03722431011698124,-0.011952849229176797,-0.051429599498184,0.0049160654911109825,0.004924833488770146,0
2245.png,H2,0.0512498617172241,1.694504737854004,0.9722222222222222,0.02777777777777779,0.9859154929577465,0.0003610020242839733,1.0,0.0,1.0,0.0,0.0,0.0,-0.0,0.036633519331614205,-0.05801989267384307,-0.07502783352712186,-0.032299476628211095,3
2246.png,H2,0.0080451369285583,0.6673717498779297,1.0,0.0,1.0,0.0,1.0,0.0,1.0,0.0,0.0,0.0,-0.0,-0.006571205457051598,-0.08579767045162086,-0.07502783352712186,-0.032299476628211095,1
2248.png,H2,0.0452013611793518,1.5730326175689695,0.9337105901374293,0.0662894098625707,0.9657190635451505,0.0009769232423957996,0.9764498086546953,0.023550191345304672,0.988084599344653,0.000855734645889871,0.0012028773458896413,0.0012028773458896413,-0.0012028773458896413,0.030585018793741904,-0.019508260589050155,-0.05147764218181719,-0.031096599282321453,3
2259.png,H2,0.0033844709396362,0.452750027179718,0.961335676625659,0.038664323374341,0.9802867383512545,0.0017835357692572507,1.0,0.0,1.0,0.0,0.0,0.0,-0.0,-0.011231871445973696,-0.047133347077279855,-0.07502783352712186,-0.032299476628211095,1
2272.png,H2,0.0207952260971069,1.051705002784729,0.8894858019953953,0.11051419800460471,0.9415109666937449,0.006903798825710547,0.8694267515923567,0.13057324840764328,0.9301533219761499,0.0025280512508535457,-0.03653355337644637,0.03653355337644637,0.03653355337644637,0.0061788837114970015,0.024716527552983855,0.05554541488052142,0.004234076748235276,2
2277.png,H2,0.0032424926757812,0.4489583373069763,0.9697231833910035,0.030276816608996504,0.9846288976723759,0.00023029370768019497,0.9534632034632035,0.04653679653679654,0.9761772853185595,0.0016590325471199075,0.014495120528027261,0.014495120528027261,-0.014495120528027261,-0.011373849709828698,-0.055520853842624354,-0.02849103699032532,-0.017804356100183834,0
2278.png,H2,0.0026634931564331,0.3828250467777252,0.9914634146341463,0.008536585365853666,0.9957134109001837,0.0003440470651407647,1.0,0.0,1.0,0.0,0.0,0.0,-0.0,-0.011952849229176797,-0.07726108508576719,-0.07502783352712186,-0.032299476628211095,0
2293.png,H2,0.0068302154541015,0.6304459571838379,0.9426229508196722,0.05737704918032782,0.9704641350210971,0.002967281750908483,0.9282155797101449,0.0717844202898551,0.9627715795654727,0.002244902431632523,-0.007243751134416221,0.007243751134416221,0.007243751134416221,-0.007786126931508397,-0.028420621271293037,-0.0032434132372667623,-0.025055725493794874,1
2326.png,H2,0.0032424926757812,0.4489583373069763,0.959546925566343,0.04045307443365698,0.9793559042113955,0.0012830871952917873,0.9684378745505393,0.03156212544946069,0.9839659021717069,0.0018829292446736184,0.013378004237278196,0.013378004237278196,-0.013378004237278196,-0.011373849709828698,-0.04534459601796388,-0.043465708077661175,-0.0189214723909329,0
2344.png,H2,0.0090546011924743,0.7093296647071838,0.9144815256257449,0.08551847437425508,0.9553307392996109,0.0030932707103612793,0.9811223740267372,0.018877625973262813,0.9904712468948129,0.0012275561001152506,0.008407592996707236,0.008407592996707236,-0.008407592996707236,-0.005561741193135598,-0.0002791960773657759,-0.05615020755385905,-0.02389188363150386,1
2353.png,H2,0.0026634931564331,0.3828250467777252,0.9416445623342176,0.05835543766578244,0.9699453551912568,0.0014917871384955341,0.9447130544460794,0.05528694555392055,0.9715706410117825,0.0006823441250596756,-0.00802555079825018,0.00802555079825018,0.00802555079825018,-0.011952849229176797,-0.02744223278583842,-0.01974088797320131,-0.024273925829960914,0
2364.png,H2,0.0090546011924743,0.7093296647071838,0.926829268292683,0.07317073170731703,0.9620253164556962,0.0032045929552957306,0.9781659388646288,0.02183406113537123,0.9889624724061811,0.00024888501004283377,-0.00015778805423061204,0.00015778805423061204,0.00015778805423061204,-0.005561741193135598,-0.012626938744303831,-0.05319377239175063,-0.03214168857398048,1
2384.png,H2,0.0207952260971069,1.051705002784729,0.9716981132075472,0.028301886792452824,0.9856459330143541,0.0002315799701317535,1.0,0.0,1.0,0.0,0.0,0.0,-0.0,0.0061788837114970015,-0.057495783659168034,-0.07502783352712186,-0.032299476628211095,2
2386.png,H2,0.0032424926757812,0.4489583373069763,0.9900166389351082,0.009983361064891838,0.9949832775919732,0.0001916853411809192,1.0,0.0,1.0,0.0,0.0,0.0,-0.0,-0.011373849709828698,-0.07581430938672902,-0.07502783352712186,-0.032299476628211095,0
2388.png,H2,0.0090546011924743,0.7093296647071838,0.8658280922431866,0.13417190775681342,0.9280898876404494,0.008303364325298915,0.9836117740652347,0.0163882259347653,0.9917381888184807,0.0003920865249243976,0.000854693450173527,0.000854693450173527,-0.000854693450173527,-0.005561741193135598,0.048374237305192566,-0.05863960759235656,-0.03144478317803757,1
2389.png,H2,0.0452013611793518,1.5730326175689695,0.4766791044776119,0.523320895522388,0.6456096020214782,0.01267135187431118,0.37821211649275815,0.6217878835072419,0.5488445674896887,0.0313508566900637,-0.24026001970087074,0.24026001970087074,0.24026001970087074,0.030585018793741904,0.4375232250707672,0.5467600499801201,0.20796054307265965,3
2392.png,H2,0.0037575960159301,0.5122106671333313,1.0,0.0,1.0,0.0,1.0,0.0,1.0,0.0,0.0,0.0,-0.0,-0.010858746369679798,-0.08579767045162086,-0.07502783352712186,-0.032299476628211095,1
2395.png,H2,0.0452013611793518,1.5730326175689695,0.7205882352941176,0.27941176470588236,0.8376068376068376,0.010945033931727762,0.9364083432253688,0.06359165677463119,0.9671599964970663,0.002604712693889257,-0.02616389210267933,0.02616389210267933,0.02616389210267933,0.030585018793741904,0.19361409425426152,-0.011436176752490673,-0.006135584525531763,3
2399.png,H2,0.0016189813613891,0.2939074039459228,0.9656992084432717,0.03430079155672827,0.9825503355704698,0.00014879280619551401,1.0,0.0,1.0,0.0,0.0,0.0,-0.0,-0.012997361024220798,-0.051496878894892587,-0.07502783352712186,-0.032299476628211095,0
2400.png,H2,0.0183784961700439,0.9962011575698853,0.9168399168399168,0.08316008316008316,0.9566160520607375,0.0022192869664075365,0.9021469859620148,0.09785301403798519,0.9485565443889733,0.006037416338987623,0.016177158523468238,0.016177158523468238,-0.016177158523468238,0.003762153784434003,-0.0026375872915376936,0.022825180510863324,-0.016122318104742857,2
2401.png,H2,0.0027230978012084,0.3771629631519317,0.9984591679506933,0.0015408320493066618,0.9992289899768697,6.51051127390123e-05,1.0,0.0,1.0,0.0,0.0,0.0,-0.0,-0.011893244584401497,-0.0842568384023142,-0.07502783352712186,-0.032299476628211095,0
2406.png,H2,0.0366557240486145,1.4209890365600586,0.8029197080291971,0.1970802919708029,0.8906882591093117,0.00893124362907412,0.9996914532551682,0.000308546744831828,0.9998457028236384,1.6930353134930764e-05,-0.00013039896665900663,0.00013039896665900663,0.00013039896665900663,0.022039381663004606,0.11128262151918204,-0.07471928678229003,-0.03216907766155209,3
2423.png,H2,0.0512498617172241,1.694504737854004,0.8626692456479691,0.1373307543520309,0.9262720664589823,0.005870007519956857,0.837034046561701,0.162965953438299,0.9112885502893561,0.007772345247708044,-0.06381075682164217,0.06381075682164217,0.06381075682164217,0.036633519331614205,0.051533083900410045,0.08793811991117714,0.03151128019343107,3
2424.png,H2,0.0015468597412109,0.2861835658550262,0.9899103139013453,0.010089686098654682,0.9949295774647887,0.000513727487689762,1.0,0.0,1.0,0.0,0.0,0.0,-0.0,-0.013069482644398998,-0.07570798435296618,-0.07502783352712186,-0.032299476628211095,0
2430.png,H2,0.0090546011924743,0.7093296647071838,0.8563176895306859,0.14368231046931412,0.9225982108129133,0.00647650667722628,0.9781998704942801,0.021800129505719856,0.9889798145117294,0.0010601515008811216,0.004076502394080195,0.004076502394080195,-0.004076502394080195,-0.005561741193135598,0.057884640017693265,-0.053227704021402006,-0.0282229742341309,1
2442.png,H2,0.0045610666275024,0.617931067943573,0.939115929941618,0.060884070058382034,0.9686021505376344,0.0014475067057845366,0.9500628140703518,0.04993718592964824,0.9743920115960703,0.0022055780551853573,0.0012904189667811705,0.0012904189667811705,-0.0012904189667811705,-0.010055275758107498,-0.024913600393238824,-0.02509064759747362,-0.031009057661429924,1
2459.png,H2,0.0090546011924743,0.7093296647071838,0.9331810394060537,0.06681896059394632,0.9654357459379616,0.001599932473065018,0.8705286483064261,0.12947135169357393,0.9307835505161618,0.0066254451105723046,-0.060109849388598646,0.060109849388598646,0.060109849388598646,-0.005561741193135598,-0.01897870985767454,0.05444351816645207,0.02781037276038755,1
2472.png,H2,0.0207952260971069,1.051705002784729,0.9386038687973086,0.061396131202691384,0.9683297180043384,0.0015300754288288911,0.9978485370051635,0.002151462994836484,0.998923110058152,3.3804933188494215e-05,-0.0006839990069944513,0.0006839990069944513,0.0006839990069944513,0.0061788837114970015,-0.024401539248929474,-0.07287637053228538,-0.031615477621216644,2
2474.png,H2,0.0456184744834899,1.6079357862472534,0.813401187446989,0.18659881255301103,0.8971000935453695,0.004785708917105204,0.9606796116504854,0.03932038834951457,0.9799455310720475,0.000389737072875107,-0.011037594300802311,0.011037594300802311,0.011037594300802311,0.031002132097880004,0.10080114210139017,-0.035707445177607294,-0.021261882327408783,3
2486.png,H2,0.0381472706794738,1.5874567031860352,0.9727592267135325,0.027240773286467457,0.9861915367483296,0.0011401340782469338,0.9958604376108812,0.004139562389118834,0.9979259259259259,0.00015581653860125176,0.0005816119762557248,0.0005816119762557248,-0.0005816119762557248,0.023530928293863905,-0.0585568971651534,-0.07088827113800303,-0.03171786465195537,3
2489.png,H2,0.0282187461853027,1.2150973081588743,0.7922182109907742,0.20778178900922584,0.8840644583706356,0.0061170028030809245,0.9408585546633724,0.059141445336627574,0.9695282043121967,0.0006250127319617954,-0.0272749446820586,0.0272749446820586,0.0272749446820586,0.013602403799692802,0.12198411855760498,-0.01588638819049429,-0.005024531946152495,2
2503.png,H2,0.0037575960159301,0.5122106671333313,0.965572033898305,0.03442796610169496,0.9824845055241175,0.002015137584113187,1.0,0.0,1.0,0.0,0.0,0.0,-0.0,-0.010858746369679798,-0.051369704349925896,-0.07502783352712186,-0.032299476628211095,1
2504.png,H2,0.0183784961700439,0.9962011575698853,0.8242368177613321,0.17576318223866794,0.9036511156186613,0.001613264435790318,0.9549184935356942,0.045081506464305754,0.9769394444763931,0.004581737401600961,0.01477067007633781,0.01477067007633781,-0.01477067007633781,0.003762153784434003,0.08996551178704708,-0.029946327062816108,-0.017528806551873284,2
2511.png,H2,0.0037575960159301,0.5122106671333313,0.94469746258946,0.05530253741054003,0.9715623954499832,0.0019777489617882134,0.7278830374459198,0.27211696255408024,0.842514246244172,0.011317465592174251,0.11678813009263983,0.11678813009263983,-0.11678813009263983,-0.010858746369679798,-0.030495133041080827,0.19708912902695838,0.08448865346442874,1
2520.png,H2,0.0068302154541015,0.6304459571838379,0.9465215333648841,0.05347846663511591,0.9725261366399222,0.004015059748420013,0.9857448325017819,0.014255167498218091,0.9928212491026561,0.0008876950492939505,0.005333985298343502,0.005333985298343502,-0.005333985298343502,-0.007786126931508397,-0.03231920381650495,-0.06077266602890377,-0.026965491329867593,1
2522.png,H2,0.0032424926757812,0.4489583373069763,0.9862068965517241,0.01379310344827589,0.9930555555555556,0.000545507092212896,0.9992047713717693,0.0007952286282306709,0.9996022275258553,2.3374324037596072e-05,3.443332325481219e-05,3.443332325481219e-05,-3.443332325481219e-05,-0.011373849709828698,-0.07200456700334497,-0.07423260489889119,-0.03226504330495628,0
2523.png,H2,0.0207952260971069,1.051705002784729,0.9079903147699758,0.09200968523002417,0.9517766497461929,0.001800480241172359,0.998012916045703,0.001987083954297031,0.9990054699154649,2.8409074206665476e-05,0.0005784168105860132,0.0005784168105860132,-0.0005784168105860132,0.0061788837114970015,0.006212014778403316,-0.07304074957282483,-0.03172105981762508,2
2532.png,H2,0.0090546011924743,0.7093296647071838,0.7890243902439025,0.21097560975609753,0.8820722563053851,0.011115477593544677,0.5659188955996549,0.4340811044003451,0.7227946443330211,0.026521481854353157,-0.11106146722497934,0.11106146722497934,0.11106146722497934,-0.005561741193135598,0.12517793930447668,0.35905327087322325,0.07876199059676825,1
2533.png,H2,0.0183784961700439,0.9962011575698853,0.8912097476066144,0.10879025239338558,0.9424758398527382,0.0044558371144265115,0.8281266435258231,0.1718733564741769,0.9059838895281933,0.010888735086332988,0.0356605861872934,0.0356605861872934,-0.0356605861872934,0.003762153784434003,0.02299258194176472,0.09684552294705503,0.0033611095590823023,2
2537.png,H2,0.0045610666275024,0.617931067943573,0.9781073446327684,0.021892655367231617,0.9889325240985363,0.0006356928170185297,0.652121027824236,0.347878972175764,0.789434934658568,0.018445744639565866,0.11536102481306554,0.11536102481306554,-0.11536102481306554,-0.010055275758107498,-0.06390501508438924,0.2728511386486422,0.08306154818485445,1
2542.png,H2,0.0032424926757812,0.4489583373069763,0.9423076923076923,0.05769230769230771,0.9702970297029703,0.0005905415958049972,0.9996114996114996,0.00038850038850035684,0.9998057120652808,1.7676167918936827e-05,-0.00021001711535084677,0.00021001711535084677,0.00021001711535084677,-0.011373849709828698,-0.02810536275931315,-0.0746393331386215,-0.03208945951286025,0
2545.png,H2,0.0032424926757812,0.4489583373069763,0.9643799472295514,0.03562005277044855,0.9818670248488919,0.001076167188183006,0.9989881956155143,0.0010118043844856706,0.9994938417411844,2.570716020774047e-05,-0.0001159412958881001,0.0001159412958881001,0.0001159412958881001,-0.011373849709828698,-0.05017761768117231,-0.07401602914263619,-0.032183535332322995,0
2555.png,H2,0.0282187461853027,1.2150973081588743,0.8340248962655602,0.1659751037344398,0.9095022624434389,0.00982289420410644,0.7054148706896551,0.29458512931034486,0.8272648290024485,0.02059839092906772,0.0,0.0,-0.0,0.013602403799692802,0.08017743328281894,0.219557295783223,-0.032299476628211095,2
2556.png,H2,0.0090546011924743,0.7093296647071838,0.9194583036350678,0.08054169636493225,0.9580393613070924,0.004127938475601163,0.9894870978018477,0.010512902198152263,0.9947157726180945,0.0005885423170783122,-0.005170048488973511,0.005170048488973511,0.005170048488973511,-0.005561741193135598,-0.005255974086688611,-0.0645149313289696,-0.027129428139237584,1
2557.png,H2,0.0026634931564331,0.3828250467777252,0.9559633027522936,0.044036697247706424,0.9774859287054409,0.0022354050549843484,0.9989799387963277,0.0010200612036722623,0.9994897091342065,7.282987343600735e-05,0.0005111818831989856,0.0005111818831989856,-0.0005111818831989856,-0.011952849229176797,-0.041760973203914434,-0.0740077723234496,-0.03178829474501211,0
2565.png,H2,0.0027230978012084,0.3771629631519317,0.9758522727272727,0.024147727272727293,0.9877785765636233,0.0012015390048470836,0.9887640449438202,0.011235955056179803,0.9943502824858758,0.0002895849850756951,-0.0033320814017149814,0.0033320814017149814,0.0033320814017149814,-0.011893244584401497,-0.061649943178893565,-0.06379187847094206,-0.028967395226496113,0
2575.png,H2,0.0456184744834899,1.6079357862472534,0.9038785834738617,0.09612141652613826,0.9495128432240921,0.0032142230417074058,0.994438651372958,0.005561348627042051,0.9972115719762984,0.0002516831732106046,0.002258111111355543,0.002258111111355543,-0.002258111111355543,0.031002132097880004,0.010323746074517401,-0.06946648490007981,-0.030041365516855552,3
2577.png,H2,0.0366557240486145,1.4209890365600586,0.9606141522029372,0.03938584779706278,0.9799114742934968,0.0007625122921146997,0.9634200088144557,0.036579991185544336,0.9813692480359147,0.0017146996846550354,0.01822448091433182,0.01822448091433182,-0.01822448091433182,0.022039381663004606,-0.04641182265455808,-0.038447842341577526,-0.014074995713879275,3
2581.png,H2,0.0033844709396362,0.452750027179718,0.9260450160771704,0.07395498392282962,0.9616026711185309,0.004123322065762333,0.8673631614808085,0.1326368385191915,0.92897105327171,0.008504433449566296,-0.016955317712611384,0.016955317712611384,0.016955317712611384,-0.011231871445973696,-0.011842686528791238,0.05760900499206964,-0.01534415891559971,1
2582.png,H2,0.0016189813613891,0.2939074039459228,0.9767277856135402,0.023272214386459766,0.9882268997502676,0.00020622411021495868,1.0,0.0,1.0,0.0,0.0,0.0,-0.0,-0.012997361024220798,-0.06252545606516109,-0.07502783352712186,-0.032299476628211095,0
2589.png,H2,0.0366557240486145,1.4209890365600586,0.9327548806941431,0.06724511930585686,0.9652076318742986,0.0031806542725189685,0.547741935483871,0.45225806451612904,0.7077949145477282,0.013491268526806103,0.20543451648267508,0.20543451648267508,-0.20543451648267508,0.022039381663004606,-0.018552551145764,0.3772302309890072,0.173135039854464,3
2590.png,H2,0.0015468597412109,0.2861835658550262,0.9983660130718954,0.0016339869281045694,0.9991823385118561,6.0471970953858416e-05,1.0,0.0,1.0,0.0,0.0,0.0,-0.0,-0.013069482644398998,-0.08416368352351629,-0.07502783352712186,-0.032299476628211095,0
2591.png,H2,0.0016189813613891,0.2939074039459228,0.9878048780487805,0.012195121951219523,0.9938650306748467,0.00042295524594417294,0.8748890860692103,0.12511091393078966,0.9332702318977757,0.002385058818594566,0.04556794452388535,0.04556794452388535,-0.04556794452388535,-0.012997361024220798,-0.07360254850040134,0.050083080403667796,0.013268467895674256,0
2592.png,H2,0.0033844709396362,0.452750027179718,0.9941291585127201,0.005870841487279899,0.9970559371933267,0.0001655517825172316,1.0,0.0,1.0,0.0,0.0,0.0,-0.0,-0.011231871445973696,-0.07992682896434096,-0.07502783352712186,-0.032299476628211095,1
2593.png,H2,0.0037575960159301,0.5122106671333313,0.9462750716332379,0.053724928366762126,0.972396025027604,0.0028438407908385945,0.9737687366167024,0.02623126338329762,0.9867100623813398,0.0009312595281438318,0.001766305366243781,0.001766305366243781,-0.001766305366243781,-0.010858746369679798,-0.03207274208485873,-0.04879657014382424,-0.030533171261967314,1
2594.png,H2,0.0381472706794738,1.5874567031860352,0.8416912487708947,0.15830875122910526,0.9140416444207154,0.0075321739924150855,0.977079240340537,0.022920759659463052,0.9884067572043723,0.0003125915501416816,-0.010299569158045196,0.010299569158045196,0.010299569158045196,0.023530928293863905,0.0725110807774844,-0.05210707386765881,-0.0219999074701659,3
2602.png,H2,0.0033844709396362,0.452750027179718,0.9850523168908819,0.014947683109118093,0.9924698795180723,0.0004874797886475172,1.0,0.0,1.0,0.0,0.0,0.0,-0.0,-0.011231871445973696,-0.07084998734250277,-0.07502783352712186,-0.032299476628211095,1
2605.png,H2,0.0456184744834899,1.6079357862472534,0.932824427480916,0.06717557251908401,0.9652448657187994,0.0004566141601409348,0.9862357869539198,0.01376421304608022,0.9930702018680325,0.00011624806703007117,-0.004309650677767618,0.004309650677767618,0.004309650677767618,0.031002132097880004,-0.018622097932536844,-0.06126362048104164,-0.027989825950443477,3
2608.png,H2,0.0027230978012084,0.3771629631519317,0.9804347826086957,0.019565217391304346,0.9901207464324918,0.0008051090688321486,1.0,0.0,1.0,0.0,0.0,0.0,-0.0,-0.011893244584401497,-0.06623245306031651,-0.07502783352712186,-0.032299476628211095,0
2609.png,H2,0.0512498617172241,1.694504737854004,0.8058902275769746,0.1941097724230254,0.8925129725722758,0.005525208089799055,0.2496899545266639,0.7503100454733361,0.39960304333443597,0.02214933710245661,0.47712033081394634,0.47712033081394634,-0.47712033081394634,0.036633519331614205,0.10831210197140455,0.6752822119462143,0.44482085418573525,3
2623.png,H2,0.0016189813613891,0.2939074039459228,1.0,0.0,1.0,0.0,1.0,0.0,1.0,0.0,0.0,0.0,-0.0,-0.012997361024220798,-0.08579767045162086,-0.07502783352712186,-0.032299476628211095,0
2656.png,H2,0.0366557240486145,1.4209890365600586,0.9197443181818182,0.08025568181818177,0.9581945985941547,0.002896081689786323,0.9173887926054304,0.08261120739456962,0.9569147333534197,0.0027133501095865115,0.03372245293535037,0.03372245293535037,-0.03372245293535037,0.022039381663004606,-0.0055419886334390905,0.007583373867447757,0.0014229763071392718,3
2660.png,H2,0.0016189813613891,0.2939074039459228,0.9719573752103197,0.028042624789680337,0.9857792946530148,0.0010591972616990541,1.0,0.0,1.0,0.0,0.0,0.0,-0.0,-0.012997361024220798,-0.05775504566194052,-0.07502783352712186,-0.032299476628211095,0
2680.png,H2,0.0032424926757812,0.4489583373069763,0.9811542991755006,0.018845700824499434,0.990487514863258,0.0003616517083277182,1.0,0.0,1.0,0.0,0.0,0.0,-0.0,-0.011373849709828698,-0.06695196962712142,-0.07502783352712186,-0.032299476628211095,0
2685.png,H2,0.0045610666275024,0.617931067943573,0.9381578947368421,0.06184210526315792,0.9680923285811269,0.0016491387444841964,0.9983633387888707,0.0016366612111292644,0.9991809991809992,3.159273051631668e-05,-0.0007774453873301557,0.0007774453873301557,0.0007774453873301557,-0.010055275758107498,-0.023955565188462938,-0.0733911723159926,-0.03152203124088094,1
2701.png,H2,0.0037575960159301,0.5122106671333313,0.9696969696969697,0.030303030303030276,0.9846153846153847,0.0015489113992884235,0.9993637327677625,0.0006362672322375307,0.9996817651426753,2.769987332864873e-05,-0.00031432898129579723,0.00031432898129579723,0.00031432898129579723,-0.010858746369679798,-0.05549464014859058,-0.07439156629488433,-0.0319851476469153,1
2703.png,H2,0.0512498617172241,1.694504737854004,0.8701298701298701,0.1298701298701299,0.9305555555555556,0.0025444429819373236,0.43571693219711005,0.56428306780289,0.6069677419354839,0.02437897003782438,0.14690952986449046,0.14690952986449046,-0.14690952986449046,0.036633519331614205,0.044072459418509055,0.4892552342757681,0.11461005323627937,3
2705.png,H2,0.0207952260971069,1.051705002784729,0.853399433427762,0.14660056657223797,0.9209017959495606,0.00281789395210104,0.9926490607133134,0.00735093928668662,0.9963109714441863,8.129102970378685e-05,0.0013632461981313293,0.0013632461981313293,-0.0013632461981313293,0.0061788837114970015,0.06080289612061711,-0.06767689424043524,-0.030936230430079766,2
2706.png,H2,0.0045610666275024,0.617931067943573,0.9587188612099644,0.04128113879003559,0.9789244186046512,0.0021068427386498664,0.9937032664305392,0.006296733569460811,0.9968416896960126,0.0003008312674808082,0.0021880710451271934,0.0021880710451271934,-0.0021880710451271934,-0.010055275758107498,-0.04451653166158527,-0.06873109995766105,-0.0301114055830839,1
2716.png,H2,0.0037575960159301,0.5122106671333313,0.9493908153701968,0.05060918462980324,0.9740384615384615,0.0025593090848742036,0.927071178529755,0.07292882147024504,0.9621556161065697,0.0028931623851994282,-0.0010745806361671661,0.0010745806361671661,0.0010745806361671661,-0.010858746369679798,-0.03518848582181762,-0.00209901205687682,-0.03122489599204393,1
2720.png,H2,0.0512498617172241,1.694504737854004,0.6368696791093648,0.36313032089063524,0.7781556311262252,0.03402434340874384,0.3853134251512421,0.6146865748487579,0.5562833914053427,0.03646071195077158,0.2461621607208817,0.2461621607208817,-0.2461621607208817,0.036633519331614205,0.2773326504390144,0.539658741321636,0.21386268409267062,3
2721.png,H2,0.0366557240486145,1.4209890365600586,0.9604477611940299,0.03955223880597014,0.9798248953178531,0.0019069247272729486,0.9944711538461538,0.00552884615384619,0.9972279137037483,5.78536991348642e-05,0.0015615259639808476,0.0015615259639808476,-0.0015615259639808476,0.022039381663004606,-0.04624543164565072,-0.06949898737327567,-0.030737950664230247,3
2723.png,H2,0.0015468597412109,0.2861835658550262,0.9895245769540693,0.010475423045930743,0.9947347104090725,0.0004774023808616544,0.924874297545105,0.07512570245489503,0.9609711124769514,0.0038202825211048775,-0.009753024117138298,0.009753024117138298,0.009753024117138298,-0.013069482644398998,-0.07532224740569012,9.78689277731648e-05,-0.022546452511072797,0
2740.png,H2,0.0032424926757812,0.4489583373069763,0.9501295336787565,0.04987046632124348,0.9744271006310196,0.001181845613655634,1.0,0.0,1.0,0.0,0.0,0.0,-0.0,-0.011373849709828698,-0.03592720413037738,-0.07502783352712186,-0.032299476628211095,0
2752.png,H2,0.0032424926757812,0.4489583373069763,0.9888712241653418,0.011128775834658211,0.9944044764188649,0.00037092819398176297,0.8966789667896679,0.10332103321033215,0.9455252918287937,0.002328550754464558,0.04638578000549298,0.04638578000549298,-0.04638578000549298,-0.011373849709828698,-0.07466889461696265,0.028293199683210285,0.014086303377281888,0
2754.png,H2,0.0512498617172241,1.694504737854004,0.9170684667309547,0.08293153326904534,0.9567404426559356,0.0021530996416908054,0.558109833971903,0.44189016602809705,0.7163934426229508,0.01479585942100195,0.24790047993496633,0.24790047993496633,-0.24790047993496633,0.036633519331614205,-0.002866137182575515,0.3668623325009752,0.21560100330675525,3
2766.png,H2,0.0033844709396362,0.452750027179718,0.9654025282767797,0.03459747172322025,0.982396750169262,0.0015802434086941849,0.9166220317800393,0.08337796821996069,0.9564974382859804,0.002796434186346889,0.026353967551781654,0.026353967551781654,-0.026353967551781654,-0.011231871445973696,-0.051200198728400606,0.008350134692838823,-0.005945509076429441,1
2768.png,H2,0.0068302154541015,0.6304459571838379,0.8018927444794953,0.19810725552050468,0.8900560224089635,0.00595758189240774,0.8969465648854962,0.10305343511450382,0.9456740442655935,0.010836367561239953,-0.030912655176695614,0.030912655176695614,0.030912655176695614,-0.007786126931508397,0.11230958506888382,0.02802560158738196,-0.0013868214515154811,1
2771.png,H2,0.0067666172981262,0.6291923522949219,0.936180904522613,0.06381909547738696,0.9670386711653257,0.0013892241456553735,0.9099966788442378,0.09000332115576215,0.9528777603894975,0.004009316463494906,-0.041065113559634825,0.041065113559634825,0.041065113559634825,-0.007849725087483697,-0.021978574974233903,0.014975487628640288,0.00876563693142373,1
2781.png,H2,0.0037575960159301,0.5122106671333313,0.889604415823367,0.11039558417663298,0.9415774099318404,0.003792273470076007,0.9451243584682195,0.054875641531780484,0.9717881063527501,0.0011829795782207044,0.022988749763699245,0.022988749763699245,-0.022988749763699245,-0.010858746369679798,0.02459791372501212,-0.02015219199534138,-0.00931072686451185,1
2782.png,H2,0.0068302154541015,0.6304459571838379,0.9696682464454977,0.03033175355450235,0.9846005774783445,0.001148482240540722,0.9962154294032023,0.0037845705967977095,0.9981041271693161,0.00014496708164976849,-0.001634789717675611,0.001634789717675611,0.001634789717675611,-0.007786126931508397,-0.05546591689711851,-0.07124326293032415,-0.030664686910535484,1
2784.png,H2,0.0016189813613891,0.2939074039459228,0.9721792890262752,0.02782071097372485,0.9858934169278997,0.0012263099372620343,0.8805164319248826,0.1194835680751174,0.9364623642491574,0.0037237728353038393,-0.026479137584562773,0.026479137584562773,0.026479137584562773,-0.012997361024220798,-0.05797695947789601,0.044455734547995535,-0.005820339043648322,0
2787.png,H2,0.0037575960159301,0.5122106671333313,0.9912568306010929,0.008743169398907069,0.995609220636663,0.00040362167775642146,0.9705126773148666,0.029487322685133432,0.9850357102369346,0.0021690773676834073,-0.011724972231915487,0.011724972231915487,0.011724972231915487,-0.010858746369679798,-0.07705450105271379,-0.04554051084198843,-0.020574504396295608,1
2794.png,H2,0.0026634931564331,0.3828250467777252,0.9968152866242038,0.0031847133757961776,0.9984051036682615,0.00012366575986691545,1.0,0.0,1.0,0.0,0.0,0.0,-0.0,-0.011952849229176797,-0.08261295707582468,-0.07502783352712186,-0.032299476628211095,0
2801.png,H2,0.0207952260971069,1.051705002784729,0.884321223709369,0.11567877629063095,0.9386098427194317,0.0068805324967849526,0.8923518045253381,0.10764819547466187,0.9431140683158207,0.005074309281883421,-0.055107178993622996,0.055107178993622996,0.055107178993622996,0.0061788837114970015,0.02988110583901009,0.032620361947540005,0.0228077023654119,2
2807.png,H2,0.0027230978012084,0.3771629631519317,0.9889589905362776,0.01104100946372244,0.9944488501189532,0.00045160066013574785,1.0,0.0,1.0,0.0,0.0,0.0,-0.0,-0.011893244584401497,-0.07475666098789842,-0.07502783352712186,-0.032299476628211095,0
2810.png,H2,0.0026634931564331,0.3828250467777252,0.9628647214854111,0.037135278514588865,0.981081081081081,0.00010695661116899803,1.0,0.0,1.0,0.0,0.0,0.0,-0.0,-0.011952849229176797,-0.04866239193703199,-0.07502783352712186,-0.032299476628211095,0
2816.png,H2,0.0183784961700439,0.9962011575698853,0.7284313725490196,0.2715686274509804,0.8428814520703346,0.005119782876688331,0.9750566893424036,0.024943310657596363,0.9873708381171068,0.0002769986683688821,0.0,0.0,-0.0,0.003762153784434003,0.18577095699935958,-0.0500845228695255,-0.032299476628211095,2
2825.png,H2,0.0037575960159301,0.5122106671333313,0.9846153846153847,0.01538461538461533,0.9922480620155039,0.0004787901436524474,1.0,0.0,1.0,0.0,0.0,0.0,-0.0,-0.010858746369679798,-0.07041305506700553,-0.07502783352712186,-0.032299476628211095,1
2827.png,H2,0.0032424926757812,0.4489583373069763,0.9911218724778047,0.0088781275221953,0.9955411430887718,0.00035216587159213764,1.0,0.0,1.0,0.0,0.0,0.0,-0.0,-0.011373849709828698,-0.07691954292942556,-0.07502783352712186,-0.032299476628211095,0
2835.png,H2,0.0456184744834899,1.6079357862472534,0.7637426900584795,0.2362573099415205,0.8660477453580901,0.01042012693576933,0.7475728155339806,0.2524271844660194,0.8555555555555555,0.006403718929127462,-0.1156802332533603,0.1156802332533603,0.1156802332533603,0.031002132097880004,0.15045963948989965,0.17739935093889755,0.08338075662514921,3
2846.png,H2,0.0026634931564331,0.3828250467777252,0.9971671388101983,0.0028328611898017497,0.9985815602836879,0.0001215670554851085,1.0,0.0,1.0,0.0,0.0,0.0,-0.0,-0.011952849229176797,-0.08296480926181911,-0.07502783352712186,-0.032299476628211095,0
2866.png,H2,0.0015468597412109,0.2861835658550262,0.968915343915344,0.031084656084656048,0.9842122942559623,0.0011408265334914853,0.9721371708511941,0.02786282914880589,0.9858717590436268,0.0007004045217780429,0.010878768028276475,0.010878768028276475,-0.010878768028276475,-0.013069482644398998,-0.05471301436696481,-0.04716500437831597,-0.02142070859993462,0
2871.png,H2,0.0016189813613891,0.2939074039459228,0.9886519944979367,0.011348005502063274,0.994293619228774,0.0009389632646794124,0.9954666076957098,0.004533392304290174,0.9977281542638665,4.104953435796474e-05,-4.876420358679301e-05,4.876420358679301e-05,4.876420358679301e-05,-0.012997361024220798,-0.07444966494955758,-0.07049444122283169,-0.0322507124246243,0
2875.png,H2,0.0366557240486145,1.4209890365600586,0.9167950693374423,0.08320493066255774,0.9565916398713826,0.00043540818075951416,0.9840743198407432,0.015925680159256772,0.9919732441471572,0.00034808709422351486,-0.001815898777299707,0.001815898777299707,0.001815898777299707,0.022039381663004606,-0.002592739789063117,-0.05910215336786509,-0.030483577850911388,3
2877.png,H2,0.0090546011924743,0.7093296647071838,0.8423841059602649,0.15761589403973508,0.914450035945363,0.004945310989224721,0.9765814517633887,0.02341854823661127,0.9881519943356148,0.0014082579119308136,0.004041119723160236,0.004041119723160236,-0.004041119723160236,-0.005561741193135598,0.07181822358811422,-0.05160928529051059,-0.02825835690505086,1
2878.png,H2,0.0037575960159301,0.5122106671333313,0.9490740740740741,0.05092592592592593,0.9738717339667459,0.0015182886368229175,0.9956803455723542,0.004319654427645814,0.9978354978354979,3.56740405309184e-05,0.001998324657399464,0.001998324657399464,-0.001998324657399464,-0.010858746369679798,-0.03487174452569493,-0.07070817909947605,-0.03030115197081163,1
2882.png,H2,0.0037575960159301,0.5122106671333313,0.9172705314009661,0.08272946859903385,0.9568503937007874,0.0012501657286505578,0.8874610106051154,0.1125389893948846,0.9403754627181385,0.0035929874196535556,0.014596610979163982,0.014596610979163982,-0.014596610979163982,-0.010858746369679798,-0.0030682018525870075,0.03751115586776274,-0.017702865649047113,1
2883.png,H2,0.0033844709396362,0.452750027179718,0.9803395889186773,0.01966041108132266,0.990072202166065,0.0007959119788114197,0.9964200477326969,0.0035799522673031214,0.9982068141063957,5.401643179216113e-05,-7.97655176970613e-05,7.97655176970613e-05,7.97655176970613e-05,-0.011231871445973696,-0.0661372593702982,-0.07144788125981874,-0.032219711110514034,1
2884.png,H2,0.0033844709396362,0.452750027179718,0.87146529562982,0.12853470437018,0.9313186813186813,0.0009638606080513394,0.989149057681325,0.010850942318675005,0.9945449325294287,0.00015599379759428516,0.0032345877262184297,0.0032345877262184297,-0.0032345877262184297,-0.011231871445973696,0.04273703391855914,-0.06417689120844686,-0.029064888901992665,1
2885.png,H2,0.0090546011924743,0.7093296647071838,0.7769230769230769,0.22307692307692306,0.8744588744588745,0.01679714162510309,0.1762150420852566,0.8237849579147434,0.2996306555863343,0.04121093742295289,0.3819060120458223,0.3819060120458223,-0.3819060120458223,-0.005561741193135598,0.13727925262530222,0.7487571243876215,0.3496065354176112,1
2886.png,H2,0.0090546011924743,0.7093296647071838,0.8093862815884476,0.1906137184115524,0.8946528332003192,0.012010115248928697,0.8349919000231428,0.16500809997685717,0.9100769327784084,0.009380885077529962,-0.10716016568814374,0.10716016568814374,0.10716016568814374,-0.005561741193135598,0.10481604795993153,0.08998026644973531,0.07486068905993265,1
2891.png,H2,0.0512498617172241,1.694504737854004,0.9319502074688797,0.06804979253112031,0.9647766323024055,0.003207197328202559,0.9974651457541192,0.0025348542458808465,0.998730964467005,3.3759041434189914e-05,0.00012038300195116314,0.00012038300195116314,-0.00012038300195116314,0.036633519331614205,-0.017747877920500546,-0.07249297928124102,-0.03217909362625993,3
2895.png,H2,0.0512498617172241,1.694504737854004,0.9788273615635179,0.021172638436482094,0.9893004115226337,0.0004008351291571906,1.0,0.0,1.0,0.0,0.0,0.0,-0.0,0.036633519331614205,-0.06462503201513876,-0.07502783352712186,-0.032299476628211095,3
2897.png,H2,0.0381472706794738,1.5874567031860352,0.8702611625947767,0.1297388374052233,0.9306306306306307,0.007027004613877512,0.9952681388012619,0.004731861198738141,0.9976284584980237,0.00017866639680464485,-0.0010191276778346303,0.0010191276778346303,0.0010191276778346303,0.023530928293863905,0.04394116695360244,-0.07029597232838372,-0.031280348950376465,3
2898.png,H2,0.0026634931564331,0.3828250467777252,0.9642857142857143,0.0357142857142857,0.9818181818181818,0.001686207983972585,0.9988974641675854,0.0011025358324145973,0.9994484280198566,1.818693596950436e-05,0.0002132364450599944,0.0002132364450599944,-0.0002132364450599944,-0.011952849229176797,-0.05008338473733516,-0.07392529769470726,-0.0320862401831511,0
2910.png,H2,0.0366557240486145,1.4209890365600586,0.7442545668827343,0.2557454331172657,0.8533783783783784,0.013409853665468952,0.24861244019138756,0.7513875598086124,0.39822194972409564,0.032823671333038734,0.0,0.0,-0.0,0.022039381663004606,0.16994776266564487,0.6763597262814905,-0.032299476628211095,3
2912.png,H2,0.0366557240486145,1.4209890365600586,0.3510737628384687,0.6489262371615313,0.5196959225984796,0.04818866089731826,0.4087252475247525,0.5912747524752475,0.5802767406105864,0.0029942186068880623,-0.1962861284732893,0.1962861284732893,0.1962861284732893,0.022039381663004606,0.5631285667099104,0.5162469189481257,0.1639866518450782,3
2916.png,H2,0.0037575960159301,0.5122106671333313,0.9872173058013766,0.012782694198623434,0.9935675408213755,0.00012948266922803238,1.0,0.0,1.0,0.0,0.0,0.0,-0.0,-0.010858746369679798,-0.07301497625299742,-0.07502783352712186,-0.032299476628211095,1
2920.png,H2,0.0366557240486145,1.4209890365600586,0.9309823677581864,0.06901763224181356,0.9642577615444822,0.0034600738839609957,0.9899295065458208,0.010070493454179208,0.9949392712550608,0.000502204495068278,0.004818479083960492,0.004818479083960492,-0.004818479083960492,0.022039381663004606,-0.016780038209807294,-0.06495734007294265,-0.027480997544250603,3
2924.png,H2,0.0090546011924743,0.7093296647071838,0.9780405405405406,0.02195945945945943,0.9888983774551665,0.0007872014758837527,0.9955119214586255,0.004488078541374452,0.9977509136913129,0.00014815789573787406,-0.0005874405390143833,0.0005874405390143833,0.0005874405390143833,-0.005561741193135598,-0.06383821099216143,-0.07053975498574741,-0.03171203608919671,1
2927.png,H2,0.0172473788261413,0.9872213006019592,0.9046692607003891,0.09533073929961089,0.9499489274770173,0.004250591127619842,0.965711361310133,0.03428863868986698,0.9825566258786774,0.0008007542353658668,-0.01589782485675928,0.01589782485675928,0.01589782485675928,0.002631036440531401,0.009533068847990031,-0.04073919483725488,-0.016401651771451815,2
2933.png,H2,0.0090546011924743,0.7093296647071838,0.9707536557930259,0.02924634420697414,0.9851598173515982,0.0013005948143769218,0.973097940311055,0.02690205968894499,0.9863655730720068,0.0009057948491756839,-0.006974363244922066,0.006974363244922066,0.006974363244922066,-0.005561741193135598,-0.05655132624464672,-0.04812577383817687,-0.02532511338328903,1
2940.png,H2,0.0027230978012084,0.3771629631519317,0.9348159509202454,0.06518404907975461,0.9663099484740388,0.0008663257710602122,1.0,0.0,1.0,0.0,0.0,0.0,-0.0,-0.011893244584401497,-0.020613621371866245,-0.07502783352712186,-0.032299476628211095,0
2941.png,H2,0.0027230978012084,0.3771629631519317,0.953857421875,0.046142578125,0.9763838560539797,0.0009332419164614689,0.9973111708628697,0.002688829137130311,0.9986537755476685,3.341640828079356e-05,-0.0009852787028680199,0.0009852787028680199,0.0009852787028680199,-0.011893244584401497,-0.03965509232662086,-0.07233900438999155,-0.031314197925343075,0
2943.png,H2,0.0090546011924743,0.7093296647071838,0.8963007883565798,0.10369921164342022,0.9453149984010234,0.0030669468506211764,0.988232074438971,0.011767925561029013,0.9940812112869924,0.0006012245685582927,-0.003660382300225251,0.003660382300225251,0.003660382300225251,-0.005561741193135598,0.01790154119179936,-0.06325990796609285,-0.028639094327985844,1
2947.png,H2,0.0282187461853027,1.2150973081588743,0.9728260869565217,0.02717391304347827,0.9862258953168044,0.0011261032467535525,0.9217912330495112,0.07820876695048884,0.9593042336724648,0.003028581300540204,0.027871213384097815,0.027871213384097815,-0.027871213384097815,0.013602403799692802,-0.05862375740814259,0.0031809334233669773,-0.00442826324411328,2
2951.png,H2,0.0090546011924743,0.7093296647071838,0.9320441988950277,0.06795580110497235,0.9648269945667716,0.0024858931968776057,0.9812834224598931,0.018716577540106916,0.99055330634278,0.0009682239035618458,-0.00918826182858401,0.00918826182858401,0.00918826182858401,-0.005561741193135598,-0.017841869346648512,-0.056311255987014947,-0.023111214799627085,1
2955.png,H2,0.0172473788261413,0.9872213006019592,0.9290085679314566,0.07099143206854341,0.9631979695431472,0.0030919359632284077,0.9856028794241152,0.014397120575884825,0.992749244712991,0.00043645819418330027,-0.006813665556224535,0.006813665556224535,0.006813665556224535,0.002631036440531401,-0.014806238383077444,-0.06063071295123704,-0.02548581107198656,2
2957.png,H2,0.0032424926757812,0.4489583373069763,0.9570119802677942,0.042988019732205784,0.9780338494778538,0.0016062721935837334,0.9518147684605757,0.048185231539424334,0.9753126001923693,0.001958913234990026,0.0008477566430092898,0.0008477566430092898,-0.0008477566430092898,-0.011373849709828698,-0.042809650719415074,-0.02684260198769753,-0.031451719985201805,0
2958.png,H2,0.0366557240486145,1.4209890365600586,0.9413875598086124,0.05861244019138756,0.9698089956869994,0.0027804021388820868,0.9878355704697986,0.01216442953020136,0.9938805655201519,0.00018504365613096713,-0.0008306375895619222,0.0008306375895619222,0.0008306375895619222,0.022039381663004606,-0.027185230260233298,-0.0628634039969205,-0.03146883903864917,3
2959.png,H2,0.0032424926757812,0.4489583373069763,0.9694002447980417,0.030599755201958345,0.9844623990055935,0.0006489546303477035,0.9465334900117509,0.05346650998824909,0.9725324479323876,0.002635975331076926,0.018763160434614123,0.018763160434614123,-0.018763160434614123,-0.011373849709828698,-0.05519791524966251,-0.021561323538872773,-0.013536316193596971,0
2961.png,H2,0.0512498617172241,1.694504737854004,0.8506224066390041,0.14937759336099588,0.9192825112107623,0.006988878703396345,0.9448946515397083,0.05510534846029169,0.9716666666666667,0.002816605508179425,-0.027371681105617607,0.027371681105617607,0.027371681105617607,0.036633519331614205,0.06357992290937502,-0.01992248506683017,-0.004927795522593488,3
2968.png,H2,0.0033844709396362,0.452750027179718,0.9278350515463918,0.07216494845360821,0.9625668449197861,0.00363481001603972,0.9984084880636604,0.0015915119363395513,0.9992036102999734,5.067679111399235e-05,-6.094420113511578e-05,6.094420113511578e-05,6.094420113511578e-05,-0.011231871445973696,-0.013632721998012645,-0.07343632159078231,-0.03223853242707598,1
2969.png,H2,0.0512498617172241,1.694504737854004,0.7653352353780314,0.2346647646219686,0.8670707070707071,0.010191022631298188,0.8425811755034937,0.15741882449650635,0.9145661387463752,0.004570537616629727,-0.06714455679909503,0.06714455679909503,0.06714455679909503,0.036633519331614205,0.14886709417034777,0.08239099096938449,0.03484508017088394,3
2977.png,H2,0.0037575960159301,0.5122106671333313,1.0,0.0,1.0,0.0,1.0,0.0,1.0,0.0,0.0,0.0,-0.0,-0.010858746369679798,-0.08579767045162086,-0.07502783352712186,-0.032299476628211095,1
2978.png,H2,0.0366557240486145,1.4209890365600586,0.8907657657657657,0.10923423423423428,0.9422275163787969,0.002809562492460711,0.9872824631860776,0.012717536813922403,0.9936005389019872,0.0003203122923103253,0.0020156281588482594,0.0020156281588482594,-0.0020156281588482594,0.022039381663004606,0.023436563782613426,-0.06231029671319946,-0.030283848469362835,3
2979.png,H2,0.0183784961700439,0.9962011575698853,0.8828606658446363,0.1171393341553637,0.9377865094957433,0.003265796604222429,0.861172046380445,0.13882795361955502,0.9254083178986361,0.0037008846960955473,-0.02784068691775865,0.02784068691775865,0.02784068691775865,0.003762153784434003,0.03134166370374285,0.06380012009243316,-0.004458789710452445,2
2980.png,H2,0.0090546011924743,0.7093296647071838,0.9633401221995926,0.03665987780040736,0.9813278008298755,0.0015320344382152786,0.9987480438184664,0.00125195618153362,0.9993736298152208,1.6079944053503604e-05,0.00027297886478205857,0.00027297886478205857,-0.00027297886478205857,-0.005561741193135598,-0.0491377926512135,-0.07377587734558824,-0.032026497763429036,1
2981.png,H2,0.0366557240486145,1.4209890365600586,0.9547872340425532,0.04521276595744683,0.9768707482993197,0.0014332858903715086,0.9881235154394299,0.01187648456057011,0.994026284348865,0.00021633415006814258,-0.004870127993990336,0.004870127993990336,0.004870127993990336,0.022039381663004606,-0.040584904494174026,-0.06315134896655175,-0.02742934863422076,3
2982.png,H2,0.0067666172981262,0.6291923522949219,0.8855646970830217,0.11443530291697834,0.9393097976993257,0.0043235167277393535,0.865214431586113,0.134785568413887,0.9277372262773723,0.001503750406112375,0.03846231773556785,0.03846231773556785,-0.03846231773556785,-0.007849725087483697,0.028637632465357485,0.05975773488676514,0.006162841107356758,1
2984.png,H2,0.0033844709396362,0.452750027179718,0.995674740484429,0.004325259515570945,0.9978326831382748,0.00011729509388253264,1.0,0.0,1.0,0.0,0.0,0.0,-0.0,-0.011231871445973696,-0.08147241093604991,-0.07502783352712186,-0.032299476628211095,1
2990.png,H2,0.0045610666275024,0.617931067943573,0.9685935366408739,0.03140646335912611,0.9840462427745664,0.0011865970284589136,0.9971421471172962,0.002857852882703793,0.9985690288060723,5.374261064423637e-05,0.00036307211416131135,0.00036307211416131135,-0.00036307211416131135,-0.010055275758107498,-0.054391207092494745,-0.07216998064441807,-0.031936404514049783,1
2991.png,H2,0.0366557240486145,1.4209890365600586,0.9468253968253968,0.05317460317460321,0.9726865063187933,0.0007232802750274978,0.9987317691819911,0.0012682308180088642,0.9993654822335025,7.381024489228507e-05,-0.0005108352327131138,0.0005108352327131138,0.0005108352327131138,0.022039381663004606,-0.03262306727701765,-0.073759602709113,-0.03178864139549798,3
3001.png,H2,0.0512498617172241,1.694504737854004,0.919496855345912,0.08050314465408803,0.9580602883355177,0.0005935976579691788,0.8878343399482312,0.11216566005176876,0.9405850091407678,0.0022231932011664134,-0.0011909581295253,0.0011909581295253,0.0011909581295253,0.036633519331614205,-0.005294525797532826,0.037137826524646894,-0.031108518498685796,3
3008.png,H2,0.0282187461853027,1.2150973081588743,0.8954758190327613,0.1045241809672387,0.9448559670781893,0.006015983526469884,0.9644839067702553,0.035516093229744694,0.9819209039548022,0.0005075863582502457,-0.011341385474661125,0.011341385474661125,0.011341385474661125,0.013602403799692802,0.018726510515617842,-0.03951174029737717,-0.02095809115354997,2
3015.png,H2,0.0381472706794738,1.5874567031860352,0.7739440809042237,0.22605591909577627,0.8725687458081824,0.01129963687748415,0.9925347811333559,0.0074652188666440855,0.9962534059945504,0.0002361419764939601,-0.0006474177718032159,0.0006474177718032159,0.0006474177718032159,0.023530928293863905,0.14025824864415543,-0.06756261466047778,-0.03165205885640788,3
3016.png,H2,0.0032424926757812,0.4489583373069763,0.9356948228882834,0.06430517711171657,0.9667792792792793,0.00254893407219777,0.9805668016194332,0.019433198380566785,0.9901880621422731,0.0009498291558399407,-0.005908661120774372,0.005908661120774372,0.005908661120774372,-0.011373849709828698,-0.021492493339904287,-0.05559463514655508,-0.026390815507436723,0
3018.png,H2,0.0366557240486145,1.4209890365600586,0.9434650455927052,0.056534954407294835,0.9709102283390679,0.0026934841053673437,0.9853512705530643,0.014648729446935738,0.9926215931335642,0.0008927581882579711,-0.005780163332300692,0.005780163332300692,0.005780163332300692,0.022039381663004606,-0.029262716044326023,-0.060379104080186125,-0.026519313295910403,3
3021.png,H2,0.0172473788261413,0.9872213006019592,1.0,0.0,1.0,0.0,1.0,0.0,1.0,0.0,0.0,0.0,-0.0,0.002631036440531401,-0.08579767045162086,-0.07502783352712186,-0.032299476628211095,2
3031.png,H2,0.0207952260971069,1.051705002784729,0.8918429003021148,0.10815709969788523,0.9428297668476525,0.0033065614349131306,0.8668280871670703,0.13317191283292973,0.9286640726329443,0.003746345999362036,-0.03543877283339539,0.03543877283339539,0.03543877283339539,0.0061788837114970015,0.02235942924626437,0.058144079305807866,0.003139296205184293,2
3039.png,H2,0.0172473788261413,0.9872213006019592,0.0,1.0,0.0,0.331402750313442,0.0,1.0,0.0,0.3590853747912679,-0.7546239210850801,0.7546239210850801,0.7546239210850801,0.002631036440531401,0.9142023295483791,0.9249721664728782,0.722324444456869,2
3045.png,H2,0.0366557240486145,1.4209890365600586,0.9355185384202042,0.06448146157979584,0.9666851749028318,0.0032333711390399008,0.9959289415247965,0.004071058475203504,0.9979603189319488,8.039177952892894e-05,-0.00123049143322429,0.00123049143322429,0.00123049143322429,0.022039381663004606,-0.021316208871825018,-0.07095677505191836,-0.031068985194986805,3
3046.png,H2,0.0183784961700439,0.9962011575698853,0.5092364532019704,0.4907635467980296,0.6748266013871889,0.03251386591938374,0.29450392576730905,0.705496074232691,0.45500661667401854,0.027104879292420794,-0.015800358992754338,0.015800358992754338,0.015800358992754338,0.003762153784434003,0.40496587634640874,0.6304682407055692,-0.016499117635456757,2
3047.png,H2,0.0090546011924743,0.7093296647071838,0.9385474860335196,0.06145251396648044,0.968299711815562,0.0018446547845366234,0.9987834549878345,0.0012165450121655041,0.9993913572732805,3.2896437267689225e-05,0.0006609671544907103,0.0006609671544907103,-0.0006609671544907103,-0.005561741193135598,-0.02434515648514042,-0.07381128851495636,-0.031638509473720385,1
3051.png,H2,0.0090546011924743,0.7093296647071838,0.909952606635071,0.09004739336492895,0.9528535980148883,0.0037077144051219355,0.9688486634392759,0.031151336560724108,0.9841778918109899,0.001482910339231983,-0.00975485697145384,0.00975485697145384,0.00975485697145384,-0.005561741193135598,0.004249722913308093,-0.043876496966397754,-0.022544619656757255,1
3056.png,H2,0.0090546011924743,0.7093296647071838,0.7833827893175074,0.21661721068249262,0.8785357737104825,0.009512006383597407,0.7227100681302044,0.27728993186979556,0.8390385375928285,0.018827483954754635,0.09228896136776765,0.09228896136776765,-0.09228896136776765,-0.005561741193135598,0.13081954023087178,0.2022620983426737,0.05998948473955656,1
3063.png,H2,0.0437069535255432,1.3514946699142456,0.8471502590673575,0.15284974093264247,0.9172510518934082,0.006616823282897315,0.9306387225548902,0.06936127744510978,0.9640734039803567,0.0028336245183381813,-0.0063389371292025265,0.0063389371292025265,0.0063389371292025265,0.029090611139933303,0.06705207048102162,-0.005666556082012081,-0.02596053949900857,3
7.png,L3,0.0069113373756408,0.5275254845619202,0.9717514124293786,0.02824858757062143,0.9856733524355301,0.0013481030743875523,0.9961553248750481,0.0038446751249519018,0.9980739599383667,6.675209982479082e-05,-0.0008206201870856189,0.0008206201870856189,0.0008206201870856189,-0.009896103044350964,-0.07213674698803516,-0.08049519919891455,-0.032746692004572545,1
13.png,L3,0.0079373717308044,0.6801795363426208,0.9296903460837888,0.07030965391621125,0.9635642816688692,0.0021999231985734185,0.993008708450877,0.006991291549123035,0.9964920918210352,0.0004210690379660234,0.0009419432147288465,0.0009419432147288465,-0.0009419432147288465,-0.008870068689187363,-0.03007568064244534,-0.07734858277474342,-0.03262536897692932,1
16.png,L3,0.0138052105903625,0.921411156654358,0.8526603001364257,0.1473396998635743,0.9204712812960235,0.0005326977815312955,0.9314720812182741,0.06852791878172593,0.9645203679369251,0.0015091922890094784,0.020657692333084676,0.020657692333084676,-0.020657692333084676,-0.003002229829629263,0.04695436530491773,-0.01581195554214053,-0.012909619858573487,2
25.png,L3,0.0050472617149353,0.5192530155181885,0.9592198581560284,0.04078014184397161,0.9791855203619909,0.0018465416339957144,1.0,0.0,1.0,0.0,0.0,0.0,-0.0,-0.011760178705056464,-0.05960519271468498,-0.08433987432386646,-0.033567312191658163,1
28.png,L3,0.005971610546112,0.5047814846038818,0.911042944785276,0.08895705521472397,0.9534510433386838,0.00021157904104010853,0.8857426726279185,0.1142573273720815,0.9394099051633298,0.004912194505878044,-0.04297941125104188,0.04297941125104188,0.04297941125104188,-0.010835829873879764,-0.011428279343932618,0.02991745304821504,0.009412099059383713,1
32.png,L3,0.0051153302192687,0.5318642854690552,0.9219143576826196,0.07808564231738035,0.9593709043250328,0.004627600700957562,0.9104954714970698,0.08950452850293023,0.9531511433351925,0.001752500711241967,0.030257198802624674,0.030257198802624674,-0.030257198802624674,-0.011692110200723064,-0.02229969224127623,0.0051646541790637684,-0.0033101133890334894,1
41.png,L3,0.0396666526794433,1.3788384199142456,0.9869451697127938,0.01305483028720622,0.9934296977660972,0.0005544277906027799,0.9983851433185305,0.0016148566814695453,0.9991919191919192,5.36856157836181e-05,-0.0003623761785828128,0.0003623761785828128,0.0003623761785828128,0.022859212259451533,-0.08733050427145037,-0.08272501764239691,-0.03320493601307535,3
55.png,L3,0.0423805117607116,1.3124713897705078,0.85553772070626,0.14446227929374,0.9221453287197232,0.003308463724882716,0.9515380150899594,0.04846198491004061,0.9751672862453532,0.0011544616545736484,-0.017582655856564156,0.017582655856564156,0.017582655856564156,0.025573071340719837,0.04407694473508342,-0.035877889413825845,-0.015984656335094008,3
56.png,L3,0.0079373717308044,0.6801795363426208,0.9906832298136646,0.009316770186335366,0.9953198127925117,0.00032019346424203124,1.0,0.0,1.0,0.0,0.0,0.0,-0.0,-0.008870068689187363,-0.09106856437232122,-0.08433987432386646,-0.033567312191658163,1
66.png,L3,0.0423805117607116,1.3124713897705078,0.7398104265402844,0.2601895734597156,0.8504494688095887,0.01528510296294593,0.9804704837993786,0.019529516200621377,0.9901389511429852,0.0008244591274225371,-0.007421111251203594,0.007421111251203594,0.007421111251203594,0.025573071340719837,0.15980423890105902,-0.06481035812324508,-0.02614620094045457,3
67.png,L3,0.0138052105903625,0.921411156654358,0.9590163934426229,0.040983606557377095,0.9790794979079498,0.001656227126112295,0.9995684074233924,0.0004315925766076312,0.9997841571336067,1.6667930732857062e-05,-0.0002300396523776671,0.0002300396523776671,0.0002300396523776671,-0.003002229829629263,-0.05940172800127949,-0.08390828174725883,-0.033337272539280496,2
70.png,L3,0.0308926105499267,1.1627131700515747,0.9184581171237954,0.08154188287620456,0.9574961360123647,0.003549104481868139,0.9492235642100074,0.05077643578999258,0.9739504299443601,0.0006313353813270826,-0.020156699760659036,0.020156699760659036,0.020156699760659036,0.014085170129934935,-0.018843451682452023,-0.03356343853387388,-0.013410612430999128,2
86.png,L3,0.005971610546112,0.5047814846038818,0.9598898938261895,0.0401101061738105,0.9795345104333868,0.0012952578220333094,0.9825921823073271,0.017407817692672856,0.9912196679438059,0.0010095264158762553,-0.005404895687255218,0.005404895687255218,0.005404895687255218,-0.010835829873879764,-0.060275228384846086,-0.0669320566311936,-0.028162416504402946,1
93.png,L3,0.0308926105499267,1.1627131700515747,0.8225806451612904,0.17741935483870963,0.9026548672566371,0.007897632480801971,0.9714144898965007,0.0285855101034993,0.9855,0.00039517196846215535,-0.009491053276844075,0.009491053276844075,0.009491053276844075,0.014085170129934935,0.07703402028005304,-0.055754364220367156,-0.02407625891481409,2
99.png,L3,0.0182852745056152,1.0370268821716309,0.9539078156312625,0.04609218436873752,0.9764102564102564,0.0006437649974643904,0.9902685869988322,0.009731413001167755,0.9951105026403285,0.0004303331686230952,-0.001328134877413012,0.001328134877413012,0.001328134877413012,0.0014778340856234362,-0.054293150189919065,-0.0746084613226987,-0.03223917731424515,2
100.png,L3,0.0283278822898864,1.1881752014160156,0.9583778014941302,0.04162219850586979,0.9787465940054496,0.0017371059171304864,0.9955527318932655,0.004447268106734459,0.9977714103788602,0.0001204139565393213,0.0005425731855637217,0.0005425731855637217,-0.0005425731855637217,0.011520441869894635,-0.058763136052786796,-0.079892606217132,-0.03302473900609444,2
102.png,L3,0.0338465571403503,1.4413223266601562,0.9462555066079296,0.053744493392070436,0.9723856948845632,0.001539354424671932,0.9515732546705998,0.04842674532940017,0.9751857916614183,0.001887930619750984,-0.025057427307622393,0.025057427307622393,0.025057427307622393,0.017039116720358537,-0.04664084116658615,-0.03591312899446629,-0.00850988488403577,3
108.png,L3,0.0107682943344116,0.7426525950431824,0.9524001613553852,0.04759983864461481,0.9756198347107438,0.0006173422347475531,1.0,0.0,1.0,0.0,0.0,0.0,-0.0,-0.006039146085580163,-0.052785495914041775,-0.08433987432386646,-0.033567312191658163,2
114.png,L3,0.0338465571403503,1.4413223266601562,0.9173669467787114,0.08263305322128855,0.9569028487947406,0.002814808693377325,0.998298355076574,0.001701644923425949,0.9991484530229918,4.716124286119267e-05,-0.0002318572903580174,0.0002318572903580174,0.0002318572903580174,0.017039116720358537,-0.01775228133736803,-0.08263822940044051,-0.033335454901300146,3
117.png,L3,0.0343890786170959,1.3216838836669922,0.8642676767676768,0.1357323232323232,0.9271926854046733,0.0068383171315205445,0.9862100666513445,0.013789933348655525,0.9930571626938208,0.00040658693980700415,-0.0003161908986173412,0.0003161908986173412,0.0003161908986173412,0.017581638197104135,0.03534698867366662,-0.07054994097521093,-0.03325112129304082,3
121.png,L3,0.0150505900382995,1.0077862739562988,0.820873786407767,0.17912621359223302,0.9016262330045322,0.014106125882420818,0.9873741994510522,0.012625800548947796,0.993646993831139,0.00030246879958911174,-0.0034203996673541903,0.0034203996673541903,0.0034203996673541903,-0.0017568503816922636,0.07874087903357643,-0.07171407377491866,-0.030146912524303973,2
122.png,L3,0.0079373717308044,0.6801795363426208,0.9321266968325792,0.0678733031674208,0.9648711943793911,0.003480441373177075,0.9976461357395057,0.0023538642604943316,0.9988216810683425,3.322982969381983e-05,-0.0003557000166966029,0.0003557000166966029,0.0003557000166966029,-0.008870068689187363,-0.03251203139123579,-0.08198601006337213,-0.03321161217496156,1
124.png,L3,0.0107682943344116,0.7426525950431824,0.9153194765204004,0.08468052347959965,0.9557877813504824,0.0014654107916176032,0.943764705882353,0.05623529411764705,0.9710688778598233,0.0025188232932681397,0.0035327840672420008,0.0035327840672420008,-0.0035327840672420008,-0.006039146085580163,-0.01570481107905694,-0.028104580206219407,-0.030034528124416163,2
128.png,L3,0.0423805117607116,1.3124713897705078,0.9746938775510204,0.025306122448979562,0.9871847871021083,0.0014985925853876643,0.9732802728823196,0.026719727117680447,0.9864592336502449,0.0007447037563206563,-0.007188330491484485,0.007188330491484485,0.007188330491484485,0.025573071340719837,-0.07507921210967702,-0.05762014720618601,-0.02637898170017368,3
131.png,L3,0.0150505900382995,1.0077862739562988,0.9286570743405276,0.07134292565947242,0.963009014609885,0.003101724378587541,0.9993431136413401,0.0006568863586599027,0.9996714489103056,3.0697829177950166e-05,0.0003381362339226479,0.0003381362339226479,-0.0003381362339226479,-0.0017568503816922636,-0.029042408899184163,-0.08368298796520655,-0.033229175957735516,2
138.png,L3,0.0088898539543151,0.7846436500549316,0.9753593429158111,0.024640657084188944,0.9875259875259875,0.0011518235799013276,1.0,0.0,1.0,0.0,0.0,0.0,-0.0,-0.007917586465676663,-0.07574467747446764,-0.08433987432386646,-0.033567312191658163,1
150.png,L3,0.0050472617149353,0.5192530155181885,0.9742554265522464,0.025744573447753605,0.986959856814114,0.0003606939428064351,0.994168700840792,0.005831299159207992,0.997075824549473,0.0003337006825634285,0.002598284222823044,0.002598284222823044,-0.002598284222823044,-0.011760178705056464,-0.07464076111090298,-0.07850857516465846,-0.03096902796883512,1
152.png,L3,0.005971610546112,0.5047814846038818,0.9834834834834835,0.016516516516516533,0.991672975018925,0.0007409844718770009,0.9997283346916599,0.0002716653083401077,0.9998641488928135,1.3407587510620344e-05,0.0001329103044029889,0.0001329103044029889,-0.0001329103044029889,-0.010835829873879764,-0.08386881804214005,-0.08406820901552635,-0.033434401887255175,1
156.png,L3,0.0308926105499267,1.1627131700515747,0.7433854907539118,0.2566145092460882,0.8528067885117493,0.03214304660767181,0.99113643558088,0.008863564419119951,0.9955484896661367,0.0002101880452949256,0.0025361156891560155,0.0025361156891560155,-0.0025361156891560155,0.014085170129934935,0.1562291746874316,-0.0754763099047465,-0.031031196502502148,2
167.png,L3,0.0338465571403503,1.4413223266601562,0.9459604066345639,0.05403959336543607,0.9722298597745395,0.001561316743657357,0.9990059642147118,0.0009940357852882276,0.9995027349577325,2.716847412736817e-05,0.000512423047250854,0.000512423047250854,-0.000512423047250854,0.017039116720358537,-0.04634574119322052,-0.08334583853857823,-0.03305488914440731,3
169.png,L3,0.0047231316566467,0.5214333534240723,0.9421081376297106,0.057891862370289426,0.9701912260967379,0.003157688072804472,1.0,0.0,1.0,0.0,0.0,0.0,-0.0,-0.012084308763345063,-0.04249347218836716,-0.08433987432386646,-0.033567312191658163,1
174.png,L3,0.0054688453674316,0.5791088938713074,0.9688183807439825,0.03118161925601748,0.9841622672964713,0.0005609134035506422,0.9995600527936648,0.0004399472063352228,0.9997799779977998,2.038201394968009e-05,0.0002227093796274282,0.0002227093796274282,-0.0002227093796274282,-0.011338595052560164,-0.06920371530263911,-0.08389992711753123,-0.033344602812030735,1
183.png,L3,0.0338465571403503,1.4413223266601562,0.8376068376068376,0.16239316239316237,0.9116279069767442,0.005087143473531922,0.9866526167896031,0.013347383210396857,0.9932814710042432,0.0003152346585153954,-0.001718347962161415,0.001718347962161415,0.001718347962161415,0.017039116720358537,0.062007827834505785,-0.0709924911134696,-0.03184896422949675,3
198.png,L3,0.005023717880249,0.5203079581260681,0.982373678025852,0.01762632197414804,0.991108476585655,0.0007355914582121922,1.0,0.0,1.0,0.0,0.0,0.0,-0.0,-0.011783722539742764,-0.08275901258450855,-0.08433987432386646,-0.033567312191658163,1
211.png,L3,0.0079373717308044,0.6801795363426208,0.9673433362753752,0.032656663724624835,0.9834006280843428,0.0011077257201830117,0.9412160646174557,0.05878393538254434,0.9697179842810911,0.003227899187802497,0.022399532073596795,0.022399532073596795,-0.022399532073596795,-0.008870068689187363,-0.06772867083403175,-0.025555938941322118,-0.011167780118061368,1
217.png,L3,0.0054688453674316,0.5791088938713074,0.9350943396226415,0.06490566037735845,0.9664586583463338,0.0034209331607613705,0.978812294837362,0.021187705162638015,0.9892927160307646,0.00014778249555388607,0.004669447959822048,0.004669447959822048,-0.004669447959822048,-0.011338595052560164,-0.03547967418129813,-0.06315216916122844,-0.028897864231836115,1
223.png,L3,0.0182852745056152,1.0370268821716309,0.7944218113444061,0.20557818865559385,0.885434858539993,0.012337972217166605,0.9237131218368103,0.07628687816318969,0.9603439425051334,0.005303482306237869,-0.033697761229522394,0.033697761229522394,0.033697761229522394,0.0014778340856234362,0.10519285409693727,-0.00805299616067677,0.00013044903786423034,2
228.png,L3,0.0138052105903625,0.921411156654358,0.7466827503015682,0.25331724969843183,0.8549723756906077,0.014919784007498259,0.9877435575109994,0.012256442489000596,0.9938339920948617,0.0004088596785459204,0.0032429268281611856,0.0032429268281611856,-0.0032429268281611856,-0.003002229829629263,0.15293191513977525,-0.07208343183486586,-0.030324385363496978,2
233.png,L3,0.0138052105903625,0.921411156654358,0.8756773028296208,0.12432269717037925,0.9337185042529289,0.007922770343602755,0.9985281130409185,0.0014718869590815142,0.9992635145087642,7.6058084532155235e-06,0.0004513099492133854,0.0004513099492133854,-0.0004513099492133854,-0.003002229829629263,0.023937362611722662,-0.08286798736478494,-0.03311600224244478,2
234.png,L3,0.0088898539543151,0.7846436500549316,0.9001354096140826,0.09986459038591744,0.9474434348833066,0.007390189279195236,0.9873089126045572,0.01269108739544278,0.9936139332365748,0.0007052689618308916,-0.004685781198774497,0.004685781198774497,0.004685781198774497,-0.007917586465676663,-0.000520744172739146,-0.07164878692842368,-0.028881530992883667,1
238.png,L3,0.0182852745056152,1.0370268821716309,0.9497645211930926,0.050235478806907374,0.9742351046698873,0.0018015187672225314,0.2648444863336475,0.7351555136663526,0.4187779433681073,0.003152350701514505,-0.22339239545530018,0.22339239545530018,0.22339239545530018,0.0014778340856234362,-0.05014985575174921,0.6508156393424861,0.189825083263642,2
246.png,L3,0.0054688453674316,0.5791088938713074,0.9877862595419847,0.012213740458015265,0.9938556067588326,0.0004118248496711451,1.0,0.0,1.0,0.0,0.0,0.0,-0.0,-0.011338595052560164,-0.08817159410064132,-0.08433987432386646,-0.033567312191658163,1
256.png,L3,0.0107682943344116,0.7426525950431824,0.945095168374817,0.054904831625183004,0.9717726759503199,0.002471133636637783,0.9980463298911527,0.001953670108847283,0.9990222098058388,6.439965858968168e-05,0.000755656866689769,0.000755656866689769,-0.000755656866689769,-0.006039146085580163,-0.04548050293347358,-0.08238620421501917,-0.032811655324968395,2
262.png,L3,0.0079373717308044,0.6801795363426208,0.9896519285042333,0.010348071495766664,0.9947990543735225,0.00042279404719316376,0.9997315436241611,0.00026845637583894355,0.9998657537924553,1.0621404843093935e-05,0.00012595671820958554,0.00012595671820958554,-0.00012595671820958554,-0.008870068689187363,-0.09003726306288992,-0.08407141794802751,-0.03344135547344858,1
263.png,L3,0.0050472617149353,0.5192530155181885,0.9316614420062695,0.06833855799373045,0.9646218760142811,0.0034267153427101054,0.9979227253842958,0.002077274615704172,0.9989602828030776,4.458086529334728e-05,9.404258653988862e-05,9.404258653988862e-05,-9.404258653988862e-05,-0.011760178705056464,-0.03204677656492613,-0.08226259970816228,-0.033473269605118275,1
284.png,L3,0.0150505900382995,1.0077862739562988,0.8537234042553191,0.14627659574468088,0.921090387374462,0.0019466826123056558,1.0,0.0,1.0,0.0,0.0,0.0,-0.0,-0.0017568503816922636,0.045891261186024296,-0.08433987432386646,-0.033567312191658163,2
296.png,L3,0.005023717880249,0.5203079581260681,0.9569591950810509,0.04304080491894913,0.9780062839188803,0.0018008120052429824,0.9825117370892019,0.01748826291079808,0.9911787342371677,0.0003751099401739632,0.00265417986648242,0.00265417986648242,-0.00265417986648242,-0.011783722539742764,-0.05734452963970746,-0.06685161141306838,-0.030913132325175743,1
304.png,L3,0.0088898539543151,0.7846436500549316,0.9696969696969697,0.030303030303030276,0.9846153846153847,0.0014713702326863843,0.9587829471077304,0.04121705289226962,0.9789578253409194,0.001645298274820912,-0.019714378308106184,0.019714378308106184,0.019714378308106184,-0.007917586465676663,-0.07008230425562631,-0.04312282143159683,-0.01385293388355198,1
311.png,L3,0.0054688453674316,0.5791088938713074,0.9713855421686747,0.028614457831325324,0.985485103132162,0.001052749408588676,1.0,0.0,1.0,0.0,0.0,0.0,-0.0,-0.011338595052560164,-0.07177087672733126,-0.08433987432386646,-0.033567312191658163,1
321.png,L3,0.0107682943344116,0.7426525950431824,0.5720992622401073,0.4279007377598927,0.7278156996587031,0.021498110701517508,0.8673849979278906,0.1326150020721094,0.9289835774522859,0.005816536088155207,0.053196946066525586,0.053196946066525586,-0.053196946066525586,-0.006039146085580163,0.32751540320123607,0.048275127748242955,0.019629633874867422,2
323.png,L3,0.0182852745056152,1.0370268821716309,0.9078534031413612,0.0921465968586388,0.9517014270032931,0.0007259819916438983,0.9991786447638604,0.000821355236139576,0.9995891536565324,2.914599081696917e-05,-0.00038745310624110907,0.00038745310624110907,0.00038745310624110907,0.0014778340856234362,-0.00823873770001779,-0.08351851908772688,-0.033179859085417054,2
324.png,L3,0.0182852745056152,1.0370268821716309,0.9265687583444593,0.07343124165554071,0.9618849618849619,0.004466722566359483,0.9986187845303868,0.0013812154696132284,0.9993089149965446,3.0518897083787735e-05,0.000640888980131038,0.000640888980131038,-0.000640888980131038,0.0014778340856234362,-0.026954092903115873,-0.08295865885425323,-0.032926423211527125,2
332.png,L3,0.0343890786170959,1.3216838836669922,0.9028846153846154,0.0971153846153846,0.9489641232945932,0.0016221124729310812,0.5079181151023561,0.49208188489764393,0.6736680327868853,0.015331700015285743,0.0090197009257061,0.0090197009257061,-0.0090197009257061,0.017581638197104135,-0.0032699499432719825,0.40774201057377746,-0.024547611265952063,3
333.png,L3,0.0107682943344116,0.7426525950431824,0.9579081632653061,0.042091836734693855,0.9785016286644951,0.0009116626250996148,0.9840499306518724,0.015950069348127593,0.9919608528486543,0.0005741296367914463,0.0065725879121179,0.0065725879121179,-0.0065725879121179,-0.006039146085580163,-0.05829349782396273,-0.06838980497573886,-0.026994724279540264,2
350.png,L3,0.0138052105903625,0.921411156654358,0.9077526987242395,0.09224730127576053,0.9516460905349794,0.004022819320006252,0.9975984630163305,0.0024015369836695166,0.9987977879297908,7.61432652113958e-05,0.0006733438631190136,0.0006733438631190136,-0.0006733438631190136,-0.003002229829629263,-0.008138033282896057,-0.08193833734019694,-0.03289396832853915,2
351.png,L3,0.0054688453674316,0.5791088938713074,0.9212962962962963,0.07870370370370372,0.9590361445783132,0.001483731815840709,0.9986213235294118,0.0013786764705882026,0.9993101862497126,4.347894872115821e-05,-0.00018918000472145646,0.00018918000472145646,0.00018918000472145646,-0.011338595052560164,-0.021681630854952866,-0.08296119785327825,-0.03337813218693671,1
354.png,L3,0.0088898539543151,0.7846436500549316,0.9513368983957219,0.048663101604278114,0.9750616607289668,0.0009407226360562103,0.9843984962406015,0.015601503759398505,0.99213791796912,0.0008421585979856086,0.0059582188819866655,0.0059582188819866655,-0.0059582188819866655,-0.007917586465676663,-0.05172223295437847,-0.06873837056446795,-0.027609093309671498,1
404.png,L3,0.0047231316566467,0.5214333534240723,0.9803814713896458,0.01961852861035418,0.9900935608145295,0.0007148323606286778,0.9930857368629,0.006914263137099974,0.9965308752106254,0.0003742167322895919,-0.0025329068273848288,0.0025329068273848288,0.0025329068273848288,-0.012084308763345063,-0.0807668059483024,-0.07742561118676648,-0.031034405364273335,1
415.png,L3,0.0182852745056152,1.0370268821716309,0.778030734206033,0.22196926579396703,0.8751600512163893,0.016555975763765735,0.6121704991587212,0.38782950084127876,0.7594364237258654,0.017861922530194772,-0.21277854466574642,0.21277854466574642,0.21277854466574642,0.0014778340856234362,0.12158393123531044,0.3034896265174123,0.17921123247408827,2
429.png,L3,0.005023717880249,0.5203079581260681,0.9501915708812261,0.04980842911877392,0.9744597249508841,0.0027650521822800253,0.9924844320377926,0.007515567962207426,0.9962280418148507,0.00018755935562376862,-1.2894852345790575e-05,1.2894852345790575e-05,1.2894852345790575e-05,-0.011783722539742764,-0.05057690543988266,-0.07682430636165903,-0.03355441733931237,1
442.png,L3,0.0182852745056152,1.0370268821716309,0.950726468730259,0.04927353126974099,0.9747409326424871,0.0015112800174451164,0.9988372093023256,0.0011627906976744429,0.9994182664339732,3.149750098991221e-05,0.00018346940647639975,0.00018346940647639975,-0.00018346940647639975,0.0014778340856234362,-0.0511118032889156,-0.08317708362619201,-0.033383842785181764,2
443.png,L3,0.005971610546112,0.5047814846038818,0.9725165562913908,0.027483443708609223,0.9860668121537687,0.0012271442804212798,1.0,0.0,1.0,0.0,0.0,0.0,-0.0,-0.010835829873879764,-0.07290189085004736,-0.08433987432386646,-0.033567312191658163,1
445.png,L3,0.0054688453674316,0.5791088938713074,0.9733982765080554,0.026601723491944562,0.986519840516423,0.0005383128462234132,0.9988867684478372,0.0011132315521628078,0.999443074230249,4.301160867749831e-05,-0.00028290726894864004,0.00028290726894864004,0.00028290726894864004,-0.011338595052560164,-0.07378361106671202,-0.08322664277170365,-0.03328440492270952,1
452.png,L3,0.0320023894309997,1.3667409420013428,0.9083557951482479,0.09164420485175206,0.9519774011299436,0.0015478011691148336,0.9867330016583747,0.013266998341625258,0.993322203672788,0.00031313434613189237,-0.00559621948664879,0.00559621948664879,0.00559621948664879,0.015194949011007937,-0.008741129706904521,-0.0710728759822412,-0.027971092705009373,2
457.png,L3,0.0423805117607116,1.3124713897705078,0.8311178906079756,0.16888210939202442,0.9077710341544687,0.020801266394134738,0.7904503753127606,0.20954962468723937,0.8829626179107953,0.023234777049339343,-0.08186086459873476,0.08186086459873476,0.08186086459873476,0.025573071340719837,0.06849677483336783,0.1252097503633729,0.0482935524070766,3
472.png,L3,0.0150505900382995,1.0077862739562988,0.9377729257641921,0.06222707423580787,0.967887323943662,0.001859282448232714,0.9991593106347205,0.0008406893652794789,0.9995794785534062,2.4426829856284598e-05,0.0,0.0,-0.0,-0.0017568503816922636,-0.03815826032284872,-0.08349918495858698,-0.033567312191658163,2
473.png,L3,0.0079373717308044,0.6801795363426208,0.9545454545454546,0.045454545454545414,0.9767441860465116,0.0004925282126171326,0.995,0.0050000000000000044,0.9974937343358395,0.0001335179784338296,-0.0013653568350517897,0.0013653568350517897,0.0013653568350517897,-0.008870068689187363,-0.05493078910411117,-0.07933987432386645,-0.032201955356606374,1
475.png,L3,0.005971610546112,0.5047814846038818,0.9485294117647058,0.05147058823529416,0.9735849056603774,0.0023868953880403407,0.9983098591549295,0.0016901408450704647,0.9991542148294333,1.674501807501002e-05,0.00022165773523996624,0.00022165773523996624,-0.00022165773523996624,-0.010835829873879764,-0.04891474632336243,-0.08264973347879599,-0.0333456544564182,1
482.png,L3,0.005023717880249,0.5203079581260681,0.968671679197995,0.03132832080200498,0.9840865690642903,0.0012702007349695442,0.9968710888610763,0.0031289111389236623,0.9984330930742714,9.788789235822531e-05,-0.0007529974521786054,0.0007529974521786054,0.0007529974521786054,-0.011783722539742764,-0.0690570137566516,-0.0812109631849428,-0.03281431473947956,1
483.png,L3,0.0069113373756408,0.5275254845619202,1.0,0.0,1.0,0.0,1.0,0.0,1.0,0.0,0.0,0.0,-0.0,-0.009896103044350964,-0.10038533455865659,-0.08433987432386646,-0.033567312191658163,1
484.png,L3,0.0138052105903625,0.921411156654358,0.9931506849315068,0.006849315068493178,0.9965635738831615,0.00022706325465659643,1.0,0.0,1.0,0.0,0.0,0.0,-0.0,-0.003002229829629263,-0.09353601949016341,-0.08433987432386646,-0.033567312191658163,2
486.png,L3,0.0054688453674316,0.5791088938713074,0.9628953771289538,0.03710462287104621,0.9810969941121785,0.0010218943144587717,0.999344262295082,0.0006557377049180024,0.9996720236142997,2.4282457959565126e-05,0.0003389851053456905,0.0003389851053456905,-0.0003389851053456905,-0.011338595052560164,-0.06328071168761037,-0.08368413661894845,-0.03322832708631247,1
494.png,L3,0.0079373717308044,0.6801795363426208,0.9951690821256038,0.004830917874396157,0.9975786924939467,0.00018831781097087367,1.0,0.0,1.0,0.0,0.0,0.0,-0.0,-0.008870068689187363,-0.09555441668426043,-0.08433987432386646,-0.033567312191658163,1
500.png,L3,0.0069113373756408,0.5275254845619202,0.9763157894736842,0.023684210526315752,0.9880159786950732,0.00021135095724800852,0.9942880456956344,0.005711954304365552,0.9971358428805237,0.00010254660011458924,-0.002505633202134594,0.002505633202134594,0.002505633202134594,-0.009896103044350964,-0.07670112403234083,-0.0786279200195009,-0.03106167898952357,1
506.png,L3,0.0182852745056152,1.0370268821716309,0.9011695906432748,0.09883040935672516,0.9480159950784374,0.00745332767364881,0.9179047327308929,0.0820952672691071,0.9571953362082735,0.004416447237293565,-0.016106106274685672,0.016106106274685672,0.016106106274685672,0.0014778340856234362,-0.0015549252019314286,-0.0022446070547593594,-0.01746120591697249,2
507.png,L3,0.0051153302192687,0.5318642854690552,0.8997387328543436,0.10026126714565642,0.9472236548048822,0.002069094530278681,0.9974421109316102,0.002557889068389829,0.9987194176720361,4.7388223849506586e-05,0.00029950720191140867,0.00029950720191140867,-0.00029950720191140867,-0.011692110200723064,-0.00012406741300016733,-0.08178198525547663,-0.033267804989746755,1
518.png,L3,0.0396666526794433,1.3788384199142456,0.6190102120974077,0.3809897879025923,0.764677341096555,0.014627212417231639,0.9738430583501007,0.026156941649899346,0.9867482161060143,6.758876378751532e-05,0.0008664203994097619,0.0008664203994097619,-0.0008664203994097619,0.022859212259451533,0.2806044533439357,-0.05818293267396711,-0.0327008917922484,3
519.png,L3,0.0320023894309997,1.3667409420013428,0.9798319327731092,0.020168067226890796,0.9898132427843803,0.0005302837829282607,1.0,0.0,1.0,0.0,0.0,0.0,-0.0,0.015194949011007937,-0.08021726733176579,-0.08433987432386646,-0.033567312191658163,2
543.png,L3,0.0107682943344116,0.7426525950431824,0.9413447782546495,0.05865522174535054,0.969786293294031,0.002782805569636435,0.9982605334364129,0.0017394665635871442,0.9991295096237547,2.6095332740887323e-05,-0.0008761503964908046,0.0008761503964908046,0.0008761503964908046,-0.006039146085580163,-0.04173011281330605,-0.08260040776027931,-0.03269116179516736,2
550.png,L3,0.0138052105903625,0.921411156654358,0.9285714285714286,0.0714285714285714,0.9629629629629629,0.003007074844512487,0.9966814159292036,0.0033185840707964376,0.9983379501385041,2.8119040541046743e-05,-0.0015231058396526498,0.0015231058396526498,0.0015231058396526498,-0.003002229829629263,-0.02895676313008519,-0.08102129025307002,-0.032044206352005514,2
551.png,L3,0.0308926105499267,1.1627131700515747,0.9208053691275168,0.07919463087248324,0.9587700908455625,0.0006833752219336091,0.995274445656125,0.004725554343875005,0.997631626890144,0.00014373933575538035,0.00032163242556193516,0.00032163242556193516,-0.00032163242556193516,0.014085170129934935,-0.021190703686173346,-0.07961431997999145,-0.03324567976609623,2
558.png,L3,0.0338465571403503,1.4413223266601562,0.972310969116081,0.027689030883919052,0.9859611231101512,0.001340068991547138,0.9994447529150472,0.0005552470849528035,0.9997222993612885,2.3550574534301827e-05,-0.0002645049694464108,0.0002645049694464108,0.0002645049694464108,0.017039116720358537,-0.07269630367473753,-0.08378462723891365,-0.03330280722221175,3
561.png,L3,0.0150505900382995,1.0077862739562988,0.9607390300230947,0.03926096997690531,0.9799764428739693,0.0006176374639727858,0.9658046954746512,0.0341953045253488,0.9826049329294677,0.001676800988913369,-0.010112854875214738,0.010112854875214738,0.010112854875214738,-0.0017568503816922636,-0.06112436458175127,-0.050144569798517655,-0.023454457316443425,2
562.png,L3,0.0150505900382995,1.0077862739562988,0.964633068081344,0.03536693191865603,0.981998199819982,0.0014045333508608004,0.9634002361275088,0.0365997638724912,0.9813589897775106,0.001631600291020459,-0.017477458585926753,0.017477458585926753,0.017477458585926753,-0.0017568503816922636,-0.06501840264000056,-0.04774011045137526,-0.01608985360573141,2
563.png,L3,0.0320023894309997,1.3667409420013428,0.7849025974025974,0.21509740259740262,0.8794906775807185,0.01129156471177583,0.6776636019469984,0.3223363980530016,0.807865892972276,0.018362852942738154,0.11303393682616025,0.11303393682616025,-0.11303393682616025,0.015194949011007937,0.11471206803874603,0.23799652372913516,0.07946662463450209,2
579.png,L3,0.0182852745056152,1.0370268821716309,0.9818731117824774,0.01812688821752262,0.9908536585365854,0.00021114634506817195,1.0,0.0,1.0,0.0,0.0,0.0,-0.0,0.0014778340856234362,-0.08225844634113397,-0.08433987432386646,-0.033567312191658163,2
581.png,L3,0.005971610546112,0.5047814846038818,0.9264104660670482,0.07358953393295176,0.9617996604414262,0.0015665810367757528,0.9571690801550071,0.042830919844992876,0.9781158816173405,0.0024027850044415176,-0.020658500388698986,0.020658500388698986,0.020658500388698986,-0.010835829873879764,-0.02679580062570483,-0.04150895447887358,-0.012908811802959178,1
589.png,L3,0.0107682943344116,0.7426525950431824,0.8798206278026905,0.12017937219730945,0.9360687022900763,0.004963662577187318,0.8472355385107063,0.15276446148929368,0.9173010380622837,0.008047488792927437,-0.06463855512548633,0.06463855512548633,0.06463855512548633,-0.006039146085580163,0.019794037638652867,0.06842458716542722,0.031071242933828166,2
590.png,L3,0.005023717880249,0.5203079581260681,0.992503748125937,0.007496251874062998,0.9962377727614747,0.00019277547016936463,1.0,0.0,1.0,0.0,0.0,0.0,-0.0,-0.011783722539742764,-0.09288908268459359,-0.08433987432386646,-0.033567312191658163,1
592.png,L3,0.0138052105903625,0.921411156654358,0.9142526071842411,0.08574739281575894,0.9552058111380145,0.0036589260870071383,0.9910326086956521,0.008967391304347871,0.9954961102770574,0.00013420759790276846,0.0005680011868681722,0.0005680011868681722,-0.0005680011868681722,-0.003002229829629263,-0.014637941742897648,-0.07537248301951859,-0.03299931100478999,2
593.png,L3,0.0182852745056152,1.0370268821716309,0.9457227138643067,0.05427728613569327,0.9721043056397817,0.002016314421773027,0.998468606431853,0.0015313935681470214,0.9992337164750957,5.132775607856667e-05,2.715890127158449e-05,2.715890127158449e-05,-2.715890127158449e-05,0.0014778340856234362,-0.046108048422963316,-0.08280848075571944,-0.03354015329038658,2
601.png,L3,0.0054688453674316,0.5791088938713074,0.9443059019118869,0.0556940980881131,0.9713552800342027,0.0011877658165245569,0.9975341426403642,0.0024658573596357813,0.998765549330548,6.240357876751311e-05,0.0008096295772025419,0.0008096295772025419,-0.0008096295772025419,-0.011338595052560164,-0.04469123647054349,-0.08187401696423068,-0.03275768261445562,1
604.png,L3,0.0051153302192687,0.5318642854690552,0.969553450608931,0.030446549391069055,0.9845413947097218,0.0007716625439232163,0.9997036158861885,0.00029638411381149865,0.9998517859789536,1.2851100301270901e-05,-0.00015287200334457296,0.00015287200334457296,0.00015287200334457296,-0.011692110200723064,-0.06993878516758753,-0.08404349021005496,-0.03341444018831359,1
614.png,L3,0.0050472617149353,0.5192530155181885,0.9698836413415469,0.03011635865845308,0.9847116052814454,0.0003645004138663803,0.9954337899543378,0.004566210045662156,0.9977116704805492,0.00016525289316138728,0.0014378490031816682,0.0014378490031816682,-0.0014378490031816682,-0.011760178705056464,-0.0702689759002035,-0.0797736642782043,-0.032129463188476495,1
616.png,L3,0.005023717880249,0.5203079581260681,0.9263803680981595,0.07361963190184051,0.9617834394904459,0.0041867086453489626,0.6123552123552124,0.3876447876447876,0.7595785440613027,0.026728193668435003,-0.22057717646302666,0.22057717646302666,0.22057717646302666,-0.011783722539742764,-0.026765702656816076,0.30330491332092113,0.1870098642713685,1
621.png,L3,0.0182852745056152,1.0370268821716309,0.9025341130604289,0.09746588693957114,0.9487704918032787,0.007234724654029427,0.9865704213530301,0.01342957864696992,0.9932398174750718,0.0006602366952450397,0.0010932813829184207,0.0010932813829184207,-0.0010932813829184207,0.0014778340856234362,-0.0029194476190854413,-0.07091029567689654,-0.03247403080873974,2
623.png,L3,0.0150505900382995,1.0077862739562988,0.6682066358672827,0.3317933641327173,0.8011077542799597,0.027634237510469076,0.838939393939394,0.16106060606060602,0.9124165774079261,0.008523172905659645,0.0604977774754728,0.0604977774754728,-0.0604977774754728,-0.0017568503816922636,0.23140802957406073,0.07672073173673956,0.02693046528381464,2
630.png,L3,0.0423805117607116,1.3124713897705078,0.8753799392097265,0.12462006079027355,0.93354943273906,0.0019314731291663677,0.8638695492854526,0.13613045071454744,0.9269635309151676,0.006721096113399453,0.06275898231521271,0.06275898231521271,-0.06275898231521271,0.025573071340719837,0.02423472623161696,0.05179057639068098,0.029191670123554544,3
633.png,L3,0.0107682943344116,0.7426525950431824,0.9078762306610408,0.09212376933895916,0.9517139697751567,0.006834805816738671,0.9979683055668428,0.002031694433157205,0.998983119788489,1.1308639291407434e-05,0.0005801132791050101,0.0005801132791050101,-0.0005801132791050101,-0.006039146085580163,-0.008261565219697425,-0.08230817989070925,-0.03298719891255315,2
670.png,L3,0.0047231316566467,0.5214333534240723,0.9784569138276553,0.021543086172344683,0.9891111673841478,0.00011257967704167107,1.0,0.0,1.0,0.0,0.0,0.0,-0.0,-0.012084308763345063,-0.0788422483863119,-0.08433987432386646,-0.033567312191658163,1
675.png,L3,0.005023717880249,0.5203079581260681,0.9900662251655629,0.009933774834437137,0.9950083194675541,0.00031004593733687544,1.0,0.0,1.0,0.0,0.0,0.0,-0.0,-0.011783722539742764,-0.09045155972421945,-0.08433987432386646,-0.033567312191658163,1
681.png,L3,0.0054688453674316,0.5791088938713074,0.9598214285714286,0.0401785714285714,0.979498861047836,0.002281708225033303,0.9931916649473901,0.006808335052609915,0.9965842045336921,0.0003426231146409096,-0.0033812881610034706,0.0033812881610034706,0.0033812881610034706,-0.011338595052560164,-0.06020676313008519,-0.07753153927125654,-0.030186024030654693,1
687.png,L3,0.005023717880249,0.5203079581260681,0.9681908548707754,0.031809145129224614,0.9838383838383838,0.0014793352143945683,0.998661311914324,0.0013386880856760541,0.999330207635633,3.195447399520276e-05,-0.000250870887621768,0.000250870887621768,0.000250870887621768,-0.011783722539742764,-0.06857618942943197,-0.0830011862381904,-0.033316441304036395,1
694.png,L3,0.0396666526794433,1.3788384199142456,0.8845577211394303,0.11544227886056968,0.9387430389817024,0.007809162030749422,0.9981406879454602,0.001859312054539819,0.9990694789081885,9.991241532274683e-06,0.0,0.0,-0.0,0.022859212259451533,0.015056944301913094,-0.08248056226932664,-0.033567312191658163,3
695.png,L3,0.0050472617149353,0.5192530155181885,0.9966101694915255,0.003389830508474523,0.99830220713073,5.7576073707853676e-05,1.0,0.0,1.0,0.0,0.0,0.0,-0.0,-0.011760178705056464,-0.09699550405018206,-0.08433987432386646,-0.033567312191658163,1
712.png,L3,0.0098424553871154,0.8366796970367432,0.9972489683631361,0.0027510316368638543,0.9986225895316805,6.644439262240125e-05,0.9740983606557377,0.02590163934426226,0.9868792559375519,0.0002352691496851166,-0.0026949104033530125,0.0026949104033530125,0.0026949104033530125,-0.006964985032876363,-0.09763430292179273,-0.058438234979604195,-0.03087240178830515,1
713.png,L3,0.0254461765289306,1.321725606918335,0.988659793814433,0.01134020618556697,0.9942975635044065,0.0003862985767599207,1.0,0.0,1.0,0.0,0.0,0.0,-0.0,0.008638736108938838,-0.08904512837308962,-0.08433987432386646,-0.033567312191658163,2
714.png,L3,0.0065337419509887,0.6723179221153259,0.8978947368421053,0.1021052631578947,0.9462007764836384,0.0030591113241690564,0.9975646879756469,0.002435312024353098,0.9987808594940567,5.866476025342574e-05,0.0012072330698695843,0.0012072330698695843,-0.0012072330698695843,-0.010273698469003063,0.001719928599238113,-0.08190456229951336,-0.03236007912178858,1
723.png,L3,0.0120435953140258,0.8772003650665283,0.9204545454545454,0.07954545454545459,0.9585798816568047,0.002198655186749411,0.9970134395221503,0.0029865604778497312,0.9985044865403788,8.471473917793726e-05,-0.00103557036405022,0.00103557036405022,0.00103557036405022,-0.004763845105965963,-0.020839880013202,-0.08135331384601673,-0.03253174182760794,2
727.png,L3,0.0479846000671386,1.8450289964675903,0.8684337349397591,0.13156626506024094,0.9295847304616972,0.005353052222323647,0.90869140625,0.09130859375,0.9521616781785623,0.004616170257287732,0.009733421095935446,0.009733421095935446,-0.009733421095935446,0.03117715964714684,0.031180930501584353,0.006968719426133543,-0.023833891095722717,3
729.png,L3,0.0120435953140258,0.8772003650665283,0.8691275167785235,0.1308724832214765,0.9299820466786356,0.003381055647955832,0.9856566562079785,0.014343343792021512,0.9927765237020316,0.00037714997252166185,0.006362181246665433,0.006362181246665433,-0.006362181246665433,-0.004763845105965963,0.030487148662819902,-0.06999653053184494,-0.02720513094499273,2
761.png,L3,0.0074173808097839,0.6362360119819641,0.9653794940079894,0.03462050599201061,0.9823848238482384,0.0009274980019958568,1.0,0.0,1.0,0.0,0.0,0.0,-0.0,-0.009390059610207863,-0.06576482856664598,-0.08433987432386646,-0.033567312191658163,1
762.png,L3,0.0120435953140258,0.8772003650665283,0.9575671852899575,0.042432814710042455,0.9783236994219653,0.00025864908149097067,0.9960518894529047,0.003948110547095318,0.9980220401243289,4.548188047265598e-05,-0.0003409394108632169,0.0003409394108632169,0.0003409394108632169,-0.004763845105965963,-0.05795251984861413,-0.08039176377677114,-0.03322637278079495,2
764.png,L3,0.0101609826087951,0.7942003607749939,0.8995633187772926,0.10043668122270744,0.9471264367816092,0.005685841537013433,0.9649318118563874,0.035068188143612566,0.9821529745042493,0.0012412359048437928,-0.00236612558462157,0.00236612558462157,0.00236612558462157,-0.006646457811196663,5.1346664050849755e-05,-0.04927168618025389,-0.031201186607036593,2
769.png,L3,0.0156279206275939,0.9421043395996094,0.49073120494335737,0.5092687950566426,0.6583765112262522,0.042460650127414665,0.30244786944696284,0.6975521305530372,0.464429903939858,0.04122207015170101,0.24082544156437136,0.24082544156437136,-0.24082544156437136,-0.001179519792397863,0.40888346049798596,0.6132122562291707,0.2072581293727132,2
776.png,L3,0.0042782425880432,0.4844698309898376,0.9731219848380427,0.026878015161957314,0.9863779252532309,0.001129375822829726,1.0,0.0,1.0,0.0,0.0,0.0,-0.0,-0.012529197831948564,-0.07350731939669927,-0.08433987432386646,-0.033567312191658163,1
780.png,L3,0.0479846000671386,1.8450289964675903,0.9198743126472899,0.08012568735271008,0.9582651391162029,0.0027777458402646763,0.8963414634146342,0.10365853658536583,0.9453376205787781,0.003858928428375855,0.052306304872549836,0.052306304872549836,-0.052306304872549836,0.03117715964714684,-0.0202596472059465,0.019318662261499378,0.018738992680891672,3
781.png,L3,0.0408195853233337,1.605685114860535,0.8980949501058361,0.10190504989416393,0.9463119324518082,0.0021075159371292365,0.9355058476212104,0.06449415237878964,0.9666783996245454,0.004800258055407561,-0.023486656864244004,0.023486656864244004,0.023486656864244004,0.024012144903341935,0.001519715335507349,-0.01984572194507682,-0.01008065532741416,3
782.png,L3,0.0479846000671386,1.8450289964675903,0.8064516129032258,0.19354838709677424,0.8928571428571429,0.005526320741382753,0.9068398845214302,0.09316011547856984,0.9511442380480988,0.0056087515471240044,0.03412194834909976,0.03412194834909976,-0.03412194834909976,0.03117715964714684,0.09316305253811766,0.008820241154703382,0.0005546361574415987,3
794.png,L3,0.0156279206275939,0.9421043395996094,0.6763147166734611,0.3236852833265389,0.8069066147859922,0.021357123104516512,0.4331048489464331,0.5668951510535669,0.604428697962799,0.03884729067944839,-0.003663443540665501,0.003663443540665501,0.003663443540665501,-0.001179519792397863,0.2232999487678823,0.48255527672970044,-0.029903868650992663,2
828.png,L3,0.0074173808097839,0.6362360119819641,0.9931856899488927,0.006814310051107331,0.9965811965811966,0.00020866322204474554,1.0,0.0,1.0,0.0,0.0,0.0,-0.0,-0.009390059610207863,-0.09357102450754926,-0.08433987432386646,-0.033567312191658163,1
837.png,L3,0.0046699047088623,0.5146380066871643,0.9789473684210527,0.021052631578947323,0.9893617021276596,0.0006540510444900127,0.9078069831306395,0.09219301686936054,0.9516759202138597,0.0030130230712400985,-0.03816112325826837,0.03816112325826837,0.03816112325826837,-0.012137535711129462,-0.07933270297970926,0.007853142545494088,0.004593811066610207,1
847.png,L3,0.0042782425880432,0.4844698309898376,0.9499679281590764,0.05003207184092362,0.9743421052631579,0.0021195469092255143,0.9977109221713538,0.00228907782864618,0.9988541496153217,3.701884361623137e-05,0.000551409521835633,0.000551409521835633,-0.000551409521835633,-0.012529197831948564,-0.050353262717732966,-0.08205079649522028,-0.03301590266982253,1
856.png,L3,0.0156279206275939,0.9421043395996094,0.9571106094808126,0.04288939051918739,0.9780853517877739,0.0017711271408919417,1.0,0.0,1.0,0.0,0.0,0.0,-0.0,-0.001179519792397863,-0.0574959440394692,-0.08433987432386646,-0.033567312191658163,2
865.png,L3,0.0064616799354553,0.7038486003875732,0.9397424103035878,0.06025758969641215,0.9689352620346218,0.005924367280843534,0.8390524121803671,0.16094758781963292,0.912483414418399,0.009795209442488543,0.05284704459091649,0.05284704459091649,-0.05284704459091649,-0.010345760484536464,-0.040127744862244435,0.07660771349576646,0.01927973239925833,1
867.png,L3,0.004750370979309,0.5182440876960754,0.9463544754001185,0.05364552459988148,0.9724379473123191,0.002428785305272853,0.9295523906408952,0.07044760935910477,0.9634901805720311,0.0030953329269546395,0.015695688388154938,0.015695688388154938,-0.015695688388154938,-0.012057069440682765,-0.04673980995877511,-0.013892264964761689,-0.017871623803503225,1
868.png,L3,0.016930341720581,1.0695478916168213,0.8662519440124417,0.13374805598755835,0.9283333333333333,0.006732421378744112,0.8623341879389143,0.13766581206108575,0.9260788890884061,0.0077360651688896005,0.022559089028031498,0.022559089028031498,-0.022559089028031498,0.0001229013005892357,0.03336272142890176,0.05332593773721929,-0.011008223163626665,2
900.png,L3,0.0042782425880432,0.4844698309898376,0.9638922888616891,0.036107711138310905,0.9816142100342786,0.0013315813384563119,0.9824386350029934,0.017561364997006557,0.9911415341252265,0.00040123739521672554,0.007386856985504453,0.007386856985504453,-0.007386856985504453,-0.012529197831948564,-0.06427762342034568,-0.0667785093268599,-0.02618045520615371,1
915.png,L3,0.0120435953140258,0.8772003650665283,0.7149084568439407,0.28509154315605933,0.8337569903406202,0.00913824966393936,0.8098893252409853,0.19011067475901466,0.8949600552322714,0.007502915826369553,-0.09214854452978283,0.09214854452978283,0.09214854452978283,-0.004763845105965963,0.18470620859740275,0.10577080043514821,0.058581232338124664,2
921.png,L3,0.0098424553871154,0.8366796970367432,0.9503051438535309,0.04969485614646907,0.9745194456861869,0.0022358806113495617,0.7678257815244116,0.2321742184755884,0.8686667991257699,0.005898075070587415,-0.08843969994980833,0.08843969994980833,0.08843969994980833,-0.006964985032876363,-0.05069047841218752,0.14783434415172192,0.05487238775815016,1
922.png,L3,0.0056808590888977,0.5956631898880005,0.9651898734177216,0.034810126582278444,0.9822866344605475,0.0012802876994901916,1.0,0.0,1.0,0.0,0.0,0.0,-0.0,-0.011126581331094064,-0.06557520797637814,-0.08433987432386646,-0.033567312191658163,1
929.png,L3,0.0289391279220581,1.4154561758041382,0.8684745762711864,0.1315254237288136,0.9296081277213353,0.0048496249713886625,0.962135922330097,0.03786407766990296,0.9807026224641266,0.0014039075014714404,0.004068375084177012,0.004068375084177012,-0.004068375084177012,0.012131687502066335,0.03114008917015701,-0.046475796653963494,-0.029498937107481152,2
933.png,L3,0.0065337419509887,0.6723179221153259,0.9568452380952381,0.04315476190476186,0.9779467680608365,0.001345179274460858,0.8938395970554048,0.10616040294459517,0.9439443535188216,0.0035937598879399488,-0.05199664117965985,0.05199664117965985,0.05199664117965985,-0.010273698469003063,-0.057230572653894723,0.02182052862072871,0.01842932898800169,1
935.png,L3,0.0056808590888977,0.5956631898880005,0.9621570482497634,0.03784295175023655,0.9807135969141755,0.001146839370931793,0.9994714587737844,0.0005285412262155953,0.999735659529474,2.6807632580062435e-05,-0.00025106751451042797,0.00025106751451042797,0.00025106751451042797,-0.011126581331094064,-0.06254238280842003,-0.08381133309765086,-0.033316244677147736,1
939.png,L3,0.0043104887008666,0.5324376225471497,0.0,1.0,0.0,0.44043194980195893,0.0,1.0,0.0,0.49559309649075484,0.8156206415620642,0.8156206415620642,-0.8156206415620642,-0.012496951719125163,0.8996146654413434,0.9156601256761335,0.782053329370406,1
942.png,L3,0.0127969980239868,0.984853744506836,0.9702501690331304,0.02974983096686956,0.9849004804392587,0.0006460148244182937,0.9094332517416682,0.09056674825833178,0.9525687801991914,0.0017594332327523538,-0.007013739328004753,0.007013739328004753,0.007013739328004753,-0.004010442396004963,-0.07063550359178702,0.0062268739344653184,-0.02655357286365341,2
943.png,L3,0.0098424553871154,0.8366796970367432,0.8723994452149791,0.12760055478502086,0.9318518518518518,0.00013307703675495355,0.9815043156596794,0.018495684340320562,0.9906658369632856,0.0002839269198613241,-0.0019947394400849916,0.0019947394400849916,0.0019947394400849916,-0.006964985032876363,0.027215220226364273,-0.0658441899835459,-0.03157257275157317,1
944.png,L3,0.0043104887008666,0.5324376225471497,0.966374269005848,0.033625730994152,0.9828996282527881,0.0010625314929500322,0.9984387197501952,0.0015612802498048417,0.99921875,4.2328451671946066e-05,-5.56685420779468e-05,5.56685420779468e-05,5.56685420779468e-05,-0.012496951719125163,-0.06675960356450458,-0.08277859407406161,-0.03351164364958022,1
945.png,L3,0.0065337419509887,0.6723179221153259,1.0,0.0,1.0,0.0,1.0,0.0,1.0,0.0,0.0,0.0,-0.0,-0.010273698469003063,-0.10038533455865659,-0.08433987432386646,-0.033567312191658163,1
954.png,L3,0.0127969980239868,0.984853744506836,0.9813084112149533,0.01869158878504673,0.9905660377358491,0.0008051564799638514,0.9931939718035975,0.006806028196402525,0.9965853658536585,8.907262852359429e-05,-0.001431356177298615,0.001431356177298615,0.001431356177298615,-0.004010442396004963,-0.08169374577360985,-0.07753384612746393,-0.03213595601435955,2
956.png,L3,0.0091695189476013,0.8042911887168884,0.9491173416407062,0.05088265835929384,0.9738945125199787,0.00040806651422531864,0.9830188679245283,0.016981132075471694,0.9914367269267365,0.00046094071969569043,0.0027238481599536346,0.0027238481599536346,-0.0027238481599536346,-0.007637921472390464,-0.049502676199362744,-0.06735874224839476,-0.03084346403170453,1
958.png,L3,0.0098424553871154,0.8366796970367432,0.9916317991631799,0.008368200836820106,0.9957983193277311,0.00025210161605342373,1.0,0.0,1.0,0.0,0.0,0.0,-0.0,-0.006964985032876363,-0.09201713372183648,-0.08433987432386646,-0.033567312191658163,1
960.png,L3,0.0065337419509887,0.6723179221153259,0.9984756097560976,0.0015243902439023849,0.9992372234935164,6.168499404581275e-05,1.0,0.0,1.0,0.0,0.0,0.0,-0.0,-0.010273698469003063,-0.0988609443147542,-0.08433987432386646,-0.033567312191658163,1
963.png,L3,0.0127969980239868,0.984853744506836,0.9693877551020408,0.030612244897959218,0.9844559585492227,0.001099252234358015,1.0,0.0,1.0,0.0,0.0,0.0,-0.0,-0.004010442396004963,-0.06977308966069737,-0.08433987432386646,-0.033567312191658163,2
982.png,L3,0.0038939714431762,0.5369898676872253,0.7993079584775087,0.20069204152249132,0.8884615384615384,0.006278710515981067,0.9402328589909443,0.05976714100905567,0.9691958927857047,0.001084743329064511,-0.006256050233530597,0.006256050233530597,0.006256050233530597,-0.012913468976815563,0.10030670696383473,-0.024572733314810788,-0.027311261958127567,1
992.png,L3,0.0065337419509887,0.6723179221153259,0.9180790960451978,0.08192090395480223,0.9572901325478645,0.004174470052561683,0.9937369519832986,0.006263048016701411,0.9968586387434555,6.636376940275669e-05,0.00307170250506561,0.00307170250506561,-0.00307170250506561,-0.010273698469003063,-0.01846443060385436,-0.07807682630716505,-0.030495609686592554,1
994.png,L3,0.0038939714431762,0.5369898676872253,0.9204275534441805,0.07957244655581952,0.95856524427953,0.0022938732048754886,0.9217506631299734,0.07824933687002655,0.9592822636300897,0.003421305725365273,0.004685417053732044,0.004685417053732044,-0.004685417053732044,-0.012913468976815563,-0.020812888002837066,-0.006090537453839903,-0.02888189513792612,1
1004.png,L3,0.030580997467041,1.412535309791565,0.9038701622971286,0.09612983770287142,0.9495081967213115,0.003173499032111467,0.9176124422026062,0.08238755779739382,0.9570363875493205,0.0020043766529053908,-0.026509986364000926,0.026509986364000926,0.026509986364000926,0.013773557047049235,-0.0042554968557851625,-0.0019523165264726389,-0.007057325827657238,2
1007.png,L3,0.0127969980239868,0.984853744506836,0.9106203995793901,0.08937960042060988,0.9532195927352779,0.0037966423536976907,0.9723694171082513,0.02763058289174869,0.98599117251967,0.001225680066529772,0.008288177946626729,0.008288177946626729,-0.008288177946626729,-0.004010442396004963,-0.011005734138046702,-0.05670929143211777,-0.025279134245031434,2
1008.png,L3,0.0091695189476013,0.8042911887168884,0.9799235181644359,0.020076481835564097,0.9898599710284887,0.0006426962986205584,0.7343561973525873,0.2656438026474127,0.84683434518647,0.009449205816013145,-0.22724064711064773,0.22724064711064773,0.22724064711064773,-0.007637921472390464,-0.08030885272309249,0.18130392832354625,0.19367333491898958,1
1011.png,L3,0.0043104887008666,0.5324376225471497,0.9649769585253456,0.035023041474654404,0.9821763602251408,0.001766538153685903,0.99869994799792,0.0013000520020800543,0.9993495511903213,1.2509607833845548e-05,-0.0004937107951710207,0.0004937107951710207,0.0004937107951710207,-0.012496951719125163,-0.06536229308400218,-0.0830398223217864,-0.03307360139648714,1
1015.png,L3,0.0091695189476013,0.8042911887168884,0.9253279515640767,0.07467204843592334,0.9612159329140462,0.0035603232012659403,0.9842342342342343,0.015765765765765716,0.9920544835414302,0.0002218960804244369,0.0006022912426852933,0.0006022912426852933,-0.0006022912426852933,-0.007637921472390464,-0.025713286122733242,-0.06857410855810074,-0.03296502094897287,1
1016.png,L3,0.0127969980239868,0.984853744506836,0.990467111534795,0.009532888465204947,0.9952107279693486,0.0005576404149915169,1.0,0.0,1.0,0.0,0.0,0.0,-0.0,-0.004010442396004963,-0.09085244609345164,-0.08433987432386646,-0.033567312191658163,2
1023.png,L3,0.0167821049690246,1.014318346977234,0.9124203821656051,0.08757961783439494,0.9542048293089093,0.0028452319886363873,0.9876479670612455,0.012352032938754531,0.9937856033143448,0.0001596669006973552,-0.0031162310631259738,0.0031162310631259738,0.0031162310631259738,-2.5335450967164247e-05,-0.012805716724261645,-0.07198784138511193,-0.03045108112853219,2
1027.png,L3,0.0078226327896118,0.7274078130722046,0.946046511627907,0.05395348837209302,0.9722753346080306,0.0025004412378139334,0.9800266311584553,0.01997336884154466,0.9899125756556826,0.000665599024612886,0.00924348760210747,0.00924348760210747,-0.00924348760210747,-0.008984807630379963,-0.04643184618656357,-0.0643665054823218,-0.024323824589550694,1
1029.png,L3,0.029143214225769,1.318331599235535,0.8730886850152905,0.12691131498470953,0.9322448979591836,0.00037996287333143784,0.689261744966443,0.310738255033557,0.8160508541914978,0.008979941002109295,-0.1461687638118433,0.1461687638118433,0.1461687638118433,0.012335773805777238,0.026525980426052947,0.22639838070969054,0.11260145162018513,2
1031.png,L3,0.0038939714431762,0.5369898676872253,0.9686411149825784,0.03135888501742157,0.984070796460177,0.0007467166755989206,0.9853826311263972,0.014617368873602765,0.992637505413599,0.0002321533228079947,0.005321770294390071,0.005321770294390071,-0.005321770294390071,-0.012913468976815563,-0.06902644954123502,-0.06972250545026369,-0.028245541897268092,1
1035.png,L3,0.029143214225769,1.318331599235535,0.9164851125635439,0.08351488743645608,0.9564228874573703,0.0031621877248509673,0.7876566564199574,0.2123433435800426,0.8812169312169312,0.008558001973255869,-0.09976272341480052,0.09976272341480052,0.09976272341480052,0.012335773805777238,-0.01687044712220051,0.12800346925617612,0.06619541122314236,2
1037.png,L3,0.030580997467041,1.412535309791565,0.9089347079037801,0.09106529209621994,0.9522952295229523,0.004382132375934493,0.9963647379581945,0.0036352620418055315,0.9981790591805766,8.386271257044708e-05,0.0007274297573635069,0.0007274297573635069,-0.0007274297573635069,0.013773557047049235,-0.009320042462436645,-0.08070461228206093,-0.03283988243429466,2
1039.png,L3,0.0254461765289306,1.321725606918335,0.9937759336099585,0.006224066390041472,0.9968782518210197,0.00017680154112907265,1.0,0.0,1.0,0.0,0.0,0.0,-0.0,0.008638736108938838,-0.09416126816861511,-0.08433987432386646,-0.033567312191658163,2
1040.png,L3,0.007185935974121,0.6937265396118164,0.9206703910614525,0.07932960893854746,0.9586969168121,0.0029948090517826153,0.998288403936671,0.0017115960633290461,0.9991434689507495,3.7900464876717273e-05,-0.00040091088206739567,0.00040091088206739567,0.00040091088206739567,-0.009621504445870763,-0.021055725620109128,-0.08262827826053741,-0.03316640130959077,1
1041.png,L3,0.0289391279220581,1.4154561758041382,0.8791208791208791,0.1208791208791209,0.935672514619883,0.003611357187213695,0.9886972040452112,0.01130279595478878,0.9943164822016153,0.00028906361671131146,0.0035488926727188508,0.0035488926727188508,-0.0035488926727188508,0.012131687502066335,0.020493786320464308,-0.07303707836907768,-0.030018419518939313,2
1047.png,L3,0.0304244756698608,1.472789287567139,0.9318849089841457,0.06811509101585433,0.964741641337386,0.002090394114978419,0.9124479889042996,0.08755201109570043,0.9542199256640377,0.0038932498559104494,-0.03244249631907603,0.03244249631907603,0.03244249631907603,0.013617035249869038,-0.03227024354280225,0.003212136771833976,-0.0011248158725821328,2
1053.png,L3,0.0038939714431762,0.5369898676872253,0.9574175824175825,0.04258241758241754,0.9782456140350877,0.0016916694004689814,0.9974006683995544,0.0025993316004455647,0.998698642870422,5.558092865513581e-05,0.000977673721337724,0.000977673721337724,-0.000977673721337724,-0.012913468976815563,-0.057802916976239044,-0.08174054272342089,-0.03258963847032044,1
1054.png,L3,0.029143214225769,1.318331599235535,0.9376640419947506,0.06233595800524938,0.9678293261090416,0.002274044973037946,0.9850687622789784,0.014931237721021562,0.9924782264449723,0.00029825593894447033,-0.005825370164724841,0.005825370164724841,0.005825370164724841,0.012335773805777238,-0.038049376553407205,-0.0694086366028449,-0.027741942026933322,2
1057.png,L3,0.0098424553871154,0.8366796970367432,0.9557109557109557,0.044289044289044344,0.9773539928486293,0.0012433613402955208,0.9639503180854286,0.03604968191457136,0.9816443004781736,0.0014679141121782288,0.009477939931613666,0.009477939931613666,-0.009477939931613666,-0.006964985032876363,-0.05609629026961224,-0.048290192409295093,-0.024089372260044498,1
1060.png,L3,0.0065650939941406,0.6600213050842285,0.9207818930041153,0.07921810699588472,0.9587573647562935,0.0035130144268999707,0.9950825430277485,0.004917456972251544,0.9975352112676056,0.00016376663149711274,-0.0014148103732466444,0.0014148103732466444,0.0014148103732466444,-0.010242346425851163,-0.021167227562771868,-0.07942241735161491,-0.03215250181841152,1
1061.png,L3,0.0078226327896118,0.7274078130722046,0.921645445641528,0.07835455435847205,0.9592252803261978,0.002946729926689196,0.995706618962433,0.004293381037567046,0.9978486912871997,8.686983605341186e-05,0.0006587584025306015,0.0006587584025306015,-0.0006587584025306015,-0.008984807630379963,-0.022030780200184535,-0.08004649328629941,-0.03290855378912756,1
1069.png,L3,0.0038939714431762,0.5369898676872253,0.887332908975175,0.11266709102482497,0.9403035413153457,0.006990484385673995,0.9565333333333333,0.04346666666666665,0.9777838353550498,0.0006476740720768329,-0.018860165851774302,0.018860165851774302,0.018860165851774302,-0.012913468976815563,0.012281756466168386,-0.0408732076571998,-0.014707146339883861,1
1072.png,L3,0.030580997467041,1.412535309791565,0.7984972677595629,0.20150273224043713,0.8879605013292822,0.004873999107468151,0.9912629070691025,0.008737092930897528,0.9956122856003191,0.00039653114707346884,-0.000991177731540338,0.000991177731540338,0.000991177731540338,0.013773557047049235,0.10111739768178055,-0.07560278139296893,-0.032576134460117825,2
1073.png,L3,0.005161702632904,0.6331391930580139,0.8719211822660099,0.1280788177339901,0.9315789473684211,0.0065854749905987645,0.9568965517241379,0.0431034482758621,0.9779735682819384,0.001910140466296429,0.015312975485080926,0.015312975485080926,-0.015312975485080926,-0.011645737787087763,0.027693483175333516,-0.04123642604800436,-0.018254336706577237,1
1074.png,L3,0.027104914188385,1.3361934423446655,0.8634076204169662,0.13659237958303383,0.9266975308641975,0.007036768560287469,0.9782082324455206,0.021791767554479424,0.988984088127295,0.0001214254790483553,-0.006182237476337948,0.006182237476337948,0.006182237476337948,0.010297473768393236,0.036207045024377243,-0.06254810676938703,-0.027385074715320215,2
1078.png,L3,0.0043104887008666,0.5324376225471497,0.9538017324350336,0.04619826756496637,0.9763546798029556,0.0016042048557486862,1.0,0.0,1.0,0.0,0.0,0.0,-0.0,-0.012496951719125163,-0.05418706699369022,-0.08433987432386646,-0.033567312191658163,1
1084.png,L3,0.030580997467041,1.412535309791565,0.9477611940298507,0.052238805970149294,0.9731800766283525,0.0014022708808078524,0.86103781882146,0.13896218117853998,0.9253308128544423,0.003098476664392125,-0.0382492865272802,0.0382492865272802,0.0382492865272802,0.013773557047049235,-0.04814652858850729,0.05462230685467352,0.004681974335622036,2
1085.png,L3,0.0304244756698608,1.472789287567139,0.9431206764027671,0.05687932359723291,0.9707278481012658,0.0028188112196276907,0.6939805825242719,0.30601941747572814,0.8193489225126089,0.013693472985460482,-0.14493485711132525,0.14493485711132525,0.14493485711132525,0.013617035249869038,-0.043506010961423675,0.22167954315186167,0.11136754491966709,2
1089.png,L3,0.0056808590888977,0.5956631898880005,0.9694811800610377,0.030518819938962327,0.984504132231405,0.0011732202703365888,1.0,0.0,1.0,0.0,0.0,0.0,-0.0,-0.011126581331094064,-0.06986651461969426,-0.08433987432386646,-0.033567312191658163,1
1092.png,L3,0.0065337419509887,0.6723179221153259,0.9397865853658537,0.06021341463414631,0.968958742632613,0.0025257294248816286,0.9961846623426173,0.0038153376573827336,0.9980886850152905,5.9745456445900904e-05,-0.0005364454115863726,0.0005364454115863726,0.0005364454115863726,-0.010273698469003063,-0.040171919924510274,-0.08052453666648372,-0.03303086678007179,1
1093.png,L3,0.0078226327896118,0.7274078130722046,0.9386753883892068,0.06132461161079317,0.9683677773091522,0.0014785522544470636,0.9820065430752454,0.017993456924754625,0.9909215955983494,0.00035916089027022036,0.0016808343906666856,0.0016808343906666856,-0.0016808343906666856,-0.008984807630379963,-0.03906072294786342,-0.06634641739911183,-0.03188647780099148,1
1096.png,L3,0.0098424553871154,0.8366796970367432,0.8331515812431843,0.16684841875681566,0.908982748364069,0.0028420989425334063,0.7915309446254072,0.20846905537459282,0.8836363636363637,0.007232099439153178,-0.0870836173126538,0.0870836173126538,0.0870836173126538,-0.006964985032876363,0.06646308419815908,0.12412918105072636,0.05351630512099563,1
1103.png,L3,0.029143214225769,1.318331599235535,0.9906928645294726,0.009307135470527417,0.9953246753246753,0.0004968663218975277,1.0,0.0,1.0,0.0,0.0,0.0,-0.0,0.012335773805777238,-0.09107819908812917,-0.08433987432386646,-0.033567312191658163,2
1107.png,L3,0.0078226327896118,0.7274078130722046,0.9787234042553191,0.021276595744680882,0.989247311827957,0.000971849438038572,0.9702393340270552,0.0297606659729448,0.9848948980669695,0.0016260064519430367,0.009543170488397534,0.009543170488397534,-0.009543170488397534,-0.008984807630379963,-0.0791087388139757,-0.05457920835092166,-0.02402414170326063,1
1111.png,L3,0.0304244756698608,1.472789287567139,0.0,1.0,0.0,0.10666438693688828,0.0,1.0,0.0,0.11724840490430784,0.8708206686930091,0.8708206686930091,-0.8708206686930091,0.013617035249869038,0.8996146654413434,0.9156601256761335,0.8372533565013509,2
1113.png,L3,0.0078226327896118,0.7274078130722046,0.9825282631038027,0.0174717368961973,0.991187143597719,0.0007416912210711964,1.0,0.0,1.0,0.0,0.0,0.0,-0.0,-0.008984807630379963,-0.08291359766245929,-0.08433987432386646,-0.033567312191658163,1
1114.png,L3,0.007185935974121,0.6937265396118164,0.9762510602205259,0.02374893977947412,0.9879828326180258,0.0009774621610457227,1.0,0.0,1.0,0.0,0.0,0.0,-0.0,-0.009621504445870763,-0.07663639477918247,-0.08433987432386646,-0.033567312191658163,1
1118.png,L3,0.0254461765289306,1.321725606918335,0.8969539857420609,0.10304601425793913,0.9456781687734882,0.00482361310607541,0.9982810485603781,0.001718951439621863,0.9991397849462366,1.7411211682894195e-05,0.00014357995154701264,0.00014357995154701264,-0.00014357995154701264,0.008638736108938838,0.0026606796992825477,-0.0826209228842446,-0.03342373224011115,2
1120.png,L3,0.0304244756698608,1.472789287567139,0.8826554464703132,0.11734455352968676,0.9376707226222994,0.0075881537406144416,0.9927463731865933,0.007253626813406688,0.9963599849378687,0.00020269065465452352,-0.0018878725178816946,0.0018878725178816946,0.0018878725178816946,0.013617035249869038,0.01695921897103017,-0.07708624751045977,-0.03167943967377647,2
1123.png,L3,0.0078226327896118,0.7274078130722046,0.958930276981853,0.04106972301814704,0.9790346172598733,0.0005378916885560133,0.9972794403420132,0.0027205596579867874,0.9986378672893559,3.9572984887594324e-05,-0.00045368370895304544,0.00045368370895304544,0.00045368370895304544,-0.008984807630379963,-0.059315611540509544,-0.08161931466587967,-0.03311362848270512,1
1124.png,L3,0.029143214225769,1.318331599235535,0.6479638009049774,0.3520361990950226,0.786381109280615,0.01181894809721823,0.00026624068157614486,0.9997337593184239,0.0005323396326856535,0.04600183537691925,-0.8248372303297863,0.8248372303297863,0.8248372303297863,0.012335773805777238,0.251650864536366,0.9153938849945574,0.7912699181381281,2
1125.png,L3,0.0304244756698608,1.472789287567139,0.8706800445930881,0.12931995540691188,0.930870083432658,0.004366200013067329,0.9574098218166015,0.0425901781833985,0.9782415630550622,0.0010111164859693685,-0.008605821135215908,0.008605821135215908,0.008605821135215908,0.013617035249869038,0.028934620848255294,-0.04174969614046796,-0.024961491056442256,2
1126.png,L3,0.0065337419509887,0.6723179221153259,0.9609958506224067,0.03900414937759333,0.9801100296233601,0.0008616025904800244,0.9902837155071901,0.009716284492809923,0.9951181409880883,0.0003787837107704581,0.004695895847178222,0.004695895847178222,-0.004695895847178222,-0.010273698469003063,-0.06138118518106325,-0.07462358983105653,-0.02887141634447994,1
1130.png,L3,0.0043104887008666,0.5324376225471497,0.9694749694749695,0.030525030525030528,0.9845009299442034,0.0011899191266385464,0.999054820415879,0.000945179584120992,0.9995271867612293,3.531893857041466e-05,0.00010719599382602585,0.00010719599382602585,-0.00010719599382602585,-0.012496951719125163,-0.06986030403362606,-0.08339469473974546,-0.03346011619783214,1
1134.png,L3,0.029143214225769,1.318331599235535,0.9585326953748007,0.04146730462519932,0.9788273615635179,0.0007445470149242201,0.9854889589905362,0.014511041009463765,0.9926914521766762,0.00037653753769556296,0.003848813193381928,0.003848813193381928,-0.003848813193381928,0.012335773805777238,-0.05891802993345727,-0.06982883331440269,-0.029718498998276235,2
1137.png,L3,0.007185935974121,0.6937265396118164,0.9870503597122302,0.012949640287769792,0.9934829833454019,0.0007013389634547223,1.0,0.0,1.0,0.0,0.0,0.0,-0.0,-0.009621504445870763,-0.0874356942708868,-0.08433987432386646,-0.033567312191658163,1
1138.png,L3,0.0078226327896118,0.7274078130722046,0.8894348894348895,0.11056511056511054,0.94148244473342,0.0038393416642659318,0.5679914070891514,0.4320085929108486,0.724482805863817,0.01991278885443515,-0.01867630614041621,0.01867630614041621,0.01867630614041621,-0.008984807630379963,0.01017977600645395,0.3476687185869821,-0.014891006051241953,1
1140.png,L3,0.0038939714431762,0.5369898676872253,0.9416342412451362,0.05836575875486383,0.969939879759519,0.003132105083131188,0.9227016885553471,0.07729831144465293,0.9597970335675253,0.003737920227159661,-0.01715460689633541,0.01715460689633541,0.01715460689633541,-0.012913468976815563,-0.04201957580379276,-0.007041562879213523,-0.016412705295322752,1
1144.png,L3,0.0038939714431762,0.5369898676872253,0.9899441340782122,0.010055865921787754,0.9949466591802358,0.0003640190880589273,1.0,0.0,1.0,0.0,0.0,0.0,-0.0,-0.012913468976815563,-0.09032946863686883,-0.08433987432386646,-0.033567312191658163,1
1146.png,L3,0.007185935974121,0.6937265396118164,0.9858156028368794,0.014184397163120588,0.9928571428571429,0.00013778418032271193,1.0,0.0,1.0,0.0,0.0,0.0,-0.0,-0.009621504445870763,-0.086200937395536,-0.08433987432386646,-0.033567312191658163,1
1148.png,L3,0.029143214225769,1.318331599235535,0.934593023255814,0.06540697674418605,0.966190833959429,0.0017240382591261329,0.9894268224819143,0.01057317751808573,0.9946853146853147,0.00035600271894276677,-0.003472293124949122,0.003472293124949122,0.003472293124949122,0.012335773805777238,-0.034978357814470534,-0.07376669680578073,-0.03009501906670904,2
1149.png,L3,0.029143214225769,1.318331599235535,0.8832199546485261,0.1167800453514739,0.937989163154726,0.005180734324742659,0.9992771955186122,0.0007228044813878398,0.9996384671005062,1.2663944880501604e-05,0.00031203656447531536,0.00031203656447531536,-0.00031203656447531536,0.012335773805777238,0.01639471079281732,-0.08361706984247862,-0.03325527562718285,2
1150.png,L3,0.0091695189476013,0.8042911887168884,0.8893178893178894,0.11068211068211065,0.94141689373297,0.003945914357198371,0.9462160875773441,0.0537839124226559,0.9723648813890927,0.0025581920323865847,-0.01915928021767077,0.01915928021767077,0.01915928021767077,-0.007637921472390464,0.01029677612345406,-0.030555961901210557,-0.014408031973987392,1
1156.png,L3,0.0304244756698608,1.472789287567139,0.8031189083820662,0.19688109161793377,0.8908108108108108,0.005861293296757491,0.9113740141137402,0.0886259858862598,0.953632316212401,0.005567055429572271,-0.03605685145490434,0.03605685145490434,0.03605685145490434,0.013617035249869038,0.09649575705927718,0.004286111562393349,0.002489539263246174,2
1160.png,L3,0.030580997467041,1.412535309791565,0.859286083807553,0.140713916192447,0.9243183082915971,0.00713170172465952,0.9988230678697528,0.0011769321302471658,0.9994111874386653,3.129619785117534e-05,0.00017169849559295347,0.00017169849559295347,-0.00017169849559295347,0.013773557047049235,0.04032858163379041,-0.08316294219361929,-0.03339561369606521,2
1163.png,L3,0.0065337419509887,0.6723179221153259,0.9885550786838341,0.011444921316165924,0.9942446043165467,0.00042060164003528496,1.0,0.0,1.0,0.0,0.0,0.0,-0.0,-0.010273698469003063,-0.08894041324249066,-0.08433987432386646,-0.033567312191658163,1
1165.png,L3,0.0066722631454467,0.6536849737167358,0.9332333083270817,0.06676669167291827,0.9654637175009702,0.0037925612355433156,0.9879679144385026,0.012032085561497374,0.9939475453934096,0.00011708646386493592,0.0030182837981552746,0.0030182837981552746,-0.0030182837981552746,-0.010135177274545062,-0.03361864288573832,-0.07230778876236908,-0.03054902839350289,1
1169.png,L3,0.0078226327896118,0.7274078130722046,0.9315789473684211,0.06842105263157894,0.9645776566757494,0.0008971360505741072,0.9875072632190587,0.012492736780941316,0.9937143692442625,0.0005393114983231439,0.002615107052669985,0.002615107052669985,-0.002615107052669985,-0.008984807630379963,-0.03196428192707765,-0.07184713754292514,-0.03095220513898818,1
1170.png,L3,0.0322299003601074,1.4263993501663208,0.8863109048723898,0.11368909512761016,0.939729397293973,0.0019382398595641317,0.9546204620462047,0.045379537953795346,0.9767834529337273,0.0010136811619776073,0.02000073056897278,0.02000073056897278,-0.02000073056897278,0.015422459940115638,0.013303760568953577,-0.03896033637007111,-0.013566581622685384,2
1177.png,L3,0.030580997467041,1.412535309791565,0.9051724137931034,0.09482758620689657,0.9502262443438914,0.003487183044814215,0.9974380871050385,0.002561912894961549,0.9987174005985464,2.942793324349968e-05,0.00035226933806442595,0.00035226933806442595,-0.00035226933806442595,0.013773557047049235,-0.005557748351760011,-0.08177796142890491,-0.03321504285359374,2
1178.png,L3,0.030580997467041,1.412535309791565,0.8489042675893888,0.15109573241061125,0.9182782283218964,0.0017717112606422459,0.13575468889550463,0.8642453111044954,0.23905635648754914,0.03576451366183738,-0.74047163315456,0.74047163315456,0.74047163315456,0.013773557047049235,0.050710397851954664,0.779905436780629,0.7069043209629018,2
1179.png,L3,0.0078226327896118,0.7274078130722046,0.9117647058823529,0.08823529411764708,0.9538461538461539,0.0034338548450367564,0.8671711899791231,0.13282881002087688,0.9288609364081062,0.00046693782539341844,0.0,0.0,-0.0,-0.008984807630379963,-0.012150040441009508,0.04848893569701042,-0.033567312191658163,1
1189.png,L3,0.0254461765289306,1.321725606918335,0.9857142857142858,0.014285714285714235,0.9928057553956835,0.000400267151563851,1.0,0.0,1.0,0.0,0.0,0.0,-0.0,0.008638736108938838,-0.08609962027294235,-0.08433987432386646,-0.033567312191658163,2
1192.png,L3,0.0127969980239868,0.984853744506836,0.8754633061527057,0.12453669384729427,0.9335968379446641,0.006775714122670708,0.9881877525645011,0.011812247435498913,0.9940587867417136,0.0002411834501659544,-0.004274290685224891,0.004274290685224891,0.004274290685224891,-0.004010442396004963,0.02415135928863768,-0.07252762688836754,-0.029293021506433273,2
1211.png,L3,0.0043104887008666,0.5324376225471497,0.9622942113648434,0.03770578863515661,0.9807848443843031,0.0017524253289728172,0.9965008747813047,0.0034991252186953314,0.9982473710565849,4.2129171710536594e-05,-0.0003451438843049548,0.0003451438843049548,0.0003451438843049548,-0.012496951719125163,-0.06267954592349997,-0.08084074910517113,-0.03322216830735321,1
1223.png,L3,0.029143214225769,1.318331599235535,0.757396449704142,0.242603550295858,0.8619528619528619,0.006677819281578294,0.9800646551724138,0.019935344827586188,0.9899319727891156,0.00019042926880782047,-0.0030150952463507963,0.0030150952463507963,0.0030150952463507963,0.012335773805777238,0.14221821573720142,-0.06440452949628027,-0.030552216945307367,2
1225.png,L3,0.027104914188385,1.3361934423446655,0.9848484848484849,0.015151515151515138,0.9923664122137404,0.0004386830011621593,1.0,0.0,1.0,0.0,0.0,0.0,-0.0,0.010297473768393236,-0.08523381940714145,-0.08433987432386646,-0.033567312191658163,2
1239.png,L3,0.0322299003601074,1.4263993501663208,0.944775311315647,0.05522468868435304,0.9716035634743875,0.003770691116675549,0.9813203684749232,0.01867963152507679,0.9905721296655043,0.0015232582364872742,0.006769789545510774,0.006769789545510774,-0.006769789545510774,0.015422459940115638,-0.045160645874303545,-0.06566024279878967,-0.02679752264614739,2
1241.png,L3,0.0304244756698608,1.472789287567139,0.0,1.0,0.0,0.42805816046237544,0.0,1.0,0.0,0.39170076180943975,-0.4959785522788204,0.4959785522788204,0.4959785522788204,0.013617035249869038,0.8996146654413434,0.9156601256761335,0.4624112400871622,2
1243.png,L3,0.0078226327896118,0.7274078130722046,0.9285714285714286,0.0714285714285714,0.9629629629629629,0.000212640000957804,0.9354460093896714,0.06455399061032863,0.9666464523953912,0.0019350735639171658,0.03343087681497636,0.03343087681497636,-0.03343087681497636,-0.008984807630379963,-0.02895676313008519,-0.01978588371353783,-0.00013643537668180106,1
1246.png,L3,0.0127969980239868,0.984853744506836,0.9845890410958904,0.015410958904109595,0.9922346850733391,0.0002690781823234971,1.0,0.0,1.0,0.0,0.0,0.0,-0.0,-0.004010442396004963,-0.08497437565454699,-0.08433987432386646,-0.033567312191658163,2
1247.png,L3,0.0254461765289306,1.321725606918335,0.9772535804549284,0.022746419545071617,0.9884959522795057,0.000994872148983146,1.0,0.0,1.0,0.0,0.0,0.0,-0.0,0.008638736108938838,-0.07763891501358497,-0.08433987432386646,-0.033567312191658163,2
1248.png,L3,0.005161702632904,0.6331391930580139,0.9747327502429544,0.02526724975704564,0.9872047244094488,0.0013304035742422006,0.9993748046264458,0.0006251953735542104,0.9996873045653534,2.645483425721386e-05,-0.00031043931148355686,0.00031043931148355686,0.00031043931148355686,-0.011645737787087763,-0.07511808480161095,-0.08371467895031225,-0.03325687288017461,1
1249.png,L3,0.0065337419509887,0.6723179221153259,0.9770992366412213,0.022900763358778664,0.9884169884169884,0.001028951358285219,1.0,0.0,1.0,0.0,0.0,0.0,-0.0,-0.010273698469003063,-0.07748457119987792,-0.08433987432386646,-0.033567312191658163,1
1250.png,L3,0.0091695189476013,0.8042911887168884,0.9915824915824916,0.008417508417508435,0.9957734573119188,0.0002561479629438669,1.0,0.0,1.0,0.0,0.0,0.0,-0.0,-0.007637921472390464,-0.09196782614114815,-0.08433987432386646,-0.033567312191658163,1
1251.png,L3,0.0056808590888977,0.5956631898880005,1.0,0.0,1.0,0.0,1.0,0.0,1.0,0.0,0.0,0.0,-0.0,-0.011126581331094064,-0.10038533455865659,-0.08433987432386646,-0.033567312191658163,1
1252.png,L3,0.0038939714431762,0.5369898676872253,0.9982608695652174,0.0017391304347825765,0.999129677980853,6.52796035707058e-05,1.0,0.0,1.0,0.0,0.0,0.0,-0.0,-0.012913468976815563,-0.09864620412387401,-0.08433987432386646,-0.033567312191658163,1
1253.png,L3,0.0043104887008666,0.5324376225471497,0.9917355371900827,0.008264462809917328,0.995850622406639,0.00031800827789876666,1.0,0.0,1.0,0.0,0.0,0.0,-0.0,-0.012496951719125163,-0.09212087174873926,-0.08433987432386646,-0.033567312191658163,1
1254.png,L3,0.0254461765289306,1.321725606918335,0.8442857142857143,0.1557142857142857,0.9155693261037955,0.0001246642824200289,0.9663760896637609,0.03362391033623913,0.9829005699810006,0.0005425590247986648,-0.011640211640211784,0.011640211640211784,0.011640211640211784,0.008638736108938838,0.05532895115562911,-0.05071596398762733,-0.02192710055144638,2
1267.png,L3,0.029143214225769,1.318331599235535,0.9358490566037736,0.0641509433962264,0.9668615984405458,0.002901818019870479,0.9978378378378379,0.00216216216216214,0.9989177489177489,5.436513085368803e-05,0.0,0.0,-0.0,0.012335773805777238,-0.036234391162430185,-0.08217771216170432,-0.033567312191658163,2
1273.png,L3,0.0065337419509887,0.6723179221153259,0.7293233082706767,0.2706766917293233,0.8434782608695652,0.0005156613439505496,0.9315883402736467,0.06841165972635332,0.9645826917154297,0.0006105125437469095,0.0005188273158549528,0.0005188273158549528,-0.0005188273158549528,-0.010273698469003063,0.1702913571706667,-0.015928214597513132,-0.03304848487580321,1
1279.png,L3,0.0322299003601074,1.4263993501663208,0.9158607350096711,0.08413926499032887,0.956082786471479,0.0016998489373241516,0.9327420546932742,0.0672579453067258,0.9652007648183556,0.0031117942891179537,-0.03137201083101515,0.03137201083101515,0.03137201083101515,0.015422459940115638,-0.01624606956832772,-0.01708192901714066,-0.002195301360643012,2
1280.png,L3,0.0091695189476013,0.8042911887168884,0.8361462728551337,0.16385372714486635,0.9107621600919188,0.004019664712103498,0.9265071770334928,0.07349282296650717,0.9618517782634611,0.003415822341991969,-0.024252181805558326,0.024252181805558326,0.024252181805558326,-0.007637921472390464,0.06346839258620976,-0.010847051357359291,-0.009315130386099837,1
1281.png,L3,0.0043104887008666,0.5324376225471497,0.9683823529411765,0.03161764705882353,0.9839372431826672,0.0007604690595684499,0.9949622166246851,0.005037783375314908,0.9974747474747475,2.4609039948451256e-05,0.0024522133273182645,0.0024522133273182645,-0.0024522133273182645,-0.012496951719125163,-0.06876768749983306,-0.07930209094855155,-0.0311150988643399,1
1282.png,L3,0.0065650939941406,0.6600213050842285,0.9484536082474226,0.05154639175257736,0.9735449735449735,0.0016618666021445147,0.9811735174144964,0.018826482585503568,0.9904973075704783,0.0002913075933151777,0.00911933778325602,0.00911933778325602,-0.00911933778325602,-0.010242346425851163,-0.04883894280607923,-0.06551339173836289,-0.024447974408402143,1
1283.png,L3,0.030580997467041,1.412535309791565,0.9194499017681729,0.08055009823182713,0.9580348004094166,0.0044488554442141835,0.9904009034443817,0.009599096555618303,0.995177304964539,4.296160892736602e-05,-0.0036274270604600423,0.0036274270604600423,0.0036274270604600423,0.013773557047049235,-0.01983523632682946,-0.07474077776824815,-0.02993988513119812,2
1293.png,L3,0.0289391279220581,1.4154561758041382,0.9518599562363238,0.0481400437636762,0.9753363228699552,0.0013211134984738766,0.9949715051961113,0.005028494803888672,0.997479415224332,0.000104020776025346,-0.0018647496095063332,0.0018647496095063332,0.0018647496095063332,0.012131687502066335,-0.05224529079498039,-0.07931137951997778,-0.03170256258215183,2
1309.png,L3,0.0304244756698608,1.472789287567139,0.9185959671396564,0.08140403286034359,0.9575710393149085,0.003764433460385745,0.9986885245901639,0.0013114754098361159,0.9993438320209974,1.2951441850880635e-05,0.0006426668953328774,0.0006426668953328774,-0.0006426668953328774,0.013617035249869038,-0.018981301698312997,-0.08302839891403034,-0.032924645296325286,2
1326.png,L3,0.0038939714431762,0.5369898676872253,0.9951690821256038,0.004830917874396157,0.9975786924939467,0.0001754211859010566,1.0,0.0,1.0,0.0,0.0,0.0,-0.0,-0.012913468976815563,-0.09555441668426043,-0.08433987432386646,-0.033567312191658163,1
1331.png,L3,0.007185935974121,0.6937265396118164,0.8444444444444444,0.15555555555555556,0.9156626506024096,0.003292988914018482,0.8117897727272727,0.1882102272727273,0.8961191689533516,0.0056989438045519725,-0.0835237028814616,0.0835237028814616,0.0835237028814616,-0.009621504445870763,0.05517022099689897,0.10387035294886084,0.04995639068980344,1
1333.png,L3,0.0043104887008666,0.5324376225471497,0.9910846953937593,0.008915304606240682,0.9955223880597015,0.0003790105962133856,0.9976798143851509,0.002320185614849146,0.9988385598141696,5.628650084316812e-05,-0.0005042331676942124,0.0005042331676942124,0.0005042331676942124,-0.012496951719125163,-0.0914700299524159,-0.08201968870901731,-0.03306307902396395,1
1334.png,L3,0.0065650939941406,0.6600213050842285,0.9965986394557823,0.003401360544217691,0.9982964224872232,0.00018122356961509632,1.0,0.0,1.0,0.0,0.0,0.0,-0.0,-0.010242346425851163,-0.0969839740144389,-0.08433987432386646,-0.033567312191658163,1
1341.png,L3,0.005161702632904,0.6331391930580139,0.9387576552930884,0.06124234470691159,0.9684115523465704,0.0028265002773531795,0.9985246385364415,0.0014753614635585333,0.9992617746936365,3.944668078255098e-05,-0.00014098142742424713,0.00014098142742424713,0.00014098142742424713,-0.011645737787087763,-0.039142989851745,-0.08286451286030792,-0.033426330764233916,1
1345.png,L3,0.0056808590888977,0.5956631898880005,0.9925847457627118,0.007415254237288171,0.9962785752259437,0.00028023509244859727,1.0,0.0,1.0,0.0,0.0,0.0,-0.0,-0.011126581331094064,-0.09297008032136841,-0.08433987432386646,-0.033567312191658163,1
1346.png,L3,0.0091695189476013,0.8042911887168884,0.9230769230769231,0.07692307692307687,0.96,0.0016212972736493036,0.9969278033794163,0.003072196620583667,0.9984615384615385,2.8540807572767344e-05,-0.000640901233509239,0.000640901233509239,0.000640901233509239,-0.007637921472390464,-0.023462257635579714,-0.08126767770328279,-0.032926410958148924,1
1353.png,L3,0.0127969980239868,0.984853744506836,0.9728643216080402,0.02713567839195985,0.9862455425369333,0.0012935504102278355,1.0,0.0,1.0,0.0,0.0,0.0,-0.0,-0.004010442396004963,-0.07324965616669674,-0.08433987432386646,-0.033567312191658163,2
1355.png,L3,0.0056808590888977,0.5956631898880005,0.9822353811991118,0.0177646188008882,0.9910380881254668,0.0006489082835956491,1.0,0.0,1.0,0.0,0.0,0.0,-0.0,-0.011126581331094064,-0.08262071575776839,-0.08433987432386646,-0.033567312191658163,1
1361.png,L3,0.0289391279220581,1.4154561758041382,0.51742993848257,0.48257006151743,0.681981981981982,0.03484186220674005,0.46045454545454545,0.5395454545454546,0.6305633364456894,0.02815026328784583,-0.1166102770565951,0.1166102770565951,0.1166102770565951,0.012131687502066335,0.38218472695877337,0.4552055802215881,0.08304296486493694,2
1364.png,L3,0.0056808590888977,0.5956631898880005,0.9966996699669967,0.0033003300330033403,0.9983471074380166,0.0001355781489895288,0.9912587412587412,0.00874125874125875,0.9956101843722563,0.0001663702415507547,0.0020349501518782676,0.0020349501518782676,-0.0020349501518782676,-0.011126581331094064,-0.09708500452565325,-0.0755986155826077,-0.031532362039779896,1
1365.png,L3,0.030580997467041,1.412535309791565,0.8567193675889329,0.14328063241106714,0.9228312932410857,0.006310044434136099,0.9949676491732566,0.005032350826743359,0.9974774774774775,0.00013187266055819552,-0.0006366580292445079,0.0006366580292445079,0.0006366580292445079,0.013773557047049235,0.04289529785241056,-0.0793075234971231,-0.032930654162413656,2
1367.png,L3,0.0065337419509887,0.6723179221153259,0.976878612716763,0.023121387283236983,0.9883040935672515,0.0008522627613679412,0.9995872884853487,0.0004127115146512761,0.9997936016511868,1.5302616453001374e-05,0.00020533478966400232,0.00020533478966400232,-0.00020533478966400232,-0.010273698469003063,-0.0772639472754196,-0.08392716280921518,-0.03336197740199416,1
1368.png,L3,0.030580997467041,1.412535309791565,0.8148148148148148,0.18518518518518523,0.8979591836734694,0.00016632908272011876,0.9801434087148373,0.019856591285162706,0.9899721448467966,0.0005604037254205028,-0.009559829373784745,0.009559829373784745,0.009559829373784745,0.013773557047049235,0.08479985062652864,-0.06448328303870375,-0.02400748281787342,2
1370.png,L3,0.007185935974121,0.6937265396118164,0.9915966386554622,0.008403361344537785,0.9957805907172996,5.709353035189688e-05,1.0,0.0,1.0,0.0,0.0,0.0,-0.0,-0.009621504445870763,-0.0919819732141188,-0.08433987432386646,-0.033567312191658163,1
1371.png,L3,0.005161702632904,0.6331391930580139,1.0,0.0,1.0,0.0,1.0,0.0,1.0,0.0,0.0,0.0,-0.0,-0.011645737787087763,-0.10038533455865659,-0.08433987432386646,-0.033567312191658163,1
1372.png,L3,0.005161702632904,0.6331391930580139,0.9281767955801105,0.07182320441988954,0.9627507163323782,0.002862600290002942,0.9994493392070485,0.0005506607929515184,0.9997245937758193,2.07471669604292e-05,0.0002703706071374157,0.0002703706071374157,-0.0002703706071374157,-0.011645737787087763,-0.028562130138767045,-0.08378921353091494,-0.03329694158452075,1
1373.png,L3,0.029143214225769,1.318331599235535,0.9104477611940298,0.08955223880597019,0.953125,0.003314833370637655,0.9473106476399561,0.052689352360043906,0.9729425028184893,0.0017588260630166611,0.01554319186190678,0.01554319186190678,-0.01554319186190678,0.012335773805777238,-0.0108330957526864,-0.03165052196382255,-0.018024120329751384,2
1378.png,L3,0.0043104887008666,0.5324376225471497,0.9503968253968254,0.04960317460317465,0.9745676500508647,0.0019197696855535597,1.0,0.0,1.0,0.0,0.0,0.0,-0.0,-0.012496951719125163,-0.05078215995548194,-0.08433987432386646,-0.033567312191658163,1
1380.png,L3,0.027104914188385,1.3361934423446655,0.910958904109589,0.08904109589041098,0.953405017921147,0.0039181932178425,0.9021803182086034,0.09781968179139655,0.9485749690210656,0.00048589921143610623,0.0005202732122496778,0.0005202732122496778,-0.0005202732122496778,0.010297473768393236,-0.011344238668245604,0.013479807467530094,-0.033047038979408486,2
1381.png,L3,0.0304244756698608,1.472789287567139,0.8993288590604027,0.10067114093959728,0.9469964664310954,0.003938039619086326,0.9140911471974856,0.08590885280251437,0.9551176792556103,0.0016870315632134068,-0.03881655233006576,0.03881655233006576,0.03881655233006576,0.013617035249869038,0.0002858063809406952,0.0015689784786479116,0.005249240138407593,2
1384.png,L3,0.0289391279220581,1.4154561758041382,0.8282097649186256,0.17179023508137437,0.9060336300692384,0.003718756211090017,0.8621231155778895,0.13787688442211055,0.9259571597233935,0.005507511217970102,-0.02711469783303644,0.02711469783303644,0.02711469783303644,0.012131687502066335,0.07140490052271778,0.05353701009824409,-0.006452614358621725,2
1387.png,L3,0.005161702632904,0.6331391930580139,0.9633663366336633,0.036633663366336666,0.9813414019162885,0.0004460955356212866,1.0,0.0,1.0,0.0,0.0,0.0,-0.0,-0.011645737787087763,-0.06375167119231992,-0.08433987432386646,-0.033567312191658163,1
1388.png,L3,0.027104914188385,1.3361934423446655,0.8799355358581789,0.12006446414182115,0.9361337333904843,0.0033855450895658953,0.9802345058626466,0.0197654941373534,0.9900186093723566,0.0005993707222317099,-0.002815121099482676,0.002815121099482676,0.002815121099482676,0.010297473768393236,0.019679129583164562,-0.06457438018651306,-0.030752191092175488,2
1397.png,L3,0.0098424553871154,0.8366796970367432,0.8045325779036827,0.1954674220963173,0.8916797488226059,0.009599432115206832,0.9217043941411451,0.07829560585885487,0.9592572062084257,0.003282889390248737,0.04019949542992818,0.04019949542992818,-0.04019949542992818,-0.006964985032876363,0.0950820875376607,-0.00604426846501159,0.006632183238270015,1
1398.png,L3,0.0056808590888977,0.5956631898880005,0.9695740365111561,0.030425963488843855,0.984552008238929,0.0010091879547098372,0.9951234379762267,0.00487656202377329,0.9975557592422853,0.00011145416366931627,0.001474410941290194,0.001474410941290194,-0.001474410941290194,-0.011126581331094064,-0.06995937106981273,-0.07946331230009317,-0.03209290125036797,1
1399.png,L3,0.0038939714431762,0.5369898676872253,0.961576354679803,0.03842364532019704,0.9804118533400301,0.0011977817495161598,0.9897235135796427,0.010276486420357278,0.9948352188883424,0.0002478728588526712,0.001480521227431364,0.001480521227431364,-0.001480521227431364,-0.012913468976815563,-0.061961689238459544,-0.07406338790350918,-0.0320867909642268,1
1401.png,L3,0.0304244756698608,1.472789287567139,0.0,1.0,0.0,0.18328370033622132,0.0,1.0,0.0,0.23270926596951494,-0.5040938260677141,0.5040938260677141,0.5040938260677141,0.013617035249869038,0.8996146654413434,0.9156601256761335,0.470526513876056,2
1402.png,L3,0.027104914188385,1.3361934423446655,0.8608475648323846,0.13915243516761544,0.9252209381373215,0.003303494318051092,0.9507778317938745,0.04922216820612546,0.9747679272319482,0.002410038155702593,0.013141376339049993,0.013141376339049993,-0.013141376339049993,0.010297473768393236,0.038767100608958854,-0.035117706117740996,-0.02042593585260817,2
1406.png,L3,0.0304244756698608,1.472789287567139,0.9202797202797203,0.07972027972027973,0.9584850691915513,0.0014425522082122087,0.9608504893688828,0.03914951063111716,0.9800344234079174,0.001306401357385993,0.001769959107283614,0.001769959107283614,-0.001769959107283614,0.013617035249869038,-0.020665054838376856,-0.0451903636927493,-0.03179735308437455,2
1407.png,L3,0.007185935974121,0.6937265396118164,0.9052213393870602,0.09477866061293982,0.9502532022639262,0.005663419997313701,0.8088524590163935,0.19114754098360653,0.894326626789922,0.007792484882575551,-0.07004605697772442,0.07004605697772442,0.07004605697772442,-0.009621504445870763,-0.005606673945716761,0.10680766665974008,0.03647874478606626,1
1410.png,L3,0.0304244756698608,1.472789287567139,0.8866474543707973,0.11335254562920272,0.939918533604888,0.004265271317791198,0.998179335457442,0.001820664542558026,0.9990888382687927,6.622032047489254e-05,0.000420554766592085,0.000420554766592085,-0.000420554766592085,0.013617035249869038,0.01296721107054613,-0.08251920978130843,-0.03314675742506608,2
1411.png,L3,0.0167821049690246,1.014318346977234,0.958628841607565,0.04137115839243499,0.9788774894387448,0.001110145065978261,0.9866615853658537,0.013338414634146312,0.993286015729906,0.00020414843647073696,-0.0038334676336287954,0.0038334676336287954,0.0038334676336287954,-2.5335450967164247e-05,-0.059014176166221594,-0.07100145968972014,-0.029733844558029368,2
1425.png,L3,0.0304244756698608,1.472789287567139,0.9502369668246445,0.049763033175355464,0.9744835965978129,6.029929897462444e-05,0.9937256598874946,0.006274340112505383,0.9968529571351058,0.00012426307161495992,0.0017589359519775138,0.0017589359519775138,-0.0017589359519775138,0.013617035249869038,-0.05062230138330112,-0.07806553421136107,-0.03180837623968065,2
1426.png,L3,0.030580997467041,1.412535309791565,0.904862579281184,0.09513742071881603,0.9500554938956715,0.004102277365281818,0.9995511669658886,0.0004488330341113622,0.9997755331088665,1.613037562185058e-05,-0.00021978692410751233,0.00021978692410751233,0.00021978692410751233,0.013773557047049235,-0.005247913839840551,-0.0838910412897551,-0.03334752526755065,2
1435.png,L3,0.005161702632904,0.6331391930580139,0.937703141928494,0.06229685807150598,0.9678501537601342,0.0028488139924952097,0.9913174152613125,0.008682584738687549,0.9956397786349153,0.0005503313628765874,0.0006020599133914617,0.0006020599133914617,-0.0006020599133914617,-0.011645737787087763,-0.03808847648715061,-0.07565728958517891,-0.0329652522782667,1
1436.png,L3,0.0065337419509887,0.6723179221153259,0.9528643944887599,0.047135605511240075,0.9758633494244338,0.0013917463992894484,0.999208391054819,0.0007916089451810437,0.9996040388041972,2.8500553627815316e-05,0.0003869463643970672,0.0003869463643970672,-0.0003869463643970672,-0.010273698469003063,-0.05324972904741651,-0.08354826537868541,-0.033180365827261096,1
1437.png,L3,0.0066722631454467,0.6536849737167358,0.9221698113207547,0.0778301886792453,0.9595092024539877,0.0009569667333724147,0.9984904032779814,0.001509596722018558,0.999244631488076,7.030652622804771e-05,0.0007435851897216184,0.0007435851897216184,-0.0007435851897216184,-0.010135177274545062,-0.022555145879411292,-0.0828302776018479,-0.032823727001936545,1
1442.png,L3,0.0289391279220581,1.4154561758041382,0.7961107837360047,0.20388921626399525,0.886482939632546,0.010963493476393731,0.9066380133715377,0.09336198662846229,0.9510331872260488,0.003283533097329311,0.004953746938214931,0.004953746938214931,-0.004953746938214931,0.012131687502066335,0.10350388170533867,0.009022112304595833,-0.028613565253443232,2
1457.png,L3,0.029143214225769,1.318331599235535,0.9619047619047619,0.03809523809523807,0.9805825242718447,0.0011490305415513733,0.9821627647714605,0.017837235228539527,0.9910011248593926,0.00048551116497579176,0.004764213961433228,0.004764213961433228,-0.004764213961433228,0.012335773805777238,-0.062290096463418515,-0.06650263909532693,-0.028803098230224936,2
1458.png,L3,0.0038939714431762,0.5369898676872253,0.9552337063857801,0.04476629361421991,0.9771043771043771,0.0022872642062672275,0.8485113835376532,0.1514886164623468,0.9180483183325439,0.005532138393780501,-0.06617954975658957,0.06617954975658957,0.06617954975658957,-0.012913468976815563,-0.055619040944436676,0.06714874213848034,0.03261223756493141,1
1459.png,L3,0.0043104887008666,0.5324376225471497,0.9832848837209303,0.01671511627906974,0.991572004397215,0.0009159169397576115,1.0,0.0,1.0,0.0,0.0,0.0,-0.0,-0.012496951719125163,-0.08367021827958684,-0.08433987432386646,-0.033567312191658163,1
1461.png,L3,0.0304244756698608,1.472789287567139,0.8667466986794717,0.13325330132052826,0.9286173633440514,0.00847931272963761,0.9866803278688525,0.013319672131147486,0.9932955131511089,0.00047864359142597515,-0.00486957081357231,0.00486957081357231,0.00486957081357231,0.013617035249869038,0.032867966761871675,-0.07102020219271897,-0.028697741378085853,2
1464.png,L3,0.027104914188385,1.3361934423446655,0.8605798889574336,0.13942011104256635,0.9250663129973474,0.007513423436770172,0.9075723830734966,0.09242761692650336,0.9515469935785172,0.0038511819281517473,-0.03615664613130709,0.03615664613130709,0.03615664613130709,0.010297473768393236,0.03903477648390977,0.008087742602636908,0.0025893339396489273,2
1465.png,L3,0.0127969980239868,0.984853744506836,0.9748633879781421,0.025136612021857907,0.9872717210846708,0.0011733097048082317,0.9980411361410382,0.0019588638589618235,0.9990196078431373,3.7806870213752325e-05,0.000452192829688447,0.000452192829688447,-0.000452192829688447,-0.004010442396004963,-0.07524872253679868,-0.08238101046490463,-0.033115119361969717,2
1466.png,L3,0.029143214225769,1.318331599235535,0.8170365926814637,0.18296340731853633,0.8993067018818092,0.007746209848804732,0.9024852569502949,0.09751474304970509,0.9487434960699657,0.006384410851565427,0.04896807468229314,0.04896807468229314,-0.04896807468229314,0.012335773805777238,0.08257807275987974,0.013174868725838632,0.015400762490634975,2
1472.png,L3,0.0098424553871154,0.8366796970367432,0.9519704433497537,0.04802955665024633,0.9753943217665615,0.0004884509989246895,1.0,0.0,1.0,0.0,0.0,0.0,-0.0,-0.006964985032876363,-0.052355777908410256,-0.08433987432386646,-0.033567312191658163,1
1477.png,L3,0.0304244756698608,1.472789287567139,0.8091378039793663,0.1908621960206337,0.8945010183299389,0.011095303710193797,0.9965942954448701,0.003405704555129896,0.9982942430703625,0.0001679733158157396,0.0,0.0,-0.0,0.013617035249869038,0.09047686146197711,-0.08093416976873656,-0.033567312191658163,2
1480.png,L3,0.007185935974121,0.6937265396118164,0.9305993690851735,0.06940063091482651,0.9640522875816994,0.0017214232298757809,0.9980491611392899,0.0019508388607101246,0.9990236281976177,0.00014827120602322984,0.0008889461200867199,0.0008889461200867199,-0.0008889461200867199,-0.009621504445870763,-0.030984703643830075,-0.08238903546315633,-0.032678366071571444,1
1481.png,L3,0.029143214225769,1.318331599235535,0.7239972807613868,0.2760027192386132,0.8399053627760252,0.009745240975686131,0.12952987267384916,0.8704701273261508,0.22935183177975288,0.04957705524850255,-0.44265010178872266,0.44265010178872266,0.44265010178872266,0.012335773805777238,0.1756173846799566,0.7861302530022843,0.4090827895970645,2
1482.png,L3,0.0066722631454467,0.6536849737167358,0.9388379204892966,0.061162079510703404,0.9684542586750788,0.002120582544409714,0.9844467108618052,0.015553289138194759,0.9921624052421946,0.00021339816925824463,0.001990723581282161,0.001990723581282161,-0.001990723581282161,-0.010135177274545062,-0.03922325504795318,-0.0687865851856717,-0.031576588610376,1
1483.png,L3,0.0038939714431762,0.5369898676872253,0.9436619718309859,0.05633802816901412,0.9710144927536232,0.002188013396876431,0.9818278995189738,0.018172100481026243,0.9908306364617044,0.0004800802357525787,0.0047471740873236135,0.0047471740873236135,-0.0047471740873236135,-0.012913468976815563,-0.044047306389642465,-0.06616777384284021,-0.02882013810433455,1
1484.png,L3,0.007185935974121,0.6937265396118164,0.9653092006033183,0.03469079939668174,0.9823484267075978,0.0008161305287000238,0.9102137767220903,0.08978622327790975,0.9529967669733898,0.002396930099749405,-0.0282137733545329,0.0282137733545329,0.0282137733545329,-0.009621504445870763,-0.06569453516197485,0.0054463489540432924,-0.005353538837125263,1
1485.png,L3,0.005161702632904,0.6331391930580139,0.9747545582047685,0.02524544179523147,0.9872159090909091,0.0008875652721008706,0.374390243902439,0.625609756097561,0.5448092280390417,0.023900688271506803,-0.42420111852985853,0.42420111852985853,0.42420111852985853,-0.011645737787087763,-0.07513989276342511,0.5412698817736945,0.3906338063382004,1
1488.png,L3,0.027104914188385,1.3361934423446655,0.8579481397970687,0.14205186020293126,0.9235436893203883,0.00371236100992688,0.7807291666666667,0.2192708333333333,0.8768645802866335,0.011503919855774437,0.09278901676491025,0.09278901676491025,-0.09278901676491025,0.010297473768393236,0.04166652564427467,0.13493095900946683,0.059221704573252085,2
1490.png,L3,0.030580997467041,1.412535309791565,0.8616567036720751,0.13834329632792486,0.9256880733944954,0.007378408955511259,0.9533770161290323,0.04662298387096775,0.9761321119855503,0.0017986009461043735,-0.018761507097139307,0.018761507097139307,0.018761507097139307,0.013773557047049235,0.03795796176926827,-0.03771689045289871,-0.014805805094518856,2
1491.png,L3,0.0322299003601074,1.4263993501663208,0.8541919805589308,0.14580801944106925,0.9213630406290957,0.0035265304378346426,0.8409442724458205,0.15905572755417952,0.9136010090393105,0.0033268979953756674,0.037035241630763494,0.037035241630763494,-0.037035241630763494,0.015422459940115638,0.04542268488241266,0.07471585323031306,0.00346792943910533,2
1492.png,L3,0.007185935974121,0.6937265396118164,0.993993993993994,0.006006006006005982,0.9969879518072289,0.00022723559765425733,1.0,0.0,1.0,0.0,0.0,0.0,-0.0,-0.009621504445870763,-0.0943793285526506,-0.08433987432386646,-0.033567312191658163,1
1493.png,L3,0.0254461765289306,1.321725606918335,0.823635272945411,0.17636472705458905,0.9032894736842105,0.006718102106684422,0.3585848074921956,0.6414151925078044,0.5278799019607843,0.03198678848310532,-0.3374178056425834,0.3374178056425834,0.3374178056425834,0.008638736108938838,0.07597939249593247,0.557075318183938,0.30385049345092524,2
1495.png,L3,0.007185935974121,0.6937265396118164,0.9719424460431655,0.028057553956834513,0.9857716161984678,0.0009300319696495348,0.9973691902952353,0.0026308097047647028,0.9986828625786623,9.871933532438989e-05,0.0009947541693040574,0.0009947541693040574,-0.0009947541693040574,-0.009621504445870763,-0.07232778060182207,-0.08170906461910175,-0.032572558022354106,1
1496.png,L3,0.007185935974121,0.6937265396118164,0.8490276356192425,0.15097236438075745,0.9183504013285358,0.005548021027816179,0.7938646788990825,0.20613532110091748,0.8850887006552661,0.0062103100394808345,-0.09010842423651166,0.09010842423651166,0.09010842423651166,-0.009621504445870763,0.050587029822100865,0.12179544677705102,0.0565411120448535,1
1497.png,L3,0.007185935974121,0.6937265396118164,0.976703552708212,0.023296447291788036,0.9882144961697112,0.0015231188709003832,0.9992942836979535,0.0007057163020465218,0.9996470172961525,3.830185374983442e-05,-0.00010101251865590744,0.00010101251865590744,0.00010101251865590744,-0.009621504445870763,-0.07708888726686855,-0.08363415802181993,-0.033466299673002256,1
1498.png,L3,0.027104914188385,1.3361934423446655,0.8729763387297634,0.12702366127023657,0.9321808510638298,0.005460817259518821,0.9270639354438237,0.0729360645561763,0.9621517152520535,0.0015674990101481694,-0.017699526740814986,0.017699526740814986,0.017699526740814986,0.010297473768393236,0.02663832671157998,-0.011403809767690162,-0.015867785450843178,2
1509.png,L3,0.0254461765289306,1.321725606918335,0.8860811930405965,0.11391880695940348,0.9396002635624863,0.0038675155326842216,0.9852862967558943,0.014713703244105703,0.9925886239842843,0.0004212518954055812,0.0058733898253763295,0.0058733898253763295,-0.0058733898253763295,0.008638736108938838,0.013533472400746899,-0.06962617107976075,-0.027693922366281834,2
1519.png,L3,0.029143214225769,1.318331599235535,0.860726643598616,0.13927335640138405,0.9251510925151093,0.004370879210461722,0.9845053635280095,0.015494636471990453,0.9921921921921922,0.0002989439267028939,-0.006626337789337411,0.006626337789337411,0.006626337789337411,0.012335773805777238,0.038888021842727466,-0.068845237851876,-0.026940974402320753,2
1529.png,L3,0.0254461765289306,1.321725606918335,0.9156279961649089,0.08437200383509114,0.955955955955956,0.0034600734443104015,0.9884843982169391,0.01151560178306088,0.9942088548477489,0.0004082858576903728,0.003843866957764508,0.003843866957764508,-0.003843866957764508,0.008638736108938838,-0.01601333072356545,-0.07282427254080558,-0.029723445233893656,2
1533.png,L3,0.027104914188385,1.3361934423446655,0.8045045045045045,0.1954954954954955,0.891662506240639,0.007240952808236367,0.9319286871961102,0.06807131280388978,0.964765100671141,0.00030848733119213657,-0.02050787751290095,0.02050787751290095,0.02050787751290095,0.010297473768393236,0.09511016093683891,-0.016268561519976674,-0.013059434678757212,2
1534.png,L3,0.0167821049690246,1.014318346977234,1.0,0.0,1.0,0.0,1.0,0.0,1.0,0.0,0.0,0.0,-0.0,-2.5335450967164247e-05,-0.10038533455865659,-0.08433987432386646,-0.033567312191658163,2
1535.png,L3,0.0289391279220581,1.4154561758041382,0.8899237933954276,0.1100762066045724,0.9417562724014337,0.004353006967627352,0.9510869565217391,0.048913043478260865,0.9749303621169917,0.0019412254071732383,-0.023645915252278216,0.023645915252278216,0.023645915252278216,0.012131687502066335,0.009690872045915816,-0.03542683084560559,-0.009921396939379948,2
1536.png,L3,0.029143214225769,1.318331599235535,0.930379746835443,0.069620253164557,0.9639344262295082,0.003038025019604074,0.9755965292841648,0.02440347071583515,0.9876475432335987,0.0006127048037055017,0.006114608812572864,0.006114608812572864,-0.006114608812572864,0.012335773805777238,-0.030765081394099586,-0.059936403608031305,-0.0274527033790853,2
1545.png,L3,0.029143214225769,1.318331599235535,0.6497289972899729,0.3502710027100271,0.7876796714579055,0.018949054428859947,0.6903415516851391,0.3096584483148609,0.8168071724876221,0.014866537712169052,0.15708591380433623,0.15708591380433623,-0.15708591380433623,0.012335773805777238,0.2498856681513705,0.22531857399099442,0.12351860161267807,2
1546.png,L3,0.0043104887008666,0.5324376225471497,0.9414348462664714,0.05856515373352855,0.9698340874811463,0.0034094187768668716,0.8520965692503176,0.14790343074968237,0.9201427003293084,0.008654396458203631,0.05843564428970083,0.05843564428970083,-0.05843564428970083,-0.012496951719125163,-0.041820180825128034,0.06356355642581592,0.024868332098042664,1
1547.png,L3,0.0065650939941406,0.6600213050842285,0.9439655172413793,0.05603448275862066,0.9711751662971175,0.0026072235612275905,1.0,0.0,1.0,0.0,0.0,0.0,-0.0,-0.010242346425851163,-0.04435085180003592,-0.08433987432386646,-0.033567312191658163,1
1548.png,L3,0.0254461765289306,1.321725606918335,0.9787037037037037,0.021296296296296258,0.9892372484791764,0.000215431192343818,1.0,0.0,1.0,0.0,0.0,0.0,-0.0,0.008638736108938838,-0.07908903826236033,-0.08433987432386646,-0.033567312191658163,2
1551.png,L3,0.0289391279220581,1.4154561758041382,0.9140946502057613,0.0859053497942387,0.9551195915076592,0.004089584421460337,0.6505942275042444,0.34940577249575555,0.7883151614894055,0.02021129423087211,-0.19699030622134817,0.19699030622134817,0.19699030622134817,0.012131687502066335,-0.014479984764417891,0.2650658981718891,0.16342299402969002,2
1552.png,L3,0.0056808590888977,0.5956631898880005,0.9719148936170213,0.028085106382978675,0.9857574449719465,0.0008819939351799352,0.9926698618550888,0.007330138144911236,0.9963214487832485,0.0001805685897743606,0.0028223268300174853,0.0028223268300174853,-0.0028223268300174853,-0.011126581331094064,-0.07230022817567791,-0.07700973617895522,-0.030744985361640678,1
1555.png,L3,0.0091695189476013,0.8042911887168884,0.9076470588235294,0.09235294117647064,0.9515880357693494,0.004036751281975896,0.996742671009772,0.0032573289902280145,0.99836867862969,8.809799099244667e-05,-0.0011967512340657072,0.0011967512340657072,0.0011967512340657072,-0.007637921472390464,-0.008032393382185948,-0.08108254533363844,-0.032370560957592456,1
1559.png,L3,0.0043104887008666,0.5324376225471497,0.936108422071636,0.06389157792836397,0.967,0.0029445380056300767,0.9731543624161074,0.02684563758389258,0.9863945578231292,0.000874064236613905,-0.013072592842581776,0.013072592842581776,0.013072592842581776,-0.012496951719125163,-0.03649375663029261,-0.05749423673997388,-0.020494719349076387,1
1560.png,L3,0.029143214225769,1.318331599235535,0.8130841121495327,0.1869158878504673,0.8969072164948454,0.008839327613707391,0.9874686716791979,0.01253132832080206,0.9936948297604036,0.00022444020502424003,-0.004993776070672418,0.004993776070672418,0.004993776070672418,0.012335773805777238,0.08653055329181072,-0.0718085460030644,-0.028573536120985746,2
1563.png,L3,0.0043104887008666,0.5324376225471497,0.9182058047493403,0.08179419525065967,0.9573590096286108,0.002825128608330843,0.9453924914675768,0.05460750853242324,0.9719298245614035,0.0011188433203007065,-0.011818751098339408,0.011818751098339408,0.011818751098339408,-0.012496951719125163,-0.018591139307996912,-0.029732365791443213,-0.021748561093318755,1
1564.png,L3,0.0065337419509887,0.6723179221153259,0.9713896457765667,0.028610354223433276,0.9854872149274361,0.0006334086099524369,0.9025229357798165,0.09747706422018354,0.9487643158529234,0.005023947437470508,-0.04229677015504174,0.04229677015504174,0.04229677015504174,-0.010273698469003063,-0.07177498033522331,0.013137189896317084,0.008729457963383577,1
1574.png,L3,0.0127969980239868,0.984853744506836,0.9822695035460993,0.01773049645390068,0.9910554561717353,0.0006925409131562864,1.0,0.0,1.0,0.0,0.0,0.0,-0.0,-0.004010442396004963,-0.0826548381047559,-0.08433987432386646,-0.033567312191658163,2
1575.png,L3,0.0065337419509887,0.6723179221153259,0.9333333333333333,0.06666666666666665,0.9655172413793104,0.003143108885879597,0.985302123026674,0.01469787697332603,0.9925966547847546,0.00025408968664134837,0.0008816503339101889,0.0008816503339101889,-0.0008816503339101889,-0.010273698469003063,-0.033718667891989934,-0.06964199735054043,-0.032685661857747975,1
1577.png,L3,0.0065337419509887,0.6723179221153259,0.9943273905996759,0.005672609400324102,0.9971556277935798,0.00019137650189299604,1.0,0.0,1.0,0.0,0.0,0.0,-0.0,-0.010273698469003063,-0.09471272515833248,-0.08433987432386646,-0.033567312191658163,1
1579.png,L3,0.0043104887008666,0.5324376225471497,0.994077834179357,0.005922165820642977,0.9970301230377598,0.00030903114996980944,0.9924267369114258,0.0075732630885742,0.9961989753759709,0.00019741204226230905,-0.0037435015351542367,0.0037435015351542367,0.0037435015351542367,-0.012496951719125163,-0.09446316873801361,-0.07676661123529226,-0.029823810656503927,1
1583.png,L3,0.0254461765289306,1.321725606918335,0.4386540828887977,0.5613459171112023,0.609811751283514,0.06172961656475132,0.518796992481203,0.48120300751879697,0.6831683168316832,0.023716527823281888,0.009946848802475317,0.009946848802475317,-0.009946848802475317,0.008638736108938838,0.4609605825525457,0.3968631331949305,-0.023620463389182847,2
1585.png,L3,0.0098424553871154,0.8366796970367432,0.951176983435048,0.048823016564952026,0.9749776586237712,0.0004994699616129977,0.9891416752843847,0.01085832471561532,0.9945412009357941,0.00013669322701463616,0.0020631331641112194,0.0020631331641112194,-0.0020631331641112194,-0.006964985032876363,-0.05156231799370456,-0.07348154960825114,-0.031504179027546944,1
1587.png,L3,0.0065650939941406,0.6600213050842285,0.8944504896626768,0.10554951033732318,0.9442848937392303,0.00464771066655221,0.741466252909232,0.25853374709076804,0.85154248802762,0.013015422712486405,-0.1466908920087321,0.1466908920087321,0.1466908920087321,-0.010242346425851163,0.0051641757786665965,0.17419387276690157,0.11312357981707392,1
1588.png,L3,0.007185935974121,0.6937265396118164,0.9630010277492291,0.03699897225077087,0.981151832460733,0.0024242898832765028,0.9931598712446352,0.006840128755364772,0.9965681986407375,0.00019530206159622298,-0.0025831965495589637,0.0025831965495589637,0.0025831965495589637,-0.009621504445870763,-0.06338636230788572,-0.07749974556850169,-0.0309841156420992,1
1590.png,L3,0.0056808590888977,0.5956631898880005,0.9298429319371728,0.07015706806282718,0.9636462289744981,0.00184853917649837,0.923805913570887,0.07619408642911296,0.9603940886699507,0.0006122712237180929,-0.008356741385261768,0.008356741385261768,0.008356741385261768,-0.011126581331094064,-0.03022826649582941,-0.008145787894753495,-0.025210570806396396,1
1591.png,L3,0.0065337419509887,0.6723179221153259,0.9067796610169492,0.09322033898305082,0.9511111111111111,0.0025437481413142543,0.9584462511291779,0.04155374887082208,0.9787822878228782,0.0009559405093839523,0.01354819071818747,0.01354819071818747,-0.01354819071818747,-0.010273698469003063,-0.007164995575605765,-0.042786125453044374,-0.020019121473470694,1
1596.png,L3,0.0127969980239868,0.984853744506836,0.8411703239289446,0.15882967607105536,0.9137343927355278,0.007493126824358276,0.9888143176733781,0.01118568232662187,0.9943757030371203,0.00013394906684229286,0.004450261374796871,0.004450261374796871,-0.004450261374796871,-0.004010442396004963,0.05844434151239877,-0.07315419199724459,-0.029117050816861292,2
1600.png,L3,0.029143214225769,1.318331599235535,0.9163135593220338,0.08368644067796616,0.9563294637921503,0.0037117802437152286,0.9778254649499285,0.022174535050071498,0.9887884267631103,0.00022681913924554309,-0.008415809737880808,0.008415809737880808,0.008415809737880808,0.012335773805777238,-0.01669889388069043,-0.06216533927379496,-0.025151502453777355,2
1601.png,L3,0.0091695189476013,0.8042911887168884,0.9342629482071713,0.06573705179282874,0.9660144181256437,0.0016897728802339111,0.8393468527785094,0.1606531472214906,0.9126575028636884,0.004538152090330981,-0.08195946737790705,0.08195946737790705,0.08195946737790705,-0.007637921472390464,-0.03464828276582785,0.07631327289762414,0.048392155186248884,1
1619.png,L3,0.007185935974121,0.6937265396118164,0.9602446483180428,0.03975535168195721,0.9797191887675507,0.0011108785504505177,0.9980033277870216,0.00199667221297839,0.9990006662225184,4.7609096074015305e-05,-0.0005733959064946337,0.0005733959064946337,0.0005733959064946337,-0.009621504445870763,-0.06062998287669938,-0.08234320211088807,-0.03299391628516353,1
1628.png,L3,0.0056808590888977,0.5956631898880005,0.9707792207792207,0.02922077922077926,0.985172981878089,0.001223727688776296,0.9812623274161736,0.018737672583826415,0.9905425584868094,0.0004988374060864246,-0.003196473683816037,0.003196473683816037,0.003196473683816037,-0.011126581331094064,-0.07116455533787733,-0.06560220174004004,-0.030370838507842127,1
1629.png,L3,0.0043104887008666,0.5324376225471497,0.9393676916414032,0.06063230835859679,0.968736042876284,0.0013346864759431073,0.9984537221117739,0.001546277888226144,0.9992262628495634,2.7439437286154375e-05,0.000694986965149802,0.000694986965149802,-0.000694986965149802,-0.012496951719125163,-0.0397530262000598,-0.08279359643564031,-0.03287232522650836,1
1630.png,L3,0.0304244756698608,1.472789287567139,0.886049723756906,0.11395027624309395,0.9395825704870011,0.0044518299339103085,0.99427718337895,0.005722816621050009,0.997130380536494,0.0001297465984623621,-0.002294205808513583,0.002294205808513583,0.002294205808513583,0.013617035249869038,0.013564941684437365,-0.07861705770281645,-0.03127310638314458,2
1644.png,L3,0.0038939714431762,0.5369898676872253,1.0,0.0,1.0,0.0,1.0,0.0,1.0,0.0,0.0,0.0,-0.0,-0.012913468976815563,-0.10038533455865659,-0.08433987432386646,-0.033567312191658163,1
1645.png,L3,0.0289391279220581,1.4154561758041382,0.9127218934911243,0.08727810650887569,0.954369682907966,0.0002832456536087411,0.9786492374727669,0.021350762527233114,0.9892094252367319,0.00012593598956608314,-0.010648155741065701,0.010648155741065701,0.010648155741065701,0.012131687502066335,-0.0131072280497809,-0.06298911179663334,-0.022919156450592462,2
1646.png,L3,0.0127969980239868,0.984853744506836,0.988599348534202,0.01140065146579805,0.9942669942669943,0.00033745572579606763,1.0,0.0,1.0,0.0,0.0,0.0,-0.0,-0.004010442396004963,-0.08898468309285854,-0.08433987432386646,-0.033567312191658163,2
1647.png,L3,0.0098424553871154,0.8366796970367432,0.9851258581235698,0.014874141876430214,0.992507204610951,0.0006429015795296646,1.0,0.0,1.0,0.0,0.0,0.0,-0.0,-0.006964985032876363,-0.08551119268222637,-0.08433987432386646,-0.033567312191658163,1
1648.png,L3,0.0322299003601074,1.4263993501663208,0.8784860557768924,0.12151394422310757,0.9353128313891834,0.004230102707480454,0.9992022337455125,0.0007977662544874642,0.9996009577015164,3.273882883366144e-05,-0.0003953651531856117,0.0003953651531856117,0.0003953651531856117,0.015422459940115638,0.021128609664450987,-0.08354210806937899,-0.03317194703847255,2
1656.png,L3,0.0078226327896118,0.7274078130722046,1.0,0.0,1.0,0.0,1.0,0.0,1.0,0.0,0.0,0.0,-0.0,-0.008984807630379963,-0.10038533455865659,-0.08433987432386646,-0.033567312191658163,1
1657.png,L3,0.030580997467041,1.412535309791565,0.0,1.0,0.0,0.4323822201156025,0.0,1.0,0.0,0.41535248102354017,-0.7492103600758054,0.7492103600758054,0.7492103600758054,0.013773557047049235,0.8996146654413434,0.9156601256761335,0.7156430478841472,2
1665.png,L3,0.0038939714431762,0.5369898676872253,0.973404255319149,0.02659574468085102,0.9865229110512129,0.0006268150979804129,0.9249217935349322,0.0750782064650678,0.9609967497291441,0.0019449975512789357,0.03547705314009664,0.03547705314009664,-0.03547705314009664,-0.012913468976815563,-0.07378958987780557,-0.009261667858798658,0.0019097409484384736,1
1666.png,L3,0.0254461765289306,1.321725606918335,0.9698996655518395,0.030100334448160515,0.9847198641765704,0.0003724127971953572,0.7105263157894737,0.2894736842105263,0.8307692307692308,0.009538930616657016,0.15044746001516407,0.15044746001516407,-0.15044746001516407,0.008638736108938838,-0.07028500011049607,0.20513380988665986,0.1168801478235059,2
1678.png,L3,0.0254461765289306,1.321725606918335,0.9463955637707948,0.05360443622920519,0.9724596391263058,0.0023511686436949197,0.9928298279158699,0.0071701720841300665,0.9964020148716719,0.00015277138441632338,-0.0006206432155539954,0.0006206432155539954,0.0006206432155539954,0.008638736108938838,-0.0467808983294514,-0.07716970223973639,-0.03294666897610417,2
1684.png,L3,0.0043104887008666,0.5324376225471497,0.9719557195571956,0.02804428044280438,0.9857784431137725,0.0006729677927001715,0.6645344705046198,0.3354655294953802,0.798462852263023,0.015097188235461753,0.029483265111063528,0.029483265111063528,-0.029483265111063528,-0.012496951719125163,-0.0723410541158522,0.25112565517151375,-0.0040840470805946355,1
1685.png,L3,0.007185935974121,0.6937265396118164,0.37843378433784336,0.6215662156621566,0.5490779298036883,0.04933502746784938,0.003808314820691844,0.9961916851793081,0.0075877331647170405,0.07779559954494923,-0.7542203908015419,0.7542203908015419,0.7542203908015419,-0.009621504445870763,0.5211808811035,0.9118518108554416,0.7206530786098837,1
1686.png,L3,0.0254461765289306,1.321725606918335,0.9415637860082304,0.05843621399176957,0.969902501059771,0.002248815415931481,0.9984423676012462,0.0015576323987538387,0.9992205767731879,3.132985205201979e-06,1.7880360638766746e-05,1.7880360638766746e-05,-1.7880360638766746e-05,0.008638736108938838,-0.041949120566887016,-0.08278224192511262,-0.0335494318310194,2
1689.png,L3,0.0304244756698608,1.472789287567139,0.901083634342873,0.09891636565712703,0.9479684302835428,0.0026306590477657575,0.9974566841519631,0.002543315848036909,0.9987267229030717,1.544160750092891e-05,0.0,0.0,-0.0,0.013617035249869038,-0.0014689689015295604,-0.08179655847582955,-0.033567312191658163,2
1696.png,L3,0.0065650939941406,0.6600213050842285,0.9488734835355286,0.051126516464471417,0.9737661182747888,0.0024529122699943474,0.9924849699398798,0.00751503006012022,0.9962283127985919,0.00011621336458312838,-0.0018746210502251781,0.0018746210502251781,0.0018746210502251781,-0.010242346425851163,-0.04925881809418517,-0.07682484426374624,-0.031692691141432985,1
1706.png,L3,0.0065650939941406,0.6600213050842285,0.9963235294117647,0.003676470588235281,0.998158379373849,0.0001546026653627637,1.0,0.0,1.0,0.0,0.0,0.0,-0.0,-0.010242346425851163,-0.0967088639704213,-0.08433987432386646,-0.033567312191658163,1
1715.png,L3,0.0167821049690246,1.014318346977234,1.0,0.0,1.0,0.0,1.0,0.0,1.0,0.0,0.0,0.0,-0.0,-2.5335450967164247e-05,-0.10038533455865659,-0.08433987432386646,-0.033567312191658163,2
1716.png,L3,0.027104914188385,1.3361934423446655,0.9051535087719298,0.0948464912280702,0.9502158273381295,0.006048594896030456,0.7415175817396669,0.25848241826033314,0.8515763372298972,0.012239596412756073,-0.1427923605209095,0.1427923605209095,0.1427923605209095,0.010297473768393236,-0.005538843330586379,0.17414254393646666,0.10922504832925133,2
1718.png,L3,0.0167821049690246,1.014318346977234,0.8069577080491133,0.19304229195088674,0.8931672329180823,0.005591695062550306,0.9755567626290059,0.024443237370994075,0.987627165246082,0.0008540061994879366,-0.010444915905666763,0.010444915905666763,0.010444915905666763,-2.5335450967164247e-05,0.09265695739223015,-0.05989663695287238,-0.0231223962859914,2
1727.png,L3,0.0065337419509887,0.6723179221153259,0.9447415329768271,0.05525846702317294,0.9715857011915674,0.0015324094305488294,1.0,0.0,1.0,0.0,0.0,0.0,-0.0,-0.010273698469003063,-0.045126867535483645,-0.08433987432386646,-0.033567312191658163,1
1728.png,L3,0.027104914188385,1.3361934423446655,0.9015918958031838,0.09840810419681623,0.9482496194824962,0.0012898945671619283,0.9838896765047043,0.01611032349529573,0.9918794257129864,0.0009861524564688362,0.007416251318690392,0.007416251318690392,-0.007416251318690392,0.010297473768393236,-0.0019772303618403597,-0.06822955082857073,-0.02615106087296777,2
1729.png,L3,0.0289391279220581,1.4154561758041382,0.7278839348903043,0.27211606510969566,0.8425148474298587,0.008202178044441564,0.8190133037694013,0.1809866962305987,0.9005028188328509,0.014536497800951856,0.08384934509142783,0.08384934509142783,-0.08384934509142783,0.012131687502066335,0.17173073055103907,0.09664682190673225,0.050282032899769666,2
1730.png,L3,0.007185935974121,0.6937265396118164,0.9667752442996743,0.03322475570032568,0.9831069890692282,0.0015981799742596,0.9667149059334298,0.03328509406657021,0.9830757910228108,0.003070680893682478,-0.011841668689811402,0.011841668689811402,0.011841668689811402,-0.009621504445870763,-0.0671605788583309,-0.05105478025729625,-0.02172564350184676,1
1734.png,L3,0.030580997467041,1.412535309791565,0.9596136962247586,0.04038630377524144,0.9793906810035843,0.0009943281833827118,0.9891188959660298,0.010881104033970246,0.9945296864576384,0.0003033045296739021,-0.0030596081142539866,0.0030596081142539866,0.0030596081142539866,0.013773557047049235,-0.05999903078341515,-0.07345877028989621,-0.030507704077404177,2
1735.png,L3,0.0322299003601074,1.4263993501663208,0.9192982456140351,0.08070175438596494,0.9579524680073126,0.0007097198915355407,1.0,0.0,1.0,0.0,0.0,0.0,-0.0,0.015422459940115638,-0.019683580172691645,-0.08433987432386646,-0.033567312191658163,2
1736.png,L3,0.0254461765289306,1.321725606918335,0.9514767932489452,0.048523206751054815,0.9751351351351352,0.0011947724976384426,0.8121482176360225,0.18785178236397748,0.8963375177947457,0.009306422561184064,-0.08996708423632183,0.08996708423632183,0.08996708423632183,0.008638736108938838,-0.05186212780760177,0.10351190804011103,0.05639977204466366,2
1740.png,L3,0.007185935974121,0.6937265396118164,0.9918300653594772,0.008169934640522847,0.9958982772764561,0.00020465629711202183,1.0,0.0,1.0,0.0,0.0,0.0,-0.0,-0.009621504445870763,-0.09221539991813374,-0.08433987432386646,-0.033567312191658163,1
1744.png,L3,0.0098424553871154,0.8366796970367432,0.8756756756756757,0.12432432432432428,0.9337175792507204,0.005192502663768132,0.6616573636753972,0.3383426363246028,0.7963824289405684,0.012612642282002533,-0.006303961016588144,0.006303961016588144,0.006303961016588144,-0.006964985032876363,0.02393898976566769,0.25400276200073635,-0.02726335117507002,1
1746.png,L3,0.0127969980239868,0.984853744506836,0.9478021978021978,0.052197802197802234,0.9732016925246827,0.002078888569776286,0.9590818363273453,0.04091816367265466,0.9791136016301579,0.0007678675548565876,0.01950882932371789,0.01950882932371789,-0.01950882932371789,-0.004010442396004963,-0.04818753236085435,-0.043421710651211795,-0.014058482867940272,2
1752.png,L3,0.029143214225769,1.318331599235535,0.9897435897435898,0.01025641025641022,0.9948453608247423,0.00034025429165694335,1.0,0.0,1.0,0.0,0.0,0.0,-0.0,0.012335773805777238,-0.09012892430224637,-0.08433987432386646,-0.033567312191658163,2
1769.png,L3,0.029143214225769,1.318331599235535,0.701707097933513,0.29829290206648695,0.8247096092925026,0.007392170526666263,0.9888802689423326,0.011119731057667392,0.9944090495384216,0.00014868519312660907,0.0025471859682559828,0.0025471859682559828,-0.0025471859682559828,0.012335773805777238,0.19790756750783037,-0.07322014326619906,-0.03102012622340218,2
1771.png,L3,0.005161702632904,0.6331391930580139,0.9972144846796658,0.0027855153203342198,0.99860529986053,0.00010170559621044233,1.0,0.0,1.0,0.0,0.0,0.0,-0.0,-0.011645737787087763,-0.09759981923832237,-0.08433987432386646,-0.033567312191658163,1
1773.png,L3,0.0304244756698608,1.472789287567139,0.9102787456445993,0.08972125435540068,0.9530323757409941,0.004279050554389716,0.9958620689655172,0.004137931034482789,0.9979267449896337,6.425843820087301e-05,0.001306682555543226,0.001306682555543226,-0.001306682555543226,0.013617035249869038,-0.010664080203255905,-0.08020194328938367,-0.03226062963611494,2
1774.png,L3,0.0078226327896118,0.7274078130722046,0.9395203336809176,0.060479666319082415,0.9688172043010753,0.0015926045754580957,0.9903455284552846,0.009654471544715437,0.9951493489915751,0.0002913108575715733,0.003804512771887092,0.003804512771887092,-0.003804512771887092,-0.008984807630379963,-0.03990566823957417,-0.07468540277915102,-0.02976279941977107,1
1776.png,L3,0.007185935974121,0.6937265396118164,0.8495238095238096,0.15047619047619043,0.9186405767250257,0.011027232995356032,0.9703989703989704,0.029601029601029616,0.984977139124755,0.0010519147969027822,8.998203631300052e-06,8.998203631300052e-06,-8.998203631300052e-06,-0.009621504445870763,0.050090855917533844,-0.05473884472283684,-0.03355831398802686,1
1789.png,L3,0.0098424553871154,0.8366796970367432,0.9924585218702866,0.007541478129713397,0.9962149886449659,6.056612331503915e-05,1.0,0.0,1.0,0.0,0.0,0.0,-0.0,-0.006964985032876363,-0.09284385642894319,-0.08433987432386646,-0.033567312191658163,1
1796.png,L3,0.0038939714431762,0.5369898676872253,0.9370919881305638,0.06290801186943618,0.9675245098039216,0.003297889270408809,0.9840865690642903,0.015913430935709738,0.9919794674366378,0.00020844522742747144,-0.0046768707482992555,0.0046768707482992555,0.0046768707482992555,-0.012913468976815563,-0.03747732268922041,-0.06842644338815672,-0.028890441443358908,1
1798.png,L3,0.030580997467041,1.412535309791565,0.6525270758122743,0.3474729241877257,0.7897323866739486,0.012031208446833953,0.9844858156028369,0.015514184397163122,0.9921822649095376,0.0001230216396176886,-0.007179129362838266,0.007179129362838266,0.007179129362838266,0.013773557047049235,0.2470875896290691,-0.06882568992670333,-0.026388182828819898,2
1807.png,L3,0.0066722631454467,0.6536849737167358,0.969758064516129,0.030241935483870996,0.984646878198567,0.00108965199126112,0.8704581358609794,0.12954186413902058,0.9307432432432432,0.003749804046504407,0.04729639280571307,0.04729639280571307,-0.04729639280571307,-0.010135177274545062,-0.07014339907478559,0.04520198981515412,0.013729080614054909,1
1816.png,L3,0.005161702632904,0.6331391930580139,0.956973293768546,0.04302670623145399,0.978013646702047,8.22119870202639e-05,1.0,0.0,1.0,0.0,0.0,0.0,-0.0,-0.011645737787087763,-0.05735862832720259,-0.08433987432386646,-0.033567312191658163,1
1824.png,L3,0.005161702632904,0.6331391930580139,0.94693094629156,0.05306905370843995,0.9727422003284072,0.0010444541761773667,0.9985714285714286,0.0014285714285714457,0.9992852037169406,4.266357172766426e-05,-0.0006949740329956766,0.0006949740329956766,0.0006949740329956766,-0.011645737787087763,-0.047316280850216635,-0.08291130289529501,-0.03287233815866249,1
1825.png,L3,0.0065337419509887,0.6723179221153259,0.9662775616083009,0.03372243839169908,0.9828496042216359,0.0014752358843698919,0.912919749573136,0.08708025042686396,0.9544778339779827,0.003901731952261093,-0.03882187756042699,0.03882187756042699,0.03882187756042699,-0.010273698469003063,-0.0666628961669575,0.002740376102997502,0.005254565368768824,1
1826.png,L3,0.005161702632904,0.6331391930580139,0.9659090909090909,0.03409090909090906,0.9826589595375722,0.0018271312185311021,0.9837034670075092,0.016296532992490786,0.991784793814433,0.0010622808665187416,-0.006211072085813618,0.006211072085813618,0.006211072085813618,-0.011645737787087763,-0.06629442546774753,-0.06804334133137567,-0.027356240105844545,1
1827.png,L3,0.0065337419509887,0.6723179221153259,0.8330444829578278,0.16695551704217215,0.908919004097069,0.012692243672646686,0.830445941610523,0.169554058389477,0.9073700815003067,0.01194831994786025,-0.08556520608992602,0.08556520608992602,0.08556520608992602,-0.010273698469003063,0.06657018248351557,0.08521418406561056,0.05199789389826785,1
1829.png,L3,0.0254461765289306,1.321725606918335,0.9559834938101788,0.044016506189821225,0.9774964838255977,0.0015344387119890655,0.9995682210708118,0.00043177892918822014,0.9997840639170805,1.6584300794066035e-05,-0.00021030625206786002,0.00021030625206786002,0.00021030625206786002,0.008638736108938838,-0.05636882836883536,-0.08390809539467824,-0.0333570059395903,2
1834.png,L3,0.0304244756698608,1.472789287567139,0.8901287553648068,0.10987124463519315,0.9418710263396912,0.0054163930236941224,0.9993722536095417,0.0006277463904582614,0.9996860282574568,2.841559913957076e-05,-0.00031099721782057443,0.00031099721782057443,0.00031099721782057443,0.013617035249869038,0.009485910076536569,-0.0837121279334082,-0.03325631497383759,2
1835.png,L3,0.0065337419509887,0.6723179221153259,0.9943775100401606,0.005622489959839383,0.9971808296415626,0.00027556470477284176,1.0,0.0,1.0,0.0,0.0,0.0,-0.0,-0.010273698469003063,-0.0947628445988172,-0.08433987432386646,-0.033567312191658163,1
1843.png,L3,0.0408195853233337,1.605685114860535,0.8771121351766513,0.12288786482334868,0.9345335515548282,0.0004820580473530359,0.6869633099141296,0.31303669008587043,0.8144377602961592,0.006273312609482552,0.17006543388047946,0.17006543388047946,-0.17006543388047946,0.024012144903341935,0.022502530264692094,0.22869681576200396,0.1364981216888213,3
1847.png,L3,0.0120435953140258,0.8772003650665283,0.9294605809128631,0.0705394190871369,0.9634408602150538,0.002288618929505353,0.9817997977755308,0.018200202224469164,0.9908163265306122,0.0003234383175874312,-0.008306156386143626,0.008306156386143626,0.008306156386143626,-0.004763845105965963,-0.029845915471519685,-0.06613967209939729,-0.025261155805514537,2
1852.png,L3,0.0046699047088623,0.5146380066871643,1.0,0.0,1.0,0.0,1.0,0.0,1.0,0.0,0.0,0.0,-0.0,-0.012137535711129462,-0.10038533455865659,-0.08433987432386646,-0.033567312191658163,1
1853.png,L3,0.0188625454902648,1.082906723022461,0.0,1.0,0.0,0.23927939685849484,0.0,1.0,0.0,0.2417781288338387,-0.7091129357921658,0.7091129357921658,0.7091129357921658,0.0020551050702730354,0.8996146654413434,0.9156601256761335,0.6755456236005076,2
1858.png,L3,0.0479846000671386,1.8450289964675903,0.9354523227383863,0.0645476772616137,0.9666498231430015,0.003797679097093272,0.8248798194839596,0.1751201805160404,0.9040374173431536,0.007572602939811232,0.013037952381439122,0.013037952381439122,-0.013037952381439122,0.03117715964714684,-0.035837657297042885,0.09078030619217393,-0.02052935981021904,3
1863.png,L3,0.0188625454902648,1.082906723022461,0.895738203957382,0.10426179604261798,0.9450020072260137,0.00507998991751988,0.9481007897705904,0.051899210229409576,0.9733590733590733,0.0019333412950182656,0.0173942127760931,0.0173942127760931,-0.0173942127760931,0.0020551050702730354,0.0038764614839613964,-0.03244066409445688,-0.016173099415565065,2
1869.png,L3,0.0074173808097839,0.6362360119819641,0.9193548387096774,0.08064516129032262,0.957983193277311,9.024372846630794e-05,0.8200518582541054,0.17994814174589457,0.9011302117959921,0.002939025619007378,-0.01278178954458492,0.01278178954458492,0.01278178954458492,-0.009390059610207863,-0.019740173268333966,0.09560826742202812,-0.020785522647073243,1
1879.png,L3,0.0091363191604614,0.7441688179969788,0.979557069846678,0.020442930153321992,0.9896729776247849,0.0003638743231307255,0.9994152046783625,0.0005847953216374657,0.999707516817783,2.2025537567451097e-05,-0.00027956228863945665,0.00027956228863945665,0.00027956228863945665,-0.007671121259530364,-0.0799424044053346,-0.08375507900222899,-0.03328774990301871,1
1880.png,L3,0.0479846000671386,1.8450289964675903,0.9915682967959528,0.00843170320404718,0.995766299745978,7.584605067699939e-05,1.0,0.0,1.0,0.0,0.0,0.0,-0.0,0.03117715964714684,-0.0919536313546094,-0.08433987432386646,-0.033567312191658163,3
1882.png,L3,0.0456216931343078,1.7700843811035156,0.9021852237252862,0.0978147762747138,0.9485776805251641,0.004083437464704503,0.943127962085308,0.056872037914691975,0.9707317073170731,0.0015642090227123697,-0.02008315779782155,0.02008315779782155,0.02008315779782155,0.028814252714316035,-0.0025705582839427865,-0.02746783640917448,-0.013484154393836614,3
1886.png,L3,0.0046699047088623,0.5146380066871643,0.9777158774373259,0.02228412256267409,0.9887323943661972,0.00031280109788063586,1.0,0.0,1.0,0.0,0.0,0.0,-0.0,-0.012137535711129462,-0.0781012119959825,-0.08433987432386646,-0.033567312191658163,1
1890.png,L3,0.0101109743118286,0.7734435796737671,0.8534672105428303,0.14653278945716974,0.9209412561367869,0.0032598722481643146,0.8908430288740289,0.10915697112597111,0.9422707387873585,0.007590829158137981,0.03234271046359499,0.03234271046359499,-0.03234271046359499,-0.006696466108163164,0.04614745489851316,0.024817096802104657,-0.001224601728063171,2
1894.png,L3,0.0101609826087951,0.7942003607749939,0.9456869009584664,0.054313099041533586,0.9720853858784894,0.0019573078876526846,0.9709302325581395,0.029069767441860517,0.9852507374631269,0.00026685313290994943,0.0,0.0,-0.0,-0.006646457811196663,-0.046072235517123,-0.05527010688200594,-0.033567312191658163,2
1900.png,L3,0.0456216931343078,1.7700843811035156,0.8613199665831245,0.13868003341687551,0.9254937163375224,0.0061492617765236375,0.9030442568431823,0.09695574315681765,0.9490522919747277,0.005393147381997073,0.04335458232922562,0.04335458232922562,-0.04335458232922562,0.028814252714316035,0.03829469885821893,0.012615868832951196,0.009787270137567458,3
1901.png,L3,0.0091363191604614,0.7441688179969788,0.9520725388601037,0.04792746113989632,0.9754479097544791,0.0014604121300832126,0.997206146477749,0.002793853522251033,0.9986011191047163,6.99962155668523e-05,-0.00048389323485020785,0.00048389323485020785,0.00048389323485020785,-0.007671121259530364,-0.052457873418760265,-0.08154602080161542,-0.033083418956807956,1
1902.png,L3,0.0120435953140258,0.8772003650665283,0.843358395989975,0.15664160401002503,0.9150237933378654,0.01227250260081757,0.8549741025183069,0.14502589748169314,0.9218178316965145,0.006986408085903943,-0.0726698697298257,0.0726698697298257,0.0726698697298257,-0.004763845105965963,0.05625626945136844,0.06068602315782669,0.039102557538167534,2
1910.png,L3,0.0066348910331726,0.6619601845741272,0.8960709759188846,0.10392902408111537,0.9451871657754011,0.0041636492223540815,0.9969287469287469,0.0030712530712531105,0.9984620116887112,3.7183566798198036e-05,-0.0015446845643155571,0.0015446845643155571,0.0015446845643155571,-0.010172549386819163,0.003543689522458787,-0.08126862125261335,-0.032022627627342606,1
1911.png,L3,0.004750370979309,0.5182440876960754,0.9948275862068966,0.005172413793103403,0.9974070872947277,0.00019917526602361574,0.9976798143851509,0.002320185614849146,0.9988385598141696,1.5714941477290824e-05,0.00011443308863512414,0.00011443308863512414,-0.00011443308863512414,-0.012057069440682765,-0.09521292076555318,-0.08201968870901731,-0.03345287910302304,1
1917.png,L3,0.0456216931343078,1.7700843811035156,0.777697320782042,0.222302679217958,0.874949083503055,0.007753074804435804,0.95365141187926,0.04634858812074005,0.9762759170653907,0.0019148107804200388,-0.0014310071281677939,0.0014310071281677939,0.0014310071281677939,0.028814252714316035,0.1219173446593014,-0.037991286203126404,-0.03213630506349037,3
1933.png,L3,0.0156279206275939,0.9421043395996094,0.0,1.0,0.0,0.29641041434544285,0.0,1.0,0.0,0.2870110378385934,-0.2423954372623574,0.2423954372623574,0.2423954372623574,-0.001179519792397863,0.8996146654413434,0.9156601256761335,0.20882812507069926,2
1941.png,L3,0.016930341720581,1.0695478916168213,0.7599261311172668,0.2400738688827332,0.863588667366212,0.011959179637536822,0.8397676161919041,0.1602323838080959,0.9129061831516757,0.008451019199416246,-0.07880900205841102,0.07880900205841102,0.07880900205841102,0.0001229013005892357,0.1396885343240766,0.07589250948422945,0.04524168986675285,2
1949.png,L3,0.0089342594146728,0.7475690841674805,0.9543616406701328,0.04563835932986715,0.9766479456104049,0.001904983349514813,1.0,0.0,1.0,0.0,0.0,0.0,-0.0,-0.007873181005318964,-0.054746975228789435,-0.08433987432386646,-0.033567312191658163,1
1950.png,L3,0.0194833874702453,1.07892644405365,0.9867109634551495,0.013289036544850474,0.9933110367892977,0.0005038925839819341,0.9764437689969605,0.023556231003039496,0.988081507112649,0.000379979790520307,0.0005994090333474311,0.0005994090333474311,-0.0005994090333474311,0.0026759470502535354,-0.08709629801380611,-0.06078364332082696,-0.03296790315831073,2
1951.png,L3,0.0194833874702453,1.07892644405365,0.9637462235649547,0.03625377643504535,0.9815384615384616,0.0011661081402024546,0.9984848484848485,0.0015151515151514694,0.9992418498862775,3.97819189710222e-06,0.0004073023968386158,0.0004073023968386158,-0.0004073023968386158,0.0026759470502535354,-0.06413155812361124,-0.08282472280871499,-0.03316000979481955,2
1955.png,L3,0.0329712033271789,1.3958834409713743,0.9074585635359116,0.09254143646408841,0.9514844315713251,0.00044372224750695554,0.9320423821702594,0.06795761782974064,0.9648260211800302,0.0021842834660878168,-0.03315859624172213,0.03315859624172213,0.03315859624172213,0.016163762907187136,-0.007843898094568175,-0.01638225649412582,-0.00040871594993603655,2
1957.png,L3,0.0074173808097839,0.6362360119819641,0.974155069582505,0.025844930417495027,0.9869083585095669,0.0010053229807121537,0.998589562764457,0.0014104372355430161,0.9992942836979535,1.599223424993384e-05,5.4956171322229075e-05,5.4956171322229075e-05,-5.4956171322229075e-05,-0.009390059610207863,-0.07454040414116156,-0.08292943708832344,-0.033512356020335934,1
1978.png,L3,0.0101609826087951,0.7942003607749939,0.4858426966292135,0.5141573033707865,0.6539624924379915,0.04707721756882891,0.46093153474166454,0.5390684652583355,0.6310104529616725,0.046182499012587565,0.0020688017700203343,0.0020688017700203343,-0.0020688017700203343,-0.006646457811196663,0.41377196881212985,0.45472859093446905,-0.03149851042163783,2
1981.png,L3,0.0479846000671386,1.8450289964675903,0.81625,0.18374999999999997,0.8988300068823124,0.003896778815632171,0.8739416745061148,0.12605832549388518,0.9327309236947792,0.004078767354027633,0.0012214010558825317,0.0012214010558825317,-0.0012214010558825317,0.03117715964714684,0.08336466544134338,0.041718451170018725,-0.03234591113577563,3
1984.png,L3,0.0456216931343078,1.7700843811035156,0.9213806327900288,0.0786193672099712,0.9590818363273453,0.003200825500995698,0.8344051446945338,0.16559485530546625,0.9097283085013146,0.0027623882180033647,0.0709251991510752,0.0709251991510752,-0.0709251991510752,0.028814252714316035,-0.021765967348685383,0.08125498098159979,0.03735788695941704,3
1986.png,L3,0.0156279206275939,0.9421043395996094,0.9901823281907434,0.009817671809256634,0.9950669485553206,0.0003409440269989095,1.0,0.0,1.0,0.0,0.0,0.0,-0.0,-0.001179519792397863,-0.09056766274939995,-0.08433987432386646,-0.033567312191658163,2
1988.png,L3,0.0064616799354553,0.7038486003875732,0.9818780889621087,0.018121911037891292,0.9908561928512053,0.000686303225730462,0.9747023809523809,0.02529761904761907,0.987189148455162,0.0003940514430892169,-0.011211622807017596,0.011211622807017596,0.011211622807017596,-0.010345760484536464,-0.0822634235207653,-0.05904225527624739,-0.022355689384640567,1
2002.png,L3,0.004750370979309,0.5182440876960754,0.9881129271916791,0.011887072808320909,0.9940209267563528,0.0005693882521130152,0.985178727114211,0.01482127288578905,0.9925340360122968,0.000705777218412783,-0.007154560975997315,0.007154560975997315,0.007154560975997315,-0.012057069440682765,-0.08849826175033568,-0.06951860143807741,-0.02641275121566085,1
2003.png,L3,0.0408195853233337,1.605685114860535,0.7412831241283124,0.25871687587168757,0.8514217060472568,0.016124574759098363,0.7337144837144837,0.26628551628551633,0.8464075147396822,0.009199337367721475,-0.04615982905452509,0.04615982905452509,0.04615982905452509,0.024012144903341935,0.15833154131303098,0.18194564196164986,0.012592516862866929,3
2006.png,L3,0.0066348910331726,0.6619601845741272,0.959792477302205,0.04020752269779504,0.9794837855724685,0.0024683526876550467,0.9750364052423549,0.02496359475764509,0.9873604381714767,0.0006855464301848599,0.008084073281915072,0.008084073281915072,-0.008084073281915072,-0.010172549386819163,-0.060177811860861546,-0.059376279566221365,-0.02548323890974309,1
2007.png,L3,0.0456216931343078,1.7700843811035156,0.903457273320287,0.09654272667971298,0.9492803289924606,0.004781674095294616,0.9815106215578285,0.018489378442171467,0.9906690490371253,0.0009434760340215986,-0.00906742362403612,0.00906742362403612,0.00906742362403612,0.028814252714316035,-0.0038426078789436102,-0.06585049588169499,-0.024499888567622044,3
2008.png,L3,0.0456216931343078,1.7700843811035156,0.822267620020429,0.17773237997957103,0.9024663677130045,0.003429271698318744,0.8781960683541051,0.12180393164589487,0.935148447119989,0.0031997305085813554,-0.058452109782009876,0.058452109782009876,0.058452109782009876,0.028814252714316035,0.07734704542091445,0.03746405732202841,0.024884797590351712,3
2009.png,L3,0.0348522663116455,1.6611942052841189,0.9200863930885529,0.07991360691144711,0.9583802024746907,0.003439700306976207,0.9342288904396371,0.06577110956036292,0.9659962117795616,0.003456921687574624,0.028896168631060704,0.028896168631060704,-0.028896168631060704,0.018044825891653737,-0.020471727647209476,-0.01856876476350354,-0.00467114356059746,3
2014.png,L3,0.0156279206275939,0.9421043395996094,0.9489690721649484,0.05103092783505159,0.9738164506744248,0.0021731046360973375,0.9320716112531969,0.06792838874680307,0.9648416816689611,0.004023478308186177,-0.014743067482750893,0.014743067482750893,0.014743067482750893,-0.001179519792397863,-0.049354406723605,-0.016411485577063387,-0.01882424470890727,2
2026.png,L3,0.0091363191604614,0.7441688179969788,0.9282051282051282,0.07179487179487176,0.9627659574468085,0.0016132968690371146,0.9684466019417476,0.03155339805825241,0.9839704069050554,0.00041693869901793343,0.008477117314337423,0.008477117314337423,-0.008477117314337423,-0.007671121259530364,-0.028590462763784824,-0.052786476265614043,-0.02509019487732074,1
2029.png,L3,0.0329712033271789,1.3958834409713743,0.86810551558753,0.13189448441246998,0.9293966623876765,0.001240345181850697,0.9588888888888889,0.0411111111111111,0.979013045944413,0.001426967145885314,-0.017730525819885545,0.017730525819885545,0.017730525819885545,0.016163762907187136,0.031509149853813395,-0.04322876321275536,-0.015836786371772618,2
2031.png,L3,0.0188625454902648,1.082906723022461,0.9165329052969502,0.0834670947030498,0.9564489112227805,0.0022615006881836095,0.9557235421166307,0.04427645788336931,0.97736057426836,0.0029594688314463235,-0.022217819150234575,0.022217819150234575,0.022217819150234575,0.0020551050702730354,-0.01691823985560678,-0.04006341644049714,-0.011349493041423589,2
2039.png,L3,0.0046699047088623,0.5146380066871643,0.9270414993306559,0.07295850066934406,0.962139631816603,0.0030681869593408555,0.9968503937007874,0.0031496062992125706,0.998422712933754,8.08301108346308e-05,-0.0015423364481463864,0.0015423364481463864,0.0015423364481463864,-0.012137535711129462,-0.027426833889312524,-0.08119026802465389,-0.03202497574351178,1
2055.png,L3,0.0194833874702453,1.07892644405365,0.9261887863733144,0.07381121362668563,0.9616801768607222,0.0025171222503049444,0.9660113295568143,0.03398867044318565,0.9827118644067797,0.001515055327716749,-0.016733550694172816,0.016733550694172816,0.016733550694172816,0.0026759470502535354,-0.02657412093197095,-0.0503512038806808,-0.016833761497485347,2
2062.png,L3,0.0074173808097839,0.6362360119819641,0.9769452449567724,0.023054755043227626,0.9883381924198251,0.0006529691722628779,0.9944547134935305,0.00554528650646946,0.9972196478220574,5.349375402656177e-05,-0.0001204378055592592,0.0001204378055592592,0.0001204378055592592,-0.009390059610207863,-0.07733057951542896,-0.078794587817397,-0.033446874386098904,1
2064.png,L3,0.0101109743118286,0.7734435796737671,0.9665738161559888,0.03342618384401119,0.9830028328611898,0.0011345840110579622,0.9827259820160908,0.01727401798390915,0.9912877431674424,0.0007060757228213009,0.0023720050001247994,0.0023720050001247994,-0.0023720050001247994,-0.006696466108163164,-0.0669591507146454,-0.0670658563399573,-0.031195307191533364,2
2065.png,L3,0.0064616799354553,0.7038486003875732,0.9947312961011591,0.005268703898840932,0.9973586899101955,1.943470588523625e-05,1.0,0.0,1.0,0.0,0.0,0.0,-0.0,-0.010345760484536464,-0.09511663065981565,-0.08433987432386646,-0.033567312191658163,1
2066.png,L3,0.0329712033271789,1.3958834409713743,0.9121164846593863,0.08788351534061367,0.9540386184389448,0.003712563149253273,0.7956303325093693,0.20436966749063068,0.8861849993338958,0.013345899023112454,0.05546322529045472,0.05546322529045472,-0.05546322529045472,0.016163762907187136,-0.012501819218042914,0.12002979316676422,0.021895913098796557,2
2075.png,L3,0.0064616799354553,0.7038486003875732,0.8676988036593948,0.13230119634060522,0.9291635267520724,0.003244132006279457,0.9333599361532322,0.0666400638467678,0.965531475748194,0.0009984530619894848,0.012875122033104591,0.012875122033104591,-0.012875122033104591,-0.010345760484536464,0.031915861781948635,-0.017699810477098663,-0.020692190158553572,1
2076.png,L3,0.0120435953140258,0.8772003650665283,0.46377792823290453,0.5362220717670955,0.633672525439408,0.054246872342526,0.12210480072242696,0.877895199277573,0.21763528797633547,0.13300740560275695,-0.5238944429433486,0.5238944429433486,0.5238944429433486,-0.004763845105965963,0.43583673720843885,0.7935553249537065,0.4903271307516905,2
2082.png,L3,0.0089342594146728,0.7475690841674805,0.9727822580645161,0.027217741935483875,0.9862033725089423,0.0012753032896354428,0.953125,0.046875,0.976,0.0013420069719824743,-0.022545675958902556,0.022545675958902556,0.022545675958902556,-0.007873181005318964,-0.07316759262317271,-0.03746487432386646,-0.011021636232755608,1
2108.png,L3,0.0074173808097839,0.6362360119819641,0.9077669902912622,0.09223300970873782,0.9516539440203562,0.0054910972443155985,0.9471260132645541,0.052873986735445855,0.9728451130665153,0.0016226025009404962,-0.01442151532421665,0.01442151532421665,0.01442151532421665,-0.009390059610207863,-0.008152324849918763,-0.0314658875884206,-0.019145796867441514,1
2110.png,L3,0.0074173808097839,0.6362360119819641,0.9838337182448037,0.0161662817551963,0.9918509895227008,0.0006634312853975314,0.9991714995857498,0.0008285004142501995,0.9995855781185247,2.8925274582295494e-05,-0.0004176423279218522,0.0004176423279218522,0.0004176423279218522,-0.009390059610207863,-0.08421905280346029,-0.08351137390961626,-0.03314966986373631,1
2118.png,L3,0.0074173808097839,0.6362360119819641,0.9390243902439024,0.060975609756097615,0.9685534591194969,0.0004195022331256142,0.9814963797264682,0.018503620273531807,0.9906617945594803,0.0004452296363658343,0.0015590005521984862,0.0015590005521984862,-0.0015590005521984862,-0.009390059610207863,-0.03940972480255897,-0.06583625405033465,-0.03200831163945968,1
2127.png,L3,0.0188625454902648,1.082906723022461,0.9414694894146949,0.05853051058530512,0.9698524695317511,0.002203344139536893,0.8332230311052283,0.16677696889477167,0.9090252707581228,0.0040834312341120225,-0.03351248433432952,0.03351248433432952,0.03351248433432952,0.0020551050702730354,-0.04185482397335147,0.08243709457090521,-5.4827857328645924e-05,2
2136.png,L3,0.0348522663116455,1.6611942052841189,0.8545367258761402,0.14546327412385984,0.9215635516438001,0.00833114544217181,0.8697735191637631,0.1302264808362369,0.9303517353831819,0.008768232777542946,0.013100612425451519,0.013100612425451519,-0.013100612425451519,0.018044825891653737,0.04507793956520326,0.045886606512370434,-0.020466699766206645,3
2137.png,L3,0.016930341720581,1.0695478916168213,0.9466975666280417,0.05330243337195828,0.9726190476190476,0.0024532928469582663,0.7954622417880122,0.20453775821198783,0.8860807242549981,0.007451497581579075,0.03356447353324976,0.03356447353324976,-0.03356447353324976,0.0001229013005892357,-0.047082901186698306,0.12019788388812137,-2.8386584084022504e-06,2
2148.png,L3,0.0188625454902648,1.082906723022461,0.9609967497291441,0.03900325027085594,0.980110497237569,0.001034627462193887,0.9972583961617546,0.002741603838245399,0.9986273164035689,7.87016146833127e-05,-8.360893604819619e-05,8.360893604819619e-05,8.360893604819619e-05,0.0020551050702730354,-0.06138208428780065,-0.08159827048562106,-0.03348370325560997,2
2170.png,L3,0.0194833874702453,1.07892644405365,0.973718791064389,0.026281208935611033,0.9866844207723036,0.00039067060787538455,1.0,0.0,1.0,0.0,0.0,0.0,-0.0,0.0026759470502535354,-0.07410412562304555,-0.08433987432386646,-0.033567312191658163,2
2176.png,L3,0.016930341720581,1.0695478916168213,0.9701046337817638,0.029895366218236186,0.9848254931714719,0.0003960848761100543,0.9826187717265353,0.017381228273464666,0.9912331969608417,0.00017612253053672031,-0.0056201766702213,0.0056201766702213,0.0056201766702213,0.0001229013005892357,-0.0704899683404204,-0.06695864605040179,-0.027947135521436864,2
2178.png,L3,0.0064616799354553,0.7038486003875732,0.9583005507474429,0.041699449252557086,0.9787063077541182,0.0019437079148078324,0.957140316556998,0.04285968344300195,0.97810086324398,0.002071911633028968,-0.00040564115843988446,0.00040564115843988446,0.00040564115843988446,-0.010345760484536464,-0.0586858853060995,-0.041480190880864506,-0.03316167103321828,1
2182.png,L3,0.0091363191604614,0.7441688179969788,0.9557057057057057,0.04429429429429432,0.9773512476007677,0.001488940397626983,1.0,0.0,1.0,0.0,0.0,0.0,-0.0,-0.007671121259530364,-0.05609104026436226,-0.08433987432386646,-0.033567312191658163,1
2188.png,L3,0.0046699047088623,0.5146380066871643,0.9931972789115646,0.006802721088435382,0.9965870307167235,0.0003152785584733487,1.0,0.0,1.0,0.0,0.0,0.0,-0.0,-0.012137535711129462,-0.0935826134702212,-0.08433987432386646,-0.033567312191658163,1
2208.png,L3,0.0329712033271789,1.3958834409713743,0.8785545023696683,0.12144549763033174,0.9353516240933459,0.007891764330109265,0.8407550822846079,0.15924491771539206,0.913489350512753,0.004023227956645254,-0.06307445660048183,0.06307445660048183,0.06307445660048183,0.016163762907187136,0.02106016307167516,0.07490504339152561,0.02950714440882367,2
2211.png,L3,0.02633798122406,1.236548662185669,0.9184704184704184,0.08152958152958156,0.9575028206092516,0.0012421318849763804,0.6939785205743936,0.3060214794256064,0.8193474853967802,0.010343298306114317,-0.007791534558386326,0.007791534558386326,0.007791534558386326,0.009530540804068236,-0.018855753029075023,0.22168160510173995,-0.025775777633271837,2
2213.png,L3,0.0348522663116455,1.6611942052841189,0.0,1.0,0.0,0.23408992353149566,0.0,1.0,0.0,0.2325459946518317,-0.0009310087836168,0.0009310087836168,0.0009310087836168,0.018044825891653737,0.8996146654413434,0.9156601256761335,-0.03263630340804136,3
2214.png,L3,0.0046699047088623,0.5146380066871643,0.9581646423751687,0.04183535762483126,0.9786354238456237,0.00024356909302985884,0.9690265486725663,0.030973451327433676,0.9842696629213483,0.001203493333919249,0.003532029764875877,0.003532029764875877,-0.003532029764875877,-0.012137535711129462,-0.058549976933825326,-0.05336642299643278,-0.030035282426782287,1
2221.png,L3,0.0188625454902648,1.082906723022461,0.8975206611570248,0.10247933884297522,0.945993031358885,0.003923931850799144,0.9840499306518724,0.015950069348127593,0.9919608528486543,0.0004434312976215394,-0.001476277552022287,0.001476277552022287,0.001476277552022287,0.0020551050702730354,0.0020940042843186346,-0.06838980497573886,-0.032091034639635876,2
2226.png,L3,0.0156279206275939,0.9421043395996094,0.9327671620665251,0.0672328379334749,0.9652142072500915,0.0028824730049857843,0.9899071457408155,0.010092854259184492,0.9949279772773382,0.000302159942038875,0.0005401587042557221,0.0005401587042557221,-0.0005401587042557221,-0.001179519792397863,-0.03315249662518169,-0.07424702006468197,-0.03302715348740244,2
2227.png,L3,0.0408195853233337,1.605685114860535,0.7165413533834587,0.2834586466165413,0.8348664038545773,0.014893276187456039,0.5725240447101637,0.4274759552898363,0.728159352012563,0.016606087965982463,0.02299625720069498,0.02299625720069498,-0.02299625720069498,0.024012144903341935,0.1830733120578847,0.3431360809659698,-0.010571054990963183,3
2237.png,L3,0.0120435953140258,0.8772003650665283,0.9683908045977011,0.031609195402298895,0.983941605839416,0.001259035010109435,0.9280328992460589,0.07196710075394108,0.9626733025239957,0.0012402234561698822,0.0345369647263738,0.0345369647263738,-0.0345369647263738,-0.004763845105965963,-0.06877613915635769,-0.012372773569925374,0.0009696525347156343,2
2241.png,L3,0.0064616799354553,0.7038486003875732,0.9490861618798956,0.050913838120104415,0.9738780977896851,0.0017771964796277672,0.9429044630404463,0.05709553695955372,0.9706133070124277,0.0028580865709637252,-0.016851585073620057,0.016851585073620057,0.016851585073620057,-0.010345760484536464,-0.04947149643855217,-0.02724433736431274,-0.016715727118038107,1
2244.png,L3,0.0064616799354553,0.7038486003875732,0.9615384615384616,0.038461538461538436,0.9803921568627451,0.0012278525976193902,0.9901960784313726,0.009803921568627416,0.9950738916256158,0.00018077562312343736,-0.003268194889039844,0.003268194889039844,0.003268194889039844,-0.010345760484536464,-0.06192379609711815,-0.07453595275523904,-0.03029911730261832,1
2245.png,L3,0.0479846000671386,1.8450289964675903,0.9902120717781403,0.009787928221859699,0.9950819672131147,0.00021981641356079394,1.0,0.0,1.0,0.0,0.0,0.0,-0.0,0.03117715964714684,-0.09059740633679689,-0.08433987432386646,-0.033567312191658163,3
2246.png,L3,0.0101109743118286,0.7734435796737671,0.9982578397212544,0.0017421602787456303,0.999128160418483,6.474117597542482e-05,1.0,0.0,1.0,0.0,0.0,0.0,-0.0,-0.006696466108163164,-0.09864317427991096,-0.08433987432386646,-0.033567312191658163,2
2248.png,L3,0.0408195853233337,1.605685114860535,0.9486166007905138,0.0513833992094862,0.973630831643002,0.0023419760673223616,0.9909541873358623,0.009045812664137731,0.9954565440422102,0.0002539591334768219,0.003046348862090653,0.003046348862090653,-0.003046348862090653,0.024012144903341935,-0.049001935349170384,-0.07529406165972873,-0.03052096332956751,3
2259.png,L3,0.0091363191604614,0.7441688179969788,0.9530842745438749,0.0469157254561251,0.9759786476868327,0.002105249632869974,0.9970059880239521,0.0029940119760478723,0.9985007496251874,6.192393453145324e-05,-0.0013818234760119008,0.0013818234760119008,0.0013818234760119008,-0.007671121259530364,-0.053469609102531485,-0.08134586234781858,-0.03218548871564626,1
2272.png,L3,0.0194833874702453,1.07892644405365,0.9125766871165644,0.08742331288343563,0.9542902967121091,0.005660060337420132,0.916135881104034,0.08386411889596601,0.9562326869806094,0.001439220878058883,-0.02431064481041889,0.02431064481041889,0.02431064481041889,0.0026759470502535354,-0.012962021675220953,-0.00047575542790044556,-0.009256667381239272,2
2277.png,L3,0.0074173808097839,0.6362360119819641,0.9680207433016422,0.03197925669835777,0.9837505489679402,0.0005322335953531823,0.9746563573883161,0.02534364261168387,0.9871655427452687,0.0008333742484530089,-0.0025840525840525874,0.0025840525840525874,0.0025840525840525874,-0.009390059610207863,-0.06840607786029881,-0.05899623171218259,-0.030983259607605576,1
2278.png,L3,0.0064616799354553,0.7038486003875732,0.9691577698695136,0.03084223013048637,0.9843373493975903,0.00082767413642324,1.0,0.0,1.0,0.0,0.0,0.0,-0.0,-0.010345760484536464,-0.06954310442817022,-0.08433987432386646,-0.033567312191658163,1
2293.png,L3,0.0120435953140258,0.8772003650665283,0.8695917123705058,0.1304082876294942,0.9302477183833116,0.006770050451611233,0.8048106165330384,0.19518938346696157,0.8918504901960784,0.011804169573715394,-0.08393450653240703,0.08393450653240703,0.08393450653240703,-0.004763845105965963,0.030022953070837605,0.11084950914309512,0.050367194340748864,2
2326.png,L3,0.0074173808097839,0.6362360119819641,0.9492979719188768,0.05070202808112323,0.9739895958383353,0.002974822449413029,0.8799701325368676,0.12002986746313238,0.9361533114884322,0.006879361756110071,-0.008821648308492192,0.008821648308492192,0.008821648308492192,-0.009390059610207863,-0.04968330647753336,0.03568999313926592,-0.024745663883165972,1
2344.png,L3,0.016930341720581,1.0695478916168213,0.8748499399759904,0.12515006002400964,0.9332479590203298,0.004181672975508,0.9701043043925371,0.029895695607462858,0.9848253234405876,0.0017444646377181006,0.013314955051593302,0.013314955051593302,-0.013314955051593302,0.0001229013005892357,0.02476472546535305,-0.0544441787164036,-0.02025235714006486,2
2353.png,L3,0.0064616799354553,0.7038486003875732,0.8821989528795812,0.11780104712041883,0.9374130737134909,0.0029243491653655053,0.9295774647887324,0.07042253521126762,0.9635036496350365,0.00046216952929788906,-0.00536075068095887,0.00536075068095887,0.00536075068095887,-0.010345760484536464,0.017415712561762248,-0.013917339112598834,-0.028206561510699293,1
2364.png,L3,0.016930341720581,1.0695478916168213,0.8512195121951219,0.14878048780487807,0.919631093544137,0.00613284068894221,0.9290393013100436,0.07096069868995636,0.9632144878324844,0.0006596026501971986,-0.006744869858202329,0.006744869858202329,0.006744869858202329,0.0001229013005892357,0.048395153246221484,-0.013379175633910098,-0.026822442333455834,2
2384.png,L3,0.0194833874702453,1.07892644405365,0.939209726443769,0.06079027355623101,0.9686520376175548,0.00021735271860343045,1.0,0.0,1.0,0.0,0.0,0.0,-0.0,0.0026759470502535354,-0.039595061002425574,-0.08433987432386646,-0.033567312191658163,2
2386.png,L3,0.0074173808097839,0.6362360119819641,0.9700499168053245,0.029950083194675514,0.9847972972972973,0.0006922226737868523,0.9508724832214765,0.04912751677852345,0.97481766891427,0.001950187934581144,-0.020685339919214285,0.020685339919214285,0.020685339919214285,-0.009390059610207863,-0.07043525136398107,-0.03521235754534301,-0.012881972272443878,1
2388.png,L3,0.016930341720581,1.0695478916168213,0.8532351394003156,0.1467648605996844,0.9208061311382345,0.009735815174368438,0.9812409812409812,0.018759018759018753,0.9905316824471959,0.000220507372470987,-0.00640985638689906,0.00640985638689906,0.00640985638689906,0.0001229013005892357,0.046379526041027824,-0.0655808555648477,-0.027157455804759104,2
2389.png,L3,0.0408195853233337,1.605685114860535,0.4863269111249223,0.5136730888750777,0.6544010035542547,0.012847018316947987,0.37821211649275815,0.6217878835072419,0.5488445674896887,0.0313508566900637,-0.24026001970087074,0.24026001970087074,0.24026001970087074,0.024012144903341935,0.41328775431642106,0.5374480091833754,0.2066927075092126,3
2392.png,L3,0.0101609826087951,0.7942003607749939,0.9911634756995582,0.008836524300441795,0.9955621301775148,0.000299710621767664,1.0,0.0,1.0,0.0,0.0,0.0,-0.0,-0.006646457811196663,-0.09154881025821479,-0.08433987432386646,-0.033567312191658163,2
2395.png,L3,0.0408195853233337,1.605685114860535,0.8790697674418605,0.1209302325581395,0.9356435643564357,0.005669061178253453,0.965877914951989,0.03412208504801095,0.98264282599215,0.0017259059039261913,-0.0156064616631717,0.0156064616631717,0.0156064616631717,0.024012144903341935,0.02054489799948292,-0.050217789275855504,-0.017960850528486463,3
2399.png,L3,0.0046699047088623,0.5146380066871643,0.9242424242424242,0.0757575757575758,0.9606299212598425,0.000835937442292986,0.9065910082933217,0.09340899170667827,0.951007326007326,0.0032138225331177473,0.022419513762657828,0.022419513762657828,-0.022419513762657828,-0.012137535711129462,-0.024627758801080785,0.009069117382811812,-0.011147798429000336,1
2400.png,L3,0.0156279206275939,0.9421043395996094,0.91438127090301,0.08561872909698998,0.9552760307477288,0.004097441191004303,0.9629731970157502,0.03702680298424976,0.9811373873873874,0.000371409252494831,0.008908122743140567,0.008908122743140567,-0.008908122743140567,-0.001179519792397863,-0.01476660546166661,-0.047313071339616694,-0.024659189448517596,2
2401.png,L3,0.0042782425880432,0.4844698309898376,0.9878234398782344,0.0121765601217656,0.9938744257274119,0.00046427811851864167,1.0,0.0,1.0,0.0,0.0,0.0,-0.0,-0.012529197831948564,-0.08820877443689099,-0.08433987432386646,-0.033567312191658163,1
2406.png,L3,0.0329712033271789,1.3958834409713743,0.8474114441416893,0.15258855585831066,0.9174041297935103,0.0065946327375027225,0.9960036889025515,0.003996311097448468,0.9979978438318189,0.00016619516826991705,2.372409249196128e-05,2.372409249196128e-05,-2.372409249196128e-05,0.016163762907187136,0.05220322129965407,-0.08034356322641799,-0.0335435880991662,2
2423.png,L3,0.0479846000671386,1.8450289964675903,0.8347266881028939,0.16527331189710615,0.909919383105503,0.007055267358432943,0.8740112994350282,0.1259887005649718,0.9327705758215254,0.005289640910637476,-0.05943165022601726,0.05943165022601726,0.05943165022601726,0.03117715964714684,0.06488797733844956,0.041648826241105344,0.0258643380343591,3
2424.png,L3,0.004750370979309,0.5182440876960754,0.9736842105263158,0.02631578947368418,0.9866666666666667,0.0014519592770256087,0.9715521165225307,0.028447883477469293,0.9855708184231791,0.0016809481192140265,0.00348576108426657,0.00348576108426657,-0.00348576108426657,-0.012057069440682765,-0.0740695450849724,-0.05589199084639716,-0.030081551107391594,1
2430.png,L3,0.016930341720581,1.0695478916168213,0.8516918646508279,0.1483081353491721,0.9199066874027994,0.0072651779258641755,0.9781998704942801,0.021800129505719856,0.9889798145117294,0.0010601515008811216,0.004076502394080195,0.004076502394080195,-0.004076502394080195,0.0001229013005892357,0.0479228007905155,-0.0625397448181466,-0.02949080979757797,2
2442.png,L3,0.0066348910331726,0.6619601845741272,0.9674728940783986,0.03252710592160135,0.983467571004663,0.0011634585035257665,0.9626256281407035,0.037374371859296485,0.980956953112498,0.0016065524159550085,0.0015921818824120582,0.0015921818824120582,-0.0015921818824120582,-0.010172549386819163,-0.06785822863705523,-0.04696550246456997,-0.031975130309246105,1
2459.png,L3,0.016930341720581,1.0695478916168213,0.9072812991094814,0.09271870089051859,0.9513869815984619,0.004018666675291319,0.940527649426144,0.059472350573856025,0.969352484829864,0.0013671049178265566,0.02665708523480903,0.02665708523480903,-0.02665708523480903,0.0001229013005892357,-0.007666633668137995,-0.02486752375001043,-0.006910226956849133,2
2472.png,L3,0.0194833874702453,1.07892644405365,0.9125315391084945,0.0874684608915055,0.9542656112576957,0.0027699457558449715,0.9948364888123924,0.005163511187607606,0.997411561691113,5.552378393793476e-05,-0.001475951788677654,0.001475951788677654,0.001475951788677654,0.0026759470502535354,-0.01291687366715108,-0.07917636313625885,-0.03209136040298051,2
2474.png,L3,0.0456216931343078,1.7700843811035156,0.8244274809160306,0.17557251908396942,0.9037656903765691,0.004434915071702147,0.9616504854368932,0.03834951456310676,0.9804503835684236,0.00040456004010280626,-0.010901441354567831,0.010901441354567831,0.010901441354567831,0.028814252714316035,0.07518718452531284,-0.0459903597607597,-0.022665870837090332,3
2486.png,L3,0.0348522663116455,1.6611942052841189,0.8884083044982699,0.11159169550173009,0.9409070087036189,0.004962177737300486,0.992603550295858,0.007396449704141994,0.9962880475129918,0.00023115000008587977,-0.001602467911808958,0.001602467911808958,0.001602467911808958,0.018044825891653737,0.011206360943073507,-0.07694342461972446,-0.031964844279849206,3
2489.png,L3,0.02633798122406,1.236548662185669,0.7773766546329723,0.22262334536702766,0.8747461069735951,0.0065404425742526156,0.9408585546633724,0.059141445336627574,0.9695282043121967,0.0006250127319617954,-0.0272749446820586,0.0272749446820586,0.0272749446820586,0.009530540804068236,0.12223801080837107,-0.025198428987238883,-0.006292367509599564,2
2503.png,L3,0.0101609826087951,0.7942003607749939,0.9430851063829787,0.05691489361702129,0.9707090062961949,0.0034759954374064157,1.0,0.0,1.0,0.0,0.0,0.0,-0.0,-0.006646457811196663,-0.0434704409416353,-0.08433987432386646,-0.033567312191658163,2
2504.png,L3,0.0156279206275939,0.9421043395996094,0.8279376498800959,0.17206235011990412,0.9058707773040341,0.005637222563721547,0.970126582278481,0.02987341772151897,0.9848368028784374,0.0029340181818976125,0.008637813835769115,0.008637813835769115,-0.008637813835769115,-0.001179519792397863,0.07167701556124753,-0.05446645660234749,-0.02492949835588905,2
2511.png,L3,0.0101609826087951,0.7942003607749939,0.9494163424124513,0.05058365758754868,0.9740518962075848,0.0018978989856436959,0.8834827144686299,0.11651728553137009,0.938137321549966,0.006442846674697665,0.009604746518422191,0.009604746518422191,-0.009604746518422191,-0.006646457811196663,-0.049801676971107905,0.03217741120750363,-0.023962565673235972,2
2520.png,L3,0.0120435953140258,0.8772003650665283,0.9254405784003615,0.07455942159963846,0.9612766956113589,0.0038961031520868493,0.948559670781893,0.05144032921810704,0.9736008447729673,0.0032768467018998264,0.014145786629109702,0.014145786629109702,-0.014145786629109702,-0.004763845105965963,-0.02582591295901812,-0.03289954510575942,-0.01942152556254846,2
2522.png,L3,0.0074173808097839,0.6362360119819641,0.979187314172448,0.020812685827552024,0.9894842263395093,0.0009904928843897742,1.0,0.0,1.0,0.0,0.0,0.0,-0.0,-0.009390059610207863,-0.07957264873110456,-0.08433987432386646,-0.033567312191658163,1
2523.png,L3,0.0194833874702453,1.07892644405365,0.9236545682102628,0.07634543178973718,0.9603122966818478,0.0020735017091566936,0.9985089463220675,0.0014910536779324524,0.9992539169360856,1.8423462825740535e-05,0.0003110389074254538,0.0003110389074254538,-0.0003110389074254538,0.0026759470502535354,-0.024039902768919402,-0.082848820645934,-0.03325627328423271,2
2532.png,L3,0.016930341720581,1.0695478916168213,0.7560975609756098,0.24390243902439024,0.8611111111111112,0.008712023689313989,0.5416045594037703,0.4583954405962297,0.7026504379479013,0.024110814532646883,-0.06762457168304847,0.06762457168304847,0.06762457168304847,0.0001229013005892357,0.14351710446573365,0.37405556627236325,0.03405725949139031,2
2533.png,L3,0.0156279206275939,0.9421043395996094,0.8812005002084202,0.11879949979157978,0.9368491025925105,0.009487737539724504,0.8014043177530916,0.19859568224690838,0.889755075920647,0.01303215093376392,0.0018442343720291854,0.0018442343720291854,-0.0018442343720291854,-0.001179519792397863,0.01841416523292319,0.11425580792304192,-0.03172307781962898,2
2537.png,L3,0.0066348910331726,0.6619601845741272,0.939329050678087,0.06067094932191297,0.9687154950312845,0.0003210114426990279,0.8540112994350283,0.1459887005649717,0.9212579229644076,0.003226599922351545,-0.006367123629087645,0.006367123629087645,0.006367123629087645,-0.010172549386819163,-0.039714385236743616,0.06164882624110525,-0.027200188562570518,1
2542.png,L3,0.0074173808097839,0.6362360119819641,0.9319727891156463,0.0680272108843537,0.9647887323943662,0.003007783243170239,0.9984466019417476,0.0015533980582523865,0.9992226972405752,5.102704399289729e-05,-0.0004201153653800027,0.0004201153653800027,0.0004201153653800027,-0.009390059610207863,-0.03235812367430288,-0.08278647626561407,-0.03314719682627816,1
2545.png,L3,0.0074173808097839,0.6362360119819641,0.9067484662576687,0.0932515337423313,0.9510939510939511,0.003038346350517586,0.9717847769028871,0.028215223097112885,0.9856905158069883,0.0008047643696636818,-0.0021307759706675755,0.0021307759706675755,0.0021307759706675755,-0.009390059610207863,-0.007133800816325281,-0.05612465122675357,-0.03143653622099059,1
2555.png,L3,0.02633798122406,1.236548662185669,0.8154158215010142,0.18458417849898578,0.8983240223463688,0.009617142906064335,0.7064207834163414,0.2935792165836586,0.8279561410428334,0.02050794086745957,0.0,0.0,-0.0,0.009530540804068236,0.0841988439403292,0.20923934225979213,-0.033567312191658163,2
2556.png,L3,0.016930341720581,1.0695478916168213,0.9336188436830836,0.06638115631691643,0.9656699889258029,0.0034275532591965,0.9894870978018477,0.010512902198152263,0.9947157726180945,0.0005885423170783122,-0.005170048488973511,0.005170048488973511,0.005170048488973511,0.0001229013005892357,-0.03400417824174015,-0.0738269721257142,-0.028397263702684652,2
2557.png,L3,0.0064616799354553,0.7038486003875732,0.933997509339975,0.06600249066002495,0.9658725048293625,0.0010058942716817466,0.9984683458134785,0.0015316541865214583,0.9992335859661075,9.714317645314908e-05,-0.0007677068504908791,0.0007677068504908791,0.0007677068504908791,-0.010345760484536464,-0.03438284389863164,-0.082808220137345,-0.032799605341167284,1
2565.png,L3,0.0042782425880432,0.4844698309898376,0.9887403237156932,0.011259676284306797,0.9943382873319179,0.0005489998323337662,1.0,0.0,1.0,0.0,0.0,0.0,-0.0,-0.012529197831948564,-0.08912565827434979,-0.08433987432386646,-0.033567312191658163,1
2575.png,L3,0.0456216931343078,1.7700843811035156,0.8738738738738738,0.12612612612612617,0.9326923076923077,0.005167397731123984,0.9867526581837197,0.01324734181628029,0.9933321635374627,0.0005920810747585927,-0.0014012210703989725,0.0014012210703989725,0.0014012210703989725,0.028814252714316035,0.025740791567469584,-0.07109253250758617,-0.03216609112125919,3
2577.png,L3,0.0329712033271789,1.3958834409713743,0.9605263157894737,0.03947368421052633,0.9798657718120806,0.00015160344559365891,0.9634200088144557,0.036579991185544336,0.9813692480359147,0.0017146996846550354,0.01822448091433182,0.01822448091433182,-0.01822448091433182,0.016163762907187136,-0.06091165034813026,-0.04775988313832212,-0.015342831277326344,2
2581.png,L3,0.0091363191604614,0.7441688179969788,0.9042495965572889,0.09575040344271113,0.9497175141242938,0.005778381470625014,0.8673631614808085,0.1326368385191915,0.92897105327171,0.008504433449566296,-0.016955317712611384,0.016955317712611384,0.016955317712611384,-0.007671121259530364,-0.0046349311159454565,0.048296964195325046,-0.01661199447904678,1
2582.png,L3,0.0046699047088623,0.5146380066871643,0.955071477195371,0.044928522804629,0.9770194986072424,0.0027547990161510606,0.9403741231488698,0.05962587685113019,0.9692709379393453,0.002984974094466485,-0.020432874525264322,0.020432874525264322,0.020432874525264322,-0.012137535711129462,-0.055456811754027585,-0.024713997472736268,-0.013134437666393842,1
2589.png,L3,0.0329712033271789,1.3958834409713743,0.9945652173913043,0.005434782608695676,0.997275204359673,0.00023997538503068045,1.0,0.0,1.0,0.0,0.0,0.0,-0.0,0.016163762907187136,-0.09495055194996091,-0.08433987432386646,-0.033567312191658163,2
2590.png,L3,0.004750370979309,0.5182440876960754,0.9839228295819936,0.01607717041800638,0.9918962722852512,0.0002400321666323165,1.0,0.0,1.0,0.0,0.0,0.0,-0.0,-0.012057069440682765,-0.0843081641406502,-0.08433987432386646,-0.033567312191658163,1
2591.png,L3,0.0046699047088623,0.5146380066871643,0.9756838905775076,0.024316109422492405,0.9876923076923076,0.0008505630813026205,0.8748890860692103,0.12511091393078966,0.9332702318977757,0.002385058818594566,0.04556794452388535,0.04556794452388535,-0.04556794452388535,-0.012137535711129462,-0.07606922513616418,0.0407710396069232,0.012000632332227187,1
2592.png,L3,0.0091363191604614,0.7441688179969788,0.9700772200772201,0.02992277992277992,0.984811366976972,0.00129996656514664,0.9584763212079616,0.04152367879203844,0.9787979674084458,0.0014747672342907254,-0.020372174787461006,0.020372174787461006,0.020372174787461006,-0.007671121259530364,-0.07046255463587667,-0.042816195531828014,-0.013195137404197158,1
2593.png,L3,0.0101609826087951,0.7942003607749939,0.9120111731843575,0.08798882681564246,0.9539810080350621,0.004767814646317856,0.9713907284768212,0.028609271523178825,0.9854877721042731,0.0006555205961988919,-0.002320375523374829,0.002320375523374829,0.002320375523374829,-0.006646457811196663,-0.012396507743014124,-0.05573060280068763,-0.031246936668283334,2
2594.png,L3,0.0348522663116455,1.6611942052841189,0.8485742379547689,0.15142576204523106,0.9180851063829787,0.007193022690464965,0.977079240340537,0.022920759659463052,0.9884067572043723,0.0003125915501416816,-0.010299569158045196,0.010299569158045196,0.010299569158045196,0.018044825891653737,0.051040427486574474,-0.061419114664403404,-0.023267743033612967,3
2602.png,L3,0.0091363191604614,0.7441688179969788,0.9610866372980911,0.03891336270190893,0.9801572444777237,0.0016880021866368443,0.9843857634902411,0.015614236509758905,0.9921314510529969,0.0006323644670373658,0.006851662969386996,0.006851662969386996,-0.006851662969386996,-0.007671121259530364,-0.06147197185674766,-0.06872563781410755,-0.026715649222271168,1
2605.png,L3,0.0456216931343078,1.7700843811035156,0.8291139240506329,0.1708860759493671,0.9065743944636678,0.0016846525487823746,0.9419391206313416,0.05806087936865845,0.9701015965166908,0.000650857231389727,0.019021282733186984,0.019021282733186984,-0.019021282733186984,0.028814252714316035,0.07050074139071053,-0.02627899495520801,-0.01454602945847118,3
2608.png,L3,0.0042782425880432,0.4844698309898376,0.9685938615274804,0.03140613847251961,0.9840464104423495,0.0013526073607452419,1.0,0.0,1.0,0.0,0.0,0.0,-0.0,-0.012529197831948564,-0.06897919608613698,-0.08433987432386646,-0.033567312191658163,1
2609.png,L3,0.0479846000671386,1.8450289964675903,0.887905604719764,0.11209439528023601,0.940625,0.0005243567771576373,0.8616262482168331,0.1383737517831669,0.9256704980842911,0.0009376850281755477,0.03228569001962853,0.03228569001962853,-0.03228569001962853,0.03117715964714684,0.011709060721579428,0.05403387745930045,-0.0012816221720296367,3
2623.png,L3,0.0046699047088623,0.5146380066871643,0.5093655589123867,0.49063444108761334,0.6749399519615693,0.044570122349947665,0.05614973262032086,0.9438502673796791,0.10632911392405063,0.06252305151221794,0.41800210849933195,0.41800210849933195,-0.41800210849933195,-0.012137535711129462,0.3902491065289567,0.8595103930558127,0.3844347963076738,1
2656.png,L3,0.0329712033271789,1.3958834409713743,0.9406719085060757,0.05932809149392426,0.9694290976058931,0.0030455470263055177,0.9235124205661467,0.07648757943385331,0.9602354637193657,0.0026100816275392126,0.031123161484851725,0.031123161484851725,-0.031123161484851725,0.016163762907187136,-0.041057243064732324,-0.007852294890013142,-0.002444150706806439,2
2660.png,L3,0.0046699047088623,0.5146380066871643,0.987129266927812,0.012870733072188001,0.9935229512813292,0.0006387562231195254,1.0,0.0,1.0,0.0,0.0,0.0,-0.0,-0.012137535711129462,-0.08751460148646859,-0.08433987432386646,-0.033567312191658163,1
2680.png,L3,0.0074173808097839,0.6362360119819641,0.9509132420091324,0.04908675799086759,0.9748390871854886,0.0013938136748785225,0.9990583804143126,0.0009416195856873921,0.9995289684408856,2.4431827943344567e-05,0.0004551503859462347,0.0004551503859462347,-0.0004551503859462347,-0.009390059610207863,-0.051298576567788995,-0.08339825473817906,-0.03311216180571193,1
2685.png,L3,0.0066348910331726,0.6619601845741272,0.9526315789473684,0.047368421052631615,0.9757412398921833,0.0012781380912354073,0.9983633387888707,0.0016366612111292644,0.9991809991809992,3.159273051631668e-05,-0.0007774453873301557,0.0007774453873301557,0.0007774453873301557,-0.010172549386819163,-0.05301691350602497,-0.08270321311273719,-0.03278986680432801,1
2701.png,L3,0.0101609826087951,0.7942003607749939,0.9319183019623548,0.06808169803764519,0.964759535655058,0.0027352661396807323,0.9985153764581124,0.0014846235418876086,0.9992571367929534,7.820027866429597e-06,-0.0007337111618266334,0.0007337111618266334,0.0007337111618266334,-0.006646457811196663,-0.0323036365210114,-0.08285525078197885,-0.03283360102983153,2
2703.png,L3,0.0479846000671386,1.8450289964675903,0.8441558441558441,0.1558441558441559,0.9154929577464789,0.003434897399237078,0.4208966283808818,0.5791033716191182,0.5924380704041721,0.024803817765245217,0.13241929595844482,0.13241929595844482,-0.13241929595844482,0.03117715964714684,0.05545882128549931,0.4947634972952517,0.09885198376678665,3
2705.png,L3,0.0194833874702453,1.07892644405365,0.8681556195965417,0.13184438040345825,0.9294253760123409,0.0029607410309013316,0.9975389663658737,0.0024610336341263084,0.9987679671457905,5.9160859126968124e-05,0.000398353293982856,0.000398353293982856,-0.000398353293982856,0.0026759470502535354,0.031459045844801664,-0.08187884068974015,-0.03316895889767531,2
2706.png,L3,0.0066348910331726,0.6619601845741272,0.9656140350877193,0.03438596491228074,0.982506247768654,0.001088932877435604,0.9937032664305392,0.006296733569460811,0.9968416896960126,0.0003008312674808082,0.0021880710451271934,0.0021880710451271934,-0.0021880710451271934,-0.010172549386819163,-0.06599936964637584,-0.07804314075440565,-0.03137924114653097,1
2716.png,L3,0.0101609826087951,0.7942003607749939,0.9356025758969642,0.06439742410303584,0.9667300380228137,0.003120024731771122,0.927071178529755,0.07292882147024504,0.9621556161065697,0.0028931623851994282,-0.0010745806361671661,0.0010745806361671661,0.0010745806361671661,-0.006646457811196663,-0.03598791045562075,-0.011411052853621415,-0.032492731555491,2
2720.png,L3,0.0479846000671386,1.8450289964675903,0.612012987012987,0.387987012987013,0.7593152064451159,0.037094595828591564,0.38303623141772314,0.6169637685822769,0.5539062863524266,0.03654396593458175,0.2448522479595172,0.2448522479595172,-0.2448522479595172,0.03117715964714684,0.2876016784283564,0.5326238942584104,0.21128493576785906,3
2721.png,L3,0.0329712033271789,1.3958834409713743,0.9222139117427075,0.0777860882572925,0.9595330739299611,0.003436429959482822,0.93528133301135,0.06471866698865003,0.9665585225854754,0.0017750650254164608,-0.029236865716677163,0.029236865716677163,0.029236865716677163,0.016163762907187136,-0.02259924630136409,-0.019621207335216426,-0.004330446474981001,2
2723.png,L3,0.004750370979309,0.5182440876960754,0.9753772835583797,0.024622716441620285,0.987535182951347,0.0008833881288485914,0.924874297545105,0.07512570245489503,0.9609711124769514,0.0038202825211048775,-0.009753024117138298,0.009753024117138298,0.009753024117138298,-0.012057069440682765,-0.0757626181170363,-0.00921417186897143,-0.023814288074519865,1
2740.png,L3,0.0074173808097839,0.6362360119819641,0.5902497985495568,0.40975020145044316,0.7423359513554598,0.03547390376578855,0.6432592895895178,0.35674071041048216,0.7829066218152371,0.028700221404242703,0.19699629244851047,0.19699629244851047,-0.19699629244851047,-0.009390059610207863,0.30936486689178655,0.2724008360866157,0.16342898025685232,1
2752.png,L3,0.0074173808097839,0.6362360119819641,0.9809220985691574,0.019077901430842648,0.9903691813804173,0.0006110345304822678,0.8831488314883149,0.11685116851168509,0.937949052906597,0.002685918353364937,0.04588187184103021,0.04588187184103021,-0.04588187184103021,-0.009390059610207863,-0.08130743312781394,0.03251129418781863,0.012314559649372045,1
2754.png,L3,0.0479846000671386,1.8450289964675903,0.9035679845708775,0.0964320154291225,0.9493414387031408,0.00047777030177795834,0.558109833971903,0.44189016602809705,0.7163934426229508,0.01479585942100195,0.24790047993496633,0.24790047993496633,-0.24790047993496633,0.03117715964714684,-0.003953319129534089,0.3575502917042306,0.21433316774330818,3
2766.png,L3,0.0091363191604614,0.7441688179969788,0.952063914780293,0.04793608521970705,0.975443383356071,0.0022896739965990068,0.9166220317800393,0.08337796821996069,0.9564974382859804,0.002796434186346889,0.026353967551781654,0.026353967551781654,-0.026353967551781654,-0.007671121259530364,-0.05244924933894954,-0.0009619061039057714,-0.007213344639876509,1
2768.png,L3,0.0120435953140258,0.8772003650665283,0.7617620617320947,0.2382379382679053,0.8647729205647219,0.011974496877328733,0.9065989847715736,0.09340101522842637,0.9510117145899893,0.008383720466117009,-0.023444529864403485,0.023444529864403485,0.023444529864403485,-0.004763845105965963,0.1378526037092487,0.009061140904559908,-0.010122782327254679,2
2771.png,L3,0.0089342594146728,0.7475690841674805,0.966900702106319,0.033099297893681046,0.9831718510963794,0.001994626825544189,0.9672494172494173,0.032750582750582735,0.9833520943183838,0.0017404720592453574,-0.013558106163581884,0.013558106163581884,0.013558106163581884,-0.007873181005318964,-0.06728603666497554,-0.05158929157328372,-0.02000920602807628,1
2781.png,L3,0.0101609826087951,0.7942003607749939,0.9797608095676172,0.02023919043238276,0.9897769516728625,0.0004617051501400317,0.9899328859060402,0.010067114093959773,0.9949409780775716,0.00023131094463563125,0.004165452972052841,0.004165452972052841,-0.004165452972052841,-0.006646457811196663,-0.08014614412627383,-0.07427276022990668,-0.029401859219605322,2
2782.png,L3,0.0120435953140258,0.8772003650665283,0.9479166666666666,0.05208333333333337,0.9732620320855615,0.0020782607428448388,0.9909831297265852,0.009016870273414801,0.9954711468224982,0.00028479797430083114,-0.001439251220144655,0.001439251220144655,0.001439251220144655,-0.004763845105965963,-0.048302001225323216,-0.07532300405045166,-0.03212806097151351,2
2784.png,L3,0.0046699047088623,0.5146380066871643,0.9335907335907336,0.06640926640926637,0.9656549520766773,0.0030342029183187636,0.791832229580574,0.20816777041942602,0.8838240729333497,0.0072365416008832815,0.06597475516630269,0.06597475516630269,-0.06597475516630269,-0.012137535711129462,-0.03397606814939022,0.12382789609555957,0.032407442974644526,1
2787.png,L3,0.0101609826087951,0.7942003607749939,0.9125711329539575,0.08742886704604247,0.9542872599404922,0.006488920002037288,0.9156881413307945,0.08431185866920554,0.9559887348832072,0.006682149800163006,-0.03255757813081073,0.03255757813081073,0.03255757813081073,-0.006646457811196663,-0.012956467512614117,-2.8015654660915046e-05,-0.0010097340608474364,2
2794.png,L3,0.0064616799354553,0.7038486003875732,0.9571865443425076,0.042813455657492394,0.978125,0.0005616386409256943,0.6498966230186078,0.35010337698139216,0.7878028404344194,0.006477312347416423,-0.020240918362305682,0.020240918362305682,0.020240918362305682,-0.010345760484536464,-0.05757187890116419,0.2657635026575257,-0.013326393829352481,1
2801.png,L3,0.0194833874702453,1.07892644405365,0.881125667151868,0.11887433284813198,0.9368068093887026,0.004113315695349869,0.8771514093290097,0.1228485906709903,0.9345558434655504,0.005123127232950516,-0.036825338749480685,0.036825338749480685,0.036825338749480685,0.0026759470502535354,0.018488998289475395,0.03850871634712384,0.0032580265578225215,2
2807.png,L3,0.0042782425880432,0.4844698309898376,0.9735408560311284,0.026459143968871612,0.9865930599369085,0.0010581504515351186,0.9968017057569296,0.0031982942430703876,0.9983982915109451,3.189830488876572e-05,-0.0008172292332181419,0.0008172292332181419,0.0008172292332181419,-0.012529197831948564,-0.07392619058978497,-0.08114158008079607,-0.03275008295844002,1
2810.png,L3,0.0064616799354553,0.7038486003875732,0.9465449804432855,0.0534550195567145,0.9725385130609511,0.000387259774285481,1.0,0.0,1.0,0.0,0.0,0.0,-0.0,-0.010345760484536464,-0.046930315001942086,-0.08433987432386646,-0.033567312191658163,1
2816.png,L3,0.0156279206275939,0.9421043395996094,0.7401960784313726,0.2598039215686274,0.8507042253521127,0.004331825591369222,0.9829931972789115,0.017006802721088454,0.9914236706689536,0.0001638648310459129,0.0,0.0,-0.0,-0.001179519792397863,0.15941858700997083,-0.067333071602778,-0.033567312191658163,2
2825.png,L3,0.0101609826087951,0.7942003607749939,0.989345509893455,0.010654490106544956,0.9946442234123948,0.00041694287534672746,1.0,0.0,1.0,0.0,0.0,0.0,-0.0,-0.006646457811196663,-0.08973084445211163,-0.08433987432386646,-0.033567312191658163,2
2827.png,L3,0.0074173808097839,0.6362360119819641,0.9824,0.01759999999999995,0.9911218724778047,0.0007027403961264906,0.9218604651162791,0.07813953488372094,0.9593417231364957,0.0022458488781724045,-0.03578995284593878,0.03578995284593878,0.03578995284593878,-0.009390059610207863,-0.08278533455865664,-0.006200339440145516,0.0022226406542806137,1
2835.png,L3,0.0456216931343078,1.7700843811035156,0.8603425559947299,0.13965744400527014,0.9249291784702549,0.006573770094416458,0.9020234291799787,0.09797657082002131,0.948488241881299,0.00048785195104124703,-0.029240808657067907,0.029240808657067907,0.029240808657067907,0.028814252714316035,0.03927210944661355,0.013636696496154857,-0.004326503534590256,3
2846.png,L3,0.0064616799354553,0.7038486003875732,0.9791376912378303,0.020862308762169657,0.9894588896697118,0.00044159968448840415,1.0,0.0,1.0,0.0,0.0,0.0,-0.0,-0.010345760484536464,-0.07952302579648693,-0.08433987432386646,-0.033567312191658163,1
2866.png,L3,0.004750370979309,0.5182440876960754,0.9323640960809102,0.0676359039190898,0.9649983644095519,0.0018479101044141743,0.969172932330827,0.03082706766917298,0.9843451699121802,0.0015404658551025293,-0.0018082687599094704,0.0018082687599094704,0.0018082687599094704,-0.012057069440682765,-0.032749430639566784,-0.053512806654693476,-0.03175904343174869,1
2871.png,L3,0.0046699047088623,0.5146380066871643,0.9906832298136646,0.009316770186335366,0.9953198127925117,0.00011722941341596152,1.0,0.0,1.0,0.0,0.0,0.0,-0.0,-0.012137535711129462,-0.09106856437232122,-0.08433987432386646,-0.033567312191658163,1
2875.png,L3,0.0329712033271789,1.3958834409713743,0.8841010401188707,0.1158989598811293,0.9384858044164038,0.0004442542955219847,0.9840743198407432,0.015925680159256772,0.9919732441471572,0.00034808709422351486,-0.001815898777299707,0.001815898777299707,0.001815898777299707,0.016163762907187136,0.015513625322472718,-0.06841419416460968,-0.031751413414358456,2
2877.png,L3,0.016930341720581,1.0695478916168213,0.9422043010752689,0.05779569892473113,0.970242214532872,0.0019179259255204739,1.0,0.0,1.0,0.0,0.0,0.0,-0.0,0.0001229013005892357,-0.042589635633925454,-0.08433987432386646,-0.033567312191658163,2
2878.png,L3,0.0101609826087951,0.7942003607749939,0.8992424242424243,0.10075757575757571,0.9469485440765856,0.004102457121455717,0.9867131705696728,0.013286829430327218,0.9933121551580003,0.0007693626140358722,-0.0022867804374875345,0.0022867804374875345,0.0022867804374875345,-0.006646457811196663,0.00037224119891912655,-0.07105304489353924,-0.03128053175417063,2
2882.png,L3,0.0101609826087951,0.7942003607749939,0.8972238629651507,0.10277613703484934,0.9458281444582815,0.001962550711567996,0.8226084954529758,0.17739150454702424,0.9026716351923199,0.003128272517950301,0.04678652074249634,0.04678652074249634,-0.04678652074249634,-0.006646457811196663,0.0023908024761927493,0.09305163022315778,0.013219208550838177,2
2883.png,L3,0.0091363191604614,0.7441688179969788,0.9214092140921409,0.07859078590785906,0.9590973201692524,0.003449035890536679,0.9892215568862276,0.010778443113772407,0.9945815773630343,0.0002162945387918662,-0.00268898881866797,0.00268898881866797,0.00268898881866797,-0.007671121259530364,-0.021794548650797524,-0.07356143121009405,-0.030878323372990193,1
2884.png,L3,0.0091363191604614,0.7441688179969788,0.9027962716378163,0.09720372836218372,0.9489153254023793,0.0007500706601677257,0.989149057681325,0.010850942318675005,0.9945449325294287,0.00015599379759428516,0.0032345877262184297,0.0032345877262184297,-0.0032345877262184297,-0.007671121259530364,-0.0031816061964728692,-0.07348893200519145,-0.030332724465439734,1
2885.png,L3,0.016930341720581,1.0695478916168213,0.7524197656647987,0.24758023433520127,0.8587209302325581,0.01885771038563365,0.17567200651642684,0.8243279934835732,0.29884526558891455,0.04127673873737854,0.38127963883638394,0.38127963883638394,-0.38127963883638394,0.0001229013005892357,0.14719489977654468,0.7399881191597067,0.3477123266447258,2
2886.png,L3,0.016930341720581,1.0695478916168213,0.8307273963290279,0.16927260367097208,0.9075380616412922,0.010454560734020305,0.8414956309693152,0.15850436903068477,0.9139262855881704,0.006702988289465388,-0.021655042972378413,0.021655042972378413,0.021655042972378413,0.0001229013005892357,0.06888726911231549,0.07416449470681831,-0.01191226921927975,2
2891.png,L3,0.0479846000671386,1.8450289964675903,0.9093904448105437,0.09060955518945635,0.9525452976704055,0.004315895414732518,0.9984137055837563,0.0015862944162436943,0.9992062232100334,6.957578337468642e-05,0.0008513715712539227,0.0008513715712539227,-0.0008513715712539227,0.03117715964714684,-0.009775779369200238,-0.08275357990762276,-0.03271594062040424,3
2895.png,L3,0.0479846000671386,1.8450289964675903,0.9823151125401929,0.01768488745980712,0.9910786699107867,0.00047104171889742,1.0,0.0,1.0,0.0,0.0,0.0,-0.0,0.03117715964714684,-0.08270044709884947,-0.08433987432386646,-0.033567312191658163,3
2897.png,L3,0.0348522663116455,1.6611942052841189,0.8550968828980623,0.1449031171019377,0.92188919164396,0.0077311225285458165,0.9939161784587652,0.0060838215412347685,0.9969488077748898,0.0001628451180957289,7.03213713095785e-05,7.03213713095785e-05,-7.03213713095785e-05,0.018044825891653737,0.04451778254328112,-0.07825605278263169,-0.033496990820348585,3
2898.png,L3,0.0064616799354553,0.7038486003875732,0.9437652811735942,0.05623471882640585,0.9710691823899371,0.0027313336678682467,0.9983489268024216,0.001651073197578401,0.999173781327458,6.600441436515978e-05,-0.0007508010945850296,0.0007508010945850296,0.0007508010945850296,-0.010345760484536464,-0.044150615732250736,-0.08268880112628806,-0.032816511097073134,1
2910.png,L3,0.0329712033271789,1.3958834409713743,0.8395061728395061,0.16049382716049387,0.912751677852349,0.007234868937975046,0.5294230769230769,0.4705769230769231,0.6923173645165347,0.016167764031786342,0.0,0.0,-0.0,0.016163762907187136,0.06010849260183729,0.38623704875305664,-0.033567312191658163,2
2912.png,L3,0.0329712033271789,1.3958834409713743,0.6624649859943977,0.33753501400560226,0.7969671440606572,0.01687546914384159,0.8690941919951851,0.13090580800481488,0.9299629689260989,0.0048099298154283075,0.014101492999563092,0.014101492999563092,-0.014101492999563092,0.016163762907187136,0.23714967944694568,0.046565933680948426,-0.01946581919209507,2
2916.png,L3,0.0101609826087951,0.7942003607749939,0.9528023598820059,0.0471976401179941,0.9758308157099698,0.0006007660080357206,1.0,0.0,1.0,0.0,0.0,0.0,-0.0,-0.006646457811196663,-0.053187694440662486,-0.08433987432386646,-0.033567312191658163,2
2920.png,L3,0.0329712033271789,1.3958834409713743,0.9538847117794487,0.04611528822055133,0.9763981528989225,0.0022645889127876516,0.9899295065458208,0.010070493454179208,0.9949392712550608,0.000502204495068278,0.004818479083960492,0.004818479083960492,-0.004818479083960492,0.016163762907187136,-0.054270046338105254,-0.07426938086968725,-0.02874883310769767,2
2924.png,L3,0.016930341720581,1.0695478916168213,0.940562248995984,0.05943775100401605,0.9693708609271523,0.0029087977941650014,0.9134343693809401,0.08656563061905986,0.9547590280574574,0.004251502824048207,-0.04081173890115508,0.04081173890115508,0.04081173890115508,0.0001229013005892357,-0.04094758355464054,0.002225756295193407,0.007244426709496918,2
2927.png,L3,0.0188625454902648,1.082906723022461,0.9275220372184133,0.07247796278158669,0.9623983739837398,0.0029002734981710535,0.9779938587512794,0.02200614124872058,0.9888745148771022,0.0006270541133781727,-0.011068317814306061,0.011068317814306061,0.011068317814306061,0.0020551050702730354,-0.027907371777069895,-0.06233373307514588,-0.022498994377352102,2
2933.png,L3,0.016930341720581,1.0695478916168213,0.9910714285714286,0.008928571428571397,0.9955156950672646,0.00023826873474905256,1.0,0.0,1.0,0.0,0.0,0.0,-0.0,0.0001229013005892357,-0.09145676313008519,-0.08433987432386646,-0.033567312191658163,2
2940.png,L3,0.0042782425880432,0.4844698309898376,0.9376923076923077,0.062307692307692286,0.9678443826915443,0.0006651936516575738,1.0,0.0,1.0,0.0,0.0,0.0,-0.0,-0.012529197831948564,-0.0380776422509643,-0.08433987432386646,-0.033567312191658163,1
2941.png,L3,0.0042782425880432,0.4844698309898376,0.9841269841269841,0.015873015873015928,0.992,0.0003701823095586492,1.0,0.0,1.0,0.0,0.0,0.0,-0.0,-0.012529197831948564,-0.08451231868564066,-0.08433987432386646,-0.033567312191658163,1
2943.png,L3,0.016930341720581,1.0695478916168213,0.8770442156268928,0.12295578437310717,0.9344949983865763,0.005117302099966186,0.9940021810250818,0.005997818974918245,0.9969920700027345,0.0002185382071322691,0.0013891322496150105,0.0013891322496150105,-0.0013891322496150105,0.0001229013005892357,0.022570449814450583,-0.07834205534894821,-0.03217817994204315,2
2947.png,L3,0.02633798122406,1.236548662185669,0.9760869565217392,0.023913043478260843,0.9878987898789879,0.0010410703734796605,0.9217912330495112,0.07820876695048884,0.9593042336724648,0.003028581300540204,0.027871213384097815,0.027871213384097815,-0.027871213384097815,0.009530540804068236,-0.07647229108039574,-0.006131107373377617,-0.005696098807560349,2
2951.png,L3,0.016930341720581,1.0695478916168213,0.9359116022099447,0.06408839779005526,0.9668949771689498,0.0010619452987958194,0.9812834224598931,0.018716577540106916,0.99055330634278,0.0009682239035618458,-0.00918826182858401,0.00918826182858401,0.00918826182858401,0.0001229013005892357,-0.03629693676860132,-0.06562329678375954,-0.024379050363074153,2
2955.png,L3,0.0188625454902648,1.082906723022461,0.8746928746928747,0.1253071253071253,0.9331585845347313,0.0029206493585898145,0.979004199160168,0.02099580083983199,0.9893907244619582,0.0005342957429285715,-0.00875117358621591,0.00875117358621591,0.00875117358621591,0.0020551050702730354,0.024921790748468703,-0.06334407348403447,-0.024816138605442253,2
2957.png,L3,0.0074173808097839,0.6362360119819641,0.9026845637583892,0.09731543624161076,0.9488536155202821,0.002480022374133857,0.8721374045801527,0.12786259541984735,0.9317023445463812,0.005483589753047488,-0.04619747672669594,0.04619747672669594,0.04619747672669594,-0.009390059610207863,-0.0030698983170458216,0.04352272109598089,0.012630164535037777,1
2958.png,L3,0.0329712033271789,1.3958834409713743,0.9537993920972644,0.04620060790273561,0.9763534536403236,0.0021156532850568894,0.9878355704697986,0.01216442953020136,0.9938805655201519,0.00018504365613096713,-0.0008306375895619222,0.0008306375895619222,0.0008306375895619222,0.016163762907187136,-0.05418472665592097,-0.0721754447936651,-0.03273667460209624,2
2959.png,L3,0.0074173808097839,0.6362360119819641,0.9558111380145279,0.044188861985472117,0.9774063757350665,0.0015439802389565457,0.9465334900117509,0.05346650998824909,0.9725324479323876,0.002635975331076926,0.018763160434614123,0.018763160434614123,-0.018763160434614123,-0.009390059610207863,-0.05619647257318447,-0.030873364335617368,-0.01480415175704404,1
2961.png,L3,0.0479846000671386,1.8450289964675903,0.808091286307054,0.19190871369294604,0.8938611589213998,0.009164857119490223,0.9347649918962723,0.06523500810372773,0.966282722513089,0.003211807226088978,-0.03235776617880193,0.03235776617880193,0.03235776617880193,0.03117715964714684,0.09152337913428946,-0.019104866220138725,-0.0012095460128562358,3
2968.png,L3,0.0091363191604614,0.7441688179969788,0.9203980099502488,0.07960199004975121,0.9585492227979274,0.004500825542376985,0.9986744432661718,0.0013255567338281704,0.999336782066587,5.748366852744335e-05,0.0006132903621758334,0.0006132903621758334,-0.0006132903621758334,-0.007671121259530364,-0.02078334450890537,-0.08301431759003829,-0.03295402182948233,1
2969.png,L3,0.0479846000671386,1.8450289964675903,0.7555081734186212,0.2444918265813788,0.8607287449392712,0.009935248704447338,0.8323057953144266,0.1676942046855734,0.9084791386271871,0.004895122107094924,-0.07189338260072275,0.07189338260072275,0.07189338260072275,0.03117715964714684,0.14410649202272222,0.08335433036170693,0.03832607040906459,3
2977.png,L3,0.0101609826087951,0.7942003607749939,1.0,0.0,1.0,0.0,1.0,0.0,1.0,0.0,0.0,0.0,-0.0,-0.006646457811196663,-0.10038533455865659,-0.08433987432386646,-0.033567312191658163,2
2978.png,L3,0.0329712033271789,1.3958834409713743,0.8885135135135135,0.11148648648648651,0.9409660107334525,0.002068715553991682,0.9936412315930389,0.006358768406961146,0.9968104750713447,0.00016273304262960536,0.001353633131883969,0.001353633131883969,-0.001353633131883969,0.016163762907187136,0.011101151927829928,-0.07798110591690531,-0.032213679059774195,2
2979.png,L3,0.0156279206275939,0.9421043395996094,0.9506781750924784,0.04932182490752157,0.9747155499367889,0.0016869418110350579,0.9652146662488248,0.03478533375117521,0.9822994737681391,0.0011167556449532842,0.00366187649015004,0.00366187649015004,-0.00366187649015004,-0.001179519792397863,-0.051063509651135014,-0.04955454057269125,-0.029905435701508123,2
2980.png,L3,0.016930341720581,1.0695478916168213,0.9211045364891519,0.07889546351084809,0.9589322381930184,0.0034744615577518507,0.9987492182614134,0.001250781738586615,0.9993742177722152,4.3307767521414694e-05,-0.000293593373178358,0.000293593373178358,0.000293593373178358,0.0001229013005892357,-0.0214898710478085,-0.08308909258527984,-0.033273718818479806,2
2981.png,L3,0.0329712033271789,1.3958834409713743,0.961436170212766,0.03856382978723405,0.9803389830508474,0.0013003986148152381,0.9881235154394299,0.01187648456057011,0.994026284348865,0.00021633415006814258,-0.004870127993990336,0.004870127993990336,0.004870127993990336,0.016163762907187136,-0.061821504771422536,-0.07246338976329635,-0.028697184197667827,2
2982.png,L3,0.0089342594146728,0.7475690841674805,0.8274831964152353,0.17251680358476473,0.9055986922762567,0.01243269944918558,0.0,1.0,0.0,0.08835224404880998,-0.8929778445362373,0.8929778445362373,0.8929778445362373,-0.007873181005318964,0.07213146902610815,0.9156601256761335,0.8594105323445791,1
2984.png,L3,0.0091363191604614,0.7441688179969788,0.9402730375426621,0.059726962457337884,0.969217238346526,0.002551294349782991,0.9646242774566474,0.03537572254335264,0.9819936448158173,0.001814098715553459,-0.014789760580405265,0.014789760580405265,0.014789760580405265,-0.007671121259530364,-0.0406583721013187,-0.04896415178051382,-0.0187775516112529,1
2990.png,L3,0.0066348910331726,0.6619601845741272,0.9529953917050691,0.047004608294930916,0.975932043416706,0.0016012368979415402,0.9995015576323988,0.0004984423676012151,0.9997507166895176,1.4688172364878613e-05,6.858219586136638e-05,6.858219586136638e-05,-6.858219586136638e-05,-0.010172549386819163,-0.05338072626372567,-0.08384143195626524,-0.0334987299957968,1
2991.png,L3,0.0329712033271789,1.3958834409713743,0.8764367816091954,0.12356321839080464,0.9341500765696784,0.0016410236698138855,0.995077622112836,0.004922377887163987,0.9975327386600873,0.0002921130675194587,0.0016604031734729352,0.0016604031734729352,-0.0016604031734729352,0.016163762907187136,0.023177883832148055,-0.07941749643670247,-0.03190690901818523,2
3001.png,L3,0.0479846000671386,1.8450289964675903,0.9157232704402516,0.08427672955974841,0.9560078791858174,0.0005074321858991391,0.883982683982684,0.11601731601731602,0.9384191176470589,0.0011636404042830062,-0.0066397126395000994,0.0066397126395000994,0.0066397126395000994,0.03117715964714684,-0.016108604998908177,0.03167744169344956,-0.026927599552158066,3
3008.png,L3,0.02633798122406,1.236548662185669,0.9396825396825397,0.060317460317460325,0.9689034369885434,0.0036286734622142168,0.9930939226519337,0.006906077348066253,0.9965349965349966,0.00014529291806765788,0.0024559923026271635,0.0024559923026271635,-0.0024559923026271635,0.009530540804068236,-0.04006787424119626,-0.0774337969758002,-0.031111319889031,2
3015.png,L3,0.0348522663116455,1.6611942052841189,0.7715645449137418,0.22843545508625818,0.8710543989254533,0.01066974470565781,0.9920257889379029,0.007974211062097059,0.9959969338216507,0.00024396165827539953,-0.00040701063857317976,0.00040701063857317976,0.00040701063857317976,0.018044825891653737,0.1280501205276016,-0.0763656632617694,-0.033160301553084984,3
3016.png,L3,0.0074173808097839,0.6362360119819641,0.9287656334964655,0.07123436650353454,0.9630673808852551,0.0021903749343213943,0.9559052664381428,0.044094733561857224,0.9774555883055843,0.0027092489663421006,0.01920902680254999,0.01920902680254999,-0.01920902680254999,-0.009390059610207863,-0.029150968055122045,-0.04024514076200923,-0.014358285389108175,1
3018.png,L3,0.0329712033271789,1.3958834409713743,0.927710843373494,0.07228915662650603,0.9625,0.00361910500659991,0.9859827020578587,0.014017297942141349,0.9929418831656405,0.0007254809610924094,-0.004090128279721883,0.004090128279721883,0.004090128279721883,0.016163762907187136,-0.02809617793215055,-0.07032257638172511,-0.02947718391193628,2
3021.png,L3,0.0188625454902648,1.082906723022461,1.0,0.0,1.0,0.0,1.0,0.0,1.0,0.0,0.0,0.0,-0.0,0.0020551050702730354,-0.10038533455865659,-0.08433987432386646,-0.033567312191658163,2
3031.png,L3,0.0194833874702453,1.07892644405365,0.7961399276236429,0.20386007237635706,0.8865010073875084,0.010990180365757525,0.8546494131808606,0.14535058681913937,0.9216290767483368,0.004580585542248427,-0.0002265255786020881,0.0002265255786020881,0.0002265255786020881,0.0026759470502535354,0.10347473781770047,0.061010712495272915,-0.033340786613056075,2
3039.png,L3,0.0188625454902648,1.082906723022461,0.827033218785796,0.17296678121420395,0.9053291536050156,0.0024137860146886294,0.9502982107355865,0.04970178926441349,0.9745158002038736,0.0004200271008738606,0.024002033113393106,0.024002033113393106,-0.024002033113393106,0.0020551050702730354,0.07258144665554736,-0.03463808505945297,-0.009565279078265057,2
3045.png,L3,0.0329712033271789,1.3958834409713743,0.969371305749597,0.030628694250403043,0.9844474761255116,0.001556015305588159,0.9975943745373798,0.0024056254626202422,0.9987957387679481,0.00012207806893166042,-0.0005690130689336437,0.0005690130689336437,0.0005690130689336437,0.016163762907187136,-0.06975664030825354,-0.08193424886124621,-0.03299829912272452,2
3046.png,L3,0.0156279206275939,0.9421043395996094,0.8583743842364532,0.14162561576354682,0.923790589794566,0.009351289829050334,0.6713653952459923,0.32863460475400774,0.8033735736728956,0.01682160327600199,0.09480302222873283,0.09480302222873283,-0.09480302222873283,-0.001179519792397863,0.04124028120489023,0.24429473043014127,0.06123571003707466,2
3047.png,L3,0.016930341720581,1.0695478916168213,0.47342465753424656,0.5265753424657534,0.6426180736333209,0.026257089800276908,0.8962882096069869,0.10371179039301315,0.945308002302821,0.0005634786713351954,-0.014029574423316094,0.014029574423316094,0.014029574423316094,0.0001229013005892357,0.4261900079070968,0.01937191606914669,-0.01953773776834207,2
3051.png,L3,0.016930341720581,1.0695478916168213,0.7777777777777778,0.2222222222222222,0.875,0.008518879396026302,0.9288421052631579,0.07115789473684209,0.9631084915957214,0.003327368030026831,-0.028128177932559062,0.028128177932559062,0.028128177932559062,0.0001229013005892357,0.12183688766356562,-0.01318197958702437,-0.0054391342590991015,2
3056.png,L3,0.016930341720581,1.0695478916168213,0.6114457831325302,0.3885542168674698,0.7588785046728972,0.001185467583481466,0.6201657458563536,0.37983425414364635,0.7655583972719523,0.01889552407819968,0.07982417945244968,0.07982417945244968,-0.07982417945244968,0.0001229013005892357,0.2881688823088132,0.2954943798197799,0.04625686726079152,2
3063.png,L3,0.0396666526794433,1.3788384199142456,0.8484455958549223,0.1515544041450777,0.918009810791871,0.006550477424430425,0.9306387225548902,0.06936127744510978,0.9640734039803567,0.0028336245183381813,-0.0063389371292025265,0.0063389371292025265,0.0063389371292025265,0.022859212259451533,0.05116906958642112,-0.014978596878756675,-0.027228375062455637,3
7.png,L4,0.1125109195709228,2.0858020782470703,0.0,1.0,0.0,0.14289561377183446,0.0,1.0,0.0,0.15105142197944474,-0.8071096748131691,0.8071096748131691,0.8071096748131691,0.009135553042093889,0.811454779956816,0.8341716095578489,0.7293410659204212,4
13.png,L4,0.1141921281814575,2.506071090698242,0.8207115181401902,0.17928848185980983,0.9015283420390792,0.007935735272952793,0.9900650067459831,0.009934993254016922,0.9950077041602465,0.0008728806425733288,0.004130625951557998,0.004130625951557998,-0.004130625951557998,0.010816761652628598,-0.009256738183374108,-0.15589339718813428,-0.07363798294118985,4
16.png,L4,0.1023310422897338,2.218302011489868,0.8802816901408451,0.11971830985915488,0.9363295880149812,0.0006424353581321097,0.9314720812182741,0.06852791878172593,0.9645203679369251,0.0015091922890094784,0.020657692333084676,0.020657692333084676,-0.020657692333084676,-0.001044324239095104,-0.06882691018402906,-0.09730047166042527,-0.057110916559663175,4
25.png,L4,0.1309680938720703,2.3925411701202397,0.8723037100949094,0.12769628990509063,0.9317972350230415,0.005728699821218217,0.9225500526870389,0.07744994731296106,0.9597149904083311,0.0014801305985098943,-0.03587204366962582,0.03587204366962582,0.03587204366962582,0.027592727343241405,-0.06084893013809331,-0.08837844312919013,-0.04189656522312203,4
28.png,L4,0.1049474477767944,2.090528726577759,0.9488817891373802,0.051118210862619806,0.9737704918032787,0.00019159113617752264,0.9235949235949236,0.07640507640507643,0.9602800592433015,0.00360347651828997,-0.02926914788207824,0.02926914788207824,0.02926914788207824,0.0015720812479654983,-0.13742700918056414,-0.08942331403707476,-0.04849946101066961,4
32.png,L4,0.114488661289215,2.3430118560791016,0.8033012379642366,0.19669876203576342,0.8909229595728452,0.0074115440107921475,0.35714285714285715,0.6428571428571428,0.5263157894736842,0.03946551723103401,-0.25963204157932374,0.25963204157932374,0.25963204157932374,0.011113294760386097,0.008153541992579477,0.4770287524149916,0.1818634326865759,4
41.png,L4,0.1014949083328247,1.9912701845169067,0.8572507552870091,0.14274924471299089,0.9231394875965839,0.004937528475722081,0.9955716586151369,0.004428341384863144,0.9977809158765383,0.00011604790457051078,-0.0008931965902791994,0.0008931965902791994,0.0008931965902791994,-0.0018804581960042144,-0.045795975330193056,-0.16140004905728805,-0.07687541230246865,4
55.png,L4,0.0952541828155517,1.6702364683151243,0.8811544991511036,0.11884550084889645,0.9368231046931408,0.0062008037431649015,0.9460473167916907,0.05395268320830926,0.9722757598220905,0.0012494460427570175,-0.01985723657492744,0.01985723657492744,0.01985723657492744,-0.008121183713277205,-0.0696997191942875,-0.11187570723384194,-0.05791137231782041,4
56.png,L4,0.1141921281814575,2.506071090698242,0.7547169811320755,0.24528301886792447,0.8602150537634409,0.0037271620802006183,0.9714532871972318,0.028546712802768215,0.9855199648968846,0.0003437249866952028,-0.006308260267651189,0.006308260267651189,0.006308260267651189,0.010816761652628598,0.05673779882474053,-0.13728167763938298,-0.07146034862509666,4
66.png,L4,0.0952541828155517,1.6702364683151243,0.7358145210494204,0.26418547895057964,0.8478031634446397,0.00650496603244153,0.977154489934404,0.022845510065595986,0.9884452579796362,0.00047654354570554055,0.0028896139030427648,0.0028896139030427648,-0.0028896139030427648,-0.008121183713277205,0.0756402589073957,-0.1429828803765552,-0.07487899498970509,4
67.png,L4,0.1023310422897338,2.218302011489868,0.8791512915129152,0.12084870848708484,0.9356897398134512,0.003907026828942139,0.9957026214009455,0.0042973785990545466,0.9978466838931955,2.3539101094160078e-05,0.0005756373658637459,0.0005756373658637459,-0.0005756373658637459,-0.001044324239095104,-0.0676965115560991,-0.16153101184309665,-0.0771929715268841,4
70.png,L4,0.0905245542526245,1.93342399597168,0.7581365666879387,0.24186343331206128,0.8624319419237749,0.01122948895604055,0.8039665970772443,0.19603340292275573,0.8913320217567411,0.0015829644022825739,-0.08100629595504932,0.08100629595504932,0.08100629595504932,-0.01285081227620441,0.05331821326887734,0.03020501248060453,0.0032376870623014725,4
86.png,L4,0.1049474477767944,2.090528726577759,0.8097609561752988,0.19023904382470125,0.8948816730875069,0.00910391756250923,0.9057812727537499,0.09421872724625013,0.9505616260411095,0.0034180597589119617,-0.03693189367059224,0.03693189367059224,0.03693189367059224,0.0015720812479654983,0.0016938237815173063,-0.07160966319590106,-0.04083671522215561,4
93.png,L4,0.0905245542526245,1.93342399597168,0.8184523809523809,0.18154761904761907,0.900163666121113,0.00855873687361683,0.9768358797437161,0.023164120256283893,0.9882822238843181,0.00034765243991791346,-0.007740936066619852,0.007740936066619852,0.007740936066619852,-0.01285081227620441,-0.006997600995564873,-0.1426642701858673,-0.070027672826128,4
99.png,L4,0.1555303335189819,2.617194414138794,0.8905519176800748,0.1094480823199252,0.9421078673923801,0.002422068089585579,0.9894900739587388,0.01050992604126122,0.9947172764625318,0.00023602500805679804,0.0014449712483950439,0.0014449712483950439,-0.0014449712483950439,0.052154966990153,-0.07909713772325874,-0.15531846440088998,-0.07632363764435281,4
100.png,L4,0.0979933738708496,1.9128077030181885,0.9667738478027867,0.033226152197213255,0.9831062670299727,0.0014126628070688743,1.0,0.0,1.0,0.0,0.0,0.0,-0.0,-0.005381992657979312,-0.1553190678459707,-0.1658283904421512,-0.07776860889274785,4
102.png,L4,0.1153584718704223,2.364701271057129,0.8690685413005272,0.13093145869947276,0.9299482839680301,0.006010771982504936,0.9672897196261683,0.032710280373831724,0.9833729216152018,0.0012127291002292778,-0.012932092461389377,0.012932092461389377,0.012932092461389377,0.011983105341593386,-0.057613761343711184,-0.13311811006831947,-0.06483651643135847,4
108.png,L4,0.1235097646713256,2.3451669216156006,0.9222737819025522,0.07772621809744784,0.9595654797827399,0.004507214105828045,0.9645343491396295,0.03546565086037046,0.9819470446643488,0.0018737379015417717,0.01722978955937282,0.01722978955937282,-0.01722978955937282,0.020134398142496693,-0.1108190019457361,-0.13036273958178074,-0.06053881933337503,4
114.png,L4,0.1153584718704223,2.364701271057129,0.833976833976834,0.16602316602316602,0.9094736842105263,0.006872539132066068,0.9971671388101983,0.0028328611898017497,0.9985815602836879,6.4796797003911e-05,-0.0007681419297520531,0.0007681419297520531,0.0007681419297520531,0.011983105341593386,-0.022522054020017918,-0.16299552925234945,-0.0770004669629958,4
117.png,L4,0.1183745861053466,2.2093734741210938,0.8849502487562189,0.11504975124378114,0.9389640382711977,0.005578286641482681,0.9844000917641661,0.015599908235833904,0.9921387283236994,0.00046863665139950994,-0.0004757490430271627,0.0004757490430271627,0.0004757490430271627,0.014999219576517689,-0.0734954687994028,-0.1502284822063173,-0.07729285984972069,4
121.png,L4,0.1130691766738891,2.3580050468444824,0.8218059558117194,0.17819404418828055,0.9021882414974954,0.014453938021120752,0.987740164684355,0.012259835315645007,0.9938322746939151,0.00033943587552078566,-0.0034143874057566137,0.0034143874057566137,0.0034143874057566137,0.009693810145060197,-0.010351175854903388,-0.1535685551265062,-0.07435422148699124,4
122.png,L4,0.1141921281814575,2.506071090698242,0.8080180688876341,0.19198193111236594,0.8938163647720175,0.012278311443467792,0.9931640625,0.0068359375,0.9965703086722195,7.771220199083467e-05,8.778728925573631e-06,8.778728925573631e-06,-8.778728925573631e-06,0.010816761652628598,0.0034367110691820024,-0.1589924529421512,-0.07775983016382228,4
124.png,L4,0.1235097646713256,2.3451669216156006,0.8714395688991532,0.1285604311008468,0.9313039901275195,0.0008955091920986781,0.9485591807573232,0.05144081924267685,0.9736005866536299,0.0024316615850005366,0.0058516612564010195,0.0058516612564010195,-0.0058516612564010195,0.020134398142496693,-0.059984788942337136,-0.11438757119947435,-0.07191694763634683,4
128.png,L4,0.0952541828155517,1.6702364683151243,0.621998883305416,0.378001116694584,0.7669535283993115,0.026044447457050583,0.5854962682410605,0.4145037317589395,0.7385653059790628,0.01917697458942727,-0.1043198690420778,0.1043198690420778,0.1043198690420778,-0.008121183713277205,0.18945589665140009,0.2486753413167883,0.026551260149329944,4
131.png,L4,0.1130691766738891,2.3580050468444824,0.9203187250996016,0.07968127490039845,0.9585062240663901,0.003671018438739023,0.9904513888888888,0.00954861111111116,0.9952027911033581,0.00042065518298961606,0.004510640932502419,0.004510640932502419,-0.004510640932502419,0.009693810145060197,-0.1088639451427855,-0.15627977933104004,-0.07325796796024543,4
138.png,L4,0.125470221042633,2.5731194019317627,0.9753593429158111,0.024640657084188944,0.9875259875259875,0.0011652110645152093,1.0,0.0,1.0,0.0,0.0,0.0,-0.0,0.022094854513804094,-0.163904562958995,-0.1658283904421512,-0.07776860889274785,4
150.png,L4,0.1309680938720703,2.3925411701202397,0.6323771843059677,0.3676228156940323,0.7747929711169461,0.02771209670454043,0.40491576912455124,0.5950842308754487,0.5764271111810033,0.05725967858408537,-0.37029285625190633,0.37029285625190633,0.37029285625190633,0.027592727343241405,0.17907759565084838,0.4292558404332975,0.2925242473591585,4
152.png,L4,0.1049474477767944,2.090528726577759,0.8626522327469553,0.13734776725304465,0.9262622593534326,0.007101208466442218,0.9943273905996759,0.005672609400324102,0.9971556277935798,4.6951549765331375e-05,-0.0011429332057114605,0.0011429332057114605,0.0011429332057114605,0.0015720812479654983,-0.05119745279013929,-0.1601557810418271,-0.07662567568703639,4
156.png,L4,0.0905245542526245,1.93342399597168,0.8072243346007605,0.19277566539923952,0.8933305280875237,0.008320456806293753,0.9924145640370489,0.007585435962951137,0.9961928425439827,0.00024932663095166745,-0.0016152818936071567,0.0016152818936071567,0.0016152818936071567,-0.01285081227620441,0.004230445356055573,-0.15824295447920006,-0.0761533269991407,4
167.png,L4,0.1153584718704223,2.364701271057129,0.865934065934066,0.13406593406593403,0.928150765606596,0.004739003862549826,0.9986072423398329,0.0013927576601671099,0.9993031358885017,2.524537958851695e-05,7.54251356804847e-05,7.54251356804847e-05,-7.54251356804847e-05,0.011983105341593386,-0.05447928597724991,-0.1644356327819841,-0.07769318375706737,4
169.png,L4,0.1632764339447021,2.73792028427124,0.7719977863862756,0.2280022136137244,0.8713304184884447,0.0113846899922231,0.9969579178637823,0.0030420821362177053,0.9984766418415707,7.24931095526952e-05,-0.00041388229123351383,0.00041388229123351383,0.00041388229123351383,0.059901067415873185,0.03945699357054047,-0.1627863083059335,-0.07735472660151434,4
174.png,L4,0.1377068758010864,2.6701366901397705,0.8691330756488128,0.13086692435118719,0.9299852289512556,0.007164573514847052,0.9942832014072119,0.005716798592788064,0.9971334068357222,0.00011126094640346793,-0.0013811581998047773,0.0013811581998047773,0.0013811581998047773,0.03433150927225749,-0.057678295691996756,-0.16011159184936313,-0.07638745069294307,4
183.png,L4,0.1153584718704223,2.364701271057129,0.8858131487889274,0.11418685121107264,0.9394495412844037,0.003930447147845295,0.9926238145416227,0.00737618545837726,0.9962982548915917,0.00015322595267015926,-0.0007027996675366133,0.0007027996675366133,0.0007027996675366133,0.011983105341593386,-0.0743583688321113,-0.15845220498377394,-0.07706580922521124,4
198.png,L4,0.1582962274551391,2.7976152896881104,0.9405829596412556,0.0594170403587444,0.9693818601964183,0.0026399257142644614,0.9985152190051967,0.0014847809948033142,0.9992570579494799,5.212176175173866e-05,0.00034722732841185877,0.00034722732841185877,-0.00034722732841185877,0.0549208609263102,-0.12912817968443954,-0.16434360944734788,-0.07742138156433599,4
211.png,L4,0.1141921281814575,2.506071090698242,0.9420798595875384,0.05792014041246163,0.9701762313601446,0.0015136747155098775,0.9435142009325985,0.056485799067401476,0.9709362560663067,0.002634027774965499,-0.017672379518612558,0.017672379518612558,0.017672379518612558,0.010816761652628598,-0.1306250796307223,-0.10934259137474972,-0.06009622937413529,4
217.png,L4,0.1377068758010864,2.6701366901397705,0.8969283276450511,0.10307167235494885,0.9456639078805326,0.0013348804086914141,0.6433096563639854,0.3566903436360146,0.7829439252336449,0.018208974832533698,-0.19768387423484346,0.19768387423484346,0.19768387423484346,0.03433150927225749,-0.08547354768823509,0.1908619531938634,0.11991526534209561,4
223.png,L4,0.1555303335189819,2.617194414138794,0.6591375770020534,0.34086242299794656,0.7945544554455446,0.024436191465677562,0.9262284936254487,0.07377150637455132,0.9617015807736795,0.0050893532527412685,-0.032221998177053957,0.032221998177053957,0.032221998177053957,0.052154966990153,0.15231720295476261,-0.09205688406759988,-0.045546610715693894,4
228.png,L4,0.1023310422897338,2.218302011489868,0.7492677211482133,0.2507322788517867,0.8566644340254521,0.015301582831766603,0.980269339179455,0.019730660820544976,0.9900363751383837,0.0006910477423791632,0.006924340582488808,0.006924340582488808,-0.006924340582488808,-0.001044324239095104,0.062187058808602785,-0.14609772962160622,-0.07084426831025904,4
233.png,L4,0.1023310422897338,2.218302011489868,0.8081479341230858,0.19185206587691417,0.8938958133589006,0.007635625543419465,0.998527896363904,0.001472103636095956,0.9992634060106069,3.785218467007201e-05,0.0004415749514475875,0.0004415749514475875,-0.0004415749514475875,-0.001044324239095104,0.0033068458337302264,-0.16435628680605524,-0.07732703394130026,4
234.png,L4,0.125470221042633,2.5731194019317627,0.8899338209683038,0.11006617903169624,0.941761887209731,0.005562135182263261,0.9945953841659363,0.0054046158340637085,0.9972903698279019,0.00029149806667919586,0.0020205277419129697,0.0020205277419129697,-0.0020205277419129697,0.022094854513804094,-0.0784790410114877,-0.1604237746080875,-0.07574808115083488,4
238.png,L4,0.1555303335189819,2.617194414138794,0.7816733067729084,0.21832669322709164,0.8774597495527728,0.004335252145276937,0.4525790349417637,0.5474209650582362,0.6231386025200458,0.006945616318447062,-0.13771699122740377,0.13771699122740377,0.13771699122740377,0.052154966990153,0.029781473183907697,0.38159257461608503,0.05994838233465592,4
246.png,L4,0.1377068758010864,2.6701366901397705,0.9631268436578171,0.03687315634218291,0.9812171299774606,0.00014137843931420733,1.0,0.0,1.0,0.0,0.0,0.0,-0.0,0.03433150927225749,-0.15167206370100103,-0.1658283904421512,-0.07776860889274785,4
256.png,L4,0.1235097646713256,2.3451669216156006,0.9172714078374455,0.08272859216255446,0.9568508705526116,0.004025512574989445,0.9991617770326907,0.0008382229673092878,0.99958071278826,3.993942278903257e-05,-0.00011712989417478337,0.00011712989417478337,0.00011712989417478337,0.020134398142496693,-0.10581662788062948,-0.1649901674748419,-0.07765147899857307,4
262.png,L4,0.1141921281814575,2.506071090698242,0.8357142857142857,0.16428571428571426,0.9105058365758755,0.009119758345729192,0.9978540772532188,0.0021459227467811592,0.9989258861439313,6.72057703623917e-05,-0.0011386787046686608,0.0011386787046686608,0.0011386787046686608,0.010816761652628598,-0.024259505757469685,-0.16368246769537004,-0.07662993018807919,4
263.png,L4,0.1309680938720703,2.3925411701202397,0.8728211749515816,0.12717882504841838,0.932092381937263,0.004751166341949789,0.9966763606148733,0.0033236393851266977,0.9983354140657511,4.625858998766148e-05,0.0006664723096623248,0.0006664723096623248,-0.0006664723096623248,0.027592727343241405,-0.061366394994765566,-0.1625047510570245,-0.07710213658308553,4
284.png,L4,0.1130691766738891,2.3580050468444824,0.8098404255319149,0.19015957446808507,0.8949301983835415,0.0012446353204919258,0.9807692307692307,0.019230769230769273,0.9902912621359223,0.0003269547038327132,-0.002431246458550196,0.002431246458550196,0.002431246458550196,0.009693810145060197,0.0016143544249011266,-0.14659762121138192,-0.07533736243419765,4
296.png,L4,0.1582962274551391,2.7976152896881104,0.7802690582959642,0.21973094170403584,0.8765743073047859,0.008166953068152006,0.39647887323943665,0.6035211267605634,0.567826525466465,0.048670976196720374,0.3745601166076751,0.3745601166076751,-0.3745601166076751,0.0549208609263102,0.0311857216608519,0.43769273631841216,0.29679150771492724,4
304.png,L4,0.125470221042633,2.5731194019317627,0.8391959798994975,0.16080402010050254,0.912568306010929,0.004037326279796637,0.9035369774919614,0.09646302250803862,0.9493243243243243,0.004247167400836602,0.04321235078563124,0.04321235078563124,-0.04321235078563124,0.022094854513804094,-0.0277411999426814,-0.06936536793411258,-0.034556258107116614,4
311.png,L4,0.1377068758010864,2.6701366901397705,0.8384341637010676,0.1615658362989324,0.9121176926054975,0.006037253827013197,0.9910017346053773,0.008998265394622673,0.9954805336237408,0.000475979841322317,0.00242248780685006,0.00242248780685006,-0.00242248780685006,0.03433150927225749,-0.026979383744251545,-0.15683012504752852,-0.07534612108589779,4
321.png,L4,0.1235097646713256,2.3451669216156006,0.8183881952326901,0.18161180476730987,0.9001248439450686,0.011874394824168242,0.9804560260586319,0.019543973941368087,0.9901315789473685,0.001384706898207418,-0.008748151948544836,0.008748151948544836,0.008748151948544836,0.020134398142496693,-0.006933415275874072,-0.1462844165007831,-0.06902045694420302,4
323.png,L4,0.1555303335189819,2.617194414138794,0.864406779661017,0.13559322033898302,0.9272727272727272,0.004807817052555111,0.9983586376692655,0.0016413623307345304,0.9991786447638604,3.446487071252033e-05,-0.00035003892052198893,0.00035003892052198893,0.00035003892052198893,0.052154966990153,-0.05295199970420092,-0.16418702811141667,-0.07741856997222586,4
324.png,L4,0.1555303335189819,2.617194414138794,0.8041119360365505,0.1958880639634495,0.8914213358657803,0.006536311453232264,0.46104860963701977,0.5389513903629802,0.6311201510969054,0.033310893934686954,-0.3382073062027333,0.3382073062027333,0.3382073062027333,0.052154966990153,0.007342843920265546,0.37312299992082903,0.2604386973099855,4
332.png,L4,0.1183745861053466,2.2093734741210938,0.9432146294513956,0.05678537054860444,0.9707776126795443,0.0024412917335129365,0.9217289719626168,0.07827102803738317,0.9592705167173252,0.00286829547650928,0.0,0.0,-0.0,0.014999219576517689,-0.1317598494945795,-0.08755736240476802,-0.07776860889274785,4
333.png,L4,0.1235097646713256,2.3451669216156006,0.949569495694957,0.050430504305043033,0.9741324921135647,0.0015483088132597351,0.9951456310679612,0.004854368932038833,0.9975669099756691,0.000175024657712975,0.0022245713524174926,0.0022245713524174926,-0.0022245713524174926,0.020134398142496693,-0.1381147157381409,-0.16097402151011236,-0.07554403754033036,4
350.png,L4,0.1023310422897338,2.218302011489868,0.8651685393258427,0.1348314606741573,0.927710843373494,0.006095661785370132,0.9975984630163305,0.0024015369836695166,0.9987977879297908,7.61432652113958e-05,0.0006733438631190136,0.0006733438631190136,-0.0006733438631190136,-0.001044324239095104,-0.05371375936902664,-0.16342685345848168,-0.07709526502962884,4
351.png,L4,0.1377068758010864,2.6701366901397705,0.8096013018714402,0.1903986981285598,0.8947841726618705,0.004049876284699207,0.997246443322625,0.0027535566773749798,0.9986213235294118,8.419237865512666e-05,-0.0008377635764326152,0.0008377635764326152,0.0008377635764326152,0.03433150927225749,0.0018534780853758648,-0.16307483376477622,-0.07693084531631524,4
354.png,L4,0.125470221042633,2.5731194019317627,0.8580613254203758,0.14193867457962417,0.9236092627096087,0.006014347868881674,0.96111422695831,0.03888577304169005,0.9801715919923737,0.0024266040619938716,0.010988630763102636,0.010988630763102636,-0.010988630763102636,0.022094854513804094,-0.04660654546355977,-0.12694261740046114,-0.06677997812964521,4
404.png,L4,0.1632764339447021,2.73792028427124,0.8983392048314042,0.10166079516859583,0.9464475079533404,0.00450201074287041,0.972737819025522,0.027262180974477968,0.9861805351367245,0.0010761275896497846,-0.007824645471987135,0.007824645471987135,0.007824645471987135,0.059901067415873185,-0.08688442487458811,-0.13856620946767323,-0.06994396342076072,4
415.png,L4,0.1555303335189819,2.617194414138794,0.7430626927029804,0.2569373072970196,0.8525943396226415,0.005268419102667482,0.6569365031597953,0.34306349684020465,0.7929531420268797,0.014078406891751464,-0.175985349380961,0.175985349380961,0.175985349380961,0.052154966990153,0.06839208725383564,0.17723510639805345,0.09821674048821315,4
429.png,L4,0.1582962274551391,2.7976152896881104,0.7230667547918044,0.2769332452081956,0.8392788645953203,0.02117225306176927,0.7600605798355691,0.23993942016443093,0.8636754763368162,0.008772756055514763,-0.07703553254548012,0.07703553254548012,0.07703553254548012,0.0549208609263102,0.08838802516501168,0.07411102972227973,-0.0007330763472677276,4
442.png,L4,0.1555303335189819,2.617194414138794,0.8521400778210116,0.14785992217898836,0.9201680672268907,0.004905202598689695,0.978743594609983,0.021256405390017052,0.9892576251678497,0.0008186850161740782,0.0009525149173430503,0.0009525149173430503,-0.0009525149173430503,0.052154966990153,-0.040685297864195585,-0.14457198505213414,-0.0768160939754048,4
443.png,L4,0.1049474477767944,2.090528726577759,0.7028630384317771,0.2971369615682229,0.8255074219933354,0.03128136403430092,0.9870302627203192,0.01296973727968076,0.9934728033472804,0.0008002819503258201,-0.00040629620302279346,0.00040629620302279346,0.00040629620302279346,0.0015720812479654983,0.10859174152503895,-0.15285865316247044,-0.07736231268972506,4
445.png,L4,0.1377068758010864,2.6701366901397705,0.8731206453978732,0.12687935460212685,0.9322631166797181,0.008813338256202452,0.9908589440504334,0.009141055949566601,0.9954084863837872,0.0004063315467447036,0.004103975393326187,0.004103975393326187,-0.004103975393326187,0.03433150927225749,-0.061665865441057094,-0.1566873344925846,-0.07366463349942166,4
452.png,L4,0.0996040105819702,2.051445484161377,0.9043126684636119,0.09568733153638809,0.9497523000707714,0.0017222751285982595,0.9867330016583747,0.013266998341625258,0.993322203672788,0.00031313434613189237,-0.00559621948664879,0.00559621948664879,0.00559621948664879,-0.0037713559468587066,-0.09285788850679585,-0.15256139210052594,-0.07217238940609906,4
457.png,L4,0.0952541828155517,1.6702364683151243,0.7584427767354597,0.24155722326454032,0.8626300346759136,0.007381982766168223,0.3865699517873431,0.6134300482126569,0.5575917050402531,0.024281276933607397,0.43193476944532994,0.43193476944532994,-0.43193476944532994,-0.008121183713277205,0.05301200322135638,0.4476016577705057,0.3541661605525821,4
472.png,L4,0.1130691766738891,2.3580050468444824,0.8756169792694966,0.12438302073050345,0.9336842105263158,0.0025091865584405304,0.9920734251147267,0.007926574885273263,0.9960209424083769,0.00014430666634956426,-0.002119892292138048,0.002119892292138048,0.002119892292138048,0.009693810145060197,-0.0641621993126805,-0.15790181555687793,-0.0756487166006098,4
473.png,L4,0.1141921281814575,2.506071090698242,0.875,0.125,0.9333333333333333,0.001213055396455219,0.994005994005994,0.005994005994006013,0.996993987975952,0.0001762885184127781,-0.0018434521710781748,0.0018434521710781748,0.0018434521710781748,0.010816761652628598,-0.06354522004318394,-0.15983438444814518,-0.07592515672166968,4
475.png,L4,0.1049474477767944,2.090528726577759,0.9177403369672944,0.0822596630327056,0.9571059431524548,0.0022999986712849444,1.0,0.0,1.0,0.0,0.0,0.0,-0.0,0.0015720812479654983,-0.10628555701047834,-0.1658283904421512,-0.07776860889274785,4
482.png,L4,0.1582962274551391,2.7976152896881104,0.6939130434782609,0.3060869565217391,0.8193018480492813,0.008895694711871998,0.9436079126070269,0.05639208739297308,0.9709858727024153,0.0018417067520652166,0.025471026999790536,0.025471026999790536,-0.025471026999790536,0.0549208609263102,0.11754173647855518,-0.10943630304917812,-0.052297581892957315,4
483.png,L4,0.1125109195709228,2.0858020782470703,0.7971391417425228,0.20286085825747724,0.8871201157742402,0.00030943756196205537,0.8811491538764266,0.11885084612357344,0.9368200836820084,0.0037354481082441937,0.05930973147672802,0.05930973147672802,-0.05930973147672802,0.009135553042093889,0.014315638214293297,-0.04697754431857776,-0.018458877416019828,4
484.png,L4,0.1023310422897338,2.218302011489868,0.9965753424657534,0.003424657534246589,0.9982847341337907,0.0001298624276821067,1.0,0.0,1.0,0.0,0.0,0.0,-0.0,-0.001044324239095104,-0.18512056250893735,-0.1658283904421512,-0.07776860889274785,4
486.png,L4,0.1377068758010864,2.6701366901397705,0.8499184339314845,0.15008156606851553,0.9188712522045855,0.003472039799345978,0.9967298888162197,0.0032701111837802888,0.9983622666229938,7.385540391159927e-05,-0.00024399626220272808,0.00024399626220272808,0.00024399626220272808,0.03433150927225749,-0.038463653974668416,-0.1625582792583709,-0.07752461263054512,4
494.png,L4,0.1141921281814575,2.506071090698242,0.9790660225442834,0.020933977455716568,0.9894222945484134,0.0004753948576298097,1.0,0.0,1.0,0.0,0.0,0.0,-0.0,0.010816761652628598,-0.16761124258746737,-0.1658283904421512,-0.07776860889274785,4
500.png,L4,0.1125109195709228,2.0858020782470703,0.9793548387096774,0.020645161290322567,0.9895697522816167,0.000480429298676354,0.994724025974026,0.005275974025974017,0.9973550356052899,0.00014210367059664875,0.0019266454471923433,0.0019266454471923433,-0.0019266454471923433,0.009135553042093889,-0.16790005875286138,-0.16055241641617718,-0.07584196344555551,4
506.png,L4,0.1555303335189819,2.617194414138794,0.8542805100182149,0.14571948998178508,0.9214145383104125,0.005575640433441281,0.9719672951777073,0.028032704822292698,0.9857843966830259,0.0011041759574157337,-0.004748192933384798,0.004748192933384798,0.004748192933384798,0.052154966990153,-0.042825730061398865,-0.1377956856198585,-0.07302041595936305,4
507.png,L4,0.114488661289215,2.3430118560791016,0.9338509316770186,0.0661490683229814,0.9657941223703228,0.0015940539667943664,0.9979846835953244,0.00201531640467556,0.9989913253984265,4.530216148748598e-05,-0.00030660699471207753,0.00030660699471207753,0.00030660699471207753,0.011113294760386097,-0.12239615172020255,-0.16381307403747564,-0.07746200189803577,4
518.png,L4,0.1014949083328247,1.9912701845169067,0.44324512534818944,0.5567548746518105,0.6142340168878166,0.09035999394446129,0.048221343873517786,0.9517786561264823,0.09200603318250378,0.08565358290497928,-0.8125727265548739,0.8125727265548739,0.8125727265548739,-0.0018804581960042144,0.36820965460862654,0.7859502656843311,0.734804117662126,4
519.png,L4,0.0996040105819702,2.051445484161377,0.9883720930232558,0.011627906976744207,0.9941520467836257,0.0003586608887312517,1.0,0.0,1.0,0.0,0.0,0.0,-0.0,-0.0037713559468587066,-0.17691731306643974,-0.1658283904421512,-0.07776860889274785,4
543.png,L4,0.1235097646713256,2.3451669216156006,0.928135593220339,0.071864406779661,0.9627285513361463,0.0019699315175437837,0.9959576515880655,0.0040423484119345154,0.9979747323753496,0.0002399658632045573,0.001482388146751168,0.001482388146751168,-0.001482388146751168,0.020134398142496693,-0.11668081326352295,-0.16178604203021668,-0.07628622074599668,4
550.png,L4,0.1023310422897338,2.218302011489868,0.9830699774266366,0.0169300225733634,0.9914627205463858,0.0007323185214715118,1.0,0.0,1.0,0.0,0.0,0.0,-0.0,-0.001044324239095104,-0.17161519746982054,-0.1658283904421512,-0.07776860889274785,4
551.png,L4,0.0905245542526245,1.93342399597168,0.8967320261437909,0.10326797385620912,0.9455547898001379,0.0004854354023501106,0.9905933429811867,0.00940665701881327,0.995274445656125,0.00012428253536551608,0.002039184075042777,0.002039184075042777,-0.002039184075042777,-0.01285081227620441,-0.08527724618697483,-0.15642173342333793,-0.07572942481770507,4
558.png,L4,0.1153584718704223,2.364701271057129,0.8531914893617021,0.14680851063829792,0.9207807118254879,0.00694905907134935,0.9983351831298557,0.0016648168701443034,0.9991668980838656,4.253855575090735e-05,-0.0008272511709096486,0.0008272511709096486,0.0008272511709096486,0.011983105341593386,-0.041736709404886024,-0.1641635735720069,-0.0769413577218382,4
561.png,L4,0.1130691766738891,2.3580050468444824,0.8030027297543221,0.19699727024567792,0.8907393388846834,0.001385620998138581,0.9611111111111111,0.03888888888888886,0.9801699716713881,0.00187443203393673,-0.0007439326098055421,0.0007439326098055421,0.0007439326098055421,0.009693810145060197,0.008452050202493983,-0.12693950155326233,-0.07702467628294231,4
562.png,L4,0.1130691766738891,2.3580050468444824,0.9293859649122806,0.07061403508771935,0.9634007729029325,0.00199174191795453,0.9887809778968519,0.011219022103148069,0.9943588448261346,0.0005159793227248753,0.00225669121152694,0.00225669121152694,-0.00225669121152694,0.009693810145060197,-0.11793118495546459,-0.15460936833900313,-0.07551191768122091,4
563.png,L4,0.0996040105819702,2.051445484161377,0.6035260352603526,0.39647396473964736,0.7527486576323191,0.024149397538841468,0.5056493234760776,0.4943506765239224,0.6716694459885121,0.02143311624932321,-0.0415374789812597,0.0415374789812597,0.0415374789812597,-0.0037713559468587066,0.2079287446964634,0.3285222860817712,-0.03623112991148815,4
579.png,L4,0.1555303335189819,2.617194414138794,0.6951871657754011,0.3048128342245989,0.8201892744479495,0.001907972626741821,0.2620755619320899,0.7379244380679101,0.41530882910193256,0.02147814135228716,0.3057176196032672,0.3057176196032672,-0.3057176196032672,0.052154966990153,0.11626761418141499,0.5720960476257588,0.22794901071051937,4
581.png,L4,0.1049474477767944,2.090528726577759,0.8093599449415003,0.19064005505849968,0.894636744009129,0.010279579585298617,0.9902577633448346,0.009742236655165382,0.9951050377320008,0.00038036604842376644,-0.0010078613182824547,0.0010078613182824547,0.0010078613182824547,0.0015720812479654983,0.002094835015315738,-0.15608615378698582,-0.0767607475744654,4
589.png,L4,0.1235097646713256,2.3451669216156006,0.8795472918350848,0.12045270816491516,0.9359139784946237,0.006308634053915264,0.9926634768740031,0.007336523125996863,0.9963182327517208,0.0002869067603583202,-0.00041292547945859237,0.00041292547945859237,0.00041292547945859237,0.020134398142496693,-0.06809251187826879,-0.15849186731615433,-0.07735568341328926,4
590.png,L4,0.1582962274551391,2.7976152896881104,0.9661266568483063,0.03387334315169366,0.9827715355805243,0.0011937760755669285,1.0,0.0,1.0,0.0,0.0,0.0,-0.0,0.0549208609263102,-0.15467187689149028,-0.1658283904421512,-0.07776860889274785,4
592.png,L4,0.1023310422897338,2.218302011489868,0.8778801843317973,0.12211981566820274,0.9349693251533743,0.004909336908109686,0.9912616056799564,0.008738394320043641,0.9956116291826659,0.00036086067689580255,0.0032564874522100773,0.0032564874522100773,-0.0032564874522100773,-0.001044324239095104,-0.0664254043749812,-0.15708999612210756,-0.07451212144053777,4
593.png,L4,0.1555303335189819,2.617194414138794,0.9270771069934249,0.07292289300657506,0.9621588089330024,0.005137454887612474,0.9959266802443992,0.004073319755600768,0.9979591836734694,4.4057748119412314e-05,7.233355650160256e-05,7.233355650160256e-05,-7.233355650160256e-05,0.052154966990153,-0.11562232703660888,-0.16175507068655043,-0.07769627533624625,4
601.png,L4,0.1377068758010864,2.6701366901397705,0.9414556962025317,0.05854430379746833,0.9698451507742462,0.0022823847586647466,0.9971623155505108,0.002837684449489175,0.9985791418016482,7.246783338163457e-05,0.00014014299118014772,0.00014014299118014772,-0.00014014299118014772,0.03433150927225749,-0.1300009162457156,-0.16299070599266202,-0.0776284659015677,4
604.png,L4,0.114488661289215,2.3430118560791016,0.9095607235142119,0.09043927648578809,0.952638700947226,0.005253705760066134,1.0,0.0,1.0,0.0,0.0,0.0,-0.0,0.011113294760386097,-0.09810594355739585,-0.1658283904421512,-0.07776860889274785,4
614.png,L4,0.1309680938720703,2.3925411701202397,0.7932960893854749,0.2067039106145251,0.8847352024922118,0.006452751148041623,0.9866879659211928,0.013312034078807211,0.993299383543286,0.00010508109600521545,0.0007784821574596812,0.0007784821574596812,-0.0007784821574596812,0.027592727343241405,0.018158690571341146,-0.15251635636334399,-0.07699012673528817,4
616.png,L4,0.1582962274551391,2.7976152896881104,0.7440329218106996,0.2559670781893004,0.8532326569136385,0.009562157000751978,0.9727300898667492,0.027269910133250752,0.9861765629908891,0.0002896777862173545,-0.004602672410891406,0.004602672410891406,0.004602672410891406,0.0549208609263102,0.06742185814611648,-0.13855848030890044,-0.07316593648185644,4
621.png,L4,0.1555303335189819,2.617194414138794,0.7527093596059113,0.24729064039408866,0.8589094997189433,0.011271158710176976,0.9799532241897762,0.02004677581022385,0.989875126560918,0.0008005910906567635,-0.0010891656495017887,0.0010891656495017887,0.0010891656495017887,0.052154966990153,0.058745420350904715,-0.14578161463192735,-0.07667944324324606,4
623.png,L4,0.1130691766738891,2.3580050468444824,0.5197478991596639,0.4802521008403361,0.6839922587779929,0.02318599336820397,0.8879754996776273,0.11202450032237266,0.9406642192435755,0.005285603877750855,0.04152698580375325,0.04152698580375325,-0.04152698580375325,0.009693810145060197,0.2917068807971521,-0.05380389011977854,-0.036241623088994604,4
630.png,L4,0.0952541828155517,1.6702364683151243,0.8964441671865253,0.10355583281347469,0.9453947368421053,0.004705889393986848,0.9327781082688875,0.06722189173111248,0.9652200677131425,0.0032421189128655405,0.03205103033859946,0.03205103033859946,-0.03205103033859946,-0.008121183713277205,-0.08498938722970925,-0.09860649871103871,-0.04571757855414839,4
633.png,L4,0.1235097646713256,2.3451669216156006,0.8910690121786198,0.10893098782138022,0.942397137745975,0.006417840391538337,1.0,0.0,1.0,0.0,0.0,0.0,-0.0,0.020134398142496693,-0.07961423222180372,-0.1658283904421512,-0.07776860889274785,4
670.png,L4,0.1632764339447021,2.73792028427124,0.8725402504472272,0.12745974955277284,0.9319321710054932,0.007237983899671696,0.9976655348047538,0.0023344651952461604,0.9988314033783066,9.929245081913706e-05,-0.0009441485046419729,0.0009441485046419729,0.0009441485046419729,0.059901067415873185,-0.0610854704904111,-0.16349392524690504,-0.07682446038810588,4
675.png,L4,0.1582962274551391,2.7976152896881104,0.735021919142718,0.26497808085728203,0.8472768107804605,0.014625764876614614,0.3670262664165103,0.6329737335834897,0.5369703208097444,0.04216792504953447,-0.40427514295877676,0.40427514295877676,0.40427514295877676,0.0549208609263102,0.07643286081409809,0.46714534314133854,0.3265065340660289,4
681.png,L4,0.1377068758010864,2.6701366901397705,0.8933239138113741,0.1066760861886259,0.9436567164179105,0.006418982586677384,0.9988652774912317,0.0011347225087683377,0.9994323166640863,8.384582197040038e-05,-0.0005789185500598704,0.0005789185500598704,0.0005789185500598704,0.03433150927225749,-0.08186913385455805,-0.16469366793338286,-0.07718969034268798,4
687.png,L4,0.1582962274551391,2.7976152896881104,0.8760643330179754,0.12393566698202463,0.9339384770549672,0.0056478951163275865,0.99644128113879,0.003558718861209953,0.9982174688057041,7.606051767480199e-05,5.078211810605193e-05,5.078211810605193e-05,-5.078211810605193e-05,0.0549208609263102,-0.06460955306115931,-0.16226967158094124,-0.0777178267746418,4
694.png,L4,0.1014949083328247,1.9912701845169067,0.9276659209545116,0.07233407904548839,0.9624758220502901,0.00500659727625543,0.9956575682382134,0.004342431761786614,0.9978240596829344,9.747819324219097e-05,-0.0018939679246730012,0.0018939679246730012,0.0018939679246730012,-0.0018804581960042144,-0.11621114099769556,-0.16148595868036458,-0.07587464096807485,4
695.png,L4,0.1309680938720703,2.3925411701202397,0.9719934102141681,0.028006589785831926,0.985797827903091,0.0004381851950214423,1.0,0.0,1.0,0.0,0.0,0.0,-0.0,0.027592727343241405,-0.16053863025735202,-0.1658283904421512,-0.07776860889274785,4
712.png,L4,0.0816570520401001,2.358928680419922,0.9346049046321526,0.06539509536784738,0.9661971830985916,0.0014702125807065914,0.9740983606557377,0.02590163934426226,0.9868792559375519,0.0002352691496851166,-0.0026949104033530125,0.0026949104033530125,0.0026949104033530125,-0.02171831448872881,-0.12315012467533656,-0.13992675109788894,-0.07507369848939484,4
713.png,L4,0.0478604435920715,1.795115351676941,0.9783728115345005,0.02162718846549949,0.9890681936491411,0.000789889802563844,1.0,0.0,1.0,0.0,0.0,0.0,-0.0,-0.05551492293675741,-0.16691803157768445,-0.1658283904421512,-0.07776860889274785,3
714.png,L4,0.0881204605102539,2.4099693298339844,0.8722986247544204,0.12770137524557956,0.9317943336831059,0.005324233493912135,0.9978703985397018,0.0021296014602981694,0.9989340642606974,8.810050641559267e-05,0.00045233406892519756,0.00045233406892519756,-0.00045233406892519756,-0.015254906018575001,-0.06084384479760438,-0.16369878898185303,-0.07731627482382265,4
723.png,L4,0.1275869607925415,2.644569635391236,0.7976278724981468,0.20237212750185318,0.8874226804123712,0.0008588236800541038,0.9872173058013766,0.012782694198623434,0.9935675408213755,8.765596913588e-05,0.0012138275897392026,0.0012138275897392026,-0.0012138275897392026,0.024211594263712596,0.013826907458669241,-0.15304569624352776,-0.07655478130300865,4
727.png,L4,0.1329491138458252,2.390178680419922,0.6121688741721855,0.38783112582781454,0.7594351732991014,0.025724059769209936,0.599404255319149,0.400595744680851,0.749534401106795,0.02927598352023373,-0.11833410128177324,0.11833410128177324,0.11833410128177324,0.029573747316996288,0.1992859057846306,0.23476735423869982,0.04056549238902539,4
729.png,L4,0.1275869607925415,2.644569635391236,0.8691275167785235,0.1308724832214765,0.9299820466786356,0.00190668712781998,0.9856566562079785,0.014343343792021512,0.9927765237020316,0.00037714997252166185,0.006362181246665433,0.006362181246665433,-0.006362181246665433,0.024211594263712596,-0.057672736821707454,-0.15148504665012968,-0.07140642764608242,4
761.png,L4,0.1352231502532959,2.603976249694824,0.6426735218508998,0.35732647814910024,0.7824726134585289,0.010955592320281033,0.727751448130595,0.272248551869405,0.8424260896068272,0.015266705604351297,-0.10118619997989275,0.10118619997989275,0.10118619997989275,0.03184778372446699,0.1687812581059163,0.1064201614272538,0.023417591087144904,4
762.png,L4,0.1275869607925415,2.644569635391236,0.0,1.0,0.0,0.22363552961285674,0.0,1.0,0.0,0.21273677645109784,-0.9517279210093252,0.9517279210093252,0.9517279210093252,0.024211594263712596,0.811454779956816,0.8341716095578489,0.8739593121165774,4
764.png,L4,0.1526007056236267,2.9577553272247314,0.8304221251819505,0.16957787481804953,0.9073558648111332,0.004001181776009089,0.4813375884556681,0.5186624115443319,0.6498688647433496,0.018855874784068437,-0.14042187202278844,0.14042187202278844,0.14042187202278844,0.0492253390947978,-0.018967345225134408,0.3528340211021807,0.06265326313004059,4
769.png,L4,0.1416006088256836,2.710000276565552,0.8322669104204753,0.1677330895795247,0.9084559740583686,0.007845565490411153,0.9668688331673757,0.03313116683262429,0.9831553755522827,0.0008237175266202569,0.013221798667490847,0.013221798667490847,-0.013221798667490847,0.038225242296854686,-0.020812130463659234,-0.1326972236095269,-0.064546810225257,4
776.png,L4,0.1305733323097229,2.534266948699951,0.8430439952437574,0.1569560047562426,0.9148387096774193,0.004392233977651925,0.9962049335863378,0.003795066413662229,0.9980988593155894,2.7548626811188458e-05,0.0014880268125826435,0.0014880268125826435,-0.0014880268125826435,0.027197965780893993,-0.031589215286941336,-0.16203332402848897,-0.07628058208016521,4
780.png,L4,0.1329491138458252,2.390178680419922,0.7441430332922319,0.25585696670776814,0.8533050547896783,0.019526640860866154,0.16645489199491742,0.8335451080050826,0.28540305010893247,0.05420902302219933,-0.577498329384606,0.577498329384606,0.577498329384606,0.029573747316996288,0.0673117466645842,0.6677167175629315,0.49972972049185815,4
781.png,L4,0.1296102404594421,2.257124900817871,0.8390285230160971,0.1609714769839029,0.9124692874692875,0.00392790930960752,0.9234006734006734,0.07659932659932656,0.9601750547045952,0.005842005014139747,-0.02700618255057541,0.02700618255057541,0.02700618255057541,0.026234873930613203,-0.027573743059281036,-0.08922906384282464,-0.05076242634217244,4
782.png,L4,0.1329491138458252,2.390178680419922,0.7816399286987522,0.2183600713012478,0.8774387193596799,0.005748410669659317,0.8979569176104819,0.10204308238951809,0.9462353010004095,0.005935707290746673,0.03830638899761618,0.03830638899761618,-0.03830638899761618,0.029573747316996288,0.02981485125806385,-0.0637853080526331,-0.03946221989513167,4
794.png,L4,0.1416006088256836,2.710000276565552,0.7484615384615385,0.2515384615384615,0.8561372635283766,0.024558385525789008,0.5113233805668016,0.4886766194331984,0.6766564815202377,0.03645379799735995,0.06705161085746314,0.06705161085746314,-0.06705161085746314,0.038225242296854686,0.06299324149527755,0.3228482289910472,-0.010716998035284711,4
828.png,L4,0.1352231502532959,2.603976249694824,0.9287974683544303,0.07120253164556967,0.963084495488105,0.0005217650192081207,0.951240376390077,0.04875962360992303,0.975010960105217,0.0011836505890001896,0.02250981384379791,0.02250981384379791,-0.02250981384379791,0.03184778372446699,-0.11734268839761428,-0.11706876683222817,-0.05525879504894994,4
837.png,L4,0.1277832984924316,2.546528577804565,0.8795749704840614,0.12042502951593859,0.9359296482412061,0.0027092675791538416,0.7433684883349313,0.2566315116650687,0.8527956003666362,0.006494143394059235,-0.10582260889449979,0.10582260889449979,0.10582260889449979,0.024407931963602705,-0.06812019052724536,0.0908031212229175,0.02805400000175194,4
847.png,L4,0.1305733323097229,2.534266948699951,0.8338028169014085,0.16619718309859155,0.9093701996927803,0.006982128519880317,0.9876982842343801,0.012301715765619892,0.9938110749185668,0.0002503214147219762,0.0013333358043804422,0.0013333358043804422,-0.0013333358043804422,0.027197965780893993,-0.022348036944592392,-0.1535266746765313,-0.07643527308836741,4
856.png,L4,0.1416006088256836,2.710000276565552,0.8787248787248787,0.1212751212751213,0.9354481741054961,0.0036868655148650014,0.9330860763405965,0.06691392365940352,0.965384922855544,0.0038923177956968194,0.018580011113519812,0.018580011113519812,-0.018580011113519812,0.038225242296854686,-0.06727009876806264,-0.09891446678274768,-0.05918859777922804,4
865.png,L4,0.1163173913955688,2.4396235942840576,0.6980347694633409,0.30196523053665913,0.8221678166036056,0.01092879540814127,0.8108585858585858,0.18914141414141417,0.8955515269836842,0.012920119565490483,0.028623119405827513,0.028623119405827513,-0.028623119405827513,0.012942024866739898,0.11342001049347519,0.02331302369926297,-0.04914548948692034,4
867.png,L4,0.090997576713562,2.176992177963257,0.7601071602532878,0.23989283974671216,0.8637055486370555,0.01843482462106434,0.9052009155645981,0.09479908443540186,0.9502419489404305,0.0044731965630176625,0.02072767707314105,0.02072767707314105,-0.02072767707314105,-0.01237778981526691,0.05134761970352822,-0.07102930600674934,-0.0570409318196068,4
868.png,L4,0.1147438883781433,2.4115493297576904,0.7619453924914675,0.23805460750853247,0.8648910411622276,0.013358333415610405,0.6896756664968585,0.3103243335031415,0.8163408873925934,0.008061232039939015,0.1427655590452871,0.1427655590452871,-0.1427655590452871,0.01136852184931439,0.049509387465348526,0.14449594306099028,0.06499695015253924,4
900.png,L4,0.1305733323097229,2.534266948699951,0.8812636165577342,0.11873638344226578,0.9368847712796757,0.0013531283190534261,0.8507772020725388,0.14922279792746118,0.9193729003359462,0.004686043417637782,0.03905293289670497,0.03905293289670497,-0.03905293289670497,0.027197965780893993,-0.06980883660091816,-0.016605592514690015,-0.03871567599604288,4
915.png,L4,0.1275869607925415,2.644569635391236,0.7895189003436426,0.21048109965635742,0.8823811809889582,0.013381758652330655,0.8280971081756515,0.17190289182434848,0.9059662142368909,0.007129051281450154,-0.08295157013911114,0.08295157013911114,0.08295157013911114,0.024211594263712596,0.021935879613173476,0.006074501382197284,0.005182961246363291,4
921.png,L4,0.0816570520401001,2.358928680419922,0.8147249190938511,0.18527508090614886,0.8979045920641997,0.00914872618508567,0.41127663586649066,0.5887233641335093,0.582843399251737,0.027939527877422703,-0.2525276681859804,0.2525276681859804,0.2525276681859804,-0.02171831448872881,-0.003270139137035083,0.42289497369135814,0.17475905929323254,4
922.png,L4,0.077789306640625,2.1586222648620605,0.8815028901734104,0.11849710982658956,0.9370199692780338,0.004672053224436338,0.9784424683373754,0.02155753166262464,0.9891037864342141,0.00109703509111601,-0.010211312563840669,0.010211312563840669,0.010211312563840669,-0.025586059888203908,-0.07004811021659438,-0.14427085877952656,-0.06755729632890718,4
929.png,L4,0.0727616548538208,2.033021688461304,0.9664233576642336,0.033576642335766405,0.9829250185597624,0.0014383573462794631,0.9931170108161259,0.006882989183874089,0.9965466206216083,0.00026895238446984505,0.0013509202838148937,0.0013509202838148937,-0.0013509202838148937,-0.030613711675008107,-0.15496857770741754,-0.1589454012582771,-0.07641768860893296,4
933.png,L4,0.0881204605102539,2.4099693298339844,0.9895052473763118,0.010494752623688153,0.9947249434815373,0.0003552504970505795,1.0,0.0,1.0,0.0,0.0,0.0,-0.0,-0.015254906018575001,-0.1780504674194958,-0.1658283904421512,-0.07776860889274785,4
935.png,L4,0.077789306640625,2.1586222648620605,0.8966824644549763,0.10331753554502365,0.9455272363818091,0.0027761938072608833,0.9524061343204654,0.04759386567953461,0.9756229685807151,0.0017882993222314105,-0.0060138105469370595,0.0060138105469370595,0.0060138105469370595,-0.025586059888203908,-0.08522768449816029,-0.11823452476261659,-0.07175479834581079,4
939.png,L4,0.0753979682922363,2.1224772930145264,0.0,1.0,0.0,0.4409310546595874,0.0,1.0,0.0,0.495743546339219,0.8143377205264631,0.8143377205264631,-0.8143377205264631,-0.027977398236592607,0.811454779956816,0.8341716095578489,0.7365691116337153,4
942.png,L4,0.0791950821876525,2.393324613571167,0.9602911978821972,0.03970880211780281,0.9797434166103984,0.0014996185652583743,0.9317561419472248,0.06824385805277522,0.9646726330664155,0.0028110931126306728,-0.004932458984733157,0.004932458984733157,0.004932458984733157,-0.024180284341176403,-0.14883641792538113,-0.09758453238937598,-0.0728361499080147,4
943.png,L4,0.0816570520401001,2.358928680419922,0.8859154929577465,0.11408450704225348,0.9395070948469006,0.0007078388975429216,0.9943785134291068,0.0056214865708932304,0.9971813341684935,8.93674875121095e-05,0.0004611443680142546,0.0004611443680142546,-0.0004611443680142546,-0.02171831448872881,-0.07446071300093046,-0.16020690387125797,-0.0773074645247336,4
944.png,L4,0.0753979682922363,2.1224772930145264,0.9839181286549707,0.016081871345029253,0.9918938835666913,0.00033798340087466824,1.0,0.0,1.0,0.0,0.0,0.0,-0.0,-0.027977398236592607,-0.1724633486981547,-0.1658283904421512,-0.07776860889274785,4
945.png,L4,0.0881204605102539,2.4099693298339844,1.0,0.0,1.0,0.0,1.0,0.0,1.0,0.0,0.0,0.0,-0.0,-0.015254906018575001,-0.18854522004318394,-0.1658283904421512,-0.07776860889274785,4
954.png,L4,0.0791950821876525,2.393324613571167,0.8960645812310797,0.10393541876892032,0.9451836083022884,0.004602087768226545,0.9648265754763068,0.03517342452369321,0.982098458478369,0.001183867829953443,0.012894966168588484,0.012894966168588484,-0.012894966168588484,-0.024180284341176403,-0.08460980127426362,-0.130654965918458,-0.06487364272415937,4
956.png,L4,0.0881147384643554,2.2955801486968994,0.9432404540763674,0.05675954592363264,0.9707912904938927,0.0010862283199773442,0.9830188679245283,0.016981132075471694,0.9914367269267365,0.00046094071969569043,0.0027238481599536346,0.0027238481599536346,-0.0027238481599536346,-0.015260628064473508,-0.1317856741195513,-0.1488472583666795,-0.07504476073279422,4
958.png,L4,0.0816570520401001,2.358928680419922,0.9875415282392026,0.012458471760797396,0.9937317175094025,0.0005616239847305199,1.0,0.0,1.0,0.0,0.0,0.0,-0.0,-0.02171831448872881,-0.17608674828238655,-0.1658283904421512,-0.07776860889274785,4
960.png,L4,0.0881204605102539,2.4099693298339844,0.9213483146067416,0.0786516853932584,0.9590643274853801,0.0004426258385539925,0.9847368421052631,0.015263157894736867,0.9923097321665341,0.0005741257703179549,-0.005597313187354236,0.005597313187354236,0.005597313187354236,-0.015254906018575001,-0.10989353464992554,-0.15056523254741433,-0.07217129570539361,4
963.png,L4,0.0791950821876525,2.393324613571167,0.6792452830188679,0.3207547169811321,0.8089887640449438,0.0056089734927610305,0.6896,0.3104,0.8162878787878788,0.009142950580059277,0.1289033212284233,0.1289033212284233,-0.1289033212284233,-0.024180284341176403,0.13220949693794817,0.1445716095578488,0.051134712335675445,4
982.png,L4,0.069466233253479,2.059930324554444,0.8319327731092437,0.16806722689075626,0.908256880733945,0.0004962868785637065,0.9468473163105784,0.05315268368942161,0.9726980728051392,0.001232080393028735,-0.0039177895907680504,0.0039177895907680504,0.0039177895907680504,-0.033909133275349904,-0.02047799315242768,-0.11267570675272959,-0.0738508193019798,4
992.png,L4,0.0881204605102539,2.4099693298339844,0.8531645569620253,0.1468354430379747,0.9207650273224044,0.0076082687655190705,0.9965325936199723,0.0034674063800277377,0.9982632858631469,3.5011123727022565e-05,-0.0016975868321942311,0.0016975868321942311,0.0016975868321942311,-0.015254906018575001,-0.04170977700520925,-0.16236098406212346,-0.07607102206055362,4
994.png,L4,0.069466233253479,2.059930324554444,0.9057471264367816,0.09425287356321843,0.9505428226779252,0.004105011702844181,0.8933774834437086,0.1066225165562914,0.94368660370759,0.004427676830247136,-0.003250519676909147,0.003250519676909147,0.003250519676909147,-0.033909133275349904,-0.09429234647996551,-0.059205873885859794,-0.0745180892158387,4
1004.png,L4,0.044930875301361,1.5584220886230469,0.9240331491712708,0.07596685082872923,0.9605168700646087,0.0026820432968234277,0.9651855245075585,0.03481447549244154,0.9822843822843823,0.00022463895122894892,0.008429841763175183,0.008429841763175183,-0.008429841763175183,-0.05844449122746791,-0.11257836921445472,-0.13101391494970965,-0.06933876712957267,3
1007.png,L4,0.0791950821876525,2.393324613571167,0.879074658254469,0.12092534174553105,0.9356463346390599,0.004120644220406321,0.9580657347941065,0.041934265205893495,0.9785838317576693,0.001878370302587696,0.013207448816237144,0.013207448816237144,-0.013207448816237144,-0.024180284341176403,-0.0676198782976529,-0.1238941252362577,-0.0645611600765107,4
1008.png,L4,0.0881147384643554,2.2955801486968994,0.906567992599445,0.09343200740055502,0.9509946627850558,0.003899776327922606,0.621929298981426,0.378070701018574,0.7669006280014776,0.013257573402772048,-0.35877902112214005,0.35877902112214005,0.35877902112214005,-0.015260628064473508,-0.09511321264262892,0.2122423105764228,0.2810104122293922,4
1011.png,L4,0.0753979682922363,2.1224772930145264,0.6613055818353831,0.3386944181646169,0.7961275626423691,0.021408522445063707,0.5813590210882583,0.4186409789117417,0.7352650642081001,0.01671236874630175,0.19186084630839595,0.19186084630839595,-0.19186084630839595,-0.027977398236592607,0.15014919812143293,0.2528125884695905,0.1140922374156481,4
1015.png,L4,0.0881147384643554,2.2955801486968994,0.8872832369942196,0.11271676300578037,0.9402756508422665,0.00542135478252719,0.9770821688093907,0.022917831190609306,0.988408255583828,0.0004800555917407776,-0.0024131086112464395,0.0024131086112464395,0.0024131086112464395,-0.015260628064473508,-0.07582845703740357,-0.1429105592515419,-0.07535550028150141,4
1016.png,L4,0.0791950821876525,2.393324613571167,0.830938292476754,0.169061707523246,0.9076638965835642,0.0009664759590583527,0.9262043998886104,0.07379560011138964,0.9616885933208038,0.0017098282105331825,-0.003978892578439641,0.003978892578439641,0.003978892578439641,-0.024180284341176403,-0.019483512519937934,-0.09203279033076156,-0.07378971631430821,4
1023.png,L4,0.0787618160247802,2.1101784706115723,0.8535745047372955,0.14642549526270454,0.921003717472119,0.008278210614663993,0.9611776967170401,0.03882230328295988,0.9802045967849077,0.0003590947973292711,0.007242566960336427,0.007242566960336427,-0.007242566960336427,-0.024613550504048703,-0.0421197247804794,-0.12700608715919132,-0.07052604193241142,4
1027.png,L4,0.0918480157852172,2.4214096069335938,0.7900797165633304,0.20992028343666957,0.8827313211281543,0.007075926071102663,0.9124068157614483,0.08759318423855167,0.9541974105526939,0.003060027701087871,0.0410546417665667,0.0410546417665667,-0.0410546417665667,-0.011527350743611706,0.021375063393485633,-0.07823520620359953,-0.03671396712618115,4
1029.png,L4,0.0668973326683044,1.8612637519836424,0.8215827338129497,0.17841726618705034,0.9020537124802528,0.0005276250111136366,0.689261744966443,0.310738255033557,0.8160508541914978,0.008979941002109295,-0.1461687638118433,0.1461687638118433,0.1461687638118433,-0.036478033860524506,-0.010127953856133604,0.1449098645914058,0.06840015491909544,3
1031.png,L4,0.069466233253479,2.059930324554444,0.8466898954703833,0.1533101045296167,0.9169811320754717,0.0046892824353938056,0.9822298652909143,0.017770134709085728,0.9910352805089647,0.00029750885339308985,0.0068943596799286855,0.0068943596799286855,-0.0068943596799286855,-0.033909133275349904,-0.035235115513567256,-0.14805825573306547,-0.07087424921281917,4
1035.png,L4,0.0668973326683044,1.8612637519836424,0.9320754716981132,0.06792452830188678,0.96484375,0.0025250341328511236,0.9435592762624899,0.05644072373751008,0.9709601222731694,0.0025455114944021823,0.00012227188975744152,0.00012227188975744152,-0.00012227188975744152,-0.036478033860524506,-0.12062069174129716,-0.10938766670464112,-0.07764633700299041,3
1037.png,L4,0.044930875301361,1.5584220886230469,0.8871111111111111,0.11288888888888893,0.9401789919924635,0.0022799011086524342,0.9957498482088646,0.004250151791135415,0.9978703985397018,5.0560038086145305e-05,-0.0015403750682994044,0.0015403750682994044,0.0015403750682994044,-0.05844449122746791,-0.07565633115429501,-0.16157823865101578,-0.07622823382444845,3
1039.png,L4,0.0478604435920715,1.795115351676941,0.7929606625258799,0.20703933747412007,0.8845265588914549,0.00950634830024136,0.9803921568627451,0.019607843137254943,0.9900990099009901,0.0006884157289501605,-0.00951666206799262,0.00951666206799262,0.00951666206799262,-0.05551492293675741,0.018494117430936124,-0.14622054730489625,-0.06825194682475523,3
1040.png,L4,0.0920540690422058,2.4400908946990967,0.794413407821229,0.20558659217877095,0.8854296388542964,0.007524744058328647,0.9927257167308515,0.007274283269148474,0.9963495812754992,0.00011702157902922258,-0.0017771573509086647,0.0017771573509086647,0.0017771573509086647,-0.01132129748662311,0.017041372135587013,-0.15855410717300272,-0.07599145154183919,4
1041.png,L4,0.0727616548538208,2.033021688461304,0.8628099173553719,0.13719008264462806,0.9263531499556344,0.006179351137313062,0.996996996996997,0.0030030030030030463,0.9984962406015038,7.320345490540119e-05,0.0014172483924698165,0.0014172483924698165,-0.0014172483924698165,-0.030613711675008107,-0.05135513739855588,-0.16282538743914815,-0.07635136050027803,4
1047.png,L4,0.0437561273574829,1.6542609930038452,0.9819987585350713,0.018001241464928652,0.9909176323207015,0.0008824545883931378,1.0,0.0,1.0,0.0,0.0,0.0,-0.0,-0.059619239171346004,-0.1705439785782553,-0.1658283904421512,-0.07776860889274785,3
1053.png,L4,0.069466233253479,2.059930324554444,0.8445491251682369,0.15545087483176312,0.9157241882524626,0.00652044957784571,0.9962908011869436,0.0037091988130564246,0.9981419546636938,7.030734107422105e-05,0.0015344720318292149,0.0015344720318292149,-0.0015344720318292149,-0.033909133275349904,-0.03309434521142082,-0.16211919162909477,-0.07623413686091864,4
1054.png,L4,0.0668973326683044,1.8612637519836424,0.8585306618093503,0.14146933819064966,0.9238810846128717,0.008859401125498618,0.9475422576258015,0.052457742374198535,0.9730646448523543,0.0020879439804540006,-0.015259976438793621,0.015259976438793621,0.015259976438793621,-0.036478033860524506,-0.04707588185253428,-0.11337064806795266,-0.06250863245395423,3
1057.png,L4,0.0816570520401001,2.358928680419922,0.8404009252120278,0.1595990747879722,0.9132802681189778,0.005244482274451499,0.37390158172231985,0.6260984182776801,0.5442916533418612,0.028332033846553646,0.35616435664925666,0.35616435664925666,-0.35616435664925666,-0.02171831448872881,-0.028946145255211747,0.4602700278355289,0.2783957477565088,4
1060.png,L4,0.0831394791603088,2.293438673019409,0.8457609805924413,0.1542390194075587,0.9164360819037078,0.006983312040562224,0.9880534082923401,0.011946591707659882,0.9939908094733121,0.00040652841242331053,-0.00563458007110218,0.00563458007110218,0.00563458007110218,-0.02023588736852011,-0.034306200635625256,-0.15388179873449132,-0.07213402882164567,4
1061.png,L4,0.0918480157852172,2.4214096069335938,0.6325898389095415,0.36741016109045854,0.7749525616698292,0.022648844901118795,0.8509146341463415,0.1490853658536585,0.9194531378685554,0.009096923641957714,-0.07257513195697207,0.07257513195697207,0.07257513195697207,-0.011527350743611706,0.1788649410472746,-0.016743024588492694,-0.005193476935775779,4
1069.png,L4,0.069466233253479,2.059930324554444,0.934260429835651,0.06573957016434895,0.9660130718954248,0.003145174985056456,0.0,1.0,0.0,0.09687783482127671,-0.6206498750240338,0.6206498750240338,0.6206498750240338,-0.033909133275349904,-0.122805649878835,0.8341716095578489,0.542881266131286,4
1072.png,L4,0.044930875301361,1.5584220886230469,0.7873563218390804,0.21264367816091956,0.8810289389067524,0.011268655595569535,0.923861852433281,0.076138147566719,0.9604243166054671,0.0027571918559476903,-0.006538638707599742,0.006538638707599742,0.006538638707599742,-0.05844449122746791,0.024098458117735616,-0.0896902428754322,-0.07122997018514811,3
1073.png,L4,0.0974366068840026,2.2688920497894287,0.7431532198371577,0.25684678016284235,0.8526539278131635,0.01699769331459898,0.401954795357361,0.598045204642639,0.5734204793028322,0.03629614782527051,-0.28918446733139647,0.28918446733139647,0.28918446733139647,-0.005938759644826305,0.0683015601196584,0.4322168142004878,0.21141585843864863,4
1074.png,L4,0.0682846307754516,2.0973105430603027,0.7641509433962265,0.23584905660377353,0.8663101604278075,0.010997074513321776,0.8216303470540759,0.1783696529459241,0.9020824102791316,0.00779247358508782,-0.09213399478459927,0.09213399478459927,0.09213399478459927,-0.0350907357533773,0.04730383656058959,0.01254126250377291,0.01436538589185142,4
1078.png,L4,0.0753979682922363,2.1224772930145264,0.9357976653696498,0.06420233463035019,0.9668341708542714,0.0011801953250955039,0.9860834990059643,0.013916500994035741,0.992992992992993,0.00038297294667113697,-0.005503196950505829,0.005503196950505829,0.005503196950505829,-0.027977398236592607,-0.12434288541283375,-0.15191188944811546,-0.07226541194224202,4
1084.png,L4,0.044930875301361,1.5584220886230469,0.9078212290502793,0.09217877094972071,0.9516837481698389,0.003058298296302959,0.4597432905484247,0.5402567094515753,0.6298960831334932,0.01514576419275321,0.289883395297185,0.289883395297185,-0.289883395297185,-0.05844449122746791,-0.09636644909346323,0.37442831900942414,0.21211478640443715,3
1085.png,L4,0.0437561273574829,1.6542609930038452,0.8398203592814372,0.16017964071856283,0.9129373474369405,0.008100180100938503,0.6453985291194594,0.3546014708805406,0.7844890070065234,0.014205235069431162,-0.11506652767979675,0.11506652767979675,0.11506652767979675,-0.059619239171346004,-0.02836557932462111,0.18877308043838942,0.0372979187870489,3
1089.png,L4,0.077789306640625,2.1586222648620605,0.8361303060217177,0.16386969397828233,0.910752688172043,0.007716590211549949,0.9519549370444003,0.04804506295559974,0.9753861823120014,0.0009137635734348723,0.01917164125108084,0.01917164125108084,-0.01917164125108084,-0.025586059888203908,-0.024675526064901615,-0.11778332748655146,-0.05859696764166701,4
1092.png,L4,0.0881204605102539,2.4099693298339844,0.9609793420045907,0.039020657995409325,0.9801014436207569,0.001502482874858148,0.9992369324685234,0.0007630675314765911,0.999618320610687,2.2069415520359733e-05,-0.00040130299798957214,0.00040130299798957214,0.00040130299798957214,-0.015254906018575001,-0.14952456204777462,-0.1650653229106746,-0.07736730589475828,4
1093.png,L4,0.0918480157852172,2.4214096069335938,0.934018851756641,0.06598114824335899,0.9658839167035889,0.0013874863874142652,0.9922308546059934,0.007769145394006638,0.996100278551532,3.1908318839909275e-05,-0.0010478087269302216,0.0010478087269302216,0.0010478087269302216,-0.011527350743611706,-0.12256407179982495,-0.15805924504814456,-0.07672080016581763,4
1096.png,L4,0.0816570520401001,2.358928680419922,0.8769414575866189,0.1230585424133811,0.9344366645448758,0.004798036812501214,0.8560479840053316,0.14395201599466845,0.9224416517055656,0.004448708443650069,0.04085996941852821,0.04085996941852821,-0.04085996941852821,-0.02171831448872881,-0.06548667762980284,-0.02187637444748275,-0.03690863947421964,4
1103.png,L4,0.0668973326683044,1.8612637519836424,0.8048289738430584,0.1951710261569416,0.8918617614269788,0.009136129724011547,0.9450604838709677,0.05493951612903225,0.9717543405027209,0.0017192356280274486,0.01923317139569314,0.01923317139569314,-0.01923317139569314,-0.036478033860524506,0.006625806113757654,-0.11088887431311895,-0.05853543749705471,3
1107.png,L4,0.0918480157852172,2.4214096069335938,0.8783987915407855,0.12160120845921452,0.9352633695215119,0.002466334388401724,0.9760016270083384,0.023998372991661632,0.9878550843968711,0.0010411854523862127,-0.008514344542675967,0.008514344542675967,0.008514344542675967,-0.011527350743611706,-0.06694401158396943,-0.14183001745048956,-0.06925426435007188,4
1111.png,L4,0.0437561273574829,1.6542609930038452,0.0,1.0,0.0,0.10652801876273123,0.0,1.0,0.0,0.11724840490430784,0.8708206686930091,0.8708206686930091,-0.8708206686930091,-0.059619239171346004,0.811454779956816,0.8341716095578489,0.7930520598002613,3
1113.png,L4,0.0918480157852172,2.4214096069335938,0.6878251821019771,0.3121748178980229,0.815043156596794,0.0121623676808125,0.6949261400128453,0.30507385998715475,0.8200075786282682,0.0047433464326793245,0.060674282982629,0.060674282982629,-0.060674282982629,-0.011527350743611706,0.12362959785483899,0.13924546954500355,-0.01709432591011885,4
1114.png,L4,0.0920540690422058,2.4400908946990967,0.8245481927710844,0.17545180722891562,0.9038382170862567,0.010339839221609238,0.9868449901337426,0.013155009866257394,0.9933789450452438,0.0004732457574708593,0.0055837080067773215,0.0055837080067773215,-0.0055837080067773215,-0.01132129748662311,-0.013093412814268318,-0.1526733805758938,-0.07218490088597053,4
1118.png,L4,0.0478604435920715,1.795115351676941,0.9124579124579124,0.08754208754208759,0.954225352112676,0.0037088261518870833,0.998280309544282,0.0017196904557179593,0.9991394148020654,5.786513552070928e-05,0.0010429343263322899,0.0010429343263322899,-0.0010429343263322899,-0.05551492293675741,-0.10100313250109635,-0.16410869998643324,-0.07672567456641556,3
1120.png,L4,0.0437561273574829,1.6542609930038452,0.8880233690360273,0.1119766309639727,0.9406910778751933,0.004982482761475542,0.9954705586311021,0.00452944136889788,0.9977301387137453,4.609341944304395e-05,0.0021007578990802633,0.0021007578990802633,-0.0021007578990802633,-0.059619239171346004,-0.07656858907921124,-0.16129894907325332,-0.07566785099366759,3
1123.png,L4,0.0918480157852172,2.4214096069335938,0.7741935483870968,0.22580645161290325,0.8727272727272727,0.0013108824558468242,0.9520654715510523,0.047934528448947744,0.9754442004392094,0.0006658405613408085,0.005200130068416242,0.005200130068416242,-0.005200130068416242,-0.011527350743611706,0.037261231569719305,-0.11789386199320345,-0.07256847882433161,4
1124.png,L4,0.0668973326683044,1.8612637519836424,0.6271493212669683,0.3728506787330317,0.7708565072302559,0.012556886630094403,0.00026624068157614486,0.9997337593184239,0.0005323396326856535,0.04600183537691925,-0.8248372303297863,0.8248372303297863,0.8248372303297863,-0.036478033860524506,0.18430545868984774,0.8339053688762728,0.7470686214370384,3
1125.png,L4,0.0437561273574829,1.6542609930038452,0.9173553719008265,0.0826446280991735,0.9568965517241379,0.002796345156699845,0.9754028837998303,0.02459711620016969,0.9875483039931301,0.0004311068335384477,0.004372378219825501,0.004372378219825501,-0.004372378219825501,-0.059619239171346004,-0.10590059194401044,-0.1412312742419815,-0.07339623067292235,3
1126.png,L4,0.0881204605102539,2.4099693298339844,0.9476650563607085,0.052334943639291476,0.9731293923108723,0.0020303742713959462,0.9809378574151735,0.019062142584826525,0.9903772132409546,0.0007836545573757242,-0.008019910299415622,0.008019910299415622,0.008019910299415622,-0.015254906018575001,-0.13621027640389247,-0.14676624785732467,-0.06974869859333223,4
1130.png,L4,0.0753979682922363,2.1224772930145264,0.8412698412698413,0.15873015873015872,0.9137931034482759,0.00578845346049506,0.9719596723377442,0.028040327662255837,0.9857804761143952,0.000644060369947852,-0.005332029383827597,0.005332029383827597,0.005332029383827597,-0.027977398236592607,-0.02981506131302522,-0.13778806277989536,-0.07243657950892025,4
1134.png,L4,0.0668973326683044,1.8612637519836424,0.9825949367088608,0.017405063291139222,0.99122106943336,0.000542889623171786,1.0,0.0,1.0,0.0,0.0,0.0,-0.0,-0.036478033860524506,-0.17114015675204472,-0.1658283904421512,-0.07776860889274785,3
1137.png,L4,0.0920540690422058,2.4400908946990967,0.7364016736401674,0.2635983263598326,0.8481927710843373,0.010517365097190841,0.6064003737444522,0.3935996262555478,0.754980369347099,0.018955496123146908,0.2196093266509982,0.2196093266509982,-0.2196093266509982,-0.01132129748662311,0.07505310631664866,0.2277712358133966,0.14184071775825036,4
1138.png,L4,0.0918480157852172,2.4214096069335938,0.9529837251356239,0.047016274864376095,0.975925925925926,0.0020747146136734025,0.839418777943368,0.16058122205663194,0.9127000202552157,0.004193388880205622,-0.126812675334671,0.126812675334671,0.126812675334671,-0.011527350743611706,-0.14152894517880785,-0.005247168385519252,0.04904406644192315,4
1140.png,L4,0.069466233253479,2.059930324554444,0.8265213442325159,0.1734786557674841,0.905022376926902,0.00446277223980499,0.8511659807956105,0.14883401920438954,0.9195998517969618,0.004017116744109559,-0.04686198692068466,0.04686198692068466,0.04686198692068466,-0.033909133275349904,-0.015066564275699829,-0.016994371237761652,-0.03090662197206319,4
1144.png,L4,0.069466233253479,2.059930324554444,0.9189473684210526,0.08105263157894738,0.9577619308831596,0.00367473455699235,0.99556162512803,0.004438374871969963,0.997775876817793,8.41660861337528e-05,-0.00046458275157823525,0.00046458275157823525,0.00046458275157823525,-0.033909133275349904,-0.10749258846423657,-0.16139001557018123,-0.07730402614116962,4
1146.png,L4,0.0920540690422058,2.4400908946990967,0.9248334919124643,0.07516650808753567,0.9609490855165596,0.0033944846276711287,1.0,0.0,1.0,0.0,0.0,0.0,-0.0,-0.01132129748662311,-0.11337871195564828,-0.1658283904421512,-0.07776860889274785,4
1148.png,L4,0.0668973326683044,1.8612637519836424,0.9673405909797823,0.03265940902021769,0.983399209486166,0.0009688700433954304,0.9786276715410573,0.021372328458942658,0.9891984081864695,0.0007211674775985294,0.006457592144325952,0.006457592144325952,-0.006457592144325952,-0.036478033860524506,-0.15588581102296625,-0.14445606198320854,-0.0713110167484219,3
1149.png,L4,0.0668973326683044,1.8612637519836424,0.8392857142857143,0.1607142857142857,0.912621359223301,0.006536550107861264,0.7347307553306831,0.2652692446693169,0.8470833333333333,0.01611113485941648,0.1263195497569063,0.1263195497569063,-0.1263195497569063,-0.036478033860524506,-0.027830934328898244,0.0994408542271657,0.04855094086415844,3
1150.png,L4,0.0881147384643554,2.2955801486968994,0.9671897289586305,0.032810271041369465,0.9833212472806382,0.0010454308282491233,0.9758551307847082,0.024144869215291798,0.9877800407331976,0.0011782078249868353,0.003595553053757361,0.003595553053757361,-0.003595553053757361,-0.015260628064473508,-0.15573494900181448,-0.1416835212268594,-0.07417305583899049,4
1156.png,L4,0.0437561273574829,1.6542609930038452,0.9000740192450037,0.09992598075499626,0.9474094273470978,0.004598480804497095,0.9832477105204378,0.0167522894795622,0.9915531028268949,0.00018558266843646983,0.0024034739192630994,0.0024034739192630994,-0.0024034739192630994,-0.059619239171346004,-0.08861923928818768,-0.149076100962589,-0.07536513497348475,3
1160.png,L4,0.044930875301361,1.5584220886230469,0.6918714555765595,0.3081285444234405,0.8178770949720671,0.04427403353626637,0.40518200604037513,0.5948179939596249,0.5766968325791855,0.046497378626359706,-0.403849359089396,0.403849359089396,0.403849359089396,-0.05844449122746791,0.11958332438025657,0.42898960351747367,0.3260807501966482,3
1163.png,L4,0.0881204605102539,2.4099693298339844,0.9070100143061517,0.09298998569384831,0.9512378094523631,0.002147978446497269,0.9192700278379214,0.08072997216207856,0.9579371474617244,0.0030736513549214956,-0.03685877072706656,0.03685877072706656,0.03685877072706656,-0.015254906018575001,-0.09555523434933563,-0.08509841828007264,-0.04090983816568129,4
1165.png,L4,0.0826389789581298,2.2241835594177246,0.8320971004720162,0.16790289952798376,0.9083548030916452,0.01281237036934993,0.9406024607551973,0.05939753924480273,0.9693922168780061,0.0016132707021331758,0.02144873881757725,0.02144873881757725,-0.02144873881757725,-0.020736387570699108,-0.02064232051520018,-0.10643085119734846,-0.0563198700751706,4
1169.png,L4,0.0918480157852172,2.4214096069335938,0.92,0.07999999999999996,0.9583333333333334,0.00035611001805558364,1.0,0.0,1.0,0.0,0.0,0.0,-0.0,-0.011527350743611706,-0.10854522004318398,-0.1658283904421512,-0.07776860889274785,4
1170.png,L4,0.0722882747650146,1.9365456104278564,0.8298429319371727,0.17015706806282727,0.9070100143061517,0.007374593128203435,0.9861771058315335,0.013822894168466493,0.9930404523705959,0.00026026245370483947,-0.0053774382443435575,0.0053774382443435575,0.0053774382443435575,-0.0310870917638143,-0.018388151980356676,-0.1520054962736847,-0.0723911706484043,4
1177.png,L4,0.044930875301361,1.5584220886230469,0.8068965517241379,0.19310344827586212,0.8931297709923665,0.006368240684258273,0.9848548590660496,0.015145140933950363,0.9923696481559983,0.0004176959064463407,-0.005125739997877243,0.005125739997877243,0.005125739997877243,-0.05844449122746791,0.00455822823267818,-0.15068324950820083,-0.07264286889487061,3
1178.png,L4,0.044930875301361,1.5584220886230469,0.9908045977011494,0.00919540229885063,0.9953810623556582,0.00024169413753071634,1.0,0.0,1.0,0.0,0.0,0.0,-0.0,-0.05844449122746791,-0.1793498177443333,-0.1658283904421512,-0.07776860889274785,3
1179.png,L4,0.0918480157852172,2.4214096069335938,0.6028436018957346,0.3971563981042654,0.7522176227084565,0.010733492656753774,0.7847077244258872,0.2152922755741128,0.8793683287030267,0.0022766131679693175,0.0,0.0,-0.0,-0.011527350743611706,0.20861117806108145,0.049463885131961594,-0.07776860889274785,4
1189.png,L4,0.0478604435920715,1.795115351676941,0.964968152866242,0.035031847133757954,0.9821717990275527,0.0011204831998612417,1.0,0.0,1.0,0.0,0.0,0.0,-0.0,-0.05551492293675741,-0.153513372909426,-0.1658283904421512,-0.07776860889274785,3
1192.png,L4,0.0791950821876525,2.393324613571167,0.6752988047808764,0.32470119521912355,0.8061831153388823,0.018687559968241074,0.9400415553576729,0.059958444642327136,0.969094247246022,0.0014812715243899925,-0.02571670665889092,0.02571670665889092,0.02571670665889092,-0.024180284341176403,0.1361559751759396,-0.10586994579982406,-0.05205190223385693,4
1211.png,L4,0.0753979682922363,2.1224772930145264,0.8366469639978507,0.16335303600214934,0.9110590988882388,0.00983261473248868,0.987,0.013000000000000012,0.9934574735782586,0.00013028777055165724,0.0019674562523174233,0.0019674562523174233,-0.0019674562523174233,-0.027977398236592607,-0.0251921840410346,-0.15282839044215119,-0.07580115264043043,4
1223.png,L4,0.0668973326683044,1.8612637519836424,0.8040201005025126,0.1959798994974874,0.8913649025069638,0.005317985652046664,0.9800646551724138,0.019935344827586188,0.9899319727891156,0.00020757790675232285,-0.0030150952463507963,0.0030150952463507963,0.0030150952463507963,-0.036478033860524506,0.0074346794543034556,-0.145893045614565,-0.07475351364639705,3
1225.png,L4,0.0682846307754516,2.0973105430603027,0.9696969696969697,0.030303030303030276,0.9846153846153847,0.0009202403419072321,1.0,0.0,1.0,0.0,0.0,0.0,-0.0,-0.0350907357533773,-0.15824218974015367,-0.1658283904421512,-0.07776860889274785,4
1239.png,L4,0.0722882747650146,1.9365456104278564,0.5911062906724512,0.40889370932754876,0.7430129516019086,0.026944519257033762,0.48536092882382637,0.5146390711761737,0.6535259133389975,0.03756456907663159,0.30380456157570324,0.30380456157570324,-0.30380456157570324,-0.0310870917638143,0.22034848928436482,0.3488106807340225,0.2260359526829554,4
1241.png,L4,0.0437561273574829,1.6542609930038452,0.8560727661851257,0.14392723381487427,0.9224560392043817,0.006742634384956188,0.9237569060773481,0.07624309392265194,0.9603676048248133,0.006029673980023598,0.0235931521270073,0.0235931521270073,-0.0235931521270073,-0.059619239171346004,-0.044617986228309675,-0.08958529651949926,-0.05417545676574055,3
1243.png,L4,0.0918480157852172,2.4214096069335938,0.9635499207606973,0.03645007923930266,0.9814366424535916,0.0012855068331109813,0.9725442342892008,0.027455765710799218,0.9860810392824002,0.0008473028142752262,0.014392061734254447,0.014392061734254447,-0.014392061734254447,-0.011527350743611706,-0.15209514080388128,-0.13837262473135198,-0.0633765471584934,4
1246.png,L4,0.0791950821876525,2.393324613571167,0.9782244556113903,0.021775544388609736,0.9889923793395428,0.00041162664537450764,0.01934369602763385,0.9806563039723661,0.037953236191121655,0.032209901595803364,-0.7696439831513103,0.7696439831513103,0.7696439831513103,-0.024180284341176403,-0.1667696756545742,0.814827913530215,0.6918753742585625,4
1247.png,L4,0.0478604435920715,1.795115351676941,0.9459002535925612,0.054099746407438754,0.9721980886185926,0.0009921106451376512,1.0,0.0,1.0,0.0,0.0,0.0,-0.0,-0.05551492293675741,-0.1344454736357452,-0.1658283904421512,-0.07776860889274785,3
1248.png,L4,0.0974366068840026,2.2688920497894287,0.950592885375494,0.04940711462450598,0.9746707193515705,0.0012981178139111335,0.999687206756334,0.0003127932436659542,0.9998435789144376,1.4384360579802632e-05,-0.00016146300834318783,0.00016146300834318783,0.00016146300834318783,-0.005938759644826305,-0.13913810541867797,-0.16551559719848524,-0.07760714588440466,4
1249.png,L4,0.0881204605102539,2.4099693298339844,0.8043243243243243,0.19567567567567568,0.8915518274415818,0.00957603078591379,0.9558878504672897,0.044112149532710254,0.9774464831804281,0.0011705928500653547,-0.018535852564618094,0.018535852564618094,0.018535852564618094,-0.015254906018575001,0.007130455632491733,-0.12171624090944094,-0.05923275632812976,4
1250.png,L4,0.0881147384643554,2.2955801486968994,0.9830220713073005,0.01697792869269954,0.9914383561643836,0.0005469607661096497,1.0,0.0,1.0,0.0,0.0,0.0,-0.0,-0.015260628064473508,-0.1715672913504844,-0.1658283904421512,-0.07776860889274785,4
1251.png,L4,0.077789306640625,2.1586222648620605,0.9772357723577236,0.02276422764227637,0.9884868421052632,0.0008092127715313312,1.0,0.0,1.0,0.0,0.0,0.0,-0.0,-0.025586059888203908,-0.16578099240090757,-0.1658283904421512,-0.07776860889274785,4
1252.png,L4,0.069466233253479,2.059930324554444,0.9965156794425087,0.0034843205574912606,0.9982547993019197,0.0001311798692714465,1.0,0.0,1.0,0.0,0.0,0.0,-0.0,-0.033909133275349904,-0.18506089948569268,-0.1658283904421512,-0.07776860889274785,4
1253.png,L4,0.0753979682922363,2.1224772930145264,0.9768595041322314,0.023140495867768562,0.9882943143812709,0.000811206116292745,1.0,0.0,1.0,0.0,0.0,0.0,-0.0,-0.027977398236592607,-0.16540472417541538,-0.1658283904421512,-0.07776860889274785,4
1254.png,L4,0.0478604435920715,1.795115351676941,0.9729272419627749,0.027072758037225086,0.9862778730703259,0.0003606729739243251,1.0,0.0,1.0,0.0,0.0,0.0,-0.0,-0.05551492293675741,-0.16147246200595886,-0.1658283904421512,-0.07776860889274785,3
1267.png,L4,0.0668973326683044,1.8612637519836424,0.9056420233463035,0.0943579766536965,0.9504849412965799,0.0038565293987595497,0.9359020525747209,0.06409794742527908,0.9668898809523809,0.0022331230556799455,0.0,0.0,-0.0,-0.036478033860524506,-0.09418724338948745,-0.10173044301687212,-0.07776860889274785,3
1273.png,L4,0.0881204605102539,2.4099693298339844,0.0,1.0,0.0,0.40326105182033434,0.0,1.0,0.0,0.40510750299979353,-0.8653972422849638,0.8653972422849638,0.8653972422849638,-0.015254906018575001,0.811454779956816,0.8341716095578489,0.787628633392216,4
1279.png,L4,0.0722882747650146,1.9365456104278564,0.9721955896452541,0.0278044103547459,0.9859017987360233,0.0011516238669014738,0.9832471051983247,0.0167528948016753,0.9915527950310559,0.0005107034565769256,-0.005934184217386895,0.005934184217386895,0.005934184217386895,-0.0310870917638143,-0.16074080968843804,-0.1490754956404759,-0.07183442467536096,4
1280.png,L4,0.0881147384643554,2.2955801486968994,0.0,1.0,0.0,0.17567120672291794,0.0,1.0,0.0,0.15139779513285817,-0.8216436415161176,0.8216436415161176,0.8216436415161176,-0.015260628064473508,0.811454779956816,0.8341716095578489,0.7438750326233697,4
1281.png,L4,0.0753979682922363,2.1224772930145264,0.7653874004344677,0.23461259956553226,0.867104183757178,0.01268007734408163,0.970632911392405,0.02936708860759496,0.9850976361767728,0.00044724178784512076,-0.014428243040464417,0.014428243040464417,0.014428243040464417,-0.027977398236592607,0.04606737952234832,-0.13646130183455624,-0.06334036585228343,4
1282.png,L4,0.0831394791603088,2.293438673019409,0.8732654949121184,0.12673450508788164,0.9323456790123457,0.005694938084803635,0.9920685279187818,0.00793147208121825,0.9960184742793439,0.00017801218002104117,0.003652748912984838,0.003652748912984838,-0.003652748912984838,-0.02023588736852011,-0.0618107149553023,-0.15789691836093295,-0.07411585997976301,4
1283.png,L4,0.044930875301361,1.5584220886230469,0.65,0.35,0.7878787878787878,0.01703345286507095,0.9692132269099202,0.030786773090079822,0.9843659525188188,0.00024651477767099496,0.009577662769152173,0.009577662769152173,-0.009577662769152173,-0.05844449122746791,0.16145477995681604,-0.13504161735207137,-0.06819094612359568,3
1293.png,L4,0.0727616548538208,2.033021688461304,0.910913140311804,0.08908685968819596,0.9533799533799534,0.0039788088759765096,0.9378777703156481,0.06212222968435188,0.9679431640963437,0.0026045655405959873,0.01585090916940257,0.01585090916940257,-0.01585090916940257,-0.030613711675008107,-0.09945836035498798,-0.10370616075779931,-0.06191769972334528,4
1309.png,L4,0.0437561273574829,1.6542609930038452,0.9462875197472354,0.05371248025276465,0.9724025974025974,0.0020130167581233096,0.9993446920052425,0.000655307994757548,0.9996722386102918,1.8377239239852183e-05,-0.0003209854331022166,0.0003209854331022166,0.0003209854331022166,-0.059619239171346004,-0.1348327397904193,-0.16517308244739365,-0.07744762345964563,3
1326.png,L4,0.069466233253479,2.059930324554444,0.9423076923076923,0.05769230769230771,0.9702970297029703,0.002022044840074266,0.859344894026975,0.140655105973025,0.9243523316062177,0.004976445911071173,-0.0021632350769077435,0.0021632350769077435,0.0021632350769077435,-0.033909133275349904,-0.13085291235087623,-0.0251732844691262,-0.07560537381584011,4
1331.png,L4,0.0920540690422058,2.4400908946990967,0.0,1.0,0.0,0.12159564987690824,0.0,1.0,0.0,0.1116167482688468,-0.5971156796563363,0.5971156796563363,0.5971156796563363,-0.01132129748662311,0.811454779956816,0.8341716095578489,0.5193470707635884,4
1333.png,L4,0.0753979682922363,2.1224772930145264,0.9025487256371814,0.09745127436281864,0.9487785657998424,0.003616368846021484,0.9796511627906976,0.02034883720930236,0.9897209985315712,0.00045835812223147133,0.006125138848696365,0.006125138848696365,-0.006125138848696365,-0.027977398236592607,-0.0910939456803653,-0.14547955323284883,-0.07164347004405149,4
1334.png,L4,0.0831394791603088,2.293438673019409,0.8276643990929705,0.17233560090702948,0.9057071960297767,0.008156126543168081,0.9949352841868317,0.005064715813168252,0.9974612129760225,0.00011488389413522874,0.00010216324931699994,0.00010216324931699994,-0.00010216324931699994,-0.02023588736852011,-0.016209619136154457,-0.16076367462898294,-0.07766644564343085,4
1341.png,L4,0.0974366068840026,2.2688920497894287,0.8818635607321131,0.11813643926788686,0.9372236958443855,0.005853725032316498,0.9949822904368358,0.005017709563164163,0.9974848350347685,0.00015254346148678256,0.0018372958898108527,0.0018372958898108527,-0.0018372958898108527,-0.005938759644826305,-0.07040878077529708,-0.16081068087898703,-0.075931313002937,4
1345.png,L4,0.077789306640625,2.1586222648620605,0.994692144373673,0.005307855626326963,0.9973390101117616,0.00012973807732710176,1.0,0.0,1.0,0.0,0.0,0.0,-0.0,-0.025586059888203908,-0.18323736441685698,-0.1658283904421512,-0.07776860889274785,4
1346.png,L4,0.0881147384643554,2.2955801486968994,0.8508863399374348,0.1491136600625652,0.9194366197183098,0.0033989868511927965,0.9365079365079365,0.06349206349206349,0.9672131147540983,0.001400154236473811,-0.024474399507039113,0.024474399507039113,0.024474399507039113,-0.015260628064473508,-0.03943155998061873,-0.10233632695008771,-0.05329420938570874,4
1353.png,L4,0.0791950821876525,2.393324613571167,0.6934673366834171,0.3065326633165829,0.8189910979228486,0.018058268238780463,0.5892614847838729,0.41073851521612714,0.7415538480302476,0.017430300105843698,-0.21086913348333292,0.21086913348333292,0.21086913348333292,-0.024180284341176403,0.11798744327339897,0.24491012477397595,0.13310052459058508,4
1355.png,L4,0.077789306640625,2.1586222648620605,0.955871353777113,0.044128646222887036,0.9774378585086042,0.0013784078590035479,0.9927168021680217,0.007283197831978283,0.9963450913727157,0.00019255450806457901,-0.0017127041532429832,0.0017127041532429832,0.0017127041532429832,-0.025586059888203908,-0.1444165738202969,-0.1585451926101729,-0.07605590473950487,4
1361.png,L4,0.0727616548538208,2.033021688461304,0.8335535006605019,0.16644649933949807,0.909221902017291,0.006004833085180326,0.644199611147116,0.355800388852884,0.7836026803310997,0.009238604786300541,-0.12098906465292736,0.12098906465292736,0.12098906465292736,-0.030613711675008107,-0.022098720703685876,0.1899719984107328,0.04322045576017951,4
1364.png,L4,0.077789306640625,2.1586222648620605,0.9884105960264901,0.011589403973509937,0.9941715237302248,0.0004010023634099548,1.0,0.0,1.0,0.0,0.0,0.0,-0.0,-0.025586059888203908,-0.176955816069674,-0.1658283904421512,-0.07776860889274785,4
1365.png,L4,0.044930875301361,1.5584220886230469,0.7301038062283737,0.2698961937716263,0.844,0.012626379205652103,0.654383429672447,0.345616570327553,0.7910904061726598,0.013041066301127556,-0.14793163941582432,0.14793163941582432,0.14793163941582432,-0.05844449122746791,0.08135097372844238,0.1797881798854018,0.07016303052307647,3
1367.png,L4,0.0881204605102539,2.4099693298339844,0.9046242774566474,0.09537572254335258,0.9499241274658573,0.003562978905828696,0.9966983078827899,0.0033016921172100977,0.9983464241422075,0.00011652563680181066,0.00164522623404606,0.00164522623404606,-0.00164522623404606,-0.015254906018575001,-0.09316949749983136,-0.1625266983249411,-0.07612338265870179,4
1368.png,L4,0.044930875301361,1.5584220886230469,0.8813559322033898,0.11864406779661019,0.9369369369369369,0.00019504662362089753,0.9801434087148373,0.019856591285162706,0.9899721448467966,0.0005604037254205028,-0.009559829373784745,0.009559829373784745,0.009559829373784745,-0.05844449122746791,-0.06990115224657376,-0.1459717991569885,-0.0682087795189631,3
1370.png,L4,0.0920540690422058,2.4400908946990967,0.9815126050420168,0.01848739495798324,0.9906700593723494,0.00036249469625208354,1.0,0.0,1.0,0.0,0.0,0.0,-0.0,-0.01132129748662311,-0.1700578250852007,-0.1658283904421512,-0.07776860889274785,4
1371.png,L4,0.0974366068840026,2.2688920497894287,0.8824404761904762,0.11755952380952384,0.9375494071146245,0.00023669093663984786,0.9386018237082067,0.06139817629179334,0.9683286296644716,0.001772339455660721,0.021032304434277505,0.021032304434277505,-0.021032304434277505,-0.005938759644826305,-0.0709856962336601,-0.10443021415035786,-0.056736304458470346,4
1372.png,L4,0.0974366068840026,2.2688920497894287,0.925414364640884,0.074585635359116,0.9612625538020086,0.003003455477097967,0.9994493392070485,0.0005506607929515184,0.9997245937758193,2.07471669604292e-05,0.0002703706071374157,0.0002703706071374157,-0.0002703706071374157,-0.005938759644826305,-0.11395958468406794,-0.16527772964919968,-0.07749823828561044,4
1373.png,L4,0.0668973326683044,1.8612637519836424,0.9970238095238095,0.0029761904761904656,0.9985096870342772,0.00014085518709502505,1.0,0.0,1.0,0.0,0.0,0.0,-0.0,-0.036478033860524506,-0.18556902956699348,-0.1658283904421512,-0.07776860889274785,3
1378.png,L4,0.0753979682922363,2.1224772930145264,0.7814465408805031,0.21855345911949686,0.8773168578993822,0.004838067670549515,0.9428467419002549,0.05715325809974514,0.9705827243769908,0.0021195925034818795,-0.021001363302320497,0.021001363302320497,0.021001363302320497,-0.027977398236592607,0.03000823907631292,-0.10867513234240606,-0.056767245590427354,4
1380.png,L4,0.0682846307754516,2.0973105430603027,0.8402417962003454,0.15975820379965455,0.9131862975129047,0.00721999226441645,0.8428110255773529,0.15718897442264712,0.9147015227058348,0.003883897465289414,-0.02995069401717132,0.02995069401717132,0.02995069401717132,-0.0350907357533773,-0.02878701624352939,-0.008639416019504076,-0.04781791487557653,4
1381.png,L4,0.0437561273574829,1.6542609930038452,0.7580803134182175,0.24191968658178253,0.8623955431754875,0.007527673635322009,0.9251968503937008,0.07480314960629919,0.9611451942740287,0.0014708822415115974,0.023434050174773957,0.023434050174773957,-0.023434050174773957,-0.059619239171346004,0.05337446653859859,-0.091025240835852,-0.054334558717973894,3
1384.png,L4,0.0727616548538208,2.033021688461304,0.8232865400495458,0.17671345995045418,0.9030797101449275,0.009357844687200976,0.5332402234636872,0.46675977653631284,0.6955729641100382,0.021004838235997893,0.040042086752780426,0.040042086752780426,-0.040042086752780426,-0.030613711675008107,-0.011831760092729765,0.30093138609416165,-0.037726522139967425,4
1387.png,L4,0.0974366068840026,2.2688920497894287,0.8579088471849866,0.1420911528150134,0.9235209235209235,0.0016799374755754378,0.9193391642371235,0.08066083576287653,0.9579746835443038,0.002638152091305522,-0.004432495323975161,0.004432495323975161,0.004432495323975161,-0.005938759644826305,-0.046454067228170554,-0.08516755467927467,-0.07333611356877269,4
1388.png,L4,0.0682846307754516,2.0973105430603027,0.8962093862815884,0.10379061371841158,0.9452641599238458,0.0036133244740102098,0.8813559322033898,0.11864406779661019,0.9369369369369369,0.0030748536718187003,0.0543221907363004,0.0543221907363004,-0.0543221907363004,-0.0350907357533773,-0.08475460632477236,-0.04718432264554101,-0.02344641815644745,4
1397.png,L4,0.0816570520401001,2.358928680419922,0.8233788395904437,0.17662116040955633,0.9031352363125877,0.010793899747666593,0.8042217582927395,0.19577824170726055,0.8914888146052969,0.0004772732360816844,0.06076317401165621,0.06076317401165621,-0.06076317401165621,-0.02171831448872881,-0.01192405963362761,0.02994985126510935,-0.017005434881091644,4
1398.png,L4,0.077789306640625,2.1586222648620605,0.9004784688995215,0.09952153110047846,0.9476334340382678,0.004619664516737652,0.9878971255673222,0.012102874432677768,0.9939117199391172,0.00030852434925713777,0.0034023841838004554,0.0034023841838004554,-0.0034023841838004554,-0.025586059888203908,-0.08902368894270549,-0.15372551600947343,-0.0743662247089474,4
1399.png,L4,0.069466233253479,2.059930324554444,0.7651245551601423,0.23487544483985767,0.8669354838709677,0.011303313056316258,0.874183401887249,0.12581659811275103,0.932868577330235,0.0055905519779357715,-0.07374500251290017,0.07374500251290017,0.07374500251290017,-0.033909133275349904,0.04633022479667373,-0.040011792329400164,-0.00402360637984768,4
1401.png,L4,0.0437561273574829,1.6542609930038452,0.8390596745027125,0.16094032549728754,0.9124877089478859,0.007803432334195933,0.3953876076687969,0.6046123923312031,0.5667064914376743,0.03792944108649325,-0.42441255116731574,0.42441255116731574,0.42441255116731574,-0.059619239171346004,-0.027604894545896402,0.4387840018890519,0.3466439422745679,3
1402.png,L4,0.0682846307754516,2.0973105430603027,0.9114484503478811,0.08855154965211887,0.9536730641958967,0.002072950768865639,0.9806663424124513,0.01933365758754868,0.9902388114678617,0.001103697585980697,0.004769411200441109,0.004769411200441109,-0.004769411200441109,-0.0350907357533773,-0.09999367039106508,-0.14649473285460252,-0.07299919769230674,4
1406.png,L4,0.0437561273574829,1.6542609930038452,0.8867132867132868,0.11328671328671325,0.9399555226093402,0.002892881383870051,0.7129537129537129,0.2870462870462871,0.8324261275272161,0.012535762016548439,-0.13830260900234664,0.13830260900234664,0.13830260900234664,-0.059619239171346004,-0.0752585067564707,0.1212178966041359,0.06053400010959879,3
1407.png,L4,0.0920540690422058,2.4400908946990967,0.773875539125077,0.226124460874923,0.8725251823549843,0.016727984697030723,0.818109610802224,0.181890389197776,0.8999563128003495,0.003336098600894809,0.07742840830016051,0.07742840830016051,-0.07742840830016051,-0.01132129748662311,0.03757924083173905,0.016061998755624807,-0.00034020059258733915,4
1410.png,L4,0.0437561273574829,1.6542609930038452,0.943424317617866,0.05657568238213395,0.9708886618998979,0.0009144770361691697,0.9931693989071039,0.006830601092896127,0.9965729952021933,8.808041775320942e-05,0.003166139741477836,0.003166139741477836,-0.003166139741477836,-0.059619239171346004,-0.13196953766105,-0.15899778934925507,-0.07460246915127001,3
1411.png,L4,0.0787618160247802,2.1101784706115723,0.6708023159636063,0.3291976840363937,0.802970297029703,0.014773193305067508,0.786472550803761,0.213527449196239,0.8804753820033956,0.008446859032257273,-0.09599640717131419,0.09599640717131419,0.09599640717131419,-0.024613550504048703,0.14065246399320977,0.04769905875408781,0.01822779827856634,4
1425.png,L4,0.0437561273574829,1.6542609930038452,0.9897476340694006,0.010252365930599416,0.9948474038842647,0.0005036431345471565,1.0,0.0,1.0,0.0,0.0,0.0,-0.0,-0.059619239171346004,-0.17829285411258453,-0.1658283904421512,-0.07776860889274785,3
1426.png,L4,0.044930875301361,1.5584220886230469,0.884375,0.11562499999999998,0.9386401326699834,0.005274913351637042,1.0,0.0,1.0,0.0,0.0,0.0,-0.0,-0.05844449122746791,-0.07292022004318396,-0.1658283904421512,-0.07776860889274785,3
1435.png,L4,0.0974366068840026,2.2688920497894287,0.6892189218921893,0.31078107810781075,0.8160208401172256,0.013811467693692953,0.7809619574325457,0.2190380425674543,0.8770113860920298,0.010298350261105803,0.0535771169710757,0.0535771169710757,-0.0535771169710757,-0.005938759644826305,0.1222358580646268,0.0532096521253031,-0.02419149192167215,4
1436.png,L4,0.0881204605102539,2.4099693298339844,0.7982326951399117,0.20176730486008831,0.8877968877968878,0.005847908741628318,0.9811992875519493,0.018800712448050705,0.9905104385176307,0.0005431980020503869,0.0029904130874549573,0.0029904130874549573,-0.0029904130874549573,-0.015254906018575001,0.013222084816904373,-0.1470276779941005,-0.0747781958052929,4
1437.png,L4,0.0826389789581298,2.2241835594177246,0.8824439288476411,0.11755607115235889,0.9375513557929335,0.00527995576778235,0.9663135593220339,0.03368644067796611,0.982868225406745,0.0014248597014903598,-0.013126288183047952,0.013126288183047952,0.013126288183047952,-0.020736387570699108,-0.07098914889082505,-0.13214194976418508,-0.0646423207096999,4
1442.png,L4,0.0727616548538208,2.033021688461304,0.7310924369747899,0.26890756302521013,0.8446601941747572,0.013027253946625248,0.9357479533614488,0.06425204663855122,0.9668076380879149,0.0013748009289853028,0.026704420014416863,0.026704420014416863,-0.026704420014416863,-0.030613711675008107,0.08036234298202619,-0.10157634380359998,-0.05106418887833099,4
1457.png,L4,0.0668973326683044,1.8612637519836424,0.9074585635359116,0.09254143646408841,0.9514844315713251,0.0002875158627213054,0.9754738015607581,0.024526198439241864,0.9875846501128668,0.00041332217171422095,0.0075201039029588745,0.0075201039029588745,-0.0075201039029588745,-0.036478033860524506,-0.09600378357909553,-0.14130219200290933,-0.07024850498978898,3
1458.png,L4,0.069466233253479,2.059930324554444,0.8457880434782609,0.15421195652173914,0.916451969083548,0.00714733732422675,0.9415550978372812,0.058444902162718804,0.9698978915263228,0.001796075943611549,0.025046166221601718,0.025046166221601718,-0.025046166221601718,-0.033909133275349904,-0.03433326352144481,-0.10738348827943239,-0.05272244267114613,4
1459.png,L4,0.0753979682922363,2.1224772930145264,0.4644688644688645,0.5355311355311355,0.6343171585792896,0.02437291067449387,0.31841888553390063,0.6815811144660994,0.4830314386841557,0.024992419145183305,-0.24894865632841878,0.24894865632841878,0.24894865632841878,-0.027977398236592607,0.34698591548795155,0.5157527240239481,0.17118004743567095,4
1461.png,L4,0.0437561273574829,1.6542609930038452,0.9642226148409894,0.03577738515901063,0.9817854733528222,0.002352341070042708,0.9823219445860956,0.017678055413904437,0.9910821471445721,0.0006992715959335692,-0.00698157221817064,0.00698157221817064,0.00698157221817064,-0.059619239171346004,-0.1527678348841733,-0.14815033502824676,-0.07078703667457721,3
1464.png,L4,0.0682846307754516,2.0973105430603027,0.8314129775621589,0.16858702243784107,0.9079470198675497,0.009622327730483817,0.8336980306345733,0.16630196936542674,0.9093078758949881,0.007023051525707924,-0.07240975703056296,0.07240975703056296,0.07240975703056296,-0.0350907357533773,-0.01995819760534287,0.00047357892327554163,-0.005358851862184891,4
1465.png,L4,0.0791950821876525,2.393324613571167,0.9217485159201295,0.07825148407987048,0.959281100814378,0.0007020169110483704,0.9982889269127353,0.0017110730872647029,0.9991437308868502,2.5829924493670955e-05,-0.0005889751005547783,0.0005889751005547783,0.0005889751005547783,-0.024180284341176403,-0.11029373596331346,-0.1641173173548865,-0.07717963379219307,4
1466.png,L4,0.0668973326683044,1.8612637519836424,0.745982694684796,0.25401730531520395,0.8545132743362832,0.010329902429605792,0.8041280539174389,0.1958719460825611,0.8914312397851973,0.0135049848841896,0.1036490195376154,0.1036490195376154,-0.1036490195376154,-0.036478033860524506,0.06547208527202,0.03004355564040989,0.025880410644867555,3
1472.png,L4,0.0816570520401001,2.358928680419922,0.895320197044335,0.10467980295566504,0.944769330734243,0.004254392453790074,0.8087005019520357,0.1912994980479643,0.8942337341967315,0.00910644862868371,0.0793106500437647,0.0793106500437647,-0.0793106500437647,-0.02171831448872881,-0.0838654170875189,0.025471107605813115,0.0015420411510168458,4
1477.png,L4,0.0437561273574829,1.6542609930038452,0.9104477611940298,0.08955223880597019,0.953125,0.003035218145696864,0.9965899403239556,0.0034100596760443525,0.9982920580700256,6.346122879709865e-05,0.000985084076092102,0.000985084076092102,-0.000985084076092102,-0.059619239171346004,-0.09899298123721376,-0.16241833076610684,-0.07678352481665575,3
1480.png,L4,0.0920540690422058,2.4400908946990967,0.8930817610062893,0.10691823899371067,0.9435215946843853,0.00534923466542774,0.9883132060771328,0.0116867939228672,0.9941222570532915,0.00024426188873298555,0.004434658235999311,0.004434658235999311,-0.004434658235999311,-0.01132129748662311,-0.08162698104947327,-0.154141596519284,-0.07333395065674854,4
1481.png,L4,0.0668973326683044,1.8612637519836424,0.7265680056377731,0.27343199436222687,0.8416326530612245,0.009142511870877694,0.2537313432835821,0.7462686567164178,0.40476190476190477,0.02361364493725807,-0.6565706988623172,0.6565706988623172,0.6565706988623172,-0.036478033860524506,0.08488677431904293,0.5804402662742667,0.5788020899695694,3
1482.png,L4,0.0826389789581298,2.2241835594177246,0.8511722731906218,0.14882772680937817,0.9196035242290749,0.00396451611399031,0.9576746557878634,0.04232534421213663,0.9783797864027091,0.0009989549695578876,0.011055054078721538,0.011055054078721538,-0.011055054078721538,-0.020736387570699108,-0.03971749323380577,-0.12350304623001457,-0.06671355481402631,4
1483.png,L4,0.069466233253479,2.059930324554444,0.8838709677419355,0.11612903225806448,0.9383561643835616,0.004331708087445161,0.8807339449541285,0.11926605504587151,0.9365853658536586,0.004702081175027328,-0.037517318217318296,0.037517318217318296,0.037517318217318296,-0.033909133275349904,-0.07241618778511946,-0.046562335396279686,-0.040251290675429555,4
1484.png,L4,0.0920540690422058,2.4400908946990967,0.9421128798842258,0.05788712011577424,0.970193740685544,0.0017525378646899826,0.914339801230478,0.08566019876952202,0.9552533992583436,0.002609896496275846,-0.03368370152977507,0.03368370152977507,0.03368370152977507,-0.01132129748662311,-0.1306580999274097,-0.08016819167262917,-0.04408490736297278,4
1485.png,L4,0.0974366068840026,2.2688920497894287,0.7974971558589306,0.20250284414106945,0.8873417721518987,0.0032522459343964955,0.015088207985143919,0.9849117920148561,0.02972787560027441,0.03903682869114339,-0.9448535192955556,0.9448535192955556,0.9448535192955556,-0.005938759644826305,0.013957624097885507,0.8190834015727049,0.8670849104028078,4
1488.png,L4,0.0682846307754516,2.0973105430603027,0.8534385569334837,0.1465614430665163,0.9209245742092458,0.006694340819110249,0.7122788761706556,0.28772112382934445,0.831965967790945,0.01653031024512768,0.129432414146052,0.129432414146052,-0.129432414146052,-0.0350907357533773,-0.041983776976667636,0.12189273338719325,0.05166380525330415,4
1490.png,L4,0.044930875301361,1.5584220886230469,0.9514652014652014,0.048534798534798584,0.9751290473955889,0.0007103761952382232,1.0,0.0,1.0,0.0,0.0,0.0,-0.0,-0.05844449122746791,-0.14001042150838536,-0.1658283904421512,-0.07776860889274785,3
1491.png,L4,0.0722882747650146,1.9365456104278564,0.7614906832298136,0.23850931677018639,0.8645980253878702,0.0034691407907742966,0.8901711102268205,0.1098288897731795,0.9418947368421052,0.0005781172244958874,0.03822612236997963,0.03822612236997963,-0.03822612236997963,-0.0310870917638143,0.049964096727002444,-0.05599950066897169,-0.03954248652276822,4
1492.png,L4,0.0920540690422058,2.4400908946990967,0.9286754002911208,0.07132459970887917,0.9630188679245283,0.0020753534361908346,0.9196502914238135,0.08034970857618651,0.9581435697245717,0.0019913226787797405,0.0243819622704749,0.0243819622704749,-0.0243819622704749,-0.01132129748662311,-0.11722062033430478,-0.08547868186596469,-0.05338664662227295,4
1493.png,L4,0.0478604435920715,1.795115351676941,0.7882960413080895,0.2117039586919105,0.8816169393647738,0.005455360973332464,0.9738513261113186,0.026148673888681362,0.9867524602573807,0.0006827692421214266,-0.009282118106673454,0.009282118106673454,0.009282118106673454,-0.05551492293675741,0.023158738648726557,-0.13967971655346983,-0.0684864907860744,3
1495.png,L4,0.0920540690422058,2.4400908946990967,0.8903631284916201,0.10963687150837986,0.9420022164758035,0.003543607898812108,1.0,0.0,1.0,0.0,0.0,0.0,-0.0,-0.01132129748662311,-0.07890834853480408,-0.1658283904421512,-0.07776860889274785,4
1496.png,L4,0.0920540690422058,2.4400908946990967,0.725050916496945,0.274949083503055,0.8406139315230224,0.020390046964988633,0.8567774936061381,0.14322250639386191,0.9228650137741047,0.004799452819298094,-0.03639975116754568,0.03639975116754568,0.03639975116754568,-0.01132129748662311,0.08640386345987108,-0.022605884048289282,-0.04136885772520217,4
1497.png,L4,0.0920540690422058,2.4400908946990967,0.9243273542600897,0.07567264573991028,0.9606757937663851,0.0014468062929808136,0.9913153102675445,0.008684689732455508,0.9956387169386607,0.00028462201349619516,-0.0026925077337207615,0.0026925077337207615,0.0026925077337207615,-0.01132129748662311,-0.11287257430327366,-0.1571437007096957,-0.07507610115902709,4
1498.png,L4,0.0682846307754516,2.0973105430603027,0.9728958630527818,0.02710413694721825,0.9862617498192335,0.0006049294605635922,0.7191986644407345,0.28080133555926545,0.8366673140415615,0.00045172409856053894,0.07203539091710637,0.07203539091710637,-0.07203539091710637,-0.0350907357533773,-0.1614410830959657,0.11497294511711426,-0.005733217975641483,4
1509.png,L4,0.0478604435920715,1.795115351676941,0.8262063554335033,0.1737936445664967,0.9048335123523094,0.016011001334948996,0.8249414519906323,0.1750585480093677,0.9040744305421881,0.00455477807722495,-0.08318366010748335,0.08318366010748335,0.08318366010748335,-0.05551492293675741,-0.014751575476687234,0.009230157567216513,0.005415051214735497,3
1519.png,L4,0.0668973326683044,1.8612637519836424,0.8920510304219823,0.1079489695780177,0.9429460580912863,0.005121588088558264,0.9991928974979822,0.0008071025020177647,0.9995962858296327,1.3497810336537298e-05,0.0003909706495084375,0.0003909706495084375,-0.0003909706495084375,-0.036478033860524506,-0.08059625046516625,-0.16502128794013343,-0.07737763824323941,3
1529.png,L4,0.0478604435920715,1.795115351676941,0.9317738791423001,0.06822612085769986,0.9646821392532795,9.886937877986299e-05,1.0,0.0,1.0,0.0,0.0,0.0,-0.0,-0.05551492293675741,-0.12031909918548409,-0.1658283904421512,-0.07776860889274785,3
1533.png,L4,0.0682846307754516,2.0973105430603027,0.6310845431255337,0.36891545687446625,0.7738219895287958,0.018699377786434976,0.885297845373891,0.114702154626109,0.9391596638655462,0.002198100453976817,-0.009255461461078363,0.009255461461078363,0.009255461461078363,-0.0350907357533773,0.1803702368312823,-0.0511262358160422,-0.06851314743166949,4
1534.png,L4,0.0787618160247802,2.1101784706115723,0.9669079627714581,0.033092037228541926,0.9831756046267087,0.0014916033655090445,0.9941383352872216,0.0058616647127783805,0.9970605526161082,0.00013036163655431735,0.0028475931686923195,0.0028475931686923195,-0.0028475931686923195,-0.024613550504048703,-0.15545318281464202,-0.15996672572937282,-0.07492101572405553,4
1535.png,L4,0.0727616548538208,2.033021688461304,0.7574349442379182,0.24256505576208176,0.8619777895293496,0.010118316932087265,0.9376190476190476,0.062380952380952426,0.9678053575817154,0.0023773668119834866,0.030159602345162462,0.030159602345162462,-0.030159602345162462,-0.030613711675008107,0.05401983571889782,-0.10344743806119877,-0.04760900654758539,4
1536.png,L4,0.0668973326683044,1.8612637519836424,0.8789407313997478,0.12105926860025218,0.9355704697986578,0.005364759716005575,0.9245794899620184,0.07542051003798156,0.9608119537637441,0.0016684663904724044,0.03131771864464672,0.03131771864464672,-0.03131771864464672,-0.036478033860524506,-0.06748595144293176,-0.09040788040416964,-0.04645089024810113,3
1545.png,L4,0.0668973326683044,1.8612637519836424,0.8034571062740077,0.19654289372599232,0.8910188143414981,0.012407546322931054,0.9195253505933118,0.08047464940668825,0.958075755872766,0.004296502578307596,-0.013493832585731336,0.013493832585731336,0.013493832585731336,-0.036478033860524506,0.007997673682808376,-0.08535374103546295,-0.06427477630701652,3
1546.png,L4,0.0753979682922363,2.1224772930145264,0.6490842490842491,0.3509157509157509,0.787205686361617,0.020809137459162925,0.41664532650448144,0.5833546734955186,0.5882140274765003,0.024579383818643143,-0.2641795317220994,0.2641795317220994,0.2641795317220994,-0.027977398236592607,0.16237053087256695,0.4175262830533674,0.18641092282935157,4
1547.png,L4,0.0831394791603088,2.293438673019409,0.9178571428571428,0.08214285714285718,0.957169459962756,0.0028373403282066145,0.9825882352941177,0.01741176470588235,0.9912176596249703,0.0006715224500272299,-0.0035925840508355122,0.0035925840508355122,0.0035925840508355122,-0.02023588736852011,-0.10640236290032676,-0.14841662573626885,-0.07417602484191234,4
1548.png,L4,0.0478604435920715,1.795115351676941,0.9613970588235294,0.03860294117647056,0.9803186504217432,0.001709442905576638,0.9821917808219178,0.017808219178082174,0.9910158949550795,0.0005043271210304189,-0.0021905849065070315,0.0021905849065070315,0.0021905849065070315,-0.05551492293675741,-0.14994227886671338,-0.14802017126406902,-0.07557802398624082,3
1551.png,L4,0.0727616548538208,2.033021688461304,0.8263964950711938,0.17360350492880616,0.9049475262368816,0.005801962681786868,0.8746089676746611,0.12539103232533888,0.9331108329856765,0.004611171281049902,0.06454701810181607,0.06454701810181607,-0.06454701810181607,-0.030613711675008107,-0.01494171511437778,-0.040437358116812316,-0.013221590790931784,4
1552.png,L4,0.077789306640625,2.1586222648620605,0.9548117154811715,0.0451882845188285,0.9768835616438356,0.0017940768722323943,0.9893078221722004,0.010692177827799632,0.9946251768033946,0.00023561121877409144,0.0026041544191008903,0.0026041544191008903,-0.0026041544191008903,-0.025586059888203908,-0.14335693552435544,-0.15513621261435157,-0.07516445447364696,4
1555.png,L4,0.0881147384643554,2.2955801486968994,0.8086720867208672,0.1913279132791328,0.894216362001798,0.007672742695031865,0.9937888198757764,0.006211180124223614,0.9968847352024922,0.00017488236234364035,-0.0009311711800329414,0.0009311711800329414,0.0009311711800329414,-0.015260628064473508,0.0027826932359488465,-0.15961721031792758,-0.07683743771271491,4
1559.png,L4,0.0753979682922363,2.1224772930145264,0.7408506429277942,0.25914935707220577,0.8511363636363637,0.011625762077570483,0.9610591900311527,0.0389408099688473,0.9801429706115965,0.0011771258868853941,-0.003648892605998766,0.003648892605998766,0.003648892605998766,-0.027977398236592607,0.07060413702902182,-0.1268875804733039,-0.07411971628674908,4
1560.png,L4,0.0668973326683044,1.8612637519836424,0.8821292775665399,0.11787072243346008,0.9373737373737374,0.005188764636165979,0.9909456740442656,0.00905432595573441,0.9954522486104093,0.00016736273404331553,-0.0033012883573920737,0.0033012883573920737,0.0033012883573920737,-0.036478033860524506,-0.07067449760972386,-0.1567740644864168,-0.07446732053535578,3
1563.png,L4,0.0753979682922363,2.1224772930145264,0.8874824191279888,0.11251758087201125,0.940387481371088,0.003608802664650758,0.9785867237687366,0.021413276231263434,0.9891774891774892,0.0005228296251295895,0.00940076232102649,0.00940076232102649,-0.00940076232102649,-0.027977398236592607,-0.0760276391711727,-0.14441511421088776,-0.06836784657172136,4
1564.png,L4,0.0881204605102539,2.4099693298339844,0.919889502762431,0.08011049723756902,0.958273381294964,0.003029890712520767,0.9409148665819568,0.05908513341804322,0.969558101472995,0.0018485556117328384,0.025441636827775338,0.025441636827775338,-0.025441636827775338,-0.015254906018575001,-0.10843472280561492,-0.10674325702410797,-0.05232697206497251,4
1574.png,L4,0.0791950821876525,2.393324613571167,0.7164887307236062,0.2835112692763938,0.8348306841741534,0.012462871552699427,0.9759036144578314,0.02409638554216864,0.9878048780487805,0.00027389914424272917,-0.0052272849035287505,0.0052272849035287505,0.0052272849035287505,-0.024180284341176403,0.09496604923320986,-0.14173200489998256,-0.0725413239892191,4
1575.png,L4,0.0881204605102539,2.4099693298339844,0.7420765027322405,0.25792349726775954,0.8519447929736512,0.009177699408441072,0.9791323448654585,0.020867655134541474,0.9894561598224195,0.00023353908336760086,-0.009087933088241629,0.009087933088241629,0.009087933088241629,-0.015254906018575001,0.0693782772245756,-0.14496073530760972,-0.06868067580450622,4
1577.png,L4,0.0881204605102539,2.4099693298339844,0.7269815852682145,0.27301841473178545,0.8419100602688919,0.0093331199819193,0.7166416791604198,0.28335832083958024,0.8349344978165939,0.014585566637508204,-0.0668671283714678,0.0668671283714678,0.0668671283714678,-0.015254906018575001,0.08447319468860151,0.11752993039742904,-0.010901480521280052,4
1579.png,L4,0.0753979682922363,2.1224772930145264,0.9332273449920508,0.06677265500794916,0.9654605263157895,0.0019673949425447128,0.9744584545748465,0.025541545425153522,0.9870640248894711,0.0003305764091715803,-0.011287216043471382,0.011287216043471382,0.011287216043471382,-0.027977398236592607,-0.12177256503523479,-0.14028684501699767,-0.06648139284927647,4
1583.png,L4,0.0478604435920715,1.795115351676941,0.6226415094339622,0.37735849056603776,0.7674418604651163,0.014491572874104776,0.8206521739130435,0.17934782608695654,0.9014925373134328,0.004117685026912494,-0.08526153676616988,0.08526153676616988,0.08526153676616988,-0.05551492293675741,0.18881327052285382,0.013519435644805344,0.007492927873422026,3
1585.png,L4,0.0816570520401001,2.358928680419922,0.8108108108108109,0.18918918918918914,0.8955223880597015,0.004289264283391976,0.7069767441860465,0.2930232558139535,0.8283378746594006,0.014946089206584077,-0.16034783419049803,0.16034783419049803,0.16034783419049803,-0.02171831448872881,0.0006439691460052022,0.1271948653718023,0.08257922529775018,4
1587.png,L4,0.0831394791603088,2.293438673019409,0.8984536082474227,0.10154639175257729,0.9465109964702688,0.004884623295578785,0.9115434024591669,0.08845659754083313,0.9537250384024577,0.0031074003064924752,0.0419069882160622,0.0419069882160622,-0.0419069882160622,-0.02023588736852011,-0.08699882829060665,-0.07737179290131807,-0.03586162067668565,4
1588.png,L4,0.0920540690422058,2.4400908946990967,0.5015657620041754,0.49843423799582465,0.6680570038234271,0.02115667475681963,0.5928906773977196,0.4071093226022804,0.744421052631579,0.020209030677729476,-0.19261479818438676,0.19261479818438676,0.19261479818438676,-0.01132129748662311,0.3098890179526407,0.2412809321601292,0.11484618929163891,4
1590.png,L4,0.077789306640625,2.1586222648620605,0.8622620380739082,0.13773796192609178,0.926037282020445,0.005003117260608514,0.9646197641317609,0.03538023586823913,0.9819913061477955,0.0006150155014202245,0.0016851511766189375,0.0016851511766189375,-0.0016851511766189375,-0.025586059888203908,-0.05080725811709216,-0.13044815457391207,-0.07608345771612891,4
1591.png,L4,0.0881204605102539,2.4099693298339844,0.8480083857442348,0.15199161425576524,0.9177538287010777,0.006438802286878713,0.48047844730309186,0.5195215526969081,0.6490853658536585,0.027951741021514775,0.2909079956641992,0.2909079956641992,-0.2909079956641992,-0.015254906018575001,-0.0365536057874187,0.35369316225475694,0.2131393867714514,4
1596.png,L4,0.0791950821876525,2.393324613571167,0.8659160696008188,0.1340839303991812,0.9281404278661547,0.003327727682653581,0.9994407158836689,0.0005592841163311046,0.9997202797202798,2.839260879158756e-05,0.00025680316959697524,0.00025680316959697524,-0.00025680316959697524,-0.024180284341176403,-0.054461289644002736,-0.1652691063258201,-0.07751180572315088,4
1600.png,L4,0.0668973326683044,1.8612637519836424,0.9315849486887116,0.06841505131128844,0.9645808736717828,0.0030327638734313736,0.674406865219586,0.32559313478041396,0.8055471811878203,0.011540913478717541,0.13686553141934488,0.13686553141934488,-0.13686553141934488,-0.036478033860524506,-0.1201301687318955,0.15976474433826277,0.059096922526597026,3
1601.png,L4,0.0881147384643554,2.2955801486968994,0.9239888423988842,0.07601115760111576,0.9604929322218195,0.0030595804919541637,0.9878315132605304,0.012168486739469575,0.9938785120075342,0.0002735031966337841,0.0004500363299299037,0.0004500363299299037,-0.0004500363299299037,-0.015260628064473508,-0.11253406244206818,-0.15365990370268162,-0.07731857256281795,4
1619.png,L4,0.0920540690422058,2.4400908946990967,0.9429429429429429,0.0570570570570571,0.9706336939721792,0.0014457387259053142,0.9986679986679987,0.001332001332001287,0.9993335554815062,6.236307629723616e-05,-0.00025917666616748214,0.00025917666616748214,0.00025917666616748214,-0.01132129748662311,-0.13148816298612684,-0.1644963891101499,-0.07750943222658037,4
1628.png,L4,0.077789306640625,2.1586222648620605,0.8913525498891353,0.10864745011086474,0.9425556858147714,0.0050767480282029554,0.9336683417085427,0.06633165829145726,0.9656964656964657,0.0021106476844014455,0.0037195953218052136,0.0037195953218052136,-0.0037195953218052136,-0.025586059888203908,-0.0798977699323192,-0.09949673215069393,-0.07404901357094264,4
1629.png,L4,0.0753979682922363,2.1224772930145264,0.5215479331574319,0.47845206684256814,0.6855491329479769,0.05043148880812952,0.312128549416685,0.687871450583315,0.47575910082200973,0.04314893888413558,-0.03866127783426976,0.03866127783426976,0.03866127783426976,-0.027977398236592607,0.28990684679938417,0.5220430601411639,-0.03910733105847809,4
1630.png,L4,0.0437561273574829,1.6542609930038452,0.903448275862069,0.096551724137931,0.9492753623188406,0.003107782187571194,0.9920556107249255,0.00794438927507446,0.996011964107677,0.0001806514524200858,-0.0033972143939026145,0.0033972143939026145,0.0033972143939026145,-0.059619239171346004,-0.09199349590525294,-0.15788400116707674,-0.07437139449884524,3
1644.png,L4,0.069466233253479,2.059930324554444,0.7458379578246392,0.25416204217536076,0.8544183089637635,0.004952987229066189,0.9767873723305478,0.0232126276694522,0.9882573978393612,8.73419862278648e-05,-0.0008586907116444609,0.0008586907116444609,0.0008586907116444609,-0.033909133275349904,0.06561682213217682,-0.142615762772699,-0.07690991818110339,4
1645.png,L4,0.0727616548538208,2.033021688461304,0.8315363881401617,0.16846361185983827,0.9080206033848418,0.000870626403505712,0.9786492374727669,0.021350762527233114,0.9892094252367319,0.00012593598956608314,-0.010648155741065701,0.010648155741065701,0.010648155741065701,-0.030613711675008107,-0.020081608183345673,-0.14447762791491808,-0.06712045315168215,4
1646.png,L4,0.0791950821876525,2.393324613571167,0.9558823529411765,0.044117647058823484,0.9774436090225563,0.001286457755159048,0.974025974025974,0.025974025974025983,0.9868421052631579,0.0007277652118727709,-0.0064180577160323216,0.0064180577160323216,0.0064180577160323216,-0.024180284341176403,-0.14442757298436046,-0.13985436446812521,-0.07135055117671553,4
1647.png,L4,0.0816570520401001,2.358928680419922,0.8100686498855835,0.18993135011441653,0.8950695322376738,0.0016892550616761824,0.8847817538340542,0.11521824616594578,0.9388691842269977,0.002182811508513427,0.0,0.0,-0.0,-0.02171831448872881,0.0013861300712325886,-0.050610144276205415,-0.07776860889274785,4
1648.png,L4,0.0722882747650146,1.9365456104278564,0.8477777777777777,0.15222222222222226,0.9176187612748046,0.006812126417405237,0.9984044674910252,0.0015955325089748174,0.9992015968063872,4.772063294691453e-05,0.0,0.0,-0.0,-0.0310870917638143,-0.03632299782096168,-0.16423285793317638,-0.07776860889274785,4
1656.png,L4,0.0918480157852172,2.4214096069335938,0.9158730158730158,0.08412698412698416,0.956089478044739,0.00026588939165779176,0.9417773237997957,0.05822267620020427,0.9700157811678064,0.002368173198870931,-0.027550508563166765,0.027550508563166765,0.027550508563166765,-0.011527350743611706,-0.10441823591619978,-0.10760571424194693,-0.050218100329581086,4
1657.png,L4,0.044930875301361,1.5584220886230469,0.9819376026272578,0.01806239737274218,0.9908864954432477,0.0003176788111674299,1.0,0.0,1.0,0.0,0.0,0.0,-0.0,-0.05844449122746791,-0.17048282267044176,-0.1658283904421512,-0.07776860889274785,3
1665.png,L4,0.069466233253479,2.059930324554444,0.7927350427350427,0.2072649572649573,0.8843861740166865,0.012671572999943056,0.6497289972899729,0.3502710027100271,0.7876796714579055,0.013898505225857487,-0.16385640930462753,0.16385640930462753,0.16385640930462753,-0.033909133275349904,0.018719737221773364,0.1844426122678759,0.08608780041187968,4
1666.png,L4,0.0478604435920715,1.795115351676941,0.9755301794453507,0.024469820554649302,0.9876135425268373,0.00015440034769346333,1.0,0.0,1.0,0.0,0.0,0.0,-0.0,-0.05551492293675741,-0.16407539948853464,-0.1658283904421512,-0.07776860889274785,3
1678.png,L4,0.0478604435920715,1.795115351676941,0.8547237076648841,0.14527629233511585,0.9216722729456992,0.007052638102406592,0.9923591212989494,0.0076408787010505685,0.9961649089165868,0.00018269868200928075,-0.0013054307708494362,0.0013054307708494362,0.0013054307708494362,-0.05551492293675741,-0.04326892770806809,-0.15818751174110063,-0.07646317812189841,3
1684.png,L4,0.0753979682922363,2.1224772930145264,0.8715124816446402,0.12848751835535976,0.9313456257355825,0.004982027813953261,0.6570316842690384,0.34296831573096165,0.7930224756793023,0.015429205017787006,0.06415881801065282,0.06415881801065282,-0.06415881801065282,-0.027977398236592607,-0.06005770168782418,0.17713992528881045,-0.013609790882095033,4
1685.png,L4,0.0920540690422058,2.4400908946990967,0.6789667896678967,0.3210332103321033,0.8087912087912088,0.021854515016113463,0.8430009149130833,0.15699908508691673,0.914813343923749,0.009544339349656253,-0.06647048167758696,0.06647048167758696,0.06647048167758696,-0.01132129748662311,0.13248799028891936,-0.008829305355234462,-0.011298127215160894,4
1686.png,L4,0.0478604435920715,1.795115351676941,0.7946793997271487,0.20532060027285126,0.8855948308627898,0.01300818114420218,0.9914970368461736,0.00850296315382637,0.995730366153448,2.7678126459579507e-05,0.0009369364580055217,0.0009369364580055217,-0.0009369364580055217,-0.05551492293675741,0.01677538022966732,-0.15732542728832483,-0.07683167243474233,3
1689.png,L4,0.0437561273574829,1.6542609930038452,0.814659977703456,0.185340022296544,0.897865151282445,0.008463292023593354,0.9860295284965868,0.01397047150341324,0.9929656274980015,0.0004187075220095674,0.0,0.0,-0.0,-0.059619239171346004,-0.0032051977466399373,-0.15185791893873796,-0.07776860889274785,3
1696.png,L4,0.0831394791603088,2.293438673019409,0.8959276018099548,0.10407239819004521,0.9451073985680191,0.0008826773633572907,0.9949748743718593,0.005025125628140725,0.9974811083123426,8.416594356282036e-05,-0.0008875243971031566,0.0008875243971031566,0.0008875243971031566,-0.02023588736852011,-0.08447282185313873,-0.16080326481401047,-0.0768810844956447,4
1706.png,L4,0.0831394791603088,2.293438673019409,0.9713261648745519,0.028673835125448077,0.9854545454545455,0.0012178049132128466,0.9661436829066887,0.03385631709331127,0.9827803443931121,0.00030547663990501065,-0.013857129790542322,0.013857129790542322,0.013857129790542322,-0.02023588736852011,-0.15987138491773586,-0.13197207334883992,-0.06391147910220553,4
1715.png,L4,0.0787618160247802,2.1101784706115723,1.0,0.0,1.0,0.0,1.0,0.0,1.0,0.0,0.0,0.0,-0.0,-0.024613550504048703,-0.18854522004318394,-0.1658283904421512,-0.07776860889274785,4
1716.png,L4,0.0682846307754516,2.0973105430603027,0.8930921052631579,0.10690789473684215,0.9435273675065161,0.0027334013372565242,0.7306990881458967,0.2693009118541033,0.8443976115208992,0.012815946677702778,-0.14955686984762984,0.14955686984762984,0.14955686984762984,-0.0350907357533773,-0.0816373253063418,0.10347252141195212,0.07178826095488199,4
1718.png,L4,0.0787618160247802,2.1101784706115723,0.7210095497953616,0.2789904502046384,0.8378913991280222,0.011876883512750461,0.9782726778924498,0.02172732210755024,0.9890170236133993,0.0007774711482048395,-0.00947583947583952,0.00947583947583952,0.00947583947583952,-0.024613550504048703,0.09044523016145448,-0.14410106833460096,-0.06829276941690833,4
1727.png,L4,0.0881204605102539,2.4099693298339844,0.8552348125807842,0.14476518741921585,0.9219693450998606,0.004510972609001475,0.9409098014694388,0.05909019853056119,0.9695554123711341,0.002714739950369581,0.02733772044248539,0.02733772044248539,-0.02733772044248539,-0.015254906018575001,-0.043780032623968096,-0.10673819191159001,-0.05043088845026246,4
1728.png,L4,0.0682846307754516,2.0973105430603027,0.9292081803880441,0.07079181961195591,0.9633052459907584,0.002440165254268464,0.9477953683108727,0.05220463168912726,0.9731980922952912,0.00317077826753969,-0.025142915236965324,0.025142915236965324,0.025142915236965324,-0.0350907357533773,-0.11775340043122803,-0.11362375875302394,-0.05262569365578253,4
1729.png,L4,0.0727616548538208,2.033021688461304,0.87677304964539,0.12322695035460995,0.9343410486537553,0.006016781140296018,0.9543174298217526,0.045682570178247395,0.9766247951938831,0.0029141393601662376,0.013236439635033626,0.013236439635033626,-0.013236439635033626,-0.030613711675008107,-0.06531826968857399,-0.1201458202639038,-0.06453216925771423,4
1730.png,L4,0.0920540690422058,2.4400908946990967,0.6934474810668423,0.3065525189331577,0.818977250631927,0.014349226870844374,0.7492316036883023,0.25076839631169767,0.856640826873385,0.022893141396017672,-0.13487639742041646,0.13487639742041646,0.13487639742041646,-0.01132129748662311,0.11800729888997377,0.08494000586954648,0.05710778852766861,4
1734.png,L4,0.044930875301361,1.5584220886230469,0.9446845289541919,0.05531547104580814,0.9715555555555555,0.001528061328493452,0.9891188959660298,0.010881104033970246,0.9945296864576384,0.0003033045296739021,-0.0030596081142539866,0.0030596081142539866,0.0030596081142539866,-0.05844449122746791,-0.1332297489973758,-0.15494728640818095,-0.07470900077849386,3
1735.png,L4,0.0722882747650146,1.9365456104278564,0.7309833024118738,0.2690166975881262,0.8445873526259379,0.013858775437601159,0.9851783232978231,0.014821676702176934,0.9925338310779281,0.0001949571151332148,0.00044866454220959806,0.00044866454220959806,-0.00044866454220959806,-0.0310870917638143,0.08047147754494224,-0.15100671373997426,-0.07731994435053825,4
1736.png,L4,0.0478604435920715,1.795115351676941,0.9568421052631579,0.04315789473684206,0.9779451317912856,0.0016828149655348952,0.7818949343339587,0.21810506566604126,0.8775993682548039,0.010858627232171781,-0.10352458427259947,0.10352458427259947,0.10352458427259947,-0.05551492293675741,-0.14538732530634188,0.05227667522389007,0.025755975379851623,3
1740.png,L4,0.0920540690422058,2.4400908946990967,0.9623567921440261,0.03764320785597386,0.9808173477898249,0.0008469394180956198,0.9991438356164384,0.0008561643835616195,0.9995717344753747,3.386364520902004e-05,0.00041554418743738886,0.00041554418743738886,-0.00041554418743738886,-0.01132129748662311,-0.15090201218721008,-0.16497222605858958,-0.07735306470531046,4
1744.png,L4,0.0816570520401001,2.358928680419922,0.9432432432432433,0.05675675675675673,0.9707927677329624,0.0024234980248536765,0.9489164086687306,0.051083591331269385,0.9737887212073074,0.001135633157765574,0.01674507709106987,0.01674507709106987,-0.01674507709106987,-0.02171831448872881,-0.1317884632864272,-0.11474479911088181,-0.06102353180167798,4
1746.png,L4,0.0791950821876525,2.393324613571167,0.8695054945054945,0.13049450549450547,0.9301983835415136,0.00552814634663489,0.877744510978044,0.12225548902195604,0.9348923731065639,0.002882164237534838,0.05685350167137615,0.05685350167137615,-0.05685350167137615,-0.024180284341176403,-0.05805071454867847,-0.043572901420195154,-0.0209151072213717,4
1752.png,L4,0.0668973326683044,1.8612637519836424,0.993127147766323,0.0068728522336769515,0.996551724137931,0.00025764795262712,1.0,0.0,1.0,0.0,0.0,0.0,-0.0,-0.036478033860524506,-0.181672367809507,-0.1658283904421512,-0.07776860889274785,3
1769.png,L4,0.0668973326683044,1.8612637519836424,0.8103070175438597,0.1896929824561403,0.8952150211992732,0.006666939923205948,0.9958322479812451,0.004167752018754856,0.9979117723831897,5.792456857268344e-05,0.0011549956046678078,0.0011549956046678078,-0.0011549956046678078,-0.036478033860524506,0.0011477624129563602,-0.16166063842339634,-0.07661361328808004,3
1771.png,L4,0.0974366068840026,2.2688920497894287,0.9108635097493036,0.08913649025069637,0.9533527696793003,0.0037121179514355124,0.996003996003996,0.003996003996003972,0.997997997997998,3.9052088859464625e-05,0.00039461526615680587,0.00039461526615680587,-0.00039461526615680587,-0.005938759644826305,-0.09940872979248758,-0.16183238644614723,-0.07737399362659104,4
1773.png,L4,0.0437561273574829,1.6542609930038452,0.9275618374558304,0.07243816254416957,0.9624197983501375,0.003103376298172498,0.9911602209944751,0.008839779005524906,0.9955604883462819,0.00029619014086355736,-0.0011933228575983224,0.0011933228575983224,0.0011933228575983224,-0.059619239171346004,-0.11610705749901437,-0.1569886114366263,-0.07657528603514953,3
1774.png,L4,0.0918480157852172,2.4214096069335938,0.9352881698685541,0.06471183013144588,0.9665621734587252,0.002457903979761024,0.9768714250186521,0.023128574981347905,0.9883004151465593,0.00082538503662463,-0.007603740444750207,0.007603740444750207,0.007603740444750207,-0.011527350743611706,-0.12383338991173806,-0.1426998154608033,-0.07016486844799764,4
1776.png,L4,0.0920540690422058,2.4400908946990967,0.4343112244897959,0.565688775510204,0.6056024899955536,0.02833676899776591,0.572620320855615,0.427379679144385,0.7282372143634385,0.011020256615200397,-0.0006350550381033,0.0006350550381033,0.0006350550381033,-0.01132129748662311,0.37714355546702005,0.2615512887022338,-0.07713355385464456,4
1789.png,L4,0.0816570520401001,2.358928680419922,0.9969924812030075,0.003007518796992459,0.9984939759036144,0.0001136367054620435,1.0,0.0,1.0,0.0,0.0,0.0,-0.0,-0.02171831448872881,-0.18553770124619148,-0.1658283904421512,-0.07776860889274785,4
1796.png,L4,0.069466233253479,2.059930324554444,0.6016466117796073,0.3983533882203927,0.7512850929221035,0.013133848939547827,0.9631043256997456,0.03689567430025442,0.9812054439403759,0.0006745960249258298,-0.014362802775185646,0.014362802775185646,0.014362802775185646,-0.033909133275349904,0.20980816817720874,-0.12893271614189677,-0.0634058061175622,4
1798.png,L4,0.044930875301361,1.5584220886230469,0.9446749654218534,0.05532503457814664,0.9715504978662873,0.0014793881247824328,0.9936965330932013,0.006303466906798727,0.9968383017163505,6.288080061140098e-05,0.002606165764060475,0.002606165764060475,-0.002606165764060475,-0.05844449122746791,-0.1332201854650373,-0.15952492353535247,-0.07516244312868738,3
1807.png,L4,0.0826389789581298,2.2241835594177246,0.9719438877755511,0.028056112224448926,0.9857723577235772,0.0008913271537324258,0.8704581358609794,0.12954186413902058,0.9307432432432432,0.003749804046504407,0.04729639280571307,0.04729639280571307,-0.04729639280571307,-0.020736387570699108,-0.16048910781873502,-0.03628652630313062,-0.03047221608703478,4
1816.png,L4,0.0974366068840026,2.2688920497894287,0.9457364341085271,0.054263565891472854,0.9721115537848606,0.00026135200804740054,0.9971414959504526,0.00285850404954735,0.9985687022900763,0.00011068612590524953,0.0013854350578291763,0.0013854350578291763,-0.0013854350578291763,-0.005938759644826305,-0.1342816541517111,-0.16296988639260385,-0.07638317383491867,4
1824.png,L4,0.0974366068840026,2.2688920497894287,0.8509316770186336,0.1490683229813664,0.9194630872483222,0.008499622193696167,0.47346866096866097,0.5265313390313391,0.6426586102719033,0.036756372249875165,-0.31497537321099145,0.31497537321099145,0.31497537321099145,-0.005938759644826305,-0.039476897061817534,0.3607029485891879,0.2372067643182436,4
1825.png,L4,0.0881204605102539,2.4099693298339844,0.8482315112540193,0.1517684887459807,0.9178844815588031,0.007126799808615275,0.892145702902675,0.10785429709732497,0.9429989472101068,0.004787573107902539,-0.04912064032972441,0.04912064032972441,0.04912064032972441,-0.015254906018575001,-0.03677673129720324,-0.05797409334482623,-0.028647968563023443,4
1826.png,L4,0.0974366068840026,2.2688920497894287,0.8516624040920716,0.1483375959079284,0.919889502762431,0.005708871434483762,0.8484012335659795,0.15159876643402048,0.9179838426413769,0.01109155455324093,-0.03488849404483463,0.03488849404483463,0.03488849404483463,-0.005938759644826305,-0.040207624135255554,-0.014229624008130715,-0.04288011484791322,4
1827.png,L4,0.0881204605102539,2.4099693298339844,0.8202080237741456,0.1797919762258544,0.9012244897959184,0.008778817853696068,0.9659073299240664,0.03409267007593364,0.9826580482421567,0.002630140298198301,-0.009075051372342435,0.009075051372342435,0.009075051372342435,-0.015254906018575001,-0.008753243817329531,-0.13173572036621756,-0.06869355752040542,4
1829.png,L4,0.0478604435920715,1.795115351676941,0.7126038781163435,0.2873961218836565,0.8321876263647392,0.013664733261999606,0.9822970639032815,0.01770293609671847,0.9910694837725985,0.000332546969775575,-0.0031421626290951687,0.0031421626290951687,0.0031421626290951687,-0.05551492293675741,0.09885090184047254,-0.14812545434543273,-0.07462644626365268,3
1834.png,L4,0.0437561273574829,1.6542609930038452,0.6889312977099237,0.3110687022900763,0.8158192090395481,0.009239138627596111,0.987751256281407,0.01224874371859297,0.9938378890820034,0.00022062185446185574,0.004078412669190401,0.004078412669190401,-0.004078412669190401,-0.059619239171346004,0.12252348224689238,-0.15357964672355823,-0.07369019622355745,3
1835.png,L4,0.0881204605102539,2.4099693298339844,0.8384491114701131,0.16155088852988686,0.9121265377855887,0.008060240917590318,0.9230220955096222,0.07697790449037778,0.9599703484062269,0.0017533148852732728,0.009018039778506903,0.009018039778506903,-0.009018039778506903,-0.015254906018575001,-0.026994331513297082,-0.08885048595177342,-0.06875056911424095,4
1843.png,L4,0.1296102404594421,2.257124900817871,0.8894080996884736,0.11059190031152644,0.9414674361088211,0.00044925599401073106,0.6869633099141296,0.31303669008587043,0.8144377602961592,0.006273312609482552,0.17006543388047946,0.17006543388047946,-0.17006543388047946,0.026234873930613203,-0.0779533197316575,0.14720829964371923,0.0922968249877316,4
1847.png,L4,0.1275869607925415,2.644569635391236,0.9810040705563093,0.018995929443690662,0.9904109589041096,0.00035859033382610087,0.9715127701375246,0.028487229862475427,0.9855505729945192,0.0007636069201414679,0.013163371933147872,0.013163371933147872,-0.013163371933147872,0.024211594263712596,-0.16954929059949328,-0.13734116057967577,-0.06460523695959998,4
1852.png,L4,0.1277832984924316,2.546528577804565,0.8892215568862275,0.1107784431137725,0.9413629160063391,0.0020240759215670533,0.99,0.010000000000000009,0.9949748743718593,0.00011102126823174743,-4.229950694634166e-05,4.229950694634166e-05,4.229950694634166e-05,0.024407931963602705,-0.07776677692941145,-0.1558283904421512,-0.07772630938580151,4
1853.png,L4,0.1625866293907165,2.911275863647461,0.0,1.0,0.0,0.24026318879486003,0.0,1.0,0.0,0.2410947030499963,-0.7091129357921658,0.7091129357921658,0.7091129357921658,0.05921126286188759,0.811454779956816,0.8341716095578489,0.631344326899418,4
1858.png,L4,0.1329491138458252,2.390178680419922,0.8308678500986193,0.1691321499013807,0.9076218691085376,0.010920267100997107,0.8000713606089439,0.1999286393910561,0.8889329369012223,0.004341247272536762,-0.0963628285521384,0.0963628285521384,0.0963628285521384,0.029573747316996288,-0.01941307014180324,0.0341002489489049,0.01859421965939055,4
1863.png,L4,0.1625866293907165,2.911275863647461,0.96875,0.03125,0.9841269841269841,0.000812257876901794,0.9659003831417624,0.03409961685823759,0.982654453322939,0.0012200457083592772,0.010592746099024497,0.010592746099024497,-0.010592746099024497,0.05921126286188759,-0.15729522004318394,-0.1317287735839136,-0.06717586279372335,4
1869.png,L4,0.1352231502532959,2.603976249694824,0.5560123329907503,0.44398766700924974,0.714663143989432,0.033093489134324576,0.49299014238773275,0.5070098576122672,0.6604064265277676,0.03584980630004964,-0.22943568811475062,0.22943568811475062,0.22943568811475062,0.03184778372446699,0.2554424469660658,0.34118146717011605,0.1516670792220028,4
1879.png,L4,0.1019666790962219,2.401667356491089,0.9898305084745763,0.01016949152542368,0.9948892674616695,0.0002633826318564321,1.0,0.0,1.0,0.0,0.0,0.0,-0.0,-0.0014086874326070115,-0.17837572851776026,-0.1658283904421512,-0.07776860889274785,4
1880.png,L4,0.1329491138458252,2.390178680419922,0.9607843137254902,0.039215686274509776,0.98,0.000588134891092007,1.0,0.0,1.0,0.0,0.0,0.0,-0.0,0.029573747316996288,-0.14932953376867417,-0.1658283904421512,-0.07776860889274785,4
1882.png,L4,0.1499526500701904,2.459855079650879,0.7785291631445478,0.2214708368554522,0.8754752851711026,0.004007349675333903,0.891283245971656,0.10871675402834402,0.9425169369739274,0.0026946732018191004,-0.019538253658723304,0.019538253658723304,0.019538253658723304,0.046577283541361494,0.03292561681226827,-0.057111636413807176,-0.05823035523402455,4
1886.png,L4,0.1277832984924316,2.546528577804565,0.8897149938042132,0.11028500619578685,0.9416393442622951,0.0016142647326631808,0.9070450097847358,0.09295499021526421,0.9512570548999487,0.0017053598546872097,-0.029978686848915803,0.029978686848915803,0.029978686848915803,0.024407931963602705,-0.07826021384739709,-0.07287340022688699,-0.04778992204383205,4
1890.png,L4,0.1468398571014404,2.742878198623657,0.6632589838909542,0.33674101610904583,0.7975414416092382,0.023128084774485125,0.5312524144325118,0.4687475855674882,0.693879610474797,0.043994392572953726,0.24367361039087682,0.24367361039087682,-0.24367361039087682,0.043464490572611494,0.1481957960658619,0.302919195125337,0.16590500149812898,4
1894.png,L4,0.1526007056236267,2.9577553272247314,0.9409937888198758,0.05900621118012417,0.9696,0.0021996635013260446,0.9416058394160584,0.058394160583941646,0.9699248120300752,0.0013019639469776464,0.0,0.0,-0.0,0.0492253390947978,-0.12953900886305977,-0.10743422985820955,-0.07776860889274785,4
1900.png,L4,0.1499526500701904,2.459855079650879,0.8763636363636363,0.12363636363636366,0.9341085271317829,0.00553223674030576,0.9473140495867769,0.052685950413223104,0.9729442970822281,0.002755298680586075,-0.02206692594464288,0.02206692594464288,0.02206692594464288,0.046577283541361494,-0.06490885640682029,-0.11314244002892809,-0.05570168294810497,4
1901.png,L4,0.1019666790962219,2.401667356491089,0.9062893081761006,0.09371069182389935,0.9508413064995052,0.004896780564605194,0.9918731417244797,0.008126858275520288,0.9959199920390088,0.0004074568348892091,0.003103042730339456,0.003103042730339456,-0.003103042730339456,-0.0014086874326070115,-0.09483452821928459,-0.1577015321666309,-0.0746655661624084,4
1902.png,L4,0.1275869607925415,2.644569635391236,0.8444313494401886,0.1555686505598114,0.9156549520766774,0.00857547771535255,0.8646186819074835,0.13538131809251652,0.9273946360153257,0.006703277216882985,-0.06753913100878406,0.06753913100878406,0.06753913100878406,0.024211594263712596,-0.03297656948337255,-0.030447072349634674,-0.010229477883963792,4
1910.png,L4,0.1027552485466003,2.6748931407928467,0.6939313984168866,0.30606860158311344,0.8193146417445483,0.006706372764088441,0.4010840108401084,0.5989159891598916,0.5725338491295938,0.027800003143545644,-0.30358819826518924,0.30358819826518924,0.30358819826518924,-0.0006201179822286074,0.1175233815399295,0.43308759871774044,0.2258195893724414,4
1911.png,L4,0.090997576713562,2.176992177963257,0.8742424242424243,0.12575757575757573,0.9329021827000809,0.00037558718164451386,0.9942196531791907,0.005780346820809301,0.9971014492753624,2.7301709225898962e-05,-0.00026779566699242086,0.00026779566699242086,0.00026779566699242086,-0.01237778981526691,-0.06278764428560821,-0.1600480436213419,-0.07750081322575543,4
1917.png,L4,0.1499526500701904,2.459855079650879,0.8318471337579618,0.16815286624203818,0.9082058414464534,0.007552986540631055,0.9752870208211715,0.02471297917882853,0.9874889173480446,0.0012646983816547478,0.0013181994608360004,0.0013181994608360004,-0.0013181994608360004,0.046577283541361494,-0.020392353801145763,-0.14111541126332267,-0.07645040943191185,4
1933.png,L4,0.1416006088256836,2.710000276565552,0.0,1.0,0.0,0.2952411941452464,0.0,1.0,0.0,0.29759453460409574,-0.2423954372623574,0.2423954372623574,0.2423954372623574,0.038225242296854686,0.811454779956816,0.8341716095578489,0.16462682836960957,4
1941.png,L4,0.1147438883781433,2.4115493297576904,0.8952618453865336,0.10473815461346636,0.9447368421052632,0.0023038637738334944,0.9744338933528123,0.025566106647187725,0.9870514243433223,0.0004596442241206013,0.01176848730593738,0.01176848730593738,-0.01176848730593738,0.01136852184931439,-0.08380706542971758,-0.14026228379496347,-0.06600012158681047,4
1949.png,L4,0.1407572031021118,2.751306772232056,0.874936451448907,0.12506354855109303,0.9332971800433839,0.0016757773406304514,0.9750156152404748,0.024984384759525247,0.9873497786211258,0.001483813625698013,-0.010896465852298642,0.010896465852298642,0.010896465852298642,0.03738183657328288,-0.06348167149209091,-0.14084400568262595,-0.06687214304044921,4
1950.png,L4,0.0671934485435485,1.8932636976242063,0.9678456591639871,0.032154340836012874,0.9836601307189542,0.0002740232508485865,1.0,0.0,1.0,0.0,0.0,0.0,-0.0,-0.03618191798528041,-0.15639087920717107,-0.1658283904421512,-0.07776860889274785,3
1951.png,L4,0.0671934485435485,1.8932636976242063,0.9497784342688331,0.05022156573116687,0.9742424242424242,0.0013176869012930584,0.9958443520967133,0.004155647903286708,0.9979178497066061,0.00010094349013008291,0.0002806326953770366,0.0002806326953770366,-0.0002806326953770366,-0.03618191798528041,-0.13832365431201707,-0.1616727425388645,-0.07748797619737081,3
1955.png,L4,0.1386597752571106,2.71264386177063,0.935656836461126,0.06434316353887404,0.9667590027700831,0.002259843574067861,0.937984496124031,0.06201550387596899,0.968,0.001954131978177249,-0.026591712879727836,0.026591712879727836,0.026591712879727836,0.03528440872828169,-0.1242020565043099,-0.1038128865661822,-0.051176896013020015,4
1957.png,L4,0.1352231502532959,2.603976249694824,0.9328214971209213,0.06717850287907867,0.9652432969215492,0.002389203081951858,0.998589562764457,0.0014104372355430161,0.9992942836979535,1.599223424993384e-05,5.4956171322229075e-05,5.4956171322229075e-05,-5.4956171322229075e-05,0.03184778372446699,-0.12136671716410527,-0.16441795320660818,-0.07771365272142562,4
1978.png,L4,0.1526007056236267,2.9577553272247314,0.4101364522417154,0.5898635477582845,0.5816975393972905,0.050351525697927585,0.44600052110474203,0.553999478895258,0.6168746339925222,0.044406942132416576,0.015547188414586355,0.015547188414586355,-0.015547188414586355,0.0492253390947978,0.40131832771510056,0.3881710884531068,-0.062221420478161496,4
1981.png,L4,0.1329491138458252,2.390178680419922,0.8879023307436182,0.11209766925638176,0.940623162845385,0.00460822245154274,0.9451689389448725,0.05483106105512747,0.9718116714916959,0.0017333174792696804,-0.017679994090382012,0.017679994090382012,0.017679994090382012,0.029573747316996288,-0.07644755078680218,-0.11099732938702372,-0.06008861480236584,4
1984.png,L4,0.1499526500701904,2.459855079650879,0.9326473339569691,0.06735266604303092,0.9651500484027106,0.0022546395258651927,0.9011254019292605,0.0988745980707395,0.9479915433403806,0.0019133780757161288,0.038779652762763184,0.038779652762763184,-0.038779652762763184,0.046577283541361494,-0.12119255400015302,-0.06695379237141169,-0.03898895612998467,4
1986.png,L4,0.1416006088256836,2.710000276565552,0.9888268156424581,0.011173184357541888,0.9943820224719101,0.0001072369852272522,1.0,0.0,1.0,0.0,0.0,0.0,-0.0,0.038225242296854686,-0.17737203568564205,-0.1658283904421512,-0.07776860889274785,4
1988.png,L4,0.1163173913955688,2.4396235942840576,0.8136729222520107,0.1863270777479893,0.8972653362897265,0.002980337446708518,0.6124031007751938,0.3875968992248062,0.7596153846153846,0.005510719026153689,-0.07382367627061026,0.07382367627061026,0.07382367627061026,0.012942024866739898,-0.0022181422951946528,0.22176850878265503,-0.00394493262213759,4
2002.png,L4,0.090997576713562,2.176992177963257,0.9088416723783413,0.09115832762165865,0.9522441651705565,0.003735835261229302,0.939778779188857,0.060221220811143006,0.9689545934530095,0.00282135746352726,0.03014217788974549,0.03014217788974549,-0.03014217788974549,-0.01237778981526691,-0.09738689242152529,-0.10560716963100819,-0.04762643100300236,4
2003.png,L4,0.1296102404594421,2.257124900817871,0.7669636737491432,0.2330363262508568,0.8681148176881304,0.016845088438275608,0.7458419958419958,0.25415800415800416,0.8544209586186365,0.00912899573414856,-0.038963119020778314,0.038963119020778314,0.038963119020778314,0.026234873930613203,0.044491106207672854,0.08832961371585296,-0.03880548987196954,4
2006.png,L4,0.1027552485466003,2.6748931407928467,0.8487690504103166,0.15123094958968342,0.9181991122384274,0.005217842814305652,0.8163992869875223,0.1836007130124777,0.8989205103042198,0.007852638087707526,0.017435523040341572,0.017435523040341572,-0.017435523040341572,-0.0006201179822286074,-0.037314270453500525,0.017772322570326515,-0.06033308585240628,4
2007.png,L4,0.1499526500701904,2.459855079650879,0.9327237099934683,0.06727629000653168,0.9651909428861102,0.003133370166742275,0.9833462432223082,0.016653756777691764,0.9916032024995118,0.0008399592452813878,0.008694512729148896,0.008694512729148896,-0.008694512729148896,0.046577283541361494,-0.12126893003665226,-0.14917463366445943,-0.06907409616359896,4
2008.png,L4,0.1499526500701904,2.459855079650879,0.7837977296181631,0.21620227038183693,0.8787966444894417,0.007780129494994936,0.5938584093537197,0.4061415906462803,0.7451833937928255,0.02092758958840927,-0.2383605211475811,0.2383605211475811,0.2383605211475811,0.046577283541361494,0.027657050338652983,0.2403132002041291,0.16059191225483327,4
2009.png,L4,0.1217802762985229,2.329400062561035,0.9254790631653655,0.07452093683463445,0.9612974566900111,0.003392198292096053,0.9342288904396371,0.06577110956036292,0.9659962117795616,0.003456921687574624,0.028896168631060704,0.028896168631060704,-0.028896168631060704,0.018404909769693986,-0.11402428320854949,-0.10005728088178828,-0.04887244026168715,4
2014.png,L4,0.1416006088256836,2.710000276565552,0.855517070757051,0.14448292924294903,0.9221333333333334,0.007821779202975698,0.963494000406752,0.03650599959324796,0.9814076337459215,0.003066445623675786,0.0005346928695361131,0.0005346928695361131,-0.0005346928695361131,0.038225242296854686,-0.04406229080023491,-0.12932239084890323,-0.07723391602321174,4
2026.png,L4,0.1019666790962219,2.401667356491089,0.0,1.0,0.0,0.18946142545987174,0.0,1.0,0.0,0.19410968084434377,-0.8911511354737667,0.8911511354737667,0.8911511354737667,-0.0014086874326070115,0.811454779956816,0.8341716095578489,0.8133825265810188,4
2029.png,L4,0.1386597752571106,2.71264386177063,0.8009592326139089,0.1990407673860911,0.8894806924101198,0.0017818186791153775,0.8536494998147462,0.14635050018525375,0.9210473715770537,0.002534343927543485,-0.0703002703168144,0.0703002703168144,0.0703002703168144,0.03528440872828169,0.010495547342907169,-0.019477890256897445,-0.007468338575933445,4
2031.png,L4,0.1625866293907165,2.911275863647461,0.7826633165829145,0.21733668341708545,0.8780831571529246,0.004449090003857877,0.987056494594183,0.012943505405817013,0.9934860908881906,0.0002812408965222402,0.0045508109804688335,0.0045508109804688335,-0.0045508109804688335,0.05921126286188759,0.02879146337390151,-0.15288488503633418,-0.07321779791227902,4
2039.png,L4,0.1277832984924316,2.546528577804565,0.8101619207146845,0.1898380792853155,0.8951264651449723,0.0010775916185457896,0.9942558746736292,0.005744125326370808,0.9971196648337262,1.0610828784260938e-05,0.002165647416747407,0.002165647416747407,-0.002165647416747407,0.024407931963602705,0.0012928592421315444,-0.1600842651157804,-0.07560296147600044,4
2055.png,L4,0.0671934485435485,1.8932636976242063,0.8973531310522918,0.10264686894770825,0.9458999659748214,0.0009354312446468432,0.9676898222940227,0.03231017770597733,0.9835796387520526,0.0011154096288865777,0.011714137964336069,0.011714137964336069,-0.011714137964336069,-0.03618191798528041,-0.0858983510954757,-0.13351821273617387,-0.06605447092841178,3
2062.png,L4,0.1352231502532959,2.603976249694824,0.8903924221921515,0.10960757780784847,0.9420186113099499,0.0049623628404348126,0.9963031423290203,0.003696857670979714,0.9981481481481481,7.848547549357353e-05,-0.000694468505627599,0.000694468505627599,0.000694468505627599,0.03184778372446699,-0.07893764223533548,-0.16213153277117148,-0.07707414038712025,4
2064.png,L4,0.1468398571014404,2.742878198623657,0.8487467588591184,0.15125324114088157,0.9181860682561945,0.006649046338602762,0.9756846081208688,0.024315391879131232,0.9876926753495041,0.0008850668800099183,0.006665990764985863,0.006665990764985863,-0.006665990764985863,0.043464490572611494,-0.037291978902302375,-0.14151299856301996,-0.07110261812776199,4
2065.png,L4,0.1163173913955688,2.4396235942840576,0.963265306122449,0.03673469387755102,0.9812889812889813,0.00034647882000142055,0.9759671746776084,0.024032825322391593,0.9878374369623257,0.0002741922534856831,0.009452602611071281,0.009452602611071281,-0.009452602611071281,0.012942024866739898,-0.15181052616563293,-0.1417955651197596,-0.06831600628167657,4
2066.png,L4,0.1386597752571106,2.71264386177063,0.39710399297937693,0.6028960070206231,0.5684673366834171,0.07185744597813284,0.23739246514387422,0.7626075348561258,0.38369793227449805,0.0645293241719041,0.3029363583135034,0.3029363583135034,-0.3029363583135034,0.03528440872828169,0.4143507869774391,0.5967791444139745,0.22516774942075557,4
2075.png,L4,0.1163173913955688,2.4396235942840576,0.5152528207271208,0.48474717927287925,0.680088251516823,0.024634228539234727,0.4761323155216285,0.5238676844783715,0.6451079087085431,0.043296057772664806,0.28118281546579305,0.28118281546579305,-0.28118281546579305,0.012942024866739898,0.2962019592296953,0.3580392940362203,0.2034142065730452,4
2076.png,L4,0.1275869607925415,2.644569635391236,0.5885639171869865,0.41143608281301347,0.7410012412081092,0.028444280723004704,0.7360149363079904,0.2639850636920096,0.8479361794815944,0.007276509641513435,0.08948142095883105,0.08948142095883105,-0.08948142095883105,0.024211594263712596,0.22289086276982953,0.09815667324985838,0.011712812066083197,4
2082.png,L4,0.1407572031021118,2.751306772232056,0.8575174825174825,0.1424825174825175,0.9232941176470588,0.0019221023423313798,0.9428076256499134,0.05719237435008662,0.9705619982158786,0.0013073698221728219,0.028004073996035883,0.028004073996035883,-0.028004073996035883,0.03738183657328288,-0.04606270256066644,-0.10863601609206458,-0.04976453489671197,4
2108.png,L4,0.1352231502532959,2.603976249694824,0.9442006269592477,0.05579937304075233,0.9712995807803935,0.0015472482855816954,0.9362391930835735,0.0637608069164265,0.9670697674418605,0.002608892989365186,0.029185809551807385,0.029185809551807385,-0.029185809551807385,0.03184778372446699,-0.1327458470024316,-0.1020675835257247,-0.048582799340940466,4
2110.png,L4,0.1352231502532959,2.603976249694824,0.8834355828220859,0.1165644171779141,0.9381107491856677,0.00106605385051374,0.9966969446738233,0.003303055326176696,0.9983457402812241,1.955823119642831e-05,0.0016674232301210345,0.0016674232301210345,-0.0016674232301210345,0.03184778372446699,-0.07198080286526984,-0.1625253351159745,-0.07610118566262682,4
2118.png,L4,0.1352231502532959,2.603976249694824,0.7488584474885844,0.25114155251141557,0.856396866840731,0.0007334171119613887,0.977970102281668,0.02202989771833197,0.9888623707239459,0.0003934066027063392,-0.0016562993680885318,0.0016562993680885318,0.0016562993680885318,0.03184778372446699,0.06259633246823162,-0.14379849272381923,-0.07611230952465932,4
2127.png,L4,0.1625866293907165,2.911275863647461,0.9087635054021609,0.09123649459783911,0.9522012578616352,0.003889258482058285,0.8556767158434894,0.14432328415651063,0.9222260629104736,0.0032828537993604646,-0.010469520517002728,0.010469520517002728,0.010469520517002728,0.05921126286188759,-0.09730872544534483,-0.021505106285640563,-0.06729908837574512,4
2136.png,L4,0.1217802762985229,2.329400062561035,0.8495192307692307,0.15048076923076925,0.9186378996620743,0.0102883897976161,0.7782266870495741,0.2217733129504259,0.8752840036843721,0.013003011670274194,-0.02695863698012607,0.02695863698012607,0.02695863698012607,0.018404909769693986,-0.03806445081241469,0.05594492250827471,-0.05080997191262178,4
2137.png,L4,0.1147438883781433,2.4115493297576904,0.8861439312567132,0.1138560687432868,0.9396355353075171,0.0035419388884734343,0.8178025034770514,0.1821974965229486,0.899770466717674,0.0033502314455712734,0.07015500629116744,0.07015500629116744,-0.07015500629116744,0.01136852184931439,-0.07468915129989714,0.01636910608079739,-0.007613602601580408,4
2148.png,L4,0.1625866293907165,2.911275863647461,0.9209209209209209,0.07907907907907907,0.958832725377801,0.0018767294128133965,0.991162474507138,0.008837525492861986,0.99556162512803,0.00013099760246416676,0.0024767296901851976,0.0024767296901851976,-0.0024767296901851976,0.05921126286188759,-0.10946614096410487,-0.1569908649492892,-0.07529187920256265,4
2170.png,L4,0.0671934485435485,1.8932636976242063,0.8715596330275229,0.12844036697247707,0.9313725490196079,0.0009826651865395175,0.9894853348090759,0.010514665190924144,0.9947148817802504,8.259220113155116e-05,0.00020400780166285326,0.00020400780166285326,-0.00020400780166285326,-0.03618191798528041,-0.06010485307070687,-0.15531372525122705,-0.077564601091085,3
2176.png,L4,0.1147438883781433,2.4115493297576904,0.7224622030237581,0.2775377969762419,0.838871473354232,0.001573195574791054,0.8433420365535248,0.1566579634464752,0.9150141643059491,0.004401265637113878,0.07881225959503424,0.07881225959503424,-0.07881225959503424,0.01136852184931439,0.08899257693305798,-0.009170426995675995,0.001043650702286389,4
2178.png,L4,0.1163173913955688,2.4396235942840576,0.921539600296077,0.07846039970392304,0.9591679506933745,0.00044040019415925185,0.9156928213689483,0.08430717863105175,0.9559912854030501,0.003424305131783788,0.0249215284364952,0.0249215284364952,-0.0249215284364952,0.012942024866739898,-0.1100848203392609,-0.08152121181109945,-0.05284708045625265,4
2182.png,L4,0.1019666790962219,2.401667356491089,0.812539184952978,0.18746081504702194,0.8965755793842961,0.0045083880972450925,0.9727481353987378,0.027251864601262166,0.9861858368474625,0.00040367689522857335,0.012965138422530997,0.012965138422530997,-0.012965138422530997,-0.0014086874326070115,-0.0010844049961619973,-0.13857652584088903,-0.06480347047021685,4
2188.png,L4,0.1277832984924316,2.546528577804565,0.635050553683197,0.36494944631680304,0.7767962308598351,0.019962589638957133,0.9791381668946648,0.02086183310533518,0.9894591325384482,0.0005085691332545584,0.0005756356456617651,0.0005756356456617651,-0.0005756356456617651,0.024407931963602705,0.1764042262736191,-0.14496655733681602,-0.07719297324708609,4
2208.png,L4,0.1386597752571106,2.71264386177063,0.8709862385321101,0.1290137614678899,0.931045050566963,0.010923351055982945,0.8436592449177154,0.15634075508228462,0.9152008401155158,0.0031445319728143307,-0.06333087698463113,0.06333087698463113,0.06333087698463113,0.03528440872828169,-0.059531458575294044,-0.009487635359866575,-0.014437731908116716,4
2211.png,L4,0.098610520362854,2.157174825668335,0.9164325842696629,0.0835674157303371,0.9563942836203737,0.005245103181999571,0.7749459004568406,0.22505409954315936,0.8732050934706042,0.009774647758693798,0.04024028840362115,0.04024028840362115,-0.04024028840362115,-0.004764846165974904,-0.10497780431284684,0.05922570910100816,-0.0375283204891267,4
2213.png,L4,0.1217802762985229,2.329400062561035,0.7831690674753601,0.21683093252463992,0.8784013605442177,0.0013198229806586786,0.9098765432098765,0.09012345679012346,0.9528118939883645,0.004458398664971096,0.0123014829985691,0.0123014829985691,-0.0123014829985691,0.018404909769693986,0.028285712481455977,-0.07570493365202774,-0.06546712589417875,4
2214.png,L4,0.1277832984924316,2.546528577804565,0.7959183673469388,0.20408163265306123,0.8863636363636364,0.0014533430019081828,0.9859060402684564,0.014093959731543593,0.9929030077728962,0.00024293317339907746,-0.000378348590651556,0.000378348590651556,0.000378348590651556,0.024407931963602705,0.015536412609877287,-0.1517344307106076,-0.0773902603020963,4
2221.png,L4,0.1625866293907165,2.911275863647461,0.9076517150395779,0.09234828496042213,0.9515905947441217,0.0029660184348890314,0.9783670621074668,0.021632937892533177,0.9890652557319224,0.0004576118143639876,-0.009203629525156187,0.009203629525156187,0.009203629525156187,0.05921126286188759,-0.09619693508276181,-0.14419545254961802,-0.06856497936759166,4
2226.png,L4,0.1416006088256836,2.710000276565552,0.8815875081327261,0.11841249186727387,0.9370677731673582,0.004282093966658441,0.9301972685887708,0.06980273141122917,0.9638364779874213,0.0015516575070885987,0.007858435203573766,0.007858435203573766,-0.007858435203573766,0.038225242296854686,-0.07013272817591007,-0.09602565903092203,-0.06991017368917408,4
2227.png,L4,0.1296102404594421,2.257124900817871,0.8902439024390244,0.1097560975609756,0.9419354838709677,0.0018869114309167454,0.962438263582012,0.03756173641798799,0.9808596595801047,0.0014085406032632408,0.014340891545731593,0.014340891545731593,-0.014340891545731593,0.026234873930613203,-0.07878912248220835,-0.1282666540241632,-0.06342771734701626,4
2237.png,L4,0.1275869607925415,2.644569635391236,0.8374689826302729,0.16253101736972708,0.9115462525320729,0.005705218503652122,0.8505025125628141,0.14949748743718594,0.9192124915139172,0.0022931747176304705,0.060395958113351855,0.060395958113351855,-0.060395958113351855,0.024211594263712596,-0.02601420267345686,-0.016330903004965258,-0.017372650779395996,4
2241.png,L4,0.1163173913955688,2.4396235942840576,0.8634276970160674,0.13657230298393264,0.9267090946417573,0.008317324255365454,0.9273241713823768,0.07267582861762323,0.9622918501740699,0.0005518877516004153,-0.017617903726856343,0.017617903726856343,0.017617903726856343,0.012942024866739898,-0.051972917059251306,-0.09315256182452797,-0.06015070516589151,4
2244.png,L4,0.1163173913955688,2.4396235942840576,0.8743228602383532,0.12567713976164685,0.9329479768786128,0.0054855321047469615,0.9713896457765667,0.028610354223433276,0.9854872149274361,0.0004024794503995024,0.013545165673691795,0.013545165673691795,-0.013545165673691795,0.012942024866739898,-0.06286808028153709,-0.13721803621871792,-0.06422344321905606,4
2245.png,L4,0.1329491138458252,2.390178680419922,0.8406593406593407,0.15934065934065933,0.9134328358208955,0.0033418163023789323,0.864516129032258,0.13548387096774195,0.9273356401384083,0.0035708990808119762,0.040954875616470265,0.040954875616470265,-0.040954875616470265,0.029573747316996288,-0.029204560702524612,-0.03034451947440925,-0.036813733276277585,4
2246.png,L4,0.1468398571014404,2.742878198623657,0.9811320754716981,0.018867924528301883,0.9904761904761905,0.00040179503299678384,0.9984218832193582,0.0015781167806417917,0.9992103185048697,4.503816091859943e-05,-0.0006892031774806684,0.0006892031774806684,0.0006892031774806684,0.043464490572611494,-0.16967729551488206,-0.1642502736615094,-0.07707940571526718,4
2248.png,L4,0.1296102404594421,2.257124900817871,0.9242310577644411,0.07576894223555886,0.9606237816764133,0.001412717145824502,0.9764498086546953,0.023550191345304672,0.988084599344653,0.000855734645889871,0.0012028773458896413,0.0012028773458896413,-0.0012028773458896413,0.026234873930613203,-0.11277627780762509,-0.14227819909684652,-0.07656573154685821,4
2259.png,L4,0.1019666790962219,2.401667356491089,0.9019448946515397,0.09805510534846029,0.9484448231785257,0.003930669785866493,0.9991445680068435,0.0008554319931565191,0.9995721009841677,2.953831294687136e-05,-0.0003945023075033749,0.0003945023075033749,0.0003945023075033749,-0.0014086874326070115,-0.09049011469472365,-0.16497295844899468,-0.07737410658524448,4
2272.png,L4,0.0671934485435485,1.8932636976242063,0.8726541554959786,0.12734584450402142,0.9319971367215462,0.0041709552037750295,0.8134715025906736,0.18652849740932642,0.8971428571428571,0.0016145029136047978,0.033853515222155184,0.033853515222155184,-0.033853515222155184,-0.03618191798528041,-0.06119937553916252,0.020700106967175225,-0.04391509367059267,3
2277.png,L4,0.1352231502532959,2.603976249694824,0.7701149425287356,0.22988505747126442,0.8701298701298701,0.015713739567122707,0.6563432305725245,0.3436567694274755,0.7925207993824513,0.01950794436661174,-0.11675108104046028,0.11675108104046028,0.11675108104046028,0.03184778372446699,0.04133983742808048,0.17782837898532428,0.03898247214771243,4
2278.png,L4,0.1163173913955688,2.4396235942840576,0.20943347859523198,0.790566521404768,0.34633319203052143,0.07223665572021794,0.09451104576641785,0.9054889542335821,0.1727000309992078,0.0825394639390462,-0.4881390617182004,0.4881390617182004,0.4881390617182004,0.012942024866739898,0.602021301361584,0.7396605637914309,0.41037045282545254,4
2293.png,L4,0.1275869607925415,2.644569635391236,0.7225316455696202,0.27746835443037976,0.8389182833627278,0.013163666840170073,0.5866612055430405,0.41333879445695954,0.7394914597943467,0.03249667936500407,-0.18920032301896067,0.18920032301896067,0.18920032301896067,0.024211594263712596,0.08892313438719582,0.24751040401480834,0.11143171412621282,4
2326.png,L4,0.1352231502532959,2.603976249694824,0.9250604351329573,0.07493956486704267,0.9610715780661364,0.004734979782555736,0.8549450549450549,0.1450549450549451,0.9218009478672986,0.008226183300196747,0.06613526516715418,0.06613526516715418,-0.06613526516715418,0.03184778372446699,-0.11360565517614127,-0.020773445387206102,-0.011633343725593673,4
2344.png,L4,0.1147438883781433,2.4115493297576904,0.45211648153707595,0.547883518462924,0.6227000206739715,0.03213248103251274,0.6033786265148733,0.3966213734851267,0.7526339899221255,0.028799840319214093,-0.09095273326744913,0.09095273326744913,0.09095273326744913,0.01136852184931439,0.3593382984197401,0.23079298304297552,0.013184124374701275,4
2353.png,L4,0.1163173913955688,2.4396235942840576,0.8421940928270042,0.1578059071729958,0.9143380668804397,0.005071065581241326,0.9194714020235392,0.08052859797646084,0.9580464716006885,0.00175528441887429,-0.014705949153345887,0.014705949153345887,0.014705949153345887,0.012942024866739898,-0.030739312870188135,-0.08529979246569036,-0.06306265973940196,4
2364.png,L4,0.1147438883781433,2.4115493297576904,0.8586956521739131,0.14130434782608692,0.9239766081871345,0.00652138076210155,0.9301310043668122,0.06986899563318782,0.9638009049773756,0.0006817923569963732,-0.005057471264367841,0.005057471264367841,0.005057471264367841,0.01136852184931439,-0.047240872217097024,-0.09595939480896337,-0.07271113762838001,4
2384.png,L4,0.0671934485435485,1.8932636976242063,0.869198312236287,0.13080168776371304,0.9300225733634312,0.0006557523960563394,0.9124293785310734,0.08757062146892658,0.9542097488921714,0.0019308044913202667,0.03423582288552929,0.03423582288552929,-0.03423582288552929,-0.03618191798528041,-0.057743532279470905,-0.07825776897322462,-0.04353278600721856,3
2386.png,L4,0.1352231502532959,2.603976249694824,0.9281853281853282,0.07181467181467183,0.9627553063676412,0.0017259047768490446,0.8418079096045198,0.1581920903954802,0.9141104294478528,0.00567447005344432,0.07390174293306251,0.07390174293306251,-0.07390174293306251,0.03184778372446699,-0.11673054822851212,-0.007636300046670985,-0.003866865959685342,4
2388.png,L4,0.1147438883781433,2.4115493297576904,0.7990430622009569,0.2009569377990431,0.8882978723404256,0.009514861538934594,0.6625505641899084,0.33744943581009157,0.7970290690229223,0.02298592842449046,0.17734824882011713,0.17734824882011713,-0.17734824882011713,0.01136852184931439,0.01241171775585917,0.17162104536794037,0.09957963992736928,4
2389.png,L4,0.1296102404594421,2.257124900817871,0.8184006418828563,0.18159935811714367,0.900132372407707,0.013719964299798779,0.81408,0.18591999999999997,0.8975127888516493,0.017330869280526226,-0.03541500653819618,0.03541500653819618,0.03541500653819618,0.026234873930613203,-0.00694586192604027,0.020091609557848777,-0.04235360235455167,4
2392.png,L4,0.1526007056236267,2.9577553272247314,0.9573529411764706,0.04264705882352937,0.9782118707738543,0.001502016112036441,0.9415760869565217,0.05842391304347827,0.9699090272918125,0.002317941788508724,-0.020738860598606468,0.020738860598606468,0.020738860598606468,0.0492253390947978,-0.14589816121965457,-0.10740447739867293,-0.05702974829414138,4
2395.png,L4,0.1296102404594421,2.257124900817871,0.3532793310687222,0.6467206689312778,0.5221085151573663,0.055269628472676385,0.2130600571973308,0.7869399428026692,0.3512770137524558,0.0827152207261191,-0.24445673347444347,0.24445673347444347,0.24445673347444347,0.026234873930613203,0.4581754488880938,0.621111552360518,0.16668812458169563,4
2399.png,L4,0.1277832984924316,2.546528577804565,0.507628294036061,0.492371705963939,0.6734130634774609,0.034143890880086625,0.49738095238095237,0.5026190476190476,0.6643345523930673,0.024891535218185934,0.21989932816516278,0.21989932816516278,-0.21989932816516278,0.024407931963602705,0.303826485920755,0.33679065717689644,0.14213071927241494,4
2400.png,L4,0.1416006088256836,2.710000276565552,0.7592121982210928,0.24078780177890724,0.8631274828457927,0.014477537861086465,0.7711205131704654,0.22887948682953463,0.8707713647222008,0.013239575017793428,0.005146310526955911,0.005146310526955911,-0.005146310526955911,0.038225242296854686,0.0522425817357233,0.06305109638738343,-0.07262229836579194,4
2401.png,L4,0.1305733323097229,2.534266948699951,0.6642784032753326,0.3357215967246674,0.7982779827798278,0.006609448442860472,0.3616284105673452,0.6383715894326548,0.5311704834605598,0.02378720278807327,0.37896272466180214,0.37896272466180214,-0.37896272466180214,0.027197965780893993,0.14717637668148345,0.4725431989905036,0.3011941157690543,4
2406.png,L4,0.1386597752571106,2.71264386177063,0.8286219081272085,0.17137809187279152,0.9062801932367149,0.008038890327840529,0.9960036889025515,0.003996311097448468,0.9979978438318189,0.00016619516826991705,2.372409249196128e-05,2.372409249196128e-05,-2.372409249196128e-05,0.03528440872828169,-0.017167128170392426,-0.16183207934470273,-0.07774488480025589,4
2423.png,L4,0.1329491138458252,2.390178680419922,0.852776044915783,0.14722395508421704,0.9205387205387205,0.007688378284410449,0.837034046561701,0.162965953438299,0.9112885502893561,0.007772345247708044,-0.06381075682164217,0.06381075682164217,0.06381075682164217,0.029573747316996288,-0.0413212649589669,-0.002862437003852192,-0.013957852071105684,4
2424.png,L4,0.090997576713562,2.176992177963257,0.7473772555602182,0.25262274443978183,0.8554274735830932,0.015146062640981166,0.6243998254037538,0.3756001745962462,0.7687760311702271,0.030316426985825942,-0.11729834455294152,0.11729834455294152,0.11729834455294152,-0.01237778981526691,0.06407752439659789,0.20977178415409498,0.039529735660193674,4
2430.png,L4,0.1147438883781433,2.4115493297576904,0.8445706174591909,0.15542938254080907,0.9157368218545594,0.008187113318181127,0.9900968783638321,0.00990312163616791,0.9950237992211164,0.00011556681976145227,-0.0018217385529178953,0.0018217385529178953,0.0018217385529178953,0.01136852184931439,-0.03311583750237487,-0.15592526880598329,-0.07594687033982996,4
2442.png,L4,0.1027552485466003,2.6748931407928467,0.8178545716342692,0.18214542836573078,0.8998019801980198,0.010427001863463651,0.9299007444168734,0.07009925558312657,0.9636772741883639,0.002688928601760363,-0.008302812412296912,0.008302812412296912,0.008302812412296912,-0.0006201179822286074,-0.006399791677453165,-0.09572913485902462,-0.06946579648045094,4
2459.png,L4,0.1147438883781433,2.4115493297576904,0.6735449735449736,0.32645502645502644,0.8049320265570661,0.02467150583343059,0.8453962795060185,0.15460372049398152,0.9162219398559932,0.011597718563829964,-0.062018145705518224,0.062018145705518224,0.062018145705518224,0.01136852184931439,0.1379098064118425,-0.011224669948169674,-0.015750463187229627,4
2472.png,L4,0.0671934485435485,1.8932636976242063,0.928068803752932,0.07193119624706801,0.9626926196269262,0.001560108333973599,0.9923142613151152,0.0076857386848847575,0.9961423060437206,9.07103192197059e-05,0.0020659168807277695,0.0020659168807277695,-0.0020659168807277695,-0.03618191798528041,-0.11661402379611593,-0.15814265175726644,-0.07570269201202008,3
2474.png,L4,0.1499526500701904,2.459855079650879,0.8617472434266328,0.13825275657336722,0.9257403189066059,0.003267426367481099,0.9616504854368932,0.03834951456310676,0.9804503835684236,0.00040456004010280626,-0.010901441354567831,0.010901441354567831,0.010901441354567831,0.046577283541361494,-0.05029246346981672,-0.12747887587904444,-0.06686716753818002,4
2486.png,L4,0.1217802762985229,2.329400062561035,0.7662782727895819,0.23372172721041806,0.8676755917733799,0.007163415856229407,0.9238564776773487,0.07614352232265131,0.9604214123006833,0.002131648595995282,0.031503843813791454,0.031503843813791454,-0.031503843813791454,0.018404909769693986,0.04517650716723412,-0.08968486811949988,-0.046264765078956396,4
2489.png,L4,0.098610520362854,2.157174825668335,0.8305546104117046,0.16944538958829536,0.9074349442379183,0.009918651416341694,0.4339028475711893,0.5660971524288108,0.6052053642353161,0.04222870121889147,-0.06554652421246321,0.06554652421246321,0.06554652421246321,-0.004764846165974904,-0.019099830454888583,0.40026876198665956,-0.012222084680284642,4
2503.png,L4,0.1526007056236267,2.9577553272247314,0.7750912408759124,0.2249087591240876,0.8732973528655873,0.009210701643161628,0.8332348887576294,0.1667651112423706,0.9090323273547417,0.0049045572912040465,0.062266865864949617,0.062266865864949617,-0.062266865864949617,0.0492253390947978,0.036363539080903645,0.0009367208002193927,-0.015501743027798234,4
2504.png,L4,0.1416006088256836,2.710000276565552,0.7265604596500391,0.2734395403499609,0.8416275903796703,0.022361413745816728,0.8394367528233238,0.16056324717667625,0.9127106452938759,0.0197361496924751,-0.052763226352601,0.052763226352601,0.052763226352601,0.038225242296854686,0.08489432030677693,-0.0052651432654749475,-0.02500538254014685,4
2511.png,L4,0.1526007056236267,2.9577553272247314,0.8266818700114025,0.17331812998859752,0.9051186017478152,0.005496237760937152,0.8245159699099766,0.17548403009002345,0.9038188577222035,0.007101196637866958,-0.05540333882759668,0.05540333882759668,0.05540333882759668,0.0492253390947978,-0.015227090054586417,0.00965563964787225,-0.02236527006515117,4
2520.png,L4,0.1275869607925415,2.644569635391236,0.8340807174887892,0.1659192825112108,0.9095354523227384,0.00477641319017153,0.9866825208085612,0.013317479191438775,0.9932966243715585,0.0007901982466288981,0.005395580375897047,0.005395580375897047,-0.005395580375897047,0.024211594263712596,-0.022625937531973145,-0.15251091125071242,-0.0723730285168508,4
2522.png,L4,0.1352231502532959,2.603976249694824,0.8083735909822867,0.19162640901771333,0.8940338379341051,0.00484202626217893,0.9932779754843811,0.006722024515618874,0.9966276532434041,5.623970585977572e-05,0.0004537467370792081,0.0004537467370792081,-0.0004537467370792081,0.03184778372446699,0.0030811889745293863,-0.15910636592653232,-0.07731486215566864,4
2523.png,L4,0.0671934485435485,1.8932636976242063,0.375186846038864,0.624813153961136,0.5456521739130434,0.03452607546230396,0.957122439256789,0.04287756074321103,0.9780915287244402,0.0002735262484334771,0.0019173530869620592,0.0019173530869620592,-0.0019173530869620592,-0.03618191798528041,0.43626793391795204,-0.12295082969894017,-0.07585125580578579,3
2532.png,L4,0.1147438883781433,2.4115493297576904,0.7816349384098544,0.21836506159014557,0.8774355751099937,0.009484382077791963,0.5599531419964856,0.4400468580035144,0.7179102075846162,0.02547389092390378,0.038038487488251116,0.038038487488251116,-0.038038487488251116,0.01136852184931439,0.02981984154696163,0.2742184675613632,-0.039730121404496735,4
2533.png,L4,0.1416006088256836,2.710000276565552,0.7339317773788151,0.2660682226211849,0.8465520811762269,0.022559610353991677,0.7170308967596082,0.2829691032403918,0.8351985955672592,0.02569139625487727,0.015028536456338393,0.015028536456338393,-0.015028536456338393,0.038225242296854686,0.07752300257800096,0.11714071279824062,-0.06274007243640946,4
2537.png,L4,0.1027552485466003,2.6748931407928467,0.5670311867152693,0.4329688132847307,0.7237012147841819,0.015264237822896891,0.3614310218083803,0.6385689781916197,0.5309575233981282,0.027476951986446622,0.01960533485837035,0.01960533485837035,-0.01960533485837035,-0.0006201179822286074,0.24442359324154675,0.47274058774946853,-0.0581632740343775,4
2542.png,L4,0.1352231502532959,2.603976249694824,0.6633211678832117,0.3366788321167883,0.7975863960504662,0.020116410735170395,0.17234683629059258,0.8276531637094074,0.29402021817351076,0.01589672549975809,-0.6154960289371405,0.6154960289371405,0.6154960289371405,0.03184778372446699,0.14813361207360434,0.6618247732672562,0.5377274200443927,4
2545.png,L4,0.1352231502532959,2.603976249694824,0.6925960637300843,0.3074039362699157,0.8183831672203765,0.01382806879765656,0.9598185353208036,0.040181464679196366,0.9794973544973545,0.0010916559825018862,-0.004807058529602393,0.004807058529602393,0.004807058529602393,0.03184778372446699,0.11885871622673175,-0.12564692576295483,-0.07296155036314546,4
2555.png,L4,0.098610520362854,2.157174825668335,0.30718288334182375,0.6928171166581762,0.4699922057677319,0.09420322054262698,0.14860986042323276,0.8513901395767672,0.2587647303819487,0.12830937185707175,0.1205437427271765,0.1205437427271765,-0.1205437427271765,-0.004764846165974904,0.5042718966149923,0.685561749134616,0.042775133834428644,4
2556.png,L4,0.1147438883781433,2.4115493297576904,0.824468085106383,0.17553191489361697,0.9037900874635568,0.007246477783536833,0.9545310015898251,0.04546899841017493,0.9767366194891817,0.002640199640377713,-0.02155195871615856,0.02155195871615856,0.02155195871615856,0.01136852184931439,-0.013013305149566973,-0.12035939203197626,-0.05621665017658929,4
2557.png,L4,0.1163173913955688,2.4396235942840576,0.8763906056860321,0.12360939431396789,0.9341238471673254,0.005468917624994853,0.9984683458134785,0.0015316541865214583,0.9992335859661075,9.714317645314908e-05,-0.0007677068504908791,0.0007677068504908791,0.0007677068504908791,0.012942024866739898,-0.06493582572921605,-0.16429673625562974,-0.07700090204225697,4
2565.png,L4,0.1305733323097229,2.534266948699951,0.5250186706497386,0.4749813293502614,0.6885406464250735,0.05153769119340525,0.4116599382569461,0.5883400617430539,0.5832281941290268,0.04292933463916781,0.35598089582153997,0.35598089582153997,-0.35598089582153997,0.027197965780893993,0.2864361093070774,0.42251167130090267,0.27821228692879213,4
2575.png,L4,0.1499526500701904,2.459855079650879,0.911158117398202,0.08884188260179804,0.9535141117874931,0.00377279656821552,0.9070742358078603,0.09292576419213971,0.9512731269463272,0.00459749636486569,-0.04275750299751924,0.04275750299751924,0.04275750299751924,0.046577283541361494,-0.0997033374413859,-0.07290262625001148,-0.035011105895228614,4
2577.png,L4,0.1386597752571106,2.71264386177063,0.9111389236545682,0.08886107634543183,0.9535036018336608,0.004290803941993513,0.9913832199546485,0.008616780045351491,0.9956729674333865,0.000159663905891877,0.0042231264918320965,0.0042231264918320965,-0.0042231264918320965,0.03528440872828169,-0.09968414369775211,-0.1572116103967997,-0.07354548240091575,4
2581.png,L4,0.1019666790962219,2.401667356491089,0.8579738245273874,0.14202617547261265,0.9235585703104617,0.006911871429659035,0.7245623632385121,0.2754376367614879,0.8402854877081681,0.016949296626847098,-0.11110282469492971,0.11110282469492971,0.11110282469492971,-0.0014086874326070115,-0.046519044570571294,0.10960924631933672,0.03333421580218186,4
2582.png,L4,0.1277832984924316,2.546528577804565,0.5957983193277311,0.4042016806722689,0.7467087941021591,0.010836448645524,0.7854817708333334,0.21451822916666663,0.8798541476754785,0.013364673450105627,-0.095766928657535,0.095766928657535,0.095766928657535,0.024407931963602705,0.21565646062908497,0.04868983872451543,0.01799831976478715,4
2589.png,L4,0.1386597752571106,2.71264386177063,0.8796095444685467,0.12039045553145333,0.9359492210040392,0.005903738170628327,0.5128205128205128,0.4871794871794872,0.6779661016949152,0.013875115032630937,0.23332685676825327,0.23332685676825327,-0.23332685676825327,0.03528440872828169,-0.06815476451173061,0.32135109673733603,0.15555824787550543,4
2590.png,L4,0.090997576713562,2.176992177963257,0.7183098591549296,0.2816901408450704,0.8360655737704918,0.0007089756170074647,0.8217054263565892,0.17829457364341084,0.902127659574468,0.005252472148530256,0.09060906647511724,0.09060906647511724,-0.09060906647511724,-0.01237778981526691,0.09314492080188644,0.01246618320125964,0.012840457582369388,4
2591.png,L4,0.1277832984924316,2.546528577804565,0.8707052441229657,0.12929475587703432,0.930884485258579,0.006537433852777721,0.3838659392049883,0.6161340607950117,0.5547733032948465,0.004450578557908805,0.3997966930931764,0.3997966930931764,-0.3997966930931764,0.024407931963602705,-0.059250464166149625,0.45030567035286045,0.32202808420042855,4
2592.png,L4,0.1019666790962219,2.401667356491089,0.9619512195121951,0.03804878048780491,0.9806066633515664,0.0011319716692701639,0.9584763212079616,0.04152367879203844,0.9787979674084458,0.0014747672342907254,-0.020372174787461006,0.020372174787461006,0.020372174787461006,-0.0014086874326070115,-0.15049643955537903,-0.12430471165011275,-0.057396434105286845,4
2593.png,L4,0.1526007056236267,2.9577553272247314,0.8544010589013898,0.14559894109861016,0.9214846538187009,0.007488565723526335,0.9605706874189365,0.039429312581063525,0.9798888594866367,0.001094949329373975,-0.012475797418833201,0.012475797418833201,0.012475797418833201,0.0492253390947978,-0.042946278944573785,-0.12639907786108767,-0.06529281147391465,4
2594.png,L4,0.1217802762985229,2.329400062561035,0.9329044117647058,0.06709558823529416,0.9652876842605801,0.0017728202957531113,0.9986919555264879,0.001308044473512071,0.9993455497382199,4.1759653562901245e-05,0.0005837639775060355,0.0005837639775060355,-0.0005837639775060355,0.018404909769693986,-0.12144963180788979,-0.16452034596863913,-0.07718484491524182,4
2602.png,L4,0.1019666790962219,2.401667356491089,0.42015748031496064,0.5798425196850394,0.5917054779330229,0.04259141306637514,0.21427143713771737,0.7857285628622827,0.3529218106995885,0.0480087143991962,-0.15180841312787574,0.15180841312787574,0.15180841312787574,-0.0014086874326070115,0.39129729964185544,0.6199001724201314,0.07403980423512789,4
2605.png,L4,0.1499526500701904,2.459855079650879,0.34293193717277487,0.6570680628272252,0.5107212475633528,0.05124412255181023,0.18645391653648738,0.8135460834635126,0.3143045236527791,0.03839633667172521,0.27162444523484763,0.27162444523484763,-0.27162444523484763,0.046577283541361494,0.4685228427840412,0.6477176930213615,0.1938558363420998,4
2608.png,L4,0.1305733323097229,2.534266948699951,0.7646076794657763,0.23539232053422365,0.8666035950804163,0.006779529456736931,0.7913313567697303,0.20866864323026968,0.8835119798234552,0.010487702026816821,0.09266458524402066,0.09266458524402066,-0.09266458524402066,0.027197965780893993,0.04684710049103971,0.04284025278811848,0.014895976351272808,4
2609.png,L4,0.1329491138458252,2.390178680419922,0.6733780760626398,0.3266219239373602,0.8048128342245989,0.010672851252340831,0.19217308304167993,0.8078269169583201,0.3223912463303977,0.02579851863544633,0.5513065965449987,0.5513065965449987,-0.5513065965449987,0.029573747316996288,0.13807670389417628,0.641998526516169,0.47353798765225086,4
2623.png,L4,0.1277832984924316,2.546528577804565,0.443441317047265,0.5565586829527349,0.6144223693892568,0.054630250494055635,0.10384006903494894,0.8961599309650511,0.18814332247557003,0.06846324928268815,0.487466850447115,0.487466850447115,-0.487466850447115,0.024407931963602705,0.36801346290955095,0.7303315405228998,0.4096982415543672,4
2656.png,L4,0.1386597752571106,2.71264386177063,0.7907528156490812,0.20924718435091882,0.8831512744124462,0.007942151926610172,0.7241758241758242,0.27582417582417584,0.840025493945188,0.01746943018312024,-0.12812264449425892,0.12812264449425892,0.12812264449425892,0.03528440872828169,0.020701964307734882,0.10999578538202465,0.05035403560151107,4
2660.png,L4,0.1277832984924316,2.546528577804565,0.8437054631828979,0.15629453681710215,0.9152280340118526,0.00575935200266022,0.7505844272612839,0.24941557273871606,0.8575243965074474,0.010180729723586407,0.036057444408009176,0.036057444408009176,-0.036057444408009176,0.024407931963602705,-0.032250683226081794,0.08358718229656487,-0.041711164484738675,4
2680.png,L4,0.1352231502532959,2.603976249694824,0.7162510748065348,0.2837489251934652,0.8346693386773547,0.012031626609231696,0.9742883379247016,0.025711662075298403,0.9869767441860465,0.0002989011609931795,0.012613277133825096,0.012613277133825096,-0.012613277133825096,0.03184778372446699,0.09520370515028123,-0.1401167283668528,-0.06515533175892275,4
2685.png,L4,0.1027552485466003,2.6748931407928467,0.8473625140291807,0.15263748597081928,0.9173754556500607,0.006371820054989669,0.9959250203748982,0.004074979625101838,0.9979583503470805,5.692975658845789e-05,0.0019393052687439738,0.0019393052687439738,-0.0019393052687439738,-0.0006201179822286074,-0.035907734072364667,-0.16175341081704936,-0.07582930362400388,4
2701.png,L4,0.1526007056236267,2.9577553272247314,0.8597701149425288,0.14022988505747125,0.9245982694684796,0.005338450528597767,0.9993637327677625,0.0006362672322375307,0.9996817651426753,2.769987332864873e-05,-0.00031432898129579723,0.00031432898129579723,0.00031432898129579723,0.0492253390947978,-0.048315334985712693,-0.16519212320991367,-0.07745427991145205,4
2703.png,L4,0.1329491138458252,2.390178680419922,0.8974121996303143,0.10258780036968573,0.9459327812956648,0.004775460221672648,0.960621387283237,0.03937861271676302,0.9799152386217063,0.0010185868972571626,-0.009000376413680122,0.009000376413680122,0.009000376413680122,0.029573747316996288,-0.08595741967349821,-0.12644977772538818,-0.06876823247906773,4
2705.png,L4,0.0671934485435485,1.8932636976242063,0.7461300309597523,0.2538699690402477,0.8546099290780141,0.004860929068259421,0.9689490445859873,0.031050955414012704,0.9842296805499393,0.0006547876578100886,0.013579257630248032,0.013579257630248032,-0.013579257630248032,-0.03618191798528041,0.06532474899706378,-0.1347774350281385,-0.06418935126249982,3
2706.png,L4,0.1027552485466003,2.6748931407928467,0.6212804328223624,0.37871956717763755,0.7664071190211346,0.02584787143753929,0.11425873465533522,0.8857412653446648,0.20508474576271185,0.06694665891854575,-0.2948122324795005,0.2948122324795005,0.2948122324795005,-0.0006201179822286074,0.1901743471344536,0.7199128749025137,0.21704362358675267,4
2716.png,L4,0.1526007056236267,2.9577553272247314,0.4911873840445269,0.5088126159554731,0.658786936236392,0.014938058951633358,0.3808139534883721,0.6191860465116279,0.5515789473684211,0.02059052989870693,-0.16934325294793262,0.16934325294793262,0.16934325294793262,0.0492253390947978,0.32026739591228914,0.4533576560694767,0.09157464405518477,4
2720.png,L4,0.1329491138458252,2.390178680419922,0.6822840409956076,0.3177159590043924,0.8111401218450827,0.03336439557144416,0.7166752444673186,0.28332475553268144,0.8349572777694498,0.022500497157697547,0.1054113739881476,0.1054113739881476,-0.1054113739881476,0.029573747316996288,0.12917073896120848,0.11749636509053024,0.027642765095399743,4
2721.png,L4,0.1386597752571106,2.71264386177063,0.7764227642276422,0.22357723577235777,0.8741418764302059,0.011207807125219021,0.0,1.0,0.0,0.08125797885099578,-0.7765133403461796,0.7765133403461796,0.7765133403461796,0.03528440872828169,0.03503201572917383,0.8341716095578489,0.6987447314534317,4
2723.png,L4,0.090997576713562,2.176992177963257,0.9132690882134915,0.08673091178650849,0.9546687330492057,0.00184292483698115,0.8468834688346883,0.15311653116531165,0.917094644167278,0.006847677029281937,-0.013728261214266735,0.013728261214266735,0.013728261214266735,-0.01237778981526691,-0.10181430825667545,-0.012711859276839543,-0.06404034767848112,4
2740.png,L4,0.1352231502532959,2.603976249694824,0.4742200328407225,0.5257799671592776,0.643350412118512,0.037876918857337405,0.643594724465801,0.356405275534199,0.7831550136849963,0.028564810697171362,0.19774816455960564,0.19774816455960564,-0.19774816455960564,0.03184778372446699,0.3372347471160936,0.1905768850920478,0.11997955566685779,4
2752.png,L4,0.1352231502532959,2.603976249694824,0.871191135734072,0.12880886426592797,0.9311621021465581,0.001618274159297345,0.7877906976744186,0.21220930232558144,0.8813008130081301,0.005985272350411012,-0.10310998351679057,0.10310998351679057,0.10310998351679057,0.03184778372446699,-0.05973635577725597,0.04638091188343024,0.02534137462404272,4
2754.png,L4,0.1329491138458252,2.390178680419922,0.9656488549618321,0.03435114503816794,0.9825242718446602,0.0013730311837050339,0.5538527032779906,0.44614729672200937,0.7128767123287671,0.015066987490960452,0.24465260779514209,0.24465260779514209,-0.24465260779514209,0.029573747316996288,-0.154194075005016,0.28031890627985817,0.16688399890239425,4
2766.png,L4,0.1019666790962219,2.401667356491089,0.861850443599493,0.13814955640050697,0.9257998638529612,0.006076377358220906,0.9305888868377331,0.06941111316226689,0.9640466628418436,0.0013980357538374995,-0.019032519215178234,0.019032519215178234,0.019032519215178234,-0.0014086874326070115,-0.050395663642676974,-0.0964172772798843,-0.05873608967756962,4
2768.png,L4,0.1275869607925415,2.644569635391236,0.7452211906062262,0.25477880939377384,0.854013456423095,0.012899970430231476,0.8482102056359482,0.15178979436405182,0.9178720072526476,0.020364652384519222,0.047804891617170275,0.047804891617170275,-0.047804891617170275,0.024211594263712596,0.0662335893505899,-0.014038596078099375,-0.029963717275577575,4
2771.png,L4,0.1407572031021118,2.751306772232056,0.7928968763371844,0.20710312366281558,0.8844868735083532,0.011935004112865955,0.6545260215407384,0.34547397845926164,0.791194593520175,0.017673498583460148,-0.18455620091915126,0.18455620091915126,0.18455620091915126,0.03738183657328288,0.018557903619631638,0.17964558801711045,0.10678759202640341,4
2781.png,L4,0.1526007056236267,2.9577553272247314,0.855084067253803,0.14491593274619696,0.9218817436340095,0.0059976896989691175,0.9678222562727447,0.03217774372725535,0.9836480436052171,0.001031402081895113,-0.012291335892541277,0.012291335892541277,0.012291335892541277,0.0492253390947978,-0.04362928729698698,-0.13365064671489585,-0.06547727300020657,4
2782.png,L4,0.1275869607925415,2.644569635391236,0.9084628670120898,0.09153713298791022,0.9520361990950226,0.002983208868604193,0.988204833141542,0.01179516685845805,0.9940674287367964,0.0003262960216813465,0.0026508954813735386,0.0026508954813735386,-0.0026508954813735386,0.024211594263712596,-0.09700808705527372,-0.15403322358369315,-0.07511771341137431,4
2784.png,L4,0.1277832984924316,2.546528577804565,0.5203285420944559,0.4796714579055441,0.684494867639114,0.016045679863760844,0.39943741209563993,0.6005625879043601,0.5708542713567839,0.033291638118267554,0.10114089023321926,0.10114089023321926,-0.10114089023321926,0.024407931963602705,0.29112623786236014,0.4347341974622089,0.02337228134047141,4
2787.png,L4,0.1526007056236267,2.9577553272247314,0.7315598548972189,0.26844014510278114,0.8449720670391061,0.010363123786932537,0.7794328786791098,0.22056712132089018,0.8760463943519919,0.015264318751430372,-0.09542955679668463,0.09542955679668463,0.09542955679668463,0.0492253390947978,0.0798949250595972,0.054738730878738984,0.017660947903936783,4
2794.png,L4,0.1163173913955688,2.4396235942840576,0.9274074074074075,0.07259259259259254,0.962336664104535,0.0004927040853918405,0.6498966230186078,0.35010337698139216,0.7878028404344194,0.006477312347416423,-0.020240918362305682,0.020240918362305682,0.020240918362305682,0.012942024866739898,-0.1159526274505914,0.18427498653924096,-0.05752769053044217,4
2801.png,L4,0.0671934485435485,1.8932636976242063,0.753757225433526,0.24624277456647403,0.8595912986156888,0.018732729988869122,0.9078228524933163,0.09217714750668371,0.9516846402242125,0.007297853621596061,-0.045202322281567564,0.045202322281567564,0.045202322281567564,-0.03618191798528041,0.05769755452329009,-0.07365124293546749,-0.03256628661118029,3
2807.png,L4,0.1305733323097229,2.534266948699951,0.84375,0.15625,0.9152542372881356,0.005077061395966333,0.9763313609467456,0.023668639053254448,0.9880239520958084,0.0003730340945475333,-0.00614840677554751,0.00614840677554751,0.00614840677554751,0.027197965780893993,-0.03229522004318394,-0.14215975138889675,-0.07162020211720034,4
2810.png,L4,0.1163173913955688,2.4396235942840576,0.6413427561837456,0.3586572438162544,0.7814854682454252,0.01129381900808883,0.4260326609029779,0.5739673390970221,0.597507578309195,0.028484234728674437,-0.13841371155758508,0.13841371155758508,0.13841371155758508,0.012942024866739898,0.17011202377307047,0.40813894865487094,0.06064510266483723,4
2816.png,L4,0.1416006088256836,2.710000276565552,0.9001956947162426,0.09980430528375739,0.9474768280123584,0.00043877568373475824,0.9977324263038548,0.0022675736961451642,0.9988649262202043,5.029128819839026e-05,0.0,0.0,-0.0,0.038225242296854686,-0.08874091475942655,-0.16356081674600603,-0.07776860889274785,4
2825.png,L4,0.1526007056236267,2.9577553272247314,0.885558583106267,0.114441416893733,0.9393063583815029,0.0009199027340182194,0.9943598420755781,0.005640157924421851,0.9971719457013575,9.89688315362603e-05,-0.0008091845960207511,0.0008091845960207511,0.0008091845960207511,0.0492253390947978,-0.07410380314945095,-0.16018823251772935,-0.0769594242967271,4
2827.png,L4,0.1352231502532959,2.603976249694824,0.8820586132952108,0.11794138670478915,0.9373338397265477,0.0018209478812280392,0.6288071065989848,0.37119289340101524,0.7721075185040904,0.016134532509983777,-0.20565269824546628,0.20565269824546628,0.20565269824546628,0.03184778372446699,-0.07060383333839479,0.20536450295886405,0.12788408935271844,4
2835.png,L4,0.1499526500701904,2.459855079650879,0.5990825688073395,0.40091743119266054,0.7492828456683879,0.019112096679666166,0.5998583569405099,0.40014164305949007,0.7498893315626384,0.013299439687631594,-0.21197077567542655,0.21197077567542655,0.21197077567542655,0.046577283541361494,0.2123722111494766,0.23431325261733887,0.1342021667826787,4
2846.png,L4,0.1163173913955688,2.4396235942840576,0.6336633663366337,0.36633663366336633,0.7757575757575758,0.01951681978681123,0.5187443541102078,0.4812556458897922,0.6831226765799256,0.025873509618094145,-0.20009309716378454,0.20009309716378454,0.20009309716378454,0.012942024866739898,0.1777914136201824,0.315427255447641,0.12232448827103669,4
2866.png,L4,0.090997576713562,2.176992177963257,0.6689151208544126,0.3310848791455874,0.8016167059616033,0.013749083176766121,0.6466552315608919,0.3533447684391081,0.7854166666666667,0.02010874277228371,-0.03845579195406801,0.03845579195406801,0.03845579195406801,-0.01237778981526691,0.14253965910240343,0.18751637799695692,-0.03931281693867984,4
2871.png,L4,0.1277832984924316,2.546528577804565,0.9484777517564403,0.051522248243559665,0.9735576923076923,0.0023264715806150596,0.9960194604157453,0.003980539584254705,0.9980057611345003,3.5463187529281745e-05,2.752237273173641e-05,2.752237273173641e-05,-2.752237273173641e-05,0.024407931963602705,-0.13702297179962428,-0.1618478508578965,-0.07774108652001611,4
2875.png,L4,0.1386597752571106,2.71264386177063,0.5804878048780487,0.41951219512195126,0.7345679012345679,0.02208915822157417,0.9617380025940337,0.03826199740596625,0.980495867768595,0.0003976921312998547,0.0021337956147921,0.0021337956147921,-0.0021337956147921,0.03528440872828169,0.23096697507876732,-0.12756639303618494,-0.07563481327795575,4
2877.png,L4,0.1147438883781433,2.4115493297576904,0.867808519982433,0.13219148001756698,0.9292264284034799,0.006354588237564872,0.9558718224131758,0.04412817758682419,0.9774381035192897,0.0013119989294315905,-0.017051410326211713,0.017051410326211713,0.017051410326211713,0.01136852184931439,-0.056353740025616966,-0.121700212855327,-0.06071719856653614,4
2878.png,L4,0.1526007056236267,2.9577553272247314,0.7292096219931271,0.2707903780068729,0.8434022257551669,0.011645127245947323,0.9223478550049884,0.07765214499501161,0.959605570452383,0.004843345022034325,-0.03569080206356745,0.03569080206356745,0.03569080206356745,0.0492253390947978,0.08224515796368895,-0.08817624544713959,-0.0420778068291804,4
2882.png,L4,0.1526007056236267,2.9577553272247314,0.7274904214559387,0.2725095785440613,0.8422511782644857,0.005465122588916718,0.6410439756882373,0.35895602431176266,0.7812636165577342,0.013821781637441159,0.10980567959654175,0.10980567959654175,-0.10980567959654175,0.0492253390947978,0.08396435850087738,0.19312763386961146,0.0320370707037939,4
2883.png,L4,0.1019666790962219,2.401667356491089,0.8614785992217899,0.13852140077821007,0.9255852842809364,0.006809950327131338,0.9277777777777778,0.07222222222222219,0.962536023054755,0.0017485913437066867,0.029739145017335766,0.029739145017335766,-0.029739145017335766,-0.0014086874326070115,-0.05002381926497387,-0.09360616821992901,-0.048029463875412085,4
2884.png,L4,0.1019666790962219,2.401667356491089,0.7220447284345048,0.27795527156549515,0.8385899814471243,0.009334187307688174,0.9768753525098702,0.02312464749012977,0.9883024251069901,0.00023193550845341626,0.00036172028530490064,0.00036172028530490064,-0.00036172028530490064,-0.0014086874326070115,0.08941005152231121,-0.14270374295202143,-0.07740688860744295,4
2885.png,L4,0.1147438883781433,2.4115493297576904,0.47664915353181553,0.5233508464681844,0.6455821308559003,0.048257953299832554,0.2411157814291173,0.7588842185708827,0.38854679802955666,0.08221655506220428,-0.1306361284273288,0.1306361284273288,0.1306361284273288,0.01136852184931439,0.33480562642500045,0.5930558281287315,0.05286751953458095,4
2886.png,L4,0.1147438883781433,2.4115493297576904,0.7497116493656286,0.2502883506343714,0.8569545154911009,0.0014214250809263618,0.531198162562205,0.468801837437795,0.6938333333333333,0.016625453731961386,-0.12067647894506933,0.12067647894506933,0.12067647894506933,0.01136852184931439,0.06174313059118744,0.3029734469956438,0.04290787005232148,4
2891.png,L4,0.1329491138458252,2.390178680419922,0.7398160315374507,0.2601839684625493,0.850453172205438,0.011480355491294204,0.9918084436042848,0.008191556395715227,0.9958873774122113,0.00011275184381454819,0.0010326837273273437,0.0010326837273273437,-0.0010326837273273437,0.029573747316996288,0.07163874841936538,-0.15763683404643597,-0.07673592516542051,4
2895.png,L4,0.1329491138458252,2.390178680419922,0.9133034379671151,0.0866965620328849,0.9546875,0.0004772347153878112,0.9860759493670886,0.013924050632911356,0.992989165073295,0.0002897086153370441,-0.0034441108907592444,0.0034441108907592444,0.0034441108907592444,0.029573747316996288,-0.10184865801029905,-0.15190433980923984,-0.0743244980019886,4
2897.png,L4,0.1217802762985229,2.329400062561035,0.8252581413820492,0.17474185861795077,0.9042645778938208,0.004043510910177965,0.9932401982875169,0.006759801712483138,0.9966086366719421,0.00017030637462533792,0.00015494023202355933,0.00015494023202355933,-0.00015494023202355933,0.018404909769693986,-0.013803361425233168,-0.15906858872966806,-0.07761366866072429,4
2898.png,L4,0.1163173913955688,2.4396235942840576,0.8457639391745112,0.1542360608254888,0.9164378187524519,0.004341600242956731,0.9961559582646897,0.0038440417353102774,0.9980742778541953,0.00012495040272321033,-0.0008880348406689054,0.0008880348406689054,0.0008880348406689054,0.012942024866739898,-0.034309159217695145,-0.16198434870684092,-0.07688057405207895,4
2910.png,L4,0.1386597752571106,2.71264386177063,0.4923121554975341,0.507687844502466,0.6597978227060654,0.0429240591633804,0.2975292407779085,0.7024707592220916,0.45860891828461703,0.03295856113404174,0.0149736259996596,0.0149736259996596,-0.0149736259996596,0.03528440872828169,0.319142624459282,0.5366423687799404,-0.06279498289308826,4
2912.png,L4,0.1386597752571106,2.71264386177063,0.5238907849829352,0.4761092150170648,0.6875699888017918,0.03766832954018847,0.3398829892924164,0.6601170107075836,0.5073323447025869,0.05361084777253949,-0.4057798338266631,0.4057798338266631,0.4057798338266631,0.03528440872828169,0.28756399497388085,0.49428862026543235,0.32801122493391527,4
2916.png,L4,0.1526007056236267,2.9577553272247314,0.9435946462715105,0.05640535372848954,0.970978848991638,0.0026132614999852684,1.0,0.0,1.0,0.0,0.0,0.0,-0.0,0.0492253390947978,-0.1321398663146944,-0.1658283904421512,-0.07776860889274785,4
2920.png,L4,0.1386597752571106,2.71264386177063,0.9215500945179584,0.07844990548204156,0.9591736350221348,0.0007044181036313096,0.944738106679481,0.05526189332051901,0.9715838893007166,0.002908831352971599,0.02724960398489451,0.02724960398489451,-0.02724960398489451,0.03528440872828169,-0.11009531456114238,-0.11056649712163219,-0.05051900490785334,4
2924.png,L4,0.1147438883781433,2.4115493297576904,0.7020383693045563,0.2979616306954437,0.8249383585769637,0.013893973885049715,0.7634293081220456,0.23657069187795443,0.8658462288290484,0.012690453530353777,-0.12543686339495352,0.12543686339495352,0.12543686339495352,0.01136852184931439,0.10941641065225974,0.07074230143580323,0.04766825450220567,4
2927.png,L4,0.1625866293907165,2.911275863647461,0.7033492822966507,0.2966507177033493,0.8258426966292135,0.01014649698347566,0.9375900144023044,0.062409985597695616,0.9677898909811695,0.0010430981603236729,0.02101114781634006,0.02101114781634006,-0.02101114781634006,0.05921126286188759,0.10810549766016533,-0.10341840484445558,-0.05675746107640779,4
2933.png,L4,0.1147438883781433,2.4115493297576904,0.8254410399257196,0.1745589600742804,0.9043743641912513,0.004983477699690909,0.7331070657204567,0.2668929342795433,0.846003204557593,0.002397828422866858,-0.08942329720962672,0.08942329720962672,0.08942329720962672,0.01136852184931439,-0.013986259968903542,0.1010645438373921,0.011654688316878867,4
2940.png,L4,0.1305733323097229,2.534266948699951,0.2886573525929434,0.7113426474070565,0.4479970599044469,0.0978119497836693,0.0023877033278615132,0.9976122966721385,0.004764031561709096,0.11543011290413438,0.8342930180564111,0.8342930180564111,-0.8342930180564111,0.027197965780893993,0.5227974273638726,0.8317839062299872,0.7565244091636633,4
2941.png,L4,0.1305733323097229,2.534266948699951,0.791039011201236,0.208960988798764,0.8833297390554238,0.0037602462438649613,0.9926399223552248,0.007360077644775198,0.9963063684701872,0.0002439976901715446,0.0018325373770919917,0.0018325373770919917,-0.0018325373770919917,0.027197965780893993,0.02041576875558007,-0.158468312797376,-0.07593607151565586,4
2943.png,L4,0.1147438883781433,2.4115493297576904,0.5035114503816794,0.49648854961832056,0.6697806661251016,0.041071370394209085,0.17842485831541918,0.8215751416845808,0.30281923714759534,0.03698614213137182,-0.5672910266774661,0.5672910266774661,0.5672910266774661,0.01136852184931439,0.3079433295751366,0.6557467512424295,0.4895224177847183,4
2947.png,L4,0.098610520362854,2.157174825668335,0.707221350078493,0.29277864992150704,0.8285057471264368,0.014065922458459215,0.707405614714424,0.292594385285576,0.828632175761871,0.012102745599016168,0.07753799243509674,0.07753799243509674,-0.07753799243509674,-0.004764846165974904,0.1042334298783231,0.12676599484342482,-0.00023061645765111438,4
2951.png,L4,0.1147438883781433,2.4115493297576904,0.9213544511196068,0.07864554888039321,0.9590676520750426,0.0034144691078663637,0.8346467773712356,0.1653532226287644,0.9098719030451791,0.007955857599760089,-0.08887593979784647,0.08887593979784647,0.08887593979784647,0.01136852184931439,-0.10989967116279073,-0.0004751678133868009,0.01110733090509862,4
2955.png,L4,0.1625866293907165,2.911275863647461,0.8197381671701913,0.18026183282980868,0.9009407858328722,0.0015883075585913264,0.9940369707811568,0.005963029218843174,0.9970095693779905,0.00011512764901374853,0.0015980007658410456,0.0015980007658410456,-0.0015980007658410456,0.05921126286188759,-0.008283387213375265,-0.15986536122330802,-0.0761706081269068,4
2957.png,L4,0.1352231502532959,2.603976249694824,0.4426016260162602,0.5573983739837398,0.6136158701532912,0.022659807899853966,0.3096496378939127,0.6903503621060874,0.4728740098639964,0.0448897051312062,-0.30420692041193437,0.30420692041193437,0.30420692041193437,0.03184778372446699,0.36885315394055584,0.5245219716639362,0.22643831151918653,4
2958.png,L4,0.1386597752571106,2.71264386177063,0.9448071216617211,0.055192878338278906,0.9716203844980165,0.002110638919817889,0.9748971193415638,0.025102880658436244,0.9872890185455303,0.0008736108561775979,0.011604649076737639,0.011604649076737639,-0.011604649076737639,0.03528440872828169,-0.13335234170490504,-0.14072550978371495,-0.06616395981601021,4
2959.png,L4,0.1352231502532959,2.603976249694824,0.8291777188328913,0.17082228116710874,0.9066125290023201,0.007620211012960764,0.9525029562475364,0.04749704375246355,0.9756737660240234,0.0004099912527310077,0.017025658520631537,0.017025658520631537,-0.017025658520631537,0.03184778372446699,-0.017722938876075206,-0.11833134668968764,-0.060742950372116314,4
2961.png,L4,0.1329491138458252,2.390178680419922,0.9832985386221295,0.01670146137787054,0.991578947368421,0.0002573177246038898,1.0,0.0,1.0,0.0,0.0,0.0,-0.0,0.029573747316996288,-0.1718437586653134,-0.1658283904421512,-0.07776860889274785,4
2968.png,L4,0.1019666790962219,2.401667356491089,0.640625,0.359375,0.780952380952381,0.023893377492695735,0.9744119927629878,0.025588007237012156,0.987040188506349,0.00010578042328277696,0.0065344480590666665,0.0065344480590666665,-0.0065344480590666665,-0.0014086874326070115,0.17082977995681606,-0.14024038320513904,-0.07123416083368118,4
2969.png,L4,0.1329491138458252,2.390178680419922,0.8636995827538247,0.13630041724617525,0.926865671641791,0.007965540649343556,0.9474116680361545,0.05258833196384549,0.9729957805907173,0.0008062085263150051,-0.0200758535247042,0.0200758535247042,0.0200758535247042,0.029573747316996288,-0.05224480279700869,-0.1132400584783057,-0.05769275536804365,4
2977.png,L4,0.1526007056236267,2.9577553272247314,0.0,1.0,0.0,0.13981900109963374,0.0,1.0,0.0,0.16817109740698888,-0.914538822303283,0.914538822303283,0.914538822303283,0.0492253390947978,0.811454779956816,0.8341716095578489,0.8367702134105351,4
2978.png,L4,0.1386597752571106,2.71264386177063,0.8590998043052838,0.14090019569471623,0.9242105263157895,0.006768504067104997,0.979672131147541,0.020327868852458963,0.9897316992381583,0.0004724179363483597,-0.004119957741841929,0.004119957741841929,0.004119957741841929,0.03528440872828169,-0.04764502434846771,-0.14550052158969223,-0.07364865115090592,4
2979.png,L4,0.1416006088256836,2.710000276565552,0.8241869918699187,0.17581300813008127,0.9036211699164345,0.0072096261782255075,0.9678495602062481,0.03215043979375187,0.9836621454993835,0.0007841540508705921,0.00027544668625822943,0.00027544668625822943,-0.00027544668625822943,0.038225242296854686,-0.01273221191310267,-0.13367795064839932,-0.07749316220648962,4
2980.png,L4,0.1147438883781433,2.4115493297576904,0.8179508890770534,0.18204911092294662,0.8998602701443875,0.005629746755111365,0.9916201117318436,0.008379888268156388,0.9957924263674615,0.0002773522907652658,-0.003008289275031606,0.003008289275031606,0.003008289275031606,0.01136852184931439,-0.00649610912023732,-0.1574485021739948,-0.07476031961771624,4
2981.png,L4,0.1386597752571106,2.71264386177063,0.9555273189326556,0.044472681067344366,0.9772579597141,0.001400937023434443,0.9970379146919431,0.002962085308056861,0.9985167606051617,1.099954552285087e-05,-0.0005675402165686849,0.0005675402165686849,0.0005675402165686849,0.03528440872828169,-0.14407253897583958,-0.16286630513409434,-0.07720106867617917,4
2982.png,L4,0.1407572031021118,2.751306772232056,0.8202080237741456,0.1797919762258544,0.9012244897959184,0.01199379875487188,0.0,1.0,0.0,0.08909509603620198,-0.8929778445362373,0.8929778445362373,0.8929778445362373,0.03738183657328288,-0.008753243817329531,0.8341716095578489,0.8152092356434895,4
2984.png,L4,0.1019666790962219,2.401667356491089,0.7975120939875605,0.2024879060124395,0.8873510188389081,0.008145748251591376,0.7961222091656874,0.20387779083431257,0.8864900228982663,0.006189340681333861,-0.01678271028120204,0.01678271028120204,0.01678271028120204,-0.0014086874326070115,0.013942685969255547,0.03804940039216137,-0.06098589861154581,4
2990.png,L4,0.1027552485466003,2.6748931407928467,0.5789757412398921,0.42102425876010785,0.7333560942301127,0.023065104014046597,0.5280169558881971,0.4719830441118029,0.6911140008669268,0.04324179556748087,-0.20985053376943164,0.20985053376943164,0.20985053376943164,-0.0006201179822286074,0.2324790387169239,0.3061546536696517,0.1320819248766838,4
2991.png,L4,0.1386597752571106,2.71264386177063,0.728238418412511,0.271761581587489,0.8427522622502988,0.001317213707519793,0.9924404686909412,0.007559531309058842,0.9962058935120779,0.00018236374576501547,0.001595337995815238,0.001595337995815238,-0.001595337995815238,0.03528440872828169,0.08321636154430503,-0.15826885913309235,-0.07617327089693261,4
3001.png,L4,0.1329491138458252,2.390178680419922,0.9753694581280788,0.024630541871921152,0.9875311720698254,0.000865546658406801,0.8959442851290454,0.10405571487095455,0.9451166810717373,0.002900824739349817,0.0009444475946500993,0.0009444475946500993,-0.0009444475946500993,0.029573747316996288,-0.1639146781712628,-0.061772675571196645,-0.07682416129809776,4
3008.png,L4,0.098610520362854,2.157174825668335,0.7773251866938221,0.2226748133061779,0.8747135217723453,0.014284348906788143,0.9708265802269044,0.02917341977309562,0.9851973684210527,0.0009181649668294418,-0.004252076691297679,0.004252076691297679,0.004252076691297679,-0.004764846165974904,0.034129593262993946,-0.13665497066905558,-0.07351653220145017,4
3015.png,L4,0.1217802762985229,2.329400062561035,0.8573014991671294,0.1426985008328706,0.923168908819133,0.004793400621436595,0.9984725050916496,0.0015274949083503575,0.999235668789809,2.719477926046555e-05,-0.00011604207746562789,0.00011604207746562789,0.00011604207746562789,0.018404909769693986,-0.04584671921031333,-0.16430089553380084,-0.07765256681528222,4
3016.png,L4,0.1352231502532959,2.603976249694824,0.845350052246604,0.15464994775339602,0.9161947904869762,0.010327264352125956,0.7633624878522838,0.23663751214771622,0.8658032515844585,0.01417335204594281,-0.12762906920119177,0.12762906920119177,0.12762906920119177,0.03184778372446699,-0.03389527228978792,0.07080912170556503,0.04986046030844392,4
3018.png,L4,0.1386597752571106,2.71264386177063,0.9090909090909091,0.09090909090909094,0.9523809523809523,0.00012605845965262148,0.9804618117229129,0.019538188277087087,0.9901345291479821,0.00024683763801866277,-0.0009974233230820584,0.0009974233230820584,0.0009974233230820584,0.03528440872828169,-0.097636129134093,-0.1462902021650641,-0.07677118556966579,4
3021.png,L4,0.1625866293907165,2.911275863647461,0.9744897959183674,0.025510204081632626,0.9870801033591732,0.0005272303158938336,0.996790757381258,0.003209242618742003,0.998392799742848,2.5870352798775923e-05,0.0010818148487491408,0.0010818148487491408,-0.0010818148487491408,0.05921126286188759,-0.16303501596155132,-0.1626191478234092,-0.07668679404399871,4
3031.png,L4,0.0671934485435485,1.8932636976242063,0.8068459657701712,0.1931540342298288,0.8930987821380244,0.008529075602255805,0.2521532521532521,0.7478467478467479,0.40275142314990514,0.051270344558435446,-0.09340731169919178,0.09340731169919178,0.09340731169919178,-0.03618191798528041,0.004608814186644855,0.5820183574045967,0.01563870280644393,3
3039.png,L4,0.1625866293907165,2.911275863647461,0.6679657053780202,0.33203429462197975,0.8009345794392523,0.005077059749124908,0.08770706190061028,0.9122929380993897,0.16126963770439243,0.01216884009732189,-0.6526877966435777,0.6526877966435777,0.6526877966435777,0.05921126286188759,0.1434890745787958,0.7464645476572385,0.5749191877508298,4
3045.png,L4,0.1386597752571106,2.71264386177063,0.6696750902527075,0.33032490974729245,0.8021621621621622,0.016202544453310805,0.9766853424905114,0.02331465750948858,0.9882051750937185,0.00018755133055430335,0.0064355939680864616,0.0064355939680864616,-0.0064355939680864616,0.03528440872828169,0.1417796897041085,-0.14251373293266262,-0.07133301492466139,4
3046.png,L4,0.1416006088256836,2.710000276565552,0.8723404255319149,0.12765957446808507,0.9318181818181818,0.0025884835538209994,0.7279170494815592,0.2720829505184408,0.842537030003798,0.01465090595988998,0.06644281251232176,0.06644281251232176,-0.06644281251232176,0.038225242296854686,-0.06088564557509887,0.10625456007628958,-0.011325796380426092,4
3047.png,L4,0.1147438883781433,2.4115493297576904,0.3132704858593183,0.6867295141406817,0.4770844837106571,0.01828166790991357,0.7637209302325582,0.23627906976744184,0.8660337552742616,0.001117533169980485,-0.07650403960468921,0.07650403960468921,0.07650403960468921,0.01136852184931439,0.49818429409749776,0.07045067932529064,-0.0012645692880586396,4
3051.png,L4,0.1147438883781433,2.4115493297576904,0.8558322411533421,0.1441677588466579,0.922316384180791,0.006098255660690366,0.9968427699431699,0.003157230056830107,0.9984188890060082,3.989453078013688e-05,-0.0009427548544500564,0.0009427548544500564,0.0009427548544500564,0.01136852184931439,-0.04437746119652605,-0.1626711603853211,-0.0768258540382978,4
3056.png,L4,0.1147438883781433,2.4115493297576904,0.6840958605664488,0.3159041394335512,0.8124191461836999,0.0011982238831155132,0.685202276572835,0.31479772342716505,0.8131988498927479,0.01919057910834016,0.10161492639244518,0.10161492639244518,-0.10161492639244518,0.01136852184931439,0.12735891939036728,0.14896933298501386,0.02384631749969733,4
3063.png,L4,0.1014949083328247,1.9912701845169067,0.946078431372549,0.05392156862745101,0.9722921914357683,0.002735393236878675,0.9970149253731343,0.0029850746268657025,0.9985052316890882,0.00011643798905826913,-0.0008765126794363365,0.0008765126794363365,0.0008765126794363365,-0.0018804581960042144,-0.13462365141573293,-0.1628433158152855,-0.07689209621331151,4
7.png,L5,0.0574054718017578,1.789177417755127,0.7970540098199672,0.2029459901800328,0.8870673952641166,0.004076106780854352,0.720999627004849,0.279000372995151,0.8378846987429562,0.009337090002274756,-0.18516123766966008,0.18516123766966008,0.18516123766966008,0.009859496355056799,0.022900735290941776,0.11526277381986705,0.11097323359399817,3
13.png,L5,0.0394368171691894,1.5017311573028564,0.7452485380116959,0.2547514619883041,0.8540314136125654,0.005506571096573075,0.9712989083772844,0.028701091622715613,0.9854405176704828,0.001638155392118524,0.0045513253040010415,0.0045513253040010415,-0.0045513253040010415,-0.008109158277511602,0.0747062070992131,-0.13503650755256835,-0.06963667877166087,3
16.png,L5,0.0328825116157531,1.3262805938720703,0.992,0.008000000000000007,0.9959839357429718,0.00030233749102001476,1.0,0.0,1.0,0.0,0.0,0.0,-0.0,-0.014663463830947902,-0.172045254889091,-0.16373759917528397,-0.07418800407566191,2
25.png,L5,0.0384156107902526,1.4436020851135254,0.9017699115044248,0.09823008849557524,0.9483480688692415,0.004170238086706835,0.9225500526870389,0.07744994731296106,0.9597149904083311,0.0014801305985098943,-0.03587204366962582,0.03587204366962582,0.03587204366962582,-0.009130364656448398,-0.08181516639351577,-0.0862876518623229,-0.03831596040603609,3
28.png,L5,0.0524142980575561,1.696377515792847,0.9831649831649831,0.01683501683501687,0.9915110356536503,0.00011737901937693836,1.0,0.0,1.0,0.0,0.0,0.0,-0.0,0.004868322610855097,-0.16321023805407414,-0.16373759917528397,-0.07418800407566191,3
32.png,L5,0.0233169198036193,1.1236680746078491,0.9154496541122213,0.08455034588777866,0.9558587479935795,0.0025719277289556856,0.4261893084845513,0.5738106915154487,0.5976616231086658,0.032090164979303004,-0.22078976265972072,0.22078976265972072,0.22078976265972072,-0.0242290556430817,-0.09549490900131236,0.41007309234016476,0.14660175858405883,2
41.png,L5,0.0886473655700683,2.1952145099639893,0.8340113913751017,0.16598860862489828,0.9094942324755989,0.007821014799943026,0.9995956328346138,0.0004043671653861658,0.9997977755308393,1.37576769687414e-05,-0.00021581115146740437,0.00021581115146740437,0.00021581115146740437,0.041101390123367304,-0.01405664626419273,-0.1633332320098978,-0.0739721929241945,4
55.png,L5,0.1061348319053649,2.482393503189087,0.6772983114446529,0.3227016885553471,0.8076062639821029,0.012353422864732356,0.6800853918877706,0.3199146081122294,0.8095843165728808,0.01408988315713868,0.1499207086553781,0.1499207086553781,-0.1499207086553781,0.05858885645866389,0.14265643366625608,0.15617700893694542,0.07573270457971619,4
56.png,L5,0.0394368171691894,1.5017311573028564,0.8184143222506394,0.18158567774936063,0.90014064697609,0.0012149224039242619,0.9842243645924628,0.015775635407537236,0.9920494699646644,0.00026958898751186316,-0.0037973386949445853,0.0037973386949445853,0.0037973386949445853,-0.008109158277511602,0.001540422860269619,-0.14796196376774673,-0.07039066538071732,3
66.png,L5,0.1061348319053649,2.482393503189087,0.5893837705918242,0.41061622940817577,0.7416506717850287,0.009471542908431066,0.830355123275277,0.16964487672472295,0.90731586752348,0.004394510500593027,-0.04450978239438763,0.04450978239438763,0.04450978239438763,0.05858885645866389,0.23057097451908476,0.005907277549438983,-0.029678221681274278,4
67.png,L5,0.0328825116157531,1.3262805938720703,0.779705117085863,0.220294882914137,0.8762183235867447,0.010549476409084416,0.9927163667523564,0.007283633247643584,0.9963448720705225,9.55093742256617e-05,-0.0003962770112192482,0.0003962770112192482,0.0003962770112192482,-0.014663463830947902,0.040249628025046,-0.15645396592764038,-0.07379172706444266,2
70.png,L5,0.0634121894836425,1.853406548500061,0.820919175911252,0.17908082408874804,0.9016536118363795,0.00844779077426715,0.9187645990137555,0.08123540098624449,0.9576626538617611,0.0007292222326801182,0.032978893265151354,0.032978893265151354,-0.032978893265151354,0.015866214036941495,-0.0009644308003429747,-0.08250219818903948,-0.041209110810510555,3
86.png,L5,0.0524142980575561,1.696377515792847,0.7914460285132383,0.2085539714867617,0.8835834470213734,0.011237185712831626,0.8765273311897106,0.1234726688102894,0.934201507882111,0.004979625547437802,0.02443149538248912,0.02443149538248912,-0.02443149538248912,0.004868322610855097,0.02850871659767068,-0.04026493036499457,-0.04975650869317279,3
93.png,L5,0.0634121894836425,1.853406548500061,0.8923230309072782,0.10767696909272184,0.9430979978925185,0.0025640059497079857,0.968457368161656,0.03154263183834405,0.9839759639459189,0.0006127588559237667,-0.012950979049572653,0.012950979049572653,0.012950979049572653,0.015866214036941495,-0.07236828579636917,-0.13219496733693992,-0.061237025026089256,3
99.png,L5,0.0347696542739868,1.4350186586380005,0.9360865290068829,0.06391347099311706,0.9669883189436262,0.002272140327953639,0.9937548790007806,0.006245120999219367,0.9968676585747847,0.00017198850612871252,0.0015781891424563321,0.0015781891424563321,-0.0015781891424563321,-0.012776321172714197,-0.11613178389597395,-0.1574924781760646,-0.07260981493320558,3
100.png,L5,0.0842383503913879,2.200400829315185,0.7429193899782135,0.2570806100217865,0.8525,0.011114322742862308,0.8015267175572519,0.1984732824427481,0.8898305084745762,0.007644527420919326,0.013887265496191459,0.013887265496191459,-0.013887265496191459,0.0366923749446869,0.0770353551326955,0.034735683267464124,-0.06030073857947045,4
102.png,L5,0.0723775625228881,1.9487823247909544,0.938091143594153,0.06190885640584698,0.9680567879325643,0.0008972555869438683,0.9960803527682509,0.0039196472317490905,0.9980363279332352,0.0001649886039972014,-0.0002167979525095065,0.0002167979525095065,0.0002167979525095065,0.0248315870761871,-0.11813639848324403,-0.15981795194353487,-0.0739712061231524,4
108.png,L5,0.0488779544830322,1.6106860637664795,0.8962787015043547,0.10372129849564526,0.9453027139874739,0.005127902377439517,0.9876072449952336,0.012392755004766443,0.9937649880095923,0.0005822159273473064,-0.005133464524457176,0.005133464524457176,0.005133464524457176,0.001331979036331199,-0.07632395639344575,-0.15134484417051752,-0.06905453955120473,3
114.png,L5,0.0723775625228881,1.9487823247909544,0.832274459974587,0.16772554002541296,0.9084604715672677,0.003465160651224094,0.9971671388101983,0.0028328611898017497,0.9985815602836879,4.212788046788626e-05,-0.0007681419297520531,0.0007681419297520531,0.0007681419297520531,0.0248315870761871,-0.012319714863678055,-0.16090473798548222,-0.07341986214590986,4
117.png,L5,0.0659262537956237,1.8776426315307615,0.8223477715003139,0.1776522284996861,0.9025146400275577,0.008651554639800706,0.9911545623836127,0.008845437616387342,0.9955576338555062,0.0003703343840155638,8.470759459622279e-05,8.470759459622279e-05,-8.470759459622279e-05,0.018380278348922696,-0.0023930263894049175,-0.15489216155889662,-0.07410329648106569,3
121.png,L5,0.0366266965866088,1.396828055381775,0.6306129137987545,0.3693870862012455,0.773467336683417,0.04104728990151188,0.2901359099596517,0.7098640900403483,0.44977572939385213,0.061508472399117275,-0.5323884643638872,0.5323884643638872,0.5323884643638872,-0.010919278860092196,0.18934183131215448,0.5461264908650644,0.4582004602882253,3
122.png,L5,0.0394368171691894,1.5017311573028564,0.9034127495170637,0.09658725048293626,0.949255751014885,0.001758311223438676,0.9996068409671712,0.0003931590328287715,0.9998033818324813,1.8846339423187824e-05,-0.00019762845849802257,0.00019762845849802257,0.00019762845849802257,-0.008109158277511602,-0.08345800440615475,-0.1633444401424552,-0.07399037561716389,3
124.png,L5,0.0488779544830322,1.6106860637664795,0.7902208201892744,0.20977917981072558,0.8828193832599119,0.0075005611978525896,0.8279702970297029,0.17202970297029707,0.9058903182125931,0.008242435592434379,-0.07931461614672397,0.07931461614672397,0.07931461614672397,0.001331979036331199,0.02973392492163457,0.008292103795013106,0.005126612071062062,3
128.png,L5,0.1061348319053649,2.482393503189087,0.8509418509418509,0.14905814905814907,0.9194690265486726,0.0015187813083989133,0.8110730593607306,0.1889269406392694,0.8956823195713836,0.005981076137320101,-0.09681318359022495,0.09681318359022495,0.09681318359022495,0.05858885645866389,-0.03098710583094194,0.025189341463985437,0.02262517951456304,4
131.png,L5,0.0366266965866088,1.396828055381775,0.9364303178484108,0.0635696821515892,0.9671717171717171,0.0020757579626282086,1.0,0.0,1.0,0.0,0.0,0.0,-0.0,-0.010919278860092196,-0.11647557273750181,-0.16373759917528397,-0.07418800407566191,3
138.png,L5,0.0245910286903381,1.14927077293396,0.9166666666666666,0.08333333333333337,0.9565217391304348,0.003957586225104271,0.9924044002095338,0.007595599790466201,0.9961877218351518,0.00019621280484958105,0.0007623454553294939,0.0007623454553294939,-0.0007623454553294939,-0.0229549467563629,-0.09671192155575764,-0.15614199938481776,-0.07342565862033242,2
150.png,L5,0.0384156107902526,1.4436020851135254,0.7164826498422713,0.2835173501577287,0.8348265563978865,0.032031874862818485,0.4805802835476426,0.5194197164523574,0.6491782835255868,0.054998678078687246,-0.3156169292179082,0.3156169292179082,0.3156169292179082,-0.009130364656448398,0.10347209526863771,0.35568211727707344,0.2414289251422463,3
152.png,L5,0.0524142980575561,1.696377515792847,0.755662319835278,0.24433768016472202,0.8608287724784989,0.010182635867321056,0.99755832881172,0.0024416711882799813,0.9987776721445063,5.33349297798643e-05,-0.0006809692492359964,0.0006809692492359964,0.0006809692492359964,0.004868322610855097,0.064292425275631,-0.16129592798700398,-0.07350703482642591,3
156.png,L5,0.0634121894836425,1.853406548500061,0.9068441064638784,0.09315589353612164,0.9511465603190429,0.003185530277689926,0.9992015330565315,0.0007984669434685232,0.9996006070772426,2.359550321171774e-05,-1.4773730983574929e-05,1.4773730983574929e-05,1.4773730983574929e-05,0.015866214036941495,-0.08688936135296937,-0.16293913223181544,-0.07417323034467833,3
167.png,L5,0.0723775625228881,1.9487823247909544,0.9448608137044968,0.055139186295503184,0.9716487751169832,0.0023358091081749927,0.9994033412887828,0.0005966587112171684,0.9997015816174276,1.4044007906805019e-05,0.00030751407797402486,0.00030751407797402486,-0.00030751407797402486,0.0248315870761871,-0.12490606859358783,-0.1631409404640668,-0.07388048999768788,4
169.png,L5,0.0307270884513854,1.2825095653533936,0.9094401756311745,0.09055982436882548,0.9525725783271055,0.004036727794041653,0.9998309954368768,0.00016900456312318735,0.9999154905771993,1.0104327339288674e-05,-8.764101895641918e-05,8.764101895641918e-05,8.764101895641918e-05,-0.0168188869953156,-0.08948543052026553,-0.16356859461216078,-0.07410036305670549,2
174.png,L5,0.0194704532623291,1.0228618383407593,0.9417211328976035,0.05827886710239649,0.9699859747545582,0.0020571416248887507,0.9925176056338029,0.0074823943661971315,0.9962447537000221,0.0003242599314590218,-0.0035908461029113825,0.0035908461029113825,0.0035908461029113825,-0.0280755221843719,-0.12176638778669452,-0.15625520480908683,-0.07059715797275053,2
183.png,L5,0.0723775625228881,1.9487823247909544,0.8632478632478633,0.1367521367521367,0.926605504587156,0.004440996778103566,0.9887600983491395,0.011239901650860529,0.9943482868244437,0.0002578459058463009,-0.0009746409632788167,0.0009746409632788167,0.0009746409632788167,0.0248315870761871,-0.0432931181369543,-0.15249769752442344,-0.07321336311238309,4
198.png,L5,0.0409752130508422,1.4784971475601196,0.872491145218418,0.12750885478158203,0.9319041614123581,0.002393609336211726,0.7352614015572859,0.2647385984427141,0.8474358974358974,0.008458417714844301,-0.08853704090680736,0.08853704090680736,0.08853704090680736,-0.006570762395858798,-0.052536400107508985,0.10100099926743011,0.014349036831145454,3
211.png,L5,0.0394368171691894,1.5017311573028564,0.7909057025717481,0.20909429742825192,0.8832466181061395,0.013024739493913227,0.6761328842620943,0.3238671157379057,0.8067771840891447,0.01806255494536745,-0.13496311229818808,0.13496311229818808,0.13496311229818808,-0.008109158277511602,0.029049042539160908,0.16012951656262175,0.06077510822252617,3
217.png,L5,0.0194704532623291,1.0228618383407593,0.8878787878787879,0.11212121212121207,0.9406099518459069,0.004754770663956466,0.9829901521933752,0.017009847806624845,0.9914221218961625,0.00010546782296233527,0.0029449867441572186,0.0029449867441572186,-0.0029449867441572186,-0.0280755221843719,-0.06792404276787894,-0.14672775136865912,-0.07124301733150469,2
223.png,L5,0.0347696542739868,1.4350186586380005,0.8020799480013,0.1979200519987,0.8901713255184851,0.010156862382222546,0.9344405594405595,0.06555944055944052,0.9661093538183462,0.004499624725208047,-0.02849834890334879,0.02849834890334879,0.02849834890334879,-0.012776321172714197,0.017874797109608986,-0.09817815861584345,-0.04568965517231312,3
228.png,L5,0.0328825116157531,1.3262805938720703,0.9185008923259964,0.08149910767400359,0.9575193798449613,0.002552052201348104,0.9959145191703331,0.004085480829666865,0.9979530782553928,7.134353300064979e-05,-0.001490210419884952,0.001490210419884952,0.001490210419884952,-0.014663463830947902,-0.09854614721508742,-0.1596521183456171,-0.07269779365577696,2
233.png,L5,0.0328825116157531,1.3262805938720703,0.8985871271585557,0.10141287284144429,0.9465850835124855,0.004137607105641045,0.9985289791115034,0.0014710208884965992,0.999263948181952,3.369466069300466e-05,2.9390539362239565e-05,2.9390539362239565e-05,-2.9390539362239565e-05,-0.014663463830947902,-0.07863238204764672,-0.16226657828678737,-0.07415861353629967,2
234.png,L5,0.0245910286903381,1.14927077293396,0.8543159331286251,0.14568406687137492,0.9214351425942963,0.014410952714281128,0.9890446976336547,0.010955302366345343,0.9944921788940295,0.0005075423003997349,0.0038159951411607107,0.0038159951411607107,-0.0038159951411607107,-0.0229549467563629,-0.03436118801771609,-0.15278229680893862,-0.0703720089345012,2
238.png,L5,0.0347696542739868,1.4350186586380005,0.8804780876494024,0.11952191235059761,0.9364406779661016,0.0005622301588644127,0.43853820598006643,0.5614617940199336,0.6096997690531177,0.005965546766429335,-0.16143368291978757,0.16143368291978757,0.16143368291978757,-0.012776321172714197,-0.060523342538493397,0.3977241948446496,0.08724567884412567,3
246.png,L5,0.0194704532623291,1.0228618383407593,0.9879336349924586,0.012066365007541435,0.9939301972685888,0.0004489735524325421,1.0,0.0,1.0,0.0,0.0,0.0,-0.0,-0.0280755221843719,-0.16797888988154958,-0.16373759917528397,-0.07418800407566191,2
256.png,L5,0.0488779544830322,1.6106860637664795,0.9439880507841673,0.056011949215832746,0.971187091817134,0.0018911406890581555,1.0,0.0,1.0,0.0,0.0,0.0,-0.0,0.001331979036331199,-0.12403330567325827,-0.16373759917528397,-0.07418800407566191,3
262.png,L5,0.0394368171691894,1.5017311573028564,0.8978354978354979,0.10216450216450212,0.9461678832116789,0.004304917840684696,0.996510067114094,0.003489932885906044,0.9982519833266101,0.00012132225835245202,0.0013616224687651446,0.0013616224687651446,-0.0013616224687651446,-0.008109158277511602,-0.07788075272458889,-0.16024766628937792,-0.07282638160689676,3
263.png,L5,0.0384156107902526,1.4436020851135254,0.9459459459459459,0.05405405405405406,0.9722222222222222,0.0021628241437992306,0.9970918155380141,0.00290818446198593,0.9985437903058041,5.754070396129165e-05,0.00047558038609085695,0.00047558038609085695,-0.00047558038609085695,-0.009130364656448398,-0.12599120083503695,-0.16082941471329804,-0.07371242368957105,3
284.png,L5,0.0366266965866088,1.396828055381775,0.6654867256637168,0.3345132743362832,0.7991498405951116,0.021628388285893224,0.9421915444348576,0.05780845556514236,0.9702354509107064,0.0011753872893546897,0.002495482860139231,0.002495482860139231,-0.002495482860139231,-0.010919278860092196,0.15446801944719218,-0.10592914361014161,-0.07169252121552268,3
296.png,L5,0.0409752130508422,1.4784971475601196,0.8785871964679912,0.12141280353200878,0.9353701527614571,0.0051035082193476595,0.8708920187793427,0.12910798122065725,0.93099121706399,0.007173685753183648,0.04316533008984802,0.04316533008984802,-0.04316533008984802,-0.006570762395858798,-0.05863245135708223,-0.03462961795462671,-0.03102267398581389,3
304.png,L5,0.0245910286903381,1.14927077293396,0.8940248027057497,0.10597519729425031,0.944047619047619,0.004553722482645323,0.9232668901040748,0.07673310989592519,0.9601027240209117,0.002960867255474588,-0.03559042284235714,0.03559042284235714,0.03559042284235714,-0.0229549467563629,-0.0740700575948407,-0.08700448927935878,-0.03859758123330477,2
311.png,L5,0.0194704532623291,1.0228618383407593,0.9668158090976883,0.03318419090231173,0.9831279620853081,0.0018901829699276508,0.9992411101474414,0.0007588898525585641,0.999620411040616,3.647862964737891e-05,0.00035738408063568095,0.00035738408063568095,-0.00035738408063568095,-0.0280755221843719,-0.14686106398677928,-0.1629787093227254,-0.07383061999502623,2
321.png,L5,0.0488779544830322,1.6106860637664795,0.7791446983011131,0.2208553016988869,0.875864339809022,0.01135096674793406,0.9620909816440543,0.037909018355945734,0.9806792759812895,0.0022354180219032994,-0.017902789016876697,0.017902789016876697,0.017902789016876697,0.001331979036331199,0.040810046809795886,-0.12582858081933823,-0.05628521505878521,3
323.png,L5,0.0347696542739868,1.4350186586380005,0.9203821656050956,0.07961783439490444,0.9585406301824212,0.0010117376524126545,0.9991786447638604,0.000821355236139576,0.9995891536565324,2.914599081696917e-05,-0.00038745310624110907,0.00038745310624110907,0.00038745310624110907,-0.012776321172714197,-0.10042742049418657,-0.1629162439391444,-0.0738005509694208,3
324.png,L5,0.0347696542739868,1.4350186586380005,0.871280724450194,0.128719275549806,0.9312132734185966,0.006762423367323463,0.9834254143646409,0.016574585635359074,0.9916434540389972,0.0003819555588591721,0.006806293832426258,0.006806293832426258,-0.006806293832426258,-0.012776321172714197,-0.05132597933928501,-0.1471630135399249,-0.06738171024323565,3
332.png,L5,0.0659262537956237,1.8776426315307615,0.9155470249520153,0.08445297504798466,0.9559118236472945,0.001565380449806386,0.5993788819875776,0.4006211180124224,0.7495145631067961,0.012625790428905595,0.0031609844208624,0.0031609844208624,-0.0031609844208624,0.018380278348922696,-0.09559227984110635,0.23688351883713843,-0.0710270196547995,3
333.png,L5,0.0488779544830322,1.6106860637664795,0.860969387755102,0.139030612244898,0.9252912954078135,0.0041886085600618735,0.8746537396121884,0.1253462603878116,0.9331363132619136,0.003337053445405411,0.04524341386701458,0.04524341386701458,-0.04524341386701458,0.001331979036331199,-0.04101464264419302,-0.03839133878747236,-0.028944590208647328,3
350.png,L5,0.0328825116157531,1.3262805938720703,0.8267370272647317,0.17326297273526825,0.9051516610495908,0.005283821346069386,0.9862624348649929,0.013737565135007124,0.9930837109468161,0.00044089675391816653,-0.00620829311448079,0.00620829311448079,0.00620829311448079,-0.014663463830947902,-0.006782282153822761,-0.15000003404027684,-0.06797971096118112,2
351.png,L5,0.0194704532623291,1.0228618383407593,0.8644656820156386,0.13553431798436144,0.9273066169617894,0.0037464405243009943,0.997246443322625,0.0027535566773749798,0.9986213235294118,8.419237865512666e-05,-0.0008377635764326152,0.0008377635764326152,0.0008377635764326152,-0.0280755221843719,-0.04451093690472957,-0.16098404249790899,-0.0733502404992293,2
354.png,L5,0.0245910286903381,1.14927077293396,0.9389233954451346,0.06107660455486541,0.9684997330485852,0.002272048387968005,0.9671114452170645,0.03288855478293551,0.9832807872360753,0.0020386818209205803,0.012889277064534799,0.012889277064534799,-0.012889277064534799,-0.0229549467563629,-0.1189686503342256,-0.13084904439234846,-0.06129872701112711,2
404.png,L5,0.0307270884513854,1.2825095653533936,0.9398786541643684,0.06012134583563156,0.969007676997441,0.0025605914013641104,0.9912542238123634,0.008745776187636611,0.9956079057696147,0.0003975436832466727,0.001579684027393613,0.001579684027393613,-0.001579684027393613,-0.0168188869953156,-0.11992390905345945,-0.15499182298764735,-0.0726083200482683,2
415.png,L5,0.0347696542739868,1.4350186586380005,0.8053392658509455,0.1946607341490545,0.8921749845964264,0.013579329397892147,0.5869857488572197,0.41301425114278034,0.7397492375465944,0.018843336605694417,-0.22731145754784354,0.22731145754784354,0.22731145754784354,-0.012776321172714197,0.014615479259963482,0.24927665196749638,0.15312345347218165,3
429.png,L5,0.0409752130508422,1.4784971475601196,0.899375,0.10062499999999996,0.9470220467258966,0.0049592616256862255,0.9963354171157577,0.003664582884242318,0.9981643451031206,0.00011100438863656349,0.0013703563151550302,0.0013703563151550302,-0.0013703563151550302,-0.006570762395858798,-0.07942025488909105,-0.16007301629104165,-0.07281764776050688,3
442.png,L5,0.0347696542739868,1.4350186586380005,0.8709677419354839,0.12903225806451613,0.9310344827586207,0.005310701340834164,0.9961217762264882,0.0038782237735117686,0.9980571206528075,5.032107721747194e-05,-0.0005397686462755846,0.0005397686462755846,0.0005397686462755846,-0.012776321172714197,-0.051012996824574885,-0.1598593754017722,-0.07364823542938632,3
443.png,L5,0.0524142980575561,1.696377515792847,0.5672454885938032,0.4327545114061968,0.7238757332174669,0.0022886845594057266,0.36296462158531123,0.6370353784146887,0.5326104813537046,0.03975697930353018,-0.4507213976613651,0.4507213976613651,0.4507213976613651,0.004868322610855097,0.2527092565171058,0.47329777923940475,0.3765333935857032,3
445.png,L5,0.0194704532623291,1.0228618383407593,0.9214071856287425,0.07859281437125754,0.959096221269965,0.004066335857737889,0.9935218833939011,0.0064781166060988715,0.9967504161052548,0.00029436579342741724,0.0028045270706048564,0.0028045270706048564,-0.0028045270706048564,-0.0280755221843719,-0.10145244051783348,-0.1572594825691851,-0.07138347700505705,2
452.png,L5,0.0549032092094421,1.731490969657898,0.8571428571428571,0.1428571428571429,0.9230769230769231,0.0023400008691835633,0.9788557213930348,0.021144278606965217,0.9893148962916405,0.0004498922130434292,-0.0072852977709504385,0.0072852977709504385,0.0072852977709504385,0.007357233762741097,-0.037188112031948106,-0.14259332056831875,-0.06690270630471147,3
457.png,L5,0.1061348319053649,2.482393503189087,0.45334900117508814,0.5466509988249119,0.6238680465717982,0.04161446536987543,0.2800677583286279,0.719932241671372,0.43758270842523156,0.00934205544036483,0.27720143725489943,0.27720143725489943,-0.27720143725489943,0.05858885645866389,0.36660574393582085,0.5561946424960881,0.20301343317923753,4
472.png,L5,0.0366266965866088,1.396828055381775,0.6972972972972973,0.3027027027027027,0.821656050955414,0.01776048390386893,0.974989749897499,0.02501025010250102,0.9873365165040482,0.00044325368373368887,-0.005378279633003968,0.005378279633003968,0.005378279633003968,-0.010919278860092196,0.12265744781361171,-0.13872734907278295,-0.06880972444265794,3
473.png,L5,0.0394368171691894,1.5017311573028564,0.8888888888888888,0.11111111111111116,0.9411764705882353,0.00021238034642067936,0.9925187032418953,0.007481296758104716,0.9962453066332916,0.00016391942803789915,-0.0025596731604558,0.0025596731604558,0.0025596731604558,-0.008109158277511602,-0.06893414377797985,-0.15625630241717925,-0.07162833091520611,3
475.png,L5,0.0524142980575561,1.696377515792847,0.9663157894736842,0.03368421052631576,0.9828693790149893,0.0006533387114657687,1.0,0.0,1.0,0.0,0.0,0.0,-0.0,0.004868322610855097,-0.14636104436277525,-0.16373759917528397,-0.07418800407566191,3
482.png,L5,0.0409752130508422,1.4784971475601196,0.9300699300699301,0.0699300699300699,0.9637681159420289,0.0031344733370274862,0.9965657196378396,0.0034342803621604245,0.9982799061767006,0.00010992720605673615,-0.0008884787958725049,0.0008884787958725049,0.0008884787958725049,-0.006570762395858798,-0.11011518495902112,-0.16030331881312354,-0.0732995252797894,3
483.png,L5,0.0574054718017578,1.789177417755127,0.943076923076923,0.056923076923076965,0.9707046714172605,0.0007298493994326291,0.9802977232924693,0.019702276707530664,0.9900508512049525,0.00036854230190076326,0.007833881333998094,0.007833881333998094,-0.007833881333998094,0.009859496355056799,-0.12312217796601405,-0.1440353224677533,-0.06635412274166382,3
484.png,L5,0.0328825116157531,1.3262805938720703,0.9329073482428115,0.06709265175718848,0.9652892561983472,0.00028765747704788614,0.9712351945854484,0.02876480541455162,0.9854077253218884,0.00040782781585333393,-0.007169326547754373,0.007169326547754373,0.007169326547754373,-0.014663463830947902,-0.11295260313190253,-0.13497279376073235,-0.06701867752790754,2
486.png,L5,0.0194704532623291,1.0228618383407593,0.8724637681159421,0.12753623188405794,0.9318885448916409,0.00879360005240477,0.9980353634577603,0.0019646365422396617,0.9990167158308751,4.540957679241943e-05,4.730612009606894e-05,4.730612009606894e-05,-4.730612009606894e-05,-0.0280755221843719,-0.05250902300503307,-0.1617729626330443,-0.07414069795556584,2
494.png,L5,0.0394368171691894,1.5017311573028564,0.9710144927536232,0.02898550724637683,0.9852941176470589,0.0006694802761967276,1.0,0.0,1.0,0.0,0.0,0.0,-0.0,-0.008109158277511602,-0.15105974764271418,-0.16373759917528397,-0.07418800407566191,3
500.png,L5,0.0574054718017578,1.789177417755127,0.8894736842105263,0.1105263157894737,0.9415041782729805,0.0008603111745794565,0.9942880456956344,0.005711954304365552,0.9971358428805237,2.903378953377869e-05,-0.002141135297997643,0.002141135297997643,0.002141135297997643,0.009859496355056799,-0.06951893909961732,-0.1580256448709184,-0.07204686877766427,3
506.png,L5,0.0347696542739868,1.4350186586380005,0.8331325301204819,0.16686746987951806,0.9089714097929674,0.009964661753501925,0.9809778074420157,0.01902219255798432,0.9903975741239892,0.0008704811481532318,-0.0030443170475814574,0.0030443170475814574,0.0030443170475814574,-0.012776321172714197,-0.013177785009572951,-0.14471540661729965,-0.07114368702808045,3
507.png,L5,0.0233169198036193,1.1236680746078491,0.8930530164533821,0.10694698354661791,0.9435055528730082,0.0013479055808570436,0.9985193161932966,0.001480683806703409,0.9992591095844279,5.3074116628797745e-05,0.00031879637365517244,0.00031879637365517244,-0.00031879637365517244,-0.0242290556430817,-0.0730982713424731,-0.16225691536858056,-0.07386920770200674,2
518.png,L5,0.0886473655700683,2.1952145099639893,0.0,1.0,0.0,0.17916390286139727,0.0,1.0,0.0,0.14726065359382817,-0.9117352056168504,0.9117352056168504,0.9117352056168504,0.041101390123367304,0.819954745110909,0.836262400824716,0.8375472015411884,4
519.png,L5,0.0549032092094421,1.731490969657898,0.9865546218487395,0.013445378151260456,0.9932318104906938,0.0004076106660941577,1.0,0.0,1.0,0.0,0.0,0.0,-0.0,0.007357233762741097,-0.16659987673783055,-0.16373759917528397,-0.07418800407566191,3
543.png,L5,0.0488779544830322,1.6106860637664795,0.8042725173210161,0.19572748267898388,0.89152,0.017730352708686222,0.992899635386682,0.007100364613317978,0.996437168993741,8.713490566467076e-05,0.002475707436813912,0.002475707436813912,-0.002475707436813912,0.001331979036331199,0.015682227789892866,-0.156637234561966,-0.071712296638848,3
550.png,L5,0.0328825116157531,1.3262805938720703,0.9295624332977588,0.07043756670224122,0.963495575221239,0.0006189595916838231,0.9988913525498891,0.0011086474501108556,0.9994453688297282,2.7989912882836854e-05,-0.0005083114326811522,0.0005083114326811522,0.0005083114326811522,-0.014663463830947902,-0.1096076881868498,-0.1626289517251731,-0.07367969264298076,2
551.png,L5,0.0634121894836425,1.853406548500061,0.8892128279883382,0.11078717201166177,0.941358024691358,0.0004868750933446322,0.852081811541271,0.14791818845872895,0.920134095839085,0.0033883217223454947,-0.05838324355580904,0.05838324355580904,0.05838324355580904,0.015866214036941495,-0.06925808287742924,-0.015819410716555016,-0.01580476051985287,3
558.png,L5,0.0723775625228881,1.9487823247909544,0.8705402650356778,0.12945973496432217,0.9307901907356948,0.00616479393057946,0.9917355371900827,0.008264462809917328,0.995850622406639,0.0001297691205576182,-0.00339146858777839,0.00339146858777839,0.00339146858777839,0.0248315870761871,-0.05058551992476884,-0.15547313636536664,-0.07079653548788352,4
561.png,L5,0.0366266965866088,1.396828055381775,0.6098937583001328,0.3901062416998672,0.7576819962878945,0.04512586277856863,0.6551522931497258,0.3448477068502742,0.7916519777198054,0.02808339408657897,0.16781313252787444,0.16781313252787444,-0.16781313252787444,-0.010919278860092196,0.21006098681077617,0.18111010767499025,0.09362512845221253,3
562.png,L5,0.0366266965866088,1.396828055381775,0.9307321350284963,0.06926786497150372,0.9641235240690281,0.002129841636682013,0.9634002361275088,0.0365997638724912,0.9813589897775106,0.001631600291020459,-0.017477458585926753,0.017477458585926753,0.017477458585926753,-0.010919278860092196,-0.11077738991758729,-0.12713783530279277,-0.056710545489735156,3
563.png,L5,0.0549032092094421,1.731490969657898,0.5731857318573186,0.4268142681426814,0.72869429241595,0.03156946945077366,0.4855628400055796,0.5144371599944204,0.6537089201877935,0.0202734192246632,-0.029606525804623085,0.029606525804623085,0.029606525804623085,0.007357233762741097,0.2467690132535904,0.35069956081913645,-0.044581478271038824,3
579.png,L5,0.0347696542739868,1.4350186586380005,0.876010781671159,0.12398921832884102,0.9339080459770115,0.00039893208787578863,0.7632311977715878,0.23676880222841223,0.8657187993680885,0.003433132780040986,0.0,0.0,-0.0,-0.012776321172714197,-0.05605603656024999,0.07303120305312827,-0.07418800407566191,3
581.png,L5,0.0524142980575561,1.696377515792847,0.8007407407407408,0.19925925925925925,0.8893459481694775,0.009108549036428394,0.7724964452569572,0.22750355474304285,0.8716479486591795,0.011773144588875952,-0.12241691937670252,0.12241691937670252,0.12241691937670252,0.004868322610855097,0.019214004370168236,0.06376595556775888,0.048228915301040606,3
589.png,L5,0.0488779544830322,1.6106860637664795,0.0,1.0,0.0,0.1796784635818153,0.0,1.0,0.0,0.18223177816830277,-0.9412328329607156,0.9412328329607156,0.9412328329607156,0.001331979036331199,0.819954745110909,0.836262400824716,0.8670448288850536,3
590.png,L5,0.0409752130508422,1.4784971475601196,0.9341736694677871,0.06582633053221287,0.9659666908037654,0.0006256633519933742,0.9860265137943389,0.013973486205661079,0.9929640988634314,0.0005096130639746594,0.0066188275771986715,0.0066188275771986715,-0.0066188275771986715,-0.006570762395858798,-0.11421892435687814,-0.1497641129696229,-0.06756917649846324,3
592.png,L5,0.0328825116157531,1.3262805938720703,0.4651898734177215,0.5348101265822784,0.6349892008639308,0.03760313886447558,0.6053566548237224,0.39464334517627764,0.7541709227102485,0.022119939706522748,0.03221708200923301,0.03221708200923301,-0.03221708200923301,-0.014663463830947902,0.35476487169318743,0.23090574600099367,-0.0419709220664289,2
593.png,L5,0.0347696542739868,1.4350186586380005,0.9283634245777519,0.0716365754222481,0.9628511023859861,0.0007959999633943613,0.9949135300101729,0.0050864699898270915,0.9974502804691484,1.0431254254583596e-05,0.00033928294839224993,0.00033928294839224993,-0.00033928294839224993,-0.012776321172714197,-0.1084086794668429,-0.15865112918545687,-0.07384872112726966,3
601.png,L5,0.0194704532623291,1.0228618383407593,0.8642335766423358,0.1357664233576642,0.9271730618637432,0.004466821082942118,0.9932075471698113,0.0067924528301887,0.9965921999242711,0.00016389977470151497,0.00025917622800697426,0.00025917622800697426,-0.00025917622800697426,-0.0280755221843719,-0.04427883153142681,-0.15694514634509527,-0.07392882784765493,2
604.png,L5,0.0233169198036193,1.1236680746078491,0.9731543624161074,0.02684563758389258,0.9863945578231292,0.001339873832633003,1.0,0.0,1.0,0.0,0.0,0.0,-0.0,-0.0242290556430817,-0.15319961730519843,-0.16373759917528397,-0.07418800407566191,2
614.png,L5,0.0384156107902526,1.4436020851135254,0.9414504324683965,0.05854956753160345,0.969842357779301,0.0009586384296133233,0.9967707212055974,0.0032292787944026013,0.9983827493261456,0.00012397802097464418,0.00012523920518026088,0.00012523920518026088,-0.00012523920518026088,-0.009130364656448398,-0.12149568735748756,-0.16050832038088136,-0.07406276487048165,3
616.png,L5,0.0409752130508422,1.4784971475601196,0.7996618765849535,0.20033812341504653,0.8886801315171442,0.006534548364227723,0.9814068794546018,0.01859312054539819,0.9906162026900219,3.058069073231931e-05,-0.001306948610110381,0.001306948610110381,0.001306948610110381,-0.006570762395858798,0.02029286852595552,-0.14514447862988578,-0.07288105546555153,3
621.png,L5,0.0347696542739868,1.4350186586380005,0.8057553956834532,0.19424460431654678,0.8924302788844621,0.011571415769503227,0.9669296625818365,0.033070337418163454,0.9831868225655032,0.0016093273475006474,-0.0027512289242888066,0.0027512289242888066,0.0027512289242888066,-0.012776321172714197,0.014199349427455765,-0.1306672617571205,-0.0714367751513731,3
623.png,L5,0.0366266965866088,1.396828055381775,0.6021008403361344,0.3978991596638656,0.7516391292945187,0.03366433955170642,0.8399029714978775,0.16009702850212248,0.912986156888596,0.00847554831025748,0.0608583078526751,0.0608583078526751,-0.0608583078526751,-0.010919278860092196,0.21785390477477456,-0.0036405706731614806,-0.013329696222986812,3
630.png,L5,0.1061348319053649,2.482393503189087,0.8118939883645766,0.1881060116354234,0.8961826614341777,0.0073037643707595115,0.7555836493889592,0.24441635061104083,0.8607777244359097,0.01257399565700801,-0.12337152680488572,0.12337152680488572,0.12337152680488572,0.05858885645866389,0.008060756746332387,0.08067875143575687,0.049183522729223814,4
633.png,L5,0.0488779544830322,1.6106860637664795,0.8173302107728337,0.18266978922716626,0.8994845360824743,0.0068708505088254795,0.9983772819472616,0.0016227180527383922,0.999187982135607,3.071207408517683e-05,-0.0008001949165425959,0.0008001949165425959,0.0008001949165425959,0.001331979036331199,0.002624534338075246,-0.16211488112254557,-0.07338780915911931,3
670.png,L5,0.0307270884513854,1.2825095653533936,0.9203148057058534,0.07968519429414656,0.9585040983606558,0.0027238705842906876,1.0,0.0,1.0,0.0,0.0,0.0,-0.0,-0.0168188869953156,-0.10036006059494446,-0.16373759917528397,-0.07418800407566191,2
675.png,L5,0.0409752130508422,1.4784971475601196,0.9465699208443272,0.05343007915567277,0.9725516773974924,0.001095635024988857,0.988828598787105,0.01117140121289495,0.9943829240892312,0.0003942101338545207,0.00230153981201886,0.00230153981201886,-0.00230153981201886,-0.006570762395858798,-0.12661517573341824,-0.15256619796238902,-0.07188646426364305,3
681.png,L5,0.0194704532623291,1.0228618383407593,0.9331103678929766,0.06688963210702337,0.9653979238754326,0.004196979217411498,0.9879306787703734,0.012069321229626562,0.9939287011571791,0.0005676402961784718,-0.00547535065297422,0.00547535065297422,0.00547535065297422,-0.0280755221843719,-0.11315562278206764,-0.1516682779456574,-0.06871265342268769,2
687.png,L5,0.0409752130508422,1.4784971475601196,0.9146825396825397,0.08531746031746035,0.9554404145077721,0.003997186285116357,0.9964301651048639,0.0035698348951360703,0.9982118909253465,1.315375871904144e-05,-6.792342284833719e-05,6.792342284833719e-05,6.792342284833719e-05,-0.006570762395858798,-0.09472779457163066,-0.1601677642801479,-0.07412008065281357,3
694.png,L5,0.0886473655700683,2.1952145099639893,0.8251324753974262,0.17486752460257382,0.904189133139776,0.011142435809542982,0.9633995037220844,0.03660049627791562,0.9813586097946287,0.0008299250979823644,-0.016955730938135516,0.016955730938135516,0.016955730938135516,0.041101390123367304,-0.00517773028651719,-0.12713710289736835,-0.05723227313752639,4
695.png,L5,0.0384156107902526,1.4436020851135254,0.9949409780775716,0.005059021922428353,0.9974640743871513,6.733581866479777e-05,1.0,0.0,1.0,0.0,0.0,0.0,-0.0,-0.009130364656448398,-0.17498623296666266,-0.16373759917528397,-0.07418800407566191,3
712.png,L5,0.0283535122871398,1.4250255823135376,0.8732782369146006,0.1267217630853994,0.9323529411764706,0.005133429272982648,0.8927868852459017,0.10721311475409834,0.9433570067555863,0.002497181078887644,-0.032487883466626455,0.032487883466626455,0.032487883466626455,-0.0191924631595612,-0.053323491803691614,-0.05652448442118563,-0.041700120609035454,2
713.png,L5,0.0500947833061218,1.8791981935501096,0.9658291457286432,0.0341708542713568,0.9826175869120655,0.00037402870499402935,1.0,0.0,1.0,0.0,0.0,0.0,-0.0,0.0025488078594207986,-0.1458744006177342,-0.16373759917528397,-0.07418800407566191,3
714.png,L5,0.0161634683609008,1.075672268867493,0.949050949050949,0.050949050949051,0.97385955920041,0.0020927980699036843,0.9993915424399148,0.0006084575600852071,0.9996956786366403,4.342645739250863e-06,-0.00030130424564489555,0.00030130424564489555,0.00030130424564489555,-0.031382507085800204,-0.12909620394004,-0.16312914161519876,-0.07388669983001701,2
723.png,L5,0.0287660956382751,1.3450361490249634,0.8926458157227388,0.10735418427726118,0.9432782492184011,0.002399428265702344,0.9970134395221503,0.0029865604778497312,0.9985044865403788,8.471473917793726e-05,-0.00103557036405022,0.00103557036405022,0.00103557036405022,-0.0187798798084259,-0.07269107061182983,-0.16075103869743423,-0.07315243371161169,2
727.png,L5,0.0808060765266418,2.27654242515564,0.9042709867452136,0.09572901325478644,0.9497293116782676,0.0036709485176726142,0.90869140625,0.09130859375,0.9521616781785623,0.004616170257287732,0.009733421095935446,0.009733421095935446,-0.009733421095935446,0.033260101079940804,-0.08431624163430457,-0.07242900542528397,-0.06445458297972646,4
729.png,L5,0.0287660956382751,1.3450361490249634,0.8035160289555325,0.19648397104446746,0.8910550458715596,0.004732151803999568,0.9653204565408253,0.03467954345917468,0.9823542550815278,0.0009065991943302171,0.01553267045395923,0.01553267045395923,-0.01553267045395923,-0.0187798798084259,0.016438716155376454,-0.1290580557161093,-0.05865533362170268,2
761.png,L5,0.0358539819717407,1.5200445652008057,0.5845674201091192,0.4154325798908808,0.7378258730939499,0.0096692623369696,0.5982683982683983,0.4017316017316017,0.7486457204767064,0.002636569111794975,-0.16198214892901286,0.16198214892901286,0.16198214892901286,-0.011691993474960298,0.23538732500178977,0.23799400255631775,0.08779414485335095,3
762.png,L5,0.0287660956382751,1.3450361490249634,0.9845722300140253,0.015427769985974726,0.992226148409894,0.0004192809601976718,1.0,0.0,1.0,0.0,0.0,0.0,-0.0,-0.0187798798084259,-0.16461748490311628,-0.16373759917528397,-0.07418800407566191,2
764.png,L5,0.0286682844161987,1.3431382179260254,0.9223928860145514,0.07760711398544862,0.9596299411269975,0.0003105151379506586,0.8696918223732104,0.1303081776267896,0.9303049967553537,0.003809799179932094,-0.03245102300938174,0.03245102300938174,0.03245102300938174,-0.0188776910305023,-0.1024381409036424,-0.033429421548494376,-0.04173698106628017,2
769.png,L5,0.0604870915412902,1.9334912300109863,0.8355574687903573,0.1644425312096427,0.9104127579737336,0.005809352505921129,0.9754156349487089,0.024584365051291135,0.9875548392873131,0.000406930032174299,-0.006074673017572474,0.006074673017572474,0.006074673017572474,0.0129411160945892,-0.015602723679448316,-0.13915323412399283,-0.06811333105808944,3
776.png,L5,0.0636759996414184,1.9886486530303955,0.8645443196004994,0.13545568039950062,0.9273518580515567,0.0053120186788619995,0.9961919268849961,0.0038080731150038627,0.9980923311713087,0.0001274952281126552,-0.0011925990502797967,0.0011925990502797967,0.0011925990502797967,0.0161300241947174,-0.04458957448959039,-0.1599295260602801,-0.07299540502538211,3
780.png,L5,0.0808060765266418,2.27654242515564,0.8717201166180758,0.1282798833819242,0.9314641744548287,0.002482660047428103,0.6372025254978144,0.3627974745021856,0.7784040344111539,0.01149990448681293,-0.19893853792158878,0.19893853792158878,0.19893853792158878,0.033260101079940804,-0.05176537150716681,0.19905987532690161,0.12475053384592687,4
781.png,L5,0.0909919142723083,2.4126055240631104,0.6963180188986641,0.30368198110133593,0.8209757971571264,0.008658479468516157,0.706892367431137,0.29310763256886296,0.8282799559236483,0.021098480124860562,0.10439731926994855,0.10439731926994855,-0.10439731926994855,0.043445938825607294,0.12363672621224492,0.129370033393579,0.030209315194286643,4
782.png,L5,0.0808060765266418,2.27654242515564,0.8817524457677584,0.11824755423224165,0.9371609403254972,0.006569917217030595,0.9004224502112251,0.09957754978877487,0.947602413464592,0.006750738726688569,-0.04534648454587675,0.04534648454587675,0.04534648454587675,0.033260101079940804,-0.061797700656849364,-0.0641600493865091,-0.028841519529785156,4
794.png,L5,0.0604870915412902,1.9334912300109863,0.7036154151767978,0.2963845848232022,0.8260261194029851,0.026486727830138113,0.4314942674352315,0.5685057325647684,0.602858533563432,0.041301460139213445,-0.002612997527570715,0.002612997527570715,0.002612997527570715,0.0129411160945892,0.11633932993411117,0.4047681333894845,-0.0715750065480912,3
828.png,L5,0.0358539819717407,1.5200445652008057,0.9317460317460318,0.06825396825396823,0.9646672144617913,0.001511671869157645,0.9805996472663139,0.01940035273368612,0.9902048085485308,0.0004891982260039646,0.009967152525574896,0.009967152525574896,-0.009967152525574896,-0.011691993474960298,-0.11179128663512278,-0.14433724644159784,-0.06422085155008701,3
837.png,L5,0.0614362955093383,1.9509403705596924,0.5700076511094109,0.4299923488905891,0.7261208576998051,0.019491656441640234,0.377330955083509,0.622669044916491,0.5479161761243231,0.02181875244584726,-0.30296819063707087,0.30296819063707087,0.30296819063707087,0.013890320062637303,0.24994709400149812,0.45893144574120703,0.22878018656140897,3
847.png,L5,0.0636759996414184,1.9886486530303955,0.6582040432534085,0.34179595674659147,0.7938758151403459,0.025809459113086804,0.9865837696335078,0.013416230366492199,0.9932465821116785,0.00023780237421881418,-0.003057689926192375,0.003057689926192375,0.003057689926192375,0.0161300241947174,0.16175070185750046,-0.15032136880879177,-0.07113031414946953,3
856.png,L5,0.0604870915412902,1.9334912300109863,0.7771982116244411,0.22280178837555886,0.8746331236897275,0.011574945809636817,0.6698367636621717,0.3301632363378283,0.8022781366882012,0.014982951212889823,-0.019954980781890397,0.019954980781890397,0.019954980781890397,0.0129411160945892,0.04275653348646785,0.16642563716254433,-0.05423302329377151,3
865.png,L5,0.0577355623245239,1.8913816213607788,0.7174172977281785,0.2825827022718215,0.8354606637270828,0.028030052722210947,0.8688316952072145,0.13116830479278552,0.9298126711307507,0.00975205641193704,-0.03900120855116179,0.03900120855116179,0.03900120855116179,0.010189586877822898,0.10253744738273046,-0.03256929438249845,-0.03518679552450012,3
867.png,L5,0.0411058664321899,1.6245402097702026,0.8219978746014878,0.17800212539851223,0.9023038786818315,0.011689560474503225,0.8294581911262798,0.17054180887372017,0.906780155074914,0.01391327299385643,-0.0640021601902725,0.0640021601902725,0.0640021601902725,-0.0064401090145111,-0.0020431294905787767,0.006804209698436203,-0.010185843885389415,3
868.png,L5,0.0626091957092285,1.9668551683425903,0.6451612903225806,0.3548387096774194,0.7843137254901961,0.0264528859630628,0.5290084388185654,0.4709915611814346,0.691962745774405,0.033348691019867545,0.16181431345900643,0.16181431345900643,-0.16181431345900643,0.015063220262527502,0.17479345478832836,0.3072539620061506,0.08762630938334452,3
900.png,L5,0.0636759996414184,1.9886486530303955,0.8338076266363119,0.16619237336368808,0.909373060211049,0.008152637469197225,0.968014484007242,0.03198551599275801,0.9837473167739957,0.0008885492945118229,-0.0037697277489705527,0.0037697277489705527,0.0037697277489705527,0.0161300241947174,-0.013852881525402927,-0.13175208318252596,-0.07041827632669136,3
915.png,L5,0.0287660956382751,1.3450361490249634,0.7815993121238177,0.21840068787618228,0.8774131274131274,0.013500033189473898,0.8280971081756515,0.17190289182434848,0.9059662142368909,0.007129051281450154,-0.08295157013911114,0.08295157013911114,0.08295157013911114,-0.0187798798084259,0.038355432987091265,0.008165292649064515,0.008763566063449232,2
921.png,L5,0.0283535122871398,1.4250255823135376,0.9551451187335093,0.04485488126649073,0.9770580296896086,0.0018285869082982483,0.971285323609845,0.028714676390155014,0.9854335260115606,0.0012313546930184992,0.010575108211816897,0.010575108211816897,-0.010575108211816897,-0.0191924631595612,-0.13519037362260028,-0.13502292278512895,-0.06361289586384501,2
922.png,L5,0.0341651439666748,1.5706110000610352,0.7183098591549296,0.2816901408450704,0.8360655737704918,0.0007564660524609391,0.9698183760683761,0.030181623931623935,0.9846779661016949,0.0011592087279843986,-0.010393565001334482,0.010393565001334482,0.010393565001334482,-0.013380831480026202,0.10164488595597937,-0.13355597524366003,-0.06379443907432743,3
929.png,L5,0.0527559518814086,1.9411842823028564,0.8621860149355057,0.13781398506449427,0.9259934378417791,0.006903174705710379,0.944760101010101,0.055239898989899006,0.9715955202077585,0.0021349781432274057,-0.01047852190327303,0.01047852190327303,0.01047852190327303,0.005209976434707601,-0.04223126982459674,-0.10849770018538496,-0.06370948217238888,3
933.png,L5,0.0161634683609008,1.075672268867493,0.9355322338830585,0.0644677661169415,0.9666924864446166,0.0012861233991872357,0.8938395970554048,0.10616040294459517,0.9439443535188216,0.0035937598879399488,-0.05199664117965985,0.05199664117965985,0.05199664117965985,-0.031382507085800204,-0.11557748877214952,-0.0575771962306888,-0.022191362896002056,2
935.png,L5,0.0341651439666748,1.5706110000610352,0.8892988929889298,0.11070110701107017,0.94140625,0.003996026739034429,0.9986782976473698,0.001321702352630183,0.9993387118106071,2.385532583303515e-05,0.00011551189588221433,0.00011551189588221433,-0.00011551189588221433,-0.013380831480026202,-0.06934414787802085,-0.16241589682265378,-0.0740724921797797,3
939.png,L5,0.0321402549743652,1.5287697315216064,0.8225469728601252,0.17745302713987476,0.9026345933562429,0.0018113894550296147,0.9130028063610851,0.0869971936389149,0.9545232273838631,0.0040355799550306735,0.0,0.0,-0.0,-0.0154057204723358,-0.002592227749216247,-0.07674040553636907,-0.07418800407566191,2
942.png,L5,0.0166674256324768,1.1149884462356567,0.9686434901158828,0.0313565098841172,0.9840720221606648,0.0008474365755807452,0.9200152351932965,0.07998476480670347,0.9583415988891093,0.0012333424573666258,0.004059302565830203,0.004059302565830203,-0.004059302565830203,-0.0308785498142242,-0.1486887450049738,-0.0837528343685805,-0.0701287015098317,2
943.png,L5,0.0283535122871398,1.4250255823135376,0.9662058371735791,0.03379416282642089,0.9828125,0.00013949336386506826,0.995,0.0050000000000000044,0.9974937343358395,7.829053676526982e-05,0.00013190892630843276,0.00013190892630843276,-0.00013190892630843276,-0.0191924631595612,-0.14625109206267012,-0.15873759917528396,-0.07405609514935348,2
944.png,L5,0.0321402549743652,1.5287697315216064,0.9566433566433566,0.043356643356643354,0.9778413152251608,0.0008254010938989939,0.9968871595330739,0.003112840466926059,0.9984411535463756,5.625450804768157e-05,0.0016809336216343507,0.0016809336216343507,-0.0016809336216343507,-0.0154057204723358,-0.13668861153244766,-0.1606247587083579,-0.07250707045402756,2
945.png,L5,0.0161634683609008,1.075672268867493,1.0,0.0,1.0,0.0,1.0,0.0,1.0,0.0,0.0,0.0,-0.0,-0.031382507085800204,-0.180045254889091,-0.16373759917528397,-0.07418800407566191,2
954.png,L5,0.0166674256324768,1.1149884462356567,0.9629248197734295,0.037075180226570525,0.9811122770199371,0.0016160944235856774,0.9951219512195122,0.004878048780487809,0.9975550122249389,0.00016234774790967034,0.0003591624135714788,0.0003591624135714788,-0.0003591624135714788,-0.0308785498142242,-0.14297007466252049,-0.15885955039479616,-0.07382884166209043,2
956.png,L5,0.0321418046951293,1.5275423526763916,0.9349240780911063,0.06507592190889366,0.9663677130044843,0.0030016257768457747,0.9681050656660413,0.031894934333958735,0.9837940896091516,0.000814297102500193,0.007924356654117504,0.007924356654117504,-0.007924356654117504,-0.015404170751571702,-0.11496933298019735,-0.13184266484132523,-0.0662636474215444,2
958.png,L5,0.0283535122871398,1.4250255823135376,0.9382819015846539,0.061718098415346145,0.96815834767642,0.0033490426551393755,0.9641424272818455,0.035857572718154485,0.9817439039959147,0.0005963050133906597,0.014659520990837005,0.014659520990837005,-0.014659520990837005,-0.0191924631595612,-0.11832715647374487,-0.12788002645712948,-0.059528483084824904,2
960.png,L5,0.0161634683609008,1.075672268867493,0.9318181818181818,0.06818181818181823,0.9647058823529412,0.00011670082854413832,1.0,0.0,1.0,0.0,0.0,0.0,-0.0,-0.031382507085800204,-0.11186343670727278,-0.16373759917528397,-0.07418800407566191,2
963.png,L5,0.0166674256324768,1.1149884462356567,0.0,1.0,0.0,0.39938314858258744,0.0,1.0,0.0,0.4050424023530671,-0.6509231429798197,0.6509231429798197,0.6509231429798197,-0.0308785498142242,0.819954745110909,0.836262400824716,0.5767351389041577,2
982.png,L5,0.0346571207046508,1.5759698152542114,0.8833333333333333,0.1166666666666667,0.9380530973451328,0.0018976992850325309,0.9874351270144769,0.012564872985523112,0.9936778449697636,0.0002903216193888995,0.00033490381915335377,0.00033490381915335377,-0.00033490381915335377,-0.012888854742050197,-0.06337858822242431,-0.15117272618976085,-0.07385310025650856,3
992.png,L5,0.0161634683609008,1.075672268867493,0.9548022598870056,0.04519774011299438,0.976878612716763,0.0021576990585741927,0.9972164231036882,0.0027835768963118124,0.9986062717770035,7.417531732803876e-05,0.0013626455141235727,0.0013626455141235727,-0.0013626455141235727,-0.031382507085800204,-0.13484751477609663,-0.16095402227897215,-0.07282535856153834,2
994.png,L5,0.0346571207046508,1.5759698152542114,0.9523809523809523,0.04761904761904767,0.975609756097561,0.0010477710952544737,1.0,0.0,1.0,0.0,0.0,0.0,-0.0,-0.012888854742050197,-0.13242620727004334,-0.16373759917528397,-0.07418800407566191,3
1004.png,L5,0.0582412481307983,2.0578718185424805,0.9129834254143646,0.08701657458563539,0.9545126353790614,0.0019387214152179635,0.9138799816765919,0.0861200183234081,0.955002393489708,0.0019248098942339198,0.0010377802961812899,0.0010377802961812899,-0.0010377802961812899,0.010695272684097298,-0.09302868030345562,-0.07761758085187587,-0.07315022377948062,3
1007.png,L5,0.0166674256324768,1.1149884462356567,1.0,0.0,1.0,0.0,1.0,0.0,1.0,0.0,0.0,0.0,-0.0,-0.0308785498142242,-0.180045254889091,-0.16373759917528397,-0.07418800407566191,2
1008.png,L5,0.0321418046951293,1.5275423526763916,0.9107635694572217,0.0892364305427783,0.9532980259990371,0.004004299416337029,0.9827690447400241,0.017230955259975866,0.9913096508614118,0.0005801326838447264,-0.009895646432313776,0.009895646432313776,0.009895646432313776,-0.015404170751571702,-0.09080882434631271,-0.1465066439153081,-0.06429235764334813,2
1011.png,L5,0.0321402549743652,1.5287697315216064,0.7994323557237465,0.2005676442762535,0.8885383806519453,0.009423448503550452,0.9921895339755272,0.007810466024472773,0.9960794563512807,0.00019424247161530197,0.0029824044887776235,0.0029824044887776235,-0.0029824044887776235,-0.0154057204723358,0.0205223893871625,-0.1559271331508112,-0.07120559958688429,2
1015.png,L5,0.0321418046951293,1.5275423526763916,0.8894230769230769,0.11057692307692313,0.9414758269720102,0.004616883459627102,0.9842342342342343,0.015765765765765716,0.9920544835414302,0.0002218960804244369,0.0006022912426852933,0.0006022912426852933,-0.0006022912426852933,-0.015404170751571702,-0.06946833181216788,-0.14797183340951825,-0.07358571283297662,2
1016.png,L5,0.0166674256324768,1.1149884462356567,0.8545751633986928,0.14542483660130723,0.9215859030837005,0.0031787322217064437,0.9262043998886104,0.07379560011138964,0.9616885933208038,0.0017098282105331825,-0.003978892578439641,0.003978892578439641,0.003978892578439641,-0.0308785498142242,-0.03462041828778378,-0.08994199906389433,-0.07020911149722227,2
1023.png,L5,0.0329810380935668,1.5772080421447754,0.8534768211920529,0.14652317880794707,0.9209468512728897,0.007512972400579491,0.9666492965085982,0.03335070349140179,0.9830418653948065,0.0003696246325922162,0.007238365809221214,0.007238365809221214,-0.007238365809221214,-0.014564937353134202,-0.03352207608114394,-0.13038689568388218,-0.0669496382664407,2
1027.png,L5,0.0359466075897216,1.5952458381652832,0.8098391674550615,0.19016083254493854,0.894929430214323,0.00897443199993847,0.9017310252996006,0.09826897470039941,0.9483265649068758,0.0034613509689650043,0.04791917133515955,0.04791917133515955,-0.04791917133515955,-0.011599367856979396,0.01011557765584753,-0.06546862447488455,-0.02626883274050236,3
1029.png,L5,0.0547316670417785,2.032005548477173,0.0,1.0,0.0,0.2106571191893701,0.0,1.0,0.0,0.199440422714647,-0.6140350877192983,0.6140350877192983,0.6140350877192983,0.007185691595077502,0.819954745110909,0.836262400824716,0.5398470836436363,3
1031.png,L5,0.0346571207046508,1.5759698152542114,0.0,1.0,0.0,0.13920417080488653,0.0,1.0,0.0,0.1348016212450288,-0.8897675154198956,0.8897675154198956,0.8897675154198956,-0.012888854742050197,0.819954745110909,0.836262400824716,0.8155795113442337,3
1035.png,L5,0.0547316670417785,2.032005548477173,0.9401772525849336,0.059822747415066435,0.9691663494480396,0.002424450221390139,0.9799610353465071,0.020038964653492863,0.989879111610908,0.0008745752038088272,0.0032709579459540006,0.0032709579459540006,-0.0032709579459540006,0.007185691595077502,-0.12022250747402458,-0.1436986345217911,-0.07091704612970791,3
1037.png,L5,0.0582412481307983,2.0578718185424805,0.9049295774647887,0.09507042253521125,0.9500924214417745,0.00468024716329998,0.9966646452395391,0.0033353547604608735,0.99832953682612,4.8359204044835616e-05,1.9607117324293988e-05,1.9607117324293988e-05,-1.9607117324293988e-05,0.010695272684097298,-0.08497483235387976,-0.1604022444148231,-0.07416839695833762,3
1039.png,L5,0.0500947833061218,1.8791981935501096,0.9384164222873901,0.061583577712609916,0.9682299546142209,0.002343894616276586,0.9963576158940397,0.0036423841059602946,0.9981754851550838,7.064888592067214e-05,0.0017580490742876709,0.0017580490742876709,-0.0017580490742876709,0.0025488078594207986,-0.1184616771764811,-0.16009521506932367,-0.07242995500137424,3
1040.png,L5,0.0374798774719238,1.6282004117965698,0.7932960893854749,0.2067039106145251,0.8847352024922118,0.007652505813266736,0.9927257167308515,0.007274283269148474,0.9963495812754992,0.00011702157902922258,-0.0017771573509086647,0.0017771573509086647,0.0017771573509086647,-0.0100660979747772,0.026658655725434077,-0.1564633159061355,-0.07241084672475324,3
1041.png,L5,0.0527559518814086,1.9411842823028564,0.8885218827415359,0.11147811725846413,0.9409707039790118,0.004197192126260269,0.9903846153846154,0.009615384615384581,0.9951690821256038,6.02631055885962e-05,-0.0015228642215803223,0.0015228642215803223,0.0015228642215803223,0.005209976434707601,-0.06856713763062688,-0.15412221455989938,-0.07266513985408159,3
1047.png,L5,0.0522137880325317,1.9147374629974363,0.8902575587905935,0.10974244120940646,0.9419431279620853,0.005101843508067616,0.9157088122605364,0.08429118773946365,0.956,0.003757534453076372,-0.03102390493102447,0.03102390493102447,0.03102390493102447,0.004667812585830697,-0.07030281367968455,-0.07944641143582032,-0.04316409914463744,3
1053.png,L5,0.0346571207046508,1.5759698152542114,0.8867667121418826,0.11323328785811737,0.9399855386840202,0.004020959598346654,0.9959213941416388,0.004078605858361173,0.9979565298160877,3.619842673170348e-05,0.0013969019649047176,0.0013969019649047176,-0.0013969019649047176,-0.012888854742050197,-0.06681196703097364,-0.1596589933169228,-0.07279110211075719,3
1054.png,L5,0.0547316670417785,2.032005548477173,0.6657316503038803,0.33426834969611974,0.7993264103283749,0.0022362792750440954,0.9263837638376384,0.07361623616236157,0.9617852696101906,0.0017286854540002564,-0.03172606429617175,0.03172606429617175,0.03172606429617175,0.007185691595077502,0.15422309480702873,-0.0901213630129224,-0.04246193977949016,3
1057.png,L5,0.0283535122871398,1.4250255823135376,0.9317111459968603,0.06828885400313967,0.9646485168630637,0.0018644033238802537,0.5906746884400516,0.40932531155994845,0.7426718897744158,0.018288703686037626,0.23063256732706722,0.23063256732706722,-0.23063256732706722,-0.0191924631595612,-0.11175640088595135,0.24558771238466448,0.15644456325140532,2
1060.png,L5,0.0460785031318664,1.8025307655334477,0.8395285584768812,0.16047144152311876,0.9127649088220798,0.008780961966067867,0.9847487001733102,0.015251299826689824,0.9923157527069507,0.0005154131162792636,-0.0007106822709264105,0.0007106822709264105,0.0007106822709264105,-0.0014674723148346003,-0.019573813365972248,-0.14848629934859414,-0.0734773218047355,3
1061.png,L5,0.0359466075897216,1.5952458381652832,0.7247796278158668,0.2752203721841332,0.8404315729699035,0.012781670349826637,0.7268170426065163,0.27318295739348375,0.841799709724238,0.014172957720368164,0.13793032166087493,0.13793032166087493,-0.13793032166087493,-0.011599367856979396,0.09517511729504219,0.10944535821819978,0.06374231758521302,3
1069.png,L5,0.0346571207046508,1.5759698152542114,0.7754195459032577,0.22458045409674232,0.8735056991937726,0.012676942517646143,0.9012562814070352,0.09874371859296482,0.9480639619400026,0.000993756830066223,-0.04360303912843133,0.04360303912843133,0.04360303912843133,-0.012888854742050197,0.04453519920765131,-0.06499388058231914,-0.030584964947230578,3
1072.png,L5,0.0582412481307983,2.0578718185424805,0.7507002801120448,0.24929971988795518,0.8576,0.006277529160372825,0.3339920948616601,0.6660079051383399,0.5007407407407407,0.03847246297567654,0.18065672853566678,0.18065672853566678,-0.18065672853566678,0.010695272684097298,0.06925446499886417,0.5022703059630559,0.10646872446000487,3
1073.png,L5,0.0540093183517456,1.9899464845657349,0.5802955665024631,0.41970443349753694,0.7344139650872819,0.02197410983367632,0.3923705722070845,0.6076294277929155,0.5636007827788649,0.019305606400261164,-0.34233510058230054,0.34233510058230054,0.34233510058230054,0.006463342905044599,0.23965917860844593,0.44389182861763155,0.26814709650663865,3
1074.png,L5,0.0511457324028015,1.895382046699524,0.9060124395300622,0.09398756046993784,0.9506889050036258,0.0027218352660510225,0.9880287310454908,0.011971268954509173,0.9939783219590526,0.0004698721956898456,0.004658465255768518,0.004658465255768518,-0.004658465255768518,0.0035997569561005,-0.08605769441915317,-0.1517663302207748,-0.06952953881989339,3
1078.png,L5,0.0321402549743652,1.5287697315216064,0.9675572519083969,0.03244274809160308,0.9835111542192047,0.0005297123732086937,0.9910492292391845,0.008950770760815518,0.9955044955044955,0.00021417259186309342,-0.0037012657392299086,0.0037012657392299086,0.0037012657392299086,-0.0154057204723358,-0.14760250679748793,-0.15478682841446845,-0.070486738336432,2
1084.png,L5,0.0582412481307983,2.0578718185424805,0.9331395348837209,0.06686046511627908,0.9654135338345865,0.0020800874612518236,0.600749063670412,0.39925093632958797,0.7505849321478708,0.0077184569837437066,-0.10718975363708369,0.10718975363708369,0.10718975363708369,0.010695272684097298,-0.11318478977281193,0.235513337154304,0.03300174956142178,3
1085.png,L5,0.0522137880325317,1.9147374629974363,0.888558692421991,0.11144130757800896,0.940991345397325,0.0056146692438035686,0.6764533176746917,0.32354668232530825,0.8070052539404553,0.013835717657906284,-0.1367800958420059,0.1367800958420059,0.1367800958420059,0.004667812585830697,-0.06860394731108205,0.1598090831500243,0.06259209176634399,3
1089.png,L5,0.0341651439666748,1.5706110000610352,0.9684317718940937,0.031568228105906315,0.9839627521986549,0.0013244409566691164,1.0,0.0,1.0,0.0,0.0,0.0,-0.0,-0.013380831480026202,-0.1484770267831847,-0.16373759917528397,-0.07418800407566191,3
1092.png,L5,0.0161634683609008,1.075672268867493,0.9474085365853658,0.052591463414634165,0.9729941291585127,0.0023553323881353385,0.9961846623426173,0.0038153376573827336,0.9980886850152905,5.9745456445900904e-05,-0.0005364454115863726,0.0005364454115863726,0.0005364454115863726,-0.031382507085800204,-0.12745379147445685,-0.15992226151790123,-0.07365155866407554,2
1093.png,L5,0.0359466075897216,1.5952458381652832,0.8360902255639098,0.16390977443609023,0.9107289107289107,0.0065023392682246614,0.9814106068890104,0.018589393110989616,0.9906181015452539,0.0003900533256253209,-0.0026907156635612717,0.0026907156635612717,0.0026907156635612717,-0.011599367856979396,-0.016135480453000783,-0.14514820606429435,-0.07149728841210064,3
1096.png,L5,0.0283535122871398,1.4250255823135376,0.7106976744186047,0.28930232558139535,0.8308863512778684,0.008624111496820536,0.9048092868988391,0.0951907131011609,0.9500261187532648,0.0031707375659501542,0.018985432936367896,0.018985432936367896,-0.018985432936367896,-0.0191924631595612,0.10925707069230434,-0.06854688607412307,-0.05520257113929401,2
1103.png,L5,0.0547316670417785,2.032005548477173,0.8341369334619093,0.1658630665380907,0.9095688748685594,0.007699685526770545,0.9533468559837728,0.04665314401622722,0.9761163032191069,0.0017310358268018944,0.01426279978652778,0.01426279978652778,-0.01426279978652778,0.007185691595077502,-0.014182188351000324,-0.11708445515905674,-0.05992520428913413,3
1107.png,L5,0.0359466075897216,1.5952458381652832,0.8560794044665012,0.14392059553349879,0.9224598930481284,0.007110569681347119,0.8527354997943233,0.14726450020567672,0.9205150976909414,0.0069501511643537085,0.05010170901175476,0.05010170901175476,-0.05010170901175476,-0.011599367856979396,-0.036124659355592226,-0.016473098969607247,-0.02408629506390715,3
1111.png,L5,0.0522137880325317,1.9147374629974363,0.0,1.0,0.0,0.10676546948304314,0.0,1.0,0.0,0.11724840490430784,0.8708206686930091,0.8708206686930091,-0.8708206686930091,0.004667812585830697,0.819954745110909,0.836262400824716,0.7966326646173472,3
1113.png,L5,0.0359466075897216,1.5952458381652832,0.862410071942446,0.137589928057554,0.9261226460647031,0.005998073434115055,0.9547038327526133,0.04529616724738672,0.9768270944741533,0.0018734995962414558,0.0037887673570775604,0.0037887673570775604,-0.0037887673570775604,-0.011599367856979396,-0.04245532683153702,-0.11844143192789724,-0.07039923671858435,3
1114.png,L5,0.0374798774719238,1.6282004117965698,0.9864978902953586,0.013502109704641385,0.9932030586236194,0.0002465127896979534,1.0,0.0,1.0,0.0,0.0,0.0,-0.0,-0.0100660979747772,-0.16654314518444963,-0.16373759917528397,-0.07418800407566191,3
1118.png,L5,0.0500947833061218,1.8791981935501096,0.9121532364597094,0.08784676354029064,0.9540587219343696,0.004173305850284566,0.9987102321582115,0.0012897678417884695,0.99935469993547,2.1841730091038335e-05,0.000350429547389286,0.000350429547389286,-0.000350429547389286,0.0025488078594207986,-0.09219849134880037,-0.1624478313334955,-0.07383757452827262,3
1120.png,L5,0.0522137880325317,1.9147374629974363,0.8036380597014925,0.1963619402985075,0.891130074993535,0.011482747351480135,0.992496248124062,0.007503751875937992,0.9962339944765253,0.00020361755078587498,-0.002088783978186237,0.002088783978186237,0.002088783978186237,0.004667812585830697,0.016316685409416498,-0.15623384729934597,-0.07209922009747567,3
1123.png,L5,0.0359466075897216,1.5952458381652832,0.8972046889089269,0.1027953110910731,0.9458174904942965,0.002732303517405437,0.9887247278382582,0.011275272161741845,0.9943304007820137,6.463980970470938e-05,0.0019011043601206978,0.0019011043601206978,-0.0019011043601206978,-0.011599367856979396,-0.07724994379801792,-0.15246232701354212,-0.07228689971554121,3
1124.png,L5,0.0547316670417785,2.032005548477173,0.6751131221719457,0.32488687782805425,0.8060507833603457,0.012076782751725057,0.00026624068157614486,0.9997337593184239,0.0005323396326856535,0.04600183537691925,-0.8248372303297863,0.8248372303297863,0.8248372303297863,0.007185691595077502,0.14484162293896324,0.8359961601431399,0.7506492262541243,3
1125.png,L5,0.0522137880325317,1.9147374629974363,0.903010033444816,0.09698996655518399,0.9490333919156415,0.003555313560369221,0.9778357235984355,0.022164276401564487,0.988793671720501,0.0004591632643299483,-0.002442476165606111,0.002442476165606111,0.002442476165606111,0.004667812585830697,-0.08305528833390702,-0.14157332277371948,-0.0717455279100558,3
1126.png,L5,0.0161634683609008,1.075672268867493,0.938985736925515,0.06101426307448499,0.9685328974254189,0.0027651300150242186,0.9965089216446859,0.003491078355314148,0.9982514085875267,5.093211168875067e-05,-0.00018682638128675322,0.00018682638128675322,0.00018682638128675322,-0.031382507085800204,-0.11903099181460602,-0.16024652081996982,-0.07400117769437516,2
1130.png,L5,0.0321402549743652,1.5287697315216064,0.9129383313180169,0.08706166868198306,0.95448798988622,0.002472237395109033,0.9517958412098299,0.04820415879017015,0.9753026634382567,0.0018110251179806612,-0.02336701599711999,0.02336701599711999,0.02336701599711999,-0.0154057204723358,-0.09298358620710795,-0.11553344038511382,-0.05082098807854192,2
1134.png,L5,0.0547316670417785,2.032005548477173,0.9781591263650546,0.021840873634945357,0.9889589905362776,0.0003463921584437128,1.0,0.0,1.0,0.0,0.0,0.0,-0.0,0.007185691595077502,-0.15820438125414565,-0.16373759917528397,-0.07418800407566191,3
1137.png,L5,0.0374798774719238,1.6282004117965698,0.9121171770972037,0.08788282290279625,0.9540389972144847,0.004204129424035634,0.9881670533642691,0.011832946635730868,0.9940483136888785,0.000419281261778039,-0.0031540700986194548,0.0031540700986194548,0.0031540700986194548,-0.0100660979747772,-0.09216243198629476,-0.1519046525395531,-0.07103393397704245,3
1138.png,L5,0.0359466075897216,1.5952458381652832,0.9133574007220217,0.08664259927797835,0.9547169811320755,0.003409217604041313,0.8618887644643524,0.13811123553564764,0.9258219727345629,0.0034694356475329256,-0.11165694416506217,0.11165694416506217,0.11165694416506217,-0.011599367856979396,-0.09340265561111266,-0.02562636363963633,0.03746894008940026,3
1140.png,L5,0.0346571207046508,1.5759698152542114,0.9230769230769231,0.07692307692307687,0.96,0.004018461927857732,0.9191232048374905,0.08087679516250945,0.9578574241827491,0.0038891099727082893,-0.014445411331591385,0.014445411331591385,0.014445411331591385,-0.012888854742050197,-0.10312217796601414,-0.08286080401277451,-0.059742592744070525,3
1144.png,L5,0.0346571207046508,1.5759698152542114,0.9475374732334048,0.05246252676659524,0.9730621220450797,0.0022610545750093853,0.99556162512803,0.004438374871969963,0.997775876817793,8.41660861337528e-05,-0.00046458275157823525,0.00046458275157823525,0.00046458275157823525,-0.012888854742050197,-0.12758272812249577,-0.159299224303314,-0.07372342132408367,3
1146.png,L5,0.0374798774719238,1.6282004117965698,0.9684638860630722,0.03153611393692779,0.9839793281653747,0.0014333422255856396,1.0,0.0,1.0,0.0,0.0,0.0,-0.0,-0.0100660979747772,-0.14850914095216322,-0.16373759917528397,-0.07418800407566191,3
1148.png,L5,0.0547316670417785,2.032005548477173,0.6768421052631579,0.3231578947368421,0.8072818581293157,0.013440597000791369,0.9328083989501312,0.06719160104986877,0.9652362846279197,0.0002056004076462293,-0.006850513484746079,0.006850513484746079,0.006850513484746079,0.007185691595077502,0.14311263984775108,-0.0965459981254152,-0.06733749059091583,3
1149.png,L5,0.0547316670417785,2.032005548477173,0.8087318087318087,0.19126819126819128,0.8942528735632184,0.009383957951837964,0.9992777175875768,0.0007222824124232252,0.9996387283236994,6.644798370566039e-06,-0.00031174494151775534,0.00031174494151775534,0.00031174494151775534,0.007185691595077502,0.011222936379100268,-0.16301531676286074,-0.07387625913414415,3
1150.png,L5,0.0321418046951293,1.5275423526763916,0.8172169811320755,0.18278301886792447,0.899415963659961,0.005491101755602607,0.909007773205304,0.09099222679469599,0.9523353293413174,0.004488740431142051,-0.03442948603370111,0.03442948603370111,0.03442948603370111,-0.015404170751571702,0.002737763978833463,-0.07274537238058798,-0.0397585180419608,2
1156.png,L5,0.0522137880325317,1.9147374629974363,0.7823567289117836,0.21764327108821635,0.8778901734104047,0.004647689951779583,0.9113740141137402,0.0886259858862598,0.953632316212401,0.005567055429572271,-0.03605685145490434,0.03605685145490434,0.03605685145490434,0.004667812585830697,0.03759801619912534,-0.07511161328902416,-0.03813115262075757,3
1160.png,L5,0.0582412481307983,2.0578718185424805,0.6562952243125905,0.34370477568740954,0.7924858016601136,0.04547206400296569,0.32587573510611095,0.674124264893889,0.4915630122456851,0.053755473208359446,-0.4856938365809373,0.4856938365809373,0.4856938365809373,0.010695272684097298,0.16365952079831853,0.510386665718605,0.4115058325052754,3
1163.png,L5,0.0161634683609008,1.075672268867493,0.9529737206085753,0.047026279391424675,0.9759206798866855,0.0015471189724959227,0.8255873340143003,0.1744126659856997,0.9044621625402154,0.006643285254671047,0.08631922556465565,0.08631922556465565,-0.08631922556465565,-0.031382507085800204,-0.13301897549766634,0.010675066810415745,0.012131221488993746,2
1165.png,L5,0.0446961522102355,1.782710075378418,0.7783985102420856,0.22160148975791438,0.875392670157068,0.015377419637238087,0.8317388857625211,0.16826111423747891,0.9081413210445468,0.006015553451216658,0.06313411072537489,0.06313411072537489,-0.06313411072537489,-0.0028498232364655013,0.04155623486882337,0.004523515062194949,-0.011053893350287017,3
1169.png,L5,0.0359466075897216,1.5952458381652832,0.9161041465766635,0.0838958534233365,0.9562154001006542,0.0021088683286722694,0.9979597784902361,0.0020402215097639065,0.9989788475565281,4.8754020570036845e-05,0.001034200427457832,0.001034200427457832,-0.001034200427457832,-0.011599367856979396,-0.09614940146575451,-0.16169737766552006,-0.07315380364820408,3
1170.png,L5,0.0576066970825195,2.0657761096954346,0.7276190476190476,0.2723809523809524,0.8423373759647188,0.00855883052856025,0.920079522862823,0.07992047713717698,0.9583764754607579,0.002134158405770572,0.036392295572376,0.036392295572376,-0.036392295572376,0.010060721635818497,0.09233569749186138,-0.08381712203810698,-0.03779570850328591,3
1177.png,L5,0.0582412481307983,2.0578718185424805,0.6614107883817427,0.3385892116182573,0.7962037962037962,0.010756360855470902,0.9350982066609735,0.06490179333902646,0.9664607237422771,0.0018698576611389675,0.013982538730043403,0.013982538730043403,-0.013982538730043403,0.010695272684097298,0.15854395672916627,-0.0988358058362575,-0.060205465345618506,3
1178.png,L5,0.0582412481307983,2.0578718185424805,0.8985005767012687,0.1014994232987313,0.9465370595382746,0.0024798891721214108,0.13575468889550463,0.8642453111044954,0.23905635648754914,0.03576451366183738,-0.74047163315456,0.74047163315456,0.74047163315456,0.010695272684097298,-0.07854583159035972,0.7005077119292115,0.666283629078898,3
1179.png,L5,0.0359466075897216,1.5952458381652832,0.8290155440414507,0.17098445595854928,0.9065155807365439,0.00801333703627265,0.8662155127537741,0.13378448724622594,0.9283124128312413,0.00033415081190499594,0.0,0.0,-0.0,-0.011599367856979396,-0.009060798930541736,-0.02995311192905803,-0.07418800407566191,3
1189.png,L5,0.0500947833061218,1.8791981935501096,0.947209653092006,0.052790346907994,0.9728892331525949,0.0020618965567882367,1.0,0.0,1.0,0.0,0.0,0.0,-0.0,0.0025488078594207986,-0.127254907981097,-0.16373759917528397,-0.07418800407566191,3
1192.png,L5,0.0166674256324768,1.1149884462356567,0.9488448844884488,0.051155115511551164,0.9737510584250635,0.0018556586819827494,0.9956126606079598,0.004387339392040168,0.9978015075376885,0.00013257366566909944,-0.00035688793718779976,0.00035688793718779976,0.00035688793718779976,-0.0308785498142242,-0.12889013937753985,-0.1593502597832438,-0.07383111613847411,2
1211.png,L5,0.0321402549743652,1.5287697315216064,0.7347379794705564,0.2652620205294436,0.8470881345375273,0.006759347452027857,0.986,0.014000000000000012,0.9929506545820745,7.743754827653944e-05,0.0008977884681675707,0.0008977884681675707,-0.0008977884681675707,-0.0154057204723358,0.08521676564035258,-0.14973759917528395,-0.07329021560749434,2
1223.png,L5,0.0547316670417785,2.032005548477173,0.257856567284448,0.742143432715552,0.4099935938500961,0.08014345940358114,0.2560568692876832,0.7439431307123168,0.4077154077154077,0.08638671915937171,-0.5506832290474883,0.5506832290474883,0.5506832290474883,0.007185691595077502,0.5620981778264611,0.5802055315370328,0.47649522497182645,3
1225.png,L5,0.0511457324028015,1.895382046699524,0.6456521739130435,0.3543478260869565,0.7846763540290621,0.0010987843187723835,0.6657000828500415,0.33429991714995855,0.7993036558070132,0.01261365977943981,-0.16354154140952593,0.16354154140952593,0.16354154140952593,0.0035997569561005,0.17430257119786546,0.17056231797467458,0.08935353733386402,3
1239.png,L5,0.0576066970825195,2.0657761096954346,0.7863710113574905,0.21362898864250945,0.8804117468967605,0.009096550536627742,0.49936499872999746,0.5006350012700025,0.666101982043029,0.036475044644400496,0.29996228798006497,0.29996228798006497,-0.29996228798006497,0.010060721635818497,0.03358373375341844,0.3368974020947185,0.22577428390440307,3
1241.png,L5,0.0522137880325317,1.9147374629974363,0.0,1.0,0.0,0.4268924436522915,0.0,1.0,0.0,0.3935450681689883,-0.4959785522788204,0.4959785522788204,0.4959785522788204,0.004667812585830697,0.819954745110909,0.836262400824716,0.4217905482031585,3
1243.png,L5,0.0359466075897216,1.5952458381652832,0.8985294117647059,0.10147058823529409,0.9465530596436871,0.00023708523468417476,0.9155657668006892,0.08443423319931076,0.9559220389805098,0.0026187978735814042,0.04404011930438989,0.04404011930438989,-0.04404011930438989,-0.011599367856979396,-0.07857466665379692,-0.0793033659759732,-0.03014788477127202,3
1246.png,L5,0.0166674256324768,1.1149884462356567,0.9828767123287672,0.017123287671232834,0.9913644214162349,0.00028299962530500426,1.0,0.0,1.0,0.0,0.0,0.0,-0.0,-0.0308785498142242,-0.16292196721785818,-0.16373759917528397,-0.07418800407566191,2
1247.png,L5,0.0500947833061218,1.8791981935501096,0.9674728940783986,0.03252710592160135,0.983467571004663,0.001493508232763409,1.0,0.0,1.0,0.0,0.0,0.0,-0.0,0.0025488078594207986,-0.14751814896748966,-0.16373759917528397,-0.07418800407566191,3
1248.png,L5,0.0540093183517456,1.9899464845657349,0.9133640552995391,0.08663594470046088,0.9547206165703276,0.003168025220067123,0.9993748046264458,0.0006251953735542104,0.9996873045653534,2.645483425721386e-05,-0.00031043931148355686,0.00031043931148355686,0.00031043931148355686,0.006463342905044599,-0.09340931018863013,-0.16311240380172976,-0.07387756476417835,3
1249.png,L5,0.0161634683609008,1.075672268867493,0.9171779141104295,0.08282208588957052,0.9568,0.003544829947327822,0.991044776119403,0.008955223880596996,0.9955022488755623,0.00015696272995972477,-0.0012797107783786288,0.0012797107783786288,0.0012797107783786288,-0.031382507085800204,-0.09722316899952049,-0.15478237529468697,-0.07290829329728328,2
1250.png,L5,0.0321418046951293,1.5275423526763916,0.9864176570458404,0.01358234295415961,0.9931623931623932,0.0005113604588069073,1.0,0.0,1.0,0.0,0.0,0.0,-0.0,-0.015404170751571702,-0.1664629119349314,-0.16373759917528397,-0.07418800407566191,2
1251.png,L5,0.0341651439666748,1.5706110000610352,0.9510268562401264,0.048973143759873605,0.9748987854251012,0.0016965452141382805,0.998551774076756,0.0014482259232440065,0.9992753623188406,3.8843736542312716e-05,-0.0007079111525312154,0.0007079111525312154,0.0007079111525312154,-0.013380831480026202,-0.1310721111292174,-0.16228937325203996,-0.0734800929231307,3
1252.png,L5,0.0346571207046508,1.5759698152542114,0.9778534923339012,0.022146507666098825,0.9888027562446167,0.0006040079076870074,0.9987413467589679,0.0012586532410321372,0.9993702770780857,2.3915192544445896e-05,-0.0006247783525695771,0.0006247783525695771,0.0006247783525695771,-0.012888854742050197,-0.1578987472229922,-0.16247894593425183,-0.07356322572309233,3
1253.png,L5,0.0321402549743652,1.5287697315216064,0.971107544141252,0.028892455858748,0.9853420195439739,0.0009559119177134829,1.0,0.0,1.0,0.0,0.0,0.0,-0.0,-0.0154057204723358,-0.151152799030343,-0.16373759917528397,-0.07418800407566191,2
1254.png,L5,0.0500947833061218,1.8791981935501096,0.7224938875305623,0.2775061124694377,0.8388928317955997,0.0010815035464768457,0.955076923076923,0.044923076923076954,0.977022348127164,0.0007066543837592497,-0.017487615778775778,0.017487615778775778,0.017487615778775778,0.0025488078594207986,0.09746085758034667,-0.11881452225220701,-0.05670038829688613,3
1267.png,L5,0.0547316670417785,2.032005548477173,0.0,1.0,0.0,0.25424459395903465,0.0,1.0,0.0,0.26246345385719383,0.0,0.0,-0.0,0.007185691595077502,0.819954745110909,0.836262400824716,-0.07418800407566191,3
1273.png,L5,0.0161634683609008,1.075672268867493,0.9888475836431226,0.01115241635687736,0.994392523364486,0.0004466357404582319,1.0,0.0,1.0,0.0,0.0,0.0,-0.0,-0.031382507085800204,-0.16889283853221365,-0.16373759917528397,-0.07418800407566191,2
1279.png,L5,0.0576066970825195,2.0657761096954346,0.816247582205029,0.18375241779497098,0.898828541001065,0.0022874125755565837,0.8721359940872137,0.12786400591278635,0.9317015396762732,0.003921915162008761,-0.06381088760951459,0.06381088760951459,0.06381088760951459,0.010060721635818497,0.0037071629058799682,-0.035873593262497616,-0.01037711646614732,3
1280.png,L5,0.0321418046951293,1.5275423526763916,0.7849898580121704,0.21501014198782964,0.8795454545454545,0.007458775473766549,0.8770659238625812,0.1229340761374188,0.9345073209339138,0.005654129804512348,-0.04004876789561207,0.04004876789561207,0.04004876789561207,-0.015404170751571702,0.03496488709873863,-0.040803523037865164,-0.03413923618004984,2
1281.png,L5,0.0321402549743652,1.5287697315216064,0.8640840446487197,0.13591595535128032,0.9270870024656569,0.002435590735083866,0.9927117366172405,0.007288263382759452,0.9963425400428806,3.476179725292467e-05,0.0035523625996667363,0.0035523625996667363,-0.0035523625996667363,-0.0154057204723358,-0.044129299537810696,-0.1564493357925245,-0.07063564147599517,2
1282.png,L5,0.0460785031318664,1.8025307655334477,0.9431500465983225,0.05684995340167753,0.9707434052757794,0.0010991164077046745,0.9908111533586819,0.009188846641318138,0.9953843705236352,0.00014901413082449457,0.004280254142649764,0.004280254142649764,-0.004280254142649764,-0.0014674723148346003,-0.12319530148741348,-0.15454875253396583,-0.06990774993301214,3
1283.png,L5,0.0582412481307983,2.0578718185424805,0.9224730127576055,0.07752698724239449,0.9596733027054619,0.004308564775114026,0.9904009034443817,0.009599096555618303,0.995177304964539,4.296160892736602e-05,-0.0036274270604600423,0.0036274270604600423,0.0036274270604600423,0.010695272684097298,-0.10251826764669653,-0.15413850261966566,-0.07056057701520187,3
1293.png,L5,0.0527559518814086,1.9411842823028564,0.9110604332953249,0.08893956670467507,0.9534606205250596,0.003224208594345609,0.9191919191919192,0.08080808080808077,0.9578947368421052,0.0026666806209619458,0.02693636310535341,0.02693636310535341,-0.02693636310535341,0.005209976434707601,-0.09110568818441594,-0.08292951836720319,-0.0472516409703085,3
1309.png,L5,0.0522137880325317,1.9147374629974363,0.9231916480238628,0.07680835197613722,0.9600620395502133,0.003494728448397748,1.0,0.0,1.0,0.0,0.0,0.0,-0.0,0.004667812585830697,-0.10323690291295379,-0.16373759917528397,-0.07418800407566191,3
1326.png,L5,0.0346571207046508,1.5759698152542114,0.8922413793103449,0.10775862068965514,0.9430523917995444,0.001273311258106214,0.8943231441048035,0.10567685589519649,0.9442139234670355,0.0029213874457454368,0.005803122117975734,0.005803122117975734,-0.005803122117975734,-0.012888854742050197,-0.07228663419943587,-0.05806074328008748,-0.06838488195768617,3
1331.png,L5,0.0374798774719238,1.6282004117965698,0.0,1.0,0.0,0.3998440110132205,0.0,1.0,0.0,0.3795818500689426,-0.5971156796563363,0.5971156796563363,0.5971156796563363,-0.0100660979747772,0.819954745110909,0.836262400824716,0.5229276755806743,3
1333.png,L5,0.0321402549743652,1.5287697315216064,0.9805097451274363,0.019490254872563728,0.9901589704769115,0.0007852874932433364,0.9965116279069768,0.0034883720930232176,0.9982527664531159,0.00010660034811717634,0.0010580154693600186,0.0010580154693600186,-0.0010580154693600186,-0.0154057204723358,-0.16055500001652728,-0.16024922708226075,-0.07312998860630189,2
1334.png,L5,0.0460785031318664,1.8025307655334477,0.9910112359550561,0.008988764044943864,0.9954853273137697,0.00033573020710687284,1.0,0.0,1.0,0.0,0.0,0.0,-0.0,-0.0014674723148346003,-0.17105649084414715,-0.16373759917528397,-0.07418800407566191,3
1341.png,L5,0.0540093183517456,1.9899464845657349,0.8765112262521589,0.12348877374784106,0.9341923607915325,0.005873508758946357,0.9955830388692579,0.004416961130742081,0.9977866312527667,0.0001308752353228155,-0.00035186295793032674,0.00035186295793032674,0.00035186295793032674,0.006463342905044599,-0.05655648114124995,-0.15932063804454188,-0.07383614111773158,3
1345.png,L5,0.0341651439666748,1.5706110000610352,0.8888888888888888,0.11111111111111116,0.9411764705882353,0.004804390716950562,0.9989094874591058,0.0010905125408942062,0.9994544462629569,8.394139466376117e-06,5.382509185380968e-05,5.382509185380968e-05,-5.382509185380968e-05,-0.013380831480026202,-0.06893414377797985,-0.16264708663438976,-0.0741341789838081,3
1346.png,L5,0.0321418046951293,1.5275423526763916,0.8799019607843137,0.12009803921568629,0.9361147327249022,0.004577196605386864,0.9943502824858758,0.005649717514124242,0.9971671388101983,2.0163736379976046e-05,0.0003942368339763247,0.0003942368339763247,-0.0003942368339763247,-0.015404170751571702,-0.05994721567340472,-0.15808788166115972,-0.07379376724168558,2
1353.png,L5,0.0166674256324768,1.1149884462356567,0.905368516833485,0.09463148316651504,0.9503342884431709,0.004234719621023824,0.994760333786144,0.005239666213855965,0.9973732853390408,9.912030482363991e-05,-0.001748729944210936,0.001748729944210936,0.001748729944210936,-0.0308785498142242,-0.08541377172257597,-0.158497932961428,-0.07243927413145097,2
1355.png,L5,0.0341651439666748,1.5706110000610352,0.9092229484386347,0.09077705156136529,0.9524534043362495,0.004056541505679551,0.9444726595564584,0.05552734044354157,0.971443496430437,0.0030028274418501637,-0.030550703974336124,0.030550703974336124,0.030550703974336124,-0.013380831480026202,-0.08926820332772573,-0.10821025873174239,-0.043637300101325785,3
1361.png,L5,0.0527559518814086,1.9411842823028564,0.35095039406583217,0.6490496059341678,0.5195607412491421,0.04755386927315816,0.37801204819277107,0.6219879518072289,0.5486338797814208,0.035191703698864346,-0.19281195589390154,0.19281195589390154,0.19281195589390154,0.005209976434707601,0.4690043510450768,0.4582503526319449,0.11862395181823963,3
1364.png,L5,0.0341651439666748,1.5706110000610352,0.9950331125827815,0.004966887417218513,0.9975103734439834,0.00015905446192941743,1.0,0.0,1.0,0.0,0.0,0.0,-0.0,-0.013380831480026202,-0.1750783674718725,-0.16373759917528397,-0.07418800407566191,3
1365.png,L5,0.0582412481307983,2.0578718185424805,0.7438811188811189,0.25611888111888115,0.8531328320802005,0.01491173256814661,0.9815602836879432,0.018439716312056764,0.9906943450250537,0.00040675805684090336,-0.0059602408422752,0.0059602408422752,0.0059602408422752,0.010695272684097298,0.07607362622979014,-0.1452978828632272,-0.06822776323338671,3
1367.png,L5,0.0161634683609008,1.075672268867493,0.976878612716763,0.023121387283236983,0.9883040935672515,0.0008522627613679412,0.9995872884853487,0.0004127115146512761,0.9997936016511868,1.5302616453001374e-05,0.00020533478966400232,0.00020533478966400232,-0.00020533478966400232,-0.031382507085800204,-0.15692386760585403,-0.1633248876606327,-0.0739826692859979,2
1368.png,L5,0.0582412481307983,2.0578718185424805,0.8194842406876791,0.1805157593123209,0.9007874015748032,0.000389827157676346,0.9801434087148373,0.019856591285162706,0.9899721448467966,0.0005604037254205028,-0.009559829373784745,0.009559829373784745,0.009559829373784745,0.010695272684097298,0.0004705044232298783,-0.14388100789012126,-0.06462817470187716,3
1370.png,L5,0.0374798774719238,1.6282004117965698,0.9535256410256411,0.04647435897435892,0.9762100082034455,0.0004417029546659509,0.8957264957264958,0.10427350427350424,0.9449954914337241,0.0035990241758691085,0.014989761234677323,0.014989761234677323,-0.014989761234677323,-0.0100660979747772,-0.1335708959147321,-0.05946409490177973,-0.059198242840984586,3
1371.png,L5,0.0540093183517456,1.9899464845657349,0.9109062980030722,0.08909370199692779,0.9533762057877814,0.00011780127426850791,0.9386018237082067,0.06139817629179334,0.9683286296644716,0.001772339455660721,0.021032304434277505,0.021032304434277505,-0.021032304434277505,0.006463342905044599,-0.09095155289216322,-0.10233942288349063,-0.053155699641384405,3
1372.png,L5,0.0540093183517456,1.9899464845657349,1.0,0.0,1.0,0.0,1.0,0.0,1.0,0.0,0.0,0.0,-0.0,0.006463342905044599,-0.180045254889091,-0.16373759917528397,-0.07418800407566191,3
1373.png,L5,0.0547316670417785,2.032005548477173,0.9104477611940298,0.08955223880597019,0.953125,0.003314833370637655,0.9473106476399561,0.052689352360043906,0.9729425028184893,0.0017588260630166611,0.01554319186190678,0.01554319186190678,-0.01554319186190678,0.007185691595077502,-0.09049301608312083,-0.11104824681524006,-0.05864481221375513,3
1378.png,L5,0.0321402549743652,1.5287697315216064,0.8613518197573656,0.13864818024263437,0.925512104283054,0.000852721786128586,0.9546627349797272,0.0453372650202728,0.9768055817461814,0.0015931883477056687,-0.016611591679570603,0.016611591679570603,0.016611591679570603,-0.0154057204723358,-0.041397074646456644,-0.11840033415501117,-0.057576412396091306,2
1380.png,L5,0.0511457324028015,1.895382046699524,0.8167791706846673,0.18322082931533268,0.8991507430997877,0.009159478234044472,0.7653745263771495,0.23462547362285047,0.8670959220736338,0.010127008864045887,-0.09801086868551756,0.09801086868551756,0.09801086868551756,0.0035997569561005,0.0031755744262416674,0.0708878744475665,0.02382286460985565,3
1381.png,L5,0.0522137880325317,1.9147374629974363,0.9184466019417475,0.08155339805825246,0.9574898785425101,0.003000312517963823,0.9140911471974856,0.08590885280251437,0.9551176792556103,0.0016870315632134068,-0.03881655233006576,0.03881655233006576,0.03881655233006576,0.004667812585830697,-0.09849185683083855,-0.0778287463727696,-0.03537145174559615,3
1384.png,L5,0.0527559518814086,1.9411842823028564,0.7063978965819456,0.29360210341805437,0.8279404211607602,0.016472474567449658,0.034958148695224026,0.9650418513047759,0.0675547098001903,0.05013043230801508,-0.6267942583732058,0.6267942583732058,0.6267942583732058,0.005209976434707601,0.11355684852896336,0.801304252129492,0.5526062542975438,3
1387.png,L5,0.0540093183517456,1.9899464845657349,0.9897750511247444,0.010224948875255602,0.9948612538540597,0.0001977391179988366,1.0,0.0,1.0,0.0,0.0,0.0,-0.0,0.006463342905044599,-0.1698203060138354,-0.16373759917528397,-0.07418800407566191,3
1388.png,L5,0.0511457324028015,1.895382046699524,0.7529330572808833,0.24706694271911667,0.8590551181102363,0.0034193355938196245,0.9627329192546584,0.037267080745341574,0.9810126582278481,0.0010568399557876213,-0.015171997924525726,0.015171997924525726,0.015171997924525726,0.0035997569561005,0.06702168783002566,-0.1264705184299424,-0.05901600615113618,3
1397.png,L5,0.0283535122871398,1.4250255823135376,0.7744140625,0.2255859375,0.8728673637864612,0.01162473343391631,0.9240844693932103,0.07591553060678968,0.9605445957210336,0.003097915607682841,0.03797347170849796,0.03797347170849796,-0.03797347170849796,-0.0191924631595612,0.04554068261090899,-0.08782206856849428,-0.036214532367163946,2
1398.png,L5,0.0341651439666748,1.5706110000610352,0.904621435594887,0.09537856440511305,0.9499225606608157,0.004544904622879826,0.9560573695453158,0.04394263045468416,0.9775351014040562,0.0014861137287734301,-0.02154036710203655,0.02154036710203655,0.02154036710203655,-0.013380831480026202,-0.08466669048397796,-0.1197949687205998,-0.05264763697362536,3
1399.png,L5,0.0346571207046508,1.5759698152542114,0.9356136820925554,0.06438631790744465,0.9667359667359667,0.002142216497379742,0.9748289345063539,0.025171065493646116,0.987254052716248,0.001044462500342974,-0.012753291804021405,0.012753291804021405,0.012753291804021405,-0.012888854742050197,-0.11565893698164637,-0.13856653368163785,-0.061434712271640504,3
1401.png,L5,0.0522137880325317,1.9147374629974363,0.9257849666983825,0.0742150333016175,0.9614624505928854,0.002287563160801941,0.8578842315369262,0.14211576846307383,0.9235066609368285,0.004634260861009692,0.04850785536832314,0.04850785536832314,-0.04850785536832314,0.004667812585830697,-0.10583022158747352,-0.021621830712210133,-0.02568014870733877,3
1402.png,L5,0.0511457324028015,1.895382046699524,0.6179633143580012,0.3820366856419988,0.7638780297107115,0.011105516635710168,0.39379995156212155,0.6062000484378784,0.5650738488271069,0.03993514736155842,0.3097307850390464,0.3097307850390464,-0.3097307850390464,0.0035997569561005,0.20199143075290776,0.4424624492625945,0.2355427809633845,3
1406.png,L5,0.0522137880325317,1.9147374629974363,0.8878627968337731,0.11213720316622688,0.9406009783368274,0.003884288243688312,0.7646863591105211,0.23531364088947893,0.8666541282678202,0.010393169614709508,-0.10201249198807455,0.10201249198807455,0.10201249198807455,0.004667812585830697,-0.06790805172286413,0.07157604171419496,0.02782448791241264,3
1407.png,L5,0.0374798774719238,1.6282004117965698,0.7093531468531469,0.2906468531468531,0.82996676041933,0.01321747424037558,0.03609869183639675,0.9639013081636032,0.06968195620904587,0.0642421667631335,-0.5105108001867752,0.5105108001867752,0.5105108001867752,-0.0100660979747772,0.11060159825776211,0.8001637089883192,0.4363227961111133,3
1410.png,L5,0.0522137880325317,1.9147374629974363,0.44844124700239807,0.5515587529976019,0.6192052980132451,0.051667060380460844,0.0,1.0,0.0,0.1210250220316652,-0.7225130890052356,0.7225130890052356,0.7225130890052356,0.004667812585830697,0.3715134981085109,0.836262400824716,0.6483250849295736,3
1411.png,L5,0.0329810380935668,1.5772080421447754,0.9481132075471698,0.05188679245283023,0.9733656174334141,0.0009775931231762174,0.933718689788054,0.06628131021194605,0.9657233957752093,0.0019168641042046062,0.029224197626568138,0.029224197626568138,-0.029224197626568138,-0.014564937353134202,-0.12815846243626078,-0.09745628896333791,-0.04496380644909377,2
1425.png,L5,0.0522137880325317,1.9147374629974363,0.8886274509803922,0.1113725490196078,0.9410299003322259,0.003794985298343105,0.9926438771094764,0.007356122890523564,0.9963083604777416,0.00026275393856062956,0.002209744849794526,0.002209744849794526,-0.002209744849794526,0.004667812585830697,-0.06867270586948321,-0.1563814762847604,-0.07197825922586738,3
1426.png,L5,0.0582412481307983,2.0578718185424805,0.7679362267493357,0.2320637732506643,0.8687374749498998,0.009840509057369674,0.9973130317957905,0.00268696820420955,0.9986547085201793,3.12310248773126e-05,-0.0013170581723638275,0.0013170581723638275,0.0013170581723638275,0.010695272684097298,0.052018518361573285,-0.16105063097107442,-0.07287094590329808,3
1435.png,L5,0.0540093183517456,1.9899464845657349,0.8710199676200756,0.1289800323799244,0.9310643207383905,0.007122203542150914,0.9688285570638512,0.03117144293614882,0.984167517875383,0.0016157864561062339,0.014279368918520219,0.014279368918520219,-0.014279368918520219,0.006463342905044599,-0.05106522250916662,-0.13256615623913515,-0.05990863515714169,3
1436.png,L5,0.0161634683609008,1.075672268867493,0.8916363636363637,0.10836363636363633,0.942714340638216,0.0030681478688205734,0.9964377597466851,0.0035622402533148634,0.9982157018239493,8.678993274083765e-05,0.0008526099067458492,0.0008526099067458492,-0.0008526099067458492,-0.031382507085800204,-0.07168161852545468,-0.1601753589219691,-0.07333539416891606,2
1437.png,L5,0.0446961522102355,1.782710075378418,0.8721694667640614,0.12783053323593863,0.9317206398751463,0.007591580494456631,0.9812046134130713,0.018795386586928697,0.9905131522207848,0.0007735713453080081,0.0065048961246994,0.0065048961246994,-0.0065048961246994,-0.0028498232364655013,-0.052214721653152385,-0.14494221258835527,-0.06768310795096251,3
1442.png,L5,0.0527559518814086,1.9411842823028564,0.7744171392564587,0.22558286074354128,0.8728693181818182,0.011317960410321891,0.7384957941613063,0.2615042058386937,0.8495801906930411,0.009305034429276033,0.13638559970783648,0.13638559970783648,-0.13638559970783648,0.005209976434707601,0.04553760585445027,0.09776660666340975,0.06219759563217457,3
1457.png,L5,0.0547316670417785,2.032005548477173,0.6357615894039735,0.36423841059602646,0.7773279352226721,0.019695599057641948,0.679696394686907,0.320303605313093,0.8093086308178943,0.018870205833077223,-0.18131552174105348,0.18131552174105348,0.18131552174105348,0.007185691595077502,0.18419315570693545,0.15656600613780902,0.10712751766539157,3
1458.png,L5,0.0346571207046508,1.5759698152542114,0.8114912846998064,0.18850871530019364,0.8959372772630079,0.007638169719642602,0.9422685656154629,0.057731434384537095,0.9702762864999346,0.0016574452997785939,0.015302418248911986,0.015302418248911986,-0.015302418248911986,-0.012888854742050197,0.00846346041110263,-0.10600616479074687,-0.05888558582674992,3
1459.png,L5,0.0321402549743652,1.5287697315216064,0.863003663003663,0.13699633699633695,0.9264648053480141,0.003498391805767097,0.7381231671554253,0.26187683284457475,0.8493335582925595,0.011121530873008434,0.12852927104151757,0.12852927104151757,-0.12852927104151757,-0.0154057204723358,-0.04304891789275406,0.09813923366929078,0.05434126696585566,2
1461.png,L5,0.0522137880325317,1.9147374629974363,0.8265739667825415,0.17342603321745853,0.9050539226052019,0.008308135719200417,0.9102079395085066,0.08979206049149335,0.9529935675408214,0.00432571674548752,-0.0357740014088882,0.0357740014088882,0.0357740014088882,0.004667812585830697,-0.00661922167163248,-0.07394553868379061,-0.03841400266677371,3
1464.png,L5,0.0511457324028015,1.895382046699524,0.9255842558425584,0.07441574415744157,0.9613541999361227,0.003158713215061195,0.9965156794425087,0.0034843205574912606,0.9982547993019197,0.00016366384414126433,-0.001424095699230965,0.001424095699230965,0.001424095699230965,0.0035997569561005,-0.10562951073164945,-0.1602532786177927,-0.07276390837643094,3
1465.png,L5,0.0166674256324768,1.1149884462356567,0.9510869565217391,0.048913043478260865,0.9749303621169917,0.0020559016747320404,0.9973065621939275,0.0026934378060724518,0.9986514649993871,5.4529427219158886e-05,0.000816534340072228,0.000816534340072228,-0.000816534340072228,-0.0308785498142242,-0.13113221141083015,-0.1610441613692115,-0.07337146973558968,2
1466.png,L5,0.0547316670417785,2.032005548477173,0.8690680388793597,0.13093196112064032,0.9299479963291526,0.005814546804086187,0.9889422073857709,0.011057792614229123,0.9944403650477289,0.0004079727675440414,-0.003661075299246752,0.003661075299246752,0.003661075299246752,0.007185691595077502,-0.049113293768450694,-0.15267980656105484,-0.07052692877641516,3
1472.png,L5,0.0283535122871398,1.4250255823135376,0.8657635467980296,0.13423645320197042,0.928052805280528,0.005135102119547036,0.8031232571109872,0.1968767428890128,0.8908134859263842,0.009393850360916644,0.08047712865069945,0.08047712865069945,-0.08047712865069945,-0.0191924631595612,-0.04580880168712059,0.033139143713728836,0.0062891245750375385,2
1477.png,L5,0.0522137880325317,1.9147374629974363,0.676056338028169,0.323943661971831,0.8067226890756303,0.015301707198049127,0.9915361828184511,0.008463817181548872,0.9957501062473438,0.00010625054014818575,-0.0019824212174865963,0.0019824212174865963,0.0019824212174865963,0.004667812585830697,0.14389840708274,-0.1552737819937351,-0.07220558285817531,3
1480.png,L5,0.0374798774719238,1.6282004117965698,0.7777777777777778,0.2222222222222222,0.875,0.007674716979196195,0.9601084430673896,0.03989155693261037,0.9796482908516103,0.0008524515243126139,0.012757881223612655,0.012757881223612655,-0.012757881223612655,-0.0100660979747772,0.0421769673331312,-0.12384604224267359,-0.061430122852049254,3
1481.png,L5,0.0547316670417785,2.032005548477173,0.8001297858533419,0.19987021414665807,0.8889689978370584,0.005379561612717618,0.6108301100862839,0.38916988991371615,0.7584041374214998,0.01272862175432788,0.06208791577929018,0.06208791577929018,-0.06208791577929018,0.007185691595077502,0.019824959257567054,0.22543229073843218,-0.012100088296371728,3
1482.png,L5,0.0446961522102355,1.782710075378418,0.9185393258426966,0.0814606741573034,0.9575402635431918,0.0019368421663664048,0.9898836621143147,0.010116337885685334,0.9949161159125572,0.00035152809345489203,-0.0022038643237130007,0.0022038643237130007,0.0022038643237130007,-0.0028498232364655013,-0.09858458073178761,-0.15362126128959863,-0.07198413975194891,3
1483.png,L5,0.0346571207046508,1.5759698152542114,0.9049111807732497,0.09508881922675028,0.950082281952825,0.0036384117072815647,0.9627064464571125,0.03729355354288755,0.9809989142236699,0.0007188565505812082,-0.004614201486798253,0.004614201486798253,0.004614201486798253,-0.012888854742050197,-0.08495643566234073,-0.12644404563239642,-0.06957380258886366,3
1484.png,L5,0.0374798774719238,1.6282004117965698,0.7491525423728813,0.2508474576271187,0.8565891472868217,0.002538565253227211,0.8818105616093881,0.11818943839061191,0.9371937639198218,0.0023061545153376137,-0.01750391941928031,0.01750391941928031,0.01750391941928031,-0.0100660979747772,0.07080220273802768,-0.045548160784672054,-0.0566840846563816,3
1485.png,L5,0.0540093183517456,1.9899464845657349,0.792090395480226,0.20790960451977403,0.8839848675914249,0.005415663311859754,0.015538033395176253,0.9844619666048238,0.03060059374286367,0.03899165486659881,-0.9443918996883818,0.9443918996883818,0.9443918996883818,0.006463342905044599,0.027864349630683016,0.8207243674295398,0.8702038956127198,3
1488.png,L5,0.0511457324028015,1.895382046699524,0.895505617977528,0.10449438202247197,0.944872554831061,0.00490456612993031,0.7890909090909091,0.21090909090909093,0.8821138211382114,0.011560886794404916,0.08975449903020483,0.08975449903020483,-0.08975449903020483,0.0035997569561005,-0.07555087286661905,0.04717149173380697,0.015566494954542917,3
1490.png,L5,0.0582412481307983,2.0578718185424805,0.7540729247478666,0.24592707525213342,0.859796550199027,0.01365311433108761,0.9192214111922141,0.08077858880778588,0.9579107505070994,0.0032805430303008047,-0.032315484226950075,0.032315484226950075,0.032315484226950075,0.010695272684097298,0.06588182036304241,-0.08295901036749809,-0.041872519848711834,3
1491.png,L5,0.0576066970825195,2.0657761096954346,0.8409937888198757,0.15900621118012426,0.9136302294197031,0.0022476114139033452,0.8705929487179487,0.12940705128205132,0.9308203041336475,0.0018816695722493422,0.052415580349980895,0.052415580349980895,-0.052415580349980895,0.010060721635818497,-0.021039043708966754,-0.034330547893232644,-0.021772423725681014,3
1492.png,L5,0.0374798774719238,1.6282004117965698,0.924924924924925,0.07507507507507505,0.9609984399375975,0.001901041181144525,0.9325795644891123,0.06742043551088772,0.9651137594799567,0.0015405626506710104,0.02372055413577584,0.02372055413577584,-0.02372055413577584,-0.0100660979747772,-0.10497017981401596,-0.09631716366439624,-0.05046744993988607,3
1493.png,L5,0.0500947833061218,1.8791981935501096,0.7748309932397296,0.2251690067602704,0.8731321418107237,0.003421948376062123,0.5154867256637168,0.4845132743362832,0.6802919708029197,0.022115969132619945,-0.28253931665903886,0.28253931665903886,0.28253931665903886,0.0025488078594207986,0.045123751871179396,0.32077567516099925,0.20835131258337697,3
1495.png,L5,0.0374798774719238,1.6282004117965698,0.9408866995073891,0.059113300492610876,0.9695431472081218,0.002344282927953752,1.0,0.0,1.0,0.0,0.0,0.0,-0.0,-0.0100660979747772,-0.12093195439648013,-0.16373759917528397,-0.07418800407566191,3
1496.png,L5,0.0374798774719238,1.6282004117965698,0.924988055422838,0.07501194457716198,0.9610325142715314,0.0014366422674123697,0.84284332688588,0.15715667311411996,0.9147205457885069,0.005166686418173875,-0.014898155762980592,0.014898155762980592,0.014898155762980592,-0.0100660979747772,-0.10503331031192903,-0.006580926061164005,-0.05928984831268132,3
1497.png,L5,0.0374798774719238,1.6282004117965698,0.7879581151832461,0.2120418848167539,0.8814055636896047,0.013876382173906281,0.9089631919078393,0.09103680809216075,0.952310862525758,0.0051114176408883555,0.03711149424210336,0.03711149424210336,-0.03711149424210336,-0.0100660979747772,0.03199662992766289,-0.07270079108312322,-0.03707650983355855,3
1498.png,L5,0.0511457324028015,1.895382046699524,0.9175392670157068,0.08246073298429324,0.9569965870307168,0.003568030157761839,0.9476522842639594,0.05234771573604058,0.9731226584134224,0.0012321944806241566,-0.012045370913203512,0.012045370913203512,0.012045370913203512,0.0035997569561005,-0.09758452190479777,-0.11138988343924339,-0.0621426331624584,3
1509.png,L5,0.0500947833061218,1.8791981935501096,0.8054331864904553,0.19456681350954474,0.8922326148840992,0.006084608374003625,0.9957492029755579,0.004250797024442088,0.9978700745473909,6.460970562536122e-05,0.0005512187883588426,0.0005512187883588426,-0.0005512187883588426,0.0025488078594207986,0.014521558620453734,-0.15948680215084188,-0.07363678528730307,3
1519.png,L5,0.0547316670417785,2.032005548477173,0.8094079480940795,0.19059205190592055,0.894666069027342,0.0059854947950571105,0.9612102404965089,0.03878975950349106,0.9802215189873418,0.00081320228858125,-0.017725094904141758,0.017725094904141758,0.017725094904141758,0.007185691595077502,0.010546797016829534,-0.1249478396717929,-0.05646290917152015,3
1529.png,L5,0.0500947833061218,1.8791981935501096,0.9778420038535646,0.022157996146435432,0.9887968826108134,0.0010193390256683958,0.9955539088551315,0.0044460911448684914,0.9977720014853323,0.00011952531454543507,-0.002181174257037566,0.002181174257037566,0.002181174257037566,0.0025488078594207986,-0.15788725874265558,-0.15929150803041547,-0.07200682981862434,3
1533.png,L5,0.0511457324028015,1.895382046699524,0.6345441067457376,0.3654558932542624,0.7764172335600907,0.012896611140091377,0.543939393939394,0.45606060606060606,0.704612365063788,0.01905441244005518,-0.193959636068034,0.193959636068034,0.193959636068034,0.0035997569561005,0.1854106383651714,0.2923230068853221,0.1197716319923721,3
1534.png,L5,0.0329810380935668,1.5772080421447754,0.9812304483837331,0.018769551616266922,0.9905263157894737,0.0008700388366421327,0.9958968347010551,0.004103165298944944,0.9979441997063142,7.748381826425676e-05,0.0019912956484614552,0.0019912956484614552,-0.0019912956484614552,-0.014564937353134202,-0.1612757032728241,-0.15963443387633902,-0.07219670842720045,2
1535.png,L5,0.0527559518814086,1.9411842823028564,0.7492647058823529,0.25073529411764706,0.8566624632198403,0.010259926934592052,0.9320905459387483,0.0679094540612517,0.9648518263266712,0.002399734244028465,-0.03332360841778237,0.03332360841778237,0.03332360841778237,0.005209976434707601,0.07069003922855605,-0.09582814511403226,-0.04086439565787954,3
1536.png,L5,0.0547316670417785,2.032005548477173,0.7369402985074627,0.2630597014925373,0.8485499462943072,0.009025293226632182,0.957680250783699,0.042319749216300995,0.978382706164932,0.000830280421430154,-0.020217837954348172,0.020217837954348172,0.020217837954348172,0.007185691595077502,0.08301444660344631,-0.12141784995898297,-0.05397016612131374,3
1545.png,L5,0.0547316670417785,2.032005548477173,0.8306233062330624,0.16937669376693765,0.9074759437453738,0.007942486977634543,0.8374777975133215,0.16252220248667848,0.9115514741420976,0.009178881214588508,-0.0026620515765960473,0.0026620515765960473,0.0026620515765960473,0.007185691595077502,-0.010668561122153364,-0.0012153966886054857,-0.07152595249906586,3
1546.png,L5,0.0321402549743652,1.5287697315216064,0.8765432098765432,0.12345679012345678,0.9342105263157895,0.007618950577588676,0.7663316582914573,0.23366834170854267,0.8677098150782361,0.010191847980949287,0.09407494985254028,0.09407494985254028,-0.09407494985254028,-0.0154057204723358,-0.05658846476563423,0.0699307425332587,0.01988694577687837,2
1547.png,L5,0.0460785031318664,1.8025307655334477,0.8705357142857143,0.1294642857142857,0.9307875894988067,0.0028816982173078434,0.9524482109227872,0.0475517890772128,0.9756450446105619,0.0014079082279388592,-0.016914464278126706,0.016914464278126706,0.016914464278126706,-0.0014674723148346003,-0.05058096917480531,-0.11618581009807116,-0.0572735397975352,3
1548.png,L5,0.0500947833061218,1.8791981935501096,0.8952291861552854,0.10477081384471465,0.9447186574531096,0.003362139395022813,0.9075342465753424,0.09246575342465757,0.9515260323159784,0.002790288374363838,0.0451761817047035,0.0451761817047035,-0.0451761817047035,0.0025488078594207986,-0.07527444104437636,-0.0712718457506264,-0.02901182237095841,3
1551.png,L5,0.0527559518814086,1.9411842823028564,0.7937219730941704,0.20627802690582964,0.885,0.01224426725337707,0.6129972565157751,0.3870027434842249,0.7600722865950887,0.022139853431634864,-0.17355340630584015,0.17355340630584015,0.17355340630584015,0.005209976434707601,0.026232772016738626,0.22326514430894095,0.09936540223017824,3
1552.png,L5,0.0341651439666748,1.5706110000610352,0.8092664092664092,0.19073359073359075,0.894579598804951,0.00901960101723966,0.6168741355463347,0.38312586445366525,0.7630453378956373,0.02050915439144951,0.1887821691888183,0.1887821691888183,-0.1887821691888183,-0.013380831480026202,0.010688335844499741,0.2193882652783813,0.11459416511315638,3
1555.png,L5,0.0321418046951293,1.5275423526763916,0.8123953098827471,0.1876046901172529,0.8964879852125693,0.01268655513252743,0.9647806004618937,0.035219399538106266,0.9820746400235086,0.0012346666177982253,-0.009457343988198863,0.009457343988198863,0.009457343988198863,-0.015404170751571702,0.0075594352281618815,-0.1285181996371777,-0.06473066008746305,2
1559.png,L5,0.0321402549743652,1.5287697315216064,0.8434940855323021,0.1565059144676979,0.9151036525172754,0.007512739033377008,0.9549071618037135,0.04509283819628651,0.9769335142469471,0.0008725736840923028,0.021665368545783825,0.021665368545783825,-0.021665368545783825,-0.0154057204723358,-0.023539340421393107,-0.11864476097899745,-0.052522635529878084,2
1560.png,L5,0.0547316670417785,2.032005548477173,0.5553453169347209,0.4446546830652791,0.7141119221411192,0.023433011767682182,0.9919151086407276,0.008084891359272373,0.9959411466260781,9.504064536804823e-05,0.0005912702360815203,0.0005912702360815203,-0.0005912702360815203,0.007185691595077502,0.2646094281761881,-0.1556527078160116,-0.07359673383958039,3
1563.png,L5,0.0321402549743652,1.5287697315216064,0.8181818181818182,0.18181818181818177,0.9,0.006052020738063541,0.9347826086956522,0.06521739130434778,0.9662921348314607,0.0014079243253703117,-0.014821200890527186,0.014821200890527186,0.014821200890527186,-0.0154057204723358,0.0017729269290907568,-0.09852020787093618,-0.05936680318513472,2
1564.png,L5,0.0161634683609008,1.075672268867493,0.9027431421446384,0.09725685785536164,0.9488859764089121,0.0041026501784140555,0.7792079207920792,0.22079207920792077,0.8759042849193099,0.010944298953632596,-0.10299272087487499,0.10299272087487499,0.10299272087487499,-0.031382507085800204,-0.08278839703372937,0.0570544800326368,0.02880471679921308,2
1574.png,L5,0.0166674256324768,1.1149884462356567,0.9584816132858838,0.04151838671411623,0.9788007268322229,0.0016770905740512052,0.9963898916967509,0.0036101083032491488,0.9981916817359855,9.819979099558252e-05,0.0015121618726976482,0.0015121618726976482,-0.0015121618726976482,-0.0308785498142242,-0.13852686817497478,-0.16012749087203482,-0.07267584220296426,2
1575.png,L5,0.0161634683609008,1.075672268867493,0.9365404298874105,0.06345957011258951,0.96723044397463,0.0017929189603669141,0.9923539049699618,0.0076460950300382136,0.9961622807017544,0.00020915001421950263,0.0007282732383362411,0.0007282732383362411,-0.0007282732383362411,-0.031382507085800204,-0.1165856847765015,-0.15609150414524575,-0.07345973083732567,2
1577.png,L5,0.0161634683609008,1.075672268867493,0.9414976599063962,0.05850234009360378,0.969867416633186,0.002709127643919908,0.9979035639412998,0.002096436058700246,0.9989506820566632,8.901743657993268e-05,-0.0006987331271643971,0.0006987331271643971,0.0006987331271643971,-0.031382507085800204,-0.12154291479548723,-0.16164116311658372,-0.07348927094849751,2
1579.png,L5,0.0321402549743652,1.5287697315216064,0.8751891074130106,0.12481089258698941,0.9334409035901573,0.005458630833018676,0.9862565445026178,0.013743455497382207,0.9930807248764415,0.00018991161047397914,-0.006812404151474105,0.006812404151474105,0.006812404151474105,-0.0154057204723358,-0.0552343623021016,-0.14999414367790176,-0.0673755999241878,2
1583.png,L5,0.0500947833061218,1.8791981935501096,0.823679727427598,0.17632027257240201,0.9033162073797291,0.008004230835129997,0.9858137735362393,0.014186226463760665,0.9928562150928693,0.00032048433152676974,-0.000519237642202075,0.000519237642202075,0.000519237642202075,0.0025488078594207986,-0.003724982316688996,-0.1495513727115233,-0.07366876643345983,3
1585.png,L5,0.0283535122871398,1.4250255823135376,0.816220880069025,0.18377911993097495,0.898812351543943,0.007081625893103525,0.760427438814202,0.23957256118579795,0.863912277266497,0.01017967551052246,-0.09147728067977623,0.09147728067977623,0.09147728067977623,-0.0191924631595612,0.0037338650418839436,0.07583496201051398,0.01728927660411432,2
1587.png,L5,0.0460785031318664,1.8025307655334477,0.7393906420021763,0.2606093579978237,0.8501720362840163,0.005956891456893514,0.6517943743937924,0.3482056256062076,0.7891955372871403,0.01835863730815083,-0.19939632508474248,0.19939632508474248,0.19939632508474248,-0.0014674723148346003,0.08056410310873269,0.18446802643092364,0.12520832100908058,3
1588.png,L5,0.0374798774719238,1.6282004117965698,0.783410138248848,0.21658986175115202,0.8785529715762274,0.014234590031607276,0.9574896070805954,0.042510392919404616,0.9782832088785367,0.0015974122257925306,-0.0030945592066357053,0.0030945592066357053,0.0030945592066357053,-0.0100660979747772,0.03654460686206101,-0.12122720625587935,-0.0710934448690262,3
1590.png,L5,0.0341651439666748,1.5706110000610352,0.8357541899441341,0.16424581005586592,0.9105295191722459,0.007507393062644912,0.8724188790560472,0.1275811209439528,0.9318629381646317,0.004588879703131417,-0.038372798132418784,0.038372798132418784,0.038372798132418784,-0.013380831480026202,-0.015799444833225096,-0.03615647823133117,-0.035815205943243125,3
1591.png,L5,0.0161634683609008,1.075672268867493,0.8623762376237624,0.13762376237623763,0.9261031366294524,0.00405568916202809,0.47057633973710816,0.5294236602628919,0.63998899889989,0.02754573779133026,-0.5053900907751602,0.5053900907751602,0.5053900907751602,-0.031382507085800204,-0.042421492512853376,0.3656860610876079,0.4312020866994983,2
1596.png,L5,0.0166674256324768,1.1149884462356567,0.9276315789473685,0.07236842105263153,0.962457337883959,0.0018601433715015449,0.9988814317673378,0.0011185682326622093,0.9994404029099049,2.080562990771883e-05,0.0005137902956191542,0.0005137902956191542,-0.0005137902956191542,-0.0308785498142242,-0.10767683383645948,-0.16261903094262176,-0.07367421378004275,2
1600.png,L5,0.0547316670417785,2.032005548477173,0.8276199804113614,0.17238001958863858,0.9056806002143623,0.007847962030415313,0.9411764705882353,0.05882352941176472,0.9696969696969697,0.0007594590441213903,-0.019496627805649758,0.019496627805649758,0.019496627805649758,0.007185691595077502,-0.007665235300452433,-0.10491406976351925,-0.05469137627001215,3
1601.png,L5,0.0321418046951293,1.5275423526763916,0.8777348777348777,0.12226512226512232,0.9348869088416724,0.005959163703300249,0.8967360720315138,0.10326392796848616,0.9455570390149829,0.0028771875145840726,-0.05143758633341966,0.05143758633341966,0.05143758633341966,-0.015404170751571702,-0.057780132623968694,-0.06047367120679781,-0.02275041774224225,2
1619.png,L5,0.0374798774719238,1.6282004117965698,0.8095238095238095,0.19047619047619047,0.8947368421052632,0.008676055255951231,0.9553429027113237,0.044657097288676284,0.9771615008156607,0.002086289657349853,-0.0195505254985332,0.0195505254985332,0.0195505254985332,-0.0100660979747772,0.010430935587099455,-0.11908050188660768,-0.05463747857712871,3
1628.png,L5,0.0341651439666748,1.5706110000610352,0.9324324324324325,0.06756756756756754,0.965034965034965,0.0015424190427758095,0.9812623274161736,0.018737672583826415,0.9905425584868094,0.0004988374060864246,-0.003196473683816037,0.003196473683816037,0.003196473683816037,-0.013380831480026202,-0.11247768732152347,-0.14499992659145755,-0.07099153039184587,3
1629.png,L5,0.0321402549743652,1.5287697315216064,0.5713654441007512,0.4286345558992488,0.7272215973003374,0.044790418346171514,0.6377291804727192,0.3622708195272808,0.7787968707850014,0.020090152220519006,0.20656856414711677,0.20656856414711677,-0.20656856414711677,-0.0154057204723358,0.2485893010101578,0.19853322035199683,0.13238056007145488,2
1630.png,L5,0.0522137880325317,1.9147374629974363,0.8983402489626556,0.10165975103734437,0.946448087431694,0.0036231333965068336,0.99427718337895,0.005722816621050009,0.997130380536494,0.0001297465984623621,-0.002294205808513583,0.002294205808513583,0.002294205808513583,0.004667812585830697,-0.07838550385174664,-0.15801478255423396,-0.07189379826714833,3
1644.png,L5,0.0346571207046508,1.5759698152542114,0.7905882352941176,0.2094117647058824,0.8830486202365309,0.0026043451352973936,0.9767873723305478,0.0232126276694522,0.9882573978393612,1.1241224753098542e-05,-0.0008586907116444609,0.0008586907116444609,0.0008586907116444609,-0.012888854742050197,0.029366509816791397,-0.14052497150583176,-0.07332931336401745,3
1645.png,L5,0.0527559518814086,1.9411842823028564,0.9855072463768116,0.01449275362318836,0.9927007299270073,0.000435113648773772,1.0,0.0,1.0,0.0,0.0,0.0,-0.0,0.005209976434707601,-0.16555250126590265,-0.16373759917528397,-0.07418800407566191,3
1646.png,L5,0.0166674256324768,1.1149884462356567,0.991869918699187,0.008130081300813052,0.9959183673469387,0.00023033965829222656,0.9161904761904762,0.08380952380952378,0.9562624254473161,0.002230849030855462,0.01221120263541553,0.01221120263541553,-0.01221120263541553,-0.0308785498142242,-0.17191517358827796,-0.07992807536576019,-0.06197680144024638,2
1647.png,L5,0.0283535122871398,1.4250255823135376,0.8764302059496567,0.1235697940503433,0.9341463414634147,0.0016490264307492909,0.943359375,0.056640625,0.9708542713567839,0.0003487803470568251,0.0,0.0,-0.0,-0.0191924631595612,-0.056475460838747715,-0.10709697417528397,-0.07418800407566191,2
1648.png,L5,0.0576066970825195,2.0657761096954346,0.7904849039341263,0.2095150960658737,0.8829841594276955,0.009479386896123067,0.9972055888223553,0.0027944111776446734,0.9986008394963022,6.047181333187555e-05,0.0009695333513488613,0.0009695333513488613,-0.0009695333513488613,0.010060721635818497,0.029469841176782696,-0.1609431879976393,-0.07321847072431305,3
1656.png,L5,0.0359466075897216,1.5952458381652832,0.9948275862068966,0.005172413793103403,0.9974070872947277,0.00019582281985126897,1.0,0.0,1.0,0.0,0.0,0.0,-0.0,-0.011599367856979396,-0.1748728410959876,-0.16373759917528397,-0.07418800407566191,3
1657.png,L5,0.0582412481307983,2.0578718185424805,0.8126684636118598,0.18733153638814015,0.8966542750929368,0.0009470040734447701,0.903435468895079,0.09656453110492103,0.9492682926829268,0.0036618341138937795,-0.046187242114928195,0.046187242114928195,0.046187242114928195,0.010695272684097298,0.007286281499049141,-0.06717306807036294,-0.028000761960733714,3
1665.png,L5,0.0346571207046508,1.5759698152542114,0.7685185185185185,0.2314814814814815,0.8691099476439791,0.006328264215968773,0.6954314720812182,0.30456852791878175,0.8203592814371258,0.011153890857132302,-0.14651225946617008,0.14651225946617008,0.14651225946617008,-0.012888854742050197,0.0514362265923905,0.14083092874349779,0.07232425539050817,3
1666.png,L5,0.0500947833061218,1.8791981935501096,0.9598715890850722,0.0401284109149278,0.9795249795249795,0.0002883755245643122,0.9764453961456103,0.023554603854389677,0.9880823401950163,0.0002396088133207106,-0.0060930683822040255,0.0060930683822040255,0.0060930683822040255,0.0025488078594207986,-0.1399168439741632,-0.1401829953208943,-0.06809493569345788,3
1678.png,L5,0.0500947833061218,1.8791981935501096,0.8595664467483506,0.1404335532516494,0.9244804865686771,0.0007732849631252469,0.9975984630163305,0.0024015369836695166,0.9987977879297908,5.7383417343028316e-05,-0.0007853243328084236,0.0007853243328084236,0.0007853243328084236,0.0025488078594207986,-0.0396117016374416,-0.16133606219161445,-0.07340267974285349,3
1684.png,L5,0.0321402549743652,1.5287697315216064,0.0,1.0,0.0,0.16247161672521138,0.0,1.0,0.0,0.14254711126956457,-0.4081366965012205,0.4081366965012205,0.4081366965012205,-0.0154057204723358,0.819954745110909,0.836262400824716,0.3339486924255586,2
1685.png,L5,0.0374798774719238,1.6282004117965698,0.6416342412451362,0.35836575875486376,0.7817018250770325,0.026522006035998604,0.8531974050046339,0.14680259499536608,0.9207841568313663,0.008554260370587562,-0.06024802254136341,0.06024802254136341,0.06024802254136341,-0.0100660979747772,0.17832050386577275,-0.01693500417991789,-0.013939981534298498,3
1686.png,L5,0.0500947833061218,1.8791981935501096,0.7689606741573034,0.2310393258426966,0.869392616117507,0.0124326528999644,0.993801652892562,0.006198347107438051,0.9968911917098445,6.590957740615268e-05,0.0012440878384559761,0.0012440878384559761,-0.0012440878384559761,0.0025488078594207986,0.050994070953605586,-0.15753925206784591,-0.07294391623720593,3
1689.png,L5,0.0522137880325317,1.9147374629974363,0.9360288008861811,0.06397119911381888,0.9669575168073237,0.002160395559563142,0.9912670689107653,0.008732931089234675,0.9956143848177976,0.0002350006607530002,0.0,0.0,-0.0,0.004667812585830697,-0.11607405577527213,-0.1550046680860493,-0.07418800407566191,3
1696.png,L5,0.0460785031318664,1.8025307655334477,0.9575045207956601,0.042495479204339937,0.9782909930715935,0.0017629309761865411,0.9984879032258065,0.0015120967741935054,0.9992433795712484,5.21258644810901e-05,-0.0007857905152260924,0.0007857905152260924,0.0007857905152260924,-0.0014674723148346003,-0.13754977568475107,-0.16222550240109046,-0.07340221356043582,3
1706.png,L5,0.0460785031318664,1.8025307655334477,0.9109756097560976,0.08902439024390241,0.9534141671984684,0.004069956772983084,0.9543230016313213,0.04567699836867867,0.9766277128547579,0.0006764978972103185,0.008402655502899425,0.008402655502899425,-0.008402655502899425,-0.0014674723148346003,-0.0910208646451886,-0.1180606008066053,-0.06578534857276248,3
1715.png,L5,0.0329810380935668,1.5772080421447754,1.0,0.0,1.0,0.0,1.0,0.0,1.0,0.0,0.0,0.0,-0.0,-0.014564937353134202,-0.180045254889091,-0.16373759917528397,-0.07418800407566191,2
1716.png,L5,0.0511457324028015,1.895382046699524,0.8150537634408602,0.18494623655913978,0.8981042654028436,0.011409720190359669,0.9813278008298755,0.018672199170124526,0.9905759162303664,0.00035762559767503065,0.004409413065588064,0.004409413065588064,-0.004409413065588064,0.0035997569561005,0.004900981670048765,-0.14506540000515944,-0.06977859101007385,3
1718.png,L5,0.0329810380935668,1.5772080421447754,0.8965087281795511,0.10349127182044893,0.94543063773833,0.0061752899091858104,0.9755567626290059,0.024443237370994075,0.987627165246082,0.0009342409999587974,-0.011355041047873882,0.011355041047873882,0.011355041047873882,-0.014564937353134202,-0.07655398306864208,-0.1392943618042899,-0.06283296302778803,2
1727.png,L5,0.0161634683609008,1.075672268867493,0.9425133689839572,0.05748663101604279,0.9704060564349621,0.0012638397010720297,0.9993364299933643,0.0006635700066357497,0.9996681048788583,2.5837492859788138e-05,8.306942690006203e-05,8.306942690006203e-05,-8.306942690006203e-05,-0.031382507085800204,-0.12255862387304822,-0.16307402916864822,-0.07410493464876185,2
1728.png,L5,0.0511457324028015,1.895382046699524,0.9505844845908608,0.04941551540913924,0.9746663034595479,0.00209610442887054,0.9726582940868655,0.02734170591313445,0.986139664433981,0.0016316619225815207,-0.012555040307595688,0.012555040307595688,0.012555040307595688,0.0035997569561005,-0.13062973947995177,-0.13639589326214951,-0.06163296376806622,3
1729.png,L5,0.0527559518814086,1.9411842823028564,0.6875,0.3125,0.8148148148148148,0.009590258785310415,0.8234638945609801,0.17653610543901987,0.9031863992670264,0.014112042225731007,0.0816923375521258,0.0816923375521258,-0.0816923375521258,0.005209976434707601,0.132454745110909,0.01279850626373591,0.007504333476463884,3
1730.png,L5,0.0374798774719238,1.6282004117965698,0.8071886319309,0.19281136806910004,0.8933086648165279,0.020362946001580427,0.9331532748143146,0.06684672518568535,0.9654208871812784,0.005730822739268777,-0.006416458769873956,0.006416458769873956,0.006416458769873956,-0.0100660979747772,0.012766113180009031,-0.09689087398959861,-0.06777154530578795,3
1734.png,L5,0.0582412481307983,2.0578718185424805,0.9056122448979592,0.09438775510204078,0.9504685408299867,0.004606841972450864,0.9973240567299974,0.0026759432700026453,0.9986602357984995,7.670268788361045e-05,-0.0007355307428436042,0.0007355307428436042,0.0007355307428436042,0.010695272684097298,-0.08565749978705023,-0.16106165590528132,-0.0734524733328183,3
1735.png,L5,0.0576066970825195,2.0657761096954346,0.9682835820895522,0.03171641791044777,0.9838862559241706,0.001332450393975198,1.0,0.0,1.0,0.0,0.0,0.0,-0.0,0.010060721635818497,-0.14832883697864324,-0.16373759917528397,-0.07418800407566191,3
1736.png,L5,0.0500947833061218,1.8791981935501096,0.8997890295358649,0.10021097046413507,0.9472515269294837,0.0013197839666789003,0.7729831144465291,0.22701688555347088,0.8719576719576719,0.01095825820583005,-0.10469404949060424,0.10469404949060424,0.10469404949060424,0.0025488078594207986,-0.07983428442495594,0.06327928637818692,0.030506045414942326,3
1740.png,L5,0.0374798774719238,1.6282004117965698,0.9681528662420382,0.031847133757961776,0.9838187702265372,0.0009372386664392328,0.9995721009841677,0.0004278990158322893,0.9997860047078965,1.731695074394179e-05,-0.0002076225456666414,0.0002076225456666414,0.0002076225456666414,-0.0100660979747772,-0.14819812113112923,-0.16330970015945168,-0.07398038152999527,3
1744.png,L5,0.0283535122871398,1.4250255823135376,0.8486486486486486,0.15135135135135136,0.9181286549707602,0.00624366847696911,0.5823157894736842,0.41768421052631577,0.7360298030867483,0.015260816590085657,0.003635760329107507,0.003635760329107507,-0.003635760329107507,-0.0191924631595612,-0.02869390353773965,0.2539466113510318,-0.0705522437465544,2
1746.png,L5,0.0166674256324768,1.1149884462356567,0.8901098901098901,0.10989010989010994,0.9418604651162791,0.004470991472968273,0.9156686626746507,0.08433133732534925,0.9559781193019016,0.0016098347942362261,0.040709073790964334,0.040709073790964334,-0.040709073790964334,-0.0308785498142242,-0.07015514499898107,-0.07940626184993471,-0.033478930284697575,2
1752.png,L5,0.0547316670417785,2.032005548477173,0.7983539094650206,0.2016460905349794,0.8878718535469108,0.0012830392567279925,0.6659267480577137,0.3340732519422863,0.7994670219853431,0.015870118751134064,-0.1733155636377225,0.1733155636377225,0.1733155636377225,0.007185691595077502,0.021600835645888383,0.17033565276700235,0.09912755956206058,3
1769.png,L5,0.0547316670417785,2.032005548477173,0.6939138160817414,0.3060861839182586,0.8193023865722528,0.008882142138751738,0.9883660806618407,0.011633919338159271,0.9941490053309062,0.00012081015660277376,0.0030685624020410085,0.0030685624020410085,-0.0030685624020410085,0.007185691595077502,0.12604092902916758,-0.1521036798371247,-0.0711194416736209,3
1771.png,L5,0.0540093183517456,1.9899464845657349,0.9930843706777317,0.006915629322268302,0.9965301873698821,0.00016336783060118818,1.0,0.0,1.0,0.0,0.0,0.0,-0.0,0.006463342905044599,-0.1731296255668227,-0.16373759917528397,-0.07418800407566191,3
1773.png,L5,0.0522137880325317,1.9147374629974363,0.8958880139982502,0.10411198600174976,0.9450853714813106,0.0050195794216800985,0.9958620689655172,0.004137931034482789,0.9979267449896337,6.425843820087301e-05,0.001306682555543226,0.001306682555543226,-0.001306682555543226,0.004667812585830697,-0.07593326888734125,-0.15959966814080118,-0.07288132152011868,3
1774.png,L5,0.0359466075897216,1.5952458381652832,0.95995995995996,0.040040040040040026,0.9795709908069459,0.0005642353232858918,0.9894392758360573,0.010560724163942714,0.9946916076845298,0.0004301005473533397,-0.003714380732875333,0.003714380732875333,0.003714380732875333,-0.011599367856979396,-0.14000521484905099,-0.15317687501134125,-0.07047362334278658,3
1776.png,L5,0.0374798774719238,1.6282004117965698,0.7461734693877551,0.2538265306122449,0.8546384222059897,0.014363706354800642,0.9234069942072517,0.0765930057927483,0.9601784718349136,0.0014836818926070427,-0.00019525294904339994,0.00019525294904339994,0.00019525294904339994,-0.0100660979747772,0.0737812757231539,-0.08714459338253566,-0.0739927511266185,3
1789.png,L5,0.0283535122871398,1.4250255823135376,0.9984939759036144,0.001506024096385561,0.9992464204973625,5.915464185271343e-05,1.0,0.0,1.0,0.0,0.0,0.0,-0.0,-0.0191924631595612,-0.17853923079270545,-0.16373759917528397,-0.07418800407566191,2
1796.png,L5,0.0346571207046508,1.5759698152542114,0.9199043634190077,0.08009563658099228,0.9582814445828145,0.005088953853138307,0.0,1.0,0.0,0.09777828764023089,-0.7755102040816326,0.7755102040816326,0.7755102040816326,-0.012888854742050197,-0.09994961830809873,0.836262400824716,0.7013222000059707,3
1798.png,L5,0.0582412481307983,2.0578718185424805,0.3642317380352645,0.6357682619647356,0.53397341211226,0.04038028746696964,0.8852132323634915,0.11478676763650852,0.9391120507399577,0.0022927204853103278,-0.054766296145606574,0.054766296145606574,0.054766296145606574,0.010695272684097298,0.45572300707564456,-0.04895083153877544,-0.019421707930055335,3
1807.png,L5,0.0446961522102355,1.782710075378418,0.9273422562141491,0.07265774378585088,0.9623015873015873,0.001887026361431798,0.8405797101449275,0.1594202898550725,0.9133858267716536,0.004264998778499841,0.0588735357541722,0.0588735357541722,-0.0588735357541722,-0.0028498232364655013,-0.10738751110324013,-0.00431730932021146,-0.015314468321489708,3
1816.png,L5,0.0540093183517456,1.9899464845657349,0.9174964438122333,0.08250355618776672,0.956973293768546,0.0005796472716949417,1.0,0.0,1.0,0.0,0.0,0.0,-0.0,0.006463342905044599,-0.09754169870132429,-0.16373759917528397,-0.07418800407566191,3
1824.png,L5,0.0540093183517456,1.9899464845657349,0.9322683706070287,0.06773162939297128,0.96494708994709,0.0013776966621950857,0.9964253798033958,0.00357462019660415,0.9982094897045658,0.00020996880964767602,0.0014174113978366876,0.0014174113978366876,-0.0014174113978366876,0.006463342905044599,-0.11231362549611973,-0.16016297897867982,-0.07277059267782522,3
1825.png,L5,0.0161634683609008,1.075672268867493,0.9022277227722773,0.09777227722772275,0.9486011711125569,0.004597587456927712,0.8828262509429218,0.11717374905707822,0.937767094017094,0.006231481844003597,0.055741471535313836,0.055741471535313836,-0.055741471535313836,-0.031382507085800204,-0.08227297766136826,-0.04656385011820574,-0.018446532540348073,2
1826.png,L5,0.0540093183517456,1.9899464845657349,0.9273947528981086,0.07260524710189142,0.9623298512187402,0.0032528463248036503,0.9726482213438735,0.02735177865612648,0.9861344874569208,0.0017811454338840912,-0.011012130741566373,0.011012130741566373,0.011012130741566373,0.006463342905044599,-0.10744000778719959,-0.13638582051915749,-0.06317587333409554,3
1827.png,L5,0.0161634683609008,1.075672268867493,0.8586224754013465,0.1413775245986535,0.9239342435218724,0.011485323226856112,0.9326548937443879,0.06734510625561207,0.9651540963295648,0.005972220074231572,-0.021789283786894376,0.021789283786894376,0.021789283786894376,-0.031382507085800204,-0.03866773029043752,-0.09639249291967189,-0.052398720288767534,2
1829.png,L5,0.0500947833061218,1.8791981935501096,0.8952442159383034,0.10475578406169661,0.9447270261105459,0.002759481990155055,0.9974160206718347,0.0025839793281653423,0.9987063389391979,9.294625662570232e-05,-0.00035562093338947776,0.00035562093338947776,0.00035562093338947776,0.0025488078594207986,-0.0752894708273944,-0.16115361984711862,-0.07383238314227243,3
1834.png,L5,0.0522137880325317,1.9147374629974363,0.7379679144385026,0.2620320855614974,0.8492307692307692,0.014060211313381438,0.9971804511278195,0.0028195488721804995,0.9985882352941177,6.279380591715984e-05,-0.0007521759153463758,0.0007521759153463758,0.0007521759153463758,0.004667812585830697,0.08198683067240636,-0.16091805030310347,-0.07343582816031553,3
1835.png,L5,0.0161634683609008,1.075672268867493,0.912490650710546,0.08750934928945397,0.9542432538130622,0.004516667999102408,0.2270220588235294,0.7729779411764706,0.3700374531835206,0.03308199979641384,0.5899306173278775,0.5899306173278775,-0.5899306173278775,-0.031382507085800204,-0.09253590559963704,0.6092403420011866,0.5157426132522156,2
1843.png,L5,0.0909919142723083,2.4126055240631104,0.8573573573573574,0.1426426426426426,0.9232012934518997,0.00020578922424372036,0.6869633099141296,0.31303669008587043,0.8144377602961592,0.006273312609482552,0.17006543388047946,0.17006543388047946,-0.17006543388047946,0.043445938825607294,-0.03740261224644842,0.14929909091058646,0.09587742980481755,4
1847.png,L5,0.0287660956382751,1.3450361490249634,0.9543568464730291,0.0456431535269709,0.9766454352441614,0.0013449796667109049,0.9959555106167847,0.004044489383215333,0.9979736575481256,0.00010794197181025057,-0.0018367198576914046,0.0018367198576914046,0.0018367198576914046,-0.0187798798084259,-0.1344021013621201,-0.15969310979206863,-0.0723512842179705,2
1852.png,L5,0.0614362955093383,1.9509403705596924,0.9831932773109243,0.01680672268907568,0.9915254237288136,0.0005674660538307003,0.9826839826839827,0.017316017316017285,0.9912663755458515,8.289826915751925e-05,-0.006441844680859621,0.006441844680859621,0.006441844680859621,0.013890320062637303,-0.16323853220001533,-0.14642158185926668,-0.06774615939480229,3
1853.png,L5,0.0240485668182373,1.2422749996185305,0.0,1.0,0.0,0.30367900361024713,0.0,1.0,0.0,0.29490351734834447,-0.7091129357921658,0.7091129357921658,0.7091129357921658,-0.0234974086284637,0.819954745110909,0.836262400824716,0.6349249317165039,2
1858.png,L5,0.0808060765266418,2.27654242515564,0.8472432979261507,0.15275670207384928,0.9173055859802848,0.0068404943265333185,0.794243577545195,0.20575642245480497,0.8853241415882275,0.0038742124135746478,-0.09929494991287757,0.09929494991287757,0.09929494991287757,0.033260101079940804,-0.02728855281524173,0.042018823279521,0.025106945837215663,4
1863.png,L5,0.0240485668182373,1.2422749996185305,0.6216350947158524,0.37836490528414757,0.7666769136181986,0.028130849446458106,0.468883522199517,0.531116477800483,0.6384216517010244,0.030980648631840427,-0.08709826898302431,0.08709826898302431,0.08709826898302431,-0.0234974086284637,0.19831965039505656,0.367378878625199,0.012910264907362398,2
1869.png,L5,0.0358539819717407,1.5200445652008057,0.9483362521891419,0.05166374781085814,0.9734831460674157,9.048500705847042e-05,0.9333070244672454,0.06669297553275455,0.9655031639110022,0.002532317221150177,-0.022532961691724307,0.022532961691724307,0.022532961691724307,-0.011691993474960298,-0.12838150707823287,-0.09704462364252942,-0.0516550423839376,3
1879.png,L5,0.046326994895935,1.6967430114746094,0.8893939393939394,0.1106060606060606,0.9414595028067362,2.489273521023073e-05,0.9838895281933256,0.016110471806674354,0.9918793503480279,0.0003884513172467145,0.006468432888198872,0.006468432888198872,-0.006468432888198872,-0.0012189805507659968,-0.06943919428303041,-0.1476271273686096,-0.06771957118746304,3
1880.png,L5,0.0808060765266418,2.27654242515564,0.9767441860465116,0.023255813953488413,0.9882352941176471,0.00042356555897697103,1.0,0.0,1.0,0.0,0.0,0.0,-0.0,0.033260101079940804,-0.1567894409356026,-0.16373759917528397,-0.07418800407566191,4
1882.png,L5,0.0741412043571472,2.232637405395508,0.8733766233766234,0.12662337662337664,0.9324090121317158,0.005577844283199692,0.9757470766565612,0.02425292334343876,0.9877246821569488,0.00043643382078609644,0.0016789195793521783,0.0016789195793521783,-0.0016789195793521783,0.026595228910446203,-0.05342187826571437,-0.1394846758318452,-0.07250908449630973,4
1886.png,L5,0.0614362955093383,1.9509403705596924,0.9903314917127072,0.00966850828729282,0.9951422623178349,0.00035793863585523,1.0,0.0,1.0,0.0,0.0,0.0,-0.0,0.013890320062637303,-0.1703767466017982,-0.16373759917528397,-0.07418800407566191,3
1890.png,L5,0.0445970892906188,1.6726276874542236,0.6512396694214876,0.3487603305785124,0.7887887887887888,0.035716228476963575,0.6863078025097499,0.3136921974902501,0.8139769044397596,0.033162629978061436,-0.1115267503525666,0.1115267503525666,0.1115267503525666,-0.0029488861560822005,0.1687150756894214,0.14995459831496616,0.037338746276904686,3
1894.png,L5,0.0286682844161987,1.3431382179260254,0.8347107438016529,0.1652892561983471,0.9099099099099099,0.005039797890507988,0.20584652862362973,0.7941534713763703,0.3414141414141414,0.03779425106352796,0.4835654596100278,0.4835654596100278,-0.4835654596100278,-0.0188776910305023,-0.014755998690743899,0.6304158722010863,0.4093774555343659,2
1900.png,L5,0.0741412043571472,2.232637405395508,0.8116490166414524,0.1883509833585476,0.8960334029227558,0.010607604924805225,0.7691448984148247,0.2308551015851753,0.8695103483089349,0.0143763769899238,0.08060788058154933,0.08060788058154933,-0.08060788058154933,0.026595228910446203,0.008305728469456597,0.06711750240989134,0.00641987650588742,4
1901.png,L5,0.046326994895935,1.6967430114746094,0.8256932654216186,0.17430673457838142,0.9045257284562926,0.0070841724620873845,0.9059334298118669,0.09406657018813314,0.9506454062262718,0.005236797756868343,0.04488502648179027,0.04488502648179027,-0.04488502648179027,-0.0012189805507659968,-0.005738520310709594,-0.06967102898715083,-0.02930297759387164,3
1902.png,L5,0.0287660956382751,1.3450361490249634,0.8122137404580153,0.1877862595419847,0.8963774220724515,0.011339401594689888,0.9347027388109552,0.06529726118904478,0.9662494605092793,0.004400776124348412,0.03201763942956637,0.03201763942956637,-0.03201763942956637,-0.0187798798084259,0.007741004652893679,-0.09844033798623919,-0.04217036464609554,2
1910.png,L5,0.0342459082603454,1.4761972427368164,0.8155940594059405,0.18440594059405946,0.8984321745057942,0.008411000038437814,0.971830985915493,0.028169014084507005,0.9857142857142858,0.0007466545213416292,-0.011220433012728459,0.011220433012728459,0.011220433012728459,-0.013300067186355603,0.004360685704968448,-0.13556858509077696,-0.06296757106293345,3
1911.png,L5,0.0411058664321899,1.6245402097702026,0.9965337954939342,0.0034662045060658286,0.9982638888888888,0.00012433074128731007,1.0,0.0,1.0,0.0,0.0,0.0,-0.0,-0.0064401090145111,-0.17657905038302518,-0.16373759917528397,-0.07418800407566191,3
1917.png,L5,0.0741412043571472,2.232637405395508,0.8958630527817404,0.10413694721825961,0.945071482317532,0.002104755878360889,0.9721518987341772,0.027848101265822822,0.9858793324775353,0.00118432173834537,-0.00022863386990523704,0.00022863386990523704,0.00022863386990523704,0.026595228910446203,-0.0759083076708314,-0.13588949790946114,-0.07395937020575667,4
1933.png,L5,0.0604870915412902,1.9334912300109863,0.0,1.0,0.0,0.30481609148228145,0.0,1.0,0.0,0.2891592631143077,-0.2423954372623574,0.2423954372623574,0.2423954372623574,0.0129411160945892,0.819954745110909,0.836262400824716,0.1682074331866955,3
1941.png,L5,0.0626091957092285,1.9668551683425903,0.8608470181503889,0.1391529818496111,0.9252206223873665,0.003530364237208442,0.9682453275267646,0.03175467247323538,0.9838665068682585,0.0009178174693657701,0.014877845248193244,0.014877845248193244,-0.014877845248193244,0.015063220262527502,-0.0408922730394799,-0.1319829267020486,-0.059310158827468665,3
1949.png,L5,0.0353571772575378,1.4914231300354004,0.8152866242038217,0.1847133757961783,0.8982456140350877,0.007225839087381509,0.9409316471906515,0.05906835280934852,0.9695670103092784,0.0032247907999673883,0.0227361145013526,0.0227361145013526,-0.0227361145013526,-0.0121887981891632,0.004668120907087292,-0.10466924636593544,-0.05145188957430931,3
1950.png,L5,0.052125871181488,1.8297011852264404,0.9900332225913622,0.009966777408637828,0.994991652754591,0.0004006192771921124,0.9764437689969605,0.023556231003039496,0.988081507112649,0.000379979790520307,0.0005994090333474311,0.0005994090333474311,-0.0005994090333474311,0.004579895734787003,-0.17007847748045318,-0.14018136817224447,-0.07358859504231448,3
1951.png,L5,0.052125871181488,1.8297011852264404,0.8416230366492147,0.15837696335078533,0.914001421464108,0.001467689276895489,0.9924698795180723,0.0075301204819276935,0.9962207105064248,0.00012017341225652784,0.00017137270333267285,0.00017137270333267285,-0.00017137270333267285,0.004579895734787003,-0.021668291538305684,-0.15620747869335627,-0.07401663137232924,3
1955.png,L5,0.0892945528030395,2.332374095916748,0.9061326658322904,0.09386733416770965,0.9507550886408405,0.0010874708955748164,0.9400278940027894,0.05997210599721059,0.9690869877785766,0.0006030159421298231,0.004308408577406886,0.004308408577406886,-0.004308408577406886,0.041748577356338495,-0.08617792072138136,-0.10376549317807338,-0.06987959549825502,4
1957.png,L5,0.0358539819717407,1.5200445652008057,0.9426934097421203,0.05730659025787965,0.9705014749262537,0.001964536715423491,0.9938323521166246,0.006167647883375427,0.9969066366704162,0.00018902537490860132,0.00033761806553167517,0.00033761806553167517,-0.00033761806553167517,-0.011691993474960298,-0.12273866463121136,-0.15756995129190854,-0.07385038601013023,3
1978.png,L5,0.0286682844161987,1.3431382179260254,0.6012338754907459,0.3987661245092541,0.7509632224168126,0.03053592596723886,0.8015124945199474,0.19848750548005256,0.8898217436271826,0.006666313656574757,-0.05459937447357788,0.05459937447357788,0.05459937447357788,-0.0188776910305023,0.21872086962016307,0.034749906304768596,-0.01958862960208403,2
1981.png,L5,0.0808060765266418,2.27654242515564,0.935881627620222,0.06411837237977802,0.9668789808917198,0.0026375978302810173,0.9379115710253998,0.06208842897460021,0.9679611650485437,0.002345425608805631,0.011554421240786317,0.011554421240786317,-0.011554421240786317,0.033260101079940804,-0.11592688250931299,-0.10164917020068376,-0.06263358283487559,4
1984.png,L5,0.0741412043571472,2.232637405395508,0.9445506692160612,0.055449330783938766,0.9714847590953786,0.0024586585687458285,0.8344051446945338,0.16559485530546625,0.9097283085013146,0.0027623882180033647,0.0709251991510752,0.0709251991510752,-0.0709251991510752,0.026595228910446203,-0.12459592410515224,0.0018572561301822832,-0.003262804924586707,4
1986.png,L5,0.0604870915412902,1.9334912300109863,0.9171348314606742,0.0828651685393258,0.9567765567765568,0.002345131919761245,0.9374808458473797,0.06251915415262033,0.9677317304650427,0.0019531268035904476,-0.0016866961838499783,0.0016866961838499783,0.0016866961838499783,0.0129411160945892,-0.09718008634976522,-0.10121844502266364,-0.07250130789181193,3
1988.png,L5,0.0577355623245239,1.8913816213607788,0.6714601769911505,0.32853982300884954,0.8034414295168762,0.011884446647369642,0.3551942683934968,0.6448057316065032,0.5241968279788531,0.031048556707300515,-0.365985576923077,0.365985576923077,0.365985576923077,0.010189586877822898,0.14849456811975853,0.48106813243121926,0.2917975728474151,3
2002.png,L5,0.0411058664321899,1.6245402097702026,0.894773519163763,0.10522648083623698,0.9444648767929386,0.0040256537854671025,0.967989756722151,0.03201024327784896,0.9837345478204295,0.0009842277404645851,0.0015082076932252386,0.0015082076932252386,-0.0015082076932252386,-0.0064401090145111,-0.07481877405285403,-0.131727355897435,-0.07267979638243667,3
2003.png,L5,0.0909919142723083,2.4126055240631104,0.7368421052631579,0.26315789473684215,0.8484848484848485,0.01694399073031302,0.700970200970201,0.299029799029799,0.8242004481564473,0.011021072930235552,-0.06925431098165857,0.06925431098165857,0.06925431098165857,0.043445938825607294,0.08311263984775114,0.13529219985451502,-0.004933693094003336,4
2006.png,L5,0.0342459082603454,1.4761972427368164,0.8787335722819594,0.12126642771804064,0.9354531001589825,0.0065611478539808156,0.8620366903781356,0.13796330962186443,0.9259073087363024,0.005586341619503399,0.05489909989372799,0.05489909989372799,-0.05489909989372799,-0.013300067186355603,-0.058778827171050374,-0.025774289553419538,-0.019288904181933922,3
2007.png,L5,0.0741412043571472,2.232637405395508,0.8980242192479286,0.10197578075207137,0.9462726662189389,0.004419194996404529,0.9815106215578285,0.018489378442171467,0.9906690490371253,0.0009434760340215986,-0.00906742362403612,0.00906742362403612,0.00906742362403612,0.026595228910446203,-0.07806947413701965,-0.1452482207331125,-0.06512058045162579,4
2008.png,L5,0.0741412043571472,2.232637405395508,0.9252199413489736,0.07478005865102644,0.9611576542269612,0.0026218807427306054,0.9451444571719486,0.054855542828051385,0.9717987306157168,0.0036479959141307214,-0.01907306829123523,0.01907306829123523,0.01907306829123523,0.026595228910446203,-0.10526519623806457,-0.10888205634723258,-0.05511493578442668,4
2009.png,L5,0.0581111907958984,1.9584583044052124,0.9007686932215234,0.09923130677847658,0.9477941176470588,0.004666708589164189,0.9342288904396371,0.06577110956036292,0.9659962117795616,0.003456921687574624,0.028896168631060704,0.028896168631060704,-0.028896168631060704,0.010565215349197403,-0.08081394811061443,-0.09796648961492105,-0.045291835444601206,3
2014.png,L5,0.0604870915412902,1.9334912300109863,0.40971867007672635,0.5902813299232736,0.581277213352685,0.04570238419833756,0.2832757569599675,0.7167242430400325,0.4414885193982581,0.053900077871742814,-0.3025435980800829,0.3025435980800829,0.3025435980800829,0.0129411160945892,0.41023607503418263,0.5529866438647485,0.22835559400442101,3
2026.png,L5,0.046326994895935,1.6967430114746094,0.8403141361256544,0.15968586387434558,0.9132290184921764,0.0018440832136654537,0.4940047961630695,0.5059952038369304,0.6613162118780096,0.039368593807726386,-0.3124606793216037,0.3124606793216037,0.3124606793216037,-0.0012189805507659968,-0.02035939101474543,0.34225760466164645,0.2382726752459418,3
2029.png,L5,0.0892945528030395,2.332374095916748,0.8455114822546973,0.1544885177453027,0.916289592760181,0.007041946196192315,0.9014696058784235,0.09853039412157649,0.9481819778675566,0.0007092811996540876,0.017144143167214798,0.017144143167214798,-0.017144143167214798,0.041748577356338495,-0.02555673714378831,-0.06520720505370747,-0.05704386090844711,4
2031.png,L5,0.0240485668182373,1.2422749996185305,0.7821720025109855,0.2178279974890145,0.8777738640366326,0.002870582798343464,0.9872068230277186,0.01279317697228144,0.9935622317596566,0.00038602061599822866,0.005052030647730077,0.005052030647730077,-0.005052030647730077,-0.0234974086284637,0.03778274259992348,-0.15094442220300253,-0.06913597342793183,2
2039.png,L5,0.0614362955093383,1.9509403705596924,0.823220536756126,0.17677946324387395,0.90304,0.007688141956979971,0.9947753396029259,0.005224660397074143,0.9973808276584599,7.94659850997853e-05,0.0021455776276553262,0.0021455776276553262,-0.0021455776276553262,0.013890320062637303,-0.0032657916452170643,-0.15851293877820982,-0.07204242644800658,3
2055.png,L5,0.052125871181488,1.8297011852264404,0.8080517613227893,0.19194823867721067,0.8938369781312128,0.004688690019950667,0.9299766588862954,0.07002334111370456,0.9637180373185902,0.0014669888430797347,-0.02117994015542346,0.02117994015542346,0.02117994015542346,0.004579895734787003,0.011902983788119659,-0.0937142580615794,-0.05300806392023845,3
2062.png,L5,0.0358539819717407,1.5200445652008057,0.9143059490084986,0.0856940509915014,0.9552349241583425,0.003639201356157577,0.997536187249769,0.002463812750230998,0.9987665741597287,8.818077733147539e-05,-0.00034691461404168233,0.00034691461404168233,0.00034691461404168233,-0.011691993474960298,-0.09435120389758961,-0.16127378642505297,-0.07384108946162023,3
2064.png,L5,0.0445970892906188,1.6726276874542236,0.9036144578313253,0.09638554216867468,0.9493670886075949,0.0031242088975924356,0.9751302700142113,0.024869729985788736,0.9874085621777191,0.0006982474698968,0.0026236692967658293,0.0026236692967658293,-0.0026236692967658293,-0.0029488861560822005,-0.08365971272041633,-0.13886786918949523,-0.07156433477889608,3
2065.png,L5,0.0577355623245239,1.8913816213607788,0.9216101694915254,0.07838983050847459,0.9592061742006616,0.0010148494844527361,0.9837837837837838,0.01621621621621616,0.9918256130790191,0.00020559391666671363,-0.0032258827389777256,0.0032258827389777256,0.0032258827389777256,0.010189586877822898,-0.10165542438061642,-0.1475213829590678,-0.07096212133668418,3
2066.png,L5,0.0892945528030395,2.332374095916748,0.4594736842105263,0.5405263157894737,0.6296429859358096,0.05705709813548146,0.17103122966818476,0.8289687703318153,0.29210361830682685,0.03577922957465452,0.565123533917582,0.565123533917582,-0.565123533917582,0.041748577356338495,0.36048106090038273,0.6652311711565313,0.49093552984192007,4
2075.png,L5,0.0577355623245239,1.8913816213607788,0.0,1.0,0.0,0.13799129064826104,0.0,1.0,0.0,0.13823575607113228,-0.4147178329571106,0.4147178329571106,0.4147178329571106,0.010189586877822898,0.819954745110909,0.836262400824716,0.3405298288814487,3
2076.png,L5,0.0287660956382751,1.3450361490249634,0.5530318393834922,0.4469681606165078,0.7121963959258292,0.06791741885435736,0.18190025375756394,0.8180997462424361,0.3078098226635562,0.10747707770830361,-0.45637354145298153,0.45637354145298153,0.45637354145298153,-0.0187798798084259,0.2669229057274168,0.6543621470671521,0.38218553737731964,2
2082.png,L5,0.0353571772575378,1.4914231300354004,0.94240317775571,0.05759682224428997,0.9703476482617587,0.002548854365864933,0.979223125564589,0.020776874435410986,0.9895025102692835,0.00036241612478072954,0.006478056214435868,0.006478056214435868,-0.006478056214435868,-0.0121887981891632,-0.12244843264480104,-0.14296072473987298,-0.06770994786122604,3
2108.png,L5,0.0358539819717407,1.5200445652008057,0.8743455497382199,0.12565445026178013,0.9329608938547486,0.005172700282464105,0.7603466572338168,0.23965334276618322,0.8638601426705516,0.011345388338558882,-0.12991681918223996,0.12991681918223996,0.12991681918223996,-0.011691993474960298,-0.054390804627310885,0.07591574359089925,0.05572881510657805,3
2110.png,L5,0.0358539819717407,1.5200445652008057,0.9039351851851852,0.09606481481481477,0.9495440729483283,0.003960709600428362,0.9983429991714996,0.001657000828500399,0.9991708126036484,5.1244030077516344e-05,-0.0008355999765895517,0.0008355999765895517,0.0008355999765895517,-0.011691993474960298,-0.08398044007427624,-0.16208059834678357,-0.07335240409907236,3
2118.png,L5,0.0358539819717407,1.5200445652008057,0.8913043478260869,0.10869565217391308,0.9425287356321839,0.0006894174235857644,0.9928115015974441,0.007188498402555865,0.9963927855711423,3.699398006732072e-05,0.002443341521325082,0.002443341521325082,-0.002443341521325082,-0.011691993474960298,-0.07134960271517793,-0.1565491007727281,-0.07174466255433683,3
2127.png,L5,0.0240485668182373,1.2422749996185305,0.8594771241830066,0.1405228758169934,0.9244288224956063,0.0028895960288545216,0.6855941114616193,0.3144058885383807,0.8134747348721147,0.006512995549943407,0.045464577355992075,0.045464577355992075,-0.045464577355992075,-0.0234974086284637,-0.0395223790720976,0.15066828936309673,-0.028723426719669834,2
2136.png,L5,0.0581111907958984,1.9584583044052124,0.9080298786181139,0.0919701213818861,0.9517983851235625,0.005430841087420784,0.924759871931697,0.07524012806830305,0.960909342944275,0.005492785404914386,-0.004075700134754556,0.004075700134754556,0.004075700134754556,0.010565215349197403,-0.08807513350720492,-0.08849747110698092,-0.07011230394090735,3
2137.png,L5,0.0626091957092285,1.9668551683425903,0.6221374045801527,0.37786259541984735,0.7670588235294118,0.016108042983833105,0.4821648216482165,0.5178351783517835,0.6506224066390042,0.009547869140358612,0.08240718437993744,0.08240718437993744,-0.08240718437993744,0.015063220262527502,0.19781734053075634,0.35409757917649953,0.008219180304275528,3
2148.png,L5,0.0240485668182373,1.2422749996185305,0.9643605870020965,0.03563941299790352,0.9818569903948773,0.0007017229084859002,0.9993150684931507,0.00068493150684934,0.999657416923604,1.855585732574635e-05,0.0003430335126299866,0.0003430335126299866,-0.0003430335126299866,-0.0234974086284637,-0.1444058418911875,-0.16305266766843463,-0.07384497056303192,2
2170.png,L5,0.052125871181488,1.8297011852264404,0.9689119170984456,0.031088082901554404,0.9842105263157894,0.0011849892715978876,0.9994410285075461,0.0005589714924538747,0.9997204361196533,1.786984314378125e-05,0.0003272412175704398,0.0003272412175704398,-0.0003272412175704398,0.004579895734787003,-0.1489571719875366,-0.1631786276828301,-0.07386076285809147,3
2176.png,L5,0.0626091957092285,1.9668551683425903,0.9737991266375546,0.026200873362445365,0.9867256637168141,0.0007189448164219806,1.0,0.0,1.0,0.0,0.0,0.0,-0.0,0.015063220262527502,-0.15384438152664565,-0.16373759917528397,-0.07418800407566191,3
2178.png,L5,0.0577355623245239,1.8913816213607788,0.3790922619047619,0.6209077380952381,0.5497707040733747,0.08195094397407642,0.29554480019856044,0.7044551998014396,0.45624790459313186,0.07185622804553858,-0.1025594676864644,0.1025594676864644,0.1025594676864644,0.010189586877822898,0.4408624832061471,0.5407176006261556,0.02837146361080249,3
2182.png,L5,0.046326994895935,1.6967430114746094,0.9111584932480455,0.08884150675195446,0.9535143175901822,0.0034809817927633703,0.9897840046701692,0.010215995329830752,0.994865776734634,0.00018316380019038048,0.0048080138475421474,0.0048080138475421474,-0.0048080138475421474,-0.0012189805507659968,-0.09120374813713655,-0.15352160384545321,-0.06937999022811976,3
2188.png,L5,0.0614362955093383,1.9509403705596924,0.9725111441307578,0.027488855869242212,0.9860640301318268,0.0012092420101281387,0.9973872147709458,0.002612785229054171,0.9986918984913229,4.8184413363757176e-05,0.00034783138054794716,0.00034783138054794716,-0.00034783138054794716,0.013890320062637303,-0.1525563990198488,-0.1611248139462298,-0.07384017269511396,3
2208.png,L5,0.0892945528030395,2.332374095916748,0.7932692307692307,0.20673076923076927,0.8847184986595175,0.018292671524210036,0.7688723205964585,0.2311276794035415,0.8693361433087461,0.005470558261869062,0.09386830401098478,0.09386830401098478,-0.09386830401098478,0.041748577356338495,0.026685514341678263,0.06739008022825754,0.019680299935322873,4
2211.png,L5,0.0676236152648925,2.0582282543182373,0.7661056297156124,0.23389437028438764,0.8675649030561945,0.02058835683274677,0.7085305940151854,0.29146940598481463,0.829403461075966,0.018214225286513615,-0.12859964519323908,0.12859964519323908,0.12859964519323908,0.020077639818191495,0.05384911539529663,0.12773180680953067,0.05441164111757717,4
2213.png,L5,0.0581111907958984,1.9584583044052124,0.5697606538237011,0.4302393461762989,0.7259204165117144,0.01686020369176418,0.814663951120163,0.185336048879837,0.8978675645342312,0.0040275296005495235,0.0226366274745839,0.0226366274745839,-0.0226366274745839,0.010565215349197403,0.2501940912872079,0.021598449704553047,-0.05155137660107801,3
2214.png,L5,0.0614362955093383,1.9509403705596924,0.9014598540145985,0.0985401459854015,0.9481765834932822,0.001487996004797493,0.9922323539344816,0.0077676460655183854,0.9961010340735718,0.00022966292071256348,-0.0018316860763776255,0.0018316860763776255,0.0018316860763776255,0.013890320062637303,-0.0815051089036895,-0.15596995310976558,-0.07235631799928428,3
2221.png,L5,0.0240485668182373,1.2422749996185305,0.9334516415261757,0.06654835847382434,0.9655805415328133,0.0022850567807047163,0.989213639526792,0.010786360473208023,0.9945775756515655,0.00017421791283989146,-0.0022155900884108792,0.0022155900884108792,0.0022155900884108792,-0.0234974086284637,-0.11349689641526667,-0.15295123870207594,-0.07197241398725103,2
2226.png,L5,0.0604870915412902,1.9334912300109863,0.9044585987261147,0.09554140127388533,0.9498327759197325,0.004053242334361376,0.9979608482871125,0.002039151712887488,0.9989793835476628,4.9299408303622436e-05,-0.0006397599080079086,0.0006397599080079086,0.0006397599080079086,0.0129411160945892,-0.08450385361520568,-0.16169844746239648,-0.073548244167654,3
2227.png,L5,0.0909919142723083,2.4126055240631104,0.6990950226244343,0.30090497737556565,0.8229027962716379,0.01532374632391553,0.5623862750194957,0.4376137249805043,0.719906829714666,0.01775956511167426,0.007985945990530596,0.007985945990530596,-0.007985945990530596,0.043445938825607294,0.12085972248647464,0.27387612580522036,-0.06620205808513131,4
2237.png,L5,0.0287660956382751,1.3450361490249634,0.8800521512385919,0.11994784876140807,0.9361997226074896,0.004238206175753181,0.8943196829590488,0.10568031704095115,0.9442119944211994,0.0018604930397186057,0.05003337755841508,0.05003337755841508,-0.05003337755841508,-0.0187798798084259,-0.06009740612768294,-0.05805728213433281,-0.024154626517246827,2
2241.png,L5,0.0577355623245239,1.8913816213607788,0.7253574115876599,0.2746425884123401,0.840819886611426,0.012240258719319205,0.7848145252367301,0.21518547476326988,0.8794353857386226,0.01170964420192329,-0.031970323700712955,0.031970323700712955,0.031970323700712955,0.010189586877822898,0.09459733352324912,0.051447875587985914,-0.042217680374948954,3
2244.png,L5,0.0577355623245239,1.8913816213607788,0.9594594594594594,0.04054054054054057,0.9793103448275862,0.0018350994711456583,0.9944211994421199,0.00557880055788007,0.9972027972027973,9.407846107074383e-05,0.0026025010940182725,0.0026025010940182725,-0.0026025010940182725,0.010189586877822898,-0.13950471434855044,-0.1581587986174039,-0.07158550298164364,3
2245.png,L5,0.0808060765266418,2.27654242515564,0.9230769230769231,0.07692307692307687,0.96,0.001039411398002218,0.9845947756195579,0.015405224380442117,0.9922375970300371,0.000181447756118609,0.004035594023113376,0.004035594023113376,-0.004035594023113376,0.033260101079940804,-0.10312217796601414,-0.14833237479484185,-0.07015241005254853,4
2246.png,L5,0.0445970892906188,1.6726276874542236,0.9896551724137931,0.010344827586206917,0.9948006932409013,0.00016899161035335435,1.0,0.0,1.0,0.0,0.0,0.0,-0.0,-0.0029488861560822005,-0.1697004273028841,-0.16373759917528397,-0.07418800407566191,3
2248.png,L5,0.0909919142723083,2.4126055240631104,0.9119547657512116,0.0880452342487884,0.9539501478664977,0.002563544711735802,0.9764498086546953,0.023550191345304672,0.988084599344653,0.000855734645889871,0.0012028773458896413,0.0012028773458896413,-0.0012028773458896413,0.043445938825607294,-0.0920000206403026,-0.1401874078299793,-0.07298512672977227,4
2259.png,L5,0.046326994895935,1.6967430114746094,0.6828220858895706,0.3171779141104294,0.8115202333211812,0.009253659356169532,0.9605587510271159,0.039441248972884146,0.9798826487845766,0.0005206993615121289,0.018654212103848655,0.018654212103848655,-0.018654212103848655,-0.0012189805507659968,0.13713265922133838,-0.12429635020239982,-0.055533791971813254,3
2272.png,L5,0.052125871181488,1.8297011852264404,0.8509358288770054,0.14906417112299464,0.9194655110148068,0.006564384832138801,0.947244623655914,0.052755376344086,0.9729076790336497,0.0003489327845113674,0.010485880839372963,0.010485880839372963,-0.010485880839372963,0.004579895734787003,-0.030981083766096373,-0.11098222283119796,-0.06370212323628895,3
2277.png,L5,0.0358539819717407,1.5200445652008057,0.834178131788559,0.16582186821144096,0.9095933675483616,0.006049270799356791,0.8501658680427571,0.14983413195724293,0.9190158382308995,0.005190571541184289,-0.052707129507129524,0.052707129507129524,0.052707129507129524,-0.011691993474960298,-0.014223386677650052,-0.013903467218041032,-0.021480874568532385,3
2278.png,L5,0.0577355623245239,1.8913816213607788,0.9419279907084785,0.058072009291521454,0.9700956937799043,0.001468636986356004,1.0,0.0,1.0,0.0,0.0,0.0,-0.0,0.010189586877822898,-0.12197324559756956,-0.16373759917528397,-0.07418800407566191,3
2293.png,L5,0.0287660956382751,1.3450361490249634,0.8824257425742574,0.11757425742574257,0.9375410913872453,0.0032702149983402143,0.8989771169461142,0.10102288305388585,0.9468014215904043,0.005682366893162271,-0.016922680297757342,0.016922680297757342,0.016922680297757342,-0.0187798798084259,-0.06247099746334844,-0.06271471612139812,-0.05726532377790457,2
2326.png,L5,0.0358539819717407,1.5200445652008057,0.9004854368932039,0.09951456310679607,0.9476372924648787,0.004168751225443901,0.7118881118881119,0.28811188811188815,0.8316993464052288,0.009465113576035043,0.11874145826381244,0.11874145826381244,-0.11874145826381244,-0.011691993474960298,-0.08053069178229494,0.12437428893660418,0.04455345418815053,3
2344.png,L5,0.0626091957092285,1.9668551683425903,0.5426032409827496,0.4573967590172504,0.7034903422568621,0.03871535068855065,0.6638791079812206,0.33612089201877937,0.7979895952737854,0.025868795924280256,-0.12559478016745007,0.12559478016745007,0.12559478016745007,0.015063220262527502,0.2773515041281594,0.1723832928434954,0.05140677609178816,3
2353.png,L5,0.0577355623245239,1.8913816213607788,0.6407185628742516,0.35928143712574845,0.781021897810219,0.025618666909455867,0.4354335047759001,0.5645664952240999,0.6066926866722119,0.02855402399585326,-0.2608132355036884,0.2608132355036884,0.2608132355036884,0.010189586877822898,0.17923618223665744,0.4008288960488159,0.1866252314280265,3
2364.png,L5,0.0626091957092285,1.9668551683425903,0.8073022312373225,0.19269776876267752,0.8933782267115601,0.009199991457733056,0.9385245901639344,0.061475409836065587,0.9682875264270613,0.0009993308935898142,0.0014673514306675628,0.0014673514306675628,-0.0014673514306675628,0.015063220262527502,0.012652513873586513,-0.10226218933921838,-0.07272065264499435,3
2384.png,L5,0.052125871181488,1.8297011852264404,0.8803418803418803,0.11965811965811968,0.9363636363636364,0.0005323088636380304,0.9224806201550387,0.07751937984496127,0.9596774193548387,0.0020012121092960436,0.0325871610792291,0.0325871610792291,-0.0325871610792291,0.004579895734787003,-0.060387135230971334,-0.0862182193303227,-0.04160084299643281,3
2386.png,L5,0.0358539819717407,1.5200445652008057,0.928172386272945,0.07182761372705504,0.9627483443708609,0.003128128173614052,0.9411170078342178,0.05888299216578219,0.9696654081499805,0.0018898430411783428,0.025273606057503173,0.025273606057503173,-0.025273606057503173,-0.011691993474960298,-0.10821764116203597,-0.10485460700950178,-0.048914398018158736,3
2388.png,L5,0.0626091957092285,1.9668551683425903,0.7069831127339115,0.29301688726608854,0.8283422459893048,0.01563152272042303,0.6656665237891127,0.33433347621088727,0.7992794647452394,0.022996010789709163,0.17499161204460212,0.17499161204460212,-0.17499161204460212,0.015063220262527502,0.11297163237699753,0.1705958770356033,0.10080360796894021,3
2389.png,L5,0.0909919142723083,2.4126055240631104,0.5743368291178285,0.42566317088217154,0.7296238244514106,0.03181549971542974,0.4590406478741629,0.5409593521258371,0.6292362704808667,0.03755182566028191,-0.1563797993311542,0.1563797993311542,0.1563797993311542,0.043445938825607294,0.24561791599308053,0.37722175295055316,0.08219179525549229,4
2392.png,L5,0.0286682844161987,1.3431382179260254,0.708768267223382,0.29123173277661796,0.8295662797800856,0.011091672788081978,0.5165202108963093,0.4834797891036907,0.6811913315563797,0.01970700084321,0.28206831516072367,0.28206831516072367,-0.28206831516072367,-0.0188776910305023,0.11118647788752695,0.31974218992840675,0.20788031108506178,2
2395.png,L5,0.0909919142723083,2.4126055240631104,0.5807799442896936,0.4192200557103064,0.7348017621145374,0.04461125273452745,0.0008606592649969877,0.999139340735003,0.0017198383351964914,0.08212467494603601,-0.636604348872663,0.636604348872663,0.636604348872663,0.043445938825607294,0.2391748008212154,0.835401741559719,0.5624163447970011,4
2399.png,L5,0.0614362955093383,1.9509403705596924,0.8605898123324397,0.1394101876675603,0.9250720461095101,0.00286371035635214,0.8305409286740068,0.16945907132599325,0.9074267782426778,0.003378983402774494,-0.043402824292146897,0.043402824292146897,0.043402824292146897,0.013890320062637303,-0.04063506722153071,0.005721472150709284,-0.030785179783515013,3
2400.png,L5,0.0604870915412902,1.9334912300109863,0.6892655367231638,0.3107344632768362,0.8160535117056856,0.020526049637148755,0.7663779101245263,0.23362208987547373,0.8677394636015325,0.015419049987798514,-0.03473708517716634,0.03473708517716634,0.03473708517716634,0.0129411160945892,0.13068920838774517,0.06988449070018976,-0.03945091889849557,3
2401.png,L5,0.0636759996414184,1.9886486530303955,0.9008379888268156,0.09916201117318435,0.9478324761204996,0.0016008109038397752,0.7619047619047619,0.23809523809523814,0.8648648648648649,0.005257016131469746,0.060824560201171385,0.060824560201171385,-0.060824560201171385,0.0161300241947174,-0.08088324371590666,0.07435763891995417,-0.013363443874490524,3
2406.png,L5,0.0892945528030395,2.332374095916748,0.9445910290237467,0.0554089709762533,0.9715061058344641,0.0030724467050432486,0.997229916897507,0.0027700831024930483,0.9986130374479889,4.7476436676261154e-05,0.000830900461265216,0.000830900461265216,-0.000830900461265216,0.041748577356338495,-0.12463628391283771,-0.16096751607279092,-0.0733571036143967,4
2423.png,L5,0.0808060765266418,2.27654242515564,0.7922388059701493,0.20776119402985072,0.8840772818121253,0.011845044046682237,0.6883819068970065,0.3116180931029935,0.815433882683746,0.014861796326970881,-0.16746871772905492,0.16746871772905492,0.16746871772905492,0.033260101079940804,0.027715939140759704,0.14788049392770952,0.09328071365339301,4
2424.png,L5,0.0411058664321899,1.6245402097702026,0.7854269110415736,0.21457308895842642,0.8798197295943916,0.010696396931706207,0.655247051798776,0.34475294820122404,0.79172115254543,0.011150198490676853,0.018388982575018642,0.018388982575018642,-0.018388982575018642,-0.0064401090145111,0.034527834069335406,0.18101534902594008,-0.05579902150064327,3
2430.png,L5,0.0626091957092285,1.9668551683425903,0.9181692094313454,0.08183079056865461,0.9573391178597253,0.0033168827317541323,0.9950537634408602,0.004946236559139838,0.9975207502425353,0.00019458639304783577,-0.0007641502341830808,0.0007641502341830808,0.0007641502341830808,0.015063220262527502,-0.0982144643204364,-0.15879136261614413,-0.07342385384147883,3
2442.png,L5,0.0342459082603454,1.4761972427368164,0.9178307313064914,0.0821692686935086,0.9571550985432733,0.0024191645089605,0.9035804020100503,0.0964195979899497,0.9493482923609965,0.004207729736028447,-0.011160329611943354,0.011160329611943354,0.011160329611943354,-0.013300067186355603,-0.09787598619558241,-0.06731800118533426,-0.06302767446371856,3
2459.png,L5,0.0626091957092285,1.9668551683425903,0.8395560040363269,0.1604439959636731,0.9127811300054854,0.007129981143103462,0.9290237078486232,0.0709762921513768,0.963206106870229,0.0009353994465676628,0.03227081644877716,0.03227081644877716,-0.03227081644877716,0.015063220262527502,-0.01960125892541792,-0.09276130702390717,-0.04191718762688475,3
2472.png,L5,0.052125871181488,1.8297011852264404,0.9079497907949791,0.09205020920502094,0.9517543859649122,0.0033235491902646025,0.995289079229122,0.00471092077087798,0.9976389783215283,8.940991182783559e-05,0.0010013139636170232,0.0010013139636170232,-0.0010013139636170232,0.004579895734787003,-0.08799504568407007,-0.15902667840440599,-0.07318669011204489,3
2474.png,L5,0.0741412043571472,2.232637405395508,0.8864696734059098,0.11353032659409024,0.9398186314921682,0.005538341934213689,0.9689557855126999,0.031044214487300104,0.9842331581462016,0.000460864258344115,0.009405082828521927,0.009405082828521927,-0.009405082828521927,0.026595228910446203,-0.06651492829500077,-0.13269338468798386,-0.06478292124713998,4
2486.png,L5,0.0581111907958984,1.9584583044052124,0.836552748885587,0.16344725111441305,0.9110032362459547,0.004245454383298155,0.9434965034965035,0.05650349650349651,0.9709268854346574,0.0016924688125542953,0.02422043927361961,0.02422043927361961,-0.02422043927361961,0.010565215349197403,-0.01659800377467796,-0.10723410267178746,-0.0499675648020423,3
2489.png,L5,0.0676236152648925,2.0582282543182373,0.6335479914136768,0.3664520085863232,0.7756711094424629,0.024616111089729154,0.4368421052631579,0.5631578947368421,0.608058608058608,0.04469949637973133,-0.0871936184305353,0.0871936184305353,0.0871936184305353,0.020077639818191495,0.1864067536972322,0.3994202955615581,0.013005614354873393,4
2503.png,L5,0.0286682844161987,1.3431382179260254,0.8307445099089449,0.16925549009105512,0.9075482738443534,0.005271734934064297,0.929820415879017,0.07017958412098302,0.9636341373821476,0.0008487463589113341,-0.011347202025479397,0.011347202025479397,0.011347202025479397,-0.0188776910305023,-0.010789764798035895,-0.09355801505430095,-0.06284080205018251,2
2504.png,L5,0.0604870915412902,1.9334912300109863,0.4102925625660909,0.5897074374339091,0.5818545363659086,0.05087296967109323,0.21719380888290712,0.7828061911170929,0.35687629578438146,0.08252137024237759,0.13360215101918316,0.13360215101918316,-0.13360215101918316,0.0129411160945892,0.40966218254481807,0.619068591941809,0.05941414694352125,3
2511.png,L5,0.0286682844161987,1.3431382179260254,0.8690254500310366,0.1309745499689634,0.9299236134174693,0.006772748325857962,0.6424687729610581,0.3575312270389419,0.7823208374340163,0.02296734011385712,0.1524703962661465,0.1524703962661465,-0.1524703962661465,-0.0188776910305023,-0.049070704920127606,0.19379362786365795,0.07828239219048459,2
2520.png,L5,0.0287660956382751,1.3450361490249634,0.8511434511434511,0.14885654885654886,0.9195867026055705,0.006339479257557241,0.9354075076090632,0.06459249239093678,0.9666258955093483,0.0036371878339064734,0.01702753341352148,0.01702753341352148,-0.01702753341352148,-0.0187798798084259,-0.031188706032542146,-0.09914510678434718,-0.05716047066214043,2
2522.png,L5,0.0358539819717407,1.5200445652008057,0.9018181818181819,0.09818181818181815,0.9483747609942639,0.004574332458462478,0.9984108065156932,0.0015891934843067501,0.9992047713717693,4.291182265223488e-05,-0.0003243194618633982,0.0003243194618633982,0.0003243194618633982,-0.011691993474960298,-0.08186343670727286,-0.16214840569097722,-0.07386368461379851,3
2523.png,L5,0.052125871181488,1.8297011852264404,0.747,0.253,0.8551803091013166,0.0065271735143970664,0.9945544554455445,0.00544554455445545,0.9972697939935468,6.393447604389083e-05,0.001465275975590874,0.001465275975590874,-0.001465275975590874,0.004579895734787003,0.07295474511090899,-0.15829205462082852,-0.07272272810007104,3
2532.png,L5,0.0626091957092285,1.9668551683425903,0.8241206030150754,0.1758793969849246,0.9035812672176309,0.006044896073333862,0.7948455866248083,0.2051544133751917,0.8856980149690856,0.016793737813198036,-0.036258055696538616,0.036258055696538616,0.036258055696538616,0.015063220262527502,-0.0041658579041664034,0.041416814199907726,-0.03792994837912329,3
2533.png,L5,0.0604870915412902,1.9334912300109863,0.8036833855799373,0.19631661442006265,0.8911579404736042,0.012280720256308903,0.7926701570680629,0.20732984293193712,0.8843457943925234,0.015095114324935151,0.01367611386056089,0.01367611386056089,-0.01367611386056089,0.0129411160945892,0.01627135953097164,0.04359224375665316,-0.06051189021510102,3
2537.png,L5,0.0342459082603454,1.4761972427368164,0.7133413461538461,0.28665865384615385,0.8326902841108383,0.01648235766799477,0.5012432927627274,0.4987567072372726,0.6677709005317758,0.028948100904331298,-0.10898375042334596,0.10898375042334596,0.10898375042334596,-0.013300067186355603,0.10661339895706284,0.33501910806198865,0.03479574634768405,3
2542.png,L5,0.0358539819717407,1.5200445652008057,0.7368421052631579,0.26315789473684215,0.8484848484848485,0.014589296151697885,0.9888590088359586,0.011140991164041436,0.9943983001738459,0.00011641259932328884,0.0002950441772857637,0.0002950441772857637,-0.0002950441772857637,-0.011691993474960298,0.08311263984775114,-0.15259660801124253,-0.07389295989837615,3
2545.png,L5,0.0358539819717407,1.5200445652008057,0.7954790096878364,0.20452099031216364,0.8860911270983214,0.0031327946442860806,0.960129659643436,0.039870340356564005,0.9796593352075409,0.001158031867635241,-0.004314728324211647,0.004314728324211647,0.004314728324211647,-0.011691993474960298,0.02447573542307263,-0.12386725881871996,-0.06987327575145026,3
2555.png,L5,0.0676236152648925,2.0582282543182373,0.8661710037174721,0.13382899628252787,0.9282868525896414,0.007140468078601495,0.7297729918509895,0.27022700814901046,0.8437789181458737,0.01498940645427148,0.0,0.0,-0.0,0.020077639818191495,-0.04621625860656314,0.1064894089737265,-0.07418800407566191,4
2556.png,L5,0.0626091957092285,1.9668551683425903,0.9696969696969697,0.030303030303030276,0.9846153846153847,0.0011546626631700988,1.0,0.0,1.0,0.0,0.0,0.0,-0.0,0.015063220262527502,-0.14974222458606073,-0.16373759917528397,-0.07418800407566191,3
2557.png,L5,0.0577355623245239,1.8913816213607788,0.9348341232227488,0.06516587677725116,0.966319657072872,0.0036364972478844294,0.9981314761338542,0.001868523866145777,0.9990648644053388,5.578395405431868e-05,0.0006124800796927232,0.0006124800796927232,-0.0006124800796927232,0.010189586877822898,-0.11487937811183985,-0.1618690753091382,-0.07357552399596919,3
2565.png,L5,0.0636759996414184,1.9886486530303955,0.8050586057988895,0.19494139420111045,0.8920027341079972,0.010171348529299469,0.5093424362199066,0.4906575637800934,0.6749196524223307,0.028610133994683762,-0.09305338495900789,0.09305338495900789,0.09305338495900789,0.0161300241947174,0.01489613931201944,0.32691996460480943,0.01886538088334598,3
2575.png,L5,0.0741412043571472,2.232637405395508,0.8339643050297458,0.16603569497025417,0.9094662341492186,0.00789978080579241,0.9843205574912892,0.015679442508710784,0.9920983318700615,0.0006182935064530479,-0.002258836035078371,0.002258836035078371,0.002258836035078371,0.026595228910446203,-0.014009559918836845,-0.14805815666657318,-0.07192916804058354,4
2577.png,L5,0.0892945528030395,2.332374095916748,0.7229696063776782,0.27703039362232185,0.8392134181607865,0.019293244470243342,0.6076441973592773,0.3923558026407227,0.7559436327483358,0.02870548715765011,-0.02026212294543328,0.02026212294543328,0.02026212294543328,0.041748577356338495,0.09698513873323084,0.2286182034654387,-0.05392588113022863,4
2581.png,L5,0.046326994895935,1.6967430114746094,0.8958660387231816,0.1041339612768184,0.9450731438034777,0.00664355506000561,0.7641509433962265,0.23584905660377353,0.8663101604278075,0.015502215322941092,-0.08850978538601484,0.08850978538601484,0.08850978538601484,-0.0012189805507659968,-0.07591129361227261,0.07211145742848957,0.01432178131035293,3
2582.png,L5,0.0614362955093383,1.9509403705596924,0.8244067796610169,0.17559322033898306,0.9037532515793385,0.009929992103246028,0.9493467336683417,0.05065326633165834,0.9740152608785316,0.002555650456346439,-0.009179536621734097,0.009179536621734097,0.009179536621734097,0.013890320062637303,-0.004452034550107953,-0.11308433284362562,-0.06500846745392781,3
2589.png,L5,0.0892945528030395,2.332374095916748,0.7884405670665212,0.21155943293347879,0.8817073170731707,0.008994742928547258,0.6245353159851301,0.3754646840148699,0.7688787185354691,0.012492703969572564,0.12320192115125761,0.12320192115125761,-0.12320192115125761,0.041748577356338495,0.031514178044387775,0.2117270848395859,0.0490139170755957,4
2590.png,L5,0.0411058664321899,1.6245402097702026,0.9869918699186991,0.013008130081300862,0.9934533551554828,0.0003918070594632202,1.0,0.0,1.0,0.0,0.0,0.0,-0.0,-0.0064401090145111,-0.16703712480779015,-0.16373759917528397,-0.07418800407566191,3
2591.png,L5,0.0614362955093383,1.9509403705596924,0.9443339960238568,0.055666003976143186,0.9713701431492843,0.002252744776071372,0.9440559440559441,0.05594405594405594,0.9712230215827338,0.00024579688429548076,-0.010243359059922352,0.010243359059922352,0.010243359059922352,0.013890320062637303,-0.12437925091294783,-0.10779354323122803,-0.06394464501573956,3
2592.png,L5,0.046326994895935,1.6967430114746094,0.9567354965585054,0.04326450344149457,0.9778894472361809,0.0016231856852624213,0.7702794819359237,0.22972051806407634,0.8702348864073931,0.008125049744916004,-0.1184747393026816,0.1184747393026816,0.1184747393026816,-0.0012189805507659968,-0.13678075144759644,0.06598291888879237,0.04428673522701969,3
2593.png,L5,0.0286682844161987,1.3431382179260254,0.9400564174894217,0.0599435825105783,0.9691021446746637,0.002620339294764061,0.9679269882659713,0.032073011734028656,0.9837021332979992,0.00106601497022159,-0.010212302626100955,0.010212302626100955,0.010212302626100955,-0.0188776910305023,-0.12010167237851271,-0.1316645874412553,-0.06397570144956095,2
2594.png,L5,0.0581111907958984,1.9584583044052124,0.8225806451612904,0.17741935483870963,0.9026548672566371,0.0082537650609926,0.9823182711198428,0.017681728880157177,0.9910802775024777,0.00022731560464112887,-0.007931331732845548,0.007931331732845548,0.007931331732845548,0.010565215349197403,-0.00262590005038138,-0.1460558702951268,-0.06625667234281636,3
2602.png,L5,0.046326994895935,1.6967430114746094,0.5,0.5,0.6666666666666666,0.056081634099575256,0.58946499793701,0.41053500206299,0.7417149779354504,0.04508118878914805,-0.06638337264927974,0.06638337264927974,0.06638337264927974,-0.0012189805507659968,0.319954745110909,0.24679740288770602,-0.007804631426382172,3
2605.png,L5,0.0741412043571472,2.232637405395508,0.0,1.0,0.0,0.1220092054988359,0.0,1.0,0.0,0.15243367318337595,-0.3872537659327926,0.3872537659327926,0.3872537659327926,0.026595228910446203,0.819954745110909,0.836262400824716,0.3130657618571307,4
2608.png,L5,0.0636759996414184,1.9886486530303955,0.8790378006872852,0.12096219931271479,0.9356254572055597,0.003987062458748534,0.9457310750086415,0.05426892499135849,0.9721087226860899,0.002175534817273921,-0.006077742462903601,0.006077742462903601,0.006077742462903601,0.0161300241947174,-0.05908305557637622,-0.10946867418392547,-0.06811026161275831,3
2609.png,L5,0.0808060765266418,2.27654242515564,0.6501079913606912,0.3498920086393088,0.7879581151832461,0.015486190106439198,0.18682338385400557,0.8131766161459945,0.31482929371905133,0.02732472942261528,0.5692493601034844,0.5692493601034844,-0.5692493601034844,0.033260101079940804,0.1698467537502178,0.6494390169707105,0.4950613560278225,4
2623.png,L5,0.0614362955093383,1.9509403705596924,0.45493793847814357,0.5450620615218564,0.6253709198813057,0.04565405409990685,0.0702364394993046,0.9297635605006954,0.13125406107862247,0.05651939545529239,0.4209333977603703,0.4209333977603703,-0.4209333977603703,0.013890320062637303,0.3650168066327654,0.7660259613254115,0.3467453936847084,3
2656.png,L5,0.0892945528030395,2.332374095916748,0.8787096774193548,0.1212903225806452,0.9354395604395604,0.0030155089675441634,0.9260936809544852,0.07390631904551481,0.9616289073702323,0.0035482801436199263,-0.009400034737086171,0.009400034737086171,0.009400034737086171,0.041748577356338495,-0.058754932308445806,-0.08983128012976915,-0.06478796933857574,4
2660.png,L5,0.0614362955093383,1.9509403705596924,0.7826678765880217,0.21733212341197827,0.8780860269788751,0.013687908141771702,0.7918759867948902,0.20812401320510976,0.8838513297020186,0.008984313765155053,0.009958700356745953,0.009958700356745953,-0.009958700356745953,0.013890320062637303,0.03728686852288726,0.044386414029825794,-0.06422930371891596,3
2680.png,L5,0.0358539819717407,1.5200445652008057,0.9651860744297719,0.03481392557022811,0.9822846670739157,0.0015159931115369444,0.9962299717247879,0.0037700282752121117,0.9981114258734656,5.108589300915218e-05,-0.001824108095294541,0.001824108095294541,0.001824108095294541,-0.011691993474960298,-0.1452313293188629,-0.15996757090007185,-0.07236389598036737,3
2685.png,L5,0.0342459082603454,1.4761972427368164,0.9234507897934386,0.07654921020656136,0.9602021478205938,0.0031488515641565403,0.9975510204081632,0.002448979591836764,0.9987740089906008,3.7963678449488805e-05,0.001164320539675523,0.001164320539675523,-0.001164320539675523,-0.013300067186355603,-0.10349604468252965,-0.1612886195834472,-0.07302368353598639,3
2701.png,L5,0.0286682844161987,1.3431382179260254,0.872934263679765,0.127065736320235,0.932156862745098,0.004986602826985254,0.9974613920033848,0.0025386079966152053,0.9987290828214361,5.26219682701167e-05,0.0012555392187415526,0.0012555392187415526,-0.0012555392187415526,-0.0188776910305023,-0.05297951856885602,-0.16119899117866876,-0.07293246485692036,2
2703.png,L5,0.0808060765266418,2.27654242515564,0.796188898094449,0.20381110190555096,0.8865313653136532,0.010899649624698858,0.8268983268983269,0.17310167310167313,0.9052483268756605,0.007225376712276433,-0.04594881414038954,0.04594881414038954,0.04594881414038954,0.033260101079940804,0.02376584701645995,0.00936407392638916,-0.02823918993527237,4
2705.png,L5,0.052125871181488,1.8297011852264404,0.7705031013094418,0.22949689869055823,0.8703775788244453,0.00877009835759136,0.5239782016348774,0.4760217983651226,0.6876452708743072,0.025914041310047112,-0.2826681206921031,0.2826681206921031,0.2826681206921031,0.004579895734787003,0.049451643801467215,0.31228419918983863,0.20848011661644122,3
2706.png,L5,0.0342459082603454,1.4761972427368164,0.8662420382165605,0.13375796178343946,0.9283276450511946,0.0035546107414827755,0.9874657265961614,0.012534273403838614,0.9936933385888845,0.0003469048980170696,0.000556272409583336,0.000556272409583336,-0.000556272409583336,-0.013300067186355603,-0.04628729310565155,-0.15120332577144535,-0.07363173166607857,3
2716.png,L5,0.0286682844161987,1.3431382179260254,0.4692069118298626,0.5307930881701374,0.6387213510253317,0.04005623092425636,0.4731167337550316,0.5268832662449684,0.6423343417585635,0.026866549053369396,-0.15667071173981528,0.15667071173981528,0.15667071173981528,-0.0188776910305023,0.35074783328104636,0.36314566706968443,0.08248270766415337,2
2720.png,L5,0.0808060765266418,2.27654242515564,0.6141975308641975,0.3858024691358025,0.7609942638623327,0.032796188407630364,0.44932844932844934,0.5506715506715507,0.620050547598989,0.0345415381707826,0.24128617479257286,0.24128617479257286,-0.24128617479257286,0.033260101079940804,0.2057572142467115,0.38693395149626675,0.16709817071691097,4
2721.png,L5,0.0892945528030395,2.332374095916748,0.6036499766027141,0.39635002339728587,0.7528450539830756,0.02147967800240761,0.48511655708308427,0.5148834429169158,0.6533043548257265,0.04070590014221575,-0.037919012356044,0.037919012356044,0.037919012356044,0.041748577356338495,0.21630476850819486,0.3511458437416318,-0.03626899171961791,4
2723.png,L5,0.0411058664321899,1.6245402097702026,0.9070866141732283,0.09291338582677167,0.9512799339388934,0.004303378685523829,0.9459459459459459,0.05405405405405406,0.9722222222222222,0.002580758522932779,-0.014240818399415378,0.014240818399415378,0.014240818399415378,-0.0064401090145111,-0.08713186906231934,-0.10968354512122991,-0.05994718567624653,3
2740.png,L5,0.0358539819717407,1.5200445652008057,0.9209270620313565,0.07907293796864345,0.9588360539389638,0.0006815134008334312,0.9898766213223663,0.010123378677633688,0.9949125596184419,0.0003028885412001189,-0.0002763719010869803,0.0002763719010869803,0.0002763719010869803,-0.011691993474960298,-0.10097231692044756,-0.15361422049765028,-0.07391163217457493,3
2752.png,L5,0.0358539819717407,1.5200445652008057,0.8947368421052632,0.10526315789473684,0.9444444444444444,0.0017249951555343198,0.7802303262955854,0.21976967370441458,0.8765498652291105,0.006529947883108645,-0.10860446631865395,0.10860446631865395,0.10860446631865395,-0.011691993474960298,-0.07478209699435417,0.056032074529130615,0.03441646224299204,3
2754.png,L5,0.0808060765266418,2.27654242515564,0.863849765258216,0.136150234741784,0.9269521410579346,0.0049539902205235865,0.5419327373350362,0.4580672626649638,0.702926559911651,0.01505250823077639,0.24154009576053515,0.24154009576053515,-0.24154009576053515,0.033260101079940804,-0.04389502014730701,0.2943296634896798,0.16735209168487325,4
2766.png,L5,0.046326994895935,1.6967430114746094,0.9342019543973942,0.06579804560260583,0.965981812057932,0.0021904942062764706,0.7914496137955811,0.2085503862044189,0.883585681339617,0.006702014324343364,-0.07842172608563358,0.07842172608563358,0.07842172608563358,-0.0012189805507659968,-0.11424720928648519,0.04481278702913494,0.004233722009971672,3
2768.png,L5,0.0287660956382751,1.3450361490249634,0.7814669483851494,0.2185330516148506,0.8773297187394103,0.008714928116471968,0.8609288674033149,0.13907113259668513,0.9252678944194461,0.006939805592218849,-0.07355456067619182,0.07355456067619182,0.07355456067619182,-0.0187798798084259,0.03848779672575958,-0.024666466578598834,-0.0006334433994700933,2
2771.png,L5,0.0353571772575378,1.4914231300354004,0.7901285773537952,0.20987142264620484,0.8827618164967562,0.010483035090643545,0.744343891402715,0.25565610859728505,0.8534370946822308,0.01007847044707264,-0.1284678653647282,0.1284678653647282,0.1284678653647282,-0.0121887981891632,0.02982616775711383,0.09191850942200108,0.0542798612890663,3
2781.png,L5,0.0286682844161987,1.3431382179260254,0.8507588532883642,0.1492411467116358,0.9193621867881548,0.007018514696088378,0.9412104857363146,0.058789514263685394,0.9697150233343262,0.0029668489324438147,0.003972317883187193,0.003972317883187193,-0.003972317883187193,-0.0188776910305023,-0.030804108177455214,-0.10494808491159857,-0.07021568619247472,2
2782.png,L5,0.0287660956382751,1.3450361490249634,0.9794007490636704,0.02059925093632964,0.9895931882686849,0.000879496717360877,1.0,0.0,1.0,0.0,0.0,0.0,-0.0,-0.0187798798084259,-0.15944600395276137,-0.16373759917528397,-0.07418800407566191,2
2784.png,L5,0.0614362955093383,1.9509403705596924,0.8922480620155039,0.10775193798449612,0.9430561245391234,0.004403325089760355,0.6768384192096047,0.32316158079039525,0.8072792362768496,0.012514796383449387,-0.20469931889845472,0.20469931889845472,0.20469931889845472,0.013890320062637303,-0.0722933169045949,0.1594239816151113,0.13051131482279282,3
2787.png,L5,0.0286682844161987,1.3431382179260254,0.88992628992629,0.11007371007371003,0.9417576703068122,0.0014854838026902995,0.9062369628702545,0.09376303712974554,0.9508124965804016,0.0036049933376952883,-0.031096234818686175,0.031096234818686175,0.031096234818686175,-0.0188776910305023,-0.06997154481538098,-0.06997456204553842,-0.043091769256975734,2
2794.png,L5,0.0577355623245239,1.8913816213607788,0.9811616954474097,0.01883830455259028,0.9904912836767037,0.0004417302218150086,0.7226053639846743,0.27739463601532566,0.8389679715302492,0.004966235542839881,-0.011031136309073153,0.011031136309073153,0.011031136309073153,0.010189586877822898,-0.16120695033650073,0.11365703684004169,-0.06315686776658876,3
2801.png,L5,0.052125871181488,1.8297011852264404,0.7707820954254796,0.2292179045745204,0.8705555555555555,0.018513902196649827,0.5314114936803437,0.4685885063196563,0.6940152870385429,0.035131570635677026,0.22942159201621598,0.22942159201621598,-0.22942159201621598,0.004579895734787003,0.04917264968542939,0.30485090714437235,0.15523358794055409,3
2807.png,L5,0.0636759996414184,1.9886486530303955,0.8248626373626373,0.17513736263736268,0.9040270982310877,0.0075574224130550635,0.978374607603767,0.021625392396232956,0.9890691114245416,0.0004039040654901695,-0.0051231844804727755,0.0051231844804727755,0.0051231844804727755,0.0161300241947174,-0.00490789225172833,-0.142112206779051,-0.06906481959518913,3
2810.png,L5,0.0577355623245239,1.8913816213607788,0.8985148514851485,0.10148514851485146,0.9465449804432855,0.0007678453387028096,0.9932810750279956,0.006718924972004436,0.996629213483146,8.759554472981767e-05,0.003240793855430635,0.003240793855430635,-0.003240793855430635,0.010189586877822898,-0.07856010637423955,-0.15701867420327953,-0.07094721022023127,3
2816.png,L5,0.0604870915412902,1.9334912300109863,0.0,1.0,0.0,0.15789143970243472,0.0,1.0,0.0,0.1278538708895373,0.9045497931912184,0.9045497931912184,-0.9045497931912184,0.0129411160945892,0.819954745110909,0.836262400824716,0.8303617891155565,3
2825.png,L5,0.0286682844161987,1.3431382179260254,0.8990318118948825,0.10096818810511754,0.9468317552804079,7.126243521574574e-05,0.9977362761743067,0.002263723825693287,0.9988668555240793,3.465855795677901e-05,-0.0004458446721561371,0.0004458446721561371,0.0004458446721561371,-0.0188776910305023,-0.07907706678397347,-0.16147387534959068,-0.07374215940350577,2
2827.png,L5,0.0358539819717407,1.5200445652008057,0.8049575994781474,0.19504240052185262,0.8919407300325262,0.00853509519591652,0.2770090845562544,0.7229909154437456,0.43384042902484404,0.023497697840063045,-0.5044404918488765,0.5044404918488765,0.5044404918488765,-0.011691993474960298,0.01499714563276161,0.5592533162684616,0.4302524877732146,3
2835.png,L5,0.0741412043571472,2.232637405395508,0.5129615082482325,0.4870384917517675,0.6780893042575286,0.024974041849271766,0.49794238683127573,0.5020576131687242,0.6648351648351648,0.015466929521462315,-0.28574739054015574,0.28574739054015574,0.28574739054015574,0.026595228910446203,0.3069932368626765,0.33832001399344025,0.21155938646449385,4
2846.png,L5,0.0577355623245239,1.8913816213607788,0.8844221105527639,0.11557788944723613,0.9386666666666666,0.00049710796300095,0.9294026377036463,0.07059736229635372,0.9634097305991154,0.00223255491528011,-0.01263476364470395,0.01263476364470395,0.01263476364470395,0.010189586877822898,-0.06446736544185488,-0.09314023687893025,-0.06155324043095796,3
2866.png,L5,0.0411058664321899,1.6245402097702026,0.7694647201946472,0.23053527980535282,0.8697146785837058,0.013298652418835627,0.7645292085898784,0.23547079141012162,0.8665531914893617,0.012076198914249098,0.08588026687933825,0.08588026687933825,-0.08588026687933825,-0.0064401090145111,0.05049002491626181,0.07173319223483765,0.011692262803676343,3
2871.png,L5,0.0614362955093383,1.9509403705596924,0.8475935828877005,0.15240641711229952,0.9175108538350217,0.006614551884678517,0.972578505086245,0.027421494913755007,0.9860986547085202,0.0015085554074471292,0.002505421324789925,0.002505421324789925,-0.002505421324789925,0.013890320062637303,-0.02763883777679149,-0.13631610426152896,-0.07168258275087198,3
2875.png,L5,0.0892945528030395,2.332374095916748,0.8698830409356725,0.13011695906432752,0.9304143862392494,0.0010190557809537227,0.9840743198407432,0.015925680159256772,0.9919732441471572,0.00034808709422351486,-0.001815898777299707,0.001815898777299707,0.001815898777299707,0.041748577356338495,-0.04992829582476349,-0.1478119190160272,-0.0723721052983622,4
2877.png,L5,0.0626091957092285,1.9668551683425903,0.7838179519595448,0.21618204804045515,0.8788093550673282,0.013288647742783984,0.9152979619915728,0.08470203800842724,0.9557760517218157,0.004354350259905849,-0.03453806270341164,0.03453806270341164,0.03453806270341164,0.015063220262527502,0.036136793151364144,-0.07903556116685673,-0.039649941372250266,3
2878.png,L5,0.0286682844161987,1.3431382179260254,0.8636678200692042,0.13633217993079583,0.9268473821017452,0.003993054781297297,0.9830898046297817,0.016910195370218317,0.9914728040400695,0.0009458067050887735,0.008083480655672548,0.008083480655672548,-0.008083480655672548,-0.0188776910305023,-0.043713074958295184,-0.14682740380506565,-0.06610452341998936,2
2882.png,L5,0.0286682844161987,1.3431382179260254,0.5080645161290323,0.49193548387096775,0.6737967914438503,0.05037319454522609,0.4014410705095214,0.5985589294904786,0.5728975394785163,0.059718210365615275,-0.09903716778843097,0.09903716778843097,0.09903716778843097,-0.0188776910305023,0.31189022898187674,0.43482133031519465,0.02484916371276906,2
2883.png,L5,0.046326994895935,1.6967430114746094,0.737017310252996,0.262982689747004,0.8486009965504024,0.010404576063828422,0.3440461475072106,0.6559538524927895,0.5119558553034947,0.03527442501796398,-0.13607313516013142,0.13607313516013142,0.13607313516013142,-0.0012189805507659968,0.082937434857913,0.4922162533175055,0.06188513108446951,3
2884.png,L5,0.046326994895935,1.6967430114746094,0.9335180055401662,0.06648199445983383,0.9656160458452722,0.0009589472207495062,0.9971214738054116,0.0028785261945883933,0.9985586624387431,2.6238484315716822e-05,0.0004492801406748015,0.0004492801406748015,-0.0004492801406748015,-0.0012189805507659968,-0.11356326042925718,-0.16085907298069557,-0.07373872393498711,3
2885.png,L5,0.0626091957092285,1.9668551683425903,0.6811719086600603,0.3188280913399397,0.8103536647872885,0.01731650936299958,0.5216062544420753,0.4783937455579247,0.6855995142229904,0.014102103802231038,-0.09471222468089241,0.09471222468089241,0.09471222468089241,0.015063220262527502,0.1387828364508487,0.3146561463826407,0.0205242206052305,3
2886.png,L5,0.0626091957092285,1.9668551683425903,0.6552604698672114,0.3447395301327886,0.7917309472385067,0.028938234066161115,0.28399725274725274,0.7160027472527473,0.4423642685209949,0.04115943716464728,-0.2947532313077355,0.2947532313077355,0.2947532313077355,0.015063220262527502,0.16469427524369756,0.5522651480774633,0.2205652272320736,3
2891.png,L5,0.0808060765266418,2.27654242515564,0.7431659249841068,0.25683407501589317,0.8526622902990518,0.010255884017763244,0.9905601006922593,0.009439899307740696,0.9952576667720519,0.00011909306089945863,0.0014130783190189344,0.0014130783190189344,-0.0014130783190189344,0.033260101079940804,0.07678882012680216,-0.15429769986754327,-0.07277492575664297,4
2895.png,L5,0.0808060765266418,2.27654242515564,0.8358413132694938,0.16415868673050615,0.910581222056632,0.0010082894353727195,0.9725343320848939,0.027465667915106073,0.9860759493670886,0.0008919705861990858,-0.010443622186141699,0.010443622186141699,0.010443622186141699,0.033260101079940804,-0.015886568158584857,-0.1362719312601779,-0.06374438188952021,4
2897.png,L5,0.0581111907958984,1.9584583044052124,0.8851603281133482,0.11483967188665178,0.9390822784810127,0.004796726559858898,0.9959605026929982,0.004039497307001816,0.9979761637058692,8.469599282763461e-05,-0.00027570812287225355,0.00027570812287225355,0.00027570812287225355,0.010565215349197403,-0.06520558300243923,-0.15969810186828215,-0.07391229595278966,3
2898.png,L5,0.0577355623245239,1.8913816213607788,0.9225908372827805,0.07740916271721954,0.9597370583401807,0.000738429456126554,0.9983484723369116,0.0016515276630884035,0.9991735537190083,6.120010551176764e-05,-0.0005006780601979344,0.0005006780601979344,0.0005006780601979344,0.010189586877822898,-0.10263609217187147,-0.16208607151219556,-0.07368732601546397,3
2910.png,L5,0.0892945528030395,2.332374095916748,0.6258102533883324,0.3741897466116676,0.7698441464298659,0.021046700538333452,0.22654462242562928,0.7734553775743707,0.3694029850746269,0.03424804940835248,0.0,0.0,-0.0,0.041748577356338495,0.19414449172257658,0.6097177783990867,-0.07418800407566191,4
2912.png,L5,0.0892945528030395,2.332374095916748,0.41316526610644255,0.5868347338935574,0.5847373637264618,0.039993847260750226,0.696618946085897,0.30338105391410297,0.8211849192100539,0.0104559905480011,-0.06768509038521398,0.06768509038521398,0.06768509038521398,0.041748577356338495,0.40678947900446644,0.139643454738819,-0.006502913690447934,4
2916.png,L5,0.0286682844161987,1.3431382179260254,0.987378640776699,0.012621359223300987,0.9936492427943332,0.00016645819744909917,1.0,0.0,1.0,0.0,0.0,0.0,-0.0,-0.0188776910305023,-0.16742389566579002,-0.16373759917528397,-0.07418800407566191,2
2920.png,L5,0.0892945528030395,2.332374095916748,0.8574082675336739,0.14259173246632606,0.9232308077019254,0.005397695080234529,0.940022632968691,0.05997736703130896,0.9690841921057748,0.0027131068955245554,-0.021293480975982715,0.021293480975982715,0.021293480975982715,0.041748577356338495,-0.03745352242276495,-0.103760232143975,-0.052894523099679194,4
2924.png,L5,0.0626091957092285,1.9668551683425903,0.6506794564348521,0.34932054356514786,0.7883777239709443,0.022119886501790226,0.7269763651181744,0.27302363488182557,0.8419065596979708,0.011991996036479564,-0.034541924174286476,0.034541924174286476,0.034541924174286476,0.015063220262527502,0.16927528867605685,0.1092860357065416,-0.03964607990137543,3
2927.png,L5,0.0240485668182373,1.2422749996185305,0.8615948670944088,0.1384051329055912,0.9256523879862137,0.005052945184836648,0.9667349027635619,0.03326509723643811,0.9830861306271143,0.0008173688519725089,-0.015325338057644466,0.015325338057644466,0.015325338057644466,-0.0234974086284637,-0.04164012198349981,-0.13047250193884585,-0.05886266601801744,2
2933.png,L5,0.0626091957092285,1.9668551683425903,0.9063876651982379,0.09361233480176212,0.950895436164067,0.004323659242205912,0.8229960101559667,0.17700398984403332,0.9029048945483485,0.007037132623148225,-0.08067190210315767,0.08067190210315767,0.08067190210315767,0.015063220262527502,-0.08643292008732889,0.01326639066874935,0.0064838980274957575,3
2940.png,L5,0.0636759996414184,1.9886486530303955,0.0,1.0,0.0,0.17863091505727113,0.0,1.0,0.0,0.14769459807689103,0.6457086275244556,0.6457086275244556,-0.6457086275244556,0.0161300241947174,0.819954745110909,0.836262400824716,0.5715206234487936,3
2941.png,L5,0.0636759996414184,1.9886486530303955,0.7112626381377851,0.2887373618622149,0.8312723275625171,0.014956202322305368,0.7452353803551067,0.2547646196448933,0.8540227739406384,0.024913551777928648,-0.1374889721706427,0.1374889721706427,0.1374889721706427,0.0161300241947174,0.10869210697312387,0.09102702046960931,0.0633009680949808,3
2943.png,L5,0.0626091957092285,1.9668551683425903,0.9076576576576577,0.09234234234234229,0.9515938606847698,0.003355118359261788,0.9226491405460061,0.07735085945399389,0.9597686037338943,0.004946543869368183,0.03530107384151915,0.03530107384151915,-0.03530107384151915,0.015063220262527502,-0.08770291254674872,-0.08638673972129007,-0.03888693023414276,3
2947.png,L5,0.0676236152648925,2.0582282543182373,0.8501664816870145,0.14983351831298553,0.9190161967606478,0.0025916037889575465,0.7345193294560383,0.26548067054396174,0.8469428007889547,0.00948844258753618,-0.09413701703295185,0.09413701703295185,0.09413701703295185,0.020077639818191495,-0.030211736576105486,0.10174307136867777,0.019949012957289944,4
2951.png,L5,0.0626091957092285,1.9668551683425903,0.8451400329489291,0.15485996705107086,0.9160714285714285,0.00371189316578551,0.9391084235691183,0.06089157643088172,0.9685981579519907,0.0028699465792450716,-0.030817124304061472,0.030817124304061472,0.030817124304061472,0.015063220262527502,-0.025185287838020154,-0.10284602274440224,-0.04337087977160044,3
2955.png,L5,0.0240485668182373,1.2422749996185305,0.9342891278375149,0.06571087216248506,0.9660284126003706,0.002471108914672985,0.9904019196160768,0.00959808038392318,0.995177817962628,0.0003030127476544585,-0.004850152786878059,0.004850152786878059,0.004850152786878059,-0.0234974086284637,-0.11433438272660595,-0.15413951879136079,-0.06933785128878385,2
2957.png,L5,0.0358539819717407,1.5200445652008057,0.8220392653578215,0.17796073464217854,0.9023288147375739,0.00497674994561942,0.7980667838312829,0.20193321616871707,0.8876942625354315,0.009018674324419213,0.09465997015267225,0.09465997015267225,-0.09465997015267225,-0.011691993474960298,-0.002084520246912469,0.0381956169934331,0.020471966077010337,3
2958.png,L5,0.0892945528030395,2.332374095916748,0.9356759976176295,0.06432400238237046,0.9667692307692307,0.0031343001404719093,0.9645742697327533,0.03542573026724671,0.981967731730465,0.001364446786090635,0.009996085438653712,0.009996085438653712,-0.009996085438653712,0.041748577356338495,-0.11572125250672055,-0.12831186890803725,-0.0641919186370082,4
2959.png,L5,0.0358539819717407,1.5200445652008057,0.856353591160221,0.14364640883977897,0.9226190476190477,0.004360421730843712,0.9774467204634802,0.022553279536519755,0.9885947473056399,0.0001732956171292858,-0.00881519743489978,0.00881519743489978,0.00881519743489978,-0.011691993474960298,-0.03639884604931204,-0.1411843196387642,-0.06537280664076213,3
2961.png,L5,0.0808060765266418,2.27654242515564,0.8280254777070064,0.1719745222929936,0.9059233449477352,0.006495089622225736,0.9730479587792311,0.026952041220768885,0.9863398955403777,0.0005138617128468758,0.007296054430125043,0.007296054430125043,-0.007296054430125043,0.033260101079940804,-0.008070732596097419,-0.13678555795451508,-0.06689194964553687,4
2968.png,L5,0.046326994895935,1.6967430114746094,0.7104,0.28959999999999997,0.8306828811973808,0.007458272877604077,0.9918442515127598,0.00815574848724021,0.9959054286091665,0.0001002973480009351,0.003169864649259835,0.003169864649259835,-0.003169864649259835,-0.0012189805507659968,0.10955474511090896,-0.15558185068804375,-0.07101813942640207,3
2969.png,L5,0.0808060765266418,2.27654242515564,0.9292517006802721,0.07074829931972793,0.9633286318758815,0.00391464992259239,0.918918918918919,0.08108108108108103,0.9577464788732394,0.0028331059467305254,-0.015573513360762625,0.015573513360762625,0.015573513360762625,0.033260101079940804,-0.10929695556936309,-0.08265651809420294,-0.058614490714899284,4
2977.png,L5,0.0286682844161987,1.3431382179260254,1.0,0.0,1.0,0.0,1.0,0.0,1.0,0.0,0.0,0.0,-0.0,-0.0188776910305023,-0.180045254889091,-0.16373759917528397,-0.07418800407566191,2
2978.png,L5,0.0892945528030395,2.332374095916748,0.8672566371681416,0.1327433628318584,0.9289099526066351,0.0022779009017785223,0.998329435349148,0.0016705646508520244,0.9991640193947501,3.115001383346778e-05,-0.0008122397051567587,0.0008122397051567587,0.0008122397051567587,0.041748577356338495,-0.04730189205723262,-0.16206703452443194,-0.07337576437050515,4
2979.png,L5,0.0604870915412902,1.9334912300109863,0.8229548229548229,0.17704517704517708,0.9028801071667782,0.007652417428739756,0.8382952052648073,0.16170479473519273,0.912035458574838,0.004333635511156172,-0.0399595753700952,0.0399595753700952,0.0399595753700952,0.0129411160945892,-0.0030000778439139286,-0.0020328044400912404,-0.03422842870556671,3
2980.png,L5,0.0626091957092285,1.9668551683425903,0.9015594541910331,0.09844054580896688,0.9482316760635572,0.004452070923993564,0.9990613266583229,0.0009386733416770765,0.9995304429488183,2.6930102128595458e-05,-0.00016774784855977387,0.00016774784855977387,0.00016774784855977387,0.015063220262527502,-0.08160470908012413,-0.1627989258336069,-0.07402025622710214,3
2981.png,L5,0.0892945528030395,2.332374095916748,0.9561170212765957,0.0438829787234043,0.9775662814411965,0.0014760873893906391,0.9881235154394299,0.01187648456057011,0.994026284348865,0.00021633415006814258,-0.004870127993990336,0.004870127993990336,0.004870127993990336,0.041748577356338495,-0.1361622761656867,-0.15186111461471385,-0.06931787608167157,4
2982.png,L5,0.0353571772575378,1.4914231300354004,0.8061901252763449,0.19380987472365507,0.8926968584251326,0.009979191879477552,0.0,1.0,0.0,0.08924817268022212,-0.8929778445362373,0.8929778445362373,0.8929778445362373,-0.0121887981891632,0.013764619834564062,0.836262400824716,0.8187898404605753,3
2984.png,L5,0.046326994895935,1.6967430114746094,0.8053408292340126,0.19465917076598738,0.8921759439470611,0.007726888271209979,0.8411891257578721,0.15881087424212792,0.9137454854472062,0.005798888761800289,0.009901327275407046,0.009901327275407046,-0.009901327275407046,-0.0012189805507659968,0.014613915876896366,-0.004926724933156046,-0.06428667680025486,3
2990.png,L5,0.0342459082603454,1.4761972427368164,0.8182644252612449,0.18173557473875512,0.9000499750124937,0.007828560352200082,0.9946417445482866,0.005358255451713423,0.9973136752670707,0.00016785187073482016,-0.0010682749642770828,0.0010682749642770828,0.0010682749642770828,-0.013300067186355603,0.0016903198496641125,-0.15837934372357054,-0.07311972911138483,3
2991.png,L5,0.0892945528030395,2.332374095916748,0.9354581673306773,0.06454183266932267,0.9666529435981885,0.0023311377614616017,0.9930247305009512,0.0069752694990488084,0.9965001590836781,0.00038215952380885027,-0.002176114384198402,0.002176114384198402,0.002176114384198402,0.041748577356338495,-0.11550342221976834,-0.15676232967623516,-0.07201188969146351,4
3001.png,L5,0.0808060765266418,2.27654242515564,0.8706030150753769,0.12939698492462315,0.9308260577568838,0.0017384186132647708,0.8385281385281386,0.16147186147186143,0.9121732987991523,0.0021825158226065782,-0.0015084828525112996,0.0015084828525112996,0.0015084828525112996,0.033260101079940804,-0.05064826996446786,-0.0022657377034225323,-0.0726795212231506,4
3008.png,L5,0.0676236152648925,2.0582282543182373,0.8593639575971731,0.1406360424028269,0.9243633599391866,0.003791875149722995,0.9580838323353293,0.041916167664670656,0.9785932721712538,0.0006105178463047471,-0.0003815698739685347,0.0003815698739685347,0.0003815698739685347,0.020077639818191495,-0.03940921248626411,-0.12182143151061331,-0.07380643420169337,4
3015.png,L5,0.0581111907958984,1.9584583044052124,0.8675340035481963,0.13246599645180368,0.9290690310322989,0.007398762036727934,0.9984725050916496,0.0015274949083503575,0.999235668789809,5.207203963173625e-05,-0.00011604207746562789,0.00011604207746562789,0.00011604207746562789,0.010565215349197403,-0.04757925843728733,-0.1622101042669336,-0.07407196199819628,3
3016.png,L5,0.0358539819717407,1.5200445652008057,0.8963414634146342,0.10365853658536583,0.9453376205787781,0.0028571612725916094,0.9594221717253693,0.040577828274630745,0.9792909211398277,0.0023377281315995926,-0.01794371649390325,0.01794371649390325,0.01794371649390325,-0.011691993474960298,-0.07638671830372518,-0.12315977090065322,-0.05624428758175866,3
3018.png,L5,0.0892945528030395,2.332374095916748,0.9463171036204744,0.05368289637952561,0.9724182168056447,0.00026870864319497996,0.9907324364723468,0.009267563527653233,0.9953446463432948,0.0005878601226404755,-0.0037567949463884753,0.0037567949463884753,0.0037567949463884753,0.041748577356338495,-0.1263623585095654,-0.15447003564763073,-0.07043120912927343,4
3021.png,L5,0.0240485668182373,1.2422749996185305,0.9965095986038395,0.003490401396160525,0.9982517482517482,0.00012550165162921386,1.0,0.0,1.0,0.0,0.0,0.0,-0.0,-0.0234974086284637,-0.17655485349293049,-0.16373759917528397,-0.07418800407566191,2
3031.png,L5,0.052125871181488,1.8297011852264404,0.8371681415929203,0.1628318584070797,0.9113680154142582,0.0029711037943028792,0.7419847328244275,0.25801526717557255,0.8518843120070114,0.004788075067489281,-0.06369415654346999,0.06369415654346999,0.06369415654346999,0.004579895734787003,-0.01721339648201131,0.09427766800028858,-0.010493847532191916,3
3039.png,L5,0.0240485668182373,1.2422749996185305,0.7030837004405286,0.2969162995594714,0.8256595964821521,0.018171490578435708,0.12766497461928933,0.8723350253807107,0.22642358766599144,0.021328573241348403,-0.6096145048892233,0.6096145048892233,0.6096145048892233,-0.0234974086284637,0.1168710446703804,0.7085974262054268,0.5354265008135614,2
3045.png,L5,0.0892945528030395,2.332374095916748,0.8834586466165414,0.11654135338345861,0.93812375249501,0.004108957550429787,0.9935233160621761,0.006476683937823857,0.9967511371020142,0.0001957238714901356,-0.0018016573655892376,0.0018016573655892376,0.0018016573655892376,0.041748577356338495,-0.0635039015056324,-0.1572609152374601,-0.07238634671007267,4
3046.png,L5,0.0604870915412902,1.9334912300109863,0.8916666666666667,0.10833333333333328,0.9427312775330396,0.0065054358440748035,0.6269667032564947,0.37303329674350527,0.7707185426740133,0.020735604544018047,-0.12097557210078547,0.12097557210078547,0.12097557210078547,0.0129411160945892,-0.07171192155575773,0.2092956975682213,0.04678756802512356,3
3047.png,L5,0.0626091957092285,1.9668551683425903,0.6570702794242168,0.3429297205757832,0.7930505876341338,0.017724410629484714,0.9891566265060241,0.010843373493975905,0.9945487583282859,0.00017129144541910311,0.003467043056804009,0.003467043056804009,-0.003467043056804009,0.015063220262527502,0.16288446568669218,-0.15289422568130806,-0.0707209610188579,3
3051.png,L5,0.0626091957092285,1.9668551683425903,0.8540745420088439,0.14592545799115608,0.9212947189097104,0.007551381158066668,0.9524504692387904,0.0475495307612096,0.9756462294381543,0.002419551559036996,-0.008702946647542453,0.008702946647542453,0.008702946647542453,0.015063220262527502,-0.03411979689793493,-0.11618806841407436,-0.06548505742811946,3
3056.png,L5,0.0626091957092285,1.9668551683425903,0.7193347193347194,0.2806652806652806,0.8367593712212817,0.011420392292826745,0.7196130556786294,0.28038694432137057,0.8369476531970628,0.01946981078907444,0.08573283819409272,0.08573283819409272,-0.08573283819409272,0.015063220262527502,0.10062002577618961,0.1166493451460866,0.01154483411843081,3
3063.png,L5,0.0886473655700683,2.1952145099639893,0.7953367875647669,0.2046632124352331,0.886002886002886,0.008937565588828331,0.9236526946107785,0.07634730538922152,0.9603112840466926,0.0030972634522459692,-0.010816444138712633,0.010816444138712633,0.010816444138712633,0.041101390123367304,0.0246179575461421,-0.08739029378606245,-0.06337155993694928,4
