image,H0,H1,H2,L3,L4,L5,mean,std,range,best,worst,delta_H1_vs_H0,delta_H2_vs_H0,delta_L3_vs_H0,delta_L4_vs_H0,delta_L5_vs_H0
7.png,0.8071096748131691,0.7862377850162866,0.7862377850162866,0.8062890546260835,0.0,0.621948437143509,0.6346371227692226,0.2910045729440079,0.8071096748131691,H0,L4,-0.02087188979688248,-0.02087188979688248,-0.0008206201870856189,-0.8071096748131691,-0.18516123766966008
13.png,0.9677459295486907,0.9679256965944273,0.9690018598884067,0.9686878727634195,0.9718765555002489,0.9722972548526918,0.9695891948579809,0.001820613678619484,0.0045513253040011525,L5,H0,0.00017976704573663405,0.0012559303397160493,0.0009419432147288465,0.00413062595155822,0.0045513253040011525
16.png,0.6979051819184123,0.6979051819184123,0.718562874251497,0.718562874251497,0.718562874251497,0.6979051819184123,0.7082340280849545,0.010328846166542338,0.020657692333084676,H2,H0,0.0,0.020657692333084676,0.020657692333084676,0.020657692333084676,0.0
25.png,0.6613816534541337,0.6613816534541337,0.6613816534541337,0.6613816534541337,0.6255096097845079,0.6255096097845079,0.6494243055642585,0.01691024355587492,0.03587204366962582,H0,L4,0.0,0.0,0.0,-0.03587204366962582,-0.03587204366962582
28.png,0.6609185289459792,0.6609185289459792,0.6609185289459792,0.6179391176949374,0.631649381063901,0.6609185289459792,0.6488771024237926,0.017483025544290213,0.04297941125104188,H0,L3,0.0,0.0,-0.04297941125104188,-0.02926914788207824,0.0
32.png,0.6252122241086587,0.634417808219178,0.634417808219178,0.6554694229112834,0.36558018252933505,0.404422461448938,0.5532533179060953,0.11984253199913397,0.28988924038194835,L3,L4,0.009205584110519305,0.009205584110519305,0.030257198802624674,-0.2596320415793237,-0.22078976265972072
41.png,0.9438202247191011,0.943265306122449,0.943265306122449,0.9434578485405185,0.9429270281288219,0.9436044135676338,0.9433900212001624,0.00028316955708681624,0.0008931965902791994,H0,L4,-0.0005549185966521319,-0.0005549185966521319,-0.00036237617858259075,-0.0008931965902791994,-0.00021581115146729335
55.png,0.5589328668270283,0.5957347082259199,0.5413502109704641,0.5413502109704641,0.5390756302521008,0.7088535754824064,0.5808828671213973,0.06048744877365953,0.16977794523030554,L5,L4,0.036801841398891644,-0.017582655856564156,-0.017582655856564156,-0.01985723657492744,0.1499207086553781
56.png,0.9053991693585602,0.9053991693585602,0.9053991693585602,0.9053991693585602,0.899090909090909,0.9016018306636155,0.9037149028647943,0.002489759259995982,0.006308260267651189,H0,L4,0.0,0.0,0.0,-0.006308260267651189,-0.0037973386949446963
66.png,0.9268705427293605,0.9238175472379347,0.9192487139610002,0.9194494314781568,0.9297601566324033,0.8823607603349728,0.9169178587289714,0.015903988136535697,0.04739939629743051,L4,L5,-0.0030529954914257917,-0.0076218287683603725,-0.007421111251203705,0.0028896139030427648,-0.04450978239438774
67.png,0.9321559336635796,0.9322434932243493,0.9322434932243493,0.9319258940112021,0.9327315710294434,0.9317596566523605,0.932176673634214,0.00030388171035732834,0.0009719143770828831,L4,L5,8.755956076966775e-05,8.755956076966775e-05,-0.00023003965237755608,0.0005756373658637459,-0.00039627701121913717
70.png,0.534348239771646,0.534348239771646,0.5276211950394588,0.514191540010987,0.4533419438165967,0.5673271330367974,0.521863048574522,0.03455887022181383,0.11398518922020068,L5,L4,0.0,-0.006727044732187215,-0.020156699760659036,-0.08100629595504932,0.032978893265151354
86.png,0.9042316258351893,0.898826730147934,0.898826730147934,0.898826730147934,0.867299732164597,0.9286631212176784,0.8994457782768777,0.017846920405597873,0.06136338905308136,L5,L4,-0.005404895687255329,-0.005404895687255329,-0.005404895687255329,-0.03693189367059235,0.02443149538248901
93.png,0.7444201312910285,0.882364303650763,0.7358407079646018,0.7349290780141844,0.7366791952244086,0.7314691522414558,0.7609504280644069,0.05443716096865607,0.1508951514093072,H1,L5,0.13794417235973455,-0.008579423326426694,-0.009491053276844075,-0.007740936066619852,-0.012950979049572653
99.png,0.8855640921957137,0.8855640921957137,0.8827641302176952,0.8842359573183007,0.8870090634441088,0.8871422813381701,0.8853799361182837,0.001526372139195825,0.004378151120474905,L5,H2,0.0,-0.0027999619780185725,-0.001328134877413012,0.0014449712483950439,0.0015781891424563321
100.png,0.8380168247717916,0.8394396551724138,0.8388600107546155,0.8385593979573553,0.8380168247717916,0.8519040902679831,0.8407994672826584,0.004990446565092598,0.013887265496191459,L5,H0,0.0014228304006221881,0.0008431859828238464,0.0005425731855637217,0.0,0.013887265496191459
102.png,0.8697131194012927,0.8555683122847302,0.8446556920936703,0.8446556920936703,0.8567810269399033,0.8694963214487832,0.856811694043675,0.010201554245566123,0.025057427307622393,H0,H2,-0.014144807116562519,-0.025057427307622393,-0.025057427307622393,-0.012932092461389377,-0.0002167979525095065
108.png,0.9219496654985664,0.9219496654985664,0.9219496654985664,0.9219496654985664,0.9391794550579392,0.9168162009741092,0.9239657196710523,0.007057280634514321,0.022363254083829998,L4,L5,0.0,0.0,0.0,0.01722978955937282,-0.005133464524457176
114.png,0.9363166953528399,0.9360481789503872,0.9357798165137615,0.9360848380624821,0.935548553423088,0.935548553423088,0.935887772620941,0.00028587104848668747,0.0007681419297519421,H0,L4,-0.0002685164024527342,-0.0005368788390783807,-0.00023185729035779534,-0.0007681419297519421,-0.0007681419297519421
117.png,0.5443020719738277,0.5443520915656084,0.5442685329890603,0.5439858810752104,0.5438263229308006,0.544386779568424,0.5441869466838218,0.00020720080500146517,0.0005604566376233855,L5,L4,5.001959178063675e-05,-3.353898476743389e-05,-0.0003161908986173412,-0.0004757490430271627,8.470759459622279e-05
121.png,0.970888052162733,0.9692279344020638,0.96981409902448,0.9674676524953789,0.9674736647569765,0.43849958779884585,0.8805618317734131,0.19770001980710633,0.5323884643638872,H0,L5,-0.0016601177606692108,-0.001073953138252981,-0.0034203996673540793,-0.0034143874057565027,-0.5323884643638872
122.png,0.96699604743083,0.96699604743083,0.9671046132569396,0.9666403474141334,0.9670048261597557,0.966798418972332,0.9669233834441369,0.0001558646765593859,0.00046426584280623295,H2,L3,0.0,0.00010856582610963006,-0.0003557000166966029,8.778728925684653e-06,-0.00019762845849802257
124.png,0.9291000238720458,0.9322467986030267,0.9322467986030267,0.9326328079392878,0.9349516851284468,0.8497854077253219,0.9184939203118594,0.030774444547563225,0.08516627740312499,L4,L5,0.0031467747309809058,0.0031467747309809058,0.0035327840672420008,0.0058516612564010195,-0.07931461614672397
128.png,0.8786057692307693,0.8263732299089023,0.8329749103942652,0.8714174387392848,0.7742859001886915,0.7817925856405443,0.8275749723504097,0.03977574585469942,0.1043198690420778,H0,L4,-0.052232539321867,-0.045630858836504085,-0.007188330491484485,-0.1043198690420778,-0.09681318359022495
131.png,0.9487344487344488,0.9487344487344488,0.9487344487344488,0.9490725849683714,0.9532450896669513,0.9487344487344488,0.9495425782621862,0.0016604104780169565,0.00451064093250253,L4,H0,0.0,0.0,0.0003381362339226479,0.00451064093250253,0.0
138.png,0.8672821696480092,0.8672821696480092,0.8672821696480092,0.8672821696480092,0.8672821696480092,0.8680445151033387,0.8674092272238975,0.00028410937674246296,0.0007623454553294939,L5,H0,0.0,0.0,0.0,0.0,0.0007623454553294939
150.png,0.941820580474934,0.941812904077055,0.941812904077055,0.944418864697757,0.5715277242230277,0.6262036512570258,0.827932771467809,0.16274468673161735,0.3728911404747294,L3,L4,-7.676397879019525e-06,-7.676397879019525e-06,0.002598284222823044,-0.37029285625190633,-0.3156169292179082
152.png,0.9697135809236672,0.9697135809236672,0.9697135809236672,0.9698464912280702,0.9685706477179558,0.9690326116744313,0.9694317488985765,0.0004674585254220988,0.0012758435101144494,L3,L4,0.0,0.0,0.0001329103044029889,-0.0011429332057114605,-0.0006809692492358854
156.png,0.9628012227559649,0.9628012227559649,0.9653318575325137,0.9653373384451207,0.9611859408623575,0.9627864490249811,0.9633740052294838,0.0014987144740399346,0.004151397582763172,L3,L4,0.0,0.0025306347765488013,0.0025361156891557934,-0.0016152818936073787,-1.4773730983796973e-05
167.png,0.9538371067333137,0.9539306018427759,0.9541446208112875,0.9543495297805643,0.9539125318689939,0.9541446208112875,0.9540531686413704,0.00017608756986448672,0.0005124230472506319,L3,H0,9.349510946221606e-05,0.0003075140779738028,0.0005124230472506319,7.542513568026266e-05,0.0003075140779738028
169.png,0.9461167470480625,0.9461167470480625,0.9461167470480625,0.9461167470480625,0.9457028647568287,0.9460291060291061,0.9460331598296974,0.0001511393180460726,0.0004138822912337359,H0,L4,0.0,0.0,0.0,-0.0004138822912337359,-8.764101895641918e-05
174.png,0.9328880075148732,0.9328880075148732,0.9328880075148732,0.9331107168945006,0.9315068493150684,0.9292971614119618,0.9320964583610252,0.0013596612812087799,0.0038135554825388107,L3,L5,0.0,0.0,0.0002227093796274282,-0.0013811581998047773,-0.0035908461029113825
183.png,0.94798083504449,0.9470608456514266,0.9479291974566076,0.9462624870823286,0.9472780353769534,0.9470061940812113,0.9472529324488362,0.0005868795859358429,0.001718347962161415,H0,L3,-0.0009199893930634806,-5.163758788240269e-05,-0.001718347962161415,-0.0007027996675366133,-0.0009746409632787056
198.png,0.8835199371439796,0.8840408805031447,0.8840408805031447,0.8835199371439796,0.8838671644723914,0.7949828962371722,0.8689952826673021,0.0331000438502151,0.08905798426597245,H1,L5,0.0005209433591650825,0.0005209433591650825,0.0,0.00034722732841185877,-0.08853704090680736
211.png,0.6017280850749576,0.6273865414710486,0.6101951293299047,0.6241276171485544,0.584055705556345,0.4667649727767695,0.5857096752262633,0.055105360015670825,0.16062156869427907,H1,L5,0.02565845639609099,0.008467044254947154,0.022399532073596795,-0.017672379518612558,-0.13496311229818808
217.png,0.9276214042684813,0.9276214042684813,0.9276214042684813,0.9322908522283033,0.7299375300336377,0.9305663910126385,0.8959431643466708,0.07426116696767719,0.20235332219466562,L3,L4,0.0,0.0,0.004669447959822048,-0.19768387423484357,0.0029449867441572186
223.png,0.981256298286866,0.9813222252082774,0.9522204213938412,0.9475585370573437,0.949034300109812,0.9527579493835172,0.9606916219066095,0.014671986767185325,0.03376368815093367,H1,L3,6.592692141138556e-05,-0.02903587689302478,-0.03369776122952228,-0.032221998177053957,-0.02849834890334879
228.png,0.7340964533683618,0.7340964533683618,0.7339241938525363,0.737339380196523,0.7410207939508506,0.7326062429484769,0.735513919614185,0.0028477536177118523,0.00841455100237376,L4,L5,0.0,-0.00017225951582555687,0.0032429268281611856,0.006924340582488808,-0.001490210419884952
233.png,0.9362225295835255,0.936572614745906,0.9368607244482042,0.936673839532739,0.9366641045349731,0.9362519201228878,0.936540955494706,0.00023130602116523888,0.0006381948646787539,H2,H0,0.00035008516238055343,0.0006381948646787539,0.00045130994921349643,0.0004415749514475875,2.9390539362350587e-05
234.png,0.9267320662170447,0.9296598430044636,0.9217775072287323,0.9220462850182704,0.9287525939589578,0.9305480613582056,0.9265860594642791,0.0035022021779276707,0.008770554129473251,L5,H2,0.0029277767874188454,-0.00495455898831243,-0.004685781198774386,0.0020205277419130807,0.0038159951411608217
238.png,0.29431438127090304,0.29431438127090304,0.5225669957686883,0.07092198581560284,0.15659739004349926,0.13288069835111543,0.24526597208678533,0.1486583013519882,0.45164500995308543,H2,L3,0.0,0.22825261449778522,-0.2233923954553002,-0.13771699122740377,-0.1614336829197876
246.png,0.8558172733761599,0.8558172733761599,0.8558172733761599,0.8558172733761599,0.8558172733761599,0.8558172733761599,0.8558172733761599,0.0,0.0,H0,H0,0.0,0.0,0.0,0.0,0.0
256.png,0.9448111220334223,0.9456842105263158,0.9456842105263158,0.9455667789001122,0.9446939921392477,0.9448111220334223,0.9452085726931393,0.0004399813601494822,0.0009902183870681425,H1,L4,0.0008730884928934701,0.0008730884928934701,0.00075565686668988,-0.00011712989417467234,0.0
262.png,0.905880717364104,0.9054767862107311,0.9054505005561735,0.9060066740823137,0.9047420386594354,0.9072423398328691,0.9057998427842712,0.0007610817660065679,0.0025003011734336944,L5,L4,-0.000403931153372894,-0.00043021680793053907,0.00012595671820969656,-0.0011386787046686608,0.0013616224687650336
263.png,0.8875536480686695,0.8879347359381708,0.8879347359381708,0.8876476906552094,0.8882201203783319,0.8880292284547604,0.8878866932388855,0.0002251471620226605,0.0006664723096623248,L4,H0,0.00038108786950130646,0.00038108786950130646,9.404258653988862e-05,0.0006664723096623248,0.00047558038609085695
284.png,0.9054054054054054,0.9054054054054054,0.9054054054054054,0.9054054054054054,0.9029741589468552,0.9079008882655446,0.9054161114723369,0.0014223048388822216,0.004926729318689427,L5,L4,0.0,0.0,0.0,-0.002431246458550196,0.002495482860139231
296.png,0.562823994075537,0.6036487211590056,0.6036487211590056,0.5654781739420194,0.9373841106832121,0.605989324165385,0.6464955075306941,0.13133503914626424,0.3745601166076752,L4,H0,0.040824727083468626,0.040824727083468626,0.00265417986648242,0.3745601166076752,0.04316533008984802
304.png,0.7477495769881557,0.7543765149474818,0.7374812389139037,0.7280351986800495,0.7909619277737869,0.7121591541457986,0.7451272685748626,0.02459924875421563,0.07880277362798838,L4,L5,0.006626937959326118,-0.010268338074251981,-0.019714378308106184,0.04321235078563124,-0.03559042284235714
311.png,0.7824158622488913,0.7828243278517358,0.7828243278517358,0.7824158622488913,0.7848383500557413,0.7827732463295269,0.7830153294310871,0.0008340357144296084,0.00242248780685006,L4,H0,0.00040846560284457656,0.00040846560284457656,0.0,0.00242248780685006,0.00035738408063568095
321.png,0.8483729517655204,0.9015698978320459,0.9015698978320459,0.9015698978320459,0.8396247998169756,0.8304701627486437,0.8705296013045464,0.03146766201658673,0.07109973508340217,H1,L5,0.053196946066525475,0.053196946066525475,0.053196946066525475,-0.008748151948544836,-0.017902789016876697
323.png,0.912258338644572,0.9132750905604091,0.912258338644572,0.9118708855383308,0.9119082997240501,0.9118708855383308,0.9122403064417108,0.0004923752906862614,0.0014042050220782754,H1,L3,0.0010167519158371663,0.0,-0.00038745310624110907,-0.0003500389205218779,-0.00038745310624110907
324.png,0.9119850187265918,0.7007718542451984,0.7215236686390533,0.9126259077067229,0.5737777125238585,0.9187913125590179,0.7899125790667405,0.13285792030316407,0.34501360003515946,L5,L4,-0.21121316448139338,-0.1904613500875385,0.000640888980131149,-0.3382073062027333,0.006806293832426147
332.png,0.0,0.0,0.5305059523809523,0.009019700925706147,0.0,0.003160984420862497,0.09044777295458684,0.19682611384343476,0.5305059523809523,H2,H0,0.0,0.5305059523809523,0.009019700925706147,0.0,0.003160984420862497
333.png,0.8173710740597131,0.823943661971831,0.823943661971831,0.823943661971831,0.8195956454121306,0.8626144879267277,0.8285686988856774,0.015433681463891496,0.04524341386701458,L5,H0,0.0065725879121179,0.0065725879121179,0.0065725879121179,0.0022245713524174926,0.04524341386701458
350.png,0.9490445859872612,0.9490445859872612,0.9497179298503802,0.9497179298503802,0.9497179298503802,0.9428362928727804,0.9483465423997406,0.0024825890440169415,0.006881636977599803,H2,L5,0.0,0.0006733438631190136,0.0006733438631190136,0.0006733438631190136,-0.00620829311448079
351.png,0.9408515535097813,0.9408515535097813,0.9408515535097813,0.9406623735050598,0.9400137899333486,0.9400137899333486,0.9405407689835168,0.00037858564939972006,0.0008377635764327263,H0,L4,0.0,0.0,-0.00018918000472156749,-0.0008377635764327263,-0.0008377635764327263
354.png,0.8311855670103093,0.8311855670103093,0.8311855670103093,0.837143785892296,0.842174197773412,0.8440748440748441,0.8361582547952465,0.005385444870219173,0.012889277064534799,L5,H0,0.0,0.0,0.0059582188819866655,0.010988630763102636,0.012889277064534799
404.png,0.9531234580084871,0.9493720565149136,0.9493720565149136,0.9505905511811024,0.9452988125364999,0.9547031420358807,0.9504100127986327,0.0030029266911795046,0.009404329499380748,L5,L4,-0.0037514014935734474,-0.0037514014935734474,-0.0025329068273847177,-0.007824645471987135,0.001579684027393613
415.png,0.7874186550976139,0.795068493150685,0.7880597014925373,0.5746401104318675,0.6114333057166529,0.5601071975497703,0.6861212439065212,0.10520455382884,0.2349612956009146,H1,L5,0.0076498380530710675,0.0006410463949234613,-0.21277854466574642,-0.175985349380961,-0.22731145754784354
429.png,0.9176262178919398,0.9174352705856206,0.9174352705856206,0.9176133230395941,0.8405906853464596,0.9189965742070947,0.9049495569427215,0.02878725945649223,0.07840588886063504,L5,L4,-0.0001909473063191891,-0.0001909473063191891,-1.2894852345679553e-05,-0.07703553254548012,0.0013703563151549192
442.png,0.9063388679937621,0.9060033045713237,0.9065223374002385,0.9065223374002385,0.907291382911105,0.9057990993474865,0.9064128882706924,0.00047358309858392555,0.0014922835636185239,L4,L5,-0.00033556342243834525,0.00018346940647639975,0.00018346940647639975,0.0009525149173429392,-0.0005397686462755846
443.png,0.9545009252204202,0.9540824663652704,0.9540824663652704,0.9545009252204202,0.9540946290173974,0.5037795275590551,0.8791734899579723,0.1678813859955575,0.4507213976613651,H0,L5,-0.00041845885514979475,-0.00041845885514979475,0.0,-0.00040629620302279346,-0.4507213976613651
445.png,0.8194720785250034,0.8194720785250034,0.8194720785250034,0.8191891712560547,0.8235760539183296,0.8222766055956082,0.8205763443908337,0.0017064389835256969,0.004386882662274827,L4,L3,0.0,0.0,-0.00028290726894864004,0.004103975393326187,0.0028045270706048564
452.png,0.9241001564945227,0.9168148587235724,0.918503937007874,0.918503937007874,0.918503937007874,0.9168148587235724,0.9188736141608818,0.002456409176657754,0.0072852977709503275,H0,H1,-0.0072852977709503275,-0.005596219486648679,-0.005596219486648679,-0.005596219486648679,-0.0072852977709503275
457.png,0.5515817140711536,0.49126516078780463,0.003934203832457182,0.4697208494724189,0.9835164835164835,0.8287831513260531,0.5548002605010619,0.3091933620591711,0.9795822796840263,L4,H2,-0.060316553283349006,-0.5476475102386965,-0.08186086459873476,0.4319347694453298,0.27720143725489943
472.png,0.9322813938198553,0.9317832858082913,0.9325744308231173,0.9322813938198553,0.9301615015277171,0.9269031141868512,0.9309975199976147,0.001994317989894811,0.005671316636266077,H2,L5,-0.0004981080115640246,0.0002930370032619978,0.0,-0.002119892292138159,-0.005378279633004079
473.png,0.930304594734125,0.9291784702549575,0.9289392378990731,0.9289392378990731,0.9284611425630468,0.9277449215736693,0.9289279341539909,0.0007719705731291099,0.002559673160455689,H0,L5,-0.0011261244791674896,-0.0013653568350519008,-0.0013653568350519008,-0.0018434521710781748,-0.002559673160455689
475.png,0.9313998884551031,0.9313998884551031,0.9313998884551031,0.9316215461903433,0.9313998884551031,0.9313998884551031,0.9314368314109766,8.26069606226186e-05,0.00022165773524018828,L3,H0,0.0,0.0,0.00022165773524018828,0.0,0.0
482.png,0.8466974721391682,0.8459444746869896,0.8459444746869896,0.8459444746869896,0.8721684991389588,0.8458089933432957,0.8504180647803986,0.00973145046461789,0.02635950579566304,L4,L5,-0.0007529974521786054,-0.0007529974521786054,-0.0007529974521786054,0.025471026999790536,-0.0008884787958725049
483.png,0.7473612529792305,0.7473612529792305,0.7473612529792305,0.7473612529792305,0.8066709844559585,0.7551951343132286,0.7585518551143515,0.021708817285906724,0.05930973147672802,L4,H0,0.0,0.0,0.0,0.05930973147672802,0.007833881333998094
484.png,0.8098720292504571,0.8098720292504571,0.8098720292504571,0.8098720292504571,0.8098720292504571,0.8027027027027027,0.808677141492498,0.0026718502522787785,0.007169326547754373,H0,L5,0.0,0.0,0.0,0.0,-0.007169326547754373
486.png,0.9511800840607824,0.9513496040084047,0.9513496040084047,0.9515190691661279,0.9509360877985797,0.9512273901808785,0.9512603065371964,0.0001805284361559099,0.0005829813675481965,L3,L4,0.00016951994762237632,0.00016951994762237632,0.00033898510534557946,-0.00024399626220261705,4.730612009617996e-05
494.png,0.9232379623168179,0.9232379623168179,0.9232379623168179,0.9232379623168179,0.9232379623168179,0.9232379623168179,0.9232379623168178,1.1102230246251565e-16,0.0,H0,H0,0.0,0.0,0.0,0.0,0.0
500.png,0.8751136157062352,0.8726079825041007,0.8726079825041007,0.8726079825041007,0.8770402611534276,0.8729724804082376,0.8738250507967004,0.0016915781151501167,0.004432278649326937,L4,H1,-0.002505633202134594,-0.002505633202134594,-0.002505633202134594,0.0019266454471923433,-0.002141135297997643
506.png,0.964680281218614,0.964680281218614,0.9437898089171974,0.9485741749439283,0.9599320882852292,0.9616359641710326,0.9572154331257693,0.008096171445309589,0.020890472301416607,H0,H2,0.0,-0.020890472301416607,-0.016106106274685783,-0.004748192933384798,-0.0030443170475814574
507.png,0.9710252100840336,0.9714631848162606,0.9714631848162606,0.971324717285945,0.9707186030893217,0.9713440064576887,0.9712231510915851,0.0002689186427076912,0.0007445817269389199,H1,L4,0.0004379747322269534,0.0004379747322269534,0.00029950720191140867,-0.0003066069947119665,0.0003187963736550614
518.png,0.9117352056168505,0.9114820435002529,0.9107598164201938,0.9126016260162602,0.09916247906197655,0.0,0.624290195102589,0.4073879156373791,0.9126016260162602,L3,L5,-0.0002531621165976494,-0.0009753891966567396,0.0008664203994096509,-0.812572726554874,-0.9117352056168505
519.png,0.8435045317220544,0.8435045317220544,0.8435045317220544,0.8435045317220544,0.8435045317220544,0.8435045317220544,0.8435045317220543,1.1102230246251565e-16,0.0,H0,H0,0.0,0.0,0.0,0.0,0.0
543.png,0.9529029261495587,0.9500652133407863,0.9500652133407863,0.952026775753068,0.95438531429631,0.9553786335863729,0.9524706794111472,0.0020032659151384634,0.005313420245586564,L5,H1,-0.00283771280877243,-0.00283771280877243,-0.0008761503964906936,0.001482388146751279,0.002475707436814134
550.png,0.8468468468468469,0.8468468468468469,0.8453237410071942,0.8453237410071942,0.8468468468468469,0.8463385354141657,0.8462544263281825,0.0006821914301908141,0.0015231058396526498,H0,H2,0.0,-0.0015231058396526498,-0.0015231058396526498,0.0,-0.0005083114326811522
551.png,0.9356027373223372,0.9356027373223372,0.9376419213973799,0.9359243697478992,0.9376419213973799,0.8772194937665282,0.926605530158977,0.022103260311755576,0.060422427630851705,H2,L5,0.0,0.002039184075042666,0.00032163242556193516,0.002039184075042666,-0.05838324355580904
558.png,0.9400506614128905,0.9382022471910112,0.9382022471910112,0.939786156443444,0.9392234102419809,0.9366591928251121,0.938687319217575,0.0011501757244471835,0.00339146858777839,H0,L5,-0.0018484142218793131,-0.0018484142218793131,-0.0002645049694465218,-0.0008272511709096486,-0.00339146858777839
561.png,0.7090362554444513,0.6908251730805214,0.7090362554444513,0.6989234005692365,0.7082923228346457,0.8768493879723257,0.7321604658909386,0.06504785364957383,0.18602421489180432,L5,H1,-0.018211082363929876,0.0,-0.010112854875214738,-0.0007439326098055421,0.16781313252787444
562.png,0.8417323403947654,0.8428054953000723,0.8242548818088387,0.8242548818088387,0.8439890316062924,0.8242548818088387,0.8335485854546079,0.009316525845864655,0.019734149797453693,L4,H2,0.0010731549053069056,-0.017477458585926753,-0.017477458585926753,0.00225669121152694,-0.017477458585926753
563.png,0.6780994336060415,0.6080071706005378,0.8320278503046127,0.7911333704322018,0.6365619546247818,0.6484929078014184,0.6990537812282657,0.08301702044328259,0.2240206797040749,H2,H1,-0.07009226300550375,0.15392841669857116,0.11303393682616025,-0.0415374789812597,-0.029606525804623085
579.png,0.0,0.821656050955414,0.0,0.0,0.3057176196032672,0.0,0.1878956117597802,0.30461816631537303,0.821656050955414,H1,H0,0.821656050955414,0.0,0.0,0.3057176196032672,0.0
581.png,0.9588792582140697,0.952148735141725,0.952148735141725,0.9382207578253706,0.9578713968957872,0.8364623388373671,0.9326218703426741,0.04352698195202245,0.12241691937670263,H0,L5,-0.006730523072344674,-0.006730523072344674,-0.020658500388699097,-0.0010078613182825658,-0.12241691937670263
589.png,0.9412328329607155,0.9420243433696348,0.9420243433696348,0.8765942778352293,0.940819907481257,0.0,0.7737826175027452,0.3468576471203874,0.9420243433696348,H1,L5,0.0007915104089193381,0.0007915104089193381,-0.06463855512548622,-0.00041292547945848135,-0.9412328329607155
590.png,0.8146921571579105,0.7666718970657461,0.7666718970657461,0.8146921571579105,0.8146921571579105,0.8213109847351092,0.7997885417233889,0.023533639465717453,0.054639087669363096,L5,H1,-0.048020260092164424,-0.048020260092164424,0.0,0.0,0.0066188275771986715
592.png,0.8408113091579594,0.9167226326393553,0.8917861799217731,0.8413793103448276,0.8440677966101695,0.8730283911671924,0.8679659366402129,0.02882588948887564,0.07591132348139584,H1,H0,0.07591132348139584,0.050974870763813684,0.0005680011868681722,0.0032564874522100773,0.03221708200923301
593.png,0.9636930754834685,0.9635819406335745,0.9635436108000498,0.9637202343847401,0.9637654090399701,0.9640323584318606,0.9637227714622773,0.00015836782495720793,0.0004887476318108375,L5,H2,-0.00011113484989400124,-0.00014946468341869856,2.715890127158449e-05,7.233355650160256e-05,0.0003392829483921389
601.png,0.963180869235149,0.9635966162912271,0.9635966162912271,0.9639904988123515,0.9633210122263293,0.9634400454631559,0.9635209430532399,0.0002562883942590622,0.0008096295772025419,L3,H0,0.00041574705607805296,0.00041574705607805296,0.0008096295772025419,0.00014014299118025875,0.00025917622800686324
604.png,0.9601646332500368,0.9597058823529412,0.9597058823529412,0.9600117612466922,0.9601646332500368,0.9601646332500368,0.9599862376171142,0.00020547692875494788,0.00045875089709557226,H0,H1,-0.00045875089709557226,-0.00045875089709557226,-0.00015287200334457296,0.0,0.0
614.png,0.8799269120334117,0.8790691593672375,0.8790691593672375,0.8813647610365933,0.8807053941908713,0.8800521512385919,0.8800312562056574,0.0008261640392920254,0.002295601669355829,L3,H1,-0.0008577526661741608,-0.0008577526661741608,0.0014378490031816682,0.0007784821574596812,0.00012523920518026088
616.png,0.9594594594594594,0.7814420062695925,0.7814420062695925,0.7388822829964328,0.9548567870485679,0.958152510849349,0.8623725088154989,0.09617896066946309,0.22057717646302666,H0,L3,-0.17801745318986695,-0.17801745318986695,-0.22057717646302666,-0.004602672410891517,-0.001306948610110381
621.png,0.9297676457693994,0.9297382750746531,0.9308609271523178,0.9308609271523178,0.9286784801198977,0.9270164168451106,0.9294871120189495,0.0013338377148433042,0.0038445103072072273,H2,L5,-2.937069474628906e-05,0.0010932813829184207,0.0010932813829184207,-0.0010891656495016777,-0.0027512289242888066
623.png,0.8701156611441075,0.8240770989872591,0.870793972987743,0.9306134386195803,0.9116426469478609,0.9309739689967826,0.8897027979472222,0.038527650260714405,0.10689687000952353,L5,H1,-0.04603856215684843,0.0006783118436354263,0.0604977774754728,0.04152698580375336,0.0608583078526751
630.png,0.8620365142104273,0.8620365142104273,0.9124028931154567,0.9247954965256399,0.8940875445490267,0.7386649874055415,0.8656706583360866,0.06143292024100249,0.18613050912009832,L3,L5,0.0,0.050366378905029485,0.0627589823152126,0.03205103033859946,-0.12337152680488572
633.png,0.9498313659359191,0.949810206663855,0.949810206663855,0.9504114792150242,0.9498313659359191,0.9490311710193766,0.9497876325723249,0.00040130269292548677,0.001380308195647606,L3,L5,-2.115927206414181e-05,-2.115927206414181e-05,0.0005801132791051211,0.0,-0.0008001949165424849
670.png,0.9766691753574884,0.9766691753574884,0.9766691753574884,0.9766691753574884,0.9757250268528465,0.9766691753574884,0.9765118172733814,0.00035186337287237117,0.0009441485046419729,H0,L4,0.0,0.0,0.0,-0.0009441485046419729,0.0
675.png,0.9083067092651758,0.9083067092651758,0.9083067092651758,0.9083067092651758,0.504031566306399,0.9106082490771946,0.8413111087407161,0.15083833805438182,0.4065766827707956,L5,L4,0.0,0.0,0.0,-0.40427514295877676,0.00230153981201886
681.png,0.9647883745744626,0.9614600326264274,0.9614600326264274,0.9614070864134591,0.9642094560244027,0.9593130239214884,0.9621063343644446,0.001859363834108857,0.00547535065297422,H0,L5,-0.0033283419480352183,-0.0033283419480352183,-0.0033812881610035816,-0.0005789185500599814,-0.00547535065297422
687.png,0.9623789141698581,0.9621280432822362,0.9621280432822362,0.9621280432822362,0.962429696287964,0.9623109907470097,0.9622506218419233,0.0001273103119795158,0.00030165300572781995,L4,H1,-0.00025087088762187904,-0.00025087088762187904,-0.00025087088762187904,5.078211810594091e-05,-6.792342284844821e-05
694.png,0.9545318576129225,0.9540625467604369,0.9492699081740178,0.9545318576129225,0.9526378896882494,0.9375761266747868,0.9504350310872227,0.0060316991142618575,0.016955730938135627,H0,L5,-0.0004693108524855827,-0.005261949438904678,0.0,-0.0018939679246731123,-0.016955730938135627
695.png,0.8305230065733067,0.8305230065733067,0.8305230065733067,0.8305230065733067,0.8305230065733067,0.8305230065733067,0.8305230065733067,0.0,0.0,H0,H0,0.0,0.0,0.0,0.0,0.0
712.png,0.8708267785352212,0.8708267785352212,0.8696581196581197,0.8681318681318682,0.8681318681318682,0.8383388950685947,0.8643190513434821,0.01167083502199489,0.032487883466626455,H0,L5,0.0,-0.0011686588771014916,-0.0026949104033530125,-0.0026949104033530125,-0.032487883466626455
713.png,0.918341307814992,0.918341307814992,0.9182829888712242,0.918341307814992,0.918341307814992,0.918341307814992,0.9183315879910308,2.1734187106814223e-05,5.83189437678433e-05,H0,H2,0.0,-5.83189437678433e-05,0.0,0.0,0.0
714.png,0.9021049114600735,0.9021049114600735,0.9021049114600735,0.9033121445299431,0.9025572455289989,0.9018036072144289,0.902331288608932,0.0004908024657282033,0.0015085373155142578,L3,L5,0.0,0.0,0.0012072330698695843,0.0004523340689253086,-0.0003013042456446735
723.png,0.9659829914957478,0.9656899574254946,0.9656899574254946,0.9649474211316975,0.967196819085487,0.9649474211316975,0.9657424279492698,0.0007574851361253139,0.0022493979537895337,L4,L3,-0.000293034070253273,-0.000293034070253273,-0.001035570364050331,0.0012138275897392026,-0.001035570364050331
727.png,0.6521309856837255,0.6521309856837255,0.7132155738462961,0.661864406779661,0.5337968844019523,0.661864406779661,0.6458338738625036,0.05429217823634694,0.1794186894443438,H2,L4,0.0,0.06108458816257056,0.009733421095935446,-0.11833410128177324,0.009733421095935446
729.png,0.8978087241449928,0.905989847715736,0.905989847715736,0.9041709053916582,0.9041709053916582,0.913341394598952,0.9052452708264555,0.004550947856367082,0.01553267045395923,L5,H0,0.008181123570743187,0.008181123570743187,0.006362181246665433,0.006362181246665433,0.01553267045395923
761.png,0.9331485971596813,0.9331485971596813,0.9331485971596813,0.9331485971596813,0.8319623971797885,0.7711664482306684,0.8892872056748637,0.0644643747353596,0.16198214892901297,H0,L5,0.0,0.0,0.0,-0.10118619997989287,-0.16198214892901297
762.png,0.9517279210093252,0.9513869815984619,0.9513869815984619,0.9513869815984619,0.0,0.9517279210093252,0.7929361311356727,0.3546118509864245,0.9517279210093252,H0,L4,-0.0003409394108633279,-0.0003409394108633279,-0.0003409394108633279,-0.9517279210093252,0.0
764.png,0.8096876290078436,0.8046134834546204,0.8046134834546204,0.8073215034232221,0.6692657569850552,0.7772366059984619,0.7787897437206374,0.05016703366734706,0.14042187202278844,H0,L4,-0.005074145553223275,-0.005074145553223275,-0.00236612558462157,-0.14042187202278844,-0.03245102300938174
769.png,0.5478211658177702,0.7633054966969961,0.7737154150197628,0.7886466073821415,0.561042964485261,0.5417464928001977,0.6627130237003549,0.11289337561587034,0.24690011458194383,L3,L5,0.21548433087922592,0.22589424920199264,0.24082544156437136,0.013221798667490847,-0.006074673017572474
776.png,0.5331031681559708,0.53384755911905,0.53384755911905,0.5331031681559708,0.5345911949685535,0.531910569105691,0.5334005364373811,0.0008380716688513726,0.00268062586286244,L4,L5,0.0007443909630792112,0.0007443909630792112,0.0,0.0014880268125826435,-0.0011925990502797967
780.png,0.7645951035781544,0.8202020202020202,0.8264631043256997,0.8169014084507042,0.1870967741935484,0.5656565656565656,0.6634858294011153,0.23144404600503204,0.6393663301321513,H2,L4,0.05560691662386574,0.06186800074754528,0.052306304872549836,-0.577498329384606,-0.19893853792158878
781.png,0.47558720177547625,0.4907389726942906,0.47444649446494463,0.4521005449112322,0.44858101922490085,0.5799845210454248,0.4869064590193782,0.04404898993391349,0.1314035018205239,L5,L4,0.015151770918814367,-0.001140707310531619,-0.02348665686424406,-0.02700618255057541,0.1043973192699485
782.png,0.8345074932752657,0.8515215110178384,0.8689580367432717,0.8686294416243655,0.8728138822728819,0.789161008729389,0.8475985622771686,0.029257622018757198,0.08365287354349293,L4,L5,0.017014017742572607,0.03445054346800591,0.03412194834909976,0.03830638899761618,-0.04534648454587675
794.png,0.6858564566847507,0.6990091239085647,0.6812703175793948,0.6821930131440852,0.7529080675422138,0.68324345915718,0.6974134063360315,0.02552389047139962,0.07163774996281902,L4,H2,0.01315266722381403,-0.00458613910535588,-0.003663443540665501,0.06705161085746314,-0.002612997527570715
828.png,0.8693356797184338,0.8693356797184338,0.8693356797184338,0.8693356797184338,0.8918454935622318,0.8793028322440087,0.8747485074466627,0.00846801457109452,0.02250981384379791,L4,H0,0.0,0.0,0.0,0.02250981384379791,0.009967152525574896
837.png,0.7353525322740815,0.7688603531300161,0.7688603531300161,0.6971914090158131,0.6295299233795817,0.43238434163701067,0.6720298187610866,0.11735371905525996,0.33647601149300543,H1,L5,0.03350782085593462,0.03350782085593462,-0.03816112325826837,-0.10582260889449979,-0.3029681906370708
847.png,0.9385259092372064,0.9380331562852084,0.9380331562852084,0.939077318759042,0.9398592450415867,0.9354682193110141,0.9381661674865444,0.0013626219023840434,0.004391025730572595,L4,L5,-0.0004927529519979101,-0.0004927529519979101,0.000551409521835633,0.0013333358043803312,-0.003057689926192264
856.png,0.896969696969697,0.896969696969697,0.9118978338182994,0.896969696969697,0.9155497080832169,0.8770147161878066,0.8992285581664023,0.012487678042233295,0.03853499189541032,L4,L5,0.0,0.014928136848602391,0.0,0.018580011113519923,-0.019954980781890397
865.png,0.47137688059417254,0.470922759319129,0.470922759319129,0.524223925185089,0.5,0.43237567204301075,0.478303666076755,0.028418648995862973,0.09184825314207823,L3,L5,-0.0004541212750435175,-0.0004541212750435175,0.05284704459091644,0.028623119405827457,-0.03900120855116179
867.png,0.7091614644845622,0.7248571528727171,0.7248571528727171,0.7248571528727171,0.7298891415577032,0.6451593042942897,0.7097968948257845,0.029615745748651535,0.08472983726341354,L4,L5,0.015695688388154938,0.015695688388154938,0.015695688388154938,0.02072767707314105,-0.0640021601902725
868.png,0.6231387788080489,0.6234795996920708,0.5541934700813206,0.6456978678360804,0.765904337853336,0.7849530922670553,0.6662278577563187,0.08234920440228422,0.23075962218573476,L5,H2,0.00034082088402187516,-0.06894530872672833,0.022559089028031498,0.1427655590452871,0.16181431345900643
900.png,0.5823768749620453,0.5922265742693582,0.5922265742693582,0.5897637319475497,0.6214298078587502,0.5786071472130747,0.5927717850866894,0.013781728756779054,0.042822660645675525,L4,L5,0.009849699307312942,0.009849699307312942,0.007386856985504453,0.03905293289670497,-0.0037697277489705527
915.png,0.7794842488749196,0.691922691922692,0.691922691922692,0.6873357043451368,0.6965326787358085,0.6965326787358085,0.7072884490895096,0.03243951219298115,0.09214854452978283,H0,L3,-0.08756155695222767,-0.08756155695222767,-0.09214854452978283,-0.08295157013911114,-0.08295157013911114
921.png,0.49619079165286517,0.4056322772813431,0.4077510917030568,0.4077510917030568,0.2436631234668847,0.506765899864682,0.41129237927864803,0.08610034760940867,0.26310277639779733,L5,L4,-0.09055851437152207,-0.08843969994980838,-0.08843969994980838,-0.2525276681859805,0.010575108211816842
922.png,0.9588068181818182,0.9588068181818182,0.9588068181818182,0.9588068181818182,0.9485955056179776,0.9484132531804838,0.9553726719209558,0.004856901180578671,0.010393565001334482,H0,L5,0.0,0.0,0.0,-0.010211312563840669,-0.010393565001334482
929.png,0.7039795701213024,0.7540460451333485,0.7080479452054794,0.7080479452054794,0.7053304904051173,0.6935010482180294,0.7121588407147926,0.019364817212427287,0.060544996915319116,H1,L5,0.050066475012046086,0.004068375084177012,0.004068375084177012,0.0013509202838148937,-0.01047852190327303
933.png,0.8000631213507969,0.8000631213507969,0.8000631213507969,0.7480664801711371,0.8000631213507969,0.7480664801711371,0.7827309076242437,0.02451145171804078,0.05199664117965985,H0,L3,0.0,0.0,-0.05199664117965985,0.0,-0.05199664117965985
935.png,0.9613375130616509,0.961453024957533,0.961453024957533,0.9610864455471403,0.9553237025147138,0.961453024957533,0.9603511226660174,0.00225207996860595,0.006129322442819274,H1,L4,0.00011551189588210331,0.00011551189588210331,-0.00025106751451065,-0.0060138105469371705,0.00011551189588210331
939.png,0.0,0.0,0.0,0.8156206415620642,0.8143377205264631,0.0,0.27165972701475455,0.38418504879896165,0.8156206415620642,L3,H0,0.0,0.0,0.8156206415620642,0.8143377205264631,0.0
942.png,0.5813828356201237,0.591881513987932,0.591881513987932,0.574369096292119,0.5764503766353906,0.5854421381859539,0.5835679124515751,0.006853183672614328,0.01751241769581302,H1,L3,0.010498678367808267,0.010498678367808267,-0.007013739328004753,-0.004932458984733157,0.004059302565830203
943.png,0.9473023839397742,0.9473023839397742,0.9473023839397742,0.9453076444996893,0.9477635283077885,0.9474342928660826,0.9470687695821471,0.0008043201599575115,0.0024558838080992462,L4,L3,0.0,0.0,-0.0019947394400848806,0.00046114436801436565,0.00013190892630843276
944.png,0.9292452830188679,0.9300864100549883,0.9300864100549883,0.9291896144767899,0.9292452830188679,0.9309262166405023,0.9297965362108341,0.000635130658314481,0.0017366021637124085,L5,L3,0.0008411270361203815,0.0008411270361203815,-5.56685420779468e-05,0.0,0.0016809336216344617
945.png,0.9188911704312115,0.9188911704312115,0.9188911704312115,0.9188911704312115,0.9188911704312115,0.9188911704312115,0.9188911704312116,1.1102230246251565e-16,0.0,H0,H0,0.0,0.0,0.0,0.0,0.0
954.png,0.48558758314855877,0.48415622697126015,0.48558758314855877,0.48415622697126015,0.4984825493171472,0.4859467455621302,0.48731948585315243,0.005041656296494059,0.014326322345887044,L4,H1,-0.001431356177298615,0.0,-0.001431356177298615,0.012894966168588429,0.0003591624135714233
956.png,0.6443349753694582,0.6470588235294118,0.6470588235294118,0.6470588235294118,0.6470588235294118,0.6522593320235757,0.6474716002517801,0.0023608730610086563,0.007924356654117504,L5,H0,0.0027238481599536346,0.0027238481599536346,0.0027238481599536346,0.0027238481599536346,0.007924356654117504
958.png,0.6182069920387677,0.6182069920387677,0.6182069920387677,0.6182069920387677,0.6182069920387677,0.6328665130296047,0.6206502455372406,0.005463280908849436,0.014659520990837005,L5,H0,0.0,0.0,0.0,0.0,0.014659520990837005
960.png,0.8350253807106599,0.8350253807106599,0.8350253807106599,0.8350253807106599,0.8294280675233057,0.8350253807106599,0.8340924951794343,0.0020859954630466815,0.005597313187354236,H0,L4,0.0,0.0,0.0,-0.005597313187354236,0.0
963.png,0.6509231429798197,0.5981455908463208,0.6509231429798197,0.6509231429798197,0.779826464208243,0.0,0.5551235806656705,0.25430858468343587,0.779826464208243,L4,L5,-0.052777552133498884,0.0,0.0,0.1289033212284233,-0.6509231429798197
982.png,0.9467864547339323,0.9467864547339323,0.9467864547339323,0.9405304045004018,0.9428686651431644,0.9471213585530858,0.9451466320664083,0.0025319718957271795,0.0065909540526839505,L5,L3,0.0,0.0,-0.006256050233530486,-0.003917789590767939,0.0003349038191534648
992.png,0.9099065420560748,0.9099065420560748,0.9099065420560748,0.9129782445611403,0.9082089552238806,0.9112691875701985,0.9103626689205738,0.0014677448592153941,0.00476928933725973,L3,L4,0.0,0.0,0.003071702505065499,-0.0016975868321942311,0.0013626455141236837
994.png,0.9187354884800857,0.9276565036983583,0.9276565036983583,0.9234209055338177,0.9154849688031764,0.9187354884800857,0.9219483097823137,0.004650353245836634,0.012171534895181857,H1,L4,0.008921015218272599,0.008921015218272599,0.004685417053732044,-0.003250519676909258,0.0
1004.png,0.7637362637362637,0.7682045580878266,0.76029451868012,0.7372262773722628,0.7721661054994389,0.764774044032445,0.7610669612347262,0.01128405073167611,0.03493982812717611,L4,L3,0.004468294351562929,-0.003441745056143697,-0.026509986364000926,0.008429841763175183,0.0010377802961812899
1007.png,0.6858560794044665,0.687920298879203,0.687920298879203,0.6941442573510932,0.6990635282207036,0.6858560794044665,0.6901267570231893,0.0048686151016806315,0.013207448816237144,L4,H0,0.0020642194747365616,0.0020642194747365616,0.008288177946626729,0.013207448816237144,0.0
1008.png,0.7329725695092368,0.7329725695092368,0.5057319223985891,0.5057319223985891,0.3741935483870968,0.7230769230769231,0.5957799092132786,0.14092904655636296,0.35877902112214005,H0,L4,0.0,-0.22724064711064773,-0.22724064711064773,-0.35877902112214005,-0.009895646432313776
1011.png,0.5117806102742372,0.5112868994790661,0.5112868994790661,0.5112868994790661,0.7036414565826331,0.5147630147630148,0.5440076300095139,0.07140112689079087,0.19235455710356697,L4,H1,-0.0004937107951710207,-0.0004937107951710207,-0.0004937107951710207,0.19186084630839595,0.0029824044887776235
1015.png,0.8499724214009928,0.8499724214009928,0.8505621058404168,0.8505747126436781,0.8475593127897464,0.8505747126436781,0.8498692811199176,0.0010671225237618774,0.003015399853931733,L3,L4,0.0,0.0005896844394239764,0.0006022912426852933,-0.0024131086112464395,0.0006022912426852933
1016.png,0.5763397371081901,0.5795753286147624,0.5763397371081901,0.5763397371081901,0.5723608445297504,0.5723608445297504,0.5755527048331389,0.0025303394333268604,0.007214484085011907,H1,L4,0.0032355915065722662,0.0,0.0,-0.003978892578439641,-0.003978892578439641
1023.png,0.9466077880369329,0.9466077880369329,0.9466077880369329,0.9434915569738067,0.9538503549972692,0.9538461538461539,0.9485019049880048,0.0039377137541095454,0.010358798023462512,L4,L3,0.0,0.0,-0.003116231063126196,0.007242566960336316,0.007238365809220992
1027.png,0.7112555593568252,0.7112555593568252,0.7112555593568252,0.7204990469589326,0.7523102011233919,0.7591747306919847,0.7276251094741307,0.020245985728953492,0.04791917133515955,L5,H0,0.0,0.0,0.00924348760210747,0.0410546417665667,0.04791917133515955
1029.png,0.6140350877192983,0.6140350877192983,0.46786632390745503,0.46786632390745503,0.46786632390745503,0.0,0.43861152452682695,0.20675849533309615,0.6140350877192983,H0,L5,0.0,-0.14616876381184324,-0.14616876381184324,-0.14616876381184324,-0.6140350877192983
1031.png,0.8897675154198956,0.8897675154198956,0.8897675154198956,0.8950892857142857,0.8966618750998243,0.0,0.7435089511789661,0.3325188413829729,0.8966618750998243,L4,L5,0.0,0.0,0.005321770294390071,0.0068943596799286855,-0.8897675154198956
1035.png,0.9478672985781991,0.9478672985781991,0.9511382565241533,0.8481045751633987,0.9479895704679566,0.9511382565241533,0.9323508759726767,0.03770379742696659,0.10303368136075464,H2,L3,0.0,0.0032709579459542226,-0.09976272341480041,0.00012227188975755254,0.0032709579459542226
1037.png,0.7254749472280858,0.7254749472280858,0.7249277295975094,0.7262023769854493,0.7239345721597864,0.7254945543454101,0.7252515212573879,0.0006954885562089536,0.0022678048256629113,L3,L4,0.0,-0.0005472176305764131,0.0007274297573635069,-0.0015403750682994044,1.9607117324293988e-05
1039.png,0.7779960707269156,0.7779960707269156,0.7702649268485567,0.7779960707269156,0.768479408658923,0.7797541198012032,0.7754144445815716,0.004348168537938652,0.011274711142280291,L5,L4,0.0,-0.007731143878358826,0.0,-0.00951666206799262,0.0017580490742876709
1040.png,0.699645554014486,0.6994451294697904,0.6994451294697904,0.6992446431324186,0.6978683966635774,0.6978683966635774,0.69891954156894,0.0007522279801634109,0.0017771573509086647,H0,L4,-0.00020042454469559878,-0.00020042454469559878,-0.00040091088206739567,-0.0017771573509086647,-0.0017771573509086647
1041.png,0.9296274393849793,0.9312887053966381,0.93270643549809,0.933176332057698,0.931044687777449,0.9281045751633987,0.9309913625463756,0.0017320821348254909,0.005071756894299284,L3,L5,0.0016612660116588351,0.003078996113110688,0.0035488926727187398,0.0014172483924697055,-0.0015228642215805444
1047.png,0.7360362303213285,0.7678550957239482,0.7102977667493796,0.7035937340022524,0.7360362303213285,0.705012325390304,0.7264718970847568,0.02288029765823259,0.06426136172169572,H1,L3,0.03181886540261969,-0.025738463571948866,-0.03244249631907603,0.0,-0.03102390493102447
1053.png,0.8501618122977346,0.8501618122977346,0.8501618122977346,0.8511394860190723,0.8516962843295638,0.8515587142626393,0.8508133202507464,0.0006726824095103899,0.0015344720318292149,L4,H0,0.0,0.0,0.000977673721337724,0.0015344720318292149,0.0013969019649047176
1054.png,0.7938476213187076,0.7925621830475731,0.7934652993083711,0.7880222511539827,0.7785876448799139,0.7621215570225358,0.7847677594551806,0.011405263018284836,0.03172606429617175,H0,L5,-0.0012854382711344758,-0.00038232201033649993,-0.005825370164724841,-0.015259976438793621,-0.03172606429617175
1057.png,0.3994724501758499,0.1487091222030981,0.3411800672577194,0.4089503901074636,0.7556368068251066,0.6301050175029171,0.4473423090120258,0.19692019096445806,0.6069276846220085,L4,H1,-0.2507633279727518,-0.05829238291813055,0.009477939931613666,0.35616435664925666,0.23063256732706722
1060.png,0.8584248800866471,0.8584248800866471,0.8584248800866471,0.8570100697134004,0.8527903000155449,0.8577141978157207,0.8571315346341012,0.0020090957958905603,0.00563458007110218,H0,L4,0.0,0.0,-0.0014148103732466444,-0.00563458007110218,-0.0007106822709264105
1061.png,0.7404444444444445,0.7392944308852896,0.7392944308852896,0.7411032028469751,0.6678693124874724,0.8783747661053194,0.7510634312757984,0.06274076977147436,0.210505453617847,L5,L4,-0.0011500135591548943,-0.0011500135591548943,0.0006587584025306015,-0.07257513195697207,0.13793032166087493
1069.png,0.6206498750240338,0.6206498750240338,0.6206498750240338,0.6017897091722595,0.0,0.5770468358956025,0.5067976950233272,0.22718908604180388,0.6206498750240338,H0,L4,0.0,0.0,-0.018860165851774302,-0.6206498750240338,-0.04360303912843133
1072.png,0.4200626959247649,0.4184884447220487,0.4190715181932246,0.4190715181932246,0.4135240572171652,0.6007194244604317,0.4484896097851432,0.06811205706413286,0.18719536724326652,L5,L4,-0.0015742512027162037,-0.000991177731540338,-0.000991177731540338,-0.006538638707599742,0.18065672853566678
1073.png,0.6578199052132702,0.6578199052132702,0.6578199052132702,0.6731328806983511,0.36863543788187375,0.3154848046309696,0.5551188064751674,0.15153127859871204,0.35764807606738147,L3,L5,0.0,0.0,0.015312975485080926,-0.2891844673313964,-0.34233510058230054
1074.png,0.8614259597806215,0.8614259597806215,0.8576682603898492,0.8552437223042836,0.7692919649960223,0.86608442503639,0.8451900487146314,0.03411032543960984,0.09679246004036779,L5,L4,0.0,-0.0037576993907723066,-0.006182237476337948,-0.09213399478459927,0.004658465255768518
1078.png,0.6664430655710213,0.6664430655710213,0.6664430655710213,0.6664430655710213,0.6609398686205155,0.6627417998317914,0.6649089884560654,0.002231000865854614,0.005503196950505829,H0,L4,0.0,0.0,0.0,-0.005503196950505829,-0.0037012657392299086
1084.png,0.1568791946308725,0.14852320675105485,0.11862990810359231,0.11862990810359231,0.44676258992805756,0.049689440993788817,0.17318570808515973,0.12709737096725832,0.39707314893426876,L4,L5,-0.008355987879817645,-0.038249286527280185,-0.038249286527280185,0.2898833952971851,-0.10718975363708368
1085.png,0.6568036529680366,0.6568036529680366,0.5118687958567113,0.5118687958567113,0.5417371252882398,0.5200235571260307,0.5665175966772944,0.06461668290694991,0.14493485711132525,H0,H2,0.0,-0.14493485711132525,-0.14493485711132525,-0.11506652767979675,-0.1367800958420059
1089.png,0.8142551674982181,0.8142551674982181,0.8142551674982181,0.8142551674982181,0.833426808749299,0.8142551674982181,0.8174504410400649,0.007144848846275979,0.01917164125108084,L4,H0,0.0,0.0,0.0,0.01917164125108084,0.0
1092.png,0.9086564969674692,0.9081200515558829,0.9081200515558829,0.9081200515558829,0.9082551939694797,0.9081200515558829,0.9082319828600802,0.00019615701636233342,0.0005364454115862616,H0,H1,-0.0005364454115862616,-0.0005364454115862616,-0.0005364454115862616,-0.0004013029979894611,-0.0005364454115862616
1093.png,0.8339000784724039,0.8325886990801576,0.8332024090075936,0.8355809128630706,0.8328522697454737,0.8312093628088426,0.8332222886629238,0.0013299826187296788,0.004371550054227957,L3,L5,-0.001311379392246237,-0.0006976694648103132,0.0016808343906666856,-0.0010478087269302216,-0.0026907156635612717
1096.png,0.7246257945458273,0.7246257945458273,0.7261588727792526,0.6375421772331735,0.7654857639643555,0.7436112274821952,0.720341605091772,0.039803192548089,0.127943586731182,L4,L3,0.0,0.0015330782334253001,-0.0870836173126538,0.04085996941852821,0.018985432936367896
1103.png,0.6220515633571037,0.6408222142084385,0.6396542409508373,0.6220515633571037,0.6412847347527968,0.6363143631436314,0.6336964466283185,0.008385643417343446,0.01923317139569314,L4,H0,0.01877065085133489,0.017602677593733684,0.0,0.01923317139569314,0.01426279978652778
1107.png,0.49101053936763794,0.5005537098560354,0.4950062421972534,0.5005537098560354,0.4824961948249619,0.5411122483793926,0.5017887740802195,0.018635821665173028,0.058616053554430725,L5,L4,0.009543170488397479,0.003995702829615477,0.009543170488397479,-0.008514344542676022,0.0501017090117547
1111.png,0.0,0.8713924050632912,0.7944307944307945,0.8708206686930091,0.8708206686930091,0.8708206686930091,0.7130475342621855,0.3201068064220787,0.8713924050632912,H1,H0,0.8713924050632912,0.7944307944307945,0.8708206686930091,0.8708206686930091,0.8708206686930091
1113.png,0.5283174865646961,0.5475728155339806,0.5328574427881587,0.5283174865646961,0.5889917695473251,0.5321062539217737,0.5430272091534384,0.021559401035055045,0.060674282982629,L4,H0,0.019255328969284502,0.004539956223462593,0.0,0.060674282982629,0.0037887673570775604
1114.png,0.7462522349057902,0.7462522349057902,0.7462522349057902,0.7462522349057902,0.7518359429125675,0.7462522349057902,0.7471828529069198,0.002080925111610658,0.0055837080067773215,L4,H0,0.0,0.0,0.0,0.0055837080067773215,0.0
1118.png,0.8520767549186301,0.8520767549186301,0.8520767549186301,0.8522203348701771,0.8531196892449624,0.8524271844660194,0.8523329122228415,0.0003735926239918473,0.0010429343263322899,L4,H0,0.0,0.0,0.00014357995154701264,0.0010429343263322899,0.000350429547389286
1120.png,0.7329310892346776,0.7326984126984127,0.7318541996830428,0.731043216716796,0.7350318471337579,0.7308423052564914,0.7324001784538631,0.001406111472328703,0.0041895418772665005,L4,L5,-0.00023267653626490858,-0.0010768895516348742,-0.0018878725178816946,0.0021007578990802633,-0.002088783978186237
1123.png,0.8763040238450075,0.8758782201405152,0.8758782201405152,0.8758503401360545,0.8815041539134237,0.8782051282051282,0.8772700143967741,0.002066606337984705,0.005653813777369288,L4,L3,-0.0004258037044923002,-0.0004258037044923002,-0.00045368370895304544,0.005200130068416242,0.0019011043601206978
1124.png,0.8342711925939372,0.012096774193548387,0.012096774193548387,0.009433962264150943,0.009433962264150943,0.009433962264150943,0.1477944379622478,0.30700404727528535,0.8248372303297863,H0,L3,-0.8221744184003889,-0.8221744184003889,-0.8248372303297863,-0.8248372303297863,-0.8248372303297863
1125.png,0.8990082979154017,0.8989448051948052,0.891358024691358,0.8904024767801858,0.9033806761352271,0.8965658217497956,0.8966100170777956,0.004530705324045433,0.012978199355041298,L4,L3,-6.349272059646971e-05,-0.007650273224043658,-0.008605821135215908,0.00437237821982539,-0.002442476165606111
1126.png,0.903866032664875,0.9085619285120532,0.9085619285120532,0.9085619285120532,0.8958461223654594,0.9036792062835882,0.9048461911416803,0.004559676795785235,0.012715806146593844,H1,L4,0.004695895847178222,0.004695895847178222,0.004695895847178222,-0.008019910299415622,-0.00018682638128675322
1130.png,0.9064641048555258,0.9064641048555258,0.9064641048555258,0.9065713008493518,0.9011320754716982,0.8830970888584058,0.9016987966243389,0.008546056495166328,0.023474211990946015,L3,L5,0.0,0.0,0.00010719599382602585,-0.005332029383827597,-0.02336701599711999
1134.png,0.83261231281198,0.8367346938775511,0.8364611260053619,0.8364611260053619,0.83261231281198,0.83261231281198,0.8345823140540358,0.0019721106410253092,0.004122381065571057,H1,H0,0.004122381065571057,0.003848813193381928,0.003848813193381928,0.0,0.0
1137.png,0.6466697431164437,0.6466697431164437,0.6466697431164437,0.6466697431164437,0.8662790697674418,0.6435156730178242,0.6827456192085068,0.08208673410427177,0.22276339674961765,L4,L5,0.0,0.0,0.0,0.2196093266509982,-0.0031540700986194548
1138.png,0.44143222506393864,0.44143222506393864,0.5557343139508159,0.4227559189235224,0.3146195497292676,0.3297752808988764,0.4176249189383932,0.08016833621723526,0.24111476422154826,H2,L4,0.0,0.1143020888868772,-0.018676306140416266,-0.12681267533467105,-0.11165694416506222
1140.png,0.7969151670951157,0.8174334140435835,0.8174334140435835,0.7797605601987803,0.750053180174431,0.7824697557635243,0.7906775818865031,0.02347888542474382,0.06738023386915248,H1,L4,0.020518246948467822,0.020518246948467822,-0.01715460689633541,-0.04686198692068466,-0.014445411331591385
1144.png,0.7252136752136752,0.7252136752136752,0.7252136752136752,0.7252136752136752,0.724749092462097,0.724749092462097,0.7250588142964824,0.0002190064093755169,0.00046458275157823525,H0,L4,0.0,0.0,0.0,-0.00046458275157823525,-0.00046458275157823525
1146.png,0.8907521578298397,0.8907521578298397,0.8907521578298397,0.8907521578298397,0.8907521578298397,0.8907521578298397,0.8907521578298397,0.0,0.0,H0,H0,0.0,0.0,0.0,0.0,0.0
1148.png,0.8229291716686674,0.8293867638129934,0.8229291716686674,0.8194568785437183,0.8293867638129934,0.8160786581839213,0.8233612346151603,0.004852272265251699,0.013308105629072031,H1,L5,0.006457592144325952,0.0,-0.003472293124949122,0.006457592144325952,-0.006850513484746079
1149.png,0.6671341748480598,0.794806661021733,0.6676023391812865,0.6674462114125351,0.7934537246049661,0.6668224299065421,0.7095442568291871,0.05981306404714569,0.12798423111519097,H1,L5,0.12767248617367322,0.00046816433322671713,0.00031203656447531536,0.1263195497569063,-0.00031174494151775534
1150.png,0.6407894736842106,0.6407894736842106,0.6401053671386236,0.6216301934665398,0.6443850267379679,0.6063599876505095,0.6323432537270103,0.013770934010563111,0.03802503908745847,L4,L5,0.0,-0.0006841065455869266,-0.01915928021767077,0.003595553053757361,-0.03442948603370111
1156.png,0.5692503176620076,0.5705239829032769,0.5331934662071033,0.5331934662071033,0.5716537915812707,0.5331934662071033,0.5518347484613109,0.018654205142741756,0.03846032537416744,L4,H2,0.0012736652412692617,-0.03605685145490434,-0.03605685145490434,0.0024034739192630994,-0.03605685145490434
1160.png,0.9582107121836374,0.9583987441130298,0.9577354039709063,0.9583824106792305,0.5543613530942414,0.4725168756027001,0.8099342499406242,0.21098090077543388,0.4858818685103297,H1,L5,0.0001880319293924293,-0.0004753082127311181,0.0001716984955930645,-0.403849359089396,-0.4856938365809373
1163.png,0.8314724812820176,0.8204244031830239,0.8204244031830239,0.8314724812820176,0.794613710554951,0.9177917068466731,0.8360331977219512,0.03857654065681712,0.1231779962917221,L5,L4,-0.011048078098993663,-0.011048078098993663,0.0,-0.03685877072706656,0.08631922556465554
1165.png,0.8977997121118652,0.8995391705069125,0.8995391705069125,0.9008179959100204,0.9192484509294423,0.9609338228372399,0.9129797204670654,0.02265145278662138,0.06313411072537478,L5,H0,0.0017394583950472997,0.0017394583950472997,0.0030182837981552746,0.02144873881757714,0.06313411072537478
1169.png,0.9382611158312093,0.9408762228838792,0.9408762228838792,0.9408762228838792,0.9382611158312093,0.939295316258667,0.9397410360954538,0.0011863769274416118,0.002615107052669874,H1,H0,0.002615107052669874,0.002615107052669874,0.002615107052669874,0.0,0.001034200427457721
1170.png,0.6863189720332578,0.6863189720332578,0.7063197026022305,0.7063197026022305,0.6809415337889142,0.7227112676056338,0.6981550251109208,0.014792011081101944,0.041769733816719556,L5,L4,0.0,0.02000073056897278,0.02000073056897278,-0.0053774382443435575,0.036392295572376
1177.png,0.9379727685325264,0.9379727685325264,0.9383250378705907,0.9383250378705907,0.9328470285346492,0.9519553072625698,0.9395663247672422,0.005870778744438046,0.019108278727920647,L5,L4,0.0,0.00035226933806431493,0.00035226933806431493,-0.005125739997877243,0.013982538730043403
1178.png,0.9196998123827392,0.2577710386656558,0.9376854599406528,0.17922817922817924,0.9196998123827392,0.17922817922817924,0.5655520803046908,0.3611430850299484,0.7584572807124735,H2,L3,-0.6619287737170834,0.017985647557913542,-0.74047163315456,0.0,-0.74047163315456
1179.png,0.0,0.0,0.0,0.0,0.0,0.0,0.0,0.0,0.0,H0,H0,0.0,0.0,0.0,0.0,0.0
1189.png,0.7452350698856417,0.7452350698856417,0.7452350698856417,0.7452350698856417,0.7452350698856417,0.7452350698856417,0.7452350698856417,0.0,0.0,H0,H0,0.0,0.0,0.0,0.0,0.0
1192.png,0.8597430406852249,0.8594363182304674,0.85546875,0.85546875,0.834026334026334,0.8593861527480371,0.8539215576150107,0.009080855135450766,0.02571670665889092,H0,L4,-0.00030672245475749094,-0.004274290685224891,-0.004274290685224891,-0.02571670665889092,-0.00035688793718779976
1211.png,0.9445378151260504,0.9445378151260504,0.9445378151260504,0.9441926712417454,0.9465052713783678,0.945435603594218,0.9449578319320803,0.0007892557501791184,0.002312600136622378,L4,L3,0.0,0.0,-0.0003451438843049548,0.0019674562523174233,0.0008977884681675707
1223.png,0.9456762749445676,0.9456762749445676,0.35880915352143966,0.9426611796982167,0.9426611796982167,0.3949930458970793,0.755079518117348,0.26761928065879964,0.586867121423128,H0,H2,0.0,-0.586867121423128,-0.0030150952463509073,-0.0030150952463509073,-0.5506832290474883
1225.png,0.7624426403106248,0.7624426403106248,0.7624426403106248,0.7624426403106248,0.7624426403106248,0.5989010989010989,0.7351857167423704,0.06094833395613279,0.16354154140952593,H0,L5,0.0,0.0,0.0,0.0,-0.16354154140952593
1239.png,0.557830658550083,0.567572633552015,0.8557665060923775,0.5646004480955937,0.8616352201257862,0.8577929465301479,0.7108664021576673,0.14757001631624295,0.30380456157570324,L4,H0,0.00974197500193208,0.2979358475422945,0.006769789545510774,0.30380456157570324,0.29996228798006497
1241.png,0.4959785522788204,0.5053781799556086,0.3859191655801825,0.0,0.5195717044058277,0.0,0.31780793370340654,0.22886636971827984,0.5195717044058277,L4,L3,0.009399627676788258,-0.11005938669863785,-0.4959785522788204,0.0235931521270073,-0.4959785522788204
1243.png,0.8716623600344531,0.8716623600344531,0.8716623600344531,0.9050932368494294,0.8860544217687075,0.915702479338843,0.8869728696767232,0.017596480902391312,0.04404011930438989,L5,H0,0.0,0.0,0.03343087681497636,0.014392061734254447,0.04404011930438989
1246.png,0.7737804878048781,0.7737804878048781,0.7737804878048781,0.7737804878048781,0.004136504653567736,0.7737804878048781,0.645506490612993,0.28682937746667214,0.7696439831513103,H0,L4,0.0,0.0,0.0,-0.7696439831513103,0.0
1247.png,0.9667673716012085,0.9667673716012085,0.9667673716012085,0.9667673716012085,0.9667673716012085,0.9667673716012085,0.9667673716012085,0.0,0.0,H0,H0,0.0,0.0,0.0,0.0,0.0
1248.png,0.9805225653206651,0.9805225653206651,0.9805225653206651,0.9802121260091816,0.9803611023123219,0.9802121260091816,0.9803921750487801,0.00013952639969935085,0.00031043931148344583,H0,L3,0.0,0.0,-0.00031043931148344583,-0.00016146300834318783,-0.00031043931148344583
1249.png,0.9131459655485041,0.9131459655485041,0.9131459655485041,0.9131459655485041,0.8946101129838859,0.9118662547701254,0.9098433716580048,0.0068285275565109285,0.018535852564618205,H0,L4,0.0,0.0,0.0,-0.018535852564618205,-0.0012797107783787398
1250.png,0.908289241622575,0.908289241622575,0.908289241622575,0.908289241622575,0.908289241622575,0.908289241622575,0.9082892416225751,1.1102230246251565e-16,0.0,H0,H0,0.0,0.0,0.0,0.0,0.0
1251.png,0.9319650323071076,0.9319650323071076,0.9319650323071076,0.9319650323071076,0.9319650323071076,0.9312571211545765,0.9318470471150192,0.00026382290984829527,0.0007079111525311044,H0,L5,0.0,0.0,0.0,0.0,-0.0007079111525311044
1252.png,0.9530993768448671,0.9530993768448671,0.9530993768448671,0.9530993768448671,0.9530993768448671,0.9524745984922977,0.9529952471194388,0.00023284114453594277,0.0006247783525694661,H0,L5,0.0,0.0,0.0,0.0,-0.0006247783525694661
1253.png,0.9255474452554745,0.9255474452554745,0.9255474452554745,0.9255474452554745,0.9255474452554745,0.9255474452554745,0.9255474452554745,0.0,0.0,H0,H0,0.0,0.0,0.0,0.0,0.0
1254.png,0.9481481481481482,0.9481481481481482,0.9365079365079365,0.9365079365079365,0.9481481481481482,0.9306605323693723,0.9413534749716151,0.007068713440560111,0.01748761577877589,H0,L5,0.0,-0.011640211640211673,-0.011640211640211673,0.0,-0.01748761577877589
1267.png,0.0,0.0,0.0,0.0,0.0,0.0,0.0,0.0,0.0,H0,H0,0.0,0.0,0.0,0.0,0.0
1273.png,0.8653972422849638,0.8659160696008188,0.8659160696008188,0.8659160696008188,0.0,0.8653972422849638,0.7214237822287307,0.32263060696313073,0.8659160696008188,H1,L4,0.0005188273158549528,0.0005188273158549528,0.0005188273158549528,-0.8653972422849638,0.0
1279.png,0.8815517053503323,0.8815517053503323,0.8366859870439822,0.8501796945193172,0.8756175211329454,0.8177408177408177,0.8572212385229546,0.024332248718991877,0.06381088760951459,H0,L5,0.0,-0.04486571830635011,-0.03137201083101515,-0.005934184217386895,-0.06381088760951459
1280.png,0.8216436415161176,0.8216436415161176,0.8364180220601982,0.7973914597105592,0.0,0.7815948736205055,0.6764486064039162,0.30304538680127713,0.8364180220601982,H2,L4,0.0,0.014774380544080645,-0.024252181805558326,-0.8216436415161176,-0.04004876789561207
1281.png,0.8287003042064408,0.8287003042064408,0.8287003042064408,0.8311525175337591,0.8142720611659764,0.8322526668061075,0.8272963596875275,0.005985823059582521,0.017980605640131153,L5,L4,0.0,0.0,0.0024522133273182645,-0.014428243040464417,0.0035523625996667363
1282.png,0.8924086757990868,0.9015280135823429,0.9015280135823429,0.9015280135823429,0.8960614247120716,0.8966889299417365,0.8982905118666539,0.003501764836192056,0.009119337783256132,H1,H0,0.009119337783256132,0.009119337783256132,0.009119337783256132,0.003652748912984838,0.004280254142649764
1283.png,0.9609929078014184,0.9644128113879004,0.953999414005274,0.9573654807409585,0.9705705705705706,0.9573654807409585,0.9607844442078467,0.0054527062375177736,0.01657115656529662,L4,H2,0.0034199035864819205,-0.0069934937961444454,-0.0036274270604599312,0.009577662769152173,-0.0036274270604599312
1293.png,0.622109158186864,0.622109158186864,0.6202444085773576,0.6202444085773576,0.6379600673562665,0.6490455212922174,0.6286187870294878,0.011026649196681634,0.028801112714859745,L5,H2,0.0,-0.0018647496095063332,-0.0018647496095063332,0.01585090916940257,0.02693636310535341
1309.png,0.88912964969303,0.88912964969303,0.88912964969303,0.8897723165883629,0.8888086642599278,0.88912964969303,0.8891832632700684,0.00028833021947166594,0.000963652328435094,L3,L4,0.0,0.0,0.0006426668953328774,-0.0003209854331022166,0.0
1326.png,0.8078086334891394,0.8078086334891394,0.8078086334891394,0.8078086334891394,0.8056453984122317,0.8136117556071152,0.8084152813293174,0.002454508868122346,0.007966357194883478,L5,L4,0.0,0.0,0.0,-0.0021632350769077435,0.005803122117975734
1331.png,0.5971156796563363,0.5971156796563363,0.5971156796563363,0.5135919767748747,0.0,0.0,0.3841565026239806,0.27324006911875687,0.5971156796563363,H0,L4,0.0,0.0,-0.0835237028814616,-0.5971156796563363,-0.5971156796563363
1333.png,0.9222952779438135,0.9222952779438135,0.9222952779438135,0.9217910447761194,0.9284204167925099,0.9233532934131736,0.9234084314688739,0.0022896982739541343,0.006629372016390467,L4,L3,0.0,0.0,-0.0005042331676941014,0.006125138848696365,0.0010580154693601296
1334.png,0.9284487693188322,0.9287145720011452,0.9287145720011452,0.9284487693188322,0.9285509325681492,0.9284487693188322,0.9285543974211561,0.00011888067221470152,0.00026580268231291004,H1,H0,0.00026580268231291004,0.00026580268231291004,0.0,0.00010216324931699994,0.0
1341.png,0.7992237120677488,0.8006362672322376,0.8006362672322376,0.7990827306403245,0.8010610079575596,0.7988718491098185,0.7999186390399876,0.0008767765484750033,0.0021891588477411794,L4,L5,0.0014125551644887935,0.0014125551644887935,-0.00014098142742424713,0.0018372958898108527,-0.00035186295793032674
1345.png,0.9068825910931174,0.9068825910931174,0.9068825910931174,0.9068825910931174,0.9068825910931174,0.9069364161849711,0.9068915619417597,2.0059427380006726e-05,5.382509185369866e-05,L5,H0,0.0,0.0,0.0,0.0,5.382509185369866e-05
1346.png,0.6516476126429052,0.6516476126429052,0.627173213135866,0.6510067114093959,0.627173213135866,0.6520418494768815,0.6434483687406366,0.011512261840601124,0.024868636341015438,L5,H2,0.0,-0.024474399507039113,-0.000640901233509239,-0.024474399507039113,0.0003942368339763247
1353.png,0.9209814930338948,0.9215543285758934,0.9209814930338948,0.9209814930338948,0.7101123595505618,0.9192327630896838,0.8856406550529706,0.07850194124757258,0.21144196902533152,H1,L4,0.0005728355419986064,0.0,0.0,-0.21086913348333292,-0.001748729944210936
1355.png,0.8105507039743362,0.8129951045838897,0.8129951045838897,0.8105507039743362,0.8088379998210932,0.78,0.8059882694895909,0.011714195142066336,0.032995104583889656,H1,L5,0.002444400609553532,0.002444400609553532,0.0,-0.0017127041532429832,-0.030550703974336124
1361.png,0.7154873824839189,0.7424059949150275,0.75,0.5988771054273238,0.5944983178309915,0.5226754265900173,0.6539907045412131,0.0862529660277762,0.2273245734099827,H2,L5,0.0269186124311086,0.034512617516081145,-0.1166102770565951,-0.12098906465292736,-0.19281195589390154
1364.png,0.7267545422158889,0.7287894923677671,0.7287894923677671,0.7287894923677671,0.7267545422158889,0.7267545422158889,0.7277720172918279,0.0010174750759391338,0.0020349501518782676,H1,H0,0.0020349501518782676,0.0020349501518782676,0.0020349501518782676,0.0,0.0
1365.png,0.899895724713243,0.899895724713243,0.8976786409026066,0.8992590666839985,0.7519640852974186,0.8939354838709678,0.8737714543635797,0.054512613521103495,0.14793163941582432,H0,L4,0.0,-0.0022170838106363444,-0.0006366580292445079,-0.14793163941582432,-0.0059602408422752
1367.png,0.9281132492811325,0.9277028520893212,0.9277028520893212,0.9283185840707965,0.9297584755151784,0.9283185840707965,0.9283190995194244,0.0006920621238190757,0.0020556234258571893,L4,H1,-0.00041039719181124035,-0.00041039719181124035,0.00020533478966400232,0.001645226234045949,0.00020533478966400232
1368.png,0.8309085030714517,0.8309085030714517,0.821348673697667,0.821348673697667,0.821348673697667,0.821348673697667,0.8245352834889285,0.004506546784793027,0.009559829373784745,H0,H2,0.0,-0.009559829373784745,-0.009559829373784745,-0.009559829373784745,-0.009559829373784745
1370.png,0.767661310890079,0.767661310890079,0.767661310890079,0.767661310890079,0.767661310890079,0.7826510721247564,0.770159604429192,0.005586354181204946,0.014989761234677323,L5,H0,0.0,0.0,0.0,0.0,0.014989761234677323
1371.png,0.8853410740203193,0.8853410740203193,0.8853410740203193,0.8853410740203193,0.9063733784545968,0.9063733784545968,0.8923518421650783,0.009914723392971678,0.021032304434277505,L4,H0,0.0,0.0,0.0,0.021032304434277505,0.021032304434277505
1372.png,0.864645201625508,0.864645201625508,0.864645201625508,0.8649155722326454,0.8649155722326454,0.864645201625508,0.8647353251612203,0.00012745392649359373,0.0002703706071374157,L3,H0,0.0,0.0,0.0002703706071374157,0.0002703706071374157,0.0
1373.png,0.853005980484734,0.853005980484734,0.8543505674653216,0.8685491723466408,0.853005980484734,0.8685491723466408,0.8584111422688009,0.007184414812504854,0.01554319186190678,L3,H0,0.0,0.001344586980587592,0.01554319186190678,0.0,0.01554319186190678
1378.png,0.4772793902081501,0.4772793902081501,0.4772793902081501,0.4772793902081501,0.4562780269058296,0.46066779852857953,0.4710105643778349,0.008955567867160176,0.021001363302320497,H0,L4,0.0,0.0,0.0,-0.021001363302320497,-0.016611591679570548
1380.png,0.8283521149763188,0.8418565400843881,0.8174951695064114,0.8288723881885685,0.7984014209591475,0.7303412462908012,0.8075531466676059,0.03698672149796987,0.11151529379358693,H1,L5,0.013504425108069373,-0.010856945469907342,0.0005202732122496778,-0.02995069401717132,-0.09801086868551756
1381.png,0.5493060628195763,0.5701067615658363,0.5104895104895105,0.5104895104895105,0.5727401129943502,0.5104895104895105,0.537270244808049,0.027787384694812702,0.062250602504839714,L4,H2,0.020800698746260005,-0.03881655233006576,-0.03881655233006576,0.023434050174773957,-0.03881655233006576
1384.png,0.6267942583732058,0.7263654006099252,0.629353831371607,0.5996795605401694,0.6668363451259862,0.0,0.5415048993368156,0.24545363889165867,0.7263654006099252,H1,L5,0.09957114223671937,0.0025595729984012605,-0.02711469783303644,0.040042086752780426,-0.6267942583732058
1387.png,0.6154919748778785,0.6154919748778785,0.6154919748778785,0.6154919748778785,0.6110594795539034,0.6154919748778785,0.614753225657216,0.0016518934757264023,0.004432495323975161,H0,L4,0.0,0.0,0.0,-0.004432495323975161,0.0
1388.png,0.7696606786427146,0.7696606786427146,0.7668455575432319,0.7668455575432319,0.823982869379015,0.7544886807181889,0.7752473370781828,0.02239670818883432,0.06949418866082613,L4,L5,0.0,-0.002815121099482676,-0.002815121099482676,0.0543221907363004,-0.015171997924525726
1397.png,0.8745566793642454,0.9196731615336267,0.9178756149867542,0.9147561747941735,0.9353198533759016,0.9125301510727434,0.9124519391879073,0.018465599306899224,0.06076317401165621,L4,H0,0.045116482169381245,0.04331893562250877,0.04019949542992807,0.06076317401165621,0.03797347170849796
1398.png,0.8237061313669262,0.8237061313669262,0.8237061313669262,0.8251805423082164,0.8271085155507266,0.8021657642648896,0.8209288693707686,0.008479960843823325,0.024942751285837006,L4,L5,0.0,0.0,0.001474410941290194,0.0034023841838004554,-0.02154036710203655
1399.png,0.8512386086510075,0.8553071189925469,0.8553071189925469,0.8527191298784389,0.7774936061381074,0.8384853168469861,0.8384251499166057,0.027842296944697125,0.07781351285443949,H1,L4,0.004068510341539322,0.004068510341539322,0.001480521227431364,-0.07374500251290017,-0.012753291804021405
1401.png,0.5040938260677141,0.5318953648462598,0.6637147518061058,0.0,0.0796812749003984,0.5526016814360373,0.3886644831760859,0.2526188754461445,0.6637147518061058,H2,L3,0.02780153877854563,0.1596209257383917,-0.5040938260677141,-0.42441255116731574,0.04850785536832314
1402.png,0.2986025482942869,0.29949500154591363,0.30865639936271905,0.3117439246333369,0.30337195949472806,0.6083333333333333,0.3550338611107196,0.11337512973398196,0.3097307850390464,L5,H0,0.0008924532516267347,0.010053851068432151,0.013141376339049993,0.004769411200441165,0.3097307850390464
1406.png,0.5595729191943702,0.5595729191943702,0.42127031019202366,0.5613428783016539,0.42127031019202366,0.4575604272062957,0.49676496071345616,0.06454438614799513,0.1400725681096302,L3,H2,0.0,-0.1383026090023466,0.001769959107283614,-0.1383026090023466,-0.10201249198807455
1407.png,0.5431058691378826,0.5442253521126761,0.5442253521126761,0.4730598121601582,0.6205342774380431,0.0325950689511074,0.45962428865209054,0.19566567848381566,0.5879392084869357,L4,L5,0.0011194829747934731,0.0011194829747934731,-0.07004605697772442,0.07742840830016051,-0.5105108001867752
1410.png,0.7225130890052356,0.7235653946985144,0.7229336437718277,0.7229336437718277,0.7256792287467134,0.0,0.6029374999990198,0.2696438145614646,0.7256792287467134,L4,L5,0.0010523056932788544,0.000420554766592085,0.000420554766592085,0.003166139741477836,-0.7225130890052356
1411.png,0.6065001343002955,0.6026666666666667,0.587012987012987,0.6026666666666667,0.5105037271289813,0.6357243319268636,0.5908457522837435,0.03874735628914998,0.12522060479788233,L5,L4,-0.0038334676336287954,-0.019487147287308493,-0.0038334676336287954,-0.09599640717131419,0.029224197626568138
1425.png,0.5851942490058122,0.5857164704083193,0.5851942490058122,0.5869531849577897,0.5851942490058122,0.5874039938556067,0.5859427327065254,0.0009026051255660908,0.002209744849794526,L5,H0,0.0005222214025071281,0.0,0.0017589359519775138,0.0,0.002209744849794526
1426.png,0.8701364325416877,0.8701364325416877,0.8701364325416877,0.8699166456175802,0.8701364325416877,0.8688193743693239,0.8698802916922759,0.0004811963758824318,0.0013170581723638275,H0,L5,0.0,0.0,-0.00021978692410751233,0.0,-0.0013170581723638275
1435.png,0.6795751272405399,0.6795751272405399,0.6795751272405399,0.6801771871539314,0.7331522442116156,0.6938544961590601,0.6909848848743713,0.019551960260658526,0.0535771169710757,L4,H0,0.0,0.0,0.0006020599133914617,0.0535771169710757,0.014279368918520219
1436.png,0.8695652173913043,0.8695652173913043,0.8695652173913043,0.8699521637557014,0.8725556304787593,0.8704178272980502,0.870270212284404,0.0010674841747338832,0.0029904130874549573,L4,H0,0.0,0.0,0.0003869463643970672,0.0029904130874549573,0.0008526099067458492
1437.png,0.7634133878385284,0.7634133878385284,0.7634133878385284,0.76415697302825,0.7502870996554805,0.7699182839632278,0.762433753360424,0.005907734079546074,0.01963118430774735,L5,L4,0.0,0.0,0.0007435851897216184,-0.013126288183047952,0.0065048961246994
1442.png,0.7144915932746196,0.7097184666772706,0.7935265872310154,0.7194453402128346,0.7411960132890365,0.8508771929824561,0.7548758656112055,0.051352821666988464,0.14115872630518556,L5,H1,-0.0047731265973490755,0.0790349939563958,0.004953746938214931,0.026704420014416863,0.13638559970783648
1457.png,0.9505462909718229,0.9518593254540213,0.9526285384170999,0.955310504933256,0.9580663948747816,0.7692307692307693,0.9229403039802918,0.06878479098963594,0.18883562564401235,L4,L5,0.0013130344821984385,0.0020822474452770745,0.004764213961433117,0.0075201039029587635,-0.1813155217410536
1458.png,0.6222065810311456,0.622910434629597,0.622910434629597,0.556027031274556,0.6472527472527473,0.6375089992800576,0.6181360380162834,0.029276788729329307,0.09122571597819129,L4,L3,0.0007038535984514871,0.0007038535984514871,-0.06617954975658957,0.025046166221601718,0.015302418248911986
1459.png,0.7404692082111437,0.7404692082111437,0.7404692082111437,0.7404692082111437,0.4915205518827249,0.8689984792526613,0.7203993106633267,0.11260432368601561,0.37747792736993635,L5,L4,0.0,0.0,0.0,-0.24894865632841878,0.12852927104151757
1461.png,0.5591214154972545,0.5591214154972545,0.5576923076923077,0.5542518446836822,0.5521398432790838,0.5233474140883663,0.550945706789658,0.012604386268533826,0.0357740014088882,H0,L5,0.0,-0.001429107804946761,-0.00486957081357231,-0.00698157221817064,-0.0357740014088882
1464.png,0.7906579322130447,0.7906579322130447,0.7542906178489702,0.7545012860817376,0.7182481751824817,0.7892338365138137,0.7662649633421822,0.026786140674163593,0.07240975703056296,H0,L4,0.0,-0.03636731436407448,-0.03615664613130709,-0.07240975703056296,-0.001424095699230965
1465.png,0.936026936026936,0.9368270852250616,0.9363577446532728,0.9364791288566243,0.9354379609263812,0.9368434703670082,0.936328721009214,0.0004867111371509925,0.0014055094406270063,L5,L4,0.0008001491981256548,0.0003308086263368315,0.00045219282968833596,-0.0005889751005547783,0.000816534340072228
1466.png,0.7678363330312055,0.8339192799887498,0.7752647404889528,0.8168044077134986,0.8714853525688209,0.7641752577319587,0.8049142285871979,0.0394290716441813,0.10731009483686216,L4,L5,0.06608294695754435,0.00742840745774731,0.04896807468229314,0.1036490195376154,-0.003661075299246752
1472.png,0.5735819119397064,0.5484848484848485,0.5735819119397064,0.5735819119397064,0.6528925619834711,0.6540590405904059,0.5960303644796409,0.04157926548905676,0.10557419210555741,L5,H1,-0.02509706345485796,0.0,0.0,0.0793106500437647,0.08047712865069945
1477.png,0.5206169342146679,0.5206169342146679,0.5202893991821328,0.5206169342146679,0.52160201829076,0.5186345129971813,0.5203961221856797,0.0008864833148621164,0.0029675052935786983,L4,L5,0.0,-0.00032753503253513117,0.0,0.000985084076092102,-0.0019824212174865963
1480.png,0.7051120624527827,0.7088287376675942,0.7088287376675942,0.7060010085728694,0.709546720688782,0.7178699436763953,0.709364535121003,0.004130096018483652,0.012757881223612655,L5,H0,0.00371667521481156,0.00371667521481156,0.0008889461200867199,0.004434658235999311,0.012757881223612655
1481.png,0.6794520547945205,0.6794520547945205,0.09057225195553725,0.23680195300579798,0.02288135593220339,0.7415399705738107,0.40844994017606506,0.29916707983153473,0.7186586146416073,L5,L4,0.0,-0.5888798028389832,-0.44265010178872255,-0.6565706988623171,0.06208791577929018
1482.png,0.610975183502272,0.610975183502272,0.610975183502272,0.6129659070835541,0.6220302375809935,0.608771319178559,0.6127821690583205,0.0043097377766181865,0.013258918402434539,L4,L5,0.0,0.0,0.001990723581282161,0.011055054078721538,-0.0022038643237130007
1483.png,0.8069725711356063,0.8069725711356063,0.8069725711356063,0.8117197452229299,0.769455252918288,0.802358369648808,0.8007418468661408,0.014250404285861587,0.04226449230464191,L3,L4,0.0,0.0,0.0047471740873236135,-0.037517318217318296,-0.004614201486798253
1484.png,0.9143421377437669,0.8861283643892339,0.8861283643892339,0.8861283643892339,0.8806584362139918,0.8968382183244865,0.8917039809083244,0.011210955170798906,0.03368370152977518,H0,L4,-0.02821377335453301,-0.02821377335453301,-0.02821377335453301,-0.03368370152977518,-0.017503919419280423
1485.png,0.950975487743872,0.950975487743872,0.950975487743872,0.5267743692140134,0.006121968448316459,0.006583588055490242,0.565401064824906,0.4228011763678937,0.9448535192955555,H0,L4,0.0,0.0,-0.42420111852985853,-0.9448535192955555,-0.9443918996883818
1488.png,0.5065079955373745,0.53046875,0.6352611940298507,0.5992970123022847,0.6359404096834265,0.5962624945675793,0.5839563093534194,0.04929583748283896,0.129432414146052,L4,H0,0.023960754462625578,0.12875319849247624,0.09278901676491025,0.129432414146052,0.08975449903020483
1490.png,0.5761564497931553,0.5849560901107292,0.5501885437241875,0.557394942696016,0.5761564497931553,0.5438409655662052,0.5647822402805747,0.015120706732200112,0.04111512454452404,H1,L5,0.008799640317573965,-0.025967906068967817,-0.018761507097139307,0.0,-0.032315484226950075
1491.png,0.4808277541083384,0.5332433344583193,0.48481129180730287,0.5178629957391019,0.519053876478318,0.5332433344583193,0.5115070978416166,0.021198142458383556,0.052415580349980895,H1,H0,0.052415580349980895,0.003983537698964479,0.037035241630763494,0.03822612236997963,0.052415580349980895
1492.png,0.463571889103804,0.4872924432395798,0.4872924432395798,0.463571889103804,0.48795385137427894,0.4872924432395798,0.4794958265501044,0.011262352085018698,0.024381962270474955,L4,H0,0.02372055413577584,0.02372055413577584,0.0,0.024381962270474955,0.02372055413577584
1493.png,0.8545024715237481,0.8416578108395324,0.7843676355066771,0.5170846658811648,0.8452203534170747,0.5719631548647093,0.7357993486721511,0.1380257771953395,0.3374178056425834,H0,L3,-0.012844660684215747,-0.07013483601707104,-0.3374178056425834,-0.009282118106673454,-0.28253931665903886
1495.png,0.9144795045709231,0.9144795045709231,0.9144795045709231,0.9154742587402271,0.9144795045709231,0.9144795045709231,0.9146452969324738,0.0003707229905775345,0.0009947541693040574,L3,H0,0.0,0.0,0.0009947541693040574,0.0,0.0
1496.png,0.8969575200918485,0.8740219092331768,0.8740219092331768,0.8068490958553368,0.8605577689243028,0.8820593643288679,0.8657445946111183,0.02849862346708337,0.09010842423651166,H0,L3,-0.022935610858671684,-0.022935610858671684,-0.09010842423651166,-0.03639975116754568,-0.014898155762980592
1497.png,0.6104494813676528,0.6101304681504222,0.6101304681504222,0.6103484688489969,0.607756973633932,0.6475609756097561,0.616062805960197,0.014116597012528112,0.03980400197582412,L5,L4,-0.0003190132172306015,-0.0003190132172306015,-0.00010101251865590744,-0.0026925077337207615,0.03711149424210336
1498.png,0.42673731404116566,0.42031312725812925,0.4090377873003506,0.4090377873003506,0.498772704958272,0.4146919431279621,0.4297651106643716,0.03148279916660572,0.08973491765792135,L4,H2,-0.006424186783036412,-0.01769952674081504,-0.01769952674081504,0.07203539091710631,-0.012045370913203568
1509.png,0.6881520983074426,0.6794006633878531,0.694025488132819,0.694025488132819,0.6049684381999593,0.6887033170958015,0.6748792488761156,0.03164489160486883,0.08905704993285968,H2,L4,-0.008751434919589518,0.0058733898253763295,0.0058733898253763295,-0.08318366010748335,0.0005512187883588426
1519.png,0.8370681605975724,0.8370681605975724,0.8358556461001164,0.830441822808235,0.8374591312470808,0.8193430656934306,0.8328726645073345,0.006507652759832687,0.018116065553650196,L4,L5,0.0,-0.0012125144974559632,-0.006626337789337411,0.0003909706495084375,-0.017725094904141758
1529.png,0.8599279508370418,0.8599279508370418,0.8577467765800042,0.8637718177948063,0.8599279508370418,0.8577467765800042,0.8598415372443234,0.0020102052803168085,0.006025041214802074,L3,H2,0.0,-0.002181174257037566,0.003843866957764508,0.0,-0.002181174257037566
1533.png,0.544272136068034,0.541015625,0.5337214944201844,0.5237642585551331,0.5350166746069557,0.3503125,0.5046837814417179,0.06933622309922091,0.193959636068034,H0,L5,-0.0032565110680340403,-0.01055064164784969,-0.02050787751290095,-0.009255461461078363,-0.193959636068034
1534.png,0.8423180592991913,0.8451656524678837,0.8443093549476528,0.8423180592991913,0.8451656524678837,0.8443093549476528,0.8439310222382425,0.0011929091730871037,0.0028475931686923195,H1,H0,0.0028475931686923195,0.0019912956484614552,0.0,0.0028475931686923195,0.0019912956484614552
1535.png,0.8531317494600432,0.8729281767955801,0.829485834207765,0.829485834207765,0.8832913518052057,0.8198081410422609,0.84802184791977,0.023712004978418785,0.06348321076294483,L4,L5,0.01979642733553688,-0.023645915252278216,-0.023645915252278216,0.030159602345162462,-0.03332360841778237
1536.png,0.8286624203821656,0.8283985991722381,0.838543345149855,0.8347770291947385,0.8599801390268124,0.8084445824278175,0.8331343525589379,0.01530066515502931,0.05153555659899489,L4,L5,-0.00026382120992751723,0.009880924767689314,0.006114608812572864,0.03131771864464672,-0.020217837954348172
1545.png,0.6219358893777498,0.6236593059936909,0.7512138279277529,0.779021803182086,0.6084420567920185,0.6192738378011537,0.667257786845742,0.06982891422632756,0.17057974639006757,L3,L4,0.001723416615941109,0.12927793855000314,0.15708591380433623,-0.013493832585731336,-0.0026620515765960473
1546.png,0.8147764095917045,0.9457661806088513,0.9457661806088513,0.8732120538814053,0.5505968778696051,0.9088513594442448,0.8398281770007769,0.13699558363596837,0.3951693027392462,H1,L4,0.13098977101714682,0.13098977101714682,0.05843564428970083,-0.2641795317220994,0.09407494985254028
1547.png,0.5964153275648949,0.5928227435140594,0.5928227435140594,0.5964153275648949,0.5928227435140594,0.5795008632867682,0.5917999581597894,0.005730172682526997,0.016914464278126706,H0,L5,-0.0035925840508355122,-0.0035925840508355122,0.0,-0.0035925840508355122,-0.016914464278126706
1548.png,0.7024595924104006,0.7002690075038935,0.7024595924104006,0.7024595924104006,0.7002690075038935,0.7476357741151041,0.7092587610590154,0.01719065905275194,0.04736676661121053,L5,H1,-0.0021905849065070315,0.0,0.0,-0.0021905849065070315,0.0451761817047035
1551.png,0.8251491509866912,0.839563862928349,0.6309509884196982,0.628158844765343,0.8896961690885072,0.651595744680851,0.7441857934782399,0.10930279185355254,0.26153732432316423,L4,L3,0.014414711941657776,-0.19419816256699296,-0.19699030622134817,0.06454701810181607,-0.17355340630584015
1552.png,0.5282093213409649,0.5282093213409649,0.5282093213409649,0.5310316481709824,0.5308134757600658,0.7169914905297832,0.5605774297472876,0.06996104618737106,0.1887821691888183,L5,H0,0.0,0.0,0.0028223268300174853,0.0026041544191008903,0.1887821691888183
1555.png,0.6790898391526089,0.6776277157956547,0.6765683017393004,0.6778930879185432,0.678158667972576,0.66963249516441,0.6764950179571821,0.0031580062807129478,0.009457343988198863,H0,L5,-0.0014621233569541703,-0.0025215374133085167,-0.0011967512340657072,-0.0009311711800329414,-0.009457343988198863
1559.png,0.8203052008720025,0.8099630996309963,0.8099630996309963,0.8072326080294208,0.8166563082660038,0.8419705694177864,0.8176818143078677,0.011734709688724134,0.0347379613883656,L5,L3,-0.010342101241006207,-0.010342101241006207,-0.013072592842581776,-0.003648892605998766,0.021665368545783825
1560.png,0.9046718876586551,0.9054054054054054,0.900804289544236,0.8996781115879828,0.9013705993012631,0.9052631578947369,0.9028655752320466,0.0023132113579423306,0.005727293817422541,H1,L3,0.0007335177467502341,-0.0038675981144191685,-0.004993776070672307,-0.0033012883573920737,0.0005912702360817423
1563.png,0.6730945821854912,0.6730945821854912,0.6730945821854912,0.6612758310871518,0.6824953445065177,0.658273381294964,0.670221383907518,0.00814650840862718,0.024221963211553676,L4,L5,0.0,0.0,-0.011818751098339408,0.00940076232102649,-0.014821200890527186
1564.png,0.6806930693069307,0.6806930693069307,0.6806930693069307,0.638396299151889,0.7061347061347061,0.5777003484320558,0.6607184269399071,0.0421305039472427,0.12843435770265033,L4,L5,0.0,0.0,-0.04229677015504174,0.025441636827775338,-0.10299272087487499
1574.png,0.8179136497720568,0.8179136497720568,0.8194258116447545,0.8179136497720568,0.8126863648685281,0.8194258116447545,0.8175464895790348,0.002276288458474296,0.006739446776226399,H2,L4,0.0,0.0015121618726976482,0.0,-0.0052272849035287505,0.0015121618726976482
1575.png,0.7439175257731959,0.7439175257731959,0.7439175257731959,0.7447991761071061,0.7348295926849543,0.7446457990115322,0.7426711908538635,0.0035255759021383523,0.009969583422151818,L3,L4,0.0,0.0,0.0008816503339101889,-0.009087933088241629,0.0007282732383362411
1577.png,0.8892200695479384,0.889662027833002,0.889662027833002,0.8892200695479384,0.8223529411764706,0.888521336420774,0.8781064120598542,0.02493662447855271,0.06730908665653135,H1,L4,0.0004419582850635484,0.0004419582850635484,0.0,-0.0668671283714678,-0.0006987331271643971
1579.png,0.8943713450292398,0.8943713450292398,0.8943713450292398,0.8906278434940855,0.8830841289857684,0.8875589408777657,0.8907308247408897,0.004248599225223056,0.011287216043471382,H0,L4,0.0,0.0,-0.0037435015351542367,-0.011287216043471382,-0.006812404151474105
1583.png,0.8029421451311889,0.8029421451311889,0.0,0.8128889939336642,0.717680608365019,0.8024229074889868,0.656479466675008,0.29534638714710354,0.8128889939336642,L3,H2,0.0,-0.8029421451311889,0.009946848802475317,-0.08526153676616988,-0.000519237642202075
1585.png,0.9269096904194908,0.9270614075226503,0.9284467713787086,0.928972823583602,0.7665618562289928,0.8354324097397146,0.8855641598121933,0.06302042731972379,0.16241096735460925,L3,L4,0.00015171710315953213,0.0015370809592177848,0.0020631331641112194,-0.16034783419049803,-0.09147728067977623
1587.png,0.7731489289930848,0.7657366451173868,0.7657366451173868,0.6264580369843528,0.815055917209147,0.5737526039083424,0.7199814628882835,0.08773303740081384,0.24130331330080468,L4,L5,-0.007412283875698034,-0.007412283875698034,-0.1466908920087321,0.0419069882160622,-0.19939632508474248
1588.png,0.8894552405224594,0.8868720439729004,0.8868720439729004,0.8868720439729004,0.6968404423380726,0.8863606813158237,0.8555454160158429,0.07098215538795552,0.19261479818438676,H0,L4,-0.0025831965495589637,-0.0025831965495589637,-0.0025831965495589637,-0.19261479818438676,-0.0030945592066357053
1590.png,0.6901189860320744,0.6943298969072165,0.6943298969072165,0.6817622446468127,0.6918041372086934,0.6517461878996557,0.6840152249336114,0.015039252203781566,0.04258370900756081,H1,L5,0.0042109108751420266,0.0042109108751420266,-0.008356741385261768,0.0016851511766189375,-0.038372798132418784
1591.png,0.5450376678676712,0.5450376678676712,0.5450376678676712,0.5585858585858586,0.8359456635318704,0.039647577092511016,0.511548683802209,0.23576156279328842,0.7962980864393594,L4,L5,0.0,0.0,0.01354819071818747,0.2909079956641992,-0.5053900907751602
1596.png,0.7172512526843235,0.7172512526843235,0.7217015140591204,0.7217015140591204,0.7175080558539205,0.7177650429799427,0.7188631053867919,0.002014578787119818,0.004450261374796871,H2,H0,0.0,0.004450261374796871,0.004450261374796871,0.00025680316959697524,0.0005137902956191542
1600.png,0.7508350033400134,0.7508350033400134,0.7424191936021326,0.7424191936021326,0.8877005347593583,0.7313383755343636,0.7675912173630023,0.054113029304833894,0.15636215922499463,L4,L5,0.0,-0.008415809737880808,-0.008415809737880808,0.13686553141934488,-0.019496627805649758
1601.png,0.789363722697056,0.831366273254651,0.7947982405813732,0.707404255319149,0.7898137590269859,0.7379261363636364,0.7751120645404752,0.04069904132794476,0.12396201793550199,H1,L3,0.04200255055759494,0.005434517884317147,-0.08195946737790705,0.0004500363299299037,-0.05143758633341966
1619.png,0.850536440991491,0.850536440991491,0.850536440991491,0.8499630450849963,0.8502772643253235,0.8309859154929577,0.8471392579796251,0.007226962111680655,0.0195505254985332,H0,L5,0.0,0.0,-0.0005733959064946337,-0.00025917666616748214,-0.0195505254985332
1628.png,0.6539427423405324,0.6539427423405324,0.6539427423405324,0.6507462686567164,0.6576623376623376,0.6507462686567164,0.6534971836662279,0.0023480183910113217,0.00691606900562125,L4,L3,0.0,0.0,-0.003196473683816037,0.0037195953218052136,-0.003196473683816037
1629.png,0.6930012881064834,0.6934975651675738,0.6934975651675738,0.6936962750716332,0.6543400102722137,0.8995698522536002,0.7212670926731798,0.08100669461993924,0.24522984198138653,L5,L4,0.0004962770610903444,0.0004962770610903444,0.000694986965149802,-0.03866127783426976,0.20656856414711677
1630.png,0.9196296793237623,0.9195063053394151,0.9173354735152488,0.9173354735152488,0.9162324649298598,0.9173354735152488,0.9178958116897973,0.0012455685329020353,0.0033972143939025035,H0,L4,-0.00012337398434714153,-0.002294205808513472,-0.002294205808513472,-0.0033972143939025035,-0.002294205808513472
1644.png,0.9097256857855361,0.9097256857855361,0.9097256857855361,0.9097256857855361,0.9088669950738916,0.9088669950738916,0.9094394555483213,0.0004047906834305194,0.0008586907116445719,H0,L4,0.0,0.0,0.0,-0.0008586907116445719,-0.0008586907116445719
1645.png,0.8903162055335968,0.8903162055335968,0.8826843007592456,0.8796680497925311,0.8796680497925311,0.8903162055335968,0.8854948361575162,0.004925085378161952,0.010648155741065701,H0,L3,0.0,-0.0076319047743511614,-0.010648155741065701,-0.010648155741065701,0.0
1646.png,0.8353879622915156,0.8475991649269311,0.8353879622915156,0.8353879622915156,0.8289699045754833,0.8475991649269311,0.8383886868839822,0.006896766343411509,0.01862926035144785,H1,L4,0.01221120263541553,0.0,0.0,-0.0064180577160323216,0.01221120263541553
1647.png,0.0,0.0,0.0,0.0,0.0,0.0,0.0,0.0,0.0,H0,H0,0.0,0.0,0.0,0.0,0.0
1648.png,0.9502601456815817,0.9498647805283961,0.9498647805283961,0.9498647805283961,0.9502601456815817,0.9512296790329304,0.9502240519968804,0.00048323893468725943,0.001364898504534362,L5,H1,-0.0003953651531856117,-0.0003953651531856117,-0.0003953651531856117,0.0,0.0009695333513487503
1656.png,0.8294153104279687,0.8294153104279687,0.8294153104279687,0.8294153104279687,0.8018648018648019,0.8294153104279687,0.8248235590007743,0.010267468326988492,0.027550508563166765,H0,L4,0.0,0.0,0.0,-0.027550508563166765,0.0
1657.png,0.7492103600758054,0.7492103600758054,0.0,0.0,0.7492103600758054,0.7030231179608772,0.4917756996980489,0.34812113850429377,0.7492103600758054,H0,H2,0.0,-0.7492103600758054,-0.7492103600758054,0.0,-0.046187242114928195
1665.png,0.8159722222222222,0.6964545896066051,0.6964545896066051,0.8514492753623188,0.6521158129175947,0.6694599627560521,0.7303177420785664,0.07541239458647457,0.19933346244472416,L3,L4,-0.1195176326156171,-0.1195176326156171,0.03547705314009664,-0.16385640930462753,-0.14651225946617008
1666.png,0.6953152518492427,0.8457627118644068,0.8457627118644068,0.8457627118644068,0.6953152518492427,0.6892221834670387,0.7695234704597906,0.07626628995527017,0.1565405283973681,H1,L5,0.15044746001516407,0.15044746001516407,0.15044746001516407,0.0,-0.0060930683822040255
1678.png,0.9335295560461123,0.9335295560461123,0.9329089128305583,0.9329089128305583,0.932224125275263,0.9327442317133039,0.9329742157903179,0.0004547642262707239,0.0013054307708493251,H0,L4,0.0,-0.0006206432155539954,-0.0006206432155539954,-0.0013054307708493251,-0.0007853243328084236
1684.png,0.40813669650122053,0.3915690866510539,0.3915690866510539,0.43761996161228406,0.47229551451187335,0.0,0.3501983909879143,0.1591482892351439,0.47229551451187335,L4,L5,-0.016567609850166642,-0.016567609850166642,0.029483265111063528,0.06415881801065282,-0.40813669650122053
1685.png,0.7542203908015419,0.8799255352156377,0.8799255352156377,0.0,0.687749909123955,0.6939723682601785,0.6492989564361584,0.3006795274551812,0.8799255352156377,H1,L3,0.12570514441409575,0.12570514441409575,-0.7542203908015419,-0.06647048167758696,-0.06024802254136341
1686.png,0.9307672436063033,0.9307672436063033,0.930905333849929,0.9307851239669421,0.9317041800643087,0.9320113314447592,0.9311567427564243,0.0005057561288383095,0.0012440878384559761,L5,H0,0.0,0.00013809024362576583,1.7880360638877768e-05,0.0009369364580054107,0.0012440878384559761
1689.png,0.0,0.0,0.0,0.0,0.0,0.0,0.0,0.0,0.0,H0,H0,0.0,0.0,0.0,0.0,0.0
1696.png,0.8873206304398965,0.8855464159811985,0.8855464159811985,0.8854460093896713,0.8864331060427934,0.8865348399246704,0.8861379029599048,0.0006858059140602767,0.0018746210502251781,H0,L3,-0.0017742144586979647,-0.0017742144586979647,-0.0018746210502251781,-0.0008875243971031566,-0.0007857905152260924
1706.png,0.5994694960212201,0.5994694960212201,0.5994694960212201,0.5994694960212201,0.5856123662306778,0.6078721515241196,0.5985604169732797,0.006553194097027739,0.022259785293441747,L5,L4,0.0,0.0,0.0,-0.013857129790542322,0.008402655502899425
1715.png,0.89563244469654,0.89563244469654,0.89563244469654,0.89563244469654,0.89563244469654,0.89563244469654,0.89563244469654,0.0,0.0,H0,H0,0.0,0.0,0.0,0.0,0.0
1716.png,0.8647628038706632,0.8647628038706632,0.7509735601557697,0.7219704433497537,0.7152059340230333,0.8691722169362512,0.7978079603676891,0.0693140726927057,0.1539662829132179,L5,L4,0.0,-0.11378924371489352,-0.1427923605209095,-0.14955686984762984,0.004409413065588064
1718.png,0.7576576576576577,0.7467517665830864,0.7470976553608013,0.7472127417519909,0.7481818181818182,0.7463026166097838,0.7488673760241897,0.003972038954012358,0.011355041047873882,H0,L5,-0.010905891074571294,-0.010560002296856386,-0.010444915905666763,-0.00947583947583952,-0.011355041047873882
1727.png,0.6861950009078255,0.6862780703347255,0.6862780703347255,0.6861950009078255,0.7135327213503109,0.6862780703347255,0.6907928223616898,0.010169659842318992,0.02733772044248539,L4,H0,8.306942690006203e-05,8.306942690006203e-05,0.0,0.02733772044248539,8.306942690006203e-05
1728.png,0.7592245153220762,0.7490542244640606,0.7582142484614582,0.7666407666407666,0.7340816000851109,0.7466694750144806,0.7523141383313257,0.010509770071232697,0.032559166555655716,L3,L4,-0.010170290858015685,-0.0010102668606180032,0.007416251318690392,-0.025142915236965324,-0.012555040307595688
1729.png,0.8395636363636364,0.860146513176672,0.9169995959958702,0.9234129814550642,0.85280007599867,0.9212559739157622,0.8856964628176126,0.03542623938898298,0.08384934509142783,L3,H0,0.02058287681303561,0.07743595963223382,0.08384934509142783,0.013236439635033626,0.0816923375521258
1730.png,0.9571194464675892,0.9459371965037229,0.9459371965037229,0.9452777777777778,0.8222430490471727,0.9507029876977153,0.9278696089996168,0.047416252696564645,0.13487639742041646,H0,L4,-0.011182249963866298,-0.011182249963866298,-0.011841668689811402,-0.13487639742041646,-0.006416458769873845
1734.png,0.9108996539792388,0.9084385763490241,0.9078400458649849,0.9078400458649849,0.9078400458649849,0.9101641232363951,0.9088370818599355,0.0012353333915770144,0.0030596081142538756,H0,H2,-0.0024610776302146364,-0.0030596081142538756,-0.0030596081142538756,-0.0030596081142538756,-0.0007355307428437152
1735.png,0.9325272067714632,0.9325272067714632,0.9325272067714632,0.9325272067714632,0.9329758713136729,0.9325272067714632,0.9326019841951648,0.00016720740257912222,0.0004486645422097091,L4,H0,0.0,0.0,0.0,0.0004486645422097091,0.0
1736.png,0.9380509000620733,0.9380509000620733,0.8884165781083954,0.8480838158257513,0.8345263157894737,0.8333568505714689,0.8800808934032059,0.04485661541171636,0.10469404949060435,H0,L5,0.0,-0.049634321953677896,-0.08996708423632194,-0.10352458427259958,-0.10469404949060435
1740.png,0.865370770338373,0.865370770338373,0.865370770338373,0.865370770338373,0.8657863145258103,0.8651631477927063,0.8654054239453347,0.00018644876790927604,0.0006231667331040303,L4,L5,0.0,0.0,0.0,0.00041554418743738886,-0.0002076225456666414
1744.png,0.7547781017168772,0.7484741407002891,0.7715231788079471,0.7484741407002891,0.7715231788079471,0.7584138620459847,0.7588644337965557,0.009602995683182469,0.023049038107658015,H2,H1,-0.006303961016588144,0.01674507709106987,-0.006303961016588144,0.01674507709106987,0.003635760329107507
1746.png,0.8130703561966441,0.8391608391608392,0.8424908424908425,0.832579185520362,0.8699238578680203,0.8537794299876085,0.8418340852040528,0.017570379617505547,0.05685350167137615,L4,H0,0.026090482964195028,0.029420486294198356,0.01950882932371789,0.05685350167137615,0.040709073790964334
1752.png,0.856637168141593,0.856637168141593,0.856637168141593,0.856637168141593,0.856637168141593,0.6833216045038705,0.8277512408686393,0.06459089697543971,0.1733155636377225,H0,L5,0.0,0.0,0.0,0.0,-0.1733155636377225
1769.png,0.9408834709660506,0.9404512067156349,0.9429429429429429,0.9434306569343066,0.9420384665707183,0.9439520333680917,0.9422831295829576,0.0012853182589929572,0.0035008266524568787,L5,H1,-0.0004322642504157592,0.0020594719768922687,0.0025471859682559828,0.0011549956046676968,0.0030685624020411195
1771.png,0.940599173553719,0.940599173553719,0.940599173553719,0.940599173553719,0.9409937888198758,0.940599173553719,0.9406649427647452,0.00014706442668096503,0.00039461526615680587,L4,H0,0.0,0.0,0.0,0.00039461526615680587,0.0
1773.png,0.9121176926054975,0.9113695090439277,0.9134243751610409,0.9134243751610409,0.9109243697478991,0.9134243751610409,0.9124474494800746,0.001037112852198326,0.0025000054131417704,H2,L4,-0.000748183561569804,0.001306682555543448,0.001306682555543448,-0.0011933228575983224,0.001306682555543448
1774.png,0.8385020479812756,0.8339386895249165,0.8339386895249165,0.8423065607531627,0.8308983075365254,0.8347876672484003,0.8357286604281994,0.0036875063863547218,0.011408253216637299,L3,L4,-0.0045633584563591345,-0.0045633584563591345,0.003804512771887092,-0.007603740444750207,-0.003714380732875333
1776.png,0.0006350550381033022,0.0006393861892583121,0.0006393861892583121,0.0006440532417346501,0.0,0.00043980208905992305,0.0004996137912357499,0.00023504294388527734,0.0006440532417346501,L3,L4,4.3311511550098375e-06,4.3311511550098375e-06,8.998203631347865e-06,-0.0006350550381033022,-0.00019525294904337918
1789.png,0.7620660457239627,0.7620660457239627,0.7620660457239627,0.7620660457239627,0.7620660457239627,0.7620660457239627,0.7620660457239627,0.0,0.0,H0,H0,0.0,0.0,0.0,0.0,0.0
1796.png,0.7755102040816326,0.7681445919231855,0.7681445919231855,0.7708333333333334,0.761147401306447,0.0,0.640630020427964,0.2865300335300949,0.7755102040816326,H0,L5,-0.00736561215844711,-0.00736561215844711,-0.0046768707482992555,-0.014362802775185646,-0.7755102040816326
1798.png,0.8856143856143857,0.886721680420105,0.8771929824561403,0.8784352562515474,0.8882205513784461,0.8308480894687791,0.8745054909315672,0.019955701267236815,0.05737246190966705,L4,L5,0.001107294805719361,-0.008421403158245355,-0.007179129362838266,0.002606165764060475,-0.054766296145606574
1807.png,0.6541865214431586,0.6541865214431586,0.6541865214431586,0.7014829142488717,0.7014829142488717,0.7130600571973308,0.6797642416707582,0.025867199709330158,0.0588735357541722,L5,H0,0.0,0.0,0.04729639280571307,0.04729639280571307,0.0588735357541722
1816.png,0.9046890927624872,0.9046890927624872,0.9046890927624872,0.9046890927624872,0.9060745278203165,0.9046890927624872,0.9049199986054587,0.0005163211612862731,0.0013854350578292873,L4,H0,0.0,0.0,0.0,0.0013854350578292873,0.0
1824.png,0.8769703578863884,0.8783005757395275,0.8783005757395275,0.8762753838533928,0.561994984675397,0.8783877692842251,0.825038274529743,0.11763918638637158,0.31639278460882814,L5,L4,0.0013302178531390263,0.0013302178531390263,-0.0006949740329956766,-0.31497537321099145,0.0014174113978366876
1825.png,0.7160098259104988,0.6771879483500718,0.6771879483500718,0.6771879483500718,0.6668891855807744,0.7717512974458126,0.6977023589978836,0.03658411180356779,0.10486211186503824,L5,L4,-0.03882187756042699,-0.03882187756042699,-0.03882187756042699,-0.04912064032972441,0.055741471535313836
1826.png,0.9407981530343008,0.9407981530343008,0.9407981530343008,0.9345870809484873,0.9059096589894662,0.9297860222927345,0.9321128702222651,0.012412672499578283,0.03488849404483463,H0,L4,0.0,0.0,-0.006211072085813507,-0.03488849404483463,-0.011012130741566262
1827.png,0.9664291369754553,0.8844498019631479,0.8844498019631479,0.8808639308855292,0.9573540856031129,0.9446398531885609,0.9196977684298258,0.03700637746795248,0.08556520608992613,H0,L3,-0.08197933501230736,-0.08197933501230736,-0.08556520608992613,-0.009075051372342435,-0.021789283786894376
1829.png,0.7000970559689421,0.7002103219543763,0.6998867497168743,0.6998867497168743,0.696954893339847,0.6997414350355526,0.6994628676220778,0.0011319429978971062,0.003255428614529321,H1,L4,0.00011326598543415223,-0.00021030625206786002,-0.00021030625206786002,-0.0031421626290951687,-0.00035562093338947776
1834.png,0.9264607118871726,0.9267719180382936,0.9261497146693521,0.9261497146693521,0.930539124556363,0.9257085359718262,0.92696328663206,0.0016316667383449817,0.004830588584536777,L4,L5,0.0003112061511210129,-0.0003109972178204634,-0.0003109972178204634,0.004078412669190401,-0.0007521759153463758
1835.png,0.3116883116883117,0.3116883116883117,0.3116883116883117,0.3116883116883117,0.3207063514668186,0.9016189290161893,0.4115130878727091,0.21920672992280876,0.5899306173278777,L5,H0,0.0,0.0,0.0,0.009018039778506903,0.5899306173278777
1843.png,0.6809839906286607,0.6809839906286607,0.8510494245091401,0.8510494245091401,0.8510494245091401,0.8510494245091401,0.7943609465489803,0.0801696143615463,0.17006543388047946,H2,H0,0.0,0.17006543388047946,0.17006543388047946,0.17006543388047946,0.17006543388047946
1847.png,0.6950105411103303,0.6867043847241867,0.6867043847241867,0.6867043847241867,0.7081739130434782,0.6931738212526389,0.6927452382631678,0.007668496378941944,0.021469528319291498,L4,H1,-0.008306156386143626,-0.008306156386143626,-0.008306156386143626,0.013163371933147872,-0.0018367198576914046
1852.png,0.8662674650698603,0.8662674650698603,0.8662674650698603,0.8662674650698603,0.866225165562914,0.8598256203890007,0.8651867743718925,0.0023976306996896027,0.006441844680859621,H0,L5,0.0,0.0,0.0,-4.229950694634166e-05,-0.006441844680859621
1853.png,0.7091129357921658,0.5952481968604157,0.0,0.0,0.0,0.0,0.2173935221087636,0.30919301168370533,0.7091129357921658,H0,H2,-0.11386473893175009,-0.7091129357921658,-0.7091129357921658,-0.7091129357921658,-0.7091129357921658
1858.png,0.744098375370254,0.7295796308954203,0.7504311020536134,0.7571363277516932,0.6477355468181156,0.6448034254573765,0.7122974013910787,0.04743127607268039,0.1123329022943167,L3,L5,-0.0145187444748337,0.00633272668335938,0.013037952381439122,-0.0963628285521384,-0.09929494991287757
1863.png,0.673617780216765,0.6907619689817937,0.6910119929928581,0.6910119929928581,0.6842105263157895,0.5865195112337407,0.6695222954556342,0.03763136378474003,0.1044924817591174,H2,L5,0.017144188765028656,0.0173942127760931,0.0173942127760931,0.010592746099024497,-0.08709826898302431
1869.png,0.4988857524884861,0.49197230814552956,0.49197230814552956,0.4861039629439012,0.26945006437373553,0.47635279079676185,0.4524561978156573,0.0821312096890447,0.22943568811475057,H0,L4,-0.006913444342956543,-0.006913444342956543,-0.01278178954458492,-0.22943568811475057,-0.02253296169172425
1879.png,0.7274324621128926,0.7274324621128926,0.7274324621128926,0.7271528998242531,0.7274324621128926,0.7339008950010915,0.7284639405461525,0.0024336218739661915,0.006747995176838328,L5,L3,0.0,0.0,-0.00027956228863945665,0.0,0.006468432888198872
1880.png,0.8836973082783138,0.8836973082783138,0.8836973082783138,0.8836973082783138,0.8836973082783138,0.8836973082783138,0.8836973082783138,0.0,0.0,H0,H0,0.0,0.0,0.0,0.0,0.0
1882.png,0.6479804513439701,0.6479804513439701,0.6520979020979021,0.6278972935461485,0.6284421976852468,0.6496593709233223,0.6423429444900933,0.010117310690632798,0.024200608551753544,H2,L3,0.0,0.004117450753931995,-0.02008315779782155,-0.019538253658723304,0.0016789195793521783
1886.png,0.5435114503816794,0.5435114503816794,0.5435114503816794,0.5435114503816794,0.5135327635327636,0.5435114503816794,0.5385150025735267,0.011172396945059117,0.029978686848915803,H0,L4,0.0,0.0,0.0,-0.029978686848915803,0.0
1890.png,0.4986566054993426,0.5128266819043036,0.5226723742547011,0.5309993159629376,0.7423302158902194,0.38712985514677606,0.5324358414430467,0.10550862752547076,0.35520036074344336,L4,L5,0.014170076404960985,0.024015768755358546,0.03234271046359499,0.24367361039087682,-0.11152675035256654
1894.png,0.0,0.5505421476040574,0.5505421476040574,0.0,0.0,0.48356545961002784,0.2641082924696904,0.265050223353141,0.5505421476040574,H1,H0,0.5505421476040574,0.5505421476040574,0.0,0.0,0.48356545961002784
1900.png,0.5591996960871217,0.5344221105527638,0.6201005025125628,0.6025542784163473,0.5371327701424788,0.639807576668671,0.5822028223966575,0.04084967051997681,0.10538546611590727,L5,H1,-0.024777585534357938,0.060900806425441045,0.04335458232922562,-0.02206692594464288,0.08060788058154933
1901.png,0.9168148217460466,0.9144773616545556,0.9144773616545556,0.9163309285111965,0.919917864476386,0.9616998482278368,0.9239530310450962,0.016979064935465155,0.04722248657328121,L5,H1,-0.0023374600914909394,-0.0023374600914909394,-0.00048389323485009683,0.003103042730339456,0.04488502648179027
1902.png,0.7775383973868928,0.7021480770650328,0.7021480770650328,0.7048685276570671,0.7099992663781087,0.8095560368164592,0.7343763970614323,0.042928670649711134,0.10740795975142636,L5,H1,-0.07539032032186,-0.07539032032186,-0.0726698697298257,-0.06753913100878406,0.03201763942956637
1910.png,0.9113063190705583,0.9106889707967111,0.9097616345062429,0.9097616345062429,0.6077181208053691,0.9000858860578299,0.8582204276238258,0.11209235346982784,0.3035881982651891,H0,L4,-0.0006173482738471847,-0.001544684564315335,-0.001544684564315335,-0.3035881982651891,-0.011220433012728348
1911.png,0.8967813540510544,0.8967813540510544,0.8967813540510544,0.8968957871396895,0.896513558384062,0.8967813540510544,0.8967557936213281,0.00011611017585879137,0.000382228755627545,L3,L4,0.0,0.0,0.00011443308863512414,-0.00026779566699242086,0.0
1917.png,0.8202641698712589,0.8202641698712589,0.8193787981093855,0.8188331627430911,0.8215823693320949,0.8200355360013537,0.8200597009880739,0.0008534969905688341,0.0027492065890037942,L4,L3,0.0,-0.0008853717618734214,-0.0014310071281677939,0.0013181994608360004,-0.00022863386990523704
1933.png,0.2423954372623574,0.2754824269554171,0.30360581711933066,0.0,0.0,0.0,0.13691394688951752,0.13805194350820688,0.30360581711933066,H2,L3,0.033086989693059676,0.06121037985697325,-0.2423954372623574,-0.2423954372623574,-0.2423954372623574
1941.png,0.7252298263534218,0.7252298263534218,0.7102108309218685,0.6464208242950108,0.7369983136593592,0.7401076716016151,0.7140328821974496,0.031738639046969955,0.09368684730660426,L5,L3,0.0,-0.015018995431553273,-0.07880900205841102,0.01176848730593738,0.014877845248193244
1949.png,0.9167582185413674,0.9293119698397738,0.9297658862876255,0.9167582185413674,0.9058617526890687,0.9394943330427201,0.922991729823654,0.01102512271367735,0.033632580353651464,L5,L4,0.012553751298406413,0.013007667746258056,0.0,-0.010896465852298753,0.02273611450135271
1950.png,0.82,0.82,0.82,0.8205994090333474,0.82,0.8205994090333474,0.8201998030111158,0.0002825641281229613,0.0005994090333474311,L3,H0,0.0,0.0,0.0005994090333474311,0.0,0.0005994090333474311
1951.png,0.9539093114387013,0.9539093114387013,0.9543166138355398,0.9543166138355398,0.9541899441340782,0.9540806841420338,0.9541204131374323,0.0001695731085500278,0.0004073023968385048,H2,H0,0.0,0.0004073023968385048,0.0004073023968385048,0.0002806326953769256,0.00017137270333256183
1955.png,0.8514851485148515,0.8514851485148515,0.8183265522731293,0.8183265522731293,0.8248934356351236,0.8557935570922584,0.8367183990505573,0.016413029627623373,0.03746700481912901,L5,H2,0.0,-0.03315859624172213,-0.03315859624172213,-0.026591712879727836,0.004308408577406886
1957.png,0.8832915732559673,0.8832915732559673,0.8832915732559673,0.8833465294272895,0.8833465294272895,0.883629191321499,0.88336616165733,0.00012017053299311599,0.00033761806553167517,L5,H0,0.0,0.0,5.4956171322229075e-05,5.4956171322229075e-05,0.00033761806553167517
1978.png,0.5699200703967148,0.1821937616195001,0.1821937616195001,0.5719888721667351,0.5854672588113011,0.5153206959231369,0.43451407008948134,0.1797599131351135,0.40327349719180106,L4,H1,-0.3877263087772147,-0.3877263087772147,0.0020688017700203343,0.015547188414586355,-0.05459937447357788
1981.png,0.8936573051435784,0.8936573051435784,0.8987975951903807,0.894878706199461,0.8759773110531964,0.9052117263843649,0.8936966581857599,0.008888118957147901,0.02923441533116844,L5,L4,0.0,0.005140290046802276,0.0012214010558825317,-0.017679994090382012,0.011554421240786428
1984.png,0.799109131403118,0.8304530593180757,0.8700343305541932,0.8700343305541932,0.8378887841658812,0.8700343305541932,0.8462589944249425,0.026579432560837824,0.0709251991510752,H2,H0,0.03134392791495766,0.0709251991510752,0.0709251991510752,0.038779652762763184,0.0709251991510752
1986.png,0.7043010752688172,0.7043010752688172,0.7043010752688172,0.7043010752688172,0.7043010752688172,0.7026143790849673,0.7040199592381756,0.0006285945540796724,0.0016866961838499783,H0,L5,0.0,0.0,0.0,0.0,-0.0016866961838499783
1988.png,0.8723958333333334,0.8723958333333334,0.8723958333333334,0.8611842105263158,0.7985721570627231,0.5064102564102564,0.7972256873332159,0.13267615528152144,0.365985576923077,H0,L5,0.0,0.0,-0.011211622807017596,-0.07382367627061026,-0.365985576923077
2002.png,0.8709953417625249,0.8709953417625249,0.8709953417625249,0.8638407807865276,0.9011375196522704,0.8725035494557501,0.8750779791970205,0.011986143045290271,0.03729673886574281,L4,L3,0.0,0.0,-0.007154560975997315,0.03014217788974549,0.0015082076932252386
2003.png,0.9215686274509803,0.9052090715804394,0.8754087983964554,0.8754087983964554,0.8826055084302021,0.8523143164693219,0.885419186787309,0.022370689814133805,0.06925431098165846,H0,L5,-0.016359555870540943,-0.04615982905452498,-0.04615982905452498,-0.0389631190207782,-0.06925431098165846
2006.png,0.7158273381294964,0.7189443920829406,0.7239114114114115,0.7239114114114115,0.733262861169838,0.7707264380232244,0.7310973087047204,0.01852609480177441,0.05489909989372799,L5,H0,0.0031170539534441932,0.008084073281915072,0.008084073281915072,0.017435523040341572,0.05489909989372799
2007.png,0.6578705124271249,0.6513563501849569,0.6488030888030888,0.6488030888030888,0.6665650251562738,0.6488030888030888,0.653700192362937,0.0065870321873257795,0.017761936353185015,L4,H2,-0.006514162242168053,-0.00906742362403612,-0.00906742362403612,0.008694512729148896,-0.00906742362403612
2008.png,0.9140104662226451,0.9140104662226451,0.8770932459988877,0.8555583564406353,0.675649945075064,0.8949373979314099,0.855209979648548,0.08287949780122801,0.2383605211475811,H0,L4,0.0,-0.03691722022375743,-0.058452109782009876,-0.2383605211475811,-0.01907306829123523
2009.png,0.7629524485450674,0.7629524485450674,0.7918486171761281,0.7918486171761281,0.7918486171761281,0.7918486171761281,0.7822165609657744,0.013621784526222012,0.028896168631060704,H2,H0,0.0,0.028896168631060704,0.028896168631060704,0.028896168631060704,0.028896168631060704
2014.png,0.7439564181137215,0.7510194570662938,0.7597232164161298,0.7292133506309706,0.7444911109832576,0.4414128200336386,0.6949693955406687,0.11376172528507855,0.31831039638249126,H2,L5,0.00706303895257232,0.015766798302408347,-0.014743067482750893,0.0005346928695361131,-0.3025435980800829
2026.png,0.8911511354737667,0.8911511354737667,0.8911511354737667,0.8996282527881041,0.0,0.578690456152163,0.6919620192269278,0.3300999999265583,0.8996282527881041,L3,L4,0.0,0.0,0.008477117314337423,-0.8911511354737667,-0.3124606793216037
2029.png,0.8844086021505376,0.8825706594885598,0.8666780763306521,0.8666780763306521,0.8141083318337232,0.9015527453177525,0.8693327485753128,0.027399764629017692,0.08744441348402932,L5,L4,-0.0018379426619777872,-0.017730525819885545,-0.017730525819885545,-0.0703002703168144,0.01714414316721491
2031.png,0.9298232855792306,0.9128440366972477,0.9115555555555556,0.9076054664289959,0.9343740965596994,0.9348753162269606,0.9218462928412817,0.011402300615844648,0.027269849797964762,L5,L3,-0.016979248881982878,-0.01826773002367499,-0.022217819150234686,0.0045508109804688335,0.005052030647730077
2039.png,0.915056507473569,0.9135832521908471,0.9135832521908471,0.9135141710254226,0.9172221548903163,0.9172020851012244,0.9150269038120378,0.0016334032878583995,0.0037079838648936825,L4,L3,-0.001473255282721908,-0.001473255282721908,-0.0015423364481463864,0.002165647416747296,0.0021455776276553262
2055.png,0.7337682510096303,0.7337682510096303,0.7148949613015322,0.7170347003154575,0.7454823889739663,0.7125883108542068,0.7262561439107372,0.012134202061965423,0.03289407811975953,L4,L5,0.0,-0.018873289708098095,-0.016733550694172816,0.011714137964336069,-0.02117994015542346
2062.png,0.9564684242795831,0.956347986474024,0.956347986474024,0.956347986474024,0.9557739557739557,0.9561215096655415,0.9562346415235252,0.0002302990040461709,0.0006944685056273769,H0,L4,-0.00012043780555914818,-0.00012043780555914818,-0.00012043780555914818,-0.0006944685056273769,-0.0003469146140415713
2064.png,0.746507493014986,0.7482161060142711,0.7486837036085784,0.7488794980151108,0.7531734837799718,0.7491311623117518,0.7490985744574451,0.0020132276679726197,0.006665990764985863,L4,H0,0.0017086129992851529,0.002176210593592409,0.0023720050001247994,0.006665990764985863,0.0026236692967658293
2065.png,0.8954496208017335,0.8954496208017335,0.8954496208017335,0.8954496208017335,0.9049022234128047,0.8922237380627558,0.8964874074470824,0.003943264486033467,0.012678485350048896,L4,L5,0.0,0.0,0.0,0.00945260261107117,-0.0032258827389777256
2066.png,0.3411804384485666,0.36012815948736204,0.9051221093581154,0.3966436637390213,0.64411679676207,0.9063039723661486,0.5922491900268807,0.24303200452533757,0.565123533917582,L5,H0,0.01894772103879544,0.5639416709095488,0.05546322529045472,0.3029363583135034,0.565123533917582
2075.png,0.4147178329571106,0.3984453589391861,0.3984453589391861,0.42759295499021527,0.6959006484229037,0.0,0.38918369237476697,0.20323961976893767,0.6959006484229037,L4,L5,-0.016272474017924532,-0.016272474017924532,0.012875122033104647,0.28118281546579305,-0.4147178329571106
2076.png,0.5238944429433486,0.5546676837989892,0.5546676837989892,0.0,0.6133758639021797,0.06752090149036714,0.38568776265564564,0.2510101549176526,0.6133758639021797,L4,L3,0.030773240855640593,0.030773240855640593,-0.5238944429433486,0.08948142095883105,-0.4563735414529815
2082.png,0.7648506151142355,0.7423049391553329,0.7423049391553329,0.7423049391553329,0.7928546891102713,0.7713286713286713,0.7593247988365294,0.019008366635136362,0.05054974995493844,L4,H1,-0.022545675958902556,-0.022545675958902556,-0.022545675958902556,0.028004073996035883,0.006478056214435868
2108.png,0.6666100110478457,0.6609253630530226,0.6609253630530226,0.652188495723629,0.6957958205996531,0.5366931918656057,0.6455230408904631,0.05055498668613522,0.15910262873404735,L4,L5,-0.005684647994823044,-0.005684647994823044,-0.01442151532421665,0.029185809551807385,-0.12991681918223996
2110.png,0.8932478310071671,0.8928301886792452,0.8928301886792452,0.8928301886792452,0.8949152542372881,0.8924122310305775,0.893177647052128,0.0008136592413463766,0.002503023206710586,L4,L5,-0.0004176423279218522,-0.0004176423279218522,-0.0004176423279218522,0.0016674232301210345,-0.0008355999765895517
2118.png,0.8657187993680885,0.867277799920287,0.867277799920287,0.867277799920287,0.8640625,0.8681621408894136,0.8666294733363938,0.0013557735241387279,0.004099640889413614,L5,L4,0.0015590005521984862,0.0015590005521984862,0.0015590005521984862,-0.0016562993680885318,0.002443341521325082
2127.png,0.32065217391304346,0.312397596941562,0.2814238042269188,0.28713968957871394,0.3101826533960407,0.36611675126903553,0.31298544488755237,0.027550123671171736,0.08469294704211672,L5,H2,-0.008254576971481464,-0.03922836968612464,-0.03351248433432952,-0.010469520517002784,0.045464577355992075
2136.png,0.4937988056959118,0.48985218656659263,0.507176261893243,0.5068994181213633,0.4668401687157857,0.4897231055611572,0.49238165775900894,0.013524593478484366,0.040336093177457344,H2,L4,-0.003946619129319151,0.013377456197331272,0.013100612425451519,-0.02695863698012607,-0.004075700134754556
2137.png,0.6541678684741852,0.6611309949892628,0.6541678684741852,0.6877323420074349,0.7243228747653526,0.7365750528541226,0.6863495002607571,0.033351120453174496,0.08240718437993744,L5,H0,0.006963126515077578,0.0,0.03356447353324976,0.07015500629116744,0.08240718437993744
2148.png,0.9352239767966484,0.9352239767966484,0.9351821992905515,0.9351403678606002,0.9377007064868337,0.9355670103092784,0.9356730395900934,0.0009174832794566829,0.002560338626233505,L4,L3,0.0,-4.1777506096907224e-05,-8.360893604819619e-05,0.0024767296901853086,0.0003430335126299866
2170.png,0.8026243849097867,0.8026243849097867,0.8051662544655125,0.8026243849097867,0.8028283927114496,0.8029516261273572,0.8031365713389467,0.0009161329240025489,0.002541869555725773,H2,H0,0.0,0.002541869555725773,0.0,0.00020400780166285326,0.0003272412175704398
2176.png,0.5569886812319031,0.57805415209224,0.5569886812319031,0.5513685045616818,0.6358009408269374,0.5569886812319031,0.572698273529428,0.029456083044425454,0.08443243626525554,L4,L3,0.021065470860336832,0.0,-0.0056201766702213,0.07881225959503424,0.0
2178.png,0.6960245430141889,0.6960245430141889,0.6960245430141889,0.695618901855749,0.7209460714506841,0.5934650753277245,0.6830172796127875,0.04107829542335538,0.1274809961229596,L4,L5,0.0,0.0,-0.00040564115843988446,0.0249215284364952,-0.1025594676864644
2182.png,0.745520501264153,0.745520501264153,0.745520501264153,0.745520501264153,0.758485639686684,0.7503285151116952,0.7484826933091652,0.004805627277895946,0.012965138422530997,L4,H0,0.0,0.0,0.0,0.012965138422530997,0.0048080138475421474
2188.png,0.927694406548431,0.9274028629856851,0.9274028629856851,0.927694406548431,0.9282700421940928,0.928042237928979,0.9277511365318841,0.0003170248722293224,0.0008671792084077312,L4,H1,-0.00029154356274596616,-0.00029154356274596616,0.0,0.0005756356456617651,0.00034783138054794716
2208.png,0.6421867281409518,0.6286237920693102,0.5875021637528128,0.57911227154047,0.5788558511563207,0.7360550321519366,0.6253893064686337,0.05519945670198392,0.15719918099561592,L5,L4,-0.013562936071641607,-0.054684564388138956,-0.06307445660048183,-0.06333087698463113,0.09386830401098478
2211.png,0.6805853658536586,0.7208256542572797,0.6727938312952723,0.6727938312952723,0.7208256542572797,0.5519857206604195,0.6699683429365303,0.05660023458910792,0.16883993359686023,H1,L5,0.04024028840362115,-0.007791534558386326,-0.007791534558386326,0.04024028840362115,-0.12859964519323908
2213.png,0.0020547305501074065,0.0007928642220019821,0.001378993334865548,0.001123721766490617,0.014356213548676536,0.024691358024691357,0.007399646907805574,0.009085247262565087,0.023898493802689373,L5,H1,-0.0012618663281054243,-0.0006757372152418584,-0.0009310087836167896,0.01230148299856913,0.02263662747458395
2214.png,0.772308173152055,0.772308173152055,0.772308173152055,0.7758402029169309,0.7719298245614035,0.7704764870756774,0.7725285056683627,0.001616692987343696,0.005363715841253502,L3,L5,0.0,0.0,0.003532029764875877,-0.000378348590651556,-0.0018316860763776255
2221.png,0.6066892464013548,0.6060991105463787,0.604621581513674,0.6052129688493325,0.5974856168761986,0.6044736563129439,0.6040970300833138,0.0030578046881371947,0.009203629525156187,H0,L4,-0.0005901358549761371,-0.0020676648876808423,-0.001476277552022287,-0.009203629525156187,-0.0022155900884108792
2226.png,0.5404296403572291,0.5404296403572291,0.5409047160731473,0.5409697990614848,0.5482880755608028,0.5397898804492212,0.5418019586431857,0.0029263805882145753,0.008498195111581675,L4,L5,0.0,0.0004750757159182051,0.0005401587042557221,0.007858435203573766,-0.0006397599080079086
2227.png,0.7476194351753886,0.7311439188510596,0.7713370873357623,0.7706156923760836,0.7619603267211202,0.7556053811659192,0.7563803069375555,0.01397448130752104,0.04019316848470278,H2,H1,-0.016475516324329087,0.023717652160373692,0.02299625720069498,0.014340891545731593,0.007985945990530596
2237.png,0.6562287270251872,0.690765691751561,0.690765691751561,0.690765691751561,0.716624685138539,0.7062621045836023,0.6919020986670019,0.01868100531776794,0.060395958113351855,L4,H0,0.0345369647263738,0.0345369647263738,0.0345369647263738,0.060395958113351855,0.05003337755841508
2241.png,0.7936344440438791,0.7999792617171299,0.7999792617171299,0.776782858970259,0.7760165403170227,0.7616641203431661,0.7846760811847644,0.014232989148868237,0.038315141373963746,H1,L5,0.006344817673250791,0.006344817673250791,-0.016851585073620057,-0.017617903726856343,-0.031970323700712955
2244.png,0.7299794661190965,0.6927551560021152,0.6927551560021152,0.7267112712300566,0.7435246317927883,0.7325819672131147,0.7197179413932143,0.019750235492587268,0.050769475790673035,L4,H1,-0.03722431011698124,-0.03722431011698124,-0.003268194889039844,0.013545165673691795,0.0026025010940182725
2245.png,0.8796706776440786,0.8796706776440786,0.8796706776440786,0.8796706776440786,0.9206255532605488,0.883706271667192,0.8871690892506758,0.015034575684890606,0.040954875616470265,L4,H0,0.0,0.0,0.0,0.040954875616470265,0.004035594023113376
2246.png,0.8458820331611852,0.8458820331611852,0.8458820331611852,0.8458820331611852,0.8451928299837045,0.8458820331611852,0.8457671659649385,0.00025685085919260447,0.0006892031774806684,H0,L4,0.0,0.0,0.0,-0.0006892031774806684,0.0
2248.png,0.9275152218034213,0.9275152218034213,0.9287180991493107,0.9305615706655118,0.9287180991493107,0.9287180991493107,0.9286243852867143,0.0010197647867111741,0.003046348862090542,L3,H0,0.0,0.0012028773458894193,0.003046348862090542,0.0012028773458894193,0.0012028773458894193
2259.png,0.7208262679204563,0.7208262679204563,0.7208262679204563,0.7194444444444444,0.720431765612953,0.739480480024305,0.7236392489738454,0.007101261894486398,0.020036035579860556,L5,L3,0.0,0.0,-0.0013818234760119008,-0.0003945023075033749,0.018654212103848655
2272.png,0.7691850089232599,0.7644151565074135,0.7326514555468135,0.744874364112841,0.8030385241454151,0.7796708897626329,0.765639233166396,0.022836514988950618,0.07038706859860155,L4,H2,-0.004769852415846376,-0.03653355337644637,-0.02431064481041889,0.033853515222155184,0.010485880839372963
2277.png,0.5910455910455911,0.6055407115736183,0.6055407115736183,0.5884615384615385,0.47429451000513084,0.5383384615384615,0.5672035873663265,0.04730240295930403,0.13124620156848749,H1,L4,0.014495120528027261,0.014495120528027261,-0.0025840525840525874,-0.11675108104046023,-0.052707129507129524
2278.png,0.5643620011242271,0.5643620011242271,0.5643620011242271,0.5643620011242271,0.07622293940602676,0.5643620011242271,0.4830054908378603,0.18191868741247688,0.4881390617182003,H0,L4,0.0,0.0,0.0,-0.4881390617182003,0.0
2293.png,0.5756271337390529,0.5683833826046367,0.5683833826046367,0.4916926272066459,0.38642681072009233,0.5587044534412956,0.5248696317193934,0.06803815169829114,0.18920032301896061,H0,L4,-0.007243751134416221,-0.007243751134416221,-0.08393450653240703,-0.18920032301896061,-0.016922680297757342
2326.png,0.6545359340227779,0.6679139382600561,0.6679139382600561,0.6457142857142857,0.720671199189932,0.7732773922865903,0.6883377812889497,0.04482146325764191,0.12756310657230463,L5,L3,0.013378004237278196,0.013378004237278196,-0.008821648308492192,0.06613526516715418,0.11874145826381244
2344.png,0.8890968266883645,0.8907638379391865,0.8975044196850718,0.9024117817399578,0.7981440934209154,0.7635020465209145,0.8569038343324017,0.054892122275845105,0.13890973521904337,L3,L5,0.0016670112508219148,0.008407592996707236,0.013314955051593302,-0.09095273326744913,-0.12559478016745007
2353.png,0.7714317648373756,0.7634062140391255,0.7634062140391255,0.7660710141564168,0.7567258156840297,0.5106185293336872,0.7219432586816267,0.09460681078753581,0.2608132355036884,H0,L5,-0.00802555079825018,-0.00802555079825018,-0.00536075068095887,-0.014705949153345887,-0.2608132355036884
2364.png,0.8850574712643678,0.8863157894736842,0.8848996832101372,0.8783126014061655,0.88,0.8865248226950354,0.8835183946748985,0.0031785774205743814,0.008212221288869892,L5,L3,0.0012583182093163225,-0.00015778805423061204,-0.006744869858202329,-0.005057471264367841,0.0014673514306675628
2384.png,0.6596417281348789,0.6596417281348789,0.6596417281348789,0.6596417281348789,0.6938775510204082,0.692228889214108,0.6707788921290052,0.015757517279384264,0.03423582288552929,L4,H0,0.0,0.0,0.0,0.03423582288552929,0.0325871610792291
2386.png,0.5876321186306989,0.5876321186306989,0.5876321186306989,0.5669467787114846,0.6615338615637614,0.612905724688202,0.6007137868092574,0.03028015247997794,0.0945870828522768,L4,L3,0.0,0.0,-0.020685339919214285,0.07390174293306251,0.025273606057503173
2388.png,0.5748972903106679,0.5815107517000552,0.5757519837608415,0.5684874339237689,0.7522455391307851,0.7498889023552701,0.6337969835302315,0.0830110204618659,0.1837581052070162,L4,L3,0.006613461389387232,0.000854693450173527,-0.00640985638689906,0.17734824882011713,0.17499161204460212
2389.png,0.8337713534822602,0.6718209093007155,0.5935113337813894,0.5935113337813894,0.798356346944064,0.677391554151106,0.6947271385734876,0.09254440612781145,0.24026001970087074,H0,H2,-0.1619504441815447,-0.24026001970087074,-0.24026001970087074,-0.03541500653819618,-0.1563797993311542
2392.png,0.492336041544518,0.492336041544518,0.492336041544518,0.492336041544518,0.4715971809459115,0.7744043567052417,0.5358909506382042,0.10693491331925709,0.30280717575933014,L5,L4,0.0,0.0,0.0,-0.020738860598606468,0.28206831516072367
2395.png,0.636604348872663,0.6195732155997057,0.6104404567699837,0.6209978872094913,0.39214761539821963,0.0,0.4799605873083439,0.2305857590711941,0.636604348872663,H0,L5,-0.017031133272957355,-0.02616389210267933,-0.0156064616631717,-0.2444567334744434,-0.636604348872663
2399.png,0.29257703081232495,0.29257703081232495,0.29257703081232495,0.3149965445749827,0.5124763589774877,0.24917420652017808,0.32572970041827054,0.08577835514605163,0.2633021524573096,L4,L5,0.0,0.0,0.022419513762657772,0.21989932816516272,-0.04340282429214687
2400.png,0.8500784929356358,0.8584366062917064,0.866255651459104,0.8589866156787763,0.8552248034625917,0.8153414077584694,0.8507205962643806,0.01654080301411261,0.050914243700634576,H2,L5,0.008358113356070618,0.016177158523468238,0.008908122743140567,0.005146310526955911,-0.03473708517716634
2401.png,0.3694312796208531,0.3694312796208531,0.3694312796208531,0.3694312796208531,0.7483940042826552,0.4302558398220245,0.44272916043134874,0.13849001036109976,0.37896272466180214,L4,H0,0.0,0.0,0.0,0.37896272466180214,0.060824560201171385
2406.png,0.9103151862464184,0.9101847872797594,0.9101847872797594,0.9103389103389103,0.9103389103389103,0.9111460867076835,0.9104181113652402,0.0003321564747134092,0.0009612994279241116,L5,H1,-0.00013039896665900663,-0.00013039896665900663,2.372409249196128e-05,2.372409249196128e-05,0.000830900461265105
2423.png,0.7005190068733342,0.7005190068733342,0.6367082500516921,0.641087356647317,0.6367082500516921,0.5330502891442793,0.6414320266069414,0.055937301830854214,0.16746871772905492,H0,L5,0.0,-0.06381075682164217,-0.05943165022601726,-0.06381075682164217,-0.16746871772905492
2424.png,0.7984201008851242,0.7984201008851242,0.7984201008851242,0.8019058619693907,0.6811217563321826,0.8168090834601428,0.7825161674028481,0.045810472318182055,0.13568732712796017,L5,L4,0.0,0.0,0.00348576108426657,-0.11729834455294152,0.018388982575018642
2430.png,0.8201965696666025,0.8194886637723107,0.8242730720606827,0.8242730720606827,0.8183748311136846,0.8194324194324194,0.8210064380177303,0.0023700988288709816,0.00589824094699809,H2,L4,-0.0007079058942918159,0.004076502394080195,0.004076502394080195,-0.0018217385529178953,-0.0007641502341830808
2442.png,0.8473646209386282,0.8486550399054094,0.8486550399054094,0.8489568028210402,0.8390618085263313,0.8362042913266848,0.8448162672372505,0.005170274280980312,0.012752511494355412,L3,L5,0.0012904189667811705,0.0012904189667811705,0.0015921818824120582,-0.008302812412296912,-0.011160329611943354
2459.png,0.6716689891735449,0.6256239600665557,0.6115591397849462,0.6983260744083539,0.6096508434680267,0.7039398056223221,0.6534614687539583,0.03945992077252338,0.09428896215429539,L5,L4,-0.046045029106989155,-0.060109849388598646,0.02665708523480903,-0.062018145705518224,0.03227081644877716
2472.png,0.6175038263531376,0.6175038263531376,0.6168198273461432,0.61602787456446,0.6195697432338654,0.6185051403167546,0.617655039694583,0.0011386935268173175,0.0035418686694054236,L4,L3,0.0,-0.0006839990069944513,-0.001475951788677654,0.0020659168807277695,0.0010013139636170232
2474.png,0.5411057003723861,0.5374550682961898,0.5300681060715838,0.5302042590178183,0.5302042590178183,0.5505107832009081,0.5365913626627841,0.007516853985016687,0.020442677129324238,L5,H2,-0.003650632076196314,-0.011037594300802311,-0.010901441354567831,-0.010901441354567831,0.009405082828521927
2486.png,0.8484082870136432,0.8170146543898327,0.848989898989899,0.8468058191018343,0.8799121308274347,0.8726287262872628,0.8522932527683178,0.02031842532193781,0.06289747643760202,L4,H1,-0.03139363262381056,0.0005816119762557248,-0.001602467911808958,0.031503843813791454,0.02422043927361961
2489.png,0.6894495901203024,0.6101395383086042,0.6621746454382438,0.6621746454382438,0.6239030659078392,0.6022559716897671,0.6416829094838334,0.0315886814918974,0.0871936184305353,H0,L5,-0.07931005181169815,-0.0272749446820586,-0.0272749446820586,-0.06554652421246321,-0.0871936184305353
2503.png,0.48349928876244663,0.48349928876244663,0.48349928876244663,0.48349928876244663,0.5457661546273962,0.4721520867369672,0.4919858994023583,0.024405553389648473,0.07361406789042901,L4,L5,0.0,0.0,0.0,0.06226686586494956,-0.011347202025479453
2504.png,0.4881455753548777,0.5183163224938682,0.5029162454312155,0.4967833891906468,0.4353823490022767,0.6217477263740608,0.5105486013078243,0.056013655903848374,0.18636537737178416,L5,L4,0.030170747138990484,0.01477067007633781,0.008637813835769115,-0.052763226352601,0.13360215101918316
2511.png,0.4576523031203566,0.5744404332129964,0.5744404332129964,0.46725704963877884,0.4022489642927599,0.6101226993865031,0.5143603138107319,0.07571123501920174,0.20787373509374318,L5,L4,0.11678813009263983,0.11678813009263983,0.009604746518422247,-0.05540333882759668,0.1524703962661465
2520.png,0.8881209503239741,0.8934549356223176,0.8934549356223176,0.9022667369530838,0.8935165306998711,0.9051484837374955,0.8959937621598432,0.00583335612670111,0.017027533413521367,L5,H0,0.005333985298343502,0.005333985298343502,0.014145786629109702,0.005395580375897047,0.017027533413521367
2522.png,0.9124532756246311,0.9124877089478859,0.9124877089478859,0.9124532756246311,0.9129070223617105,0.9121289561627678,0.9124863246115854,0.00022615890763724505,0.0007780661989427173,L4,L5,3.443332325481219e-05,3.443332325481219e-05,0.0,0.00045374673707943014,-0.0003243194618632872
2523.png,0.911460895228726,0.911460895228726,0.912039312039312,0.9117719341361514,0.9133782483156881,0.9129261712043168,0.9121729093588201,0.0007317562236048112,0.0019173530869621702,L4,H0,0.0,0.0005784168105860132,0.0003110389074254538,0.0019173530869621702,0.001465275975590874
2532.png,0.7318780889621087,0.6790859126410183,0.6208166217371294,0.6642535172790602,0.7699165764503598,0.6956200332655701,0.6935951250558743,0.04771933091667173,0.14909995471323045,L4,H2,-0.052792176321090456,-0.11106146722497934,-0.06762457168304847,0.038038487488251116,-0.036258055696538616
2533.png,0.750116604477612,0.7834419317746263,0.7857771906649054,0.7519608388496412,0.7651451409339504,0.7637927183381729,0.7667057375064847,0.013828431084437296,0.0356605861872934,H2,H0,0.03332532729701432,0.0356605861872934,0.0018442343720291854,0.015028536456338393,0.01367611386056089
2537.png,0.610088548403144,0.6106276236305929,0.7254495732162095,0.6037214247740563,0.6296938832615143,0.501104797979798,0.6134476418775525,0.06524712365149103,0.2243447752364115,H2,L5,0.000539075227448893,0.11536102481306554,-0.006367123629087645,0.01960533485837035,-0.10898375042334596
2542.png,0.9125313767136513,0.9123213595983005,0.9123213595983005,0.9121112613482713,0.2970353477765108,0.912826420890937,0.8098578543209952,0.2293413032275485,0.6157910731144263,L5,L4,-0.00021001711535073575,-0.00021001711535073575,-0.0004201153653800027,-0.6154960289371405,0.0002950441772857637
2545.png,0.8883850715033136,0.8882691302074255,0.8882691302074255,0.886254295532646,0.8835780129737112,0.8840703431791019,0.8864709972672706,0.0020128628922356367,0.004807058529602393,H0,L4,-0.0001159412958881001,-0.0001159412958881001,-0.0021307759706675755,-0.004807058529602393,-0.004314728324211647
2555.png,0.0,0.0,0.0,0.0,0.12054374272717656,0.0,0.02009062378786276,0.04492400050003544,0.12054374272717656,L4,H0,0.0,0.0,0.0,0.12054374272717656,0.0
2556.png,0.8908801849978321,0.886858137510879,0.8857101365088585,0.8857101365088585,0.8693282262816735,0.8908801849978321,0.8848945011343222,0.007293286014818644,0.02155195871615856,H0,L4,-0.0040220474869530065,-0.005170048488973511,-0.005170048488973511,-0.02155195871615856,0.0
2557.png,0.9496064270064107,0.9501176088896098,0.9501176088896098,0.9488387201559201,0.9488387201559201,0.9502189070861035,0.9496229986972624,0.0005880540755175547,0.0013801869301833802,L5,L3,0.0005111818831990966,0.0005111818831990966,-0.000767706850490657,-0.000767706850490657,0.0006124800796927232
2565.png,0.4025618631732169,0.3992297817715019,0.3992297817715019,0.4025618631732169,0.7585427589947569,0.30950847821420907,0.44527242118306726,0.14402452660461107,0.4490342807805478,L4,L5,-0.0033320814017149814,-0.0033320814017149814,0.0,0.35598089582153997,-0.09305338495900783
2575.png,0.887793427230047,0.8847723704866562,0.8900515383414025,0.886392206159648,0.8450359242325277,0.8855345911949686,0.8799300096075416,0.015697641291538136,0.04501561410887478,H2,L4,-0.0030210567433907043,0.002258111111355543,-0.0014012210703989725,-0.04275750299751924,-0.002258836035078371
2577.png,0.8421965317919076,0.8431995379728559,0.8604210127062394,0.8604210127062394,0.8464196582837397,0.8219344088464743,0.8457653603845761,0.013020743892417017,0.0384866038597651,H2,L5,0.0010030061809482849,0.01822448091433182,0.01822448091433182,0.0042231264918320965,-0.02026212294543328
2581.png,0.6250211613340105,0.6080658436213991,0.6080658436213991,0.6080658436213991,0.5139183366390808,0.5365113759479957,0.5832747341308808,0.04199937113640351,0.11110282469492971,H0,L4,-0.016955317712611384,-0.016955317712611384,-0.016955317712611384,-0.11110282469492971,-0.08850978538601484
2582.png,0.8781634938409855,0.8781634938409855,0.8781634938409855,0.8577306193157211,0.7823965651834505,0.8689839572192514,0.8572669372068965,0.034285746317972626,0.095766928657535,H0,L4,0.0,0.0,-0.020432874525264322,-0.095766928657535,-0.009179536621734097
2589.png,0.5203445203445204,0.5203445203445204,0.7257790368271955,0.5203445203445204,0.7536713771127737,0.643546441495778,0.6140050694115514,0.09932244234307257,0.23332685676825327,L4,H0,0.0,0.20543451648267508,0.0,0.23332685676825327,0.12320192115125761
2590.png,0.6785357071414283,0.6785357071414283,0.6785357071414283,0.6785357071414283,0.7691447736165455,0.6785357071414283,0.6936372182206144,0.033768005336026564,0.09060906647511724,L4,H0,0.0,0.0,0.0,0.09060906647511724,0.0
2591.png,0.41705957993999143,0.4626275244638767,0.4626275244638767,0.4626275244638767,0.8168562730331678,0.406816220880069,0.5047691078741431,0.14142952731241287,0.41004005215309874,L4,L5,0.045567944523885295,0.045567944523885295,0.045567944523885295,0.39979669309317634,-0.010243359059922408
2592.png,0.7885840953172624,0.7885840953172624,0.7885840953172624,0.7682119205298014,0.7682119205298014,0.6701093560145808,0.7620475805043284,0.042113329547538984,0.1184747393026816,H0,L5,0.0,0.0,-0.020372174787461006,-0.020372174787461006,-0.1184747393026816
2593.png,0.8651224354731966,0.8668887408394403,0.8668887408394403,0.8628020599498217,0.8526466380543634,0.8549101328470956,0.8615431246672264,0.005696368184371834,0.014242102785076982,H1,L4,0.001766305366243781,0.001766305366243781,-0.002320375523374829,-0.012475797418833201,-0.010212302626100955
2594.png,0.6710613052076466,0.6710613052076466,0.6607617360496014,0.6607617360496014,0.6716450691851527,0.6631299734748011,0.6664035208624083,0.004920015634800789,0.010883333135551232,L4,H2,0.0,-0.010299569158045196,-0.010299569158045196,0.0005837639775060355,-0.007931331732845548
2602.png,0.6729574585200913,0.6729574585200913,0.6729574585200913,0.6798091214894783,0.5211490453922155,0.6065740858708115,0.6377341047187964,0.05781491132351569,0.15866007609726274,L3,L4,0.0,0.0,0.006851662969386996,-0.15180841312787574,-0.06638337264927974
2605.png,0.3872537659327926,0.3872537659327926,0.382944115255025,0.40627504866597963,0.6588782111676402,0.0,0.3704341511590383,0.19253930512894596,0.6588782111676402,L4,L5,0.0,-0.004309650677767618,0.01902128273318704,0.27162444523484763,-0.3872537659327926
2608.png,0.773198977289818,0.773198977289818,0.773198977289818,0.773198977289818,0.8658635625338387,0.7671212348269144,0.7876301177533375,0.03505737540429206,0.09874232770692426,L4,L5,0.0,0.0,0.0,0.09266458524402066,-0.006077742462903601
2609.png,0.24704391891891891,0.25110596165999577,0.7241642497328652,0.27932960893854747,0.7983505154639176,0.8162932790224032,0.5193812556227747,0.2619416995064118,0.5692493601034843,L5,H0,0.0040620427410768545,0.4771203308139463,0.032285690019628555,0.5513065965449986,0.5692493601034843
2623.png,0.20492247641765152,0.20492247641765152,0.20492247641765152,0.6229245849169834,0.6923893268647665,0.6258558741780218,0.42598953586878774,0.22222764218198052,0.487466850447115,L4,H0,0.0,0.0,0.41800210849933195,0.487466850447115,0.4209333977603703
2656.png,0.6390468032084728,0.6314897550454476,0.6727692561438232,0.6701699646933246,0.5109241587142139,0.6296467684713867,0.6256744510461115,0.05415074308641077,0.16184509742960929,H2,L4,-0.007557048163025271,0.03372245293535037,0.031123161484851725,-0.12812264449425892,-0.009400034737086171
2660.png,0.6787656022666361,0.6787656022666361,0.6787656022666361,0.6787656022666361,0.7148230466746452,0.688724302623382,0.6864349597274285,0.013206063928259376,0.036057444408009176,L4,H0,0.0,0.0,0.0,0.036057444408009176,0.009958700356745953
2680.png,0.8161538461538461,0.8161538461538461,0.8161538461538461,0.8166089965397924,0.8287671232876712,0.8143297380585516,0.8180278993912591,0.004857242685788526,0.014437385229119637,L4,L5,0.0,0.0,0.0004551503859462347,0.012613277133825096,-0.001824108095294541
2685.png,0.7751347922613384,0.7751347922613384,0.7743573468740083,0.7743573468740083,0.7770740975300824,0.7762991128010139,0.7753929147669649,0.0009937828852072267,0.0027167506560741295,L4,H2,0.0,-0.0007774453873301557,-0.0007774453873301557,0.0019393052687439738,0.001164320539675523
2701.png,0.8893709327548807,0.8890566037735849,0.8890566037735849,0.888637221593054,0.8890566037735849,0.8906264719736222,0.8893007396070519,0.0006300206949275356,0.001989250380568186,L5,L3,-0.00031432898129579723,-0.00031432898129579723,-0.0007337111618266334,-0.00031432898129579723,0.0012555392187415526
2703.png,0.6202990484821024,0.7672085783465928,0.7672085783465928,0.7527183444405472,0.6112986720684223,0.5743502343417128,0.6821805760043284,0.08156393144617022,0.19285834400488,H1,L5,0.14690952986449046,0.14690952986449046,0.13241929595844482,-0.009000376413680122,-0.04594881414038954
2705.png,0.809056435422708,0.809056435422708,0.8104196816208393,0.8094547887166909,0.822635693052956,0.5263883147306049,0.7645018914944179,0.10659661932646672,0.29624737832235115,L4,L5,0.0,0.0013632461981313293,0.000398353293982856,0.013579257630248032,-0.2826681206921031
2706.png,0.7017445132245357,0.7017445132245357,0.7039325842696629,0.7039325842696629,0.4069322807450352,0.702300785634119,0.6534312102279252,0.11024146655537866,0.2970003035246277,H2,L4,0.0,0.0021880710451271934,0.0021880710451271934,-0.2948122324795005,0.000556272409583336
2716.png,0.7846576777065061,0.7835830970703389,0.7835830970703389,0.7835830970703389,0.6153144247585735,0.6279869659666908,0.7297847266071312,0.07655071176737716,0.16934325294793262,H0,L4,-0.0010745806361671661,-0.0010745806361671661,-0.0010745806361671661,-0.16934325294793262,-0.15667071173981528
2720.png,0.5671019223793979,0.7351890626924498,0.8132640831002796,0.8119541703389151,0.6725132963675455,0.8083880971719708,0.7347351053417599,0.09085427083317427,0.2461621607208817,H2,H0,0.16808714031305183,0.2461621607208817,0.2448522479595172,0.1054113739881476,0.24128617479257286
2721.png,0.7765133403461796,0.7799771602588504,0.7780748663101604,0.7472764746295024,0.0,0.7385943279901356,0.636739361589138,0.2852073687503109,0.7799771602588504,H1,L4,0.0034638199126708624,0.0015615259639808476,-0.029236865716677163,-0.7765133403461796,-0.037919012356044
2723.png,0.6171274163375597,0.6073743922204214,0.6073743922204214,0.6073743922204214,0.603399155123293,0.6028865979381444,0.6075893910100435,0.004668813911667366,0.014240818399415378,H0,L5,-0.009753024117138298,-0.009753024117138298,-0.009753024117138298,-0.013728261214266735,-0.014240818399415378
2740.png,0.7453113998591819,0.7453113998591819,0.7453113998591819,0.9423076923076923,0.9430595644187877,0.745035027958095,0.8110560807103536,0.09307503589868164,0.19802453646069273,L4,L5,0.0,0.0,0.19699629244851036,0.19774816455960575,-0.0002763719010869803
2752.png,0.8025568181818182,0.8489425981873112,0.8489425981873112,0.8484386900228484,0.6994468346650277,0.6939523518631643,0.7903799818512468,0.06824633577970325,0.15499024632414693,H1,L5,0.04638578000549298,0.04638578000549298,0.04588187184103021,-0.10310998351679057,-0.10860446631865395
2754.png,0.6712765957446809,0.6576903158984981,0.9191770756796473,0.9191770756796473,0.915929203539823,0.912816691505216,0.8326778263412522,0.11901558429919934,0.2614867597811492,H2,H1,-0.01358627984618277,0.24790047993496644,0.24790047993496644,0.24465260779514209,0.24154009576053515
2766.png,0.6938498131158681,0.7202037806676498,0.7202037806676498,0.7202037806676498,0.6748172939006899,0.6154280870302345,0.690784422674957,0.037725806851888484,0.10477569363741523,H1,L5,0.026353967551781654,0.026353967551781654,0.026353967551781654,-0.019032519215178234,-0.07842172608563358
2768.png,0.8465719533680699,0.8156592981913743,0.8156592981913743,0.8231274235036664,0.8943768449852402,0.7730173926918781,0.8280687018219339,0.03674731199427823,0.12135945229336209,L4,L5,-0.030912655176695614,-0.030912655176695614,-0.023444529864403485,0.047804891617170275,-0.07355456067619182
2771.png,0.8181269692297379,0.8207369553523399,0.7770618556701031,0.804568863066156,0.6335707683105867,0.6896591038650097,0.7572874192489888,0.07098504126444358,0.18716618704175325,H1,L4,0.0026099861226019927,-0.041065113559634825,-0.013558106163581884,-0.18455620091915126,-0.1284678653647282
2781.png,0.6512922465208748,0.674280996284574,0.674280996284574,0.6554576994929276,0.6390009106283335,0.655264564404062,0.6582629022692243,0.012580621525946955,0.03528008565624052,H1,L4,0.022988749763699245,0.022988749763699245,0.004165452972052841,-0.012291335892541277,0.003972317883187193
2782.png,0.9507920930884621,0.9491573033707865,0.9491573033707865,0.9493528418683174,0.9534429885698356,0.9507920930884621,0.950449103892775,0.0015131598417297484,0.0042856851990490386,L4,H1,-0.001634789717675611,-0.001634789717675611,-0.001439251220144766,0.0026508954813734276,0.0
2784.png,0.5537098560354374,0.5272307184508747,0.5272307184508747,0.6196846112017401,0.6548507462686567,0.34901053713698277,0.5386195312574277,0.09705663397979077,0.3058402091316739,L4,L5,-0.026479137584562773,-0.026479137584562773,0.06597475516630269,0.10114089023321926,-0.20469931889845466
2787.png,0.799039871982931,0.7873148997510155,0.7873148997510155,0.7664822938521203,0.7036103151862464,0.7679436371642449,0.7686176529479289,0.031240074438800808,0.09542955679668463,H0,L4,-0.011724972231915487,-0.011724972231915487,-0.03255757813081073,-0.09542955679668463,-0.031096234818686175
2794.png,0.6423410404624278,0.6423410404624278,0.6423410404624278,0.6221001221001221,0.6221001221001221,0.6313099041533546,0.6337555449568137,0.009117849912003019,0.020240918362305682,H0,L3,0.0,0.0,-0.020240918362305682,-0.020240918362305682,-0.011031136309073153
2801.png,0.47345780706571483,0.4695378637183698,0.4183506280720918,0.43663246831623415,0.4282554847841472,0.7028793990819308,0.48818560850641474,0.09813624943391819,0.284528771009839,L5,H2,-0.003919943347345023,-0.05510717899362305,-0.036825338749480685,-0.04520232228156762,0.22942159201621593
2807.png,0.9312406576980568,0.9312406576980568,0.9312406576980568,0.9304234284648386,0.9250922509225092,0.9261174732175841,0.9292258542831836,0.002593620118504768,0.00614840677554751,H0,L4,0.0,0.0,-0.0008172292332181419,-0.00614840677554751,-0.0051231844804726645
2810.png,0.7952348842436503,0.7952348842436503,0.7952348842436503,0.7952348842436503,0.6568211726860652,0.7984756780990809,0.7727060646266245,0.05183880787585825,0.14165450541301572,L5,L4,0.0,0.0,0.0,-0.13841371155758508,0.003240793855430635
2816.png,0.0,0.0,0.0,0.0,0.0,0.9045497931912185,0.1507582988652031,0.3371058044348235,0.9045497931912185,L5,H0,0.0,0.0,0.0,0.0,0.9045497931912185
2825.png,0.8667072428484479,0.8667072428484479,0.8667072428484479,0.8667072428484479,0.8658980582524272,0.8662613981762918,0.8664980713037518,0.0003138579220666159,0.0008091845960207511,H0,L4,0.0,0.0,0.0,-0.0008091845960207511,-0.0004458446721561371
2827.png,0.865411632481034,0.865411632481034,0.865411632481034,0.8296216796350953,0.6597589342355678,0.36097114063215757,0.7410977753243205,0.18498222993484761,0.5044404918488765,H0,L5,0.0,0.0,-0.03578995284593878,-0.20565269824546628,-0.5044404918488765
2835.png,0.8753056234718827,0.8753056234718827,0.7596253902185224,0.8460648148148148,0.6633348477964561,0.5895582329317269,0.7681990887842143,0.1095363437103694,0.28574739054015574,H0,L5,0.0,-0.1156802332533603,-0.029240808657067907,-0.21197077567542655,-0.28574739054015574
2846.png,0.8163448585541087,0.8163448585541087,0.8163448585541087,0.8163448585541087,0.6162517613903241,0.8037100949094047,0.7808902150860272,0.07377295611566234,0.20009309716378454,H0,L4,0.0,0.0,0.0,-0.20009309716378454,-0.01263476364470395
2866.png,0.5149482778219847,0.5258270458502612,0.5258270458502612,0.5131400090620752,0.4764924858679167,0.600828544701323,0.5261772348589703,0.03727755432961475,0.12433605883340626,L5,L4,0.010878768028276475,0.010878768028276475,-0.0018082687599094704,-0.03845579195406801,0.08588026687933825
2871.png,0.9037364444672868,0.9036876802637,0.9036876802637,0.9037364444672868,0.9037639668400186,0.9062418657920767,0.9041423470156782,0.0009393355912622315,0.002554185528376607,L5,H1,-4.876420358679301e-05,-4.876420358679301e-05,0.0,2.752237273173641e-05,0.002505421324789814
2875.png,0.9028091701646755,0.9028091701646755,0.9009932713873758,0.9009932713873758,0.9049429657794676,0.9009932713873758,0.9022568533784909,0.0014500129792576937,0.003949694392091807,L4,H2,0.0,-0.001815898777299707,-0.001815898777299707,0.0021337956147921,-0.001815898777299707
2877.png,0.59865005192108,0.59865005192108,0.6026911716442402,0.59865005192108,0.5815986415948683,0.5641119892176684,0.5907253263700029,0.01368180889402162,0.03857918242657188,H2,L5,0.0,0.004041119723160236,0.0,-0.017051410326211713,-0.03453806270341164
2878.png,0.8870224468559537,0.8890207715133531,0.8890207715133531,0.8847356664184661,0.8513316447923862,0.8951059275116262,0.882706204767523,0.014379454698155063,0.04377428271924,L5,L4,0.001998324657399464,0.001998324657399464,-0.0022867804374875345,-0.03569080206356745,0.008083480655672548
2882.png,0.7231966673975005,0.7377932783766645,0.7377932783766645,0.7699831881399969,0.8330023469940423,0.6241594996090696,0.7376547098156564,0.06221808225797812,0.20884284738497272,L4,L5,0.014596610979163982,0.014596610979163982,0.04678652074249634,0.10980567959654175,-0.09903716778843097
2883.png,0.721438988818668,0.7213592233009709,0.7213592233009709,0.71875,0.7511781338360037,0.5853658536585366,0.7032419038191917,0.05388375579235836,0.1658122801774672,L4,L5,-7.97655176970613e-05,-7.97655176970613e-05,-0.00268898881866797,0.029739145017335766,-0.13607313516013142
2884.png,0.8967359050445104,0.8999704927707288,0.8999704927707288,0.8999704927707288,0.8970976253298153,0.8971851851851852,0.8984883656452829,0.0014884924443798343,0.0032345877262184297,H1,H0,0.0032345877262184297,0.0032345877262184297,0.0032345877262184297,0.00036172028530490064,0.0004492801406748015
2885.png,0.2413305024769993,0.31363636363636366,0.6232365145228216,0.6226101413133832,0.11069437404967056,0.1466182777961069,0.3430210289658909,0.20834463718996224,0.512542140473151,H2,L4,0.07230586115936435,0.3819060120458223,0.38127963883638394,-0.13063612842732875,-0.09471222468089241
2886.png,0.5990216631726065,0.5904421616793212,0.49186149748446284,0.5773666202002281,0.4783451842275372,0.304268431864871,0.5068842597715044,0.10208846094300274,0.2947532313077355,H0,L5,-0.008579501493285346,-0.10716016568814368,-0.021655042972378413,-0.12067647894506933,-0.2947532313077355
2891.png,0.9065978383610259,0.9065978383610259,0.9067182213629773,0.90744920993228,0.9076305220883534,0.908010916680045,0.9071674244642844,0.0005561746820491357,0.0014130783190190455,L5,H0,0.0,0.00012038300195138518,0.0008513715712540337,0.0010326837273274547,0.0014130783190190455
2895.png,0.7938371239911959,0.7938371239911959,0.7938371239911959,0.7938371239911959,0.7903930131004366,0.7833935018050542,0.7915225018117124,0.0038467798046369498,0.010443622186141699,H0,L5,0.0,0.0,0.0,-0.0034441108907592444,-0.010443622186141699
2897.png,0.911511534488695,0.9115958668197475,0.9104924068108605,0.9115818558600046,0.9116664747207186,0.9112358263658229,0.9113473275109749,0.00040597949791772967,0.0011740679098580786,L4,H2,8.433233105242799e-05,-0.0010191276778345193,7.03213713095785e-05,0.00015494023202355933,-0.0002757081228721425
2898.png,0.8701784686240644,0.8703917050691244,0.8703917050691244,0.8694276675294794,0.8692904337833955,0.8696777905638665,0.8698929617731758,0.0004481148054931588,0.0011012712857288998,H1,L4,0.0002132364450599944,0.0002132364450599944,-0.0007508010945850296,-0.0008880348406689054,-0.0005006780601979344
2910.png,0.0,0.0,0.0,0.0,0.014973625999659691,0.0,0.0024956043332766153,0.005580340934149552,0.014973625999659691,L4,H0,0.0,0.0,0.0,0.014973625999659691,0.0
2912.png,0.8528467646561919,0.41885911980046664,0.6565606361829026,0.866948257655755,0.4470669308295288,0.7851616742709779,0.6712405638993038,0.18185435761620275,0.44808913785528837,L3,H1,-0.4339876448557253,-0.1962861284732893,0.014101492999563092,-0.4057798338266631,-0.06768509038521398
2916.png,0.8148631029986962,0.8148631029986962,0.8148631029986962,0.8148631029986962,0.8148631029986962,0.8148631029986962,0.8148631029986962,0.0,0.0,H0,H0,0.0,0.0,0.0,0.0,0.0
2920.png,0.8889667659599323,0.84053176499418,0.8937852450438928,0.8937852450438928,0.9162163699448268,0.8676732849839496,0.8834931126617791,0.023834753221417967,0.07568460495064677,L4,H1,-0.04843500096575226,0.004818479083960492,0.004818479083960492,0.02724960398489451,-0.021293480975982715
2924.png,0.871585557299843,0.8455235204855842,0.8709981167608286,0.8307738183986879,0.7461486939048895,0.8370436331255565,0.8336788899958983,0.04213318476154988,0.12543686339495352,H0,L4,-0.026062036814258782,-0.0005874405390143833,-0.04081173890115508,-0.12543686339495352,-0.034541924174286476
2927.png,0.878652798415057,0.8792079207920792,0.8627549735582977,0.8675844806007509,0.899663946231397,0.8633274603574125,0.8751985966591657,0.01278216150074596,0.03690897267309934,L4,H2,0.0005551223770222657,-0.01589782485675928,-0.011068317814306061,0.02101114781634006,-0.015325338057644466
2933.png,0.8159784560143627,0.8159784560143627,0.8090040927694406,0.8159784560143627,0.726555158804736,0.735306553911205,0.7864668622547449,0.03942824414481442,0.08942329720962672,H0,L4,0.0,-0.006974363244922066,0.0,-0.08942329720962672,-0.08067190210315767
2940.png,0.02758861533088877,0.02758861533088877,0.02758861533088877,0.02758861533088877,0.8618816333872998,0.6732972428553443,0.2742555562610332,0.3530620797985766,0.8342930180564111,L4,H0,0.0,0.0,0.0,0.8342930180564111,0.6457086275244556
2941.png,0.9323038527530807,0.9313185740502128,0.9313185740502128,0.9323038527530807,0.9341363901301729,0.7948148805824381,0.9093660207198663,0.051237441355124765,0.1393215095477348,L4,L5,-0.0009852787028679089,-0.0009852787028679089,0.0,0.0018325373770922138,-0.1374889721706426
2943.png,0.9074474856779121,0.9082813891362422,0.9037871033776868,0.908836617927527,0.3401564590004459,0.9427485595194312,0.8185429357732076,0.21434286563142937,0.6025921005189853,L5,L4,0.0008339034583301208,-0.003660382300225362,0.0013891322496148995,-0.5672910266774662,0.03530107384151904
2947.png,0.7883346124328473,0.8162058258169451,0.8162058258169451,0.8162058258169451,0.865872604867944,0.6941975953998955,0.7995037150252537,0.05237021853578446,0.1716750094680486,L4,L5,0.027871213384097815,0.027871213384097815,0.027871213384097815,0.07753799243509674,-0.09413701703295185
2951.png,0.8580760460960128,0.856155080874182,0.8488877842674288,0.8488877842674288,0.7692001062981664,0.8272589217919514,0.8347442872658618,0.030970255684331233,0.08887593979784647,H0,L4,-0.0019209652218308282,-0.00918826182858401,-0.00918826182858401,-0.08887593979784647,-0.030817124304061472
2955.png,0.7222878752068069,0.7157794676806084,0.7154742096505824,0.713536701620591,0.723885875972648,0.7174377224199289,0.7180669754251943,0.003753888310370635,0.010349174352056956,L4,L3,-0.006508407526198523,-0.006813665556224535,-0.00875117358621591,0.0015980007658410456,-0.004850152786878059
2957.png,0.7887101549393072,0.7895579115823165,0.7895579115823165,0.7425126782126112,0.4845032345273728,0.8833701250919794,0.7463686693226507,0.12441944930290555,0.3988668905646066,L5,L4,0.0008477566430092898,0.0008477566430092898,-0.04619747672669594,-0.30420692041193437,0.09465997015267225
2958.png,0.7775097420671738,0.7775097420671738,0.7766791044776119,0.7766791044776119,0.7891143911439115,0.7875058275058275,0.7808329852898851,0.005318299364735896,0.012435286666299561,L4,H2,0.0,-0.0008306375895619222,-0.0008306375895619222,0.011604649076737639,0.009996085438653712
2959.png,0.8883686083536243,0.9071317687882385,0.9071317687882385,0.9071317687882385,0.9053942668742558,0.8795534109187245,0.8991185987518867,0.01103309839366857,0.027578357869514014,H1,L5,0.018763160434614234,0.018763160434614234,0.018763160434614234,0.017025658520631537,-0.00881519743489978
2961.png,0.7764162670928787,0.7679627306934241,0.7490445859872611,0.7440585009140768,0.7764162670928787,0.7837123215230037,0.7662684455505872,0.014736909186397253,0.03965382060892697,L5,L3,-0.008453536399454564,-0.027371681105617607,-0.03235776617880193,0.0,0.007296054430125043
2968.png,0.918588704650293,0.9185277604491578,0.9185277604491578,0.9192019950124688,0.9251231527093596,0.9217585692995529,0.9202879904283318,0.002442852630916097,0.006595392260201782,L4,H1,-6.094420113511578e-05,-6.094420113511578e-05,0.0006132903621758334,0.0065344480590666665,0.003169864649259946
2969.png,0.6065659197498697,0.5674768363099234,0.5394213629507747,0.534672537149147,0.5864900662251655,0.5909924063891071,0.5709365214623312,0.0265639369975123,0.07189338260072275,H0,L3,-0.039089083439946326,-0.06714455679909503,-0.07189338260072275,-0.0200758535247042,-0.015573513360762625
2977.png,0.914538822303283,0.914538822303283,0.914538822303283,0.914538822303283,0.0,0.914538822303283,0.7621156852527359,0.34082849578879026,0.914538822303283,H0,L4,0.0,0.0,0.0,-0.914538822303283,0.0
2978.png,0.9344005568122499,0.9344005568122499,0.9364161849710982,0.9357541899441341,0.9302805990704079,0.9335883171070932,0.934140067452872,0.001963064628991251,0.006135585900690299,H2,L4,0.0,0.0020156281588483704,0.001353633131884191,-0.004119957741841929,-0.0008122397051566477
2979.png,0.9454203262233375,0.9490822027134876,0.917579639305579,0.9490822027134876,0.9456957729095958,0.9054607508532423,0.935386815786455,0.017295173081065075,0.04362145186024535,H1,L5,0.003661876490150151,-0.02784068691775854,0.003661876490150151,0.00027544668625834046,-0.0399595753700952
2980.png,0.9336269267065115,0.9336269267065115,0.9338999055712937,0.9333333333333333,0.93061863743148,0.9334591788579518,0.9330941514345136,0.0011206814362731475,0.0032812681398136645,H2,L4,0.0,0.0002729788647821696,-0.00029359337317813594,-0.003008289275031495,-0.00016774784855966285
2981.png,0.7894484412470024,0.784785748675975,0.7845783132530121,0.7845783132530121,0.7888809010304337,0.7845783132530121,0.786141671785408,0.0021451067692960196,0.004870127993990336,H0,H2,-0.004662692571027471,-0.004870127993990336,-0.004870127993990336,-0.0005675402165686849,-0.004870127993990336
2982.png,0.8929778445362373,0.0,0.9314401622718053,0.0,0.0,0.0,0.3040696678013404,0.4301627656024726,0.9314401622718053,H2,H1,-0.8929778445362373,0.038462317735567964,-0.8929778445362373,-0.8929778445362373,-0.8929778445362373
2984.png,0.8273999035214665,0.8273999035214665,0.8273999035214665,0.8126101429410613,0.8106171932402645,0.8373012307968736,0.8237880462570998,0.009310921784247448,0.026684037556609086,L5,L4,0.0,0.0,-0.014789760580405265,-0.01678271028120204,0.009901327275407046
2990.png,0.8280114972563366,0.8280114972563366,0.8283745693704979,0.828080079452198,0.618160963486905,0.8269432222920595,0.7929303048523889,0.07816050142356172,0.21021360588359295,H2,L4,0.0,0.00036307211416131135,6.858219586136638e-05,-0.20985053376943164,-0.0010682749642770828
2991.png,0.759581881533101,0.7587324981577008,0.7590710463003879,0.761242284706574,0.7611772195289163,0.7574057671489026,0.7595351162292637,0.0013544247625231474,0.0038365175576713373,L3,L5,-0.0008493833754001923,-0.0005108352327131138,0.0016604031734729352,0.001595337995815238,-0.002176114384198402
3001.png,0.007225021389865957,0.008301158301158301,0.006034063260340633,0.000585308750365818,0.008169468984516006,0.005716538537354623,0.006005259870600223,0.0026109649763174556,0.007715849550792483,H1,L3,0.0010761369112923438,-0.0011909581295253243,-0.006639712639500139,0.000944447594650049,-0.0015084828525113343
3008.png,0.7516298095359837,0.7516298095359837,0.7402884240613226,0.7540858018386108,0.747377732844686,0.7512482396620151,0.7493766362464337,0.0045170775064630264,0.013797377777288289,L3,H2,0.0,-0.011341385474661125,0.0024559923026271635,-0.004252076691297679,-0.0003815698739685347
3015.png,0.9568267223382045,0.9570449607220458,0.9561793045664013,0.9564197116996312,0.9567106802607388,0.9567106802607388,0.9566486766412933,0.0002796322971611899,0.0008656561556444897,H1,H2,0.0002182383838412738,-0.0006474177718032159,-0.0004070106385732908,-0.00011604207746573891,-0.00011604207746573891
3016.png,0.9232526267702147,0.9173439656494403,0.9173439656494403,0.9424616535727647,0.795623557569023,0.9053089102763117,0.9002224465811991,0.048075690899397325,0.14683809600374165,L3,L4,-0.005908661120774372,-0.005908661120774372,0.01920902680254999,-0.12762906920119166,-0.017943716493903028
3018.png,0.5457567949463885,0.5439107633397153,0.5399766316140878,0.5416666666666666,0.5447593716233065,0.542,0.5430117046983608,0.0019766347209852816,0.005780163332300692,H0,H2,-0.0018460316066731819,-0.005780163332300692,-0.004090128279721883,-0.0009974233230820584,-0.0037567949463884753
3021.png,0.7274081429990069,0.7274081429990069,0.7274081429990069,0.7274081429990069,0.728489957847756,0.7274081429990069,0.7275884454737985,0.00040316859014528873,0.0010818148487491408,L4,H0,0.0,0.0,0.0,0.0010818148487491408,0.0
3031.png,0.25481055346161474,0.25481055346161474,0.21937178062821938,0.2545840278830126,0.16140324176242296,0.1911163969181447,0.22268275901917153,0.036158582051875984,0.09340731169919178,H0,L4,0.0,-0.03543877283339536,-0.00022652557860214362,-0.09340731169919178,-0.06369415654347005
3039.png,0.7546239210850801,0.0,0.0,0.7786259541984732,0.10193612444150256,0.14500941619585686,0.29669923598681874,0.33639057737149064,0.7786259541984732,L3,H1,-0.7546239210850801,-0.7546239210850801,0.024002033113393106,-0.6526877966435776,-0.6096145048892233
3045.png,0.8039156626506024,0.8034342521464076,0.8026851712173781,0.8033466495816688,0.8103512566186889,0.8021140052850132,0.8043078329166264,0.0027631411772696055,0.0082372513336757,L4,L5,-0.00048141050419481246,-0.00123049143322429,-0.0005690130689336437,0.0064355939680864616,-0.0018016573655892376
3046.png,0.624901151041209,0.6422464049747376,0.6091007920484547,0.7197041732699418,0.6913439635535308,0.5039255789404236,0.631870343971383,0.06867367360822253,0.2157785943295183,L3,L5,0.017345253933528593,-0.015800358992754338,0.09480302222873283,0.06644281251232176,-0.12097557210078547
3047.png,0.9272503082614056,0.9265885256014805,0.9279112754158965,0.9132207338380897,0.8507462686567164,0.9307173513182097,0.9127390771819665,0.028281729352816996,0.07997108266149322,L5,L4,-0.0006617826599251142,0.0006609671544908213,-0.014029574423315982,-0.07650403960468921,0.003467043056804009
3051.png,0.6668079694785927,0.6667608818541549,0.6570531125071388,0.6386797915460336,0.6658652146241426,0.6581050228310502,0.6588786654735188,0.009880458327930922,0.028128177932559062,H0,L3,-4.708762443772496e-05,-0.00975485697145384,-0.028128177932559062,-0.0009427548544500564,-0.008702946647542453
3056.png,0.4738880413097054,0.4925353925353925,0.5661770026774731,0.5537122207621551,0.5755029677021506,0.5596208795037981,0.5369060840817791,0.038912179423567346,0.10161492639244518,L4,H0,0.018647351225687114,0.09228896136776765,0.07982417945244968,0.10161492639244518,0.08573283819409272
3063.png,0.8738494856524093,0.875,0.8675105485232067,0.8675105485232067,0.8729729729729729,0.8630330415136966,0.8699794328642486,0.004273714580708936,0.011966958486303358,H1,L5,0.0011505143475907254,-0.0063389371292025265,-0.0063389371292025265,-0.0008765126794363365,-0.010816444138712633
