image,P1,P2,P3,P4,P5,mean,min,max,range,std,best_prompt,worst_prompt
100.png,0.8792102206736353,0.8414414414414414,0.8414414414414414,0.8380168247717916,0.8558208402739219,0.8511861537204464,0.8380168247717916,0.8792102206736353,0.04119339590184368,0.01529822674563846,P1,P4
1004.png,0.7517388978063135,0.7540895682488603,0.7517388978063135,0.7125307125307125,0.7562617829248586,0.7452719718634118,0.7125307125307125,0.7562617829248586,0.04373107039414603,0.01645696374290221,P5,P4
1007.png,0.6985331310065757,0.6953675730110775,0.687920298879203,0.6944933366859442,0.6990635282207036,0.6950755735607007,0.687920298879203,0.6990635282207036,0.011143229341500582,0.003986996490763254,P5,P3
1008.png,0.5057319223985891,0.5057319223985891,0.5057319223985891,0.3715585348336126,0.5057319223985891,0.4788972448855938,0.3715585348336126,0.5057319223985891,0.1341733875649765,0.0536693550259906,P1,P4
1011.png,0.5100076982294073,0.5112868994790661,0.5090280445639647,0.7589743589743589,0.5100076982294073,0.5598609398952409,0.5090280445639647,0.7589743589743589,0.24994631441039428,0.09955929461047137,P4,P3
1015.png,0.8425437378505971,0.8418732782369146,0.8427152317880795,0.8393298544355946,0.8418732782369146,0.8416670761096201,0.8393298544355946,0.8427152317880795,0.0033853773524848974,0.0012177692657080509,P3,P4
1016.png,0.5304178393591686,0.5461950696677385,0.581039755351682,0.545703125,0.5717766497461929,0.5550264878249564,0.5304178393591686,0.581039755351682,0.05062191599251331,0.018589043182212325,P3,P1
102.png,0.856159669649002,0.8211747986736144,0.8199597013156336,0.8211747986736144,0.8697131194012927,0.8376364175426314,0.8199597013156336,0.8697131194012927,0.04975341808565914,0.02110195137361931,P5,P3
1023.png,0.9434915569738067,0.9447705442902882,0.9434915569738067,0.9466077880369329,0.9447705442902882,0.9446263981130245,0.9434915569738067,0.9466077880369329,0.003116231063126196,0.0011439572626569124,P4,P1
1027.png,0.7413086111606347,0.7591747306919847,0.73828125,0.6543608675588372,0.7497295347998557,0.7285709988422625,0.6543608675588372,0.7591747306919847,0.10481386313314756,0.03780992297590986,P2,P4
1029.png,0.46786632390745503,0.46786632390745503,0.46786632390745503,0.0,0.46786632390745503,0.374293059125964,0.0,0.46786632390745503,0.46786632390745503,0.187146529562982,P1,P4
1031.png,0.8962324393358876,0.8955176264156963,0.889943074003795,0.0,0.8922051119225274,0.7147796503355812,0.0,0.8962324393358876,0.8962324393358876,0.3573970617052951,P1,P4
1035.png,0.9332766680832979,0.9452316076294278,0.8796157310117082,0.7586671154493436,0.7622641509433963,0.8558110546234348,0.7586671154493436,0.9452316076294278,0.1865644921800842,0.08093403152313974,P2,P4
1037.png,0.7254945543454101,0.7271718628647509,0.7277364977265166,0.7249277295975094,0.7254749472280858,0.7261611183524546,0.7249277295975094,0.7277364977265166,0.002808768129007211,0.00108993677335771,P3,P4
1039.png,0.7723684210526316,0.7779960707269156,0.7778359968561698,0.7838894681960376,0.7707509881422925,0.7765681889948094,0.7707509881422925,0.7838894681960376,0.013138480053745072,0.004663157485721743,P4,P5
1040.png,0.7079510703363915,0.7073581153434297,0.7079510703363915,0.702287732227852,0.7048728164266013,0.7060841609341332,0.702287732227852,0.7079510703363915,0.005663338108539473,0.0022124144144915754,P1,P4
1041.png,0.7674641148325358,0.931958762886598,0.7324710687542546,0.9279521674140508,0.9296274393849793,0.8578947106544836,0.7324710687542546,0.931958762886598,0.19948769413234335,0.08882330556786572,P2,P3
1047.png,0.705012325390304,0.7102977667493796,0.705012325390304,0.8914209115281502,0.7051453219677519,0.7433777302051781,0.705012325390304,0.8914209115281502,0.18640858613784617,0.07404943366605161,P4,P1
1053.png,0.8511394860190723,0.8493195074530137,0.8513251454427925,0.8519295979331504,0.8493683187560739,0.8506164111208205,0.8493195074530137,0.8519295979331504,0.0026100904801367175,0.0010714536823315279,P4,P2
1054.png,0.7636322153775953,0.7698330454807139,0.7654659805603202,0.7583550470148408,0.7681708577333792,0.7650914292333699,0.7583550470148408,0.7698330454807139,0.011477998465873052,0.003990344438548275,P2,P4
1057.png,0.3994724501758499,0.6216993464052287,0.6225130890052356,0.6388466015939823,0.6408551922385914,0.5846773358837776,0.3994724501758499,0.6408551922385914,0.24138274206274152,0.09294437482667768,P5,P1
1060.png,0.8584672435105068,0.8487924934625443,0.8584248800866471,0.8563040791100124,0.8577619563535056,0.8559501305046432,0.8487924934625443,0.8584672435105068,0.009674750047962588,0.0036633319239782773,P1,P2
1061.png,0.7527124773960217,0.7418133214524393,0.7270761245674741,0.7404614019520852,0.7401155042203466,0.7404357659176733,0.7270761245674741,0.7527124773960217,0.025636352828547593,0.00813877811149761,P1,P3
1069.png,0.6128726029998102,0.5826714801444043,0.7400881057268722,0.6958396206078896,0.7486486486486487,0.6760240916255251,0.5826714801444043,0.7486486486486487,0.16597716850424438,0.06704326955097334,P5,P2
1072.png,0.61865189289012,0.599640933572711,0.6295947219604147,0.4113564668769716,0.41022364217252394,0.5338935314945481,0.41022364217252394,0.6295947219604147,0.21937107978789072,0.10097028502791094,P3,P5
1073.png,0.6988922457200403,0.3583815028901734,0.6603235014272122,0.3583815028901734,0.3583815028901734,0.4868720511635546,0.3583815028901734,0.6988922457200403,0.3405107428298669,0.15784006556329,P1,P2
1074.png,0.8572479764532744,0.8614259597806215,0.8480118914901523,0.6383731211317418,0.6295636687444346,0.766924523520045,0.6295636687444346,0.8614259597806215,0.23186229103618694,0.10868070328268811,P2,P5
1078.png,0.6664430655710213,0.6639771390149605,0.6664430655710213,0.6635294117647059,0.6622917718324078,0.6645368907508233,0.6622917718324078,0.6664430655710213,0.0041512937386134485,0.0016514175584273177,P1,P5
108.png,0.914685853783888,0.9717575103435869,0.9704757351183361,0.9703549060542798,0.9543629963564503,0.9563274003313083,0.914685853783888,0.9717575103435869,0.057071656559698924,0.021784911617366034,P2,P1
1084.png,0.11862990810359231,0.14852320675105485,0.07325383304940375,0.049689440993788817,0.07325383304940375,0.09267004438944869,0.049689440993788817,0.14852320675105485,0.09883376575726603,0.035762553218992736,P2,P4
1085.png,0.5086058519793459,0.5094664371772806,0.5096913137114142,0.5097645031591039,0.5075866017749785,0.5090229415604246,0.5075866017749785,0.5097645031591039,0.0021779013841254358,0.0008282945124681783,P4,P5
1089.png,0.7895733216834134,0.7895733216834134,0.809844040635284,0.809844040635284,0.809844040635284,0.8017357530545357,0.7895733216834134,0.809844040635284,0.020270718951870603,0.009930583630289523,P3,P1
1092.png,0.9081200515558829,0.9090575050523608,0.9081200515558829,0.9082551939694797,0.9096584649283878,0.9086422534123988,0.9081200515558829,0.9096584649283878,0.001538413372504821,0.0006164940129425059,P5,P1
1093.png,0.6633848243082668,0.7399239543726236,0.8361377168004142,0.8332901218563651,0.8318122555410691,0.7809097745757477,0.6633848243082668,0.8361377168004142,0.17275289249214731,0.06910403800810883,P3,P1
1096.png,0.7246257945458273,0.629406392694064,0.7289872898728987,0.7245022348638764,0.7289872898728987,0.707301800369913,0.629406392694064,0.7289872898728987,0.09958089717883478,0.038997926016502905,P3,P2
1103.png,0.6363143631436314,0.6374300667749504,0.6374300667749504,0.6200183654729109,0.6396542409508373,0.634169420623456,0.6200183654729109,0.6396542409508373,0.019635875477926445,0.0071582123601188555,P5,P4
1107.png,0.4994475138121547,0.4999209486166008,0.524149377593361,0.5388548057259713,0.531628532974428,0.5188002357445032,0.4994475138121547,0.5388548057259713,0.039407291913816644,0.016286925026711984,P4,P1
1111.png,0.0,0.7944307944307945,0.0,0.0,0.0,0.1588861588861589,0.0,0.7944307944307945,0.7944307944307945,0.3177723177723178,P2,P1
1113.png,0.5282474226804124,0.5321062539217737,0.5279208736863795,0.5343671416596815,0.5299606054323035,0.53052045947611,0.5279208736863795,0.5343671416596815,0.0064462679733019446,0.0024310362789738233,P4,P3
1114.png,0.745944459719549,0.7420678336980306,0.7470742117582266,0.7568698563258474,0.7466629971102243,0.7477238717223755,0.7420678336980306,0.7568698563258474,0.014802022627816713,0.0049061924256455095,P4,P2
1118.png,0.8540803897685749,0.8534566699123661,0.8544967097245918,0.8540803897685749,0.8522203348701771,0.8536668988088569,0.8522203348701771,0.8544967097245918,0.0022763748544146756,0.0007958993807031554,P3,P5
1120.png,0.7322055537823172,0.7322023148882194,0.7334503110543946,0.7332803812549643,0.7332803812549643,0.7328837884469719,0.7322023148882194,0.7334503110543946,0.0012479961661752137,0.0005585567199562957,P3,P2
1123.png,0.8739139648230557,0.8739139648230557,0.8762228838792003,0.879484425349087,0.8769460439326082,0.8760962565614013,0.8739139648230557,0.879484425349087,0.005570460526031273,0.0020853131779292066,P4,P1
1124.png,0.8862985685071575,0.7394250993222715,0.7394250993222715,0.012096774193548387,0.24542334096109839,0.5245337764612694,0.012096774193548387,0.8862985685071575,0.8742017943136091,0.33577511597619353,P1,P4
1125.png,0.8960426491695714,0.8180806056557559,0.8893942526359314,0.8990082979154017,0.8859228362877998,0.8776897283328922,0.8180806056557559,0.8990082979154017,0.0809276922596458,0.030164013573717927,P4,P2
1126.png,0.9180327868852459,0.9180327868852459,0.9222644697929869,0.9151832460732985,0.9454945054945055,0.9238015590262567,0.9151832460732985,0.9454945054945055,0.03031125942120705,0.011079524827087801,P5,P4
1130.png,0.9131075110456554,0.9594989561586639,0.909522396914862,0.9209439528023599,0.9213615023474179,0.9248868638537917,0.909522396914862,0.9594989561586639,0.049976559243801844,0.01789296874153157,P2,P3
1134.png,0.83261231281198,0.83261231281198,0.83261231281198,0.83261231281198,0.83261231281198,0.83261231281198,0.83261231281198,0.83261231281198,0.0,0.0,P1,P1
1137.png,0.6477958236658933,0.6515527950310559,0.6448036951501155,0.6495832046928064,0.8533819360064804,0.6894234909092704,0.6448036951501155,0.8533819360064804,0.2085782408563649,0.08200926604295253,P5,P3
1138.png,0.5351444588184562,0.548265959796775,0.44143222506393864,0.3146195497292676,0.5537323780910561,0.4786389142998987,0.3146195497292676,0.5537323780910561,0.23911282836178854,0.0916149769504654,P5,P4
114.png,0.9360481789503872,0.9342857142857143,0.2151298742337104,0.21070275639433822,0.9363166953528399,0.646496643843398,0.21070275639433822,0.9363166953528399,0.7256139389585017,0.3540203115831811,P5,P4
1140.png,0.7676056338028169,0.7797605601987803,0.8046633357125863,0.7356106691623772,0.7544132917964693,0.768410698134606,0.7356106691623772,0.8046633357125863,0.06905266655020914,0.023304465295682933,P3,P4
1144.png,0.7306781485468246,0.7449249779346867,0.7248665955176093,0.7248665955176093,0.7248665955176093,0.7300405826068679,0.7248665955176093,0.7449249779346867,0.02005838241707736,0.007775115970865383,P2,P3
1146.png,0.8907521578298397,0.8907521578298397,0.8907521578298397,0.8907521578298397,0.8905325443786982,0.8907082351396115,0.8905325443786982,0.8907521578298397,0.00021961345114152042,8.784538045660816e-05,P1,P5
1148.png,0.812025685931115,0.8126278865828706,0.8125182801988886,0.8155568650559811,0.8171851851851852,0.813982780590808,0.812025685931115,0.8171851851851852,0.005159499254070221,0.0020270103979636344,P5,P1
1149.png,0.6666666666666666,0.6666666666666666,0.6671341748480598,0.6651130272663714,0.6674462114125351,0.66660534937206,0.6651130272663714,0.6674462114125351,0.0023331841461636804,0.000802651885133386,P5,P4
1150.png,0.6226175349428208,0.605368713360074,0.62143310082435,0.6407894736842106,0.6436241610738255,0.6267665967770562,0.605368713360074,0.6436241610738255,0.038255447713751445,0.014031028890865533,P5,P2
1156.png,0.5259270202393264,0.5310869241091397,0.5680213400282441,0.46851654215581645,0.4694602272727273,0.5126024107610508,0.46851654215581645,0.5680213400282441,0.09950479787242766,0.03845852825942398,P3,P4
1160.png,0.4802509065960992,0.4843333003854898,0.4843333003854898,0.4738878143133462,0.47963978073610025,0.48048902048330505,0.4738878143133462,0.4843333003854898,0.010445486072143573,0.003844757604908229,P2,P4
1163.png,0.8314724812820176,0.9333797585886723,0.794613710554951,0.794613710554951,0.7624633431085044,0.8233086008178192,0.7624633431085044,0.9333797585886723,0.1709164154801679,0.05921359228649919,P2,P5
1165.png,0.9586180713743356,0.9567871792425833,0.9526534379326258,0.9208351843625056,0.9617834394904459,0.9501354624804993,0.9208351843625056,0.9617834394904459,0.040948255127940314,0.014944710476434923,P5,P4
1169.png,0.939295316258667,0.9408762228838792,0.9403280542986425,0.7247240231294901,0.7082002129925452,0.8506847659126449,0.7082002129925452,0.9408762228838792,0.23267600989133397,0.10971800603291954,P2,P5
117.png,0.5406450721734927,0.5406450721734927,0.5340496790399107,0.5274987708084569,0.5437092903668153,0.5373095769124336,0.5274987708084569,0.5437092903668153,0.016210519558358394,0.005832430713182881,P5,P4
1170.png,0.7045149754135003,0.6835404668081236,0.7133984028393966,0.6863189720332578,0.6809415337889142,0.6937428701766385,0.6809415337889142,0.7133984028393966,0.032456869050482395,0.012848779918261694,P3,P5
1177.png,0.944771883868151,0.9401041666666666,0.9398007795582504,0.9481090589270009,0.9382983329725049,0.9422168443985148,0.9382983329725049,0.9481090589270009,0.009810725954496058,0.003657920913521272,P4,P5
1178.png,0.9416990560799556,0.9416990560799556,0.9432846850175504,0.17216117216117216,0.17922817922817924,0.6356144297133626,0.17216117216117216,0.9432846850175504,0.7711235128563783,0.375530002679562,P3,P4
1179.png,0.0,0.0,0.0,0.0,0.0,0.0,0.0,0.0,0.0,0.0,P1,P1
1189.png,0.7452350698856417,0.7452350698856417,0.7452350698856417,0.7452350698856417,0.7452350698856417,0.7452350698856417,0.7452350698856417,0.7452350698856417,0.0,0.0,P1,P1
1192.png,0.849083215796897,0.8281196287383981,0.849083215796897,0.8511315417256011,0.8353288217942044,0.8425492847703996,0.8281196287383981,0.8511315417256011,0.023011912987203065,0.009158490078125768,P4,P2
121.png,0.9664773768089394,0.4526360908701243,0.46794588380935537,0.45909741188711145,0.6274509803921569,0.5947215487535374,0.4526360908701243,0.9664773768089394,0.5138412859388151,0.19694053135567924,P1,P2
1211.png,0.9442716433385173,0.9445164635727249,0.9445164635727249,0.9445670517980008,0.9448839320451303,0.9445511108654197,0.9442716433385173,0.9448839320451303,0.0006122887066130067,0.00019571766367429408,P5,P1
122.png,0.9667094734762423,0.9656800078670469,0.9670156033971954,0.9674180529579683,0.9668573683172224,0.966736101203135,0.9656800078670469,0.9674180529579683,0.0017380450909214584,0.0005786065253232324,P4,P2
1223.png,0.4797851286400905,0.4477335800185014,0.40627973358705993,0.3949930458970793,0.9447042640990372,0.5346991504483537,0.3949930458970793,0.9447042640990372,0.5497112182019579,0.20721587570789274,P5,P4
1225.png,0.6074115352465868,0.7624426403106248,0.6079196876742889,0.5989010989010989,0.7624426403106248,0.6678235204886448,0.5989010989010989,0.7624426403106248,0.16354154140952593,0.07732261378924121,P2,P4
1239.png,0.5846213292117465,0.8663409025582064,0.8551997733068858,0.557830658550083,0.8660919540229886,0.7460169235299821,0.557830658550083,0.8663409025582064,0.30851024400812344,0.14302403696925087,P2,P4
124.png,0.7752777777777777,0.8302685540415399,0.8379052369077307,0.8354830218478547,0.7989655641758541,0.8155800309501513,0.7752777777777777,0.8379052369077307,0.06262745912995293,0.024538169024167146,P3,P1
1241.png,0.4912863070539419,0.49697783747481533,0.4912863070539419,0.48429319371727747,0.5001689760054072,0.4928025242610768,0.48429319371727747,0.5001689760054072,0.015875782288129747,0.005453519730897257,P5,P4
1243.png,0.9050932368494294,0.8716623600344531,0.9050932368494294,0.8807287218901224,0.8605392867497825,0.8846233684746434,0.8605392867497825,0.9050932368494294,0.04455395009964691,0.017895418558373618,P1,P5
1246.png,0.7737804878048781,0.7737804878048781,0.7737804878048781,0.7737804878048781,0.7737804878048781,0.7737804878048781,0.7737804878048781,0.7737804878048781,0.0,0.0,P1,P1
1247.png,0.9667673716012085,0.9667673716012085,0.9667673716012085,0.9667673716012085,0.9667673716012085,0.9667673716012086,0.9667673716012085,0.9667673716012085,0.0,1.1102230246251565e-16,P1,P1
1248.png,0.98005698005698,0.98005698005698,0.9805225653206651,0.980367321089297,0.9802121260091816,0.9802431945066207,0.98005698005698,0.9805225653206651,0.00046558526368500885,0.00018098196280832683,P3,P1
1249.png,0.9118662547701254,0.9516353514265832,0.9118662547701254,0.9139648614381453,0.9092896174863389,0.9197244679782637,0.9092896174863389,0.9516353514265832,0.04234573394024432,0.01602414855389919,P2,P5
1250.png,0.908289241622575,0.908289241622575,0.9083717864205669,0.908289241622575,0.908289241622575,0.9083057505821734,0.908289241622575,0.9083717864205669,8.254479799196801e-05,3.301791919678721e-05,P3,P1
1251.png,0.9312571211545765,0.9312571211545765,0.9312571211545765,0.9312571211545765,0.9312571211545765,0.9312571211545764,0.9312571211545765,0.9312571211545765,0.0,1.1102230246251565e-16,P1,P1
1252.png,0.9524745984922977,0.9524745984922977,0.9524745984922977,0.9524745984922977,0.9530993768448671,0.9525995541628115,0.9524745984922977,0.9530993768448671,0.0006247783525694661,0.00024991134102778643,P5,P1
1253.png,0.9250072950102131,0.9255474452554745,0.9255474452554745,0.9255474452554745,0.9255474452554745,0.9254394152064223,0.9250072950102131,0.9255474452554745,0.0005401502452614393,0.00021606009810457572,P2,P1
1254.png,0.9365079365079365,0.9481481481481482,0.9209756097560976,0.9365079365079365,0.9481481481481482,0.9380575558136535,0.9209756097560976,0.9481481481481482,0.027172538392050583,0.010002356006666397,P2,P3
1267.png,0.5895117540687161,0.003243593902043464,0.0,0.0,0.0,0.11855106959415192,0.0,0.5895117540687161,0.5895117540687161,0.23548369309868938,P1,P3
1273.png,0.8564019448946515,0.8660988074957411,0.0,0.8662674650698603,0.8564019448946515,0.6890340324709808,0.0,0.8662674650698603,0.8662674650698603,0.3445447890497507,P4,P3
1279.png,0.8815517053503323,0.8257428014225078,0.8815517053503323,0.8815517053503323,0.8756175211329454,0.8692030877212901,0.8257428014225078,0.8815517053503323,0.05580890392782456,0.02185134555678238,P1,P2
128.png,0.7831223628691983,0.8593982983948777,0.875140607424072,0.8663530231747691,0.8478878239261626,0.846380423157816,0.7831223628691983,0.875140607424072,0.09201824455487362,0.032861443896179295,P3,P1
1280.png,0.8223921258458564,0.0,0.8190205819730305,0.0,0.0,0.3282825415637774,0.0,0.8223921258458564,0.8223921258458564,0.4020637727701521,P1,P2
1281.png,0.8307853403141361,0.8307853403141361,0.8307853403141361,0.828823159219635,0.828823159219635,0.8300004678763356,0.828823159219635,0.8307853403141361,0.001962181094501081,0.0009612684928926935,P1,P4
1282.png,0.8966889299417365,0.8887616320687187,0.8924086757990868,0.8979418026969482,0.8924086757990868,0.8936419432611155,0.8887616320687187,0.8979418026969482,0.009180170628229511,0.003305518222616013,P4,P2
1283.png,0.9504084014002334,0.953999414005274,0.9504084014002334,0.953999414005274,0.9573654807409585,0.9532362223103947,0.9504084014002334,0.9573654807409585,0.006957079340725092,0.0026156773697280987,P5,P1
1293.png,0.6202444085773576,0.6278906797477225,0.6202444085773576,0.6269005847953216,0.622109158186864,0.6234778479769247,0.6202444085773576,0.6278906797477225,0.007646271170364871,0.0032854766475546335,P2,P1
13.png,0.9689657316997325,0.9627172778084884,0.9648581997533908,0.9633591540636911,0.9606107261996407,0.9641022179049887,0.9606107261996407,0.9689657316997325,0.008355005500091828,0.002788762889111558,P1,P5
1309.png,0.88912964969303,0.88912964969303,0.8900939985538684,0.8882480173035328,0.88912964969303,0.8891461929872981,0.8882480173035328,0.8900939985538684,0.0018459812503356376,0.0005841020446265707,P3,P4
131.png,0.9487344487344488,0.951310861423221,0.9517904863709247,0.9516680923866553,0.9517904863709247,0.951058875057235,0.9487344487344488,0.9517904863709247,0.0030560376364758834,0.0011754242503715568,P3,P1
1326.png,0.8136117556071152,0.8221031857908091,0.8221031857908091,0.8056453984122317,0.8056453984122317,0.8138217848026393,0.8056453984122317,0.8221031857908091,0.016457787378577393,0.007360895403783116,P2,P4
1331.png,0.544487968662563,0.0,0.5708418891170431,0.0,0.6309639727361246,0.3492587661031461,0.0,0.6309639727361246,0.6309639727361246,0.28654309162165853,P5,P2
1333.png,0.9222952779438135,0.926785176257909,0.926785176257909,0.9284204167925099,0.9233532934131736,0.925527868133063,0.9222952779438135,0.9284204167925099,0.006125138848696365,0.002311142563014646,P4,P1
1334.png,0.9284487693188322,0.9287145720011452,0.9284487693188322,0.9284077892325315,0.9287145720011452,0.9285468943744973,0.9284077892325315,0.9287145720011452,0.00030678276861362264,0.0001377235394377966,P2,P4
1341.png,0.7988718491098185,0.8032670454545454,0.8007073386383731,0.8018433179723502,0.8014171833480956,0.8012213469046365,0.7988718491098185,0.8032670454545454,0.004395196344726959,0.001441834030975901,P2,P1
1345.png,0.9102040816326531,0.9102040816326531,0.9069364161849711,0.9068825910931174,0.910469524642753,0.9089393390372296,0.9068825910931174,0.910469524642753,0.0035869335496355736,0.0016602727312352659,P5,P4
1346.png,0.0,0.6287560581583199,0.6516476126429052,0.6330841728956776,0.6279444982252339,0.5082864683844273,0.0,0.6516476126429052,0.6516476126429052,0.25428841296557897,P3,P1
1353.png,0.9209814930338948,0.9216484089723527,0.6636313465783664,0.6636313465783664,0.6636313465783664,0.7667047883482694,0.6636313465783664,0.9216484089723527,0.25801706239398625,0.12623884534931096,P2,P3
1355.png,0.8129951045838897,0.8206579412805094,0.8129951045838897,0.8129951045838897,0.8088379998210932,0.8136962509706545,0.8088379998210932,0.8206579412805094,0.011819941459416228,0.0038351676617733844,P2,P5
1361.png,0.7424059949150275,0.5944829011261494,0.4640686449767608,0.5545940690325717,0.7154873824839189,0.6142077985068857,0.4640686449767608,0.7424059949150275,0.27833734993826664,0.10312804219427525,P1,P3
1364.png,0.7267545422158889,0.7267545422158889,0.7267545422158889,0.7267545422158889,0.7267545422158889,0.7267545422158889,0.7267545422158889,0.7267545422158889,0.0,0.0,P1,P1
1365.png,0.895124789861632,0.8965785381026439,0.899895724713243,0.9011764705882352,0.9023974846063146,0.8990346015744137,0.895124789861632,0.9023974846063146,0.007272694744682617,0.0027552493036242715,P5,P1
1367.png,0.9297584755151784,0.9316163410301954,0.9297584755151784,0.9316163410301954,0.9316163410301954,0.9308731948241885,0.9297584755151784,0.9316163410301954,0.0018578655150169876,0.0009101645045009395,P2,P1
1368.png,0.821348673697667,0.821348673697667,0.821348673697667,0.821348673697667,0.821348673697667,0.821348673697667,0.821348673697667,0.821348673697667,0.0,0.0,P1,P1
1370.png,0.767661310890079,0.767661310890079,0.767661310890079,0.767661310890079,0.767661310890079,0.767661310890079,0.767661310890079,0.767661310890079,0.0,0.0,P1,P1
1371.png,0.9063733784545968,0.9063733784545968,0.9063733784545968,0.8853410740203193,0.8853410740203193,0.8979604566808858,0.8853410740203193,0.9063733784545968,0.021032304434277505,0.010303682795771181,P1,P4
1372.png,0.864645201625508,0.864645201625508,0.864645201625508,0.8649155722326454,0.8649155722326454,0.8647533498683628,0.864645201625508,0.8649155722326454,0.0002703706071374157,0.000132454005786632,P4,P1
1373.png,0.8685491723466408,0.8543505674653216,0.8685491723466408,0.8685491723466408,0.853005980484734,0.8626008129979956,0.853005980484734,0.8685491723466408,0.01554319186190678,0.007297620148086537,P1,P5
1378.png,0.48597014925373133,0.48137196924896514,0.48137196924896514,0.4562780269058296,0.576307363927428,0.4962598957169838,0.4562780269058296,0.576307363927428,0.1200293370215984,0.04136502530362262,P5,P4
138.png,0.8672821696480092,0.8589544878117514,0.8605408466657228,0.8524681862676549,0.8686722591842638,0.8615835899154802,0.8524681862676549,0.8686722591842638,0.01620407291660897,0.005895983683656541,P5,P4
1380.png,0.6902215431627197,0.8283521149763188,0.641050774357969,0.6106492922938666,0.7848327669468789,0.7110212983475505,0.6106492922938666,0.8283521149763188,0.21770282268245222,0.0832078086118479,P2,P4
1381.png,0.5001975503753457,0.5156551990722845,0.4855769230769231,0.5401785714285714,0.5001975503753457,0.5083611588656941,0.4855769230769231,0.5401785714285714,0.054601648351648324,0.01853624110966077,P4,P3
1384.png,0.629353831371607,0.6169060513303508,0.5577825159914712,0.5938349954669084,0.6267942583732058,0.6049343305067086,0.5577825159914712,0.629353831371607,0.07157131538013584,0.02669823746505957,P1,P3
1387.png,0.6299928246830901,0.6575963718820862,0.6154919748778785,0.6286120322122217,0.6154919748778785,0.629437035706631,0.6154919748778785,0.6575963718820862,0.04210439700420765,0.01538094398292675,P2,P3
1388.png,0.766388557806913,0.7696606786427146,0.823982869379015,0.8320379965457686,0.7666931637519873,0.7917526532252797,0.766388557806913,0.8320379965457686,0.06564943873885565,0.02973572400254256,P4,P1
1397.png,0.8745566793642454,0.9460401394063214,0.9178756149867542,0.8952084144916245,0.9178756149867542,0.9103112926471398,0.8745566793642454,0.9460401394063214,0.07148346004207595,0.024072713745009838,P2,P1
1398.png,0.8220153340635268,0.8251805423082164,0.8251805423082164,0.8271085155507266,0.8220153340635268,0.8243000536588425,0.8220153340635268,0.8271085155507266,0.005093181487199838,0.0019938839474732207,P4,P1
1399.png,0.8527191298784389,0.8494692415909962,0.8527191298784389,0.8376506796614517,0.8494692415909962,0.8484054845200644,0.8376506796614517,0.8527191298784389,0.015068450216987217,0.005570351125636632,P1,P4
1401.png,0.792332268370607,0.5831925675675675,0.8833592534992224,0.029638906282613234,0.7929515418502202,0.6162949075140461,0.029638906282613234,0.8833592534992224,0.8537203472166092,0.3094450233755925,P3,P4
1402.png,0.3117439246333369,0.2986025482942869,0.30145228215767633,0.30036175710594315,0.3073831182568225,0.30390872608961317,0.2986025482942869,0.3117439246333369,0.013141376339049993,0.004903720336818078,P1,P2
1406.png,0.42127031019202366,0.5613428783016539,0.42127031019202366,0.5581039755351682,0.42127031019202366,0.47665155688257865,0.42127031019202366,0.5613428783016539,0.1400725681096302,0.06783563058314732,P2,P1
1407.png,0.5222101841820151,0.5385261978145138,0.5263445263445263,0.5529761904761905,0.5626674605537362,0.5405449118741964,0.5222101841820151,0.5626674605537362,0.04045727637172103,0.015400209368391489,P5,P1
1410.png,0.7258912916423145,0.7261034785150541,0.7256792287467134,0.7256792287467134,0.7256792287467134,0.7258064912795018,0.7256792287467134,0.7261034785150541,0.00042424976834065653,0.0001696937101776518,P2,P3
1411.png,0.58777633289987,0.5159817351598174,0.58777633289987,0.5159817351598174,0.5263157894736842,0.5467663851186118,0.5159817351598174,0.58777633289987,0.07179459774005259,0.03369643257808274,P1,P2
1425.png,0.5874039938556067,0.5842627960275019,0.5834985511666921,0.5850673194614443,0.583854723027621,0.5848174767077732,0.5834985511666921,0.5874039938556067,0.0039054426889145732,0.0013947488839377248,P1,P3
1426.png,0.8688193743693239,0.8677914882901032,0.8577104544325801,0.8701364325416877,0.8672032193158954,0.866332193789918,0.8577104544325801,0.8701364325416877,0.012425978109107616,0.00442449805438051,P4,P3
1435.png,0.6867173524150268,0.6833555852247442,0.6870246085011186,0.6923683913876677,0.67799977922508,0.6854931433507275,0.67799977922508,0.6923683913876677,0.014368612162587668,0.00472932911882696,P4,P5
1436.png,0.8707802369774201,0.8791984515541387,0.8718637992831542,0.8722545943523083,0.8721686476788517,0.8732531459691746,0.8707802369774201,0.8791984515541387,0.008418214576718541,0.0030187899386118454,P2,P1
1437.png,0.7543793320730939,0.7661921251763498,0.763023493360572,0.7488537952114112,0.7662904053360697,0.7597478302314993,0.7488537952114112,0.7662904053360697,0.01743661012465858,0.0069651269445150195,P5,P4
1442.png,0.8052698068940625,0.6654735272184936,0.782258064516129,0.5473503434739941,0.7144915932746196,0.7029686670754597,0.5473503434739941,0.8052698068940625,0.25791946342006833,0.09220418400084121,P1,P4
1457.png,0.7692307692307693,0.7692307692307693,0.8050559066601848,0.9479735556194309,0.9458917835671342,0.8474765568616578,0.7692307692307693,0.9479735556194309,0.1787427863886616,0.08225511745087002,P4,P1
1458.png,0.6466605672461117,0.6305084745762712,0.6560237609058845,0.6294849023090586,0.6542228793199039,0.643380116871446,0.6294849023090586,0.6560237609058845,0.02653885859682592,0.01137492637122227,P3,P4
1459.png,0.8485104584829918,0.7200607325868286,0.7652867451576149,0.5753348214285714,0.8485104584829918,0.7515406432277996,0.5753348214285714,0.8485104584829918,0.2731756370544204,0.1010294233076899,P1,P4
1461.png,0.413643354745318,0.4319157778085607,0.5514086202745003,0.5607843137254902,0.5574369594347667,0.5030378051977272,0.413643354745318,0.5607843137254902,0.1471409589801722,0.06585343351971434,P4,P1
1464.png,0.7881477240194675,0.7906579322130447,0.7771591720199857,0.7814494397957736,0.765573535729629,0.7805975607555801,0.765573535729629,0.7906579322130447,0.02508439648341565,0.008904892836526561,P2,P5
1465.png,0.9357845675815639,0.9363412420588617,0.9353169469598965,0.9350045225481328,0.9361150706232992,0.9357124699543509,0.9350045225481328,0.9363412420588617,0.0013367195107288898,0.0004940177517076499,P2,P4
1466.png,0.7641752577319587,0.03877088059393689,0.7710310752827981,0.7710310752827981,0.7678363330312055,0.6225689243845395,0.03877088059393689,0.7710310752827981,0.7322601946888613,0.29190996902861227,P3,P2
1472.png,0.5735819119397064,0.6461259628454916,0.6493150684931507,0.6333630686886709,0.5497917455509277,0.6104355515035895,0.5497917455509277,0.6493150684931507,0.09952332294222299,0.04085818228187999,P3,P5
1477.png,0.5199622760138322,0.5202893991821328,0.5207808564231738,0.5194479297365119,0.521437578814628,0.5203836080340557,0.5194479297365119,0.521437578814628,0.0019896490781161624,0.0006827225709610043,P5,P4
1480.png,0.707754483455418,0.021211084502223743,0.7056451612903226,0.7149413564507904,0.7307792546260099,0.576066268064953,0.021211084502223743,0.7307792546260099,0.7095681701237861,0.2775677030036035,P5,P2
1481.png,0.4998357963875205,0.7521112767014406,0.7319067083433518,0.7160377358490566,0.7292069632495164,0.6858196961061772,0.4998357963875205,0.7521112767014406,0.2522754803139201,0.09370611739411344,P2,P1
1482.png,0.608771319178559,0.608771319178559,0.6111306798168369,0.607805724197745,0.608771319178559,0.6090500723100518,0.607805724197745,0.6111306798168369,0.0033249556190918517,0.0011054808679342239,P3,P4
1483.png,0.8017418032786885,0.8182281059063137,0.8046499873641648,0.0,0.8115867726224045,0.6472413338343144,0.0,0.8182281059063137,0.8182281059063137,0.3236711673789578,P2,P4
1484.png,0.9058275058275058,0.8406735751295337,0.900533271504753,0.8633540372670807,0.9151343705799151,0.8851045520617576,0.8406735751295337,0.9151343705799151,0.07446079545038142,0.028342451558207707,P5,P2
1485.png,0.006134969325153374,0.018090930730778387,0.006134969325153374,0.008064516129032258,0.52766292577279,0.11321766225658147,0.006134969325153374,0.52766292577279,0.5215279564476366,0.20727014348102163,P5,P1
1488.png,0.6260311640696609,0.5065079955373745,0.6535819430814525,0.650461837627613,0.650461837627613,0.6174089555887428,0.5065079955373745,0.6535819430814525,0.147073947544078,0.05633264855428382,P3,P2
1490.png,0.5438409655662052,0.5584107891379625,0.5504850880344951,0.5370727432077125,0.5756152545557017,0.5530849681004154,0.5370727432077125,0.5756152545557017,0.03854251134798925,0.013300981036791136,P5,P4
1491.png,0.5170157068062827,0.5332433344583193,0.503665922856232,0.4808277541083384,0.5161711858869651,0.5101847808232275,0.4808277541083384,0.5332433344583193,0.052415580349980895,0.01742713985625926,P2,P4
1492.png,0.4872924432395798,0.4745874587458746,0.47521480502313285,0.5101099680737851,0.5101099680737851,0.4914629286312315,0.4745874587458746,0.5101099680737851,0.035522509327910456,0.01588458443259953,P4,P2
1493.png,0.6190551429925739,0.8969167050161068,0.5359881609040764,0.5660054231482803,0.8511557571829769,0.6938242378488029,0.5359881609040764,0.8969167050161068,0.36092854411203035,0.15022652982643903,P2,P3
1495.png,0.9144795045709231,0.9144795045709231,0.9154742587402271,0.9144795045709231,0.9144795045709231,0.9146784554047839,0.9144795045709231,0.9154742587402271,0.0009947541693040574,0.000397901667721623,P3,P1
1496.png,0.8370471803809286,0.9111324113378064,0.0,0.0,0.0,0.349635918343747,0.0,0.9111324113378064,0.9111324113378064,0.42885519145593465,P2,P3
1497.png,0.6077326968973747,0.6067479984750286,0.6099331423113659,0.6344621513944223,0.6108449894615827,0.6139441957079548,0.6067479984750286,0.6344621513944223,0.02771415291939372,0.010363861310811679,P4,P2
1498.png,0.4090377873003506,0.42673731404116566,0.4146919431279621,0.5283218634197988,0.43740701381509034,0.4432391843408735,0.4090377873003506,0.5283218634197988,0.11928407611944819,0.0436579173943724,P4,P1
150.png,0.6263412945655936,0.5932543748207041,0.5716151836483787,0.5863720948647899,0.9307917109458024,0.6616749317690538,0.5716151836483787,0.9307917109458024,0.35917652729742366,0.13574605323397404,P5,P3
1509.png,0.694025488132819,0.6591211717709721,0.6995399315795683,0.6949689222469801,0.7088365419107976,0.6912984111282274,0.6591211717709721,0.7088365419107976,0.04971537013982552,0.016922133578319058,P5,P2
1519.png,0.7955752212389381,0.6788748348121578,0.8221560997940032,0.8335268168098444,0.8374591312470808,0.7935184207804049,0.6788748348121578,0.8374591312470808,0.158584296434923,0.059159034272434984,P5,P2
152.png,0.9697135809236672,0.9697633055137501,0.969506358539587,0.9694980166871837,0.9697715770756394,0.9696505677479654,0.9694980166871837,0.9697715770756394,0.00027356038845571806,0.00012279400918369102,P5,P4
1529.png,0.8577467765800042,0.8637718177948063,0.8577467765800042,0.8577467765800042,0.8577467765800042,0.8589517848229647,0.8577467765800042,0.8637718177948063,0.006025041214802074,0.0024100164859208297,P2,P1
1533.png,0.5204582651391162,0.544272136068034,0.5367175948743224,0.5376078914919852,0.5230554261760596,0.5324222627499035,0.5204582651391162,0.544272136068034,0.023813870928917846,0.009128362256150163,P2,P1
1534.png,0.8451656524678837,0.841467519353753,0.8451656524678837,0.8451656524678837,0.8451656524678837,0.8444260258450577,0.841467519353753,0.8451656524678837,0.0036981331141306972,0.0014792532456522787,P1,P2
1535.png,0.8266666666666667,0.8240813135261923,0.82429614181439,0.8151390319258497,0.8531317494600432,0.8286629806786283,0.8151390319258497,0.8531317494600432,0.03799271753419353,0.012850401244649248,P5,P4
1536.png,0.8076923076923077,0.8094497979483991,0.8084445824278175,0.8097014925373134,0.8124804992199688,0.8095537359651612,0.8076923076923077,0.8124804992199688,0.004788191527661079,0.0016305652424858654,P5,P1
1545.png,0.6233417296389588,0.6198319327731092,0.6228571428571429,0.6080452127659575,0.6236629916077012,0.6195478019285738,0.6080452127659575,0.6236629916077012,0.015617778841743757,0.005910510954715878,P5,P4
1546.png,0.9371909000989119,0.9070045421945971,0.8147764095917045,0.8487853247397125,0.5758067423832702,0.8167127838016391,0.5758067423832702,0.9371909000989119,0.3613841577156417,0.1278559317039344,P1,P5
1547.png,0.6023059185242121,0.5915361959386142,0.5964153275648949,0.6023059185242121,0.5928227435140594,0.5970772208131985,0.5915361959386142,0.6023059185242121,0.01076972258559794,0.0045589515445575894,P1,P2
1548.png,0.7024595924104006,0.7024595924104006,0.7024595924104006,0.7050742921222316,0.7011267605633803,0.7027159659833627,0.7011267605633803,0.7050742921222316,0.003947531558851303,0.0012872030353377711,P4,P5
1551.png,0.6597332680778172,0.8191343963553531,0.8620303756994404,0.8748579776010388,0.8251491509866912,0.808181033744068,0.6597332680778172,0.8748579776010388,0.2151247095232216,0.07718833947907947,P4,P1
1552.png,0.5310316481709824,0.5358101135190918,0.5387484459179445,0.7236153210250758,0.5271915584415584,0.5712794174149306,0.5271915584415584,0.7236153210250758,0.19642376258351735,0.07627081406682715,P4,P5
1555.png,0.6776277157956547,0.6776277157956547,0.6763039656182849,0.66963249516441,0.6730171073094868,0.6748417999366982,0.66963249516441,0.6776277157956547,0.007995220631244693,0.0031024810143227173,P1,P4
1559.png,0.8393881453154876,0.8560285992850178,0.8446726572528883,0.8393881453154876,0.8087196806877495,0.8376394455713262,0.8087196806877495,0.8560285992850178,0.04730891859726838,0.0156849975669444,P2,P5
156.png,0.9625183830835884,0.9628012227559649,0.9653672807780501,0.965028878866999,0.9626331690252823,0.963669786901977,0.9625183830835884,0.9653672807780501,0.0028488976944617272,0.0012556534139414107,P3,P1
1560.png,0.8996521273748996,0.90045613093641,0.9055075593952484,0.9020979020979021,0.8982099919850387,0.9011847423578997,0.8982099919850387,0.9055075593952484,0.007297567410209704,0.0024999812367148553,P3,P5
1563.png,0.6609635299414678,0.6491387126019945,0.6583184257602862,0.6610093791871371,0.6603603603603604,0.6579580815702493,0.6491387126019945,0.6610093791871371,0.011870666585142575,0.004517193761126732,P4,P2
1564.png,0.5777003484320558,0.5626477541371159,0.565025466893039,0.5949640287769784,0.6707366707366708,0.594214853795172,0.5626477541371159,0.6707366707366708,0.10808891659955489,0.03994341173989539,P5,P2
1574.png,0.8179136497720568,0.8179136497720568,0.8179136497720568,0.8193288590604026,0.8193288590604026,0.8184797334873952,0.8179136497720568,0.8193288590604026,0.00141520928834582,0.0006933081271389134,P4,P1
1575.png,0.7439175257731959,0.751784621660208,0.7439175257731959,0.7415823177029539,0.7415823177029539,0.7445568617225015,0.7415823177029539,0.751784621660208,0.010202303957254077,0.0037617506264428662,P2,P4
1577.png,0.8889256745571925,0.8889256745571925,0.8884113076541578,0.889662027833002,0.8893673401788672,0.8890584049560823,0.8884113076541578,0.889662027833002,0.0012507201788442002,0.00042749764564376923,P4,P3
1579.png,0.8938812785388128,0.8830419895476662,0.8965011906942664,0.9010503040353787,0.9033807500461851,0.895571102572462,0.8830419895476662,0.9033807500461851,0.020338760498518904,0.007095230576974723,P5,P2
1583.png,0.9106256206554121,0.8525496620929757,0.0,0.7481600735970562,0.8024189114898296,0.6627508535670547,0.0,0.9106256206554121,0.9106256206554121,0.335710018632414,P1,P3
1585.png,0.9269096904194908,0.9281393217231897,0.8349018003273322,0.7854268163524677,0.8176738410596026,0.8586102939764165,0.7854268163524677,0.9281393217231897,0.142712505370722,0.05846845388678239,P2,P4
1587.png,0.5734348729106913,0.5655721393034826,0.7731489289930848,0.6964333842422065,0.6301965230536659,0.6477571697006262,0.5655721393034826,0.7731489289930848,0.20757678968960225,0.07833138131390997,P3,P2
1588.png,0.8790188929400067,0.6872239747634069,0.7170368069576021,0.7087955007030151,0.6650489363423118,0.7314248223412685,0.6650489363423118,0.8790188929400067,0.2139699565976949,0.07597708079301456,P1,P5
1590.png,0.6646455223880597,0.7364445643377394,0.7001484413656606,0.5717396037448291,0.6447400241837968,0.6635436312040172,0.5717396037448291,0.7364445643377394,0.1647049605929103,0.05556478639861238,P2,P4
1591.png,0.04528467795119807,0.7419455739756021,0.4858372988896442,0.8038277511961722,0.40897629853756934,0.4971743201100372,0.04528467795119807,0.8038277511961722,0.7585430732449742,0.27057751616337694,P4,P1
1596.png,0.7222222222222222,0.7217015140591204,0.7227436823104693,0.7175080558539205,0.7175080558539205,0.7203367060599306,0.7175080558539205,0.7227436823104693,0.0052356264565487365,0.002332977956153647,P3,P4
16.png,0.6979051819184123,0.7004754358161648,0.7004754358161648,0.7004754358161648,0.718562874251497,0.7035788727236808,0.6979051819184123,0.718562874251497,0.020657692333084676,0.007557844018715711,P5,P1
1600.png,0.7313383755343636,0.8857625211029826,0.7424191936021326,0.7424191936021326,0.8857625211029826,0.7975403609889188,0.7313383755343636,0.8857625211029826,0.15442414556861894,0.0721466397508191,P2,P1
1601.png,0.6971984566347929,0.6974324551099178,0.6974324551099178,0.8095052590572653,0.8658333333333333,0.7534803918490455,0.6971984566347929,0.8658333333333333,0.1686348766985405,0.0710103765132369,P5,P1
1619.png,0.850536440991491,0.850536440991491,0.850536440991491,0.8515842134519177,0.8501664816870145,0.8506720036226809,0.8501664816870145,0.8515842134519177,0.0014177317649032295,0.000478081767257777,P4,P5
1628.png,0.6507462686567164,0.6576623376623376,0.6539427423405324,0.6424116424116424,0.6346368715083799,0.6478799725159217,0.6346368715083799,0.6576623376623376,0.02302546615395773,0.008318050947139957,P2,P5
1629.png,0.6941935483870968,0.6935969058874086,0.8178942611839133,0.6709053916581892,0.6291666666666667,0.7011513547566549,0.6291666666666667,0.8178942611839133,0.18872759451724663,0.06297777476450653,P3,P5
1630.png,0.9163548904329236,0.9163548904329236,0.9163548904329236,0.9154985983179815,0.9173354735152488,0.9163797486264003,0.9154985983179815,0.9173354735152488,0.0018368751972672737,0.0005816682419626758,P5,P4
1644.png,0.909317389138017,0.909317389138017,0.9091813884050759,0.9091806515301086,0.9097256857855361,0.9093445007993509,0.9091806515301086,0.9097256857855361,0.0005450342554275123,0.0002001121256950541,P5,P4
1645.png,0.7827975673327541,0.8911968348170128,0.5798873692679002,0.8903162055335968,0.8903162055335968,0.8069028364969721,0.5798873692679002,0.8911968348170128,0.31130946554911265,0.12094473513433525,P2,P3
1646.png,0.8353879622915156,0.8475991649269311,0.8475991649269311,0.8289699045754833,0.8475991649269311,0.8414310723295584,0.8289699045754833,0.8475991649269311,0.01862926035144785,0.007822224486632789,P2,P4
1647.png,0.0,0.0,0.0,0.0,0.0,0.0,0.0,0.0,0.0,0.0,P1,P1
1648.png,0.9512296790329304,0.9518248175182482,0.9498647805283961,0.9502601456815817,0.9502601456815817,0.9506879136885477,0.9498647805283961,0.9518248175182482,0.001960036989852143,0.0007252005434733762,P2,P3
1656.png,0.8294153104279687,0.8294153104279687,0.8294153104279687,0.8294153104279687,0.8294153104279687,0.8294153104279687,0.8294153104279687,0.8294153104279687,0.0,0.0,P1,P1
1657.png,0.7030231179608772,0.734820322180917,0.7492103600758054,0.33164983164983164,0.7492103600758054,0.6535827983886473,0.33164983164983164,0.7492103600758054,0.4175605284259738,0.16184806248640832,P3,P4
1665.png,0.8159722222222222,0.6964545896066051,0.0,0.6657559198542805,0.6877394636015326,0.5731844390569281,0.0,0.8159722222222222,0.8159722222222222,0.2913328582749611,P1,P3
1666.png,0.7838999609222352,0.7838999609222352,0.7066335579992905,0.7838999609222352,0.7838999609222352,0.7684466803376463,0.7066335579992905,0.7838999609222352,0.07726640292294473,0.030906561169177893,P1,P3
167.png,0.9541446208112875,0.9545543584720861,0.9548614510917458,0.9545543584720861,0.9538371067333137,0.9543903791161039,0.9538371067333137,0.9548614510917458,0.0010243443584321277,0.0003583837994542941,P3,P5
1678.png,0.9327442317133039,0.9325484424822174,0.9327442317133039,0.9304520615996026,0.9329089128305583,0.9322795760677971,0.9304520615996026,0.9329089128305583,0.0024568512309557367,0.0009208661986443989,P5,P4
1684.png,0.37635054021608644,0.3786231884057971,0.3440329218106996,0.3657042869641295,0.3440329218106996,0.3617487718414825,0.3440329218106996,0.3786231884057971,0.03459026659509751,0.015108317964376236,P2,P3
1685.png,0.7497357293868921,0.0,0.0,0.0,0.8799255352156377,0.3259322529205059,0.0,0.8799255352156377,0.8799255352156377,0.40130124444727006,P5,P2
1686.png,0.930905333849929,0.930905333849929,0.9307672436063033,0.9307851239669421,0.9307672436063033,0.9308260557758814,0.9307672436063033,0.930905333849929,0.00013809024362576583,6.50587144253831e-05,P1,P3
1689.png,0.0,0.0,0.0,0.0,0.0,0.0,0.0,0.0,0.0,0.0,P1,P1
169.png,0.9460291060291061,0.9428739199731566,0.9460739509763191,0.9452315850526142,0.9447974255301592,0.945001197512271,0.9428739199731566,0.9460739509763191,0.0032000310031624624,0.001168529595814235,P3,P2
1696.png,0.8877911079745943,0.8863743517208864,0.8873206304398965,0.8873704052780396,0.8868991517436381,0.887151129431411,0.8863743517208864,0.8877911079745943,0.0014167562537078515,0.00048026271794309665,P1,P2
1706.png,0.5994694960212201,0.6078721515241196,0.5994694960212201,0.6012601260126013,0.6404365307294658,0.6097015600617254,0.5994694960212201,0.6404365307294658,0.0409670347082457,0.01567567054647452,P5,P1
1715.png,0.89563244469654,0.89563244469654,0.89563244469654,0.89563244469654,0.89563244469654,0.89563244469654,0.89563244469654,0.89563244469654,0.0,0.0,P1,P1
1716.png,0.8705155618911855,0.8647628038706632,0.8703923900118906,0.7657335297832035,0.8649669499527857,0.8472742471019459,0.7657335297832035,0.8705155618911855,0.10478203210798198,0.040846975843048576,P1,P4
1718.png,0.745778183477864,0.7456080310289755,0.7461871158661507,0.7460715099066272,0.7452593100297007,0.7457808300618636,0.7452593100297007,0.7461871158661507,0.0009278058364500241,0.000332088115125526,P3,P5
1727.png,0.6594454072790294,0.6594862271742494,0.6594862271742494,0.6594454072790294,0.6699011238715225,0.661552878555616,0.6594454072790294,0.6699011238715225,0.010455716592493003,0.004174162576662232,P5,P1
1728.png,0.8048281709810963,0.7592245153220762,0.7967143721023987,0.7962748552730934,0.7894336561375045,0.7892951139632338,0.7592245153220762,0.8048281709810963,0.045603655659020026,0.01580694870605918,P1,P2
1729.png,0.897143119181914,0.871430587571153,0.8681841745605353,0.8708160962767958,0.8395636363636364,0.8694275227908068,0.8395636363636364,0.897143119181914,0.05757948281827763,0.018261940288543617,P1,P5
1730.png,0.9506568829913441,0.8995633187772926,0.9505690056680873,0.9058313253012048,0.8971389645776566,0.9207518994631171,0.8971389645776566,0.9506568829913441,0.05351791841368747,0.02454594891613612,P1,P5
1734.png,0.9101641232363951,0.9106910979656615,0.9106628242074928,0.9106910979656615,0.9078400458649849,0.9100098378480391,0.9078400458649849,0.9106910979656615,0.0028510521006765988,0.0011033062233255797,P2,P5
1735.png,0.9324144601620118,0.9311898672512483,0.9324144601620118,0.9325272067714632,0.9329946782776971,0.9323081345248865,0.9311898672512483,0.9329946782776971,0.0018048110264488049,0.0005987431755358596,P5,P2
1736.png,0.8836587322813586,0.845489977728285,0.8884165781083954,0.845489977728285,0.8064423353465632,0.8538995202385775,0.8064423353465632,0.8884165781083954,0.08197424276183218,0.029902050744840987,P3,P5
174.png,0.9331107168945006,0.933305543976657,0.9300721229225463,0.9298190565840393,0.931409452112087,0.9315433784979661,0.9298190565840393,0.933305543976657,0.0034864873926176987,0.001464075963290715,P2,P4
1740.png,0.8651631477927063,0.8651631477927063,0.8651631477927063,0.865370770338373,0.8657863145258103,0.8653293056484606,0.8651631477927063,0.8657863145258103,0.0006231667331040303,0.00024224026650108678,P5,P1
1744.png,0.7547781017168772,0.7533139346912383,0.7533139346912383,0.7569850552306693,0.7715231788079471,0.7579828410275941,0.7533139346912383,0.7715231788079471,0.018209244116708767,0.006902232254967661,P5,P2
1746.png,0.8424908424908425,0.8699238578680203,0.8424908424908425,0.8371246587807097,0.8699238578680203,0.8523908118996871,0.8371246587807097,0.8699238578680203,0.03279919908731055,0.014449149604731412,P2,P4
1752.png,0.6852505292872265,0.8519982433025911,0.6833216045038705,0.8519982433025911,0.856637168141593,0.7858411577075743,0.6833216045038705,0.856637168141593,0.1733155636377225,0.08293892735900794,P5,P3
1769.png,0.9430809399477806,0.9424836601307189,0.9439520333680917,0.9417920209287116,0.9404512067156349,0.9423519722181876,0.9404512067156349,0.9439520333680917,0.0035008266524568787,0.0011862028732731874,P3,P5
1771.png,0.9408727084947069,0.940599173553719,0.9408727084947069,0.9407809671580036,0.9407503234152652,0.9407751762232802,0.940599173553719,0.9408727084947069,0.0002735349409879184,0.00010065110493499919,P1,P2
1773.png,0.9129593810444874,0.9127239912337244,0.9129593810444874,0.9121176926054975,0.9113695090439277,0.9124259909944248,0.9113695090439277,0.9129593810444874,0.0015898720005597111,0.0006113944785448338,P1,P5
1774.png,0.8385020479812756,0.8280236413435202,0.9358218729535036,0.8335753703165844,0.8339386895249165,0.85397232442396,0.8280236413435202,0.9358218729535036,0.10779823160998336,0.04105945558684103,P3,P2
1776.png,0.0006464124111182935,0.000642535874919683,0.0006455083378160301,0.0006431557508843392,0.00044238000442380006,0.0006039984758324291,0.00044238000442380006,0.0006464124111182935,0.0002040324066944934,8.08219823645698e-05,P1,P5
1789.png,0.7620660457239627,0.7620660457239627,0.7493755203996669,0.7620660457239627,0.7620660457239627,0.7595279406591036,0.7493755203996669,0.7620660457239627,0.01269052532429582,0.005076210129718328,P1,P3
1796.png,0.7690582959641256,0.7609065155807365,0.7716359575656058,0.7700924110893307,0.7600909607731666,0.766356828194593,0.7600909607731666,0.7716359575656058,0.011544996792439144,0.004859808982271323,P3,P5
1798.png,0.8733087330873309,0.8788104089219331,0.8720844586300025,0.8799007444168735,0.8829681274900398,0.8774144945092359,0.8720844586300025,0.8829681274900398,0.010883668860037332,0.004104617260203327,P5,P3
1807.png,0.7156428119062698,0.6742323097463284,0.7118320610687023,0.7118320610687023,0.7156428119062698,0.7058364111392545,0.6742323097463284,0.7156428119062698,0.041410502159941354,0.01589368335543378,P1,P2
1816.png,0.9046890927624872,0.9046890927624872,0.9046890927624872,0.9046890927624872,0.9046890927624872,0.9046890927624872,0.9046890927624872,0.9046890927624872,0.0,0.0,P1,P1
1824.png,0.8761018124195306,0.8761018124195306,0.8761018124195306,0.8775793650793651,0.8781650282990766,0.8768099661274068,0.8761018124195306,0.8781650282990766,0.0020632158795460542,0.0008868611230966891,P5,P1
1825.png,0.7631444091421543,0.6684444444444444,0.7634761221561795,0.6989049116339586,0.6757264390675064,0.7139392652888488,0.6684444444444444,0.7634761221561795,0.09503167771173515,0.04154774836552801,P3,P2
1826.png,0.9338998284173543,0.9244623185871655,0.929873088187439,0.9300354579261437,0.9070161362218062,0.9250573658679817,0.9070161362218062,0.9338998284173543,0.026883692195548092,0.009507910121021968,P1,P5
1827.png,0.9360544217687075,0.9363760012090071,0.9356300997280145,0.9357202205604653,0.9357202205604653,0.9359001927653321,0.9356300997280145,0.9363760012090071,0.0007459014809926279,0.00027853563449270024,P2,P3
1829.png,0.6998867497168743,0.7000970559689421,0.6998867497168743,0.6991922455573506,0.6973043195842806,0.6992734241088644,0.6973043195842806,0.7000970559689421,0.002792736384661487,0.0010309867729295615,P2,P5
183.png,0.9470061940812113,0.5494971860872774,0.5291098920545036,0.4524115027549249,0.94798083504449,0.6852011220044816,0.4524115027549249,0.94798083504449,0.4955693322895651,0.21659460310523065,P5,P4
1834.png,0.9272635645892827,0.9272635645892827,0.9255283461925529,0.9263051871747524,0.9285954866958572,0.9269912298483456,0.9255283461925529,0.9285954866958572,0.0030671405033043664,0.0010327299352112288,P5,P3
1835.png,0.8145794392523364,0.7763157894736842,0.7799214005001787,0.7799214005001787,0.8402161327672714,0.7981908324987298,0.7763157894736842,0.8402161327672714,0.06390034329358718,0.025222109715217742,P5,P2
1843.png,0.6809839906286607,0.8510494245091401,0.6809839906286607,0.6809839906286607,0.6809839906286607,0.7149970774047566,0.6809839906286607,0.8510494245091401,0.17006543388047946,0.06802617355219179,P2,P1
1847.png,0.6867043847241867,0.6832121964190746,0.6867043847241867,0.6867043847241867,0.680639431616341,0.6847929564415951,0.680639431616341,0.6867043847241867,0.006064953107845716,0.0024783561068286576,P1,P5
1852.png,0.8598256203890007,0.8598256203890007,0.8662674650698603,0.8598256203890007,0.866225165562914,0.8623938983599551,0.8598256203890007,0.8662674650698603,0.006441844680859621,0.003145513714636236,P3,P1
1853.png,0.5196694214876033,0.0,0.0,0.0,0.0,0.10393388429752067,0.0,0.5196694214876033,0.5196694214876033,0.20786776859504133,P1,P2
1858.png,0.6274471127767641,0.6733926616856232,0.6209218278132581,0.649364509556612,0.6342946831469491,0.6410841589958413,0.6209218278132581,0.6733926616856232,0.052470833872365064,0.018713573480578213,P2,P3
1863.png,0.7108592514496573,0.7047238855622089,0.6897854540547834,0.6910119929928581,0.7108592514496573,0.701447967101833,0.6897854540547834,0.7108592514496573,0.021073797394873917,0.009303762186191503,P1,P3
1869.png,0.48237420909912626,0.4988857524884861,0.44487968662562954,0.48237420909912626,0.5018110894399554,0.48206498935046477,0.44487968662562954,0.5018110894399554,0.056931402814325904,0.020277004284327424,P5,P3
1879.png,0.7339008950010915,0.7339008950010915,0.7271528998242531,0.7339008950010915,0.7274324621128926,0.731257609388084,0.7271528998242531,0.7339008950010915,0.006747995176838328,0.003238557357099162,P1,P3
1880.png,0.8844783715012723,0.8844783715012723,0.8836973082783138,0.8836973082783138,0.8844783715012723,0.8841659462120889,0.8836973082783138,0.8844783715012723,0.0007810632229584558,0.0003826412706203816,P1,P3
1882.png,0.6256566215095383,0.623712048358291,0.623712048358291,0.6256566215095383,0.6113572291582763,0.6220189137787869,0.6113572291582763,0.6256566215095383,0.014299392351261986,0.005401310274823953,P1,P5
1886.png,0.5549042594763579,0.5061946902654867,0.5435114503816794,0.5435114503816794,0.5135327635327636,0.5323309228075933,0.5061946902654867,0.5549042594763579,0.04870956921087122,0.01895276953718443,P1,P2
1890.png,0.5065525074261751,0.42207517950161905,0.4839960424632992,0.7156630889576132,0.5033831012693619,0.5263339839236136,0.42207517950161905,0.7156630889576132,0.29358790945599417,0.099424302287322,P4,P2
1894.png,0.0,0.0,0.0,0.0,0.0,0.0,0.0,0.0,0.0,0.0,P1,P1
1900.png,0.6201005025125628,0.639807576668671,0.6025542784163473,0.5984309879872518,0.5371327701424788,0.5996052231454624,0.5371327701424788,0.639807576668671,0.10267480652619221,0.0344939671378867,P2,P5
1901.png,0.9196003361658418,0.9599498252844727,0.916907043826184,0.9161362785473606,0.9177108659061156,0.9260608699459949,0.9161362785473606,0.9599498252844727,0.04381354673711213,0.016983594467517297,P2,P4
1902.png,0.7042523398924018,0.8234113712374582,0.7021480770650328,0.7042523398924018,0.7050592827159584,0.7278246821606505,0.7021480770650328,0.8234113712374582,0.12126329417242543,0.04780309033901873,P2,P3
1910.png,0.9097616345062429,0.9116647791619479,0.9082125603864735,0.9103800340328985,0.9072810011376564,0.9094600018450437,0.9072810011376564,0.9116647791619479,0.004383778024291463,0.0015558045366613543,P2,P5
1911.png,0.8967813540510544,0.8967813540510544,0.8967813540510544,0.8967813540510544,0.8967813540510544,0.8967813540510544,0.8967813540510544,0.8967813540510544,0.0,0.0,P1,P1
1917.png,0.8181973661706858,0.8197221280921722,0.8169520547945206,0.8200202224469161,0.774078052273541,0.8097939647555672,0.774078052273541,0.8200202224469161,0.045942170173375096,0.0178920462014903,P4,P5
1933.png,0.0,0.0,0.0,0.0,0.0,0.0,0.0,0.0,0.0,0.0,P1,P1
1941.png,0.5684790089470062,0.5314191574488115,0.529804445142543,0.7434055976911202,0.7439957064269421,0.6234207831312847,0.529804445142543,0.7439957064269421,0.21419126128439914,0.09917820755576125,P5,P3
1949.png,0.9167582185413674,0.9413938753959873,0.7831237659773459,0.9392044467604655,0.9031936127744511,0.8967347838899234,0.7831237659773459,0.9413938753959873,0.1582701094186414,0.05856317019324817,P2,P3
1950.png,0.8205994090333474,0.8205994090333474,0.8205994090333474,0.82,0.82,0.8203596454200085,0.82,0.8205994090333474,0.0005994090333474311,0.0002936492557832225,P1,P4
1951.png,0.9541899441340782,0.9540806841420338,0.9528756957328386,0.9541899441340782,0.9538346984363366,0.9538341933158732,0.9528756957328386,0.9541899441340782,0.001314248401239615,0.0004965063722689343,P1,P3
1955.png,0.8431614152437951,0.843006993006993,0.8183265522731293,0.8366547436552546,0.8528225806451613,0.8387944569648667,0.8183265522731293,0.8528225806451613,0.03449602837203192,0.011464009194196682,P5,P3
1957.png,0.8825161887141536,0.8832915732559673,0.8826167238195727,0.8828022122728469,0.8879874378434964,0.8838428271812073,0.8825161887141536,0.8879874378434964,0.005471249129342826,0.0020893949791857633,P5,P1
1978.png,0.5290756302521008,0.5675491576222697,0.6317678424938474,0.5196155274122355,0.5239223510828449,0.5543861017726597,0.5196155274122355,0.6317678424938474,0.11215231508161194,0.0422820357891601,P3,P4
198.png,0.7949828962371722,0.8188662533215235,0.8872712964784576,0.8043039677202422,0.7589670014347202,0.8128782830384231,0.7589670014347202,0.8872712964784576,0.12830429504373742,0.04211974898523537,P3,P5
1981.png,0.9035449299258038,0.9035449299258038,0.9035449299258038,0.9009411389376296,0.9052117263843649,0.9033575310198811,0.9009411389376296,0.9052117263843649,0.004270587446735252,0.0013698427789103284,P5,P4
1984.png,0.8705882352941177,0.8700343305541932,0.8350515463917526,0.8700343305541932,0.4945828819068256,0.7880582649402166,0.4945828819068256,0.8705882352941177,0.3760053533872921,0.14736859612677908,P1,P5
1986.png,0.7032094057832857,0.7023596419853539,0.7013235528623823,0.7045491338837624,0.702207025178738,0.7027297519387045,0.7013235528623823,0.7045491338837624,0.0032255810213800418,0.0010888378169431542,P4,P3
1988.png,0.5759548611111112,0.8772493573264781,0.7478260869565218,0.5064102564102564,0.5258234262327032,0.6466527976074141,0.5064102564102564,0.8772493573264781,0.37083910091622174,0.14330157947843122,P2,P4
2002.png,0.8632625741059476,0.856757797458606,0.856757797458606,0.8724373576309795,0.9037187039764359,0.870586846126115,0.856757797458606,0.9037187039764359,0.046960906517829915,0.017534392103324137,P5,P2
2003.png,0.8754087983964554,0.8523143164693219,0.8754087983964554,0.8523143164693219,0.9215686274509803,0.8754029714365069,0.8523143164693219,0.9215686274509803,0.06925431098165846,0.025288099333643274,P5,P2
2006.png,0.7239114114114115,0.8808360020225855,0.7044457164663233,0.7161473087818697,0.7077392162137924,0.7466159309791964,0.7044457164663233,0.8808360020225855,0.17639028555626224,0.06745159088014469,P2,P3
2007.png,0.6639688478277468,0.8617304817005785,0.6488030888030888,0.6471315911550951,0.6728348248141969,0.6988937668601413,0.6471315911550951,0.8617304817005785,0.21459889054548342,0.08197928151909412,P2,P4
2008.png,0.9061636429172174,0.8453161816213463,0.767900898448135,0.8592620529260168,0.9549498498328328,0.8667185251491096,0.767900898448135,0.9549498498328328,0.1870489513846978,0.06264066826669683,P5,P3
2009.png,0.7749508012369974,0.7629524485450674,0.7918486171761281,0.7629524485450674,0.6340125391849529,0.7453433709376427,0.6340125391849529,0.7918486171761281,0.15783607799117516,0.05666401183069839,P3,P5
2014.png,0.7588623003384597,0.0,0.12121853183837529,0.0,0.7583964049195837,0.32769544741928375,0.0,0.7588623003384597,0.7588623003384597,0.35462924274074076,P1,P2
2026.png,0.8750319447993866,0.8730886850152905,0.8926701570680629,0.886581884246042,0.4064485761355613,0.7867642494528686,0.4064485761355613,0.8926701570680629,0.48622158093250156,0.19029594166521507,P3,P5
2029.png,0.8825706594885598,0.0,0.0,0.8917705735660848,0.8429059298354549,0.5234494325780199,0.0,0.8917705735660848,0.8917705735660848,0.4277100861773014,P4,P2
2031.png,0.9330528758975847,0.9259286287674232,0.8733961972484156,0.9333333333333333,0.9346689895470384,0.920076004958759,0.8733961972484156,0.9346689895470384,0.061272792298622814,0.02353877136771745,P5,P3
2039.png,0.9154518950437318,0.9178779069767442,0.915056507473569,0.9162824557146324,0.9173333333333333,0.9164004197084022,0.915056507473569,0.9178779069767442,0.0028213995031751704,0.0010745241828775502,P2,P3
2055.png,0.7170347003154575,0.7271288382399493,0.7148949613015322,0.7300747198007472,0.7148949613015322,0.7208056361918437,0.7148949613015322,0.7300747198007472,0.015179758499215046,0.006480600401070048,P4,P3
2062.png,0.957476418741302,0.9564684242795831,0.9564684242795831,0.956347986474024,0.8606039924927487,0.9374730492534482,0.8606039924927487,0.957476418741302,0.0968724262485533,0.038436697251441734,P1,P5
2064.png,0.747668327584004,0.747114644780713,0.7315845257021728,0.7316684378320936,0.7316684378320936,0.7379408747462154,0.7315845257021728,0.747668327584004,0.016083801881831228,0.007718438938156157,P1,P3
2065.png,0.8884014258294488,0.8954496208017335,0.8798010500138159,0.8908941755537325,0.8865696237297446,0.888223179185695,0.8798010500138159,0.8954496208017335,0.015648570787917593,0.005158564864917614,P2,P3
2066.png,0.9033795493934142,0.9079543004957965,0.0,0.9012372476665943,0.0,0.5425142195111611,0.0,0.9079543004957965,0.9079543004957965,0.44296632079057585,P2,P3
2075.png,0.0,0.0,0.0,0.0,8.396658130064235e-05,1.679331626012847e-05,0.0,8.396658130064235e-05,8.396658130064235e-05,3.358663252025694e-05,P5,P1
2076.png,0.0,0.0,0.5539988547432716,0.0,0.1072467433919312,0.13224911962704056,0.0,0.5539988547432716,0.5539988547432716,0.21492670695583405,P3,P1
2082.png,0.7648506151142355,0.759180790960452,0.7631115804294263,0.7648506151142355,0.7911936704506364,0.768637454413797,0.759180790960452,0.7911936704506364,0.03201287949018439,0.011466707920087207,P5,P2
2108.png,0.55339893472962,0.6666100110478457,0.5211438474870017,0.2187230371009491,0.3293646823411706,0.45784810254131747,0.2187230371009491,0.6666100110478457,0.4478869739468966,0.16149714145555785,P2,P4
211.png,0.4924406047516199,0.437910903066323,0.4412292744746013,0.4583356403299928,0.4475203078238563,0.45548734608927866,0.437910903066323,0.4924406047516199,0.05452970168529686,0.01974514502392302,P1,P2
2110.png,0.8953313253012049,0.8932478310071671,0.9010824934677119,0.8915753683415187,0.9216909216909217,0.9005855879617048,0.8915753683415187,0.9216909216909217,0.030115553349402968,0.011030104602739697,P5,P4
2118.png,0.8667192429022083,0.8657187993680885,0.8681621408894136,0.8667192429022083,0.863849765258216,0.866233838264027,0.863849765258216,0.8681621408894136,0.004312375631197574,0.001423984234601968,P3,P5
2127.png,0.3379948364888124,0.4279173873232272,0.46878097125867196,0.45236902734648904,0.5444620531783765,0.44630485511911544,0.3379948364888124,0.5444620531783765,0.20646721668956408,0.06670224077196882,P5,P1
2136.png,0.48985218656659263,0.4897231055611572,0.48702120924343145,0.4937988056959118,0.45445600224908633,0.4829702618632359,0.45445600224908633,0.4937988056959118,0.03934280344682545,0.014420071589195695,P4,P5
2137.png,0.6541678684741852,0.6772663161943839,0.6604464391165702,0.6840842442015462,0.6541678684741852,0.6660265472921741,0.6541678684741852,0.6840842442015462,0.029916375727361055,0.01236775611429746,P4,P1
2148.png,0.9356084996780425,0.9352239767966484,0.9355670103092784,0.9380417335473515,0.939297124600639,0.9367476689863921,0.9352239767966484,0.939297124600639,0.0040731478039905955,0.0016240459680047085,P5,P2
217.png,0.6346439957492029,0.601789221034257,0.6042256588978436,0.601789221034257,0.6042256588978436,0.6093347511226808,0.601789221034257,0.6346439957492029,0.03285477471494591,0.012701445263587447,P1,P2
2170.png,0.8026243849097867,0.8051662544655125,0.8024083196496989,0.8024050286963651,0.8029516261273572,0.8031111227697441,0.8024050286963651,0.8051662544655125,0.0027612257691473907,0.0010467492800290445,P2,P4
2176.png,0.5824941905499613,0.57805415209224,0.5569886812319031,0.5824941905499613,0.57805415209224,0.5756170733032612,0.5569886812319031,0.5824941905499613,0.025505509318058173,0.009523499151691426,P1,P3
2178.png,0.6532236046647685,0.6629834254143646,0.7749162911826712,0.6194832760008783,0.694656,0.6810525194525365,0.6194832760008783,0.7749162911826712,0.15543301518179298,0.0527013751684845,P3,P4
2182.png,0.7538763922253767,0.745520501264153,0.745520501264153,0.7538763922253767,0.7618530975371596,0.7521293769032439,0.745520501264153,0.7618530975371596,0.01633259627300654,0.006132036243596551,P5,P2
2188.png,0.926825098307403,0.9275832621690863,0.927694406548431,0.9274269557021678,0.9282772820864791,0.9275614009627133,0.926825098307403,0.9282772820864791,0.0014521837790760772,0.0004670912779833284,P5,P1
2208.png,0.7253767696757497,0.6421867281409518,0.7185555128697656,0.7438575400105192,0.7282437006393381,0.7116440502672648,0.6421867281409518,0.7438575400105192,0.10167081186956739,0.03570415328370128,P4,P2
2211.png,0.589709117575165,0.6215928732881266,0.6727938312952723,0.5519857206604195,0.5238689547581903,0.5919900995154347,0.5238689547581903,0.6727938312952723,0.14892487653708197,0.05225248482858969,P3,P5
2213.png,0.005699053221803475,0.0018975332068311196,0.01271523178807947,0.0020547305501074065,0.001123721766490617,0.004698054106662418,0.001123721766490617,0.01271523178807947,0.011591510021588853,0.004310059526664415,P3,P5
2214.png,0.7707165109034267,0.772308173152055,0.772308173152055,0.772308173152055,0.772280318401748,0.771984269752268,0.7707165109034267,0.772308173152055,0.0015916622486282783,0.0006339712199863713,P2,P1
2221.png,0.6009140184929322,0.606541759288663,0.6083095464636854,0.5917843388960206,0.6041777118015057,0.6023454749885614,0.5917843388960206,0.6083095464636854,0.016525207567664846,0.005833055897047849,P3,P4
2226.png,0.5404296403572291,0.540318686624819,0.5397210430563978,0.5393667354118646,0.5406513872135102,0.540097498532764,0.5393667354118646,0.5406513872135102,0.0012846518016456088,0.00047786368324814266,P5,P4
2227.png,0.7716999672453324,0.6276991809381981,0.7735807377954496,0.7713370873357623,0.7476194351753886,0.7383872816980261,0.6276991809381981,0.7735807377954496,0.14588155685725146,0.0561624293806224,P3,P2
223.png,0.9806365159128978,0.9473616307573216,0.9479932894567041,0.9447655748233783,0.9804237060874229,0.9602361434075449,0.9447655748233783,0.9806365159128978,0.03587094108951949,0.016605372181742517,P1,P4
2237.png,0.7079818299805322,0.7072933549432739,0.7128712871287128,0.7072933549432739,0.708026862807803,0.7086933379607192,0.7072933549432739,0.7128712871287128,0.005577932185438894,0.0021130829081668074,P3,P2
2241.png,0.7724283409852339,0.7554590729153365,0.42102229054573403,0.4467224677889589,0.7396150914634146,0.6270494527397357,0.42102229054573403,0.7724283409852339,0.3514060504394999,0.1582782914903747,P1,P3
2244.png,0.7435246317927883,0.7435246317927883,0.7460719716168271,0.6962025316455697,0.7511357900050479,0.7360919113706043,0.6962025316455697,0.7511357900050479,0.054933258359478265,0.02013739391024972,P5,P4
2245.png,0.8897933625547902,0.883075953356445,0.9001545595054096,0.883706271667192,0.9177086362314626,0.8948877566630598,0.883075953356445,0.9177086362314626,0.03463268287501764,0.012953987122527754,P5,P2
2246.png,0.8458820331611852,0.8458820331611852,0.841684434968017,0.841684434968017,0.841684434968017,0.8433634742452842,0.841684434968017,0.8458820331611852,0.004197598193168117,0.002056394743698101,P1,P3
2248.png,0.9287180991493107,0.9231690879137338,0.9193183531895641,0.9231690879137338,0.9275152218034213,0.9243779699939527,0.9193183531895641,0.9287180991493107,0.009399745959746575,0.003382353735971524,P1,P3
2259.png,0.7212205270457698,0.7271053842613898,0.7192467973452693,0.7315805564047692,0.7331297709923664,0.7264566072099129,0.7192467973452693,0.7331297709923664,0.013882973647097119,0.005488256110115229,P5,P3
2272.png,0.7540236866079563,0.744874364112841,0.7105393369619001,0.7720267519627799,0.7904649018833135,0.7543858083057582,0.7105393369619001,0.7904649018833135,0.07992556492141345,0.026929595758402973,P5,P3
2277.png,0.5777356446370531,0.5910455910455911,0.41925939209181384,0.563142631162668,0.48798484395253766,0.5278336205779327,0.41925939209181384,0.5910455910455911,0.17178619895377722,0.06497534845458032,P2,P3
2278.png,0.5289384894887101,0.6062633019154758,0.5643620011242271,0.4740909090909091,0.22534305317324185,0.4797995509585128,0.22534305317324185,0.6062633019154758,0.38092024874223396,0.1344166815697563,P2,P5
228.png,0.7326062429484769,0.734984984984985,0.734984984984985,0.7395147639646417,0.734984984984985,0.7354151923736147,0.7326062429484769,0.7395147639646417,0.0069085210161647925,0.0022473059112916634,P4,P1
2293.png,0.5451983372084831,0.5729664164960958,0.5308299551952208,0.5620374401393121,0.413109243697479,0.5248282785473182,0.413109243697479,0.5729664164960958,0.15985717279861683,0.05767825273320878,P2,P5
2326.png,0.6336759294505774,0.6545359340227779,0.7696086458162764,0.7031976334695027,0.6297604035308954,0.678155709258006,0.6297604035308954,0.7696086458162764,0.13984824228538106,0.05266723418529953,P3,P5
233.png,0.9360983102918586,0.9360558839333691,0.9365921143647683,0.9364676960897288,0.9363336149297289,0.9363095239218907,0.9360558839333691,0.9365921143647683,0.000536230431399165,0.00020707516076611473,P3,P2
234.png,0.9267320662170447,0.923581452104942,0.9211826404195486,0.922514842441772,0.924345369875563,0.9236712742117741,0.9211826404195486,0.9267320662170447,0.005549425797496177,0.0018634137095567703,P1,P3
2344.png,0.6703345070422535,0.6653590497984091,0.6657316503038803,0.6798863636363637,0.5648444241409065,0.6492311989843624,0.5648444241409065,0.6798863636363637,0.11504193949545716,0.04251726464610724,P4,P5
2353.png,0.6048620339248026,0.5546170365068003,0.7700143948621415,0.516010854816825,0.5214173120416695,0.5933843264304477,0.516010854816825,0.7700143948621415,0.25400354004531656,0.09380695803735845,P3,P4
2364.png,0.8828365878725591,0.8850574712643678,0.8845577211394303,0.8854166666666666,0.8850931677018633,0.8845923229289774,0.8828365878725591,0.8854166666666666,0.0025800787941074876,0.0009198428051017161,P4,P1
238.png,0.050623052959501556,0.1393998063891578,0.8416931734768779,0.6957971981320881,0.07403598971722365,0.3603098441349698,0.050623052959501556,0.8416931734768779,0.7910701205173764,0.3379176075876766,P3,P1
2384.png,0.6652788104089219,0.692228889214108,0.6596417281348789,0.6596417281348789,0.6652788104089219,0.6684139932603419,0.6596417281348789,0.692228889214108,0.0325871610792291,0.012171386799992918,P2,P3
2386.png,0.5876321186306989,0.5876321186306989,0.5351767015706806,0.5876321186306989,0.5796779566907274,0.5755502028307009,0.5351767015706806,0.5876321186306989,0.05245541706001822,0.02042046044591817,P1,P3
2388.png,0.5172662216031891,0.7423687423687424,0.46499602227525855,0.5141977091154105,0.4966887417218543,0.547103487416891,0.46499602227525855,0.7423687423687424,0.27737272009348385,0.09938295113725977,P2,P3
2389.png,0.595570740040266,0.5935972629521017,0.5951421945563286,0.6590551639773985,0.8337713534822602,0.6554273430016708,0.5935972629521017,0.8337713534822602,0.24017409053015848,0.09258489941607631,P5,P2
2392.png,0.492336041544518,0.492336041544518,0.5023712455279141,0.4715971809459115,0.4715971809459115,0.48604753810175466,0.4715971809459115,0.5023712455279141,0.030774064582002603,0.012354591204058515,P3,P4
2395.png,0.6515650741350906,0.613941018766756,0.66576,0.6191522762951335,0.636604348872663,0.6374045436139286,0.613941018766756,0.66576,0.05181898123324402,0.019436435391592514,P3,P2
2399.png,0.40459515911045585,0.39243924392439244,0.29257703081232495,0.24917420652017808,0.2746957260118879,0.3226962732758478,0.24917420652017808,0.40459515911045585,0.15542095259027777,0.06354246620973285,P1,P4
2400.png,0.7394751746271474,0.790257104194858,0.869189785045012,0.7674820405565154,0.8646288209606987,0.8062065850768463,0.7394751746271474,0.869189785045012,0.12971461041786458,0.052128875977171474,P3,P1
2401.png,0.30064289888953827,0.4302558398220245,0.3694312796208531,0.7293971850933876,0.34565067707137936,0.4350755760994366,0.30064289888953827,0.7293971850933876,0.4287542862038493,0.1529879539746441,P4,P1
2406.png,0.9087256027554536,0.9108316661903401,0.9093521045826749,0.909325681492109,0.9096903669724771,0.9095850843986109,0.9087256027554536,0.9108316661903401,0.002106063434886507,0.0006964666167577911,P2,P1
2423.png,0.6279622462144361,0.3183617277577009,0.6188694373914205,0.641087356647317,0.5794971392577818,0.5571555814537312,0.3183617277577009,0.641087356647317,0.3227256288896161,0.12115145599165715,P4,P2
2424.png,0.7390286121576214,0.7387517394217389,0.7390286121576214,0.7941715382601867,0.7638763876387639,0.7549713779271865,0.7387517394217389,0.7941715382601867,0.05541979883844783,0.02185118762040198,P4,P2
2430.png,0.8122722914669224,0.8280428432327166,0.8231053964543152,0.4975187682911312,0.8082940622054665,0.7538466723301104,0.4975187682911312,0.8280428432327166,0.3305240749415854,0.12836191667990662,P2,P4
2442.png,0.847188087321093,0.8272218769422002,0.8046489412513931,0.835458409228901,0.8479700547077454,0.8324974738902664,0.8046489412513931,0.8479700547077454,0.04332111345635237,0.01592077078224428,P5,P3
2459.png,0.7000734599643195,0.6683848797250859,0.7212658488815586,0.67808,0.688955791475202,0.6913519960092331,0.6683848797250859,0.7212658488815586,0.05288096915647278,0.018331822778079442,P3,P2
246.png,0.8613505747126436,0.8613505747126436,0.8558172733761599,0.8558172733761599,0.8767225325884543,0.8622116457532123,0.8558172733761599,0.8767225325884543,0.02090525921229447,0.007665829630403157,P5,P3
2472.png,0.6178228833588211,0.6148695773469103,0.6136014523111297,0.6185051403167546,0.616991643454039,0.616358139357531,0.6136014523111297,0.6185051403167546,0.004903688005624907,0.0018423656466496907,P4,P3
2474.png,0.529292343387471,0.529292343387471,0.529292343387471,0.5305354558610709,0.5432733504712939,0.5323371672989555,0.529292343387471,0.5432733504712939,0.013981007083822883,0.005489246295078858,P5,P1
2486.png,0.8515625,0.7879271373487569,0.5744482437053156,0.8484082870136432,0.2544397804326768,0.6633571897000785,0.2544397804326768,0.8515625,0.5971227195673232,0.2281670736890413,P1,P5
2489.png,0.6668832575265324,0.6650037956837653,0.6663055254604551,0.5844200807847663,0.6101395383086042,0.6385504395528246,0.5844200807847663,0.6668832575265324,0.08246317674176618,0.03467029987908712,P1,P4
25.png,0.6255096097845079,0.6616342706170976,0.830604636083644,0.7137949737841258,0.6332046332046332,0.6929496246948017,0.6255096097845079,0.830604636083644,0.20509502629913612,0.07547410384945426,P3,P1
2503.png,0.4906885684270843,0.5968548532867386,0.4754146484661676,0.4890643985419198,0.4470787468247248,0.49982024310932704,0.4470787468247248,0.5968548532867386,0.14977610646201378,0.05097467945434808,P2,P5
2504.png,0.6309505106048704,0.39743473940926743,0.7221988500911513,0.6294432211387229,0.8665753083343715,0.6493205259156767,0.39743473940926743,0.8665753083343715,0.46914056892510403,0.1527677353174338,P5,P2
2511.png,0.3873112356349131,0.4055290373906126,0.3575672841663754,0.42092102521358615,0.2391583869082408,0.3620973938627456,0.2391583869082408,0.42092102521358615,0.18176263830534536,0.06498736247389046,P4,P5
2520.png,0.8179084151393066,0.9074783521385463,0.7860467856932414,0.8943141663989721,0.7716281569048898,0.8354751752549913,0.7716281569048898,0.9074783521385463,0.1358501952336565,0.055632154134087376,P2,P5
2522.png,0.9128467440487901,0.9124532756246311,0.912170145726664,0.9122047244094488,0.9130605822187254,0.9125470944056518,0.912170145726664,0.9130605822187254,0.0008904364920614416,0.00035258165788111095,P5,P3
2523.png,0.912039312039312,0.9123065585851142,0.9126594700686947,0.9117285468404229,0.9141463414634147,0.9125760457993917,0.9117285468404229,0.9141463414634147,0.0024177946229917424,0.0008428225263339344,P5,P4
2532.png,0.7052293006847894,0.7260125622698722,0.7372779484439695,0.7141815910037485,0.6891836734693878,0.7143770151743534,0.6891836734693878,0.7372779484439695,0.04809427497458174,0.016602783128642273,P3,P5
2533.png,0.7514058237291911,0.7621603105731902,0.7546674279189266,0.7644110275689223,0.7624968410411929,0.7590282861662845,0.7514058237291911,0.7644110275689223,0.01300520383973125,0.005058327254573883,P4,P1
2537.png,0.5323899371069183,0.5463344685427496,0.6381268565437708,0.5016263100831225,0.639136608917921,0.5715228362388964,0.5016263100831225,0.639136608917921,0.13751029883479848,0.05667288559263165,P5,P4
2542.png,0.9125651418645049,0.9125313767136513,0.9125313767136513,0.9121725731895224,0.9122468659594986,0.9124094668881657,0.9121725731895224,0.9125651418645049,0.00039256867498249637,0.0001652370393213153,P1,P4
2545.png,0.8888113108744982,0.8883850715033136,0.8881106636315882,0.8883850715033136,0.8888113108744982,0.8885006856774422,0.8881106636315882,0.8888113108744982,0.0007006472429099686,0.000272700017184869,P1,P3
2555.png,0.0,0.21235721703011423,0.159758253036091,0.0,0.0,0.07442309401324106,0.0,0.21235721703011423,0.21235721703011423,0.09265452220523308,P2,P1
2556.png,0.8591392254515722,0.8857101365088585,0.8982929278439248,0.8695972314262572,0.846015037593985,0.8717509117649197,0.846015037593985,0.8982929278439248,0.052277890249939785,0.018576150101673714,P3,P5
2557.png,0.9493588703132608,0.9489240763296792,0.950373013298735,0.0,0.951061416302058,0.7599434752487466,0.0,0.951061416302058,0.951061416302058,0.3799724783191245,P5,P4
256.png,0.9448111220334223,0.9448266179980346,0.9447095144541117,0.9446629213483146,0.945193929173693,0.9448408210015152,0.9446629213483146,0.945193929173693,0.0005310078253784045,0.00018690041801577013,P5,P4
2565.png,0.7530309222176815,0.756497328624468,0.3992297817715019,0.40263142574372707,0.3939837303212969,0.541074637735735,0.3939837303212969,0.756497328624468,0.36251359830317104,0.1745019331900454,P2,P5
2575.png,0.8837833570187905,0.8823019314150572,0.8855345911949686,0.8823019314150572,0.8886449184441656,0.8845133458976078,0.8823019314150572,0.8886449184441656,0.0063429870291084045,0.0023843835872324587,P5,P2
2577.png,0.8570613409415121,0.8732658417697787,0.8613927048792042,0.846832397754611,0.8295558958652374,0.8536216362420687,0.8295558958652374,0.8732658417697787,0.04370994590454136,0.014719847187535492,P2,P5
2581.png,0.6080658436213991,0.6633600865722789,0.6882143526325651,0.5358425513575635,0.5425601511957548,0.6076085970759123,0.5358425513575635,0.6882143526325651,0.1523718012750016,0.06162368232067538,P3,P4
2582.png,0.8680455701802898,0.8625945827393354,0.8781634938409855,0.8399872921740972,0.8164355418592707,0.8530452961587957,0.8164355418592707,0.8781634938409855,0.06172795198171477,0.022171632901772223,P3,P5
2589.png,0.7257790368271955,0.7560840707964602,0.643546441495778,0.7389963554807962,0.643546441495778,0.7015904692192015,0.643546441495778,0.7560840707964602,0.11253762930068223,0.04835712574485374,P2,P3
2590.png,0.6785357071414283,0.6356877323420075,0.7366609294320138,0.6619404496657889,0.7521722704948999,0.6929994178152278,0.6356877323420075,0.7521722704948999,0.11648453815289239,0.04442126025150004,P5,P2
2591.png,0.406816220880069,0.4050960915568992,0.41705957993999143,0.42213202307199316,0.406816220880069,0.4115840272658044,0.4050960915568992,0.42213202307199316,0.01703593151509397,0.006764601360638745,P4,P2
2592.png,0.6701093560145808,0.6701093560145808,0.7682119205298014,0.6701093560145808,0.6701093560145808,0.6897298689176248,0.6701093560145808,0.7682119205298014,0.09810256451522059,0.03924102580608824,P3,P1
2593.png,0.85376008326828,0.8670946591995629,0.8522506161629264,0.8450415866922585,0.7122678018575851,0.8260829494361227,0.7122678018575851,0.8670946591995629,0.15482685734197776,0.057351632237876024,P2,P5
2594.png,0.6716450691851527,0.6643109540636042,0.6675479180436219,0.6710613052076466,0.6604651162790698,0.667006072555819,0.6604651162790698,0.6716450691851527,0.011179952906082868,0.004202536634498108,P1,P5
2602.png,0.6930463063342109,0.6905112886957872,0.6934509986065954,0.6065740858708115,0.6503661412436391,0.6667897641502087,0.6065740858708115,0.6934509986065954,0.0868769127357839,0.034230400105725485,P3,P4
2605.png,0.6796455597956148,0.669766240475268,0.6773309540500924,0.6571985169358386,0.6773711239680167,0.672262479044966,0.6571985169358386,0.6796455597956148,0.022447042859776167,0.00823955987441169,P1,P4
2608.png,0.7424288773325176,0.7417969947868752,0.7561885901439561,0.7679653032229118,0.7671212348269144,0.755100200062635,0.7417969947868752,0.7679653032229118,0.02616830843603657,0.011390684258967838,P4,P2
2609.png,0.8162932790224032,0.7885170225043278,0.7941541431131945,0.27932960893854747,0.27932960893854747,0.5915247325034041,0.27932960893854747,0.8162932790224032,0.5369636700838558,0.25507533405780136,P1,P4
262.png,0.9051987767584098,0.9022972598948242,0.9019770496336237,0.9038328490383285,0.9072681704260651,0.9041148211502502,0.9019770496336237,0.9072681704260651,0.005291120792441428,0.0019530322917028194,P5,P3
2623.png,0.23047938036424534,0.20492247641765152,0.20492247641765152,0.05187096774193548,0.17444993264481365,0.17332904671725952,0.05187096774193548,0.23047938036424534,0.17860841262230986,0.06327048533094663,P1,P4
263.png,0.8886975242195909,0.8883139284174213,0.8894148020654045,0.8884598884598884,0.8886975242195909,0.8887167334763791,0.8883139284174213,0.8894148020654045,0.0011008736479831693,0.0003784862016229024,P3,P2
2656.png,0.5701187747447385,0.7339947585174093,0.7262247838616714,0.7302994662082692,0.5979759460252273,0.6717227458714632,0.5701187747447385,0.7339947585174093,0.16387598377267076,0.07216850463430767,P2,P1
2660.png,0.6794258373205742,0.688724302623382,0.6787656022666361,0.7207007994556898,0.6871680545537997,0.6909569192440163,0.6787656022666361,0.7207007994556898,0.0419351971890537,0.01539891257608781,P4,P3
2680.png,0.8143297380585516,0.8161538461538461,0.8188795088257866,0.8161538461538461,0.8256390690576116,0.8182312016499284,0.8143297380585516,0.8256390690576116,0.011309330999060063,0.0039786689129187505,P5,P1
2685.png,0.7743573468740083,0.774746192893401,0.774746192893401,0.7743573468740083,0.774746192893401,0.7745906544856439,0.7743573468740083,0.774746192893401,0.0003888460193927079,0.00019049486720490135,P2,P1
2701.png,0.8907309721175584,0.8907309721175584,0.889894419306184,0.8890566037735849,0.8907309721175584,0.8902287878864887,0.8890566037735849,0.8907309721175584,0.001674368343973498,0.0006696842461704237,P1,P4
2703.png,0.6101066295781178,0.5870925965896827,0.602375296912114,0.6200539568345323,0.6060732984293193,0.6051403556687532,0.5870925965896827,0.6200539568345323,0.032961360244849636,0.010782549941206816,P4,P2
2705.png,0.7932241671372107,0.5174708818635607,0.8111234705228031,0.7978412412862604,0.7952079173539369,0.7429735356327544,0.5174708818635607,0.8111234705228031,0.2936525886592424,0.1129246493964337,P3,P2
2706.png,0.7017445132245357,0.7559951226121122,0.7037505267593763,0.7018528916339135,0.7026496565260059,0.7131985421511887,0.7017445132245357,0.7559951226121122,0.05425060938757653,0.021410323894038425,P2,P1
2716.png,0.7910181168665475,0.6755105936247375,0.6015037593984962,0.5413138311521684,0.7695846954837148,0.675786199305133,0.5413138311521684,0.7910181168665475,0.2497042857143792,0.09557962894245269,P1,P4
2720.png,0.6889975852888366,0.08520062532569046,0.7305803417029813,0.7093958476214228,0.06450036647935499,0.45573495328365726,0.06450036647935499,0.7305803417029813,0.6660799752236263,0.3113375924776136,P3,P5
2721.png,0.7516608050019539,0.6678605288107026,0.7438049165761674,0.7309368191721133,0.0,0.5788526139121875,0.0,0.7516608050019539,0.7516608050019539,0.29092758415075154,P1,P5
2723.png,0.6010594947025265,0.6036054283978124,0.6010594947025265,0.5976794155565105,0.5948316074260659,0.5996470881570884,0.5948316074260659,0.6036054283978124,0.008773820971746504,0.0030567575008312916,P2,P5
2740.png,0.06353591160220995,0.7453113998591819,0.20092625578909867,0.1832306963524396,0.1956308515381186,0.2777270230282098,0.06353591160220995,0.7453113998591819,0.681775488256972,0.23919894508436867,P2,P1
2752.png,0.8489425981873112,0.8025568181818182,0.8400597907324364,0.6939523518631643,0.7731888964116452,0.791740091075275,0.6939523518631643,0.8489425981873112,0.15499024632414693,0.05591155612898273,P1,P4
2754.png,0.6918620689655173,0.6918620689655173,0.6918620689655173,0.9191770756796473,0.6576903158984981,0.7304907196949395,0.6576903158984981,0.9191770756796473,0.2614867597811492,0.09526694883246749,P4,P5
2766.png,0.7238337120705788,0.5989631418223138,0.4437214346579906,0.5914001270917179,0.765830964073404,0.624749875943201,0.4437214346579906,0.765830964073404,0.32210952941541343,0.1133754276454562,P5,P3
2768.png,0.8323774072245224,0.011487506288780815,0.7865035516969219,0.7611647374534385,0.7493110809237338,0.6281688567174795,0.011487506288780815,0.8323774072245224,0.8208899009357415,0.3096547233546925,P1,P2
2771.png,0.8181269692297379,0.7604707073263318,0.6972346962892934,0.6789667896678967,0.19832800400662634,0.6306254333039771,0.19832800400662634,0.8181269692297379,0.6197989652231116,0.22166252240201015,P1,P5
2781.png,0.549189429269376,0.674280996284574,0.6223793887345289,0.535226533709083,0.5875061973227566,0.5937165090640637,0.535226533709083,0.674280996284574,0.13905446257549103,0.0505064417596415,P2,P4
2782.png,0.9498243148278286,0.9493528418683174,0.9473536036036037,0.9493528418683174,0.9506588169329969,0.9493084838202128,0.9473536036036037,0.9506588169329969,0.003305213329393264,0.0010876555592697788,P5,P3
2784.png,0.3532318897125764,0.3138964577656676,0.5537098560354374,0.5121865889212828,0.4315060167740367,0.43290616184180014,0.3138964577656676,0.5537098560354374,0.23981339826976983,0.09098590919318883,P3,P2
2787.png,0.7808049938227453,0.7379110251450677,0.7690243434924287,0.7487518721917125,0.40916286432628735,0.6891310197956483,0.40916286432628735,0.7808049938227453,0.3716421294964579,0.140785911031238,P1,P5
2794.png,0.6281661600810537,0.6281661600810537,0.6221001221001221,0.6281661600810537,0.5986584684181107,0.6210514141522788,0.5986584684181107,0.6281661600810537,0.029507691662943092,0.011440302757412743,P1,P5
28.png,0.6609185289459792,0.6179391176949374,0.6602384291725105,0.6096153846153847,0.631649381063901,0.6360721682985426,0.6096153846153847,0.6609185289459792,0.051303144330594574,0.02121169383158445,P1,P4
2801.png,0.7087398795931077,0.6781103702652859,0.21462181332958774,0.6533132530120482,0.4236857359432826,0.5356942104286625,0.21462181332958774,0.7087398795931077,0.49411806626351995,0.18957573046827567,P1,P3
2807.png,0.931830985915493,0.9252353701310688,0.9308319120712526,0.9325337331334332,0.9314349943799176,0.9303733991262331,0.9252353701310688,0.9325337331334332,0.007298363002364416,0.0026278570291945126,P4,P2
2810.png,0.7952348842436503,0.8006265383754755,0.8006265383754755,0.7970363718006287,0.7933363349842414,0.7973721335558943,0.7933363349842414,0.8006265383754755,0.007290203391234096,0.0029034649007476793,P2,P5
2816.png,0.0,0.0,0.0,0.0,0.0,0.0,0.0,0.0,0.0,0.0,P1,P1
2825.png,0.8656354261449802,0.8662613981762918,0.8659166920036485,0.8662613981762918,0.8656354261449802,0.8659420681292385,0.8656354261449802,0.8662613981762918,0.0006259720313115391,0.00028023059029011927,P2,P1
2827.png,0.5542553191489362,0.865411632481034,0.8576205071050432,0.8438610883237626,0.284939922305538,0.6812176938728628,0.284939922305538,0.865411632481034,0.580471710175496,0.23006683817040338,P2,P5
2835.png,0.6591523895401262,0.28805761152230447,0.6101552664708351,0.8478513356562137,0.22298136645962732,0.5256395939298214,0.22298136645962732,0.8478513356562137,0.6248699691965864,0.23530243221147532,P4,P5
284.png,0.9076418190342241,0.9122641509433962,0.906791569086651,0.9068788020589612,0.9054054054054054,0.9077963493057275,0.9054054054054054,0.9122641509433962,0.006858745537990818,0.002347476093660988,P2,P5
2846.png,0.8163448585541087,0.8007906874588183,0.8163448585541087,0.8163448585541087,0.8007906874588183,0.8101231901159925,0.8007906874588183,0.8163448585541087,0.015554171095290337,0.007619956511081655,P1,P2
2866.png,0.5614296351451973,0.5453232213795594,0.5476305609284333,0.6261588931678791,0.5270506108202443,0.5615185842882626,0.5270506108202443,0.6261588931678791,0.0991082823476348,0.03412209141181723,P4,P5
2871.png,0.8960235341854331,0.909289390237563,0.9037364444672868,0.9041307028360049,0.8786018417665116,0.8983563826985599,0.8786018417665116,0.909289390237563,0.030687548471051485,0.010747116461210338,P2,P5
2875.png,0.9009932713873758,0.9009932713873758,0.9009932713873758,0.9009932713873758,0.9046114971572963,0.9017169165413599,0.9009932713873758,0.9046114971572963,0.0036182257699204357,0.0014472903079681743,P5,P1
2877.png,0.0,0.0,0.0,0.0,0.5815986415948683,0.11631972831897366,0.0,0.5815986415948683,0.5815986415948683,0.23263945663794733,P5,P1
2878.png,0.8899918512482407,0.8955553917594162,0.8827040740188031,0.8929496189982984,0.8938317225696418,0.8910065317188801,0.8827040740188031,0.8955553917594162,0.0128513177406131,0.004525699934951847,P2,P3
2882.png,0.686054579093432,0.7457715871602869,0.790440251572327,0.8011249071420992,0.697986577181208,0.7442755804298706,0.686054579093432,0.8011249071420992,0.11507032804866713,0.046685367437419995,P4,P1
2883.png,0.7193753050268423,0.7186738176499269,0.71875,0.7264833574529667,0.6089063920024235,0.6984377744264318,0.6089063920024235,0.7264833574529667,0.11757696545054319,0.04486175945455125,P4,P5
2884.png,0.8998522895125554,0.8968183169788879,0.8998522895125554,0.8996458087367178,0.8968951376684241,0.8986127684818281,0.8968183169788879,0.8998522895125554,0.0030339725336674395,0.0014359880742549466,P1,P2
2885.png,0.14604009201445942,0.14099879433974236,0.25743054713089897,0.14223530917936245,0.1265015656134358,0.16264126165557982,0.1265015656134358,0.25743054713089897,0.13092898151746316,0.04785704627820673,P3,P5
2886.png,0.5561852107809261,0.5157726413722925,0.46424242424242423,0.3083981879428505,0.2922154406253346,0.4273627809927656,0.2922154406253346,0.5561852107809261,0.2639697701555915,0.10787864285668153,P1,P5
2891.png,0.9071003059088714,0.9063912201420271,0.9072463768115943,0.907687359279511,0.908273092369478,0.9073396709022964,0.9063912201420271,0.908273092369478,0.0018818722274508426,0.0006257349399127753,P5,P2
2895.png,0.7833935018050542,0.7833935018050542,0.7821389989196975,0.7938371239911959,0.7903930131004366,0.7866312279242876,0.7821389989196975,0.7938371239911959,0.011698125071498366,0.00463080615259572,P4,P3
2897.png,0.9110499770747363,0.9115521394975336,0.9116664747207186,0.911511534488695,0.9121194715680643,0.9115799194699494,0.9110499770747363,0.9121194715680643,0.0010694944933279382,0.0003420220615073319,P5,P1
2898.png,0.8705678869991352,0.8703917050691244,0.872091342679578,0.8725589469116158,0.8696777905638665,0.871057534444664,0.8696777905638665,0.8725589469116158,0.002881156347749325,0.0010871775767864929,P4,P5
2910.png,0.0,0.0,0.0,0.0,0.0,0.0,0.0,0.0,0.0,0.0,P1,P1
2912.png,0.8510421962379258,0.6565606361829026,0.4470669308295288,0.5035028936947914,0.7722234788509387,0.6460792271592174,0.4470669308295288,0.8510421962379258,0.40397526540839696,0.15360075248391244,P1,P3
2916.png,0.8148631029986962,0.8148631029986962,0.8148631029986962,0.7010830324909747,0.8659286592865929,0.8023202001547313,0.7010830324909747,0.8659286592865929,0.1648456267956182,0.05434514407924356,P5,P4
2920.png,0.893673824724318,0.8514899264084932,0.8743059657412876,0.8857159576335655,0.9303418564314888,0.8871055061878307,0.8514899264084932,0.9303418564314888,0.07885193002299562,0.025871812439930628,P5,P2
2924.png,0.867104440275172,0.8361939174947305,0.8711907005969212,0.826151560178306,0.7643504531722054,0.832998214343467,0.7643504531722054,0.8711907005969212,0.10684024742471576,0.03844867997536371,P3,P5
2927.png,0.896,0.863682092555332,0.8963855421686747,0.8797624938149431,0.899496282082034,0.8870652821241969,0.863682092555332,0.899496282082034,0.03581418952670201,0.013574464720731186,P5,P2
2933.png,0.7970065481758652,0.8090040927694406,0.7970065481758652,0.7309644670050761,0.7970065481758652,0.7861976408604225,0.7309644670050761,0.8090040927694406,0.07803962576436452,0.028004768075721574,P2,P4
2940.png,0.02758861533088877,0.022845761818288325,0.022627352130840026,0.023242233123102078,0.01810167499265354,0.022881127479154547,0.01810167499265354,0.02758861533088877,0.00948694033823523,0.0030066478971910687,P1,P5
2941.png,0.7692237816232911,0.7613505149877604,0.932319094987322,0.7958449860167799,0.9320804741110418,0.8381637703452391,0.7613505149877604,0.932319094987322,0.1709685799995616,0.07762660646366522,P3,P2
2943.png,0.9299726843804321,0.908836617927527,0.9101052364650691,0.9294585196224541,0.47235023041474655,0.8301446577620457,0.47235023041474655,0.9299726843804321,0.45762245396568557,0.17912668647532082,P1,P5
2947.png,0.7526007802340702,0.6941975953998955,0.8218623481781376,0.7170259718214225,0.7170259718214225,0.7405425334909896,0.6941975953998955,0.8218623481781376,0.12766475277824219,0.044748685360474154,P3,P2
2951.png,0.7658383851841982,0.7633282177887503,0.7977943561466104,0.7021082860544933,0.7615991442706244,0.7581336778889354,0.7021082860544933,0.7977943561466104,0.09568607009211716,0.03101667018421111,P3,P4
2955.png,0.72,0.713536701620591,0.7206056304707831,0.7174377224199289,0.7332089552238806,0.7209578019470367,0.713536701620591,0.7332089552238806,0.019672253603289613,0.0066120474266825055,P5,P2
2957.png,0.8956537685677609,0.7887101549393072,0.44822669755836747,0.8880294990556705,0.4049192805351921,0.6851078801312596,0.4049192805351921,0.8956537685677609,0.4907344880325688,0.21487602561037794,P1,P5
2958.png,0.77958321858074,0.788946587537092,0.788946587537092,0.7829834051526543,0.7862708719851577,0.7853461341585473,0.77958321858074,0.788946587537092,0.009363368956352036,0.0036214735515349154,P2,P1
2959.png,0.8877015373078365,0.8883686083536243,0.8877015373078365,0.8903635853818114,0.0,0.7108270536702218,0.0,0.8903635853818114,0.8903635853818114,0.35541486632161584,P4,P5
296.png,0.8503147886419119,0.5499194847020934,0.5523360816647036,0.5527524784395905,0.5705024311183144,0.6151650529133228,0.5499194847020934,0.8503147886419119,0.3003953039398185,0.11780487362637798,P1,P2
2961.png,0.7371323529411765,0.755700325732899,0.7371323529411765,0.7679627306934241,0.755700325732899,0.750725617608315,0.7371323529411765,0.7679627306934241,0.030830377752247617,0.011968017362789848,P4,P1
2968.png,0.9198406771222305,0.9201095072175212,0.9188785046728972,0.9201095072175212,0.9279666216713707,0.9213809635803083,0.9188785046728972,0.9279666216713707,0.00908811699847345,0.0033238194299190804,P5,P3
2969.png,0.4807884587916012,0.5107037918007555,0.5336088154269972,0.5254847645429362,0.41328549084552396,0.4927742642815628,0.41328549084552396,0.5336088154269972,0.12032332458147327,0.043637208864154016,P3,P5
2977.png,0.914538822303283,0.0,0.914538822303283,0.914538822303283,0.914538822303283,0.7316310578426264,0.0,0.914538822303283,0.914538822303283,0.36581552892131325,P1,P2
2978.png,0.9335415582162069,0.9357541899441341,0.9335184863738935,0.9327323162274619,0.9364161849710982,0.9343925471465588,0.9327323162274619,0.9364161849710982,0.0036838687436363537,0.0014278453874082123,P5,P4
2979.png,0.9122925838130714,0.9054607508532423,0.9122925838130714,0.9054607508532423,0.9454203262233375,0.9161853991111929,0.9054607508532423,0.9454203262233375,0.0399595753700952,0.014933352909889393,P5,P2
2980.png,0.9334591788579518,0.9331030150753769,0.9310560952679411,0.9307644110275689,0.932078431372549,0.9320922263202774,0.9307644110275689,0.9334591788579518,0.002694767830382916,0.0010702433795580304,P1,P4
2981.png,0.7845783132530121,0.7845783132530121,0.789637802830415,0.7845783132530121,0.7894484412470024,0.7865642367672907,0.7845783132530121,0.789637802830415,0.005059489577402876,0.0024329866600075103,P3,P1
2982.png,0.8929778445362373,0.0,0.0,0.0,0.7901828681424446,0.33663214253573637,0.0,0.8929778445362373,0.8929778445362373,0.4135679869132529,P1,P2
2984.png,0.6806368772470467,0.8468970642883686,0.6799550240212614,0.6806368772470467,0.8377423359755515,0.745173635755855,0.6799550240212614,0.8468970642883686,0.16694204026710724,0.07937263242076527,P2,P3
2990.png,0.8270157068062827,0.8264765997589225,0.8306112925804946,0.8274021352313167,0.5685549372688625,0.7760121343291757,0.5685549372688625,0.8306112925804946,0.26205635531163207,0.10373862883529342,P3,P5
2991.png,0.7592065206717078,0.755487594337296,0.7613402566865877,0.7568445932637384,0.7617275487219665,0.7589213027362592,0.755487594337296,0.7617275487219665,0.00623995438467051,0.0024458446238131166,P5,P2
3001.png,0.006034063260340633,0.000585308750365818,0.000585308750365818,0.006034063260340633,0.006034063260340633,0.0038545614563507066,0.000585308750365818,0.006034063260340633,0.005448754509974815,0.002669333656625378,P1,P2
3008.png,0.7690740033116801,0.7615894039735099,0.7365542388331814,0.7707865168539326,0.7808641975308642,0.7637736721006337,0.7365542388331814,0.7808641975308642,0.04430995869768284,0.014933372938586108,P5,P3
3015.png,0.9563980249393255,0.955585464333782,0.9561799632045492,0.9568267223382045,0.9570521390374331,0.9564084627706588,0.955585464333782,0.9570521390374331,0.0014666747036511385,0.0005135966568016109,P5,P2
3016.png,0.9176488596356956,0.9232526267702147,0.8299883894509869,0.9222908564020438,0.010798898071625344,0.7207959260661132,0.010798898071625344,0.9232526267702147,0.9124537286985893,0.3567516710225993,P2,P5
3018.png,0.5457567949463885,0.542,0.5473196558570483,0.5473196558570483,0.5544245608274503,0.5473641334975871,0.542,0.5544245608274503,0.012424560827450248,0.004030162676602511,P5,P2
3021.png,0.7274081429990069,0.7274081429990069,0.7274081429990069,0.7274081429990069,0.7274081429990069,0.7274081429990069,0.7274081429990069,0.7274081429990069,0.0,0.0,P1,P1
3031.png,0.3169980119284294,0.20414656132350603,0.0,0.2574419838857529,0.0799738708473311,0.17171208559700388,0.0,0.3169980119284294,0.3169980119284294,0.11611248981204614,P1,P3
3039.png,0.0,0.7640449438202247,0.7146171693735499,0.0,0.13370957238984155,0.32247433711672324,0.0,0.7640449438202247,0.7640449438202247,0.3442011429949178,P2,P1
304.png,0.7477495769881557,0.5311679006448531,0.6186953597848016,0.6643578643578644,0.7657645647247033,0.6655470533000756,0.5311679006448531,0.7657645647247033,0.23459666407985025,0.0860872307845476,P5,P2
3045.png,0.8027446840597195,0.8017814009661836,0.8052006613557794,0.8014800271841728,0.8054658758165028,0.8033345298764717,0.8014800271841728,0.8054658758165028,0.00398584863232998,0.0016866766109368317,P5,P4
3046.png,0.6935105551211884,0.6100495399858458,0.5668789808917197,0.6506684950291395,0.587714262281637,0.6217643666619062,0.5668789808917197,0.6935105551211884,0.1266315742294687,0.04536962979483939,P1,P3
3047.png,0.9316394434361767,0.9308022045315371,0.9252839210998207,0.8907469342251951,0.887887323943662,0.9132719654472783,0.887887323943662,0.9316394434361767,0.043752119492514674,0.01970135865591775,P1,P5
3051.png,0.6629237438703717,0.6523359128690169,0.6535900923473406,0.6580580723407291,0.6724344095097419,0.65986844618744,0.6523359128690169,0.6724344095097419,0.02009849664072494,0.007303047538504228,P5,P2
3056.png,0.5438513192701621,0.36465420721729397,0.4791882109617373,0.35536025205206867,0.2667770278874316,0.40196620347773876,0.2667770278874316,0.5438513192701621,0.2770742913827305,0.09791326518230957,P1,P5
3063.png,0.8630330415136966,0.8721678321678321,0.8662348634187553,0.875,0.8662348634187553,0.8685341201038079,0.8630330415136966,0.875,0.011966958486303358,0.004378275789813032,P4,P1
311.png,0.7826711032817903,0.7818608287724785,0.2618593384922081,0.514947207734385,0.7817814556590865,0.6246239867879897,0.2618593384922081,0.7826711032817903,0.5208117647895822,0.2088195256425822,P1,P3
32.png,0.6574481458202388,0.28416603446407285,0.48664343786295006,0.2086566327007572,0.29383282364933744,0.3861494148994713,0.2086566327007572,0.6574481458202388,0.4487915131194816,0.16378565302755846,P1,P4
321.png,0.8369441277080958,0.8992592592592593,0.49209512421947654,0.8564161849710983,0.4704516129032258,0.7110332618122311,0.4704516129032258,0.8992592592592593,0.4288076463560335,0.1888026506679141,P2,P5
323.png,0.9128489239292563,0.9119082997240501,0.9117147707979627,0.9114671163575042,0.9118773946360154,0.9119633010889577,0.9114671163575042,0.9128489239292563,0.0013818075717521028,0.0004696167538167801,P1,P4
324.png,0.9187913125590179,0.5701779982491976,0.9130536676822123,0.5481834759433301,0.7076532462821908,0.7315719401431897,0.5481834759433301,0.9187913125590179,0.37060783661568786,0.1601487733552807,P1,P4
332.png,0.6024975984630163,0.005737508964857758,0.4337117567827593,0.0,0.7306515085264539,0.35451967454741745,0.0,0.7306515085264539,0.7306515085264539,0.3021829882175236,P5,P4
333.png,0.821917808219178,0.8252351097178683,0.8182874854707478,0.8219711725749903,0.821917808219178,0.8218658768403925,0.8182874854707478,0.8252351097178683,0.006947624247120476,0.002198776746508885,P2,P3
350.png,0.946031746031746,0.9383313180169287,0.9388149939540508,0.9401212121212121,0.9494850416871016,0.9425568623622078,0.9383313180169287,0.9494850416871016,0.011153723670172866,0.004424108533231408,P5,P2
351.png,0.9406623735050598,0.9401513414354505,0.9401513414354505,0.9401513414354505,0.9400137899333486,0.9402260375489521,0.9400137899333486,0.9406623735050598,0.0006485835717111588,0.0002245781133763816,P1,P5
354.png,0.8311855670103093,0.8428758741258742,0.8463060686015831,0.8369576977171914,0.8292996358963376,0.8373249686702593,0.8292996358963376,0.8463060686015831,0.01700643270524549,0.006537672585575768,P3,P5
404.png,0.9548834903321765,0.9556962025316456,0.9499951262306268,0.9560117302052786,0.955203171456888,0.954357944151323,0.9499951262306268,0.9560117302052786,0.0060166039746518685,0.002215885015076023,P4,P3
41.png,0.9436044135676338,0.9443762781186094,0.9430960636345095,0.943265306122449,0.9441603599918184,0.943700484287004,0.9430960636345095,0.9443762781186094,0.001280214484099873,0.0004964104974518652,P2,P3
415.png,0.6931629997634255,0.481682273698045,0.5340867663142544,0.011630088163571563,0.7185658153241651,0.4878255886526923,0.011630088163571563,0.7185658153241651,0.7069357271605935,0.25469373614967905,P5,P4
429.png,0.9207629427792916,0.9229089320812405,0.9232111692844677,0.9229089320812405,0.9227913071966801,0.9225166566845839,0.9207629427792916,0.9232111692844677,0.0024482265051760654,0.000887812265115968,P3,P1
442.png,0.9061524334251607,0.9058683074662504,0.9060864775543928,0.9060174552135967,0.9069281757922455,0.9062105698903291,0.9058683074662504,0.9069281757922455,0.0010598683259951391,0.00037099159887829953,P5,P2
443.png,0.5499808502489467,0.6911947085572551,0.7629441954134997,0.8791997646366578,0.3545619963608006,0.647576303043432,0.3545619963608006,0.8791997646366578,0.5246377682758572,0.181242379247665,P4,P5
445.png,0.8184836011153898,0.8223544973544974,0.8224867724867725,0.8224867724867725,0.8223309961635137,0.8216285279213892,0.8184836011153898,0.8224867724867725,0.00400317137138273,0.0015737995636112396,P3,P1
452.png,0.9241001564945227,0.9168148587235724,0.918503937007874,0.9168148587235724,0.931782945736434,0.9216033513371951,0.9168148587235724,0.931782945736434,0.014968087012861675,0.005750197741520101,P5,P2
457.png,0.8532331975560081,0.9828321364452424,0.9832772166105499,0.9827673309009262,0.8011746646199026,0.9206569092265259,0.8011746646199026,0.9832772166105499,0.1821025519906473,0.07805988717492046,P3,P5
472.png,0.9320853286895951,0.9290826284970722,0.9298892988929889,0.9282773564463705,0.9328390754470126,0.9304347375946079,0.9282773564463705,0.9328390754470126,0.004561719000642062,0.0017484442958807557,P5,P4
473.png,0.9273054199845877,0.9275808936825886,0.926941809792361,0.9269043344447294,0.928222279392848,0.9273909474594231,0.9269043344447294,0.928222279392848,0.0013179449481185435,0.0004843602316916105,P5,P4
475.png,0.931024853392907,0.931024853392907,0.9313998884551031,0.9313998884551031,0.931024853392907,0.9311748674177854,0.931024853392907,0.9313998884551031,0.0003750350621961607,0.00018372890760670935,P3,P1
482.png,0.8396110121901109,0.8612042376290734,0.8714001327140013,0.8610105883929768,0.861550845183794,0.8589553632219913,0.8396110121901109,0.8714001327140013,0.03178912052389038,0.010441207954735878,P3,P1
483.png,0.7551951343132286,0.7473612529792305,0.7473612529792305,0.7473612529792305,0.7551951343132286,0.7504948055128298,0.7473612529792305,0.7551951343132286,0.007833881333998094,0.003837802394761786,P1,P2
484.png,0.807158836689038,0.807158836689038,0.807158836689038,0.807158836689038,0.807158836689038,0.807158836689038,0.807158836689038,0.807158836689038,0.0,0.0,P1,P1
486.png,0.9508408796895214,0.9509360877985797,0.9512116316639742,0.9512116316639742,0.9508408796895214,0.9510082221011142,0.9508408796895214,0.9512116316639742,0.0003707519744527987,0.000169682776711902,P3,P1
494.png,0.9232379623168179,0.9232914923291492,0.9232379623168179,0.9218478638416117,0.9232379623168179,0.9229706486242429,0.9218478638416117,0.9232914923291492,0.0014436284875375405,0.0005617750763073216,P2,P4
500.png,0.8751590041795384,0.8726079825041007,0.8751136157062352,0.8726079825041007,0.8751590041795384,0.8741295178147027,0.8726079825041007,0.8751590041795384,0.002551021675437748,0.0012424389251550188,P1,P2
506.png,0.9424391795197965,0.9433391691866942,0.929427430093209,0.9297187181697093,0.9450777202072539,0.9380004434353326,0.929427430093209,0.9450777202072539,0.01565029011404484,0.0069336245690351924,P5,P3
507.png,0.9691730331054819,0.9680517574868271,0.6665451230628988,0.7029659995177236,0.9707602339181286,0.8554992294182119,0.6665451230628988,0.9707602339181286,0.3042151108552298,0.13988920252121562,P5,P3
518.png,0.0,0.9095477386934674,0.07903718340219149,0.0,0.9112125824454591,0.3799595009082236,0.0,0.9112125824454591,0.9112125824454591,0.43404751446756207,P5,P1
519.png,0.8414707655213984,0.8414707655213984,0.8435045317220544,0.8435045317220544,0.8414707655213984,0.8422842720016608,0.8414707655213984,0.8435045317220544,0.0020337662006559842,0.0009963378895451898,P3,P1
543.png,0.7465982600936872,0.9565458579881657,0.9551685809559096,0.9574133949191685,0.9497716894977168,0.9130995566909295,0.7465982600936872,0.9574133949191685,0.2108151348254813,0.0832930096114887,P4,P1
55.png,0.7154656792936486,0.5346947280683476,0.4719224437534297,0.4933920704845815,0.7094594594594594,0.5849868762118934,0.4719224437534297,0.7154656792936486,0.2435432355402189,0.1060383105507067,P1,P3
550.png,0.8453237410071942,0.8460620525059666,0.8460620525059666,0.8460620525059666,0.8441019561351512,0.8455223709320491,0.8441019561351512,0.8460620525059666,0.0019600963708154007,0.0007656109515899779,P2,P5
551.png,0.9356027373223372,0.9356027373223372,0.9366160293347302,0.9376419213973799,0.9356027373223372,0.9362132325398242,0.9356027373223372,0.9376419213973799,0.002039184075042666,0.0008150472797836624,P4,P1
558.png,0.9379387812412244,0.9379387812412244,0.9382022471910112,0.9379387812412244,0.9400506614128905,0.9384138504655152,0.9379387812412244,0.9400506614128905,0.0021118801716660807,0.0008247421811491371,P5,P1
56.png,0.8992248062015504,0.8928731510533393,0.0,0.8952122854561879,0.8948081264108352,0.7164236738243825,0.0,0.8992248062015504,0.8992248062015504,0.3582177921328223,P1,P3
561.png,0.7181391950313585,0.7301221479603596,0.021936589545844043,0.018413849489886603,0.8782414722557859,0.473370650856647,0.018413849489886603,0.8782414722557859,0.8598276227658993,0.37430782955323244,P5,P4
562.png,0.8225082751011401,0.7732682331400671,0.8442297988899301,0.8049706079321378,0.893476465730801,0.8276906761588153,0.7732682331400671,0.893476465730801,0.12020823259073388,0.04026455954161382,P5,P2
563.png,0.6457968476357268,0.3924694708276798,0.376489707475623,0.3714917502976697,0.6710035192492269,0.49145025909718526,0.3714917502976697,0.6710035192492269,0.2995117689515572,0.1367226472342476,P5,P4
579.png,0.0,0.0,0.3057176196032672,0.0,0.0,0.06114352392065344,0.0,0.3057176196032672,0.3057176196032672,0.12228704784130688,P3,P1
581.png,0.8364993215739485,0.854982206405694,0.9588792582140697,0.9073760067825349,0.8281125412917189,0.8771698668535931,0.8281125412917189,0.9588792582140697,0.13076671692235087,0.049278478561507875,P3,P5
589.png,0.9411013567438149,0.8124196215322432,0.9406698564593301,0.0,0.9404856372004444,0.7269352943871665,0.0,0.9411013567438149,0.9411013567438149,0.36685032550575797,P1,P4
590.png,0.8213109847351092,0.8213109847351092,0.8213109847351092,0.8213109847351092,0.784688995215311,0.8139865868311496,0.784688995215311,0.8213109847351092,0.036621989519798226,0.01464879580791929,P1,P5
592.png,0.9046342397548832,0.8113983548766157,0.8696202531645569,0.7749263777871266,0.7280701754385965,0.8177298802043559,0.7280701754385965,0.9046342397548832,0.17656406431628668,0.06349184074458197,P1,P5
593.png,0.964223602484472,0.9647756766777902,0.9617230769230769,0.9596170369461151,0.9642278449457808,0.9629134475954471,0.9596170369461151,0.9647756766777902,0.005158639731675074,0.001959354428866462,P2,P4
601.png,0.963807352522086,0.9631170796292794,0.9636501325255585,0.9630961392884179,0.9633200983172623,0.9633981604565207,0.9630961392884179,0.963807352522086,0.0007112132336681842,0.0002853927066718075,P1,P4
604.png,0.961080922308709,0.9606229797237732,0.9604818569120024,0.96095126247798,0.9609283196239718,0.9608130682092874,0.9604818569120024,0.961080922308709,0.0005990653967066217,0.00022358931943969082,P1,P3
614.png,0.8807697308542453,0.0,0.0,0.8811881188118812,0.0,0.3523915699332253,0.0,0.8811881188118812,0.8811881188118812,0.4315897882768464,P4,P2
616.png,0.958152510849349,0.8682040531097135,0.7314420803782505,0.739409804854831,0.9581913905233819,0.8510799679431053,0.7314420803782505,0.9581913905233819,0.22674931014513133,0.10001406905982363,P5,P3
621.png,0.9297382750746531,0.9297382750746531,0.929234541951305,0.929284088920007,0.9306843267108168,0.929735901546287,0.929234541951305,0.9306843267108168,0.0014497847595118518,0.0005205799943781485,P5,P3
623.png,0.9307596695181692,0.9302155109221522,0.934961699667582,0.9383040935672514,0.9309436722750548,0.9330369291900418,0.9302155109221522,0.9383040935672514,0.008088582645099263,0.003129722004760671,P4,P2
630.png,0.793335340760815,0.8623835951462704,0.7918547497241448,0.8123893805309734,0.8162024323264025,0.8152330996977213,0.7918547497241448,0.8623835951462704,0.07052884542212556,0.025527454473307305,P2,P3
633.png,0.9482541018090029,0.9480765188143788,0.9468396818752616,0.9467951403435274,0.9515343915343916,0.9482999668753125,0.9467951403435274,0.9515343915343916,0.004739251190864158,0.0017268740942894137,P5,P4
66.png,0.8889183457051962,0.9248973677855591,0.9206387321407131,0.920676827073083,0.9043809523809524,0.9119024450171007,0.8889183457051962,0.9248973677855591,0.035979022080362855,0.013468646432242984,P2,P1
67.png,0.9318474067723961,0.9312191986286694,0.9327086882453152,0.9315126946874334,0.9322726295420339,0.9319121235751696,0.9312191986286694,0.9327086882453152,0.001489489616645745,0.0005307271442597627,P3,P2
670.png,0.9765641797462912,0.9754107162031569,0.9754107162031569,0.9754212729419341,0.9765641797462912,0.9758742129681661,0.9754107162031569,0.9765641797462912,0.001153463543134281,0.0005633687033450811,P1,P2
675.png,0.9119086460032626,0.902562480227776,0.7025346724055476,0.8939880679210647,0.924924924924925,0.8671837582965152,0.7025346724055476,0.924924924924925,0.22239025251937738,0.08296240638826766,P5,P3
681.png,0.9667934093789607,0.9667900420828475,0.9668457872858157,0.9639350933414721,0.7884821747943246,0.9305693013766841,0.7884821747943246,0.9668457872858157,0.17836361249149113,0.07105228933911717,P3,P5
687.png,0.9621280432822362,0.9619626378573036,0.9624634749381884,0.9619968518102091,0.9622132253711201,0.9621528466518114,0.9619626378573036,0.9624634749381884,0.0005008370808847751,0.00017959092699787297,P3,P2
694.png,0.9516951695169517,0.9526378896882494,0.9516951695169517,0.9545318576129225,0.9540625467604369,0.9529245266191022,0.9516951695169517,0.9545318576129225,0.0028366880959708185,0.0011818122748663092,P4,P1
695.png,0.8305230065733067,0.8305230065733067,0.8305230065733067,0.8305230065733067,0.8305230065733067,0.8305230065733067,0.8305230065733067,0.8305230065733067,0.0,0.0,P1,P1
7.png,0.2255772646536412,0.1820931639443436,0.8071096748131691,0.7862377850162866,0.2255772646536412,0.44531903061621636,0.1820931639443436,0.8071096748131691,0.6250165108688255,0.28739478479332303,P3,P2
70.png,0.5777228742021824,0.534348239771646,0.4785276073619632,0.4986680873734683,0.5144741663613045,0.5207481950141128,0.4785276073619632,0.5777228742021824,0.09919526684021918,0.03388376571941764,P1,P3
712.png,0.8708267785352212,0.8812392426850258,0.8621045392022009,0.8707653701380176,0.858327803583278,0.8686527468287487,0.858327803583278,0.8812392426850258,0.022911439101747866,0.007963578908885957,P2,P5
713.png,0.9182829888712242,0.918341307814992,0.918341307814992,0.9182829888712242,0.918341307814992,0.9183179802374848,0.9182829888712242,0.918341307814992,5.83189437678433e-05,2.8570330913856222e-05,P2,P1
714.png,0.9028590536699549,0.903010033444816,0.9033121445299431,0.9046421987598459,0.903010033444816,0.9033666927698751,0.9028590536699549,0.9046421987598459,0.0017831450898909695,0.0006545227643103,P4,P1
723.png,0.965206508135169,0.9661399548532731,0.967196819085487,0.9660847880299251,0.0,0.7729256140207709,0.0,0.967196819085487,0.967196819085487,0.3864633219790339,P3,P5
727.png,0.7028167721809341,0.684141316735338,0.6367228449318604,0.60996099609961,0.6974016600505233,0.6662087179996531,0.60996099609961,0.7028167721809341,0.09285577608132412,0.03651835234962884,P1,P4
729.png,0.9106348564496562,0.9041709053916582,0.9139286434186656,0.905989847715736,0.9231383509682571,0.9115725207887946,0.9041709053916582,0.9231383509682571,0.018967445576598907,0.006725311964925174,P5,P2
761.png,0.9426450742240216,0.9331485971596813,0.9453570231310761,0.9466621938946662,0.9471558397845843,0.9429937456388059,0.9331485971596813,0.9471558397845843,0.014007242624902938,0.005165542394003058,P5,P2
762.png,0.9509454645108248,0.9517279210093252,0.9517279210093252,0.9526157217200767,0.0,0.7614034056499104,0.0,0.9526157217200767,0.9526157217200767,0.38070206995051287,P4,P5
764.png,0.8096876290078436,0.8014252432506509,0.786092800827194,0.7599606492867683,0.5830645161290322,0.7480461677002979,0.5830645161290322,0.8096876290078436,0.22662311287881143,0.08421097550520293,P1,P5
769.png,0.7672627918529558,0.6202460850111857,0.519585772174696,0.7737154150197628,0.5461395923409512,0.6453899312799103,0.519585772174696,0.7737154150197628,0.2541296428450668,0.10735916649655744,P4,P3
776.png,0.5331031681559708,0.5328052000812513,0.5328052000812513,0.534442528152582,0.541839103664076,0.5349990400270264,0.5328052000812513,0.541839103664076,0.009033903582824632,0.0034732225264760054,P5,P2
780.png,0.4148148148148148,0.22216142270861833,0.1556151782292066,0.7645951035781544,0.1397710646355108,0.33939151679326096,0.1397710646355108,0.7645951035781544,0.6248240389426436,0.23403065038321597,P4,P5
781.png,0.533918364990474,0.5682689849143442,0.47817320767102733,0.660639958376691,0.47558720177547625,0.5433175435456026,0.47558720177547625,0.660639958376691,0.18505275660121473,0.0682739360203065,P4,P5
782.png,0.861944295661489,0.8687948058974706,0.8673104193395907,0.8498394179720784,0.8169634430252313,0.852970476379172,0.8169634430252313,0.8687948058974706,0.05183136287223933,0.019198347736322913,P2,P5
794.png,0.6812703175793948,0.6899190142594525,0.6668689013600283,0.6711017034573128,0.7376465562253762,0.689361298576313,0.6668689013600283,0.7376465562253762,0.07077765486534793,0.025442334299183626,P5,P3
828.png,0.8757655293088364,0.8693356797184338,0.89419795221843,0.8757655293088364,0.8859118409680208,0.8801953063045115,0.8693356797184338,0.89419795221843,0.024862272499996174,0.00878555859580426,P3,P2
837.png,0.48365083878305376,0.6176994654523856,0.7353525322740815,0.4988850899360785,0.4151818403710032,0.5501539533633204,0.4151818403710032,0.7353525322740815,0.3201706919030783,0.11325152689968251,P3,P5
847.png,0.9382158412647201,0.9381759483454398,0.9383153486873893,0.315710648494833,0.24692610952808464,0.6754687792640934,0.24692610952808464,0.9383153486873893,0.6913892391593046,0.3225567009917326,P3,P5
856.png,0.8990109318063508,0.8372972972972973,0.8454241575571416,0.7911698956780924,0.9321936385304512,0.8610191841738667,0.7911698956780924,0.9321936385304512,0.14102374285235886,0.04938427222639801,P5,P4
86.png,0.9038815385963375,0.9016263736263737,0.8857286264012046,0.9091232754784156,0.9139108554996406,0.9028541339203944,0.8857286264012046,0.9139108554996406,0.02818222909843593,0.009564509307361517,P5,P3
865.png,0.5174267882861258,0.55188246097337,0.5281973553546229,0.42274106075926093,0.45,0.4940495330746759,0.42274106075926093,0.55188246097337,0.12914140021410908,0.049157861965457614,P2,P4
867.png,0.7481396680022896,0.7420034620305562,0.76122969098439,0.6671706671706672,0.6375033184861804,0.7112093613348167,0.6375033184861804,0.76122969098439,0.12372637249820961,0.049368299347969095,P3,P5
868.png,0.5759554140127389,0.4811288677320639,0.6600351520137616,0.5746146799952209,0.7188574263741716,0.6021183080255914,0.4811288677320639,0.7188574263741716,0.23772855864210768,0.08131638679977812,P5,P2
900.png,0.6079599618684461,0.3059082568807339,0.5787742171317168,0.5672119050547288,0.6206896551724138,0.5361087992216078,0.3059082568807339,0.6206896551724138,0.3147813982916799,0.11670179222189903,P5,P2
915.png,0.6946834665027658,0.691922691922692,0.6965326787358085,0.691922691922692,0.7827260458839406,0.7115575149935797,0.691922691922692,0.7827260458839406,0.09080335396124861,0.03562721308265791,P5,P2
921.png,0.49619079165286517,0.4077510917030568,0.39723477798457857,0.24315514993481094,0.24315514993481094,0.3574973922420245,0.24315514993481094,0.49619079165286517,0.25303564171805426,0.09948733580410157,P1,P4
922.png,0.9512401352874859,0.948566610455312,0.9485955056179776,0.9468977082168809,0.9517766497461929,0.9494153218647698,0.9468977082168809,0.9517766497461929,0.004878941529312009,0.001824094383873579,P5,P4
929.png,0.7259161729207813,0.6833298905184879,0.6993657505285412,0.6733156930592306,0.7039795701213024,0.6971814154296687,0.6733156930592306,0.7259161729207813,0.0526004798615507,0.01810033127728048,P1,P4
93.png,0.7317181595910203,0.7444201312910285,0.736353591160221,0.7451838879159369,0.7320872274143302,0.7379525994745073,0.7317181595910203,0.7451838879159369,0.01346572832491666,0.005830062743661408,P4,P1
933.png,0.7480664801711371,0.8088625370572632,0.716211661611055,0.716211661611055,0.7480664801711371,0.7474837641243296,0.716211661611055,0.8088625370572632,0.0926508754462082,0.033834661735967005,P2,P3
935.png,0.9618300653594771,0.9624394712733936,0.9451054624121147,0.9553237025147138,0.9553237025147138,0.9560044808148825,0.9451054624121147,0.9624394712733936,0.017334008861278893,0.006245991639750747,P2,P3
939.png,0.0,0.8143377205264631,0.0,0.8143377205264631,0.7948164146868251,0.4846983711479503,0.0,0.8143377205264631,0.8143377205264631,0.39581875252006704,P2,P1
942.png,0.5699045480067377,0.5882352941176471,0.591881513987932,0.578709848685957,0.5827299544113703,0.5822922318419288,0.5699045480067377,0.591881513987932,0.021976965981194252,0.007664908377969881,P3,P1
943.png,0.9473023839397742,0.9453076444996893,0.9474342928660826,0.0,0.9477635283077885,0.757561569922667,0.0,0.9477635283077885,0.9477635283077885,0.3787817664930913,P5,P4
944.png,0.9292452830188679,0.9291896144767899,0.9305610043154178,0.9292452830188679,0.9292452830188679,0.9294972935697622,0.9291896144767899,0.9305610043154178,0.0013713898386278345,0.0005322921994471714,P3,P2
945.png,0.9188911704312115,0.9188911704312115,0.9188911704312115,0.9188911704312115,0.9188911704312115,0.9188911704312115,0.9188911704312115,0.9188911704312115,0.0,0.0,P1,P1
954.png,0.48415622697126015,0.4859467455621302,0.48558758314855877,0.4984825493171472,0.4859467455621302,0.4880239701122453,0.48415622697126015,0.4984825493171472,0.014326322345887044,0.005270806790043959,P4,P1
956.png,0.6429980276134122,0.6443349753694582,0.6443349753694582,0.6437007874015748,0.6443349753694582,0.6439407482246723,0.6429980276134122,0.6443349753694582,0.0013369477560459808,0.0005315164103909372,P2,P1
958.png,0.6182069920387677,0.6182069920387677,0.6182069920387677,0.6329787234042553,0.6126157010627357,0.6200430801166588,0.6126157010627357,0.6329787234042553,0.020363022341519654,0.006820710889107063,P4,P5
960.png,0.8350253807106599,0.8350253807106599,0.8350253807106599,0.8294280675233057,0.8350253807106599,0.833905918073189,0.8294280675233057,0.8350253807106599,0.005597313187354236,0.0022389252749416945,P1,P4
963.png,0.0,0.7835841313269494,0.0,0.5352212389380531,0.7852015461071231,0.4208013832744252,0.0,0.7852015461071231,0.7852015461071231,0.35542602962035935,P5,P1
982.png,0.9423929098966026,0.9411607023187241,0.9451177992646057,0.9468333562302514,0.9451028470235663,0.9441215229467499,0.9411607023187241,0.9468333562302514,0.005672653911527381,0.002052518700097487,P4,P2
99.png,0.8871422813381701,0.8920834176958898,0.8920834176958898,0.8920834176958898,0.8920834176958898,0.8910951904243458,0.8871422813381701,0.8920834176958898,0.004941136357719755,0.0019764545430879022,P2,P1
992.png,0.9134036144578314,0.9134036144578314,0.9134036144578314,0.9137476459510357,0.9132557266241081,0.9134428431897275,0.9132557266241081,0.9137476459510357,0.0004919193269276034,0.00016280909842441435,P4,P5
994.png,0.9187354884800857,0.9113827349121467,0.9234209055338177,0.9146757679180887,0.9302832244008714,0.919699624249002,0.9113827349121467,0.9302832244008714,0.018900489488724692,0.006651313630124935,P5,P2
