image,prompt,coarse_gt_iou,coarse_box_gt_box_iou,sam_dsc,coarse_area,sam_area,gt_area
100.png,P1,0.5226490825688074,0.528052805280528,0.8792102206736353,2868,2723,2443
100.png,P2,0.5691603875134553,0.5958747135217723,0.8414414414414414,3388,3107,2443
100.png,P3,0.5615671641791045,0.5958747135217723,0.8414414414414414,3416,3107,2443
100.png,P4,0.5687532067727039,0.6179351921627732,0.8380168247717916,3672,3144,2443
100.png,P5,0.5378408458542014,0.5498821681068342,0.8558208402739219,3084,2960,2443
1004.png,P1,0.3804933371136944,0.3387797311271975,0.7517388978063135,3412,2281,1457
1004.png,P2,0.3858335732795854,0.34710743801652894,0.7540895682488603,3356,2272,1457
1004.png,P3,0.3776947398677781,0.3387797311271975,0.7517388978063135,3336,2281,1457
1004.png,P4,0.40925394548063126,0.4126984126984127,0.7125307125307125,2472,1799,1457
1004.png,P5,0.39653627948641385,0.3558548772539648,0.7562617829248586,3220,2256,1457
1007.png,P1,0.28684344722080574,0.3146341463414634,0.6985331310065757,3648,2555,1399
1007.png,P2,0.26701143168209035,0.3182565789473684,0.6953675730110775,3256,2573,1399
1007.png,P3,0.2836465210766887,0.29496951219512196,0.687920298879203,3656,2616,1399
1007.png,P4,0.27222659323367426,0.31009615384615385,0.6944933366859442,3452,2578,1399
1007.png,P5,0.28323242958673334,0.3225,0.6990635282207036,3476,2552,1399
1008.png,P1,0.27032019704433496,0.2857142857142857,0.5057319223985891,4124,2471,2065
1008.png,P2,0.2668170631665299,0.2857142857142857,0.5057319223985891,4112,2471,2065
1008.png,P3,0.273305954825462,0.2857142857142857,0.5057319223985891,4136,2471,2065
1008.png,P4,0.2690573770491803,0.27202072538860106,0.3715585348336126,4128,2112,2065
1008.png,P5,0.2713640098603122,0.2857142857142857,0.5057319223985891,4124,2471,2065
1011.png,P1,0.2857142857142857,0.22342995169082125,0.5100076982294073,4432,3859,1337
1011.png,P2,0.2908719346049046,0.2335858585858586,0.5112868994790661,4348,3846,1337
1011.png,P3,0.2719797596457938,0.2139222941720629,0.5090280445639647,4696,3869,1337
1011.png,P4,0.2685694635488308,0.28873611845584346,0.7589743589743589,2352,1783,1337
1011.png,P5,0.27783760499676935,0.22342995169082125,0.5100076982294073,4596,3859,1337
1015.png,P1,0.432284897322589,0.40932347924957363,0.8425437378505971,3632,1723,1878
1015.png,P2,0.4186572793562987,0.384,0.8418732782369146,3764,1752,1878
1015.png,P3,0.4154841921832213,0.39208567798148486,0.8427152317880795,3808,1746,1878
1015.png,P4,0.39060340856748044,0.3762410729838007,0.8393298544355946,4160,1763,1878
1015.png,P5,0.4130113356333169,0.384,0.8418732782369146,3856,1752,1878
1016.png,P1,0.21619275016279574,0.2219178082191781,0.5304178393591686,3984,3000,1619
1016.png,P2,0.22138919514884234,0.22604651162790698,0.5461950696677385,3920,3046,1619
1016.png,P3,0.20715950010590978,0.222052067381317,0.581039755351682,4080,3286,1619
1016.png,P4,0.20351415899010578,0.19223300970873786,0.545703125,5436,3501,1619
1016.png,P5,0.2122817343535413,0.21418020679468242,0.5717766497461929,4560,3306,1619
102.png,P1,0.5974358974358974,0.6504347826086957,0.856159669649002,4592,3965,4753
102.png,P2,0.5782161234991424,0.6127067014795474,0.8211747986736144,4448,3691,4753
102.png,P3,0.5889962055881338,0.6042918454935622,0.8199597013156336,4460,3684,4753
102.png,P4,0.5819179962257677,0.6127067014795474,0.8211747986736144,4468,3691,4753
102.png,P5,0.604254571026723,0.6856392294220666,0.8697131194012927,4372,4066,4753
1023.png,P1,0.5777249451353328,0.552536231884058,0.9434915569738067,4992,3886,3635
1023.png,P2,0.5751794484321874,0.5537179806018403,0.9447705442902882,4704,3861,3635
1023.png,P3,0.5695043103448276,0.552536231884058,0.9434915569738067,5104,3886,3635
1023.png,P4,0.6060665362035225,0.5776515151515151,0.9466077880369329,4572,3838,3635
1023.png,P5,0.575381679389313,0.5537179806018403,0.9447705442902882,4620,3861,3635
1027.png,P1,0.34597701149425286,0.4134375,0.7413086111606347,3764,3518,2091
1027.png,P2,0.34585174275895925,0.4102478231748158,0.7591747306919847,3392,3386,2091
1027.png,P3,0.3351421749511613,0.4033536585365854,0.73828125,4060,3541,2091
1027.png,P4,0.33599120153973056,0.373542600896861,0.6543608675588372,2768,2243,2091
1027.png,P5,0.35362387494078634,0.4121643481074086,0.7497295347998557,3624,3455,2091
1029.png,P1,0.16723679209426073,0.165,0.46786632390745503,2616,1490,455
1029.png,P2,0.1601002865329513,0.165,0.46786632390745503,2784,1490,455
1029.png,P3,0.16981860285604014,0.165,0.46786632390745503,2576,1490,455
1029.png,P4,0.0,0.0,0.0,3352,2428,455
1029.png,P5,0.15898698557861413,0.165,0.46786632390745503,2840,1490,455
1031.png,P1,0.5761500669941938,0.5536912751677853,0.8962324393358876,4224,3430,2834
1031.png,P2,0.5647084326902233,0.5427631578947368,0.8955176264156963,4384,3435,2834
1031.png,P3,0.5251087386318704,0.5317220543806647,0.889943074003795,4880,3490,2834
1031.png,P4,0.0,0.0,0.0,4976,5369,2834
1031.png,P5,0.5993133889161354,0.6437454279444038,0.8922051119225274,3688,3465,2834
1035.png,P1,0.42888783420344884,0.44152923538230887,0.9332766680832979,5400,3427,3632
1035.png,P2,0.4428189397514551,0.46416938110749184,0.9452316076294278,5540,3708,3632
1035.png,P3,0.41055767003144134,0.430622009569378,0.8796157310117082,4892,3030,3632
1035.png,P4,0.3943732312302314,0.3898176291793313,0.7586671154493436,4744,2310,3632
1035.png,P5,0.39551395836695175,0.4147465437788018,0.7622641509433963,5016,3258,3632
1037.png,P1,0.4770587356150052,0.4681361850720209,0.7254945543454101,4176,3291,5707
1037.png,P2,0.4743884892086331,0.4957599478147423,0.7271718628647509,4540,3306,5707
1037.png,P3,0.4845036682138045,0.48410278745644597,0.7277364977265166,4208,3310,5707
1037.png,P4,0.4676394105749783,0.4794072782741338,0.7249277295975094,4452,3287,5707
1037.png,P5,0.46533944428530505,0.49064403829416886,0.7254749472280858,4524,3294,5707
1039.png,P1,0.4907152682255846,0.4982456140350877,0.7723684210526316,4044,2974,4626
1039.png,P2,0.49735075944895796,0.5588921282798833,0.7779960707269156,3852,3009,4626
1039.png,P3,0.4958988380041012,0.5406091370558376,0.7778359968561698,4128,3008,4626
1039.png,P4,0.49391304347826087,0.5604736396955173,0.7838894681960376,3964,3046,4626
1039.png,P5,0.49299410029498525,0.5585476550680787,0.7707509881422925,3472,2964,4626
1040.png,P1,0.4293795620437956,0.45017084282460135,0.7079510703363915,3680,2387,4153
1040.png,P2,0.43312220566318926,0.45799536500579374,0.7073581153434297,3540,2384,4153
1040.png,P3,0.42320143884892086,0.45017084282460135,0.7079510703363915,3760,2387,4153
1040.png,P4,0.4227308294209703,0.43207261724659607,0.702287732227852,3120,2360,4153
1040.png,P5,0.4289838337182448,0.4604273247065904,0.7048728164266013,3272,2373,4153
1041.png,P1,0.2903989181879648,0.245124716553288,0.7674641148325358,5916,2462,1718
1041.png,P2,0.3538652335675899,0.29843375194017213,0.931958762886598,4832,1677,1718
1041.png,P3,0.28200919238345373,0.2355119825708061,0.7324710687542546,6092,2689,1718
1041.png,P4,0.3802754331408263,0.36122971818958155,0.9279521674140508,4496,1627,1718
1041.png,P5,0.3758046614872364,0.31403118040089084,0.9296274393849793,4480,1664,1718
1047.png,P1,0.46435124508519005,0.45354228486646886,0.705012325390304,7168,5731,4005
1047.png,P2,0.480170751858992,0.46848659003831417,0.7102977667493796,6744,5667,4005
1047.png,P3,0.4610457516339869,0.45354228486646886,0.705012325390304,7172,5731,4005
1047.png,P4,0.5112067685913612,0.5200289077018377,0.8914209115281502,6176,3455,4005
1047.png,P5,0.47841920690585377,0.47048384083691386,0.7051453219677519,6956,5732,4005
1053.png,P1,0.47331200538811247,0.6478149100257069,0.8511394860190723,5256,2693,3494
1053.png,P2,0.49190243902439024,0.6837294332723949,0.8493195074530137,4152,2678,3494
1053.png,P3,0.44649561952440553,0.6793591827257952,0.8513251454427925,5752,2694,3494
1053.png,P4,0.45005647894142325,0.6944958371877891,0.8519295979331504,5492,2699,3494
1053.png,P5,0.4987843650645222,0.6730769230769231,0.8493683187560739,4520,2680,3494
1054.png,P1,0.3464627571790076,0.3145502645502645,0.7636322153775953,8872,5400,3366
1054.png,P2,0.34810197038851165,0.31605528973950026,0.7698330454807139,8744,5319,3366
1054.png,P3,0.3380084151472651,0.30931321540062434,0.7654659805603202,9036,5379,3366
1054.png,P4,0.29462326261887345,0.25647109577221744,0.7583550470148408,10792,5461,3366
1054.png,P5,0.3428915398927438,0.30963541666666666,0.7681708577333792,8904,5343,3366
1057.png,P1,0.4139451338994122,0.3612841399137518,0.3994724501758499,5092,3257,3567
1057.png,P2,0.35021965952773204,0.36746575342465754,0.6216993464052287,6268,7908,3567
1057.png,P3,0.35133278373179444,0.36868517898962866,0.6225130890052356,6268,7893,3567
1057.png,P4,0.3220229647787382,0.3542269366763099,0.6388466015939823,6680,7600,3567
1057.png,P5,0.33085552101635357,0.3735593220338983,0.6408551922385914,6280,7565,3567
1060.png,P1,0.7065998693095186,0.7024793388429752,0.8584672435105068,4216,2853,3619
1060.png,P2,0.5099401659911214,0.4794520547945205,0.8487924934625443,4204,2882,3619
1060.png,P3,0.7118333714808881,0.6983002832861189,0.8584248800866471,3860,2844,3619
1060.png,P4,0.6277292576419214,0.7024793388429752,0.8563040791100124,3836,2853,3619
1060.png,P5,0.6849569867472681,0.7327586206896551,0.8577619563535056,3628,2842,3619
1061.png,P1,0.2621527777777778,0.30526315789473685,0.7527124773960217,3380,2715,1709
1061.png,P2,0.27049180327868855,0.31032102174663445,0.7418133214524393,3716,2780,1709
1061.png,P3,0.24485553938890042,0.2558564040158199,0.7270761245674741,4280,2915,1709
1061.png,P4,0.2658426966292135,0.28731224033237457,0.7404614019520852,3924,2799,1709
1061.png,P5,0.2621992354396222,0.2933115823817292,0.7401155042203466,3904,2793,1709
1069.png,P1,0.2009639844691391,0.1236375794048813,0.6128726029998102,7356,3653,1614
1069.png,P2,0.19320055816313586,0.11313712292724713,0.5826714801444043,7792,3926,1614
1069.png,P3,0.21333141789972704,0.1388242360537578,0.7400881057268722,6832,2699,1614
1069.png,P4,0.21161022805805113,0.14452162222720144,0.6958396206078896,7152,3025,1614
1069.png,P5,0.22419820641434868,0.14845443596949018,0.7486486486486487,6440,2086,1614
1072.png,P1,0.23879551820728293,0.24242424242424243,0.61865189289012,1428,742,341
1072.png,P2,0.3176248821866164,0.28717948717948716,0.599640933572711,1057,773,341
1072.png,P3,0.25277983691623424,0.26046511627906976,0.6295947219604147,1349,720,341
1072.png,P4,0.2449712643678161,0.21663442940038685,0.4113564668769716,1392,1244,341
1072.png,P5,0.2146003775959723,0.19063829787234043,0.41022364217252394,1589,1224,341
1073.png,P1,0.2954292084726867,0.2597568777991043,0.6988922457200403,800,631,362
1073.png,P2,0.2765399737876802,0.24025289778714437,0.3583815028901734,612,330,362
1073.png,P3,0.2862706913339825,0.24806201550387597,0.6603235014272122,959,689,362
1073.png,P4,0.23978919631093545,0.24025289778714437,0.3583815028901734,579,330,362
1073.png,P5,0.25428194993412384,0.24025289778714437,0.3583815028901734,590,330,362
1074.png,P1,0.7004801920768308,0.7016914402870323,0.8572479764532744,1337,1222,1496
1074.png,P2,0.7268882175226586,0.7395209580838323,0.8614259597806215,1362,1239,1496
1074.png,P3,0.5770845830833833,0.6024340770791075,0.8480118914901523,1133,1195,1496
1074.png,P4,0.44256348246674726,0.49228395061728397,0.6383731211317418,890,766,1496
1074.png,P5,0.4263990267639903,0.48739495798319327,0.6295636687444346,849,750,1496
1078.png,P1,0.4964931709117756,0.556745182012848,0.6664430655710213,4156,2011,3952
1078.png,P2,0.4755043227665706,0.5117390693097146,0.6639771390149605,4240,1997,3952
1078.png,P3,0.501029384241063,0.5664488017429193,0.6664430655710213,4068,2011,3952
1078.png,P4,0.48117443868739207,0.4961155785743492,0.6635294117647059,4624,1998,3952
1078.png,P5,0.48096632503660325,0.5283785745391203,0.6622917718324078,4140,1991,3952
108.png,P1,0.5311603650586701,0.5385269724250372,0.914685853783888,9264,7214,8352
108.png,P2,0.4517269922492287,0.557000524383849,0.9717575103435869,10940,8325,8352
108.png,P3,0.4588135473379057,0.5271627816248903,0.9704757351183361,12280,8380,8352
108.png,P4,0.4274947662247034,0.4977040577265486,0.9703549060542798,12104,8413,8352
108.png,P5,0.5140826533298236,0.5638468512448567,0.9543629963564503,8904,7841,8352
1084.png,P1,0.31883095317170373,0.34663865546218486,0.11862990810359231,2640,1063,1331
1084.png,P2,0.32219338092147953,0.3363914373088685,0.14852320675105485,2744,1039,1331
1084.png,P3,0.319751166407465,0.308411214953271,0.07325383304940375,2912,1017,1331
1084.png,P4,0.30209965528047633,0.3173076923076923,0.049689440993788817,2824,1084,1331
1084.png,P5,0.3028953229398664,0.308411214953271,0.07325383304940375,2764,1017,1331
1085.png,P1,0.2833585731112233,0.3016907945629351,0.5086058519793459,5776,5121,1851
1085.png,P2,0.30812274368231046,0.3300719085229282,0.5094664371772806,5396,5121,1851
1085.png,P3,0.2990587817439176,0.3199343724364233,0.5096913137114142,5464,5114,1851
1085.png,P4,0.2846853026925056,0.31361286616886846,0.5097645031591039,5640,5113,1851
1085.png,P5,0.26680276381909546,0.29353181675228013,0.5075866017749785,6216,5135,1851
1089.png,P1,0.4001752848378615,0.38434321096859797,0.7895733216834134,3860,2739,4128
1089.png,P2,0.3955446412910016,0.38434321096859797,0.7895733216834134,3828,2739,4128
1089.png,P3,0.3822864103010266,0.36735579008240565,0.809844040635284,3816,2861,4128
1089.png,P4,0.38442948385983083,0.36735579008240565,0.809844040635284,3892,2861,4128
1089.png,P5,0.38038401660612353,0.36735579008240565,0.809844040635284,3852,2861,4128
1092.png,P1,0.5456357114388203,0.5449612403100775,0.9081200515558829,4936,2611,2820
1092.png,P2,0.5189456342668863,0.5446797520661157,0.9090575050523608,4556,2623,2820
1092.png,P3,0.544437904649794,0.5449612403100775,0.9081200515558829,5052,2611,2820
1092.png,P4,0.5349282296650718,0.5331142568250758,0.9082551939694797,5200,2619,2820
1092.png,P5,0.5077760497667185,0.5207407407407407,0.9096584649283878,4936,2626,2820
1093.png,P1,0.3221858300293053,0.2779255319148936,0.6633848243082668,5648,3869,2022
1093.png,P2,0.340041769508259,0.3265625,0.7399239543726236,5036,3238,2022
1093.png,P3,0.3544471837663569,0.31101190476190477,0.8361377168004142,5120,1841,2022
1093.png,P4,0.35299787931366877,0.3322734499205087,0.8332901218563651,4996,1835,2022
1093.png,P5,0.369025641025641,0.3792888334373051,0.8318122555410691,4652,1813,2022
1096.png,P1,0.37599560560285633,0.38814366075292084,0.7246257945458273,3056,2923,1954
1096.png,P2,0.3524251805985552,0.3409350057012543,0.629406392694064,3288,3521,1954
1096.png,P3,0.39680082559339525,0.38319141058867084,0.7289872898728987,3460,2924,1954
1096.png,P4,0.3578799249530957,0.36916759985069053,0.7245022348638764,3836,2968,1954
1096.png,P5,0.3901322482197355,0.38319141058867084,0.7289872898728987,3512,2924,1954
1103.png,P1,0.27793493635077793,0.29671513193322563,0.6363143631436314,3652,1959,3576
1103.png,P2,0.293408929836995,0.30563002680965146,0.6374300667749504,3724,1965,3576
1103.png,P3,0.29440905874026896,0.30563002680965146,0.6374300667749504,3740,1965,3576
1103.png,P4,0.30442573015588603,0.3076923076923077,0.6200183654729109,3704,1869,3576
1103.png,P5,0.321140398063475,0.3169264424391578,0.6396542409508373,3792,1977,3576
1107.png,P1,0.35625,0.30753968253968256,0.4994475138121547,4640,4682,1653
1107.png,P2,0.32234789391575663,0.28703703703703703,0.4999209486166008,5128,4672,1653
1107.png,P3,0.3806738418343472,0.3307926829268293,0.524149377593361,4248,4372,1653
1107.png,P4,0.32852363028021747,0.33487654320987653,0.5388548057259713,4700,4215,1653
1107.png,P5,0.33861427967891844,0.3244617224880383,0.531628532974428,4684,4291,1653
1111.png,P1,0.0,0.0,0.0,2636,958,2171
1111.png,P2,0.47785757031717535,0.5740318906605922,0.7944307944307945,2768,1492,2171
1111.png,P3,0.0,0.0,0.0,2680,979,2171
1111.png,P4,0.0,0.0,0.0,3420,1393,2171
1111.png,P5,0.0,0.0,0.0,3104,1271,2171
1113.png,P1,0.29553264604810997,0.30689375506893757,0.5282474226804124,4308,3126,1724
1113.png,P2,0.29454545454545455,0.3129859387923904,0.5321062539217737,4328,3057,1724
1113.png,P3,0.2990794262470563,0.3129859387923904,0.5279208736863795,4344,3129,1724
1113.png,P4,0.3494595985589295,0.3474747474747475,0.5343671416596815,3520,3048,1724
1113.png,P5,0.32666666666666666,0.32592592592592595,0.5299606054323035,3848,3099,1724
1114.png,P1,0.5654985398414685,0.5990299110751819,0.745944459719549,4792,4561,2713
1114.png,P2,0.5323783359497645,0.5630227001194743,0.7420678336980306,5096,4599,2713
1114.png,P3,0.6403067337646777,0.6633840644583706,0.7470742117582266,4132,4550,2713
1114.png,P4,0.6285714285714286,0.6417160294381619,0.7568698563258474,4184,4456,2713
1114.png,P5,0.6228293586478352,0.6360515021459228,0.7466629971102243,4296,4554,2713
1118.png,P1,0.31495786516853935,0.32142857142857145,0.8540803897685749,5696,2311,1794
1118.png,P2,0.31145833333333334,0.313953488372093,0.8534566699123661,5760,2314,1794
1118.png,P3,0.3319763138415988,0.32142857142857145,0.8544967097245918,5404,2309,1794
1118.png,P4,0.33834281072298944,0.33047735618115054,0.8540803897685749,4796,2311,1794
1118.png,P5,0.3247600072450643,0.2920497566252028,0.8522203348701771,5520,2327,1794
1120.png,P1,0.2874165248134084,0.2556818181818182,0.7322055537823172,7508,3942,2324
1120.png,P2,0.28523614726664187,0.24743401759530792,0.7322023148882194,8044,3983,2324
1120.png,P3,0.2865035516969219,0.2573389248951582,0.7334503110543946,7456,3945,2324
1120.png,P4,0.28681771369721937,0.24527616279069767,0.7332803812549643,7672,3971,2324
1120.png,P5,0.2833538840937115,0.24527616279069767,0.7332803812549643,8084,3971,2324
1123.png,P1,0.31896042528056706,0.2738443534230544,0.8739139648230557,4568,2588,2131
1123.png,P2,0.3079297704032414,0.2738443534230544,0.8739139648230557,4648,2588,2131
1123.png,P3,0.3303589956422494,0.2831215970961887,0.8762228838792003,4280,2571,2131
1123.png,P4,0.35870792861983286,0.31137724550898205,0.879484425349087,3884,2524,2131
1123.png,P5,0.3466609033931273,0.2943396226415094,0.8769460439326082,4100,2558,2131
1124.png,P1,0.2664631487134758,0.35118525021949076,0.8862985685071575,3448,2530,2360
1124.png,P2,0.2734049550537163,0.3395225464190981,0.7394250993222715,3448,1919,2360
1124.png,P3,0.2620039465029599,0.3395225464190981,0.7394250993222715,3396,1919,2360
1124.png,P4,0.18355682567597273,0.22835394862036157,0.012096774193548387,3024,616,2360
1124.png,P5,0.268994708994709,0.3142613151152861,0.24542334096109839,3636,1136,2360
1125.png,P1,0.4615583075335397,0.548496315475005,0.8960426491695714,3024,2236,2641
1125.png,P2,0.40718562874251496,0.45729356867518767,0.8180806056557559,2764,1850,2641
1125.png,P3,0.46799689038611036,0.5307923771313942,0.8893942526359314,3024,2196,2641
1125.png,P4,0.4890736342042755,0.5628507295173962,0.8990082979154017,3628,2300,2641
1125.png,P5,0.43967758710348415,0.5125729229531282,0.8859228362877998,2896,2154,2641
1126.png,P1,0.352976308978698,0.41244573082489144,0.9180327868852459,4532,2494,2264
1126.png,P2,0.3559992093299071,0.41244573082489144,0.9180327868852459,4596,2494,2264
1126.png,P3,0.35277207392197124,0.3823088455772114,0.9222644697929869,4324,2470,2264
1126.png,P4,0.346741442660994,0.395503746877602,0.9151832460732985,4700,2511,2264
1126.png,P5,0.3560933448573898,0.35680304471931495,0.9454945054945055,4012,2286,2264
1130.png,P1,0.5008264462809917,0.5008902890015067,0.9131075110456554,3724,3250,3540
1130.png,P2,0.5142803808101549,0.6503550677856682,0.9594989561586639,4572,3645,3540
1130.png,P3,0.5231560891938251,0.5342585829072316,0.909522396914862,3564,3202,3540
1130.png,P4,0.518188057652711,0.5503550677856682,0.9209439528023599,3096,3240,3540
1130.png,P5,0.5227976980965029,0.5574324324324325,0.9213615023474179,3340,3276,3540
1134.png,P1,0.3770099213137188,0.3839378238341969,0.83261231281198,2604,1584,1421
1134.png,P2,0.3775545549012816,0.3839378238341969,0.83261231281198,2556,1584,1421
1134.png,P3,0.3754736479503961,0.3839378238341969,0.83261231281198,2572,1584,1421
1134.png,P4,0.3744478423377506,0.3839378238341969,0.83261231281198,2624,1584,1421
1134.png,P5,0.3780783905653833,0.3839378238341969,0.83261231281198,2552,1584,1421
1137.png,P1,0.3913963328631876,0.38555194805194803,0.6477958236658933,5672,4245,2220
1137.png,P2,0.41263940520446096,0.3958333333333333,0.6515527950310559,5380,4220,2220
1137.png,P3,0.39417613636363635,0.3682170542635659,0.6448036951501155,5632,4275,2220
1137.png,P4,0.4051094890510949,0.35202569169960474,0.6495832046928064,5480,4258,2220
1137.png,P5,0.4275808936825886,0.37898936170212766,0.8533819360064804,5192,2718,2220
1138.png,P1,0.26270110076206604,0.2549019607843137,0.5351444588184562,4724,3397,1241
1138.png,P2,0.26954821894005215,0.26262626262626265,0.548265959796775,4604,3286,1241
1138.png,P3,0.28153357531760437,0.29545454545454547,0.44143222506393864,4408,2669,1241
1138.png,P4,0.27975653742110007,0.2988505747126437,0.3146195497292676,4436,2268,1241
1138.png,P5,0.2702526132404181,0.2708333333333333,0.5537323780910561,4592,3086,1241
114.png,P1,0.506363027461487,0.5321844906234161,0.9360481789503872,2772,1761,1726
114.png,P2,0.37502802062317864,0.36989385654551304,0.9342857142857143,4408,1774,1726
114.png,P3,0.14664816581389298,0.12005428541601419,0.2151298742337104,11496,14097,1726
114.png,P4,0.1536353671903544,0.11881392705858043,0.21070275639433822,10904,14382,1726
114.png,P5,0.5400425230333097,0.5898123324396782,0.9363166953528399,2620,1760,1726
1140.png,P1,0.4013840830449827,0.36428571428571427,0.7676056338028169,4284,2753,1791
1140.png,P2,0.39364495798319327,0.38818845388188455,0.7797605601987803,3516,2636,1791
1140.png,P3,0.4394057857701329,0.4051660516605166,0.8046633357125863,3732,2412,1791
1140.png,P4,0.3828145099048109,0.3536652581297079,0.7356106691623772,3584,2483,1791
1140.png,P5,0.40117252931323283,0.39696126685212924,0.7544132917964693,3228,2061,1791
1144.png,P1,0.3705357142857143,0.4065934065934066,0.7306781485468246,3460,2886,1759
1144.png,P2,0.3466702470461869,0.3942622950819672,0.7449249779346867,3256,2773,1759
1144.png,P3,0.38815142576204525,0.38144329896907214,0.7248665955176093,3888,2926,1759
1144.png,P4,0.39013778100072516,0.38144329896907214,0.7248665955176093,3992,2926,1759
1144.png,P5,0.3872309197651663,0.38144329896907214,0.7248665955176093,3912,2926,1759
1146.png,P1,0.42763924493125144,0.4084507042253521,0.8907521578298397,3956,1885,2170
1146.png,P2,0.4239284032030146,0.4008293020041465,0.8907521578298397,3876,1885,2170
1146.png,P3,0.43219741480611046,0.4084507042253521,0.8907521578298397,3924,1885,2170
1146.png,P4,0.4222957014643363,0.4084507042253521,0.8907521578298397,3852,1885,2170
1146.png,P5,0.41152357094056025,0.39348710990502034,0.8905325443786982,4028,1886,2170
1148.png,P1,0.3328228688106177,0.3086053412462908,0.812025685931115,3668,1872,1554
1148.png,P2,0.34046997389033945,0.3151515151515151,0.8126278865828706,3580,1867,1554
1148.png,P3,0.36363636363636365,0.3219814241486068,0.8125182801988886,3336,1865,1554
1148.png,P4,0.4008097165991903,0.3525423728813559,0.8155568650559811,2944,1840,1554
1148.png,P5,0.41455490578297594,0.3701067615658363,0.8171851851851852,2800,1821,1554
1149.png,P1,0.3818227976643818,0.40625,0.6666666666666666,3932,2770,1511
1149.png,P2,0.3514458955223881,0.38235294117647056,0.6666666666666666,4284,2770,1511
1149.png,P3,0.40095974406824847,0.43333333333333335,0.6671341748480598,3744,2767,1511
1149.png,P4,0.3857399333162349,0.37142857142857144,0.6651130272663714,3892,2780,1511
1149.png,P5,0.4635577516985794,0.45348837209302323,0.6674462114125351,3228,2765,1511
1150.png,P1,0.3505226480836237,0.35796045785639957,0.6226175349428208,2824,2096,1052
1150.png,P2,0.3103857566765579,0.28173628173628174,0.605368713360074,3364,2189,1052
1150.png,P3,0.3438140806561859,0.3467741935483871,0.62143310082435,2880,2102,1052
1150.png,P4,0.3510861948142957,0.33542976939203356,0.6407894736842106,2804,1988,1052
1150.png,P5,0.3365417669302166,0.3153526970954357,0.6436241610738255,2836,1928,1052
1156.png,P1,0.1535318155283129,0.18324724904558726,0.5259270202393264,6024,4889,1880
1156.png,P2,0.16005390028447372,0.18591934381408065,0.5310869241091397,5868,4827,1880
1156.png,P3,0.16607225926500233,0.19442458899213724,0.5680213400282441,5640,4493,1880
1156.png,P4,0.18885649497894397,0.1867643212137065,0.46851654215581645,5460,3742,1880
1156.png,P5,0.17860553963705827,0.18397320278278795,0.4694602272727273,5524,3752,1880
1160.png,P1,0.21534820824881676,0.12677556818181818,0.4802509065960992,11832,7655,2548
1160.png,P2,0.23299195318215069,0.13010204081632654,0.4843333003854898,10936,7569,2548
1160.png,P3,0.22118055555555555,0.13010204081632654,0.4843333003854898,11520,7569,2548
1160.png,P4,0.234882005899705,0.12878787878787878,0.4738878143133462,10848,7792,2548
1160.png,P5,0.22758127902822436,0.12482517482517483,0.47963978073610025,11196,7668,2548
1163.png,P1,0.5441941074523396,0.6310986310986311,0.8314724812820176,2748,3233,4380
1163.png,P2,0.5672333848531684,0.5792700729927007,0.9333797585886723,3732,4236,4380
1163.png,P3,0.5336106853514342,0.5903825903825903,0.794613710554951,2624,2972,4380
1163.png,P4,0.5195822454308094,0.5903825903825903,0.794613710554951,2604,2972,4380
1163.png,P5,0.5138676566936012,0.5700245700245701,0.7624633431085044,2552,2781,4380
1165.png,P1,0.37191901408450706,0.46990511259028467,0.9586180713743356,7176,5244,5292
1165.png,P2,0.38010323791647116,0.5125907616252124,0.9567871792425833,6472,5191,5292
1165.png,P3,0.4156521739130435,0.5234560985856322,0.9526534379326258,7732,5543,5292
1165.png,P4,0.36244162050613665,0.4827586206896552,0.9208351843625056,7252,5963,5292
1165.png,P5,0.38349514563106796,0.5246913580246914,0.9617834394904459,7248,5384,5292
1169.png,P1,0.5281368065221714,0.5963479096588179,0.939295316258667,4048,3430,3637
1169.png,P2,0.4911653344551956,0.5447154471544715,0.9408762228838792,3452,3416,3637
1169.png,P3,0.5118976204759048,0.5820607619353801,0.9403280542986425,3924,3435,3637
1169.png,P4,0.46354852876592006,0.5513484550812645,0.7247240231294901,3028,2070,3637
1169.png,P5,0.44461404273877014,0.5141923275417168,0.7082002129925452,2988,1997,3637
117.png,P1,0.39802541365755556,0.2979954123865563,0.5406450721734927,4912,4098,10381
117.png,P2,0.41896441896441894,0.2979954123865563,0.5406450721734927,5212,4098,10381
117.png,P3,0.37066202728687847,0.2737357585448731,0.5340496790399107,4588,3951,10381
117.png,P4,0.3748742799670842,0.2656265626562656,0.5274987708084569,4656,3856,10381
117.png,P5,0.44700753791662884,0.3221536624203822,0.5437092903668153,5552,4204,10381
1170.png,P1,0.45842259006815966,0.45849142510244345,0.7045149754135003,3188,2410,4301
1170.png,P2,0.45767960363336085,0.48425787106446777,0.6835404668081236,2760,2297,4301
1170.png,P3,0.43912812333864965,0.4088509947218839,0.7133984028393966,3820,2461,4301
1170.png,P4,0.4579865239793896,0.45174825174825173,0.6863189720332578,3056,2314,4301
1170.png,P5,0.4264614104431038,0.4811320754716981,0.6809415337889142,2556,2284,4301
1177.png,P1,0.3321245733788396,0.5334008097165992,0.944771883868151,3960,2296,2285
1177.png,P2,0.3231494771375846,0.4826007326007326,0.9401041666666666,4168,2323,2285
1177.png,P3,0.32894987611968746,0.4277597402597403,0.9398007795582504,4688,2333,2285
1177.png,P4,0.2885859519408503,0.43524043524043526,0.9481090589270009,3292,2263,2285
1177.png,P5,0.32319607102380055,0.45959302325581397,0.9382983329725049,4720,2334,2285
1178.png,P1,0.3386960203217612,0.4233576642335766,0.9416990560799556,3636,2715,2688
1178.png,P2,0.334412955465587,0.4233576642335766,0.9416990560799556,3904,2715,2688
1178.png,P3,0.3434426229508197,0.4396248534583822,0.9432846850175504,3868,2725,2688
1178.png,P4,0.20036264732547598,0.23496503496503496,0.17216117216117216,2608,1134,2688
1178.png,P5,0.23076923076923078,0.23880597014925373,0.17922817922817924,3168,1173,2688
1179.png,P1,0.0,0.0,0.0,4700,3834,2504
1179.png,P2,0.0,0.0,0.0,2900,3230,2504
1179.png,P3,0.0,0.0,0.0,4576,3546,2504
1179.png,P4,0.0,0.0,0.0,3556,3202,2504
1179.png,P5,0.0,0.0,0.0,3964,3555,2504
1189.png,P1,0.4391416944136145,0.5395061728395062,0.7452350698856417,2668,1926,1222
1189.png,P2,0.458124276341181,0.5395061728395062,0.7452350698856417,2556,1926,1222
1189.png,P3,0.46477764659582843,0.5395061728395062,0.7452350698856417,2500,1926,1222
1189.png,P4,0.4624074795481106,0.5395061728395062,0.7452350698856417,2532,1926,1222
1189.png,P5,0.4681617941529836,0.5395061728395062,0.7452350698856417,2444,1926,1222
1192.png,P1,0.39839104582021684,0.3394097222222222,0.849083215796897,5576,3252,2420
1192.png,P2,0.39562348037513023,0.3256976259891712,0.8281196287383981,5616,3398,2420
1192.png,P3,0.4089766606822262,0.3394097222222222,0.849083215796897,5428,3252,2420
1192.png,P4,0.4318491153023527,0.35400633770937073,0.8511315417256011,4944,3236,2420
1192.png,P5,0.4020541549953315,0.35400633770937073,0.8353288217942044,5088,3343,2420
121.png,P1,0.4742918225547835,0.35685031047694543,0.9664773768089394,8368,5494,5424
121.png,P2,0.34585771481367417,0.253401515843302,0.4526360908701243,12056,17906,5424
121.png,P3,0.37443927901476226,0.25568967105869345,0.46794588380935537,11428,17194,5424
121.png,P4,0.3644483785306188,0.24916943521594684,0.45909741188711145,11532,17643,5424
121.png,P5,0.4349311905421631,0.37413211664352314,0.6274509803921569,10112,11559,5424
1211.png,P1,0.4694288012872084,0.35059422750424446,0.9442716433385173,7224,3981,3735
1211.png,P2,0.48056345658946226,0.35634167385677307,0.9445164635727249,7196,3979,3735
1211.png,P3,0.4562254259501966,0.35059422750424446,0.9445164635727249,7376,3979,3735
1211.png,P4,0.4609321918738959,0.36270491803278687,0.9445670517980008,7016,3968,3735
1211.png,P5,0.4800385462555066,0.35019785189372526,0.9448839320451303,7016,3976,3735
122.png,P1,0.5604365620736699,0.5311236863379143,0.9667094734762423,6404,5089,5034
122.png,P2,0.4994334919555858,0.42397448905638496,0.9656800078670469,8200,5135,5034
122.png,P3,0.5683152812214537,0.5566700100300903,0.9670156033971954,6984,5092,5034
122.png,P4,0.5307128260608246,0.4696226095786089,0.9674180529579683,7700,5125,5034
122.png,P5,0.5541521096479441,0.5055790688726434,0.9668573683172224,6532,5104,5034
1223.png,P1,0.22877237851662405,0.12629319832709662,0.4797851286400905,7820,5285,1789
1223.png,P2,0.23149585921325053,0.1241883116883117,0.4477335800185014,7728,5778,1789
1223.png,P3,0.20413053400273848,0.11567540322580645,0.40627973358705993,8764,6619,1789
1223.png,P4,0.1856579493565795,0.11243386243386243,0.3949930458970793,9636,6839,1789
1223.png,P5,0.5176504629629629,0.4997822299651568,0.9447042640990372,3456,1846,1789
1225.png,P1,0.32331223628691985,0.3559027777777778,0.6074115352465868,3792,2363,1226
1225.png,P2,0.4075810863618601,0.4484472049689441,0.7624426403106248,2376,1607,1226
1225.png,P3,0.3456195066628863,0.36607142857142855,0.6079196876742889,3520,2360,1226
1225.png,P4,0.34601192165767813,0.354978354978355,0.5989010989010989,3516,2414,1226
1225.png,P5,0.3990498812351544,0.4484472049689441,0.7624426403106248,2308,1607,1226
1239.png,P1,0.22601311084624554,0.14599116161616163,0.5846213292117465,6712,3659,1517
1239.png,P2,0.28218005952380953,0.20805218173639226,0.8663409025582064,5376,1962,1517
1239.png,P3,0.24578742709008425,0.17206101190476192,0.8551997733068858,6172,2012,1517
1239.png,P4,0.20566702819956617,0.13229405034324943,0.557830658550083,7376,3904,1517
1239.png,P5,0.28709311127933385,0.20446507515473034,0.8660919540229886,5284,1963,1517
124.png,P1,0.3988428855541493,0.3884183572976167,0.7752777777777777,3396,2859,4341
124.png,P2,0.45135920670200036,0.47704629810509863,0.8302685540415399,4148,3218,4341
124.png,P3,0.4520706154099984,0.511528773493509,0.8379052369077307,4460,3278,4341
124.png,P4,0.4494720965309201,0.5000971439673596,0.8354830218478547,4308,3257,4341
124.png,P5,0.4134294252065389,0.41830065359477125,0.7989655641758541,3700,3006,4341
1241.png,P1,0.20430701270016566,0.17987377279102384,0.4912863070539419,7244,4545,1480
1241.png,P2,0.19956850053937433,0.18282252316464717,0.49697783747481533,7416,4476,1480
1241.png,P3,0.20705092333519864,0.17987377279102384,0.4912863070539419,7148,4545,1480
1241.png,P4,0.1980728051391863,0.15625951873286628,0.48429319371727747,7472,4632,1480
1241.png,P5,0.21118721461187215,0.18688524590163935,0.5001689760054072,7008,4438,1480
1243.png,P1,0.29546742209631727,0.3165872672152447,0.9050932368494294,2684,1704,1889
1243.png,P2,0.2966536026529997,0.30699666825321276,0.8716623600344531,2412,1594,1889
1243.png,P3,0.29647527003979535,0.3165872672152447,0.9050932368494294,2672,1704,1889
1243.png,P4,0.2879535558780842,0.2919873245812585,0.8807287218901224,2548,1624,1889
1243.png,P5,0.28713741576325813,0.2814645308924485,0.8605392867497825,2504,1560,1889
1246.png,P1,0.3439972480220158,0.3745819397993311,0.7737804878048781,2292,1665,1615
1246.png,P2,0.341646737273659,0.3745819397993311,0.7737804878048781,2312,1665,1615
1246.png,P3,0.3421142661648991,0.3745819397993311,0.7737804878048781,2308,1665,1615
1246.png,P4,0.3388235294117647,0.3745819397993311,0.7737804878048781,2368,1665,1615
1246.png,P5,0.3421142661648991,0.3745819397993311,0.7737804878048781,2308,1665,1615
1247.png,P1,0.5645639288738358,0.5590008613264428,0.9667673716012085,4660,2896,2731
1247.png,P2,0.5551623646960866,0.5590008613264428,0.9667673716012085,4740,2896,2731
1247.png,P3,0.5560884070058382,0.5590008613264428,0.9667673716012085,4732,2896,2731
1247.png,P4,0.576773356401384,0.5590008613264428,0.9667673716012085,4560,2896,2731
1247.png,P5,0.566411238825032,0.5590008613264428,0.9667673716012085,4628,2896,2731
1248.png,P1,0.6163494809688581,0.5930470347648262,0.98005698005698,4356,3200,3118
1248.png,P2,0.6055926544240401,0.6057951482479784,0.98005698005698,4576,3200,3118
1248.png,P3,0.6288888888888889,0.5896877269426289,0.9805225653206651,4212,3197,3118
1248.png,P4,0.6083086053412463,0.6318082788671024,0.980367321089297,3928,3198,3118
1248.png,P5,0.6272788656313302,0.6183368869936035,0.9802121260091816,4112,3199,3118
1249.png,P1,0.33249223602484473,0.3553090332805071,0.9118662547701254,4024,2662,2841
1249.png,P2,0.33455882352941174,0.37083595223130106,0.9516353514265832,4056,2907,2841
1249.png,P3,0.31876456876456877,0.3553090332805071,0.9118662547701254,3948,2662,2841
1249.png,P4,0.35170914838964634,0.37183188963747194,0.9139648614381453,4000,2680,2841
1249.png,P5,0.34934497816593885,0.3688713392563343,0.9092896174863389,3648,2649,2841
1250.png,P1,0.3773176761433869,0.4700460829493088,0.908289241622575,2380,2459,2077
1250.png,P2,0.37608158220024723,0.4700460829493088,0.908289241622575,2376,2459,2077
1250.png,P3,0.39783950617283953,0.4976958525345622,0.9083717864205669,2452,2474,2077
1250.png,P4,0.3768518518518518,0.4700460829493088,0.908289241622575,2384,2459,2077
1250.png,P5,0.36124845488257107,0.4700460829493088,0.908289241622575,2328,2459,2077
1251.png,P1,0.5081168831168831,0.49382716049382713,0.9312571211545765,2464,1381,1252
1251.png,P2,0.49291338582677163,0.49382716049382713,0.9312571211545765,2540,1381,1252
1251.png,P3,0.5081168831168831,0.49382716049382713,0.9312571211545765,2464,1381,1252
1251.png,P4,0.49059561128526646,0.49382716049382713,0.9312571211545765,2552,1381,1252
1251.png,P5,0.5048387096774194,0.49382716049382713,0.9312571211545765,2480,1381,1252
1252.png,P1,0.6323529411764706,0.6157407407407407,0.9524745984922977,2312,1589,1462
1252.png,P2,0.6323529411764706,0.6157407407407407,0.9524745984922977,2312,1589,1462
1252.png,P3,0.6323529411764706,0.6157407407407407,0.9524745984922977,2312,1589,1462
1252.png,P4,0.6312607944732297,0.6157407407407407,0.9524745984922977,2316,1589,1462
1252.png,P5,0.6360470178493688,0.6385459533607681,0.9530993768448671,2296,1587,1462
1253.png,P1,0.6347687400318979,0.5940860215053764,0.9250072950102131,2508,1835,1592
1253.png,P2,0.6460032626427407,0.6350574712643678,0.9255474452554745,2444,1833,1592
1253.png,P3,0.6433481601293974,0.6350574712643678,0.9255474452554745,2472,1833,1592
1253.png,P4,0.6472518457752255,0.6350574712643678,0.9255474452554745,2424,1833,1592
1253.png,P5,0.6518487744079767,0.6366307541625857,0.9255474452554745,2384,1833,1592
1254.png,P1,0.5322519803847605,0.4875,0.9365079365079365,2644,1606,1418
1254.png,P2,0.5730061349693252,0.5602350636630754,0.9481481481481482,2428,1552,1418
1254.png,P3,0.4487341772151899,0.428466796875,0.9209756097560976,3160,1657,1418
1254.png,P4,0.5111913357400723,0.4875,0.9365079365079365,2768,1606,1418
1254.png,P5,0.5727835051546392,0.5602350636630754,0.9481481481481482,2396,1552,1418
1267.png,P1,0.14683053040103494,0.12834821428571427,0.5895117540687161,3056,1169,490
1267.png,P2,0.11666666666666667,0.11408730158730158,0.003243593902043464,4200,2593,490
1267.png,P3,0.0,0.0,0.0,3336,2098,490
1267.png,P4,0.0,0.0,0.0,4600,2366,490
1267.png,P5,0.11986301369863013,0.11408730158730158,0.0,4088,2601,490
1273.png,P1,0.3645049218297626,0.35047361299052776,0.8564019448946515,3348,1720,1365
1273.png,P2,0.3774617067833698,0.36186770428015563,0.8660988074957411,2412,1570,1365
1273.png,P3,0.0,0.0,0.0,3576,7525,1365
1273.png,P4,0.3678646934460888,0.35524407926534557,0.8662674650698603,3164,1641,1365
1273.png,P5,0.3545760808534531,0.35047361299052776,0.8564019448946515,3460,1720,1365
1279.png,P1,0.7442293373045421,0.7051741436147341,0.8815517053503323,4252,4059,5118
1279.png,P2,0.7040273556231003,0.6665674750781134,0.8257428014225078,3852,3599,5118
1279.png,P3,0.7423020527859238,0.7051741436147341,0.8815517053503323,4388,4059,5118
1279.png,P4,0.7252050708426547,0.7051741436147341,0.8815517053503323,4136,4059,5118
1279.png,P5,0.7319237304134416,0.7302953837019445,0.8756175211329454,4056,3991,5118
128.png,P1,0.6122044241037377,0.5829457364341085,0.7831223628691983,4176,4273,6392
128.png,P2,0.6054141533029278,0.5673257023933402,0.8593982983948777,4520,5009,6392
128.png,P3,0.6789156626506024,0.621473868357752,0.875140607424072,4756,5165,6392
128.png,P4,0.6451136699143785,0.5793964620187305,0.8663530231747691,4752,5086,6392
128.png,P5,0.5973696009565087,0.5886417620384367,0.8478878239261626,4296,4876,6392
1280.png,P1,0.5217447747630793,0.5725190839694656,0.8223921258458564,5512,5169,6210
1280.png,P2,0.0,0.0030743432084963667,0.0,4068,5489,6210
1280.png,P3,0.5245150862068966,0.5776877050762401,0.8190205819730305,5108,5062,6210
1280.png,P4,0.0,0.0,0.0,3044,2789,6210
1280.png,P5,0.0,0.0,0.0,2624,2758,6210
1281.png,P1,0.6351453094413492,0.737527114967462,0.8307853403141361,5276,3967,5583
1281.png,P2,0.6454518606024808,0.737527114967462,0.8307853403141361,5560,3967,5583
1281.png,P3,0.6295468097793679,0.737527114967462,0.8307853403141361,5348,3967,5583
1281.png,P4,0.6368227731864096,0.7837837837837838,0.828823159219635,5112,3951,5583
1281.png,P5,0.6622880708721551,0.7837837837837838,0.828823159219635,5300,3951,5583
1282.png,P1,0.7108714043993232,0.6628571428571428,0.8966889299417365,4208,3156,3881
1282.png,P2,0.700477845351868,0.6553966189856957,0.8887616320687187,3948,3104,3881
1282.png,P3,0.7084680025856497,0.6436781609195402,0.8924086757990868,4048,3127,3881
1282.png,P4,0.714015549485186,0.6508728179551122,0.8979418026969482,4276,3164,3881
1282.png,P5,0.7088850918410935,0.6436781609195402,0.8924086757990868,4120,3127,3881
1283.png,P1,0.34749552772808584,0.24314744801512286,0.9504084014002334,4396,1798,1630
1283.png,P2,0.36490900606626225,0.25407407407407406,0.953999414005274,4220,1783,1630
1283.png,P3,0.35222121486854036,0.24314744801512286,0.9504084014002334,4336,1798,1630
1283.png,P4,0.36730859558478157,0.25407407407407406,0.953999414005274,4192,1783,1630
1283.png,P5,0.38656716417910447,0.265754132231405,0.9573654807409585,3944,1771,1630
1293.png,P1,0.23209516873027433,0.2827868852459016,0.6202444085773576,3720,2982,1355
1293.png,P2,0.234192037470726,0.2955607476635514,0.6278906797477225,3388,2926,1355
1293.png,P3,0.22971014492753622,0.2827868852459016,0.6202444085773576,3736,2982,1355
1293.png,P4,0.22650663942798774,0.29976303317535546,0.6269005847953216,3448,2920,1355
1293.png,P5,0.2320020351055711,0.28903274942878904,0.622109158186864,3488,2969,1355
13.png,P1,0.7635627530364373,0.6988564167725541,0.9689657316997325,9424,8079,8000
13.png,P2,0.6289421942587495,0.5774756852343059,0.9627172778084884,12712,8281,8000
13.png,P3,0.5747784487491178,0.5562913907284768,0.9648581997533908,12080,8220,8000
13.png,P4,0.5967203158214394,0.5831473214285714,0.9633591540636911,13032,8266,8000
13.png,P5,0.6947230702136938,0.6191027975500745,0.9606107261996407,7544,7588,8000
1309.png,P1,0.19749447310243184,0.2057633973710819,0.88912964969303,5256,1525,1244
1309.png,P2,0.20650345729770136,0.20555555555555555,0.88912964969303,5212,1525,1244
1309.png,P3,0.19925650557620816,0.22023809523809523,0.8900939985538684,5208,1522,1244
1309.png,P4,0.20471441523118766,0.19234404536862004,0.8882480173035328,5400,1530,1244
1309.png,P5,0.19978304104140301,0.20555555555555555,0.88912964969303,5392,1525,1244
131.png,P1,0.5804794520547946,0.6507936507936508,0.9487344487344488,6316,4564,4760
131.png,P2,0.5707135707135708,0.667462556978511,0.951310861423221,6224,4585,4760
131.png,P3,0.5379417879417879,0.6284488044144696,0.9517904863709247,7076,4595,4760
131.png,P4,0.5498978897208986,0.6412930135557873,0.9516680923866553,6624,4592,4760
131.png,P5,0.5380124718057583,0.6044820129742481,0.9517904863709247,6832,4595,4760
1326.png,P1,0.2928130263896687,0.3035230352303523,0.8136117556071152,3016,2290,1589
1326.png,P2,0.26795931341385887,0.2839756592292089,0.8221031857908091,2400,1958,1589
1326.png,P3,0.2723525681674065,0.2839756592292089,0.8221031857908091,2424,1958,1589
1326.png,P4,0.26556016597510373,0.2733812949640288,0.8056453984122317,2376,1812,1589
1326.png,P5,0.26556016597510373,0.2733812949640288,0.8056453984122317,2376,1812,1589
1331.png,P1,0.2601140374694543,0.26459703947368424,0.544487968662563,3668,2601,973
1331.png,P2,0.0,0.0,0.0,8136,20433,973
1331.png,P3,0.25698021143941446,0.2717483108108108,0.5708418891170431,3664,2436,973
1331.png,P4,0.0,0.0,0.0,11196,16815,973
1331.png,P5,0.258650821391122,0.270417918601475,0.6309639727361246,2628,2108,973
1333.png,P1,0.4623287671232877,0.49421487603305786,0.9222952779438135,2644,1720,1626
1333.png,P2,0.41545893719806765,0.42521008403361343,0.926785176257909,2476,1693,1626
1333.png,P3,0.41902136457615435,0.42521008403361343,0.926785176257909,2492,1693,1626
1333.png,P4,0.3947550034506556,0.40169014084507043,0.9284204167925099,2416,1685,1626
1333.png,P5,0.4251207729468599,0.4714681440443213,0.9233532934131736,2504,1714,1626
1334.png,P1,0.4708310401761145,0.467687074829932,0.9284487693188322,3628,1777,1717
1334.png,P2,0.4915795586527294,0.47909407665505227,0.9287145720011452,3420,1776,1717
1334.png,P3,0.4808018068887634,0.467687074829932,0.9284487693188322,3528,1777,1717
1334.png,P4,0.5055935363579863,0.48629531388152075,0.9284077892325315,3128,1775,1717
1334.png,P5,0.5002962085308057,0.47909407665505227,0.9287145720011452,3348,1776,1717
1341.png,P1,0.36772823779193203,0.5464968152866242,0.7988718491098185,4160,3391,2282
1341.png,P2,0.42060660124888494,0.5878284923928078,0.8032670454545454,4088,3350,2282
1341.png,P3,0.40707964601769914,0.5774003919007185,0.8007073386383731,4396,3373,2282
1341.png,P4,0.44875222816399285,0.5704697986577181,0.8018433179723502,4220,3360,2282
1341.png,P5,0.4168133802816901,0.5704697986577181,0.8014171833480956,4156,3363,2282
1345.png,P1,0.4324468085106383,0.48300536672629696,0.9102040816326531,3760,1804,1626
1345.png,P2,0.4361587982832618,0.48300536672629696,0.9102040816326531,3728,1804,1626
1345.png,P3,0.4274447949526814,0.4485049833887043,0.9069364161849711,3804,1834,1626
1345.png,P4,0.4315286624203822,0.4485049833887043,0.9068825910931174,3768,1832,1626
1345.png,P5,0.4301587301587302,0.46511627906976744,0.910469524642753,3780,1803,1626
1346.png,P1,0.0,0.0,0.0,2804,271,1027
1346.png,P2,0.2917383820998279,0.2735969387755102,0.6287560581583199,3476,2068,1027
1346.png,P3,0.3010752688172043,0.29183151035606236,0.6516476126429052,3208,1947,1027
1346.png,P4,0.26225301513985116,0.2611607142857143,0.6330841728956776,3892,2050,1027
1346.png,P5,0.27014846235418877,0.267234219269103,0.6279444982252339,3764,2072,1027
1353.png,P1,0.5476234510819308,0.7327726532826913,0.9209814930338948,3876,5126,4492
1353.png,P2,0.5274131274131274,0.8053070960047705,0.9216484089723527,3420,5093,4492
1353.png,P3,0.45387453874538747,0.48987993138936536,0.6636313465783664,2600,2756,4492
1353.png,P4,0.4215080346106304,0.48987993138936536,0.6636313465783664,2408,2756,4492
1353.png,P5,0.4297486608982283,0.48987993138936536,0.6636313465783664,2448,2756,4492
1355.png,P1,0.5610833088018841,0.524479932758983,0.8129951045838897,5288,5917,5318
1355.png,P2,0.5224011713030746,0.5343609505459217,0.8206579412805094,5080,5990,5318
1355.png,P3,0.5491346435904958,0.524479932758983,0.8129951045838897,5244,5917,5318
1355.png,P4,0.5261032593019902,0.524479932758983,0.8129951045838897,5264,5917,5318
1355.png,P5,0.5615373112008375,0.53413224909052,0.8088379998210932,5124,5861,5318
1361.png,P1,0.3154029741141913,0.4175107534341612,0.7424059949150275,4144,4452,3021
1361.png,P2,0.24088809034907596,0.23761401666776036,0.5944829011261494,6648,6658,3021
1361.png,P3,0.35041430440471,0.34984105738664883,0.4640686449767608,3172,2573,3021
1361.png,P4,0.22445721583652617,0.22309161481116382,0.5545940690325717,8484,7264,3021
1361.png,P5,0.3326723948006169,0.40482212105884335,0.7154873824839189,3028,3042,3021
1364.png,P1,0.4218595450049456,0.479394449116905,0.7267545422158889,2404,2268,3346
1364.png,P2,0.42139303482587065,0.479394449116905,0.7267545422158889,2368,2268,3346
1364.png,P3,0.4218595450049456,0.479394449116905,0.7267545422158889,2404,2268,3346
1364.png,P4,0.4218595450049456,0.479394449116905,0.7267545422158889,2404,2268,3346
1364.png,P5,0.42139303482587065,0.479394449116905,0.7267545422158889,2368,2268,3346
1365.png,P1,0.4247504238086269,0.48425787106446777,0.895124789861632,4044,4213,3520
1365.png,P2,0.4302235929067078,0.505741127348643,0.8965785381026439,3900,4196,3520
1365.png,P3,0.4385395537525355,0.5527666856816885,0.899895724713243,3572,4152,3520
1365.png,P4,0.43405889884763127,0.5506824106732097,0.9011764705882352,3200,4130,3520
1365.png,P5,0.45586975149957154,0.5485092285849503,0.9023974846063146,3276,4113,3520
1367.png,P1,0.6418752203031372,0.6436781609195402,0.9297584755151784,2560,2415,2098
1367.png,P2,0.6086341118188252,0.6201209455744915,0.9316163410301954,2448,2406,2098
1367.png,P3,0.6267232237539767,0.6436781609195402,0.9297584755151784,2504,2415,2098
1367.png,P4,0.6142958244869073,0.6201209455744915,0.9316163410301954,2464,2406,2098
1367.png,P5,0.6058032554847842,0.6201209455744915,0.9316163410301954,2440,2406,2098
1368.png,P1,0.43036211699164345,0.4222222222222222,0.821348673697667,2792,1813,1316
1368.png,P2,0.43036211699164345,0.4222222222222222,0.821348673697667,2792,1813,1316
1368.png,P3,0.4307479224376731,0.4222222222222222,0.821348673697667,2816,1813,1316
1368.png,P4,0.4307479224376731,0.4222222222222222,0.821348673697667,2816,1813,1316
1368.png,P5,0.4467137021908652,0.4222222222222222,0.821348673697667,2580,1813,1316
1370.png,P1,0.6328551912568307,0.5781818181818181,0.767661310890079,2432,1572,2349
1370.png,P2,0.6352698521828807,0.5781818181818181,0.767661310890079,2408,1572,2349
1370.png,P3,0.6318355973528388,0.5781818181818181,0.767661310890079,2336,1572,2349
1370.png,P4,0.6297696803025095,0.5781818181818181,0.767661310890079,2392,1572,2349
1370.png,P5,0.6353840806395551,0.5781818181818181,0.767661310890079,2356,1572,2349
1371.png,P1,0.48480888598497224,0.49557522123893805,0.9063733784545968,2644,1645,1901
1371.png,P2,0.48281452658884566,0.49557522123893805,0.9063733784545968,2672,1645,1901
1371.png,P3,0.48735632183908045,0.49557522123893805,0.9063733784545968,2628,1645,1901
1371.png,P4,0.5068831627250264,0.4928571428571429,0.8853410740203193,2368,1544,1901
1371.png,P5,0.49914529914529915,0.4928571428571429,0.8853410740203193,2484,1544,1901
1372.png,P1,0.46138415245737213,0.3996138996138996,0.864645201625508,2988,1816,1383
1372.png,P2,0.4654109589041096,0.4107142857142857,0.864645201625508,2896,1816,1383
1372.png,P3,0.4641393442622951,0.4107142857142857,0.864645201625508,2904,1816,1383
1372.png,P4,0.44472543352601157,0.419284940411701,0.8649155722326454,2616,1815,1383
1372.png,P5,0.45707070707070707,0.419284940411701,0.8649155722326454,2656,1815,1383
1373.png,P1,0.40643491124260356,0.4294377067254686,0.8685491723466408,2448,1726,1355
1373.png,P2,0.4145894428152493,0.46216216216216216,0.8543505674653216,2504,1817,1355
1373.png,P3,0.4106155547364541,0.4294377067254686,0.8685491723466408,2472,1726,1355
1373.png,P4,0.41001104158998897,0.4294377067254686,0.8685491723466408,2476,1726,1355
1373.png,P5,0.4420523860782203,0.47805139186295503,0.853005980484734,2664,1822,1355
1378.png,P1,0.19760956175298805,0.20930232558139536,0.48597014925373133,3688,2529,821
1378.png,P2,0.19910924810060257,0.20454545454545456,0.48137196924896514,3756,2561,821
1378.png,P3,0.20078843626806833,0.20454545454545456,0.48137196924896514,3748,2561,821
1378.png,P4,0.1626,0.17219387755102042,0.4562780269058296,4992,2747,821
1378.png,P5,0.16493356441363374,0.21212121212121213,0.576307363927428,3212,1990,821
138.png,P1,0.6032332563510393,0.5570971184631803,0.8672821696480092,3820,3810,3122
138.png,P2,0.5660944206008584,0.5631067961165048,0.8589544878117514,4176,3975,3122
138.png,P3,0.5530774179712631,0.5742574257425742,0.8605408466657228,4120,3941,3122
138.png,P4,0.5274190133389794,0.5759682224428997,0.8524681862676549,4092,4029,3122
138.png,P5,0.5825022665457842,0.5680087051142546,0.8686722591842638,3860,3792,3122
1380.png,P1,0.4253075571177504,0.46524876566654005,0.6902215431627197,2948,2507,2729
1380.png,P2,0.5575646601052873,0.58008356545961,0.8283521149763188,4076,3394,2729
1380.png,P3,0.40860215053763443,0.43031691485299733,0.641050774357969,2904,2372,2729
1380.png,P4,0.35870639740149696,0.39591155611180645,0.6106492922938666,6892,6173,2729
1380.png,P5,0.48501691638472694,0.5509745127436282,0.7848327669468789,3416,2862,2729
1381.png,P1,0.21476683937823834,0.19753086419753085,0.5001975503753457,3860,1702,829
1381.png,P2,0.2202444208289054,0.20202020202020202,0.5156551990722845,3764,1758,829
1381.png,P3,0.212782340862423,0.19047619047619047,0.4855769230769231,3896,1667,829
1381.png,P4,0.21083418107833163,0.1702127659574468,0.5401785714285714,3932,1859,829
1381.png,P5,0.21792849631966352,0.19753086419753085,0.5001975503753457,3804,1702,829
1384.png,P1,0.3056422569027611,0.3111111111111111,0.629353831371607,4128,2853,1310
1384.png,P2,0.3105171121658756,0.3181818181818182,0.6169060513303508,3936,2937,1310
1384.png,P3,0.301947251663791,0.3111111111111111,0.5577825159914712,3972,3380,1310
1384.png,P4,0.24452338661930137,0.25,0.5938349954669084,4996,3102,1310
1384.png,P5,0.2896986054880792,0.2916666666666667,0.6267942583732058,4424,2870,1310
1387.png,P1,0.2690954773869347,0.3169291338582677,0.6299928246830901,3712,2842,1339
1387.png,P2,0.2553245436105477,0.3243352135374698,0.6575963718820862,3612,2630,1339
1387.png,P3,0.2666827852998066,0.30308734939759036,0.6154919748778785,3900,2960,1339
1387.png,P4,0.2542870036101083,0.284452296819788,0.6286120322122217,4220,2883,1339
1387.png,P5,0.2709134615384615,0.30308734939759036,0.6154919748778785,3948,2960,1339
1388.png,P1,0.39086814086814087,0.4049382716049383,0.766388557806913,4728,2969,2065
1388.png,P2,0.42134334953601416,0.4417508417508417,0.7696606786427146,4368,2945,2065
1388.png,P3,0.41685393258426967,0.49696969696969695,0.823982869379015,4240,2605,2065
1388.png,P4,0.43342330184435446,0.4667165295437547,0.8320379965457686,4308,2567,2065
1388.png,P5,0.4091099916036944,0.4165079365079365,0.7666931637519873,4648,2967,2065
1397.png,P1,0.5938293302089436,0.5458660229330115,0.8745566793642454,4016,3467,4146
1397.png,P2,0.5053561360646495,0.5609944609042896,0.9460401394063214,3864,4175,4146
1397.png,P3,0.569821567106284,0.6059692493216762,0.9178756149867542,3948,3781,4146
1397.png,P4,0.45530227948463825,0.4881793061099171,0.8952084144916245,3196,3555,4146
1397.png,P5,0.5696753760886778,0.6059692493216762,0.9178756149867542,3784,3781,4146
1398.png,P1,0.6452453321754233,0.6115922718187875,0.8220153340635268,3520,3246,4058
1398.png,P2,0.6357656731757452,0.5903536977491961,0.8251805423082164,3900,3281,4058
1398.png,P3,0.6394459375646062,0.5903536977491961,0.8251805423082164,3872,3281,4058
1398.png,P4,0.6194283429942035,0.5802781289506953,0.8271085155507266,4044,3305,4058
1398.png,P5,0.6451476793248945,0.6115922718187875,0.8220153340635268,3740,3246,4058
1399.png,P1,0.5848024316109423,0.5913234831813895,0.8527191298784389,4084,4078,3737
1399.png,P2,0.5835758835758835,0.5741853843720341,0.8494692415909962,3880,4082,3737
1399.png,P3,0.5806451612903226,0.5913234831813895,0.8527191298784389,3956,4078,3737
1399.png,P4,0.5546034276604225,0.5463917525773195,0.8376506796614517,4064,4061,3737
1399.png,P5,0.5887179487179487,0.5741853843720341,0.8494692415909962,4008,4082,3737
1401.png,P1,0.26516076516076514,0.2972847886454798,0.792332268370607,4084,1936,2133
1401.png,P2,0.20526315789473684,0.2498513674197384,0.5831925675675675,4508,2603,2133
1401.png,P3,0.25953370684981025,0.2799627956417752,0.8833592534992224,4836,2368,2133
1401.png,P4,0.1810857471705352,0.22724409448818897,0.029638906282613234,4024,2658,2133
1401.png,P5,0.23579442634817227,0.28313253012048195,0.7929515418502202,4696,1953,2133
1402.png,P1,0.18575905292479108,0.14339866863905326,0.3117439246333369,5300,7830,1511
1402.png,P2,0.17589674320876483,0.12763331138907175,0.2986025482942869,6324,8221,1511
1402.png,P3,0.17350928641251223,0.13370689655172413,0.30145228215767633,5692,8129,1511
1402.png,P4,0.16974286165010255,0.13161914460285132,0.30036175710594315,5904,8164,1511
1402.png,P5,0.18428453267162945,0.13877952755905512,0.3073831182568225,5648,7943,1511
1406.png,P1,0.25810678021618083,0.35313001605136435,0.42127031019202366,2660,2204,1181
1406.png,P2,0.28751617076326,0.3900896151818661,0.5613428783016539,2800,2870,1181
1406.png,P3,0.26903379993171733,0.35313001605136435,0.42127031019202366,2536,2204,1181
1406.png,P4,0.2788167290037402,0.37174721189591076,0.5581039755351682,2580,2743,1181
1406.png,P5,0.2643114164213281,0.35313001605136435,0.42127031019202366,2684,2204,1181
1407.png,P1,0.14644058295964127,0.1203125,0.5222101841820151,7136,2647,1045
1407.png,P2,0.14489739323349973,0.125,0.5385261978145138,7212,2524,1045
1407.png,P3,0.14937106918238993,0.123046875,0.5263445263445263,6996,2618,1045
1407.png,P4,0.13852067868504772,0.11519281914893617,0.5529761904761905,7544,2315,1045
1407.png,P5,0.1472660653889515,0.125,0.5626674605537362,7096,2314,1045
1410.png,P1,0.11606925140209705,0.08472134170941156,0.7258912916423145,7912,2180,1242
1410.png,P2,0.11776701503951058,0.08599005557180463,0.7261034785150541,7528,2179,1242
1410.png,P3,0.11975308641975309,0.08911521323997454,0.7256792287467134,7828,2181,1242
1410.png,P4,0.12700465597516813,0.08781433540514341,0.7256792287467134,7472,2181,1242
1410.png,P5,0.1216148445336008,0.08781433540514341,0.7256792287467134,7704,2181,1242
1411.png,P1,0.2927362097214637,0.2571428571428571,0.58777633289987,3604,2715,1130
1411.png,P2,0.23567768979972054,0.19285714285714287,0.5159817351598174,4176,3250,1130
1411.png,P3,0.28937533368926854,0.2571428571428571,0.58777633289987,3700,2715,1130
1411.png,P4,0.2334075723830735,0.19285714285714287,0.5159817351598174,4408,3250,1130
1411.png,P5,0.2540415704387991,0.20454545454545456,0.5263157894736842,4300,3164,1130
1425.png,P1,0.28513040093421566,0.3216108905275099,0.5874039938556067,4684,4591,1919
1425.png,P2,0.26407007081625045,0.28125,0.5842627960275019,4864,4626,1919
1425.png,P3,0.2781359366365813,0.2866531850353893,0.5834985511666921,5020,4638,1919
1425.png,P4,0.2596830985915493,0.28222996515679444,0.5850673194614443,5236,4617,1919
1425.png,P5,0.2893544733861835,0.2930232558139535,0.583854723027621,4912,4634,1919
1426.png,P1,0.41933139534883723,0.3982771260997067,0.8688193743693239,4128,2233,1731
1426.png,P2,0.4074858757062147,0.38942652329749106,0.8677914882901032,4248,2240,1731
1426.png,P3,0.25440917107583777,0.1916225749559083,0.8577104544325801,6804,2296,1731
1426.png,P4,0.4055763823805061,0.4115530303030303,0.8701364325416877,4268,2227,1731
1426.png,P5,0.3981140754369825,0.36905570652173914,0.8672032193158954,4348,2245,1731
1435.png,P1,0.384560502283105,0.4758893280632411,0.6867173524150268,6632,5873,3071
1435.png,P2,0.37311977715877437,0.4574468085106383,0.6833555852247442,6788,5917,3071
1435.png,P3,0.3823278315310188,0.4864646464646465,0.6870246085011186,6644,5869,3071
1435.png,P4,0.38018760659465606,0.47410358565737054,0.6923683913876677,6640,5800,3071
1435.png,P5,0.3445971036019309,0.4095238095238095,0.67799977922508,7792,5988,3071
1436.png,P1,0.4065516695679696,0.49586776859504134,0.8707802369774201,4948,5006,3940
1436.png,P2,0.3664394677052905,0.45323741007194246,0.8791984515541387,4480,4843,3940
1436.png,P3,0.3808690116186535,0.4648318042813456,0.8718637992831542,4736,4988,3940
1436.png,P4,0.36767708496937335,0.4192239411615521,0.8722545943523083,4768,4984,3940
1436.png,P5,0.4049724678791924,0.48796147672552165,0.8721686476788517,4480,4978,3940
1437.png,P1,0.3182247403210576,0.3157894736842105,0.7543793320730939,5184,4743,3192
1437.png,P2,0.32684283727399166,0.34915773353751917,0.7661921251763498,4440,4605,3192
1437.png,P3,0.3062253743104807,0.32432432432432434,0.763023493360572,5096,4640,3192
1437.png,P4,0.30387118876327507,0.31869758263443515,0.7488537952114112,4420,4660,3192
1437.png,P5,0.3222084146990946,0.3545878693623639,0.7662904053360697,4256,4604,3192
1442.png,P1,0.28850488354620585,0.23148237566393046,0.8052698068940625,6344,3310,2231
1442.png,P2,0.2789321789321789,0.210338843730021,0.6654735272184936,6632,4474,2231
1442.png,P3,0.29354934601664684,0.23979591836734693,0.782258064516129,6472,3473,2231
1442.png,P4,0.29444444444444445,0.22472677595628415,0.5473503434739941,6856,5921,2231
1442.png,P5,0.3318242790073776,0.24383271572260456,0.7144915932746196,5712,4014,2231
1457.png,P1,0.41315014720314036,0.49818840579710144,0.7692307692307693,4076,2632,1684
1457.png,P2,0.41193737769080235,0.49818840579710144,0.7692307692307693,4088,2632,1684
1457.png,P3,0.4497863247863248,0.5208333333333334,0.8050559066601848,3744,2430,1684
1457.png,P4,0.5152998776009792,0.5389808362369338,0.9479735556194309,3268,1795,1684
1457.png,P5,0.540436456996149,0.5470822281167109,0.9458917835671342,3116,1809,1684
1458.png,P1,0.2564102564102564,0.30671296296296297,0.6466605672461117,5108,3664,1801
1458.png,P2,0.23268602852723835,0.29444444444444445,0.6305084745762712,5372,3804,1801
1458.png,P3,0.2706337509211496,0.32004830917874394,0.6560237609058845,5096,3586,1801
1458.png,P4,0.24832543702009477,0.2710720130932897,0.6294849023090586,5840,3829,1801
1458.png,P5,0.22078641314380654,0.3132387706855792,0.6542228793199039,4812,3610,1801
1459.png,P1,0.20698332809059453,0.3660130718954248,0.8485104584829918,5608,2667,2066
1459.png,P2,0.20406312352621078,0.4024219841639497,0.7200607325868286,4572,3203,2066
1459.png,P3,0.21191626409017714,0.37333333333333335,0.7652867451576149,5460,3200,2066
1459.png,P4,0.18421423537702608,0.26666666666666666,0.5753348214285714,6336,5102,2066
1459.png,P5,0.2055262340887923,0.3660130718954248,0.8485104584829918,5700,2667,2066
1461.png,P1,0.16270033997085964,0.22852474323062558,0.413643354745318,9556,8639,2414
1461.png,P2,0.09159034138218151,0.23772893772893772,0.4319157778085607,5452,4805,2414
1461.png,P3,0.16092445966188743,0.24974489795918367,0.5514086202745003,8436,5892,2414
1461.png,P4,0.1552822806036892,0.26704855428259683,0.5607843137254902,7920,5746,2414
1461.png,P5,0.16562919565482728,0.27561936936936937,0.5574369594347667,7136,5795,2414
1464.png,P1,0.19107075293227394,0.3172866520787746,0.7881477240194675,5860,3402,3584
1464.png,P2,0.20038350910834132,0.3294367693942614,0.7906579322130447,6432,3438,3584
1464.png,P3,0.19350811485642946,0.3108252947481243,0.7771591720199857,5976,3421,3584
1464.png,P4,0.1822469464264119,0.3090659340659341,0.7814494397957736,6192,3467,3584
1464.png,P5,0.1554168292365717,0.2807625649913345,0.765573535729629,5300,3399,3584
1465.png,P1,0.45774015647043736,0.4392798690671031,0.9357845675815639,7728,4086,3638
1465.png,P2,0.47386948280530733,0.46597222222222223,0.9363412420588617,7248,4075,3638
1465.png,P3,0.4478851963746224,0.4437830687830688,0.9353169469598965,7864,4092,3638
1465.png,P4,0.46315653632726805,0.419375,0.9350045225481328,7700,4101,3638
1465.png,P5,0.4661094423403422,0.45584239130434784,0.9361150706232992,7588,4079,3638
1466.png,P1,0.3549049117526337,0.32524271844660196,0.7641752577319587,6928,4785,2975
1466.png,P2,0.27311208940060955,0.2726063829787234,0.03877088059393689,4544,1874,2975
1466.png,P3,0.3864252103236846,0.3517815728441914,0.7710310752827981,6748,4716,2975
1466.png,P4,0.3708810147525162,0.3517815728441914,0.7710310752827981,6968,4716,2975
1466.png,P5,0.40194736041381407,0.34514687100894,0.7678363330312055,6240,4748,2975
1472.png,P1,0.193635544881417,0.2345679012345679,0.5735819119397064,3248,1793,728
1472.png,P2,0.18629283489096574,0.24724724724724725,0.6461259628454916,3080,1479,728
1472.png,P3,0.18351577591757887,0.2457843638221768,0.6493150684931507,2948,1462,728
1472.png,P4,0.14037469454249255,0.11001911001911002,0.6333630686886709,3472,1514,728
1472.png,P5,0.167459324155194,0.12745098039215685,0.5497917455509277,3936,1913,728
1477.png,P1,0.13214739517153748,0.10687549251379039,0.5199622760138322,6296,2349,832
1477.png,P2,0.14444444444444443,0.10493230174081238,0.5202893991821328,5760,2347,832
1477.png,P3,0.14130434782608695,0.11316228619107217,0.5207808564231738,5888,2344,832
1477.png,P4,0.13273771537970644,0.10091145833333333,0.5194479297365119,6268,2356,832
1477.png,P5,0.16442687747035573,0.12284873188405797,0.521437578814628,5060,2340,832
1480.png,P1,0.23948220064724918,0.2872340425531915,0.707754483455418,4720,2551,1408
1480.png,P2,0.19336534264513314,0.23133414932680538,0.021211084502223743,4060,1515,1408
1480.png,P3,0.22243565117172492,0.2645576707726764,0.7056451612903226,4956,2560,1408
1480.png,P4,0.1858224363386098,0.2343943778420835,0.7149413564507904,5484,2514,1408
1480.png,P5,0.17959019686621133,0.26254375729288215,0.7307792546260099,4464,2429,1408
1481.png,P1,0.2558843308675185,0.2683982683982684,0.4998357963875205,5948,4568,1522
1481.png,P2,0.25294934073560027,0.27464008859357697,0.7521112767014406,5700,2504,1522
1481.png,P3,0.2542013090394481,0.2749445676274945,0.7319067083433518,5568,2637,1522
1481.png,P4,0.23400984009840098,0.24603174603174602,0.7160377358490566,6504,2718,1522
1481.png,P5,0.25996810207336524,0.27464008859357697,0.7292069632495164,5588,2614,1522
1482.png,P1,0.43824604141291107,0.4090909090909091,0.608771319178559,4104,3946,1800
1482.png,P2,0.4369686665047365,0.4090909090909091,0.608771319178559,4116,3946,1800
1482.png,P3,0.4558595766649458,0.4325581395348837,0.6111306798168369,3840,3878,1800
1482.png,P4,0.4205607476635514,0.4,0.607805724197745,4280,3965,1800
1482.png,P5,0.4269449715370019,0.4090909090909091,0.608771319178559,4216,3946,1800
1483.png,P1,0.35587508425073017,0.4177545691906005,0.8017418032786885,3976,1845,2059
1483.png,P2,0.3653144940747493,0.46632124352331605,0.8182281059063137,3932,1869,2059
1483.png,P3,0.3353109656301146,0.4358353510895884,0.8046499873641648,4468,1898,2059
1483.png,P4,0.0,0.014542936288088643,0.0,4608,3475,2059
1483.png,P5,0.3599585062240664,0.438871473354232,0.8115867726224045,4496,1842,2059
1484.png,P1,0.4583088667058133,0.5062194580186584,0.9058275058275058,3020,2343,1947
1484.png,P2,0.43249237593568063,0.4568434032059186,0.8406735751295337,3220,2685,1947
1484.png,P3,0.45015189174261255,0.5118025751072961,0.900533271504753,3304,2366,1947
1484.png,P4,0.4246979865771812,0.4568434032059186,0.8633540372670807,3360,2561,1947
1484.png,P5,0.43359375,0.48002786809103576,0.9151343705799151,2824,2295,1947
1485.png,P1,0.43320290665176076,0.486575795125981,0.006134969325153374,3192,2302,1936
1485.png,P2,0.4398605461940732,0.5114739629302736,0.018090930730778387,3020,2265,1936
1485.png,P3,0.43014301430143015,0.486575795125981,0.006134969325153374,3264,2302,1936
1485.png,P4,0.4352466109027978,0.5110629067245119,0.008064516129032258,3040,2280,1936
1485.png,P5,0.43010752688172044,0.47370806890299183,0.52766292577279,2852,3143,1936
1488.png,P1,0.25536912751677854,0.47763280521901214,0.6260311640696609,2968,1409,773
1488.png,P2,0.21786922209695603,0.40674603174603174,0.5065079955373745,3548,1916,773
1488.png,P3,0.26483516483516484,0.5032017075773746,0.6535819430814525,2680,1265,773
1488.png,P4,0.2402291105121294,0.44150758688203623,0.650461837627613,2908,1284,773
1488.png,P5,0.2451856946354883,0.44150758688203623,0.650461837627613,2848,1284,773
1490.png,P1,0.30175077239958803,0.2391304347826087,0.5438409655662052,4788,4102,1532
1490.png,P2,0.3173600522761926,0.25,0.5584107891379625,4516,3955,1532
1490.png,P3,0.2980980980980981,0.25,0.5504850880344951,4952,4034,1532
1490.png,P4,0.2356923076923077,0.19807923169267708,0.5370727432077125,6500,4173,1532
1490.png,P5,0.3299885974914481,0.2619047619047619,0.5756152545557017,4300,3791,1532
1491.png,P1,0.2734893468389801,0.25,0.5170157068062827,2856,2266,790
1491.png,P2,0.2822429906542056,0.26666666666666666,0.5332433344583193,2640,2173,790
1491.png,P3,0.26263297872340424,0.23529411764705882,0.503665922856232,3008,2347,790
1491.png,P4,0.2453416149068323,0.22058823529411764,0.4808277541083384,3220,2496,790
1491.png,P5,0.2838095238095238,0.28370957901159244,0.5161711858869651,2580,2271,790
1492.png,P1,0.2662337662337662,0.27216748768472904,0.4872924432395798,2596,2232,719
1492.png,P2,0.26681698609545285,0.2630952380952381,0.4745874587458746,2652,2311,719
1492.png,P3,0.2654226961157654,0.2540229885057471,0.47521480502313285,2604,2307,719
1492.png,P4,0.2616165560327997,0.28188775510204084,0.5101099680737851,2512,2100,719
1492.png,P5,0.2654102866117,0.28188775510204084,0.5101099680737851,2504,2100,719
1493.png,P1,0.31368227731864096,0.31052036199095023,0.6190551429925739,5120,4296,2033
1493.png,P2,0.40642915642915645,0.4844117647058824,0.8969167050161068,4836,2313,2033
1493.png,P3,0.2692002118644068,0.2288135593220339,0.5359881609040764,7552,5400,2033
1493.png,P4,0.255658953722334,0.23394886363636364,0.5660054231482803,7952,4974,2033
1493.png,P5,0.3268488745980707,0.36486486486486486,0.8511557571829769,6220,2596,2033
1495.png,P1,0.4060339409176619,0.5775862068965517,0.9144795045709231,5584,3418,3364
1495.png,P2,0.39223729883243924,0.5775862068965517,0.9144795045709231,5460,3418,3364
1495.png,P3,0.4006185902653427,0.6021759697256386,0.9154742587402271,5240,3415,3364
1495.png,P4,0.37094232587456666,0.5775862068965517,0.9144795045709231,5336,3418,3364
1495.png,P5,0.3837171586117418,0.5775862068965517,0.9144795045709231,5168,3418,3364
1496.png,P1,0.2641369834055597,0.3512830002467308,0.8370471803809286,8480,4553,3480
1496.png,P2,0.26737967914438504,0.3683699870633894,0.9111324113378064,7896,3823,3480
1496.png,P3,0.23152523152523152,0.24594057695629643,0.0,9552,4588,3480
1496.png,P4,0.21441560588527028,0.23214576879178217,0.0,11212,3660,3480
1496.png,P5,0.20857494289228606,0.238279028195336,0.0,10276,2474,3480
1497.png,P1,0.3667915106117353,0.4596774193548387,0.6077326968973747,7616,7143,3332
1497.png,P2,0.3393665158371041,0.44406357120598317,0.6067479984750286,7916,7160,3332
1497.png,P3,0.27330232558139533,0.28112053659498915,0.6099331423113659,10356,7138,3332
1497.png,P4,0.26197884256378345,0.28433415419587044,0.6344621513944223,10864,6708,3332
1497.png,P5,0.35726579788541923,0.4613143412107478,0.6108449894615827,7708,7106,3332
1498.png,P1,0.33194372068785827,0.3061986557132188,0.4090377873003506,3196,3218,1916
1498.png,P2,0.3451125676831006,0.34053156146179403,0.42673731404116566,2804,2991,1916
1498.png,P3,0.3387183629509962,0.31906614785992216,0.4146919431279621,3056,3148,1916
1498.png,P4,0.3386018237082067,0.3419593345656192,0.5283218634197988,2488,1862,1916
1498.png,P5,0.3497283385759222,0.3565217391304348,0.43740701381509034,2804,2789,1916
150.png,P1,0.3279993874894725,0.3735408560311284,0.6263412945655936,9516,15283,7829
150.png,P2,0.2955495616992583,0.35424354243542433,0.5932543748207041,11384,16572,7829
150.png,P3,0.2736229584077233,0.35978835978835977,0.5716151836483787,11432,18199,7829
150.png,P4,0.2765379776173763,0.3685636856368564,0.5863720948647899,11448,17428,7829
150.png,P5,0.4062640626406264,0.5133079847908745,0.9307917109458024,7796,7227,7829
1509.png,P1,0.31548311990686845,0.24839178252749533,0.694025488132819,9440,5563,2990
1509.png,P2,0.3107967547326815,0.24329268292682926,0.6591211717709721,9612,6022,2990
1509.png,P3,0.3358638141246837,0.26802507836990597,0.6995399315795683,8624,5487,2990
1509.png,P4,0.35978772162585937,0.29709605361131797,0.6949689222469801,8284,5537,2990
1509.png,P5,0.3632949424136204,0.26600728787090056,0.7088365419107976,7900,5373,2990
1519.png,P1,0.3722176422093982,0.3902972027972028,0.7955752212389381,4852,2714,1806
1519.png,P2,0.36558704453441293,0.3893895348837209,0.6788748348121578,4940,3491,1806
1519.png,P3,0.37625,0.4005681818181818,0.8221560997940032,4800,2563,1806
1519.png,P4,0.3865582191780822,0.44501661129568104,0.8335268168098444,4672,2501,1806
1519.png,P5,0.43810916179337234,0.5073863636363637,0.8374591312470808,4096,2476,1806
152.png,P1,0.648290039245001,0.7287498321471734,0.9697135809236672,5204,3681,3616
152.png,P2,0.6028537455410226,0.6782716049382717,0.9697633055137501,5820,3693,3616
152.png,P3,0.5916125811283075,0.6635265700483092,0.969506358539587,5948,3697,3616
152.png,P4,0.5946353730092204,0.6501737151072241,0.9694980166871837,5896,3695,3616
152.png,P5,0.5726326227069906,0.6111303544625332,0.9697715770756394,5900,3695,3616
1529.png,P1,0.45411542100283825,0.5931189229618549,0.8577467765800042,4116,2699,2032
1529.png,P2,0.45657990756506933,0.6053435114503817,0.8637718177948063,3956,2666,2032
1529.png,P3,0.4553191489361702,0.5931189229618549,0.8577467765800042,4124,2699,2032
1529.png,P4,0.4423518603582912,0.5931189229618549,0.8577467765800042,4248,2699,2032
1529.png,P5,0.44853283651606896,0.5931189229618549,0.8577467765800042,4188,2699,2032
1533.png,P1,0.2518001800180018,0.26979166666666665,0.5204582651391162,4440,3154,1123
1533.png,P2,0.30153930731170975,0.34078947368421053,0.544272136068034,3612,2875,1123
1533.png,P3,0.2578053259871442,0.30116279069767443,0.5367175948743224,4356,2935,1123
1533.png,P4,0.28157560355781447,0.31585365853658537,0.5376078914919852,3920,2932,1123
1533.png,P5,0.29094260136914163,0.390396210163652,0.5230554261760596,3780,3171,1123
1534.png,P1,0.31424067262217553,0.394563787812363,0.8451656524678837,3740,1696,1262
1534.png,P2,0.31272727272727274,0.37174721189591076,0.841467519353753,3792,1709,1262
1534.png,P3,0.3139869281045752,0.394563787812363,0.8451656524678837,3764,1696,1262
1534.png,P4,0.3113819030334457,0.394563787812363,0.8451656524678837,3796,1696,1262
1534.png,P5,0.30938226932023777,0.394563787812363,0.8451656524678837,3804,1696,1262
1535.png,P1,0.31549067315490675,0.3620639534883721,0.8266666666666667,4884,2221,1604
1535.png,P2,0.2999234889058914,0.34482281284606864,0.8240813135261923,5192,2233,1604
1535.png,P3,0.2966616084977238,0.3452050997782705,0.82429614181439,5232,2232,1604
1535.png,P4,0.2691511387163561,0.30768280632411066,0.8151390319258497,5752,2280,1604
1535.png,P5,0.3394621925994024,0.4162767379679144,0.8531317494600432,4224,2100,1604
1536.png,P1,0.3015687192694919,0.3790322580645161,0.8076923076923077,4252,1917,1307
1536.png,P2,0.29241472172351884,0.38296296296296295,0.8094497979483991,4452,1910,1307
1536.png,P3,0.30310206014681507,0.3878469617404351,0.8084445824278175,4196,1914,1307
1536.png,P4,0.30601634067838573,0.3940548780487805,0.8097014925373134,3968,1909,1307
1536.png,P5,0.3090572033898305,0.3970814132104455,0.8124804992199688,3636,1898,1307
1545.png,P1,0.3238482384823848,0.30578415236303785,0.6233417296389588,4848,3964,1991
1545.png,P2,0.30276079303316655,0.28923611111111114,0.6198319327731092,5040,3959,1991
1545.png,P3,0.3014414414414414,0.30463808854532676,0.6228571428571429,5232,3959,1991
1545.png,P4,0.2614183690416874,0.26242610028465074,0.6080452127659575,5604,4025,1991
1545.png,P5,0.32286916871273236,0.3018064784053156,0.6236629916077012,5552,4086,1991
1546.png,P1,0.26058631921824105,0.4184716686882689,0.9371909000989119,6248,4274,3814
1546.png,P2,0.2638795537034548,0.4077791718946048,0.9070045421945971,5588,4552,3814
1546.png,P3,0.2663755458515284,0.3920637934307955,0.8147764095917045,5176,3901,3814
1546.png,P4,0.2612686669406768,0.38995433789954337,0.8487853247397125,5392,4254,3814
1546.png,P5,0.2649140546006067,0.36417646315257235,0.5758067423832702,3692,1733,3814
1547.png,P1,0.30300807043286865,0.3906987193889014,0.6023059185242121,4532,2157,4348
1547.png,P2,0.3014410934482246,0.37576167907921465,0.5915361959386142,4412,2103,4348
1547.png,P3,0.30920955064511346,0.3963984499658081,0.5964153275648949,4480,2124,4348
1547.png,P4,0.3027916964924839,0.3906987193889014,0.6023059185242121,4752,2157,4348
1547.png,P5,0.3076923076923077,0.40831181028410424,0.5928227435140594,4152,2089,4348
1548.png,P1,0.310415035238841,0.34375,0.7024595924104006,4172,2920,4195
1548.png,P2,0.3161544523246651,0.34375,0.7024595924104006,4156,2920,4195
1548.png,P3,0.31483507894325463,0.34375,0.7024595924104006,4216,2920,4195
1548.png,P4,0.3005123278898495,0.3548387096774194,0.7050742921222316,3928,2939,4195
1548.png,P5,0.31504127178232955,0.3384615384615385,0.7011267605633803,4408,2905,4195
1551.png,P1,0.34643700513960274,0.32478406486867617,0.6597332680778172,6992,5472,2701
1551.png,P2,0.3322992927162179,0.2827868852459016,0.8191343963553531,8036,3884,2701
1551.png,P3,0.29836264402668283,0.24533351633269285,0.8620303756994404,8004,3554,2701
1551.png,P4,0.31809736157562246,0.26248164464023493,0.8748579776010388,7940,3460,2701
1551.png,P5,0.36326474996593544,0.308636955107352,0.8251491509866912,7304,3836,2701
1552.png,P1,0.2944395796847636,0.32941176470588235,0.5310316481709824,4568,3521,1345
1552.png,P2,0.27743399339933994,0.3027027027027027,0.5358101135190918,4848,3500,1345
1552.png,P3,0.27359641985353944,0.28717948717948716,0.5387484459179445,4916,3481,1345
1552.png,P4,0.2541572184429327,0.266384778012685,0.7236153210250758,5292,2284,1345
1552.png,P5,0.2649724192277384,0.2809364548494983,0.5271915584415584,5076,3583,1345
1555.png,P1,0.26405106647983806,0.2472314507198228,0.6776277157956547,6388,3378,1731
1555.png,P2,0.2516138497652582,0.2472314507198228,0.6776277157956547,6800,3378,1731
1555.png,P3,0.24970879440885266,0.23783735795454544,0.6763039656182849,6852,3388,1731
1555.png,P4,0.235652053657862,0.2255050505050505,0.66963249516441,7204,3439,1731
1555.png,P5,0.23902506578036284,0.23417832167832167,0.6730171073094868,7216,3413,1731
1559.png,P1,0.2809917355371901,0.3206436420722135,0.8393881453154876,3944,1812,1326
1559.png,P2,0.27353215284249766,0.307605421686747,0.8560285992850178,4140,1751,1326
1559.png,P3,0.28332513526807673,0.3275862068965517,0.8446726572528883,3892,1790,1326
1559.png,P4,0.27668741024413596,0.3206436420722135,0.8393881453154876,4008,1812,1326
1559.png,P5,0.3085977482088025,0.33528265107212474,0.8087196806877495,3788,1931,1326
156.png,P1,0.6885504201680672,0.7877355898675752,0.9625183830835884,9840,12494,12665
156.png,P2,0.734325901541224,0.8464866641108495,0.9628012227559649,10516,12524,12665
156.png,P3,0.6507481693728112,0.6715125644329897,0.9653672807780501,13260,12629,12665
156.png,P4,0.6639431380364023,0.7003948252688172,0.965028878866999,12384,12613,12665
156.png,P5,0.6553546805576834,0.7738389667491069,0.9626331690252823,8944,12491,12665
1560.png,P1,0.3022616782921158,0.33704929454798815,0.8996521273748996,4428,2004,1733
1560.png,P2,0.3365931316806914,0.34021759173888994,0.90045613093641,4144,1994,1733
1560.png,P3,0.3238571753468274,0.33772652388797364,0.9055075593952484,4088,1971,1733
1560.png,P4,0.3260230612706308,0.3267221533557641,0.9020979020979021,4132,1985,1733
1560.png,P5,0.37130801687763715,0.35879844242536624,0.8982099919850387,3792,2010,1733
1563.png,P1,0.13636363636363635,0.15471698113207547,0.6609635299414678,3848,1444,777
1563.png,P2,0.08573388203017833,0.13049935028772972,0.6491387126019945,3972,1429,777
1563.png,P3,0.15152297367062467,0.15295789660685735,0.6583184257602862,3684,1459,777
1563.png,P4,0.13026004728132387,0.14791272977151693,0.6610093791871371,4004,1462,777
1563.png,P5,0.15415549597855227,0.16618413433700058,0.6603603603603604,3528,1443,777
1564.png,P1,0.2613671512527065,0.27380952380952384,0.5777003484320558,3228,2020,850
1564.png,P2,0.23764044943820226,0.2542517006802721,0.5626477541371159,3556,2111,850
1564.png,P3,0.24061433447098976,0.2604529616724739,0.565025466893039,3512,2095,850
1564.png,P4,0.26173228346456695,0.26228070175438595,0.5949640287769784,3156,1930,850
1564.png,P5,0.27482209420535414,0.2931372549019608,0.6707366707366708,2912,1607,850
1574.png,P1,0.46162075421235627,0.6131386861313869,0.8179136497720568,3396,1660,2069
1574.png,P2,0.4457281031703385,0.6268656716417911,0.8179136497720568,3312,1660,2069
1574.png,P3,0.4519357387411114,0.6131386861313869,0.8179136497720568,3444,1660,2069
1574.png,P4,0.4384393063583815,0.6010362694300518,0.8193288590604026,2908,1656,2069
1574.png,P5,0.4306844547563805,0.6010362694300518,0.8193288590604026,2864,1656,2069
1575.png,P1,0.4918032786885246,0.6092926712438129,0.7439175257731959,3796,1821,3029
1575.png,P2,0.41518293875953827,0.49279655311700554,0.751784621660208,4204,1874,3029
1575.png,P3,0.4845658449922274,0.5944560166639962,0.7439175257731959,3656,1821,3029
1575.png,P4,0.4154015401540154,0.4680067515728096,0.7415823177029539,3404,1812,3029
1575.png,P5,0.45325581395348835,0.5362530413625304,0.7415823177029539,3220,1812,3029
1577.png,P1,0.4411282984531392,0.5658914728682171,0.8889256745571925,5212,3334,2707
1577.png,P2,0.43471164309031557,0.5658914728682171,0.8889256745571925,5204,3334,2707
1577.png,P3,0.44013703570140644,0.540169133192389,0.8884113076541578,5280,3342,2707
1577.png,P4,0.44492808478425433,0.5658914728682171,0.889662027833002,4928,3329,2707
1577.png,P5,0.43363970588235295,0.5658914728682171,0.8893673401788672,5092,3331,2707
1579.png,P1,0.38927469135802467,0.5107084019769358,0.8938812785388128,4744,3017,2458
1579.png,P2,0.3925739005046864,0.4883720930232558,0.8830419895476662,5268,3091,2458
1579.png,P3,0.39646615048640066,0.5230596175478065,0.8965011906942664,4576,3001,2458
1579.png,P4,0.38746105919003115,0.48414023372287146,0.9010503040353787,4668,2969,2458
1579.png,P5,0.3975066421418353,0.49544419134396356,0.9033807500461851,4380,2955,2458
1583.png,P1,0.5856198347107437,0.7538280329799765,0.9106256206554121,4348,4825,5245
1583.png,P2,0.5467840620802865,0.6246424894176867,0.8525496620929757,5120,4521,5245
1583.png,P3,0.0,0.01609021522381902,0.0,3968,3242,5245
1583.png,P4,0.5460813992600068,0.654267247065031,0.7481600735970562,3948,3451,5245
1583.png,P5,0.5579278384640848,0.6631265380132108,0.8024189114898296,4168,3850,5245
1585.png,P1,0.678602317938073,0.7238095238095238,0.9269096904194908,4588,5802,5116
1585.png,P2,0.6877490902789811,0.7711821410451547,0.9281393217231897,4624,5794,5116
1585.png,P3,0.6664265129682997,0.6638433033350979,0.8349018003273322,4136,4660,5116
1585.png,P4,0.6480436760691538,0.6275972296217368,0.7854268163524677,3940,4326,5116
1585.png,P5,0.6507706255666365,0.6457780138077536,0.8176738410596026,3988,4548,5116
1587.png,P1,0.32914137033824803,0.4183745583038869,0.5734348729106913,5548,3399,6712
1587.png,P2,0.30549637835534726,0.3750287246265799,0.5655721393034826,5544,3338,6712
1587.png,P3,0.37868836388589355,0.48598130841121495,0.7731489289930848,7352,5146,6712
1587.png,P4,0.34654654654654654,0.4310156534401165,0.6964333842422065,6740,4419,6712
1587.png,P5,0.340449098781593,0.42632395302459564,0.6301965230536659,6600,3872,6712
1588.png,P1,0.5652380387035498,0.584070796460177,0.8790188929400067,4944,6845,8240
1588.png,P2,0.4747889573351586,0.5443937087772704,0.6872239747634069,4688,4440,8240
1588.png,P3,0.5129854658089111,0.5037440435670524,0.7170368069576021,4460,4638,8240
1588.png,P4,0.47303543913713403,0.4765146358066712,0.7087955007030151,4188,4562,8240
1588.png,P5,0.4125790667144051,0.42818243703199454,0.6650489363423118,3596,4123,8240
1590.png,P1,0.35437983528824557,0.41564625850340137,0.6646455223880597,4000,2861,1427
1590.png,P2,0.3110651974288338,0.394702842377261,0.7364445643377394,4284,2280,1427
1590.png,P3,0.36859979101358414,0.42430555555555555,0.7001484413656606,3812,2615,1427
1590.png,P4,0.2867078825347759,0.42162162162162165,0.5717396037448291,3568,3166,1427
1590.png,P5,0.30860828578516497,0.4406779661016949,0.6447400241837968,3848,2708,1427
1591.png,P1,0.2877995642701525,0.31954289020685667,0.04528467795119807,4224,2862,1687
1591.png,P2,0.2670687055782899,0.334916864608076,0.7419455739756021,4196,1510,1687
1591.png,P3,0.3264080100125156,0.3672512588991144,0.4858372988896442,3612,2726,1687
1591.png,P4,0.2785358457873078,0.3486072193835504,0.8038277511961722,4216,1657,1687
1591.png,P5,0.2783394278339428,0.3387794329649207,0.40897629853756934,4256,2279,1687
1596.png,P1,0.303743961352657,0.27723214285714287,0.7222222222222222,3312,1766,1006
1596.png,P2,0.26008273009307137,0.25789036544850497,0.7217015140591204,3868,1768,1006
1596.png,P3,0.3339973439575033,0.2997104247104247,0.7227436823104693,3012,1764,1006
1596.png,P4,0.25927835051546394,0.23522727272727273,0.7175080558539205,3880,1787,1006
1596.png,P5,0.2721861471861472,0.23522727272727273,0.7175080558539205,3696,1787,1006
16.png,P1,0.18728971962616822,0.19221902017291068,0.6979051819184123,2492,1130,684
16.png,P2,0.16942277691107643,0.1771868787276342,0.7004754358161648,3064,1209,684
16.png,P3,0.16764072593048293,0.1771868787276342,0.7004754358161648,3112,1209,684
16.png,P4,0.1744901262544513,0.1771868787276342,0.7004754358161648,2944,1209,684
16.png,P5,0.1788480970023577,0.18263319672131148,0.718562874251497,2816,1153,684
1600.png,P1,0.25427158273381295,0.3618421052631579,0.7313383755343636,3964,1426,1615
1600.png,P2,0.25526556776556775,0.3800954829232464,0.8857625211029826,3868,1939,1615
1600.png,P3,0.2573327222731439,0.3691275167785235,0.7424191936021326,3872,1386,1615
1600.png,P4,0.2602325581395349,0.3691275167785235,0.7424191936021326,3804,1386,1615
1600.png,P5,0.25394248608534326,0.3800954829232464,0.8857625211029826,3792,1939,1615
1601.png,P1,0.2943342776203966,0.33484020185029434,0.6971984566347929,7060,3883,2078
1601.png,P2,0.2997623291740939,0.3407145913564399,0.6974324551099178,6672,3881,2078
1601.png,P3,0.3008011653313911,0.3407145913564399,0.6974324551099178,6852,3881,2078
1601.png,P4,0.3464102075795087,0.40268456375838924,0.8095052590572653,4992,3056,2078
1601.png,P5,0.34951845906902085,0.4620386928954642,0.8658333333333333,4648,2722,2078
1619.png,P1,0.5890937019969278,0.7253564786112833,0.850536440991491,3800,2999,2407
1619.png,P2,0.5658817635270541,0.7253564786112833,0.850536440991491,3844,2999,2407
1619.png,P3,0.5761808024377857,0.7253564786112833,0.850536440991491,3800,2999,2407
1619.png,P4,0.5714654282765738,0.7419150285351934,0.8515842134519177,3684,2990,2407
1619.png,P5,0.5720557851239669,0.7253564786112833,0.8501664816870145,3680,2999,2407
1628.png,P1,0.2632135306553911,0.27734711455641686,0.6507462686567164,3784,1014,996
1628.png,P2,0.2804264139769026,0.29814814814814816,0.6576623376623376,3328,929,996
1628.png,P3,0.2771693344566133,0.2839506172839506,0.6539427423405324,3552,995,996
1628.png,P4,0.2586696986924389,0.25555555555555554,0.6424116424116424,3432,928,996
1628.png,P5,0.25410089755493653,0.2689721421709894,0.6346368715083799,3056,794,996
1629.png,P1,0.20469039292326682,0.16666666666666666,0.6941935483870968,9252,4515,2460
1629.png,P2,0.19422716756637656,0.18457300275482094,0.6935969058874086,8380,4521,2460
1629.png,P3,0.292561415564336,0.3333333333333333,0.8178942611839133,5064,1966,2460
1629.png,P4,0.2531839021905247,0.3006535947712418,0.6709053916581892,4920,1472,2460
1629.png,P5,0.2458354366481575,0.27202472952086554,0.6291666666666667,4944,1380,2460
1630.png,P1,0.41195551436515293,0.45663397005678885,0.9163548904329236,5684,4027,3457
1630.png,P2,0.4220455254131587,0.45663397005678885,0.9163548904329236,5664,4027,3457
1630.png,P3,0.412757693456827,0.45663397005678885,0.9163548904329236,6000,4027,3457
1630.png,P4,0.4652710159039273,0.49191022964509395,0.9154985983179815,5572,4034,3457
1630.png,P5,0.4262862796833773,0.46700105596620906,0.9173354735152488,5192,4019,3457
1644.png,P1,0.6652631578947369,0.6078869047619048,0.909317389138017,2840,2108,1906
1644.png,P2,0.6690190543401553,0.6078869047619048,0.909317389138017,2824,2108,1906
1644.png,P3,0.5919254658385094,0.5470982142857143,0.9091813884050759,3220,2113,1906
1644.png,P4,0.49276111685625645,0.4642045454545455,0.9091806515301086,3868,2146,1906
1644.png,P5,0.6807888970051132,0.6838727678571429,0.9097256857855361,2696,2104,1906
1645.png,P1,0.5256679675773042,0.3780407626561473,0.7827975673327541,3280,2802,1802
1645.png,P2,0.6410453497309762,0.6573170731707317,0.8911968348170128,2468,2242,1802
1645.png,P3,0.41985088536812676,0.31097890751757706,0.5798873692679002,4292,4413,1802
1645.png,P4,0.648742746615087,0.6571087216248507,0.8903162055335968,2460,2246,1802
1645.png,P5,0.646106399383192,0.6571087216248507,0.8903162055335968,2468,2246,1802
1646.png,P1,0.6183844011142061,0.5813471502590674,0.8353879622915156,2436,1925,2212
1646.png,P2,0.6281690140845071,0.60557563242127,0.8475991649269311,2412,2099,2212
1646.png,P3,0.6179930795847751,0.60557563242127,0.8475991649269311,2464,2099,2212
1646.png,P4,0.6253110558123001,0.5987193169690501,0.8289699045754833,2360,1875,2212
1646.png,P5,0.6253521126760564,0.60557563242127,0.8475991649269311,2404,2099,2212
1647.png,P1,0.0,0.0,0.0,3496,2543,2380
1647.png,P2,0.0,0.0,0.0,3056,2466,2380
1647.png,P3,0.0,0.0,0.0,3388,2543,2380
1647.png,P4,0.0,0.0,0.0,2904,2233,2380
1647.png,P5,0.0,0.0,0.0,2748,2250,2380
1648.png,P1,0.5465779467680608,0.5527859237536656,0.9512296790329304,4208,2498,2300
1648.png,P2,0.5744255744255744,0.5656414103525882,0.9518248175182482,4004,2495,2300
1648.png,P3,0.5388940955951266,0.5236111111111111,0.9498647805283961,4268,2507,2300
1648.png,P4,0.6446188340807175,0.6080645161290322,0.9502601456815817,3568,2505,2300
1648.png,P5,0.5855397148676171,0.5656414103525882,0.9502601456815817,3928,2505,2300
1656.png,P1,0.31597072750753336,0.3125,0.8294153104279687,2320,922,737
1656.png,P2,0.31597072750753336,0.3125,0.8294153104279687,2320,922,737
1656.png,P3,0.31706263498920084,0.3125,0.8294153104279687,2312,922,737
1656.png,P4,0.31597072750753336,0.3125,0.8294153104279687,2320,922,737
1656.png,P5,0.31706263498920084,0.3125,0.8294153104279687,2312,922,737
1657.png,P1,0.21723646723646722,0.20161290322580644,0.7030231179608772,2808,1077,610
1657.png,P2,0.23211567732115676,0.22294887039239,0.734820322180917,2628,1004,610
1657.png,P3,0.24676375404530745,0.23915816326530612,0.7492103600758054,2472,973,610
1657.png,P4,0.1789906103286385,0.1232741617357002,0.33164983164983164,3408,2954,610
1657.png,P5,0.24716369529983792,0.23915816326530612,0.7492103600758054,2468,973,610
1665.png,P1,0.24490445859872612,0.3024193548387097,0.8159722222222222,3140,959,769
1665.png,P2,0.23106971153846154,0.22321428571428573,0.6964545896066051,3328,1290,769
1665.png,P3,0.0,0.0,0.0,4028,2513,769
1665.png,P4,0.2194634703196347,0.18028846153846154,0.6657559198542805,3504,1427,769
1665.png,P5,0.2245911214953271,0.21114864864864866,0.6877394636015326,3424,1319,769
1666.png,P1,0.29512372634643375,0.31005732152162585,0.7838999609222352,2552,1552,1007
1666.png,P2,0.28934540389972147,0.31005732152162585,0.7838999609222352,2696,1552,1007
1666.png,P3,0.29435483870967744,0.29635499207606975,0.7066335579992905,2524,1812,1007
1666.png,P4,0.28854166666666664,0.31005732152162585,0.7838999609222352,2704,1552,1007
1666.png,P5,0.29512372634643375,0.31005732152162585,0.7838999609222352,2552,1552,1007
167.png,P1,0.5832697686244597,0.5729442970822282,0.9541446208112875,7276,5028,5178
167.png,P2,0.5531354715174724,0.5399414841741289,0.9545543584720861,7800,5032,5178
167.png,P3,0.5204417293233082,0.5288753799392097,0.9548614510917458,7764,5035,5178
167.png,P4,0.5352687140115163,0.5370843989769821,0.9545543584720861,7620,5032,5178
167.png,P5,0.5992197659297789,0.5947023639988607,0.9538371067333137,7120,5025,5178
1678.png,P1,0.3564825253664036,0.44875139768915395,0.9327442317133039,4020,2078,1996
1678.png,P2,0.34591194968553457,0.43418680129823295,0.9325484424822174,3996,2081,1996
1678.png,P3,0.35491021946353357,0.44875139768915395,0.9327442317133039,4116,2078,1996
1678.png,P4,0.32120109190172885,0.4250434782608696,0.9304520615996026,3812,2030,1996
1678.png,P5,0.36581045172719223,0.4628804751299183,0.9329089128305583,4172,2088,1996
1684.png,P1,0.22424892703862662,0.20555555555555555,0.37635054021608644,5592,5410,1254
1684.png,P2,0.23273942093541203,0.21469135802469136,0.3786231884057971,5388,5370,1254
1684.png,P3,0.2111111111111111,0.19689764492753623,0.3440329218106996,5940,6036,1254
1684.png,P4,0.2217114568599717,0.20545841209829868,0.3657042869641295,5656,5604,1254
1684.png,P5,0.2189245810055866,0.19689764492753623,0.3440329218106996,5728,6036,1254
1685.png,P1,0.24666525513444845,0.21288515406162464,0.7497357293868921,8924,4716,2852
1685.png,P2,0.09224109224109224,0.09794238683127572,0.0,3708,1655,2852
1685.png,P3,0.08774279973208306,0.09794238683127572,0.0,3644,1655,2852
1685.png,P4,0.07315389924085576,0.08551881413911061,0.0,3368,1561,2852
1685.png,P5,0.2384386932541366,0.2159090909090909,0.8799255352156377,8824,3594,2852
1686.png,P1,0.6676982591876209,0.6954282034771411,0.930905333849929,4728,3849,3894
1686.png,P2,0.6720671481553777,0.6954282034771411,0.930905333849929,4672,3849,3894
1686.png,P3,0.693069306930693,0.7154362416107383,0.9307672436063033,4656,3848,3894
1686.png,P4,0.6745697896749522,0.7335984095427436,0.9307851239669421,4864,3850,3894
1686.png,P5,0.6955307262569832,0.7154362416107383,0.9307672436063033,4604,3848,3894
1689.png,P1,0.19182463530696622,0.14888888888888888,0.0,12600,6218,2678
1689.png,P2,0.19179151061173533,0.14888888888888888,0.0,12596,6218,2678
1689.png,P3,0.1901631737684634,0.1487000634115409,0.0,12712,6215,2678
1689.png,P4,0.18976935373372916,0.14676889375684557,0.0,12952,6229,2678
1689.png,P5,0.1978548793369627,0.15481102492160423,0.0,12064,6198,2678
169.png,P1,0.7174112406655312,0.6235955056179775,0.9460291060291061,7000,5916,6109
169.png,P2,0.6689035198784502,0.6360424028268551,0.9428739199731566,7072,5812,6109
169.png,P3,0.613125136492684,0.5628803245436106,0.9460739509763191,8664,5926,6109
169.png,P4,0.6226436265709157,0.5639755173418828,0.9452315850526142,8352,5960,6109
169.png,P5,0.5900304083405734,0.4653679653679654,0.9447974255301592,8532,6010,6109
1696.png,P1,0.32778335005015047,0.3628783199505868,0.8877911079745943,4352,1984,2267
1696.png,P2,0.298677139313766,0.3414043583535109,0.8863743517208864,4016,1975,2267
1696.png,P3,0.3296878106979519,0.34640330188679247,0.8873206304398965,4420,1984,2267
1696.png,P4,0.24962598845907244,0.2996566944580677,0.8873704052780396,3580,1977,2267
1696.png,P5,0.30878128846942965,0.35128245977377726,0.8868991517436381,4112,1977,2267
1706.png,P1,0.21576486305945225,0.25,0.5994694960212201,3272,1205,2188
1706.png,P2,0.20454018994672227,0.2597402597402597,0.6078721515241196,3012,1191,2188
1706.png,P3,0.21455682071891047,0.25,0.5994694960212201,3252,1205,2188
1706.png,P4,0.1967020023557126,0.26490066225165565,0.6012601260126013,2892,1145,2188
1706.png,P5,0.2047872340425532,0.261758691206544,0.6404365307294658,3248,1294,2188
1715.png,P1,0.590617481956696,0.6514962593516209,0.89563244469654,2368,1927,1599
1715.png,P2,0.5876413570274637,0.6514962593516209,0.89563244469654,2332,1927,1599
1715.png,P3,0.6008771929824561,0.6514962593516209,0.89563244469654,2416,1927,1599
1715.png,P4,0.590617481956696,0.6514962593516209,0.89563244469654,2368,1927,1599
1715.png,P5,0.5866935483870968,0.6514962593516209,0.89563244469654,2336,1927,1599
1716.png,P1,0.2666144200626959,0.22297297297297297,0.8705155618911855,6248,2376,1833
1716.png,P2,0.24350377200335288,0.20068027210884354,0.8647628038706632,7068,2404,1833
1716.png,P3,0.23139204545454545,0.1941591784338896,0.8703923900118906,6836,2372,1833
1716.png,P4,0.19466296467684713,0.17693360711841205,0.7657335297832035,5912,2918,1833
1716.png,P5,0.23509015256588073,0.19550982226379796,0.8649669499527857,7072,2403,1833
1718.png,P1,0.343812375249501,0.4095826893353941,0.745778183477864,5480,1783,2599
1718.png,P2,0.3368336025848142,0.4095826893353941,0.7456080310289755,5676,1784,2599
1718.png,P3,0.3206073113207547,0.37411764705882355,0.7461871158661507,6360,1794,2599
1718.png,P4,0.44039805208553884,0.4954663212435233,0.7460715099066272,4204,1792,2599
1718.png,P5,0.34761587195731913,0.4064824654622742,0.7452593100297007,5484,1778,2599
1727.png,P1,0.3951518004236291,0.49253029055405245,0.6594454072790294,7288,5660,10496
1727.png,P2,0.3808,0.48363550741700023,0.6594862271742494,6764,5659,10496
1727.png,P3,0.36892430278884464,0.48363550741700023,0.6594862271742494,6684,5659,10496
1727.png,P4,0.40582340408742995,0.49253029055405245,0.6594454072790294,7320,5660,10496
1727.png,P5,0.411553817322578,0.4911425514207585,0.6699011238715225,6828,5787,10496
1728.png,P1,0.35140482785912147,0.5057148586324444,0.8048281709810963,8940,8499,11550
1728.png,P2,0.3474504249291785,0.4481601845057134,0.7592245153220762,7476,7638,11550
1728.png,P3,0.34196752113810225,0.4746203037569944,0.7967143721023987,8448,8294,11550
1728.png,P4,0.3489534098582039,0.48698361644386373,0.7962748552730934,8428,8315,11550
1728.png,P5,0.34836852207293667,0.48323993886907796,0.7894336561375045,8120,8173,11550
1729.png,P1,0.3382435553336246,0.5894335655145223,0.897143119181914,9756,10123,11684
1729.png,P2,0.34282202238468007,0.5663014063262499,0.871430587571153,9072,9573,11684
1729.png,P3,0.3375483870967742,0.5564433790562436,0.8681841745605353,9048,9535,11684
1729.png,P4,0.3530870477522732,0.5589613346761834,0.8708160962767958,9596,9588,11684
1729.png,P5,0.3544484469516754,0.5314258911819888,0.8395636363636364,8244,8941,11684
1730.png,P1,0.42620543842133085,0.5237713675213675,0.9506568829913441,13372,11847,10912
1730.png,P2,0.4421713038734315,0.590677634155895,0.8995633187772926,10236,9698,10912
1730.png,P3,0.3901108569417561,0.5372602739726028,0.9505690056680873,12788,11847,10912
1730.png,P4,0.44582907728975146,0.5884529977794226,0.9058313253012048,10320,9838,10912
1730.png,P5,0.42565679150363334,0.5526002381897578,0.8971389645776566,9492,9640,10912
1734.png,P1,0.5473308196070649,0.5369649805447471,0.9101641232363951,4588,3737,3209
1734.png,P2,0.5467990703570674,0.5587044534412956,0.9106910979656615,4112,3722,3209
1734.png,P3,0.5467393498889562,0.5476190476190477,0.9106628242074928,4452,3731,3209
1734.png,P4,0.5439064423471481,0.5587044534412956,0.9106910979656615,4316,3722,3209
1734.png,P5,0.5379872712808274,0.5300613496932516,0.9078400458649849,4524,3768,3209
1735.png,P1,0.5449547792161731,0.5962286740496857,0.9324144601620118,4760,4319,3952
1735.png,P2,0.5379401242703822,0.5935945273631841,0.9311898672512483,4216,4259,3952
1735.png,P3,0.5452773347510189,0.5962286740496857,0.9324144601620118,4768,4319,3952
1735.png,P4,0.5438862559241706,0.6071319719597683,0.9325272067714632,4192,4318,3952
1735.png,P5,0.5293172690763053,0.6051055783170501,0.9329946782776971,3664,4316,3952
1736.png,P1,0.5242318003712105,0.6095044816506003,0.8836587322813586,3600,3687,3791
1736.png,P2,0.5110332027222108,0.5941905894343469,0.845489977728285,3536,3393,3791
1736.png,P3,0.533196300102775,0.6320770660807842,0.8884165781083954,3668,3737,3791
1736.png,P4,0.5160621761658031,0.5941905894343469,0.845489977728285,3524,3393,3791
1736.png,P5,0.4960840890354493,0.5387768486637153,0.8064423353465632,3468,3163,3791
174.png,P1,0.5311081114247147,0.5224958341047954,0.9331107168945006,7440,4546,5037
174.png,P2,0.4871412169919633,0.4891662333159993,0.933305543976657,7916,4559,5037
174.png,P3,0.4859123926920537,0.4632949932341001,0.9300721229225463,8464,4530,5037
174.png,P4,0.49840783111215947,0.47552083333333334,0.9298190565840393,7668,4524,5037
174.png,P5,0.5326072157930565,0.5493839628357907,0.931409452112087,6220,4527,5037
1740.png,P1,0.5039972193256865,0.5419287211740041,0.8651631477927063,2496,2337,1831
1740.png,P2,0.5040083652840711,0.5419287211740041,0.8651631477927063,2484,2337,1831
1740.png,P3,0.5046989209885138,0.5419287211740041,0.8651631477927063,2492,2337,1831
1740.png,P4,0.4956063268892794,0.5202952029520295,0.865370770338373,2424,2336,1831
1740.png,P5,0.4964463397299218,0.5361216730038023,0.8657863145258103,2380,2334,1831
1744.png,P1,0.3427734375,0.2983583154889365,0.7547781017168772,2960,1922,1165
1744.png,P2,0.3319800124921924,0.290883785664579,0.7533139346912383,3100,1928,1165
1744.png,P3,0.33074051026757934,0.290883785664579,0.7533139346912383,3112,1928,1165
1744.png,P4,0.3035614913745131,0.27055016181229774,0.7569850552306693,3520,1913,1165
1744.png,P5,0.3576869806094183,0.3325377883850438,0.7715231788079471,2756,1855,1165
1746.png,P1,0.421455938697318,0.44145394006659266,0.8424908424908425,2688,1883,1393
1746.png,P2,0.4132231404958678,0.4469353007945516,0.8699238578680203,2540,1759,1393
1746.png,P3,0.421455938697318,0.44145394006659266,0.8424908424908425,2688,1883,1393
1746.png,P4,0.4231166150670795,0.4551667577911427,0.8371246587807097,2744,1904,1393
1746.png,P5,0.4089112468559109,0.4469353007945516,0.8699238578680203,2528,1759,1393
1752.png,P1,0.3306045340050378,0.365625,0.6852505292872265,3176,1784,1050
1752.png,P2,0.4242174629324547,0.4477040816326531,0.8519982433025911,2408,1227,1050
1752.png,P3,0.33269961977186313,0.3774193548387097,0.6833216045038705,3156,1792,1050
1752.png,P4,0.42213114754098363,0.4477040816326531,0.8519982433025911,2420,1227,1050
1752.png,P5,0.4277408637873754,0.4642857142857143,0.856637168141593,2388,1210,1050
1769.png,P1,0.39667812142038944,0.35269516728624534,0.9430809399477806,8388,3855,3805
1769.png,P2,0.40749443482562453,0.3697324414715719,0.9424836601307189,7576,3845,3805
1769.png,P3,0.398039870809667,0.358695652173913,0.9439520333680917,8748,3867,3805
1769.png,P4,0.45544034650216564,0.40588235294117647,0.9417920209287116,7284,3840,3805
1769.png,P5,0.47464956755144644,0.49887184115523464,0.9404512067156349,6084,3819,3805
1771.png,P1,0.5101792768155576,0.4854014598540146,0.9408727084947069,3100,2003,1870
1771.png,P2,0.5219728106228264,0.4976613657623948,0.940599173553719,2944,2002,1870
1771.png,P3,0.5096065873741995,0.4854014598540146,0.9408727084947069,3080,2003,1870
1771.png,P4,0.5274261603375527,0.5241379310344828,0.9407809671580036,2836,1997,1870
1771.png,P5,0.5270674194619728,0.5535900104058272,0.9407503234152652,2728,1995,1870
1773.png,P1,0.618592195868401,0.6925373134328359,0.9129593810444874,4324,3617,4138
1773.png,P2,0.6271637816245007,0.6799531066822978,0.9127239912337244,4416,3619,4138
1773.png,P3,0.6269449715370019,0.6925373134328359,0.9129593810444874,4436,3617,4138
1773.png,P4,0.6330976495318174,0.6987951807228916,0.9121176926054975,4408,3611,4138
1773.png,P5,0.6277469902541564,0.6771463119709794,0.9113695090439277,4380,3602,4138
1774.png,P1,0.5475648611743287,0.5576679340937896,0.8385020479812756,3900,3936,2900
1774.png,P2,0.5016910935738444,0.5442068305138844,0.8280236413435202,3760,4037,2900
1774.png,P3,0.49905410518350357,0.47673810768426556,0.9358218729535036,5024,3208,2900
1774.png,P4,0.5059523809523809,0.5314009661835749,0.8335753703165844,4184,3986,2900
1774.png,P5,0.5358035917253922,0.5714285714285714,0.8339386895249165,3856,3983,2900
1776.png,P1,0.0014784151389710231,0.020521590423257803,0.0006464124111182935,5372,4493,4789
1776.png,P2,0.002424359968968192,0.020193521245267142,0.000642535874919683,5548,4549,4789
1776.png,P3,0.0027941323221235405,0.02059791160062938,0.0006455083378160301,5260,4506,4789
1776.png,P4,0.003706519673065957,0.0201765447667087,0.0006431557508843392,5772,4540,4789
1776.png,P5,0.0005567928730512249,0.014614773629864972,0.00044238000442380006,4196,4253,4789
1789.png,P1,0.1817496229260935,0.1688888888888889,0.7620660457239627,2652,699,482
1789.png,P2,0.18147590361445784,0.1688888888888889,0.7620660457239627,2656,699,482
1789.png,P3,0.14659367396593673,0.1484375,0.7493755203996669,3288,719,482
1789.png,P4,0.1706798866855524,0.1688888888888889,0.7620660457239627,2824,699,482
1789.png,P5,0.1831306990881459,0.1688888888888889,0.7620660457239627,2632,699,482
1796.png,P1,0.19532696965379684,0.16886993603411513,0.7690582959641256,6384,1562,2006
1796.png,P2,0.23123364862145301,0.2194807057810931,0.7609065155807365,4112,1524,2006
1796.png,P3,0.19701776649746192,0.1683236539029432,0.7716359575656058,5540,1576,2006
1796.png,P4,0.18305597579425115,0.1630012936610608,0.7700924110893307,6596,1565,2006
1796.png,P5,0.24489316741019018,0.24926432404362125,0.7600909607731666,3296,1512,2006
1798.png,P1,0.3439429012345679,0.31684876365727427,0.8733087330873309,5184,2282,1783
1798.png,P2,0.44372023063424415,0.4004360465116279,0.8788104089219331,3976,2252,1783
1798.png,P3,0.34447449768160743,0.31684876365727427,0.8720844586300025,5176,2290,1783
1798.png,P4,0.43567753001715265,0.41335333833458365,0.8799007444168735,4076,2247,1783
1798.png,P5,0.506394640682095,0.48717948717948717,0.8829681274900398,3164,2233,1783
1807.png,P1,0.3278794402583423,0.30666666666666664,0.7156428119062698,4332,1322,1836
1807.png,P2,0.3256113256113256,0.3147353361945637,0.6742323097463284,4344,1160,1836
1807.png,P3,0.3285198555956679,0.3129251700680272,0.7118320610687023,4052,1308,1836
1807.png,P4,0.32319721980886185,0.3129251700680272,0.7118320610687023,4256,1308,1836
1807.png,P5,0.3246370713233747,0.30666666666666664,0.7156428119062698,4460,1322,1836
1816.png,P1,0.4996782496782497,0.6028549579403518,0.9046890927624872,2836,2099,1825
1816.png,P2,0.5124792013311148,0.6028549579403518,0.9046890927624872,2720,2099,1825
1816.png,P3,0.5077481041872733,0.6028549579403518,0.9046890927624872,2748,2099,1825
1816.png,P4,0.508485856905158,0.6028549579403518,0.9046890927624872,2708,2099,1825
1816.png,P5,0.5091636121292903,0.6028549579403518,0.9046890927624872,2704,2099,1825
1824.png,P1,0.45770740289619705,0.7271594684385382,0.8761018124195306,6276,5602,4495
1824.png,P2,0.4485956188684317,0.7271594684385382,0.8761018124195306,6284,5602,4495
1824.png,P3,0.45588235294117646,0.7271594684385382,0.8761018124195306,6296,5602,4495
1824.png,P4,0.4555663385553861,0.7153284671532847,0.8775793650793651,6004,5585,4495
1824.png,P5,0.4465611430172293,0.703751617076326,0.8781650282990766,5832,5576,4495
1825.png,P1,0.5436906019007391,0.6872218690400509,0.7631444091421543,5844,3906,5851
1825.png,P2,0.5008092797410305,0.6176470588235294,0.6684444444444444,5276,3149,5851
1825.png,P3,0.48460526315789476,0.6673023945751219,0.7634761221561795,5432,3907,5851
1825.png,P4,0.496316758747698,0.6750319013185878,0.6989049116339586,5524,3372,5851
1825.png,P5,0.5032584120228754,0.6416666666666667,0.6757264390675064,5452,3200,5851
1826.png,P1,0.5678499496475328,0.7210626185958254,0.9338998284173543,6484,6268,5971
1826.png,P2,0.5560777340276896,0.6844277673545967,0.9244623185871655,6280,5467,5971
1826.png,P3,0.5390982087708462,0.7448171880889559,0.929873088187439,6488,6321,5971
1826.png,P4,0.5487212276214833,0.6726930320150659,0.9300354579261437,6140,5592,5971
1826.png,P5,0.5777364011171698,0.6848159509202454,0.9070161362218062,5892,5246,5971
1827.png,P1,0.42249752229930626,0.5051119910170794,0.9360544217687075,7956,6833,6397
1827.png,P2,0.4394106444823093,0.5233628422348596,0.9363760012090071,7964,6837,6397
1827.png,P3,0.415729198337894,0.5201119698168319,0.9356300997280145,7572,6839,6397
1827.png,P4,0.41866101181460164,0.539037497735644,0.9357202205604653,7652,6842,6397
1827.png,P5,0.454049041829796,0.539037497735644,0.9357202205604653,7716,6842,6397
1829.png,P1,0.4618606042476817,0.6318589956767542,0.6998867497168743,5908,2315,3866
1829.png,P2,0.46447918278904193,0.6281833616298812,0.7000970559689421,5596,2316,3866
1829.png,P3,0.46453847312151786,0.6438495425279567,0.6998867497168743,5860,2315,3866
1829.png,P4,0.43802173570641045,0.5894240485011788,0.6991922455573506,5264,2324,3866
1829.png,P5,0.4246987951807229,0.506108202443281,0.6973043195842806,4648,2292,3866
183.png,P1,0.6315045248868778,0.6823899371069182,0.9470061940812113,2772,2815,2997
183.png,P2,0.3697129385660796,0.24348010460103187,0.5494971860872774,6880,7842,2997
183.png,P3,0.3361114566488369,0.2314410480349345,0.5291098920545036,7744,8305,2997
183.png,P4,0.3270273526930956,0.2093843068133471,0.4524115027549249,8016,10252,2997
183.png,P5,0.6205114957375355,0.6190476190476191,0.94798083504449,3276,2847,2997
1834.png,P1,0.4281795022535763,0.43902439024390244,0.9272635645892827,4516,3181,2772
1834.png,P2,0.44588917783556714,0.4603960396039604,0.9272635645892827,4456,3181,2772
1834.png,P3,0.46935578617583706,0.4822222222222222,0.9255283461925529,4732,3190,2772
1834.png,P4,0.48163519402365634,0.4863150867823765,0.9263051871747524,4368,3185,2772
1834.png,P5,0.5191777387816495,0.5009276437847866,0.9285954866958572,3288,3166,2772
1835.png,P1,0.22328217890225355,0.19979508196721313,0.8145794392523364,6632,3134,2216
1835.png,P2,0.21587344879312695,0.19651975275463585,0.7763157894736842,6700,3408,2216
1835.png,P3,0.22367534043413778,0.19335007932310946,0.7799214005001787,6860,3382,2216
1835.png,P4,0.213306177868296,0.19335007932310946,0.7799214005001787,6720,3382,2216
1835.png,P5,0.2406829992576095,0.2065677966101695,0.8402161327672714,6140,2966,2216
1843.png,P1,0.47902621722846445,0.5051020408163265,0.6809839906286607,2272,884,1677
1843.png,P2,0.4978708303761533,0.4858701041150223,0.8510494245091401,2544,1277,1677
1843.png,P3,0.47902621722846445,0.5051020408163265,0.6809839906286607,2272,884,1677
1843.png,P4,0.47902621722846445,0.5051020408163265,0.6809839906286607,2272,884,1677
1843.png,P5,0.4835205992509363,0.5051020408163265,0.6809839906286607,2284,884,1677
1847.png,P1,0.6287394528253644,0.6333996023856859,0.6867043847241867,2656,1942,3714
1847.png,P2,0.6126056879323597,0.6119284294234593,0.6832121964190746,2580,1927,3714
1847.png,P3,0.6260536398467433,0.6333996023856859,0.6867043847241867,2652,1942,3714
1847.png,P4,0.6291187739463602,0.6333996023856859,0.6867043847241867,2664,1942,3714
1847.png,P5,0.577828397873956,0.5904572564612326,0.680639431616341,2520,1916,3714
1852.png,P1,0.3455631399317406,0.34854497354497355,0.8598256203890007,2344,681,810
1852.png,P2,0.3479381443298969,0.34854497354497355,0.8598256203890007,2328,681,810
1852.png,P3,0.3409090909090909,0.32450738916256155,0.8662674650698603,2376,693,810
1852.png,P4,0.34615384615384615,0.34854497354497355,0.8598256203890007,2340,681,810
1852.png,P5,0.3159126365054602,0.31331747919143876,0.866225165562914,2564,700,810
1853.png,P1,0.45628902765388046,0.5083162025789572,0.5196694214876033,5164,4444,4631
1853.png,P2,0.32583052479537794,0.38597984958138215,0.0,6384,8175,4631
1853.png,P3,0.0,0.0,0.0,4208,4644,4631
1853.png,P4,0.0,0.0,0.0,3708,4073,4631
1853.png,P5,0.0,0.0,0.0,3200,3372,4631
1858.png,P1,0.33993933265925175,0.5240641711229946,0.6274471127767641,6004,6405,13874
1858.png,P2,0.4007535997846858,0.6187092954410894,0.6733926616856232,6944,7139,13874
1858.png,P3,0.3166721909181306,0.4994110718492344,0.6209218278132581,5988,6325,13874
1858.png,P4,0.36292813969106785,0.5593419506462984,0.649364509556612,6420,6740,13874
1858.png,P5,0.34547654254604115,0.5448071216617211,0.6342946831469491,6144,6514,13874
1863.png,P1,0.6977325477593287,0.8474268873271367,0.7108592514496573,4744,2823,4765
1863.png,P2,0.7144572114560109,0.8304385584020842,0.7047238855622089,5232,2750,4765
1863.png,P3,0.7247658688865765,0.8477393617021277,0.6897854540547834,5180,2646,4765
1863.png,P4,0.7151730257320319,0.8479991032395471,0.6910119929928581,4900,2656,4765
1863.png,P5,0.7067852782138496,0.8474268873271367,0.7108592514496573,5020,2823,4765
1869.png,P1,0.31663006588141346,0.3233387358184765,0.48237420909912626,4608,4651,1987
1869.png,P2,0.3438962143768609,0.3233387358184765,0.4988857524884861,4332,4744,1987
1869.png,P3,0.296223057148507,0.2964338781575037,0.44487968662562954,4568,5161,1987
1869.png,P4,0.3129785980757903,0.3233387358184765,0.48237420909912626,4700,4651,1987
1869.png,P5,0.28619197482297404,0.3309792843691149,0.5018110894399554,4552,5191,1987
1879.png,P1,0.4450387804225729,0.4715660542432196,0.7339008950010915,2560,1738,2843
1879.png,P2,0.4471523178807947,0.4715660542432196,0.7339008950010915,2620,1738,2843
1879.png,P3,0.4290080577938316,0.45843009753831865,0.7271528998242531,2300,1709,2843
1879.png,P4,0.4468371467025572,0.4715660542432196,0.7339008950010915,2532,1738,2843
1879.png,P5,0.43567657682689637,0.4752886836027714,0.7274324621128926,2324,1710,2843
1880.png,P1,0.3503507404520655,0.3426124197002141,0.8844783715012723,2392,892,1073
1880.png,P2,0.35759745425616546,0.3426124197002141,0.8844783715012723,2340,892,1073
1880.png,P3,0.3581449727201871,0.3598427577865135,0.8836973082783138,2412,896,1073
1880.png,P4,0.3632411067193676,0.3598427577865135,0.8836973082783138,2376,896,1073
1880.png,P5,0.3597609561752988,0.3426124197002141,0.8844783715012723,2340,892,1073
1882.png,P1,0.3687959047407078,0.4090215363744277,0.6256566215095383,3784,4868,2366
1882.png,P2,0.36887921653971706,0.4008642180488616,0.623712048358291,3924,4913,2366
1882.png,P3,0.3708981001727116,0.4008642180488616,0.623712048358291,3984,4913,2366
1882.png,P4,0.36991779604532327,0.4090215363744277,0.6256566215095383,3800,4868,2366
1882.png,P5,0.36074380165289255,0.38548825315646473,0.6113572291582763,4220,5083,2366
1886.png,P1,0.16771951989892608,0.20930232558139536,0.5549042594763579,2932,1794,765
1886.png,P2,0.15814098565190268,0.18518518518518517,0.5061946902654867,2948,2060,765
1886.png,P3,0.16198083067092653,0.1968503937007874,0.5435114503816794,2872,1855,765
1886.png,P4,0.15865063460253842,0.1968503937007874,0.5435114503816794,2704,1855,765
1886.png,P5,0.16266582438408086,0.19669742593491987,0.5135327635327636,2916,2043,765
1890.png,P1,0.37051818895577077,0.43894261766602194,0.5065525074261751,11832,25223,9115
1890.png,P2,0.26915466637352975,0.3764306909707503,0.42207517950161905,13976,33503,9115
1890.png,P3,0.32841879066435864,0.42764476943035734,0.4839960424632992,13140,28282,9115
1890.png,P4,0.32933182332955835,0.574,0.7156630889576132,8492,12873,9115
1890.png,P5,0.28975727139568946,0.4777432712215321,0.5033831012693619,15540,26651,9115
1894.png,P1,0.10591216216216216,0.12428078250863062,0.0,3616,501,2931
1894.png,P2,0.1035336856010568,0.121049092131809,0.0,3752,551,2931
1894.png,P3,0.09403862300587741,0.12264365205541676,0.0,3584,518,2931
1894.png,P4,0.10841056128693828,0.13745704467353953,0.0,3408,516,2931
1894.png,P5,0.09389671361502347,0.12428078250863062,0.0,3360,501,2931
1900.png,P1,0.2854074180151797,0.34130634774609014,0.6201005025125628,4832,3816,4144
1900.png,P2,0.2678447196326701,0.3501160507052312,0.639807576668671,4968,4171,4144
1900.png,P3,0.29903345724907066,0.3392319277108434,0.6025542784163473,4592,3686,4144
1900.png,P4,0.3125661575684258,0.34830166954519287,0.5984309879872518,4536,4014,4144
1900.png,P5,0.3033932135728543,0.3324968632371393,0.5371327701424788,3692,3787,4144
1901.png,P1,0.4701279344180847,0.5456852791878173,0.9196003361658418,6160,5033,5676
1901.png,P2,0.4280579849047562,0.5526948163405424,0.9599498252844727,6244,5485,5676
1901.png,P3,0.42992125984251967,0.5714017639331957,0.916907043826184,5220,5071,5676
1901.png,P4,0.4507097278291444,0.5443732845379688,0.9161362785473606,5464,5008,5676
1901.png,P5,0.4683046683046683,0.5277629945006209,0.9177108659061156,6276,5018,5676
1902.png,P1,0.3528594122319301,0.5066368381804623,0.7042523398924018,4836,4779,8790
1902.png,P2,0.3991804678162882,0.5383761584993618,0.8234113712374582,7600,6160,8790
1902.png,P3,0.34397962182815717,0.4875570608157856,0.7021480770650328,4928,4757,8790
1902.png,P4,0.40793509448896803,0.5066368381804623,0.7042523398924018,5440,4779,8790
1902.png,P5,0.3369266954135633,0.49992641648270786,0.7050592827159584,4852,4789,8790
1910.png,P1,0.4208103130755064,0.5436207766011094,0.9097616345062429,2728,1623,1901
1910.png,P2,0.47034368070953436,0.5280172413793104,0.9116647791619479,3404,1631,1901
1910.png,P3,0.41488058787507653,0.5202224469160769,0.9082125603864735,2720,1618,1901
1910.png,P4,0.42303206997084547,0.4823266219239374,0.9103800340328985,2980,1625,1901
1910.png,P5,0.4014084507042254,0.496705524581855,0.9072810011376564,2676,1615,1901
1911.png,P1,0.34581772784019976,0.3780487804878049,0.8967813540510544,2292,860,942
1911.png,P2,0.34581772784019976,0.3780487804878049,0.8967813540510544,2292,860,942
1911.png,P3,0.3474823137744486,0.3780487804878049,0.8967813540510544,2296,860,942
1911.png,P4,0.34690486082260075,0.3780487804878049,0.8967813540510544,2300,860,942
1911.png,P5,0.3474823137744486,0.3780487804878049,0.8967813540510544,2296,860,942
1917.png,P1,0.5423886963476406,0.5950791531565898,0.8181973661706858,4744,4867,6827
1917.png,P2,0.5505482749398235,0.5778847934802741,0.8197221280921722,4768,4977,6827
1917.png,P3,0.5255407870732343,0.5778847934802741,0.8169520547945206,4880,4853,6827
1917.png,P4,0.5294192078957358,0.5746094451427546,0.8200202224469161,5260,5041,6827
1917.png,P5,0.5272961742369967,0.466908258630555,0.774078052273541,3832,4345,6827
1933.png,P1,0.0,0.0,0.0,6976,10836,5731
1933.png,P2,0.0,0.0,0.0,7172,10778,5731
1933.png,P3,0.0,0.0,0.0,4116,3115,5731
1933.png,P4,0.0,0.0,0.0,5168,5214,5731
1933.png,P5,0.0,0.0,0.0,8296,11802,5731
1941.png,P1,0.3248629270350063,0.29781293624941835,0.5684790089470062,3216,3728,9349
1941.png,P2,0.2940616068593204,0.2790625485022505,0.5314191574488115,2876,3398,9349
1941.png,P3,0.3037625861155273,0.2815974941268598,0.529804445142543,2952,3384,9349
1941.png,P4,0.42896849907350215,0.5258251833740831,0.7434055976911202,4532,5550,9349
1941.png,P5,0.4807179487179487,0.5258251833740831,0.7439957064269421,5088,5557,9349
1949.png,P1,0.6206717676047205,0.7296706989247311,0.9167582185413674,6908,6244,5589
1949.png,P2,0.6151681000781861,0.8585306618093503,0.9413938753959873,4740,5775,5589
1949.png,P3,0.4506095654892154,0.5263593136241472,0.7831237659773459,3692,4034,5589
1949.png,P4,0.6401964797380271,0.783086909484313,0.9392044467604655,6432,5925,5589
1949.png,P5,0.5761683449522335,0.7376019021739131,0.9031936127744511,6620,6435,5589
1950.png,P1,0.43152668597434835,0.3990117356392835,0.8205994090333474,2376,1285,1084
1950.png,P2,0.4305843348528802,0.3990117356392835,0.8205994090333474,2368,1285,1084
1950.png,P3,0.42359140656668015,0.3990117356392835,0.8205994090333474,2428,1285,1084
1950.png,P4,0.42443729903536975,0.4148809523809524,0.82,2460,1316,1084
1950.png,P5,0.41904761904761906,0.4148809523809524,0.82,2492,1316,1084
1951.png,P1,0.6180656404298577,0.6329057938965059,0.9541899441340782,2848,2647,2723
1951.png,P2,0.599057910778609,0.6,0.9540806841420338,3048,2656,2723
1951.png,P3,0.5647511685455046,0.5666118421052632,0.9528756957328386,2968,2667,2723
1951.png,P4,0.6178956572427864,0.6329057938965059,0.9541899441340782,2828,2647,2723
1951.png,P5,0.592169191197485,0.5955056179775281,0.9538346984363366,2848,2649,2723
1955.png,P1,0.5298708288482239,0.5291222313371616,0.8431614152437951,2624,2620,3061
1955.png,P2,0.5241784664707454,0.5434162250305749,0.843006993006993,2644,2659,3061
1955.png,P3,0.517621737960721,0.5181410517733388,0.8183265522731293,2580,2592,3061
1955.png,P4,0.5529809945326738,0.5434439178515008,0.8366547436552546,2904,2810,3061
1955.png,P5,0.5586190362023495,0.5962587685113017,0.8528225806451613,3440,2891,3061
1957.png,P1,0.7086834733893558,0.727508931471257,0.8825161887141536,3892,3529,4038
1957.png,P2,0.7170500967533864,0.724976318282286,0.8832915732559673,3948,3545,4038
1957.png,P3,0.6570942352690917,0.6610748679714197,0.8826167238195727,3752,3544,4038
1957.png,P4,0.6906167311215143,0.6950046540490227,0.8828022122728469,4268,3556,4038
1957.png,P5,0.7197609725942716,0.7292241643667586,0.8879874378434964,4308,3604,4038
1978.png,P1,0.3687339995045008,0.5854106533718184,0.5290756302521008,10272,17498,6302
1978.png,P2,0.38306905814054243,0.6482826756552565,0.5675491576222697,9660,15719,6302
1978.png,P3,0.41413567981833665,0.7350906095551895,0.6317678424938474,8644,13202,6302
1978.png,P4,0.35447611401043755,0.5733744538679003,0.5196155274122355,10568,17939,6302
1978.png,P5,0.3510551284148536,0.5971675845790716,0.5239223510828449,10216,17755,6302
198.png,P1,0.4161988773055333,0.5262237762237763,0.7949828962371722,2900,1987,2398
198.png,P2,0.4200555695882799,0.4878444084278768,0.8188662533215235,3224,2118,2398
198.png,P3,0.4189473684210526,0.4509663564781675,0.8872712964784576,3668,2685,2398
198.png,P4,0.42159062577910744,0.4652241112828439,0.8043039677202422,3304,2063,2398
198.png,P5,0.416734805124012,0.5112285336856011,0.7589670014347202,2800,1784,2398
1981.png,P1,0.7041239966786604,0.712026633374948,0.9035449299258038,3008,2916,3149
1981.png,P2,0.7071071626873959,0.712026633374948,0.9035449299258038,3000,2916,3149
1981.png,P3,0.7044817927170869,0.712026633374948,0.9035449299258038,2936,2916,3149
1981.png,P4,0.718733080671359,0.6996047430830039,0.9009411389376296,3200,3120,3149
1981.png,P5,0.7235570284451809,0.7356608478802993,0.9052117263843649,3092,2991,3149
1984.png,P1,0.23901623686723975,0.2295727136431784,0.8705882352941177,4188,1039,1001
1984.png,P2,0.24272550921435498,0.23467432950191572,0.8700343305541932,4124,1038,1001
1984.png,P3,0.23608490566037735,0.22192028985507245,0.8350515463917526,4240,1133,1001
1984.png,P4,0.2408565928777671,0.23467432950191572,0.8700343305541932,4156,1038,1001
1984.png,P5,0.21243633276740237,0.19164580725907385,0.4945828819068256,4712,2691,1001
1986.png,P1,0.5119729307652264,0.4528301886792453,0.7032094057832857,2748,3233,3061
1986.png,P2,0.5079407093700371,0.4213518635502211,0.7023596419853539,2636,3084,3061
1986.png,P3,0.50844327176781,0.4339622641509434,0.7013235528623823,2656,3210,3061
1986.png,P4,0.508812856402281,0.4396715097915351,0.7045491338837624,2760,3116,3061
1986.png,P5,0.5046506081564512,0.5,0.702207025178738,3248,3373,3061
1988.png,P1,0.28668341708542716,0.3061708860759494,0.5759548611111112,3392,2879,1729
1988.png,P2,0.3448275862068966,0.3546821931101407,0.8772493573264781,2600,1383,1729
1988.png,P3,0.32929352645580845,0.3288349077822762,0.7478260869565218,2768,1951,1729
1988.png,P4,0.290283203125,0.27841726618705037,0.5064102564102564,3556,3575,1729
1988.png,P5,0.29914744232698093,0.2843497428361499,0.5258234262327032,3452,3402,1729
2002.png,P1,0.3966707768187423,0.3826086956521739,0.8632625741059476,5396,4527,5931
2002.png,P2,0.4211069539414269,0.39431719338938825,0.856757797458606,5084,4457,5931
2002.png,P3,0.41485989603144413,0.39431719338938825,0.856757797458606,5228,4457,5931
2002.png,P4,0.41093319989992494,0.39882697947214074,0.8724373576309795,5348,4605,5931
2002.png,P5,0.40271331667261695,0.38394734436420147,0.9037187039764359,5856,4933,5931
2003.png,P1,0.43002088928678006,0.4717948717948718,0.8754087983964554,4340,4235,5244
2003.png,P2,0.43533363872346925,0.4581196581196581,0.8523143164693219,4156,4046,5244
2003.png,P3,0.42593144560357676,0.4717948717948718,0.8754087983964554,4324,4235,5244
2003.png,P4,0.44053196312528337,0.4581196581196581,0.8523143164693219,4288,4046,5244
2003.png,P5,0.5080346106304079,0.5640326975476839,0.9215686274509803,5736,5772,5244
2006.png,P1,0.47164948453608246,0.4346957590657652,0.7239114114114115,6128,4793,5863
2006.png,P2,0.4710678292379119,0.538539260969977,0.8808360020225855,7128,6003,5863
2006.png,P3,0.419564152791381,0.40496126457469284,0.7044457164663233,5732,4619,5863
2006.png,P4,0.4425329428989751,0.4086608722405969,0.7161473087818697,5960,4727,5863
2006.png,P5,0.4597075824549473,0.3996891777338231,0.7077392162137924,7016,5288,5863
2007.png,P1,0.5144157814871017,0.44725864123957093,0.6639688478277468,6016,5141,7956
2007.png,P2,0.5189556135770235,0.5948827292110874,0.8617304817005785,6588,7427,7956
2007.png,P3,0.49956672443674177,0.4264331686873223,0.6488030888030888,5888,4994,7956
2007.png,P4,0.4900424420502775,0.43225610681231985,0.6471315911550951,5736,4978,7956
2007.png,P5,0.5338641073181372,0.46848583716446685,0.6728348248141969,6108,5230,7956
2008.png,P1,0.5852272727272727,0.5886096499772713,0.9061636429172174,7428,7613,9033
2008.png,P2,0.49160927345038313,0.5007551382231269,0.8453161816213463,6344,6670,9033
2008.png,P3,0.5204254050293211,0.4656452799892955,0.767900898448135,6264,5659,9033
2008.png,P4,0.5225456621004566,0.5274186061932232,0.8592620529260168,6972,6876,9033
2008.png,P5,0.6373636531706415,0.7321509777171441,0.9549498498328328,8680,8614,9033
2009.png,P1,0.4450010222858311,0.5144848954298993,0.7749508012369974,5420,5513,8715
2009.png,P2,0.45305912596401027,0.5215957279723574,0.7629524485450674,5416,5375,8715
2009.png,P3,0.48402255639097747,0.5419652810957158,0.7918486171761281,5496,5712,8715
2009.png,P4,0.45004103405826834,0.5215957279723574,0.7629524485450674,5420,5375,8715
2009.png,P5,0.3732163517161589,0.4190490297733669,0.6340125391849529,5528,4045,8715
2014.png,P1,0.41645956796023703,0.5675145293984452,0.7588623003384597,6972,8994,7847
2014.png,P2,0.0,0.0,0.0,3404,2992,7847
2014.png,P3,0.14192139737991266,0.17508129385589594,0.12121853183837529,3136,1607,7847
2014.png,P4,0.0,0.0,0.0,3648,3791,7847
2014.png,P5,0.43971699941849196,0.5607427846968454,0.7583964049195837,7008,9065,7847
2026.png,P1,0.19522521463013054,0.1894949494949495,0.8750319447993866,8392,2142,1771
2026.png,P2,0.2265593012146854,0.2032238495536875,0.8730886850152905,7216,2153,1771
2026.png,P3,0.20721975934135528,0.2056476365868631,0.8926701570680629,7760,2049,1771
2026.png,P4,0.18824070877919688,0.20217664294683968,0.886581884246042,8556,2082,1771
2026.png,P5,0.1689798399351636,0.17194731221075116,0.4064485761355613,9768,6727,1771
2029.png,P1,0.4913202375513933,0.48296731800103754,0.8825706594885598,3276,2691,3253
2029.png,P2,0.0,0.0,0.0,2644,1059,3253
2029.png,P3,0.0,0.0,0.0,2652,1059,3253
2029.png,P4,0.5751404494382022,0.5747815658728799,0.8917705735660848,3476,2762,3253
2029.png,P5,0.5073035010433573,0.5395561578858208,0.8429059298354549,3248,3189,3253
2031.png,P1,0.6581793292265572,0.7082352941176471,0.9330528758975847,4844,6518,7269
2031.png,P2,0.7333424545081406,0.7154331612162937,0.9259286287674232,5400,6434,7269
2031.png,P3,0.591340206185567,0.56,0.8733961972484156,4308,5669,7269
2031.png,P4,0.7347998360431753,0.7942834921252188,0.9333333333333333,5428,6531,7269
2031.png,P5,0.669411280362289,0.6729411764705883,0.9346689895470384,4896,6507,7269
2039.png,P1,0.6704042956411876,0.5875220458553791,0.9154518950437318,6156,3811,4421
2039.png,P2,0.6233876683203402,0.5164728682170543,0.9178779069767442,7032,3835,4421
2039.png,P3,0.7328257191201354,0.5959302325581395,0.915056507473569,5820,3808,4421
2039.png,P4,0.6479741180095517,0.5565998329156224,0.9162824557146324,6276,3821,4421
2039.png,P5,0.6567096967877514,0.5483539094650206,0.9173333333333333,6616,3829,4421
2055.png,P1,0.5131510189862394,0.5424901185770751,0.7170347003154575,5248,2901,3439
2055.png,P2,0.5273416350839198,0.5545454545454546,0.7271288382399493,5024,2879,3439
2055.png,P3,0.4961636828644501,0.5304347826086957,0.7148949613015322,5336,2892,3439
2055.png,P4,0.4703042008691453,0.5191489361702127,0.7300747198007472,5696,2985,3439
2055.png,P5,0.49517031011692936,0.5304347826086957,0.7148949613015322,5384,2892,3439
2062.png,P1,0.5451105357498506,0.6084375,0.957476418741302,4480,3189,3278
2062.png,P2,0.5186078566505858,0.5145348837209303,0.9564684242795831,5536,3246,3278
2062.png,P3,0.46983485001685205,0.5145348837209303,0.9564684242795831,5444,3246,3278
2062.png,P4,0.500174398325776,0.5265008112493239,0.956347986474024,5324,3228,3278
2062.png,P5,0.4137552186332674,0.414290869722122,0.8606039924927487,3156,2583,3278
2064.png,P1,0.45543071161048687,0.5525973086384025,0.747668327584004,4120,4175,3652
2064.png,P2,0.45222929936305734,0.5738542449286251,0.747114644780713,3872,4146,3652
2064.png,P3,0.42366691015339664,0.4782365290412876,0.7315845257021728,4144,3896,3652
2064.png,P4,0.42369105087263276,0.4942861275857081,0.7316684378320936,4016,3876,3652
2064.png,P5,0.43308823529411766,0.4942861275857081,0.7316684378320936,4144,3876,3652
2065.png,P1,0.3324277599407261,0.46963562753036436,0.8884014258294488,3368,1620,2027
2065.png,P2,0.4295369211514393,0.4865392118611003,0.8954496208017335,3684,1665,2027
2065.png,P3,0.30567567567567566,0.39964317573595004,0.8798010500138159,2804,1592,2027
2065.png,P4,0.34312773190869356,0.4552590266875981,0.8908941755537325,3504,1630,2027
2065.png,P5,0.30102679689456546,0.4233576642335766,0.8865696237297446,3168,1614,2027
2066.png,P1,0.59375,0.6063254265501457,0.9033795493934142,2928,2087,2529
2066.png,P2,0.5380161127895267,0.5161176053843429,0.9079543004957965,3580,2110,2529
2066.png,P3,0.0,0.026556776556776556,0.0,3724,3075,2529
2066.png,P4,0.6029411764705882,0.6381953569864214,0.9012372476665943,2812,2078,2529
2066.png,P5,0.0,0.03177733946964716,0.0,3988,3628,2529
2075.png,P1,0.0,0.03219225345774204,0.0,6364,6284,17472
2075.png,P2,0.0,0.027892530832554354,0.0,6232,6274,17472
2075.png,P3,0.0,0.03330737953110131,0.0,6820,6296,17472
2075.png,P4,0.0,0.03528187938856301,0.0,6244,6297,17472
2075.png,P5,0.0,0.03590254648448769,8.396658130064235e-05,9312,6347,17472
2076.png,P1,0.2617702448210923,0.2531068765534383,0.0,7568,5003,14542
2076.png,P2,0.28164592443099,0.2640232108317215,0.0,8320,4996,14542
2076.png,P3,0.3904446742502585,0.39975,0.5539988547432716,19072,37848,14542
2076.png,P4,0.22743303784195978,0.22538011695906432,0.0,11212,5106,14542
2076.png,P5,0.19899266590085712,0.24761067779852797,0.1072467433919312,12596,9179,14542
2082.png,P1,0.43387178192831904,0.47304907481898634,0.7648506151142355,3924,1088,1757
2082.png,P2,0.4125789218067023,0.450920245398773,0.759180790960452,4060,1075,1757
2082.png,P3,0.4180166912125675,0.44111027756939236,0.7631115804294263,4020,1084,1757
2082.png,P4,0.4300273427790206,0.47304907481898634,0.7648506151142355,3996,1088,1757
2082.png,P5,0.39362912400455063,0.43171806167400884,0.7911936704506364,4368,1150,1757
2108.png,P1,0.2713161582408106,0.4048903878583474,0.55339893472962,5232,4515,6562
2108.png,P2,0.3245632498421385,0.45932634254845883,0.6666100110478457,6024,5205,6562
2108.png,P3,0.2386121753937846,0.37244655581947744,0.5211438474870017,5076,4978,6562
2108.png,P4,0.19206331512651878,0.26301663982823403,0.2187230371009491,4132,2710,6562
2108.png,P5,0.20300592718035562,0.30952380952380953,0.3293646823411706,4804,3433,6562
211.png,P1,0.40462538226299694,0.3803976938463349,0.4924406047516199,10060,12030,4638
211.png,P2,0.35720827990474446,0.3376348635498202,0.437910903066323,10180,14375,4638
211.png,P3,0.3700967458223395,0.32859789993823346,0.4412292744746013,10940,14300,4638
211.png,P4,0.36377106871642895,0.3575268817204301,0.4583356403299928,10088,13423,4638
211.png,P5,0.4032843230857361,0.35275219533090596,0.4475203078238563,10060,14074,4638
2110.png,P1,0.35426889106967613,0.4459302325581395,0.8953313253012049,4076,1212,1444
2110.png,P2,0.41782407407407407,0.4838099243061396,0.8932478310071671,3456,1207,1444
2110.png,P3,0.2656364974245769,0.29852101712506485,0.9010824934677119,5436,1235,1444
2110.png,P4,0.4456140350877193,0.5510057471264368,0.8915753683415187,3088,1203,1444
2110.png,P5,0.19171534784917685,0.18055555555555555,0.9216909216909217,7532,1442,1444
2118.png,P1,0.43488529014844807,0.5204301075268817,0.8667192429022083,2964,1247,1289
2118.png,P2,0.49123475609756095,0.5377777777777778,0.8657187993680885,2624,1243,1289
2118.png,P3,0.4174222797927461,0.5041666666666667,0.8681621408894136,3088,1252,1289
2118.png,P4,0.44143835616438354,0.5204301075268817,0.8667192429022083,2920,1247,1289
2118.png,P5,0.39783950617283953,0.47265625,0.863849765258216,3240,1267,1289
2127.png,P1,0.36879432624113473,0.33587311460115066,0.3379948364888124,3276,1571,7725
2127.png,P2,0.43382443976724033,0.404913699269165,0.4279173873232272,3856,2104,7725
2127.png,P3,0.3712560088746456,0.3470688850878557,0.46878097125867196,3400,2365,7725
2127.png,P4,0.3851742396256619,0.3470688850878557,0.45236902734648904,3524,2258,7725
2127.png,P5,0.39228144487586775,0.38416200695179087,0.5444620531783765,4108,3633,7725
2136.png,P1,0.3097686375321337,0.38104535896665664,0.48985218656659263,8268,9097,3960
2136.png,P2,0.2935280946796034,0.36500291885580854,0.4897231055611572,8172,8933,3960
2136.png,P3,0.2874144286466561,0.34933920704845817,0.48702120924343145,8264,8676,3960
2136.png,P4,0.3151937309534175,0.39160943565243356,0.4937988056959118,8124,9102,3960
2136.png,P5,0.2921945239068247,0.36057418988061396,0.45445600224908633,8688,10268,3960
2137.png,P1,0.6166328600405679,0.39823364110798876,0.6541678684741852,3388,2352,4582
2137.png,P2,0.5613451589061346,0.5122626582278481,0.6772663161943839,3868,3217,4582
2137.png,P3,0.5291510398908967,0.600553141050968,0.6604464391165702,4388,3885,4582
2137.png,P4,0.5919875534811357,0.45724465558194777,0.6840842442015462,3604,2920,4582
2137.png,P5,0.5945672004865193,0.39823364110798876,0.6541678684741852,3284,2352,4582
2148.png,P1,0.3812741312741313,0.37363653170641525,0.9356084996780425,4080,1462,1644
2148.png,P2,0.40602883355176933,0.40411917616476706,0.9352239767966484,3720,1459,1644
2148.png,P3,0.3751196172248804,0.3862029428626027,0.9355670103092784,4104,1460,1644
2148.png,P4,0.3893245636225651,0.3758601450623024,0.9380417335473515,3848,1471,1644
2148.png,P5,0.3678373382624769,0.34814814814814815,0.939297124600639,4276,1486,1644
217.png,P1,0.45759803921568626,0.5282600664942741,0.6346439957492029,2832,1590,3115
217.png,P2,0.43590373280943023,0.45540082800150544,0.601789221034257,2732,1468,3115
217.png,P3,0.44801558315071827,0.4701912260967379,0.6042256588978436,2832,1476,3115
217.png,P4,0.4439297903461726,0.45540082800150544,0.601789221034257,2808,1468,3115
217.png,P5,0.44731659281142294,0.4701912260967379,0.6042256588978436,2764,1476,3115
2170.png,P1,0.622503328894807,0.6048387096774194,0.8026243849097867,3004,1788,1870
2170.png,P2,0.68952802359882,0.6666666666666666,0.8051662544655125,2712,1769,1870
2170.png,P3,0.6317567567567568,0.6243496357960457,0.8024083196496989,2960,1784,1870
2170.png,P4,0.5910240202275601,0.5865102639296188,0.8024050286963651,3164,1789,1870
2170.png,P5,0.5785891089108911,0.5859375,0.8029516261273572,3232,1789,1870
2176.png,P1,0.3243736518997843,0.33902794331876573,0.5824941905499613,2968,2732,5014
2176.png,P2,0.3128501103378034,0.3300066533599468,0.57805415209224,2720,2705,5014
2176.png,P3,0.31026170798898073,0.32089851584436424,0.5569886812319031,2596,2584,5014
2176.png,P4,0.31519198664440734,0.33902794331876573,0.5824941905499613,2864,2732,5014
2176.png,P5,0.3177302576191278,0.3300066533599468,0.57805415209224,2812,2705,5014
2178.png,P1,0.2911216805390408,0.5016296756169486,0.6532236046647685,9384,15478,10161
2178.png,P2,0.30516214427531435,0.5085915925130408,0.6629834254143646,9560,16446,10161
2178.png,P3,0.3559752996730839,0.5768637532133676,0.7749162911826712,8504,14030,10161
2178.png,P4,0.31091305462939217,0.49135543746725546,0.6194832760008783,10284,17165,10161
2178.png,P5,0.45313254175113427,0.5710090763481046,0.694656,4892,5464,10161
2182.png,P1,0.584088335220838,0.6563531353135313,0.7538763922253767,5484,3452,5706
2182.png,P2,0.5706247294762661,0.6825396825396826,0.745520501264153,5180,3391,5706
2182.png,P3,0.6194968553459119,0.6825396825396826,0.745520501264153,5624,3391,5706
2182.png,P4,0.558941681673362,0.6563531353135313,0.7538763922253767,5548,3452,5706
2182.png,P5,0.5363478724823263,0.659935379644588,0.7618530975371596,5812,3511,5706
2188.png,P1,0.7237656770916019,0.7358971517233736,0.926825098307403,4856,5696,6002
2188.png,P2,0.733015873015873,0.7531260374017926,0.9275832621690863,4916,5708,6002
2188.png,P3,0.7766225582860744,0.7396392527378141,0.927694406548431,5276,5726,6002
2188.png,P4,0.6869344340371487,0.6838882084400401,0.9274269557021678,4624,5669,6002
2188.png,P5,0.68606530876172,0.6773206392383543,0.9282772820864791,4428,5654,6002
2208.png,P1,0.45550449133068727,0.4767150726089134,0.7253767696757497,5920,5123,8015
2208.png,P2,0.5061290649376963,0.4811735941320293,0.6421867281409518,6852,4131,8015
2208.png,P3,0.47204370179948585,0.4966092853416797,0.7185555128697656,5728,5000,8015
2208.png,P4,0.3947851279575085,0.41826033312769895,0.7438575400105192,6428,5294,8015
2208.png,P5,0.3528845227776173,0.3812461443553362,0.7282437006393381,6032,5280,8015
2211.png,P1,0.5392706070652795,0.4396509138811131,0.589709117575165,6376,9276,7088
2211.png,P2,0.5553673000121021,0.4756814537680385,0.6215928732881266,5764,7954,7088
2211.png,P3,0.6265493802479009,0.6188673414200726,0.6727938312952723,5116,5751,7088
2211.png,P4,0.495407887628309,0.41239767286207074,0.5519857206604195,6752,10840,7088
2211.png,P5,0.5044763240211412,0.4021286209147045,0.5238689547581903,6860,12142,7088
2213.png,P1,0.0,0.04702750665483585,0.005699053221803475,4764,4594,6285
2213.png,P2,0.0,0.03353867214236824,0.0018975332068311196,3504,4255,6285
2213.png,P3,0.0,0.07105009633911367,0.01271523178807947,5160,5040,6285
2213.png,P4,0.0,0.04035874439461883,0.0020547305501074065,4224,4422,6285
2213.png,P5,0.0023755422433381535,0.009489916963226572,0.001123721766490617,3420,2614,6285
2214.png,P1,0.5813231430618582,0.5759483187013418,0.7707165109034267,3160,2959,3461
2214.png,P2,0.5878362006299975,0.5884244372990354,0.772308173152055,3092,2938,3461
2214.png,P3,0.60625,0.5884244372990354,0.772308173152055,2964,2938,3461
2214.png,P4,0.5883641674780915,0.5884244372990354,0.772308173152055,3064,2938,3461
2214.png,P5,0.5848922566895571,0.5942412708919411,0.772280318401748,3232,2946,3461
2221.png,P1,0.41147772499679036,0.3458004191520232,0.6009140184929322,4412,2827,6582
2221.png,P2,0.4174757281553398,0.38420204191295004,0.606541759288663,4952,2865,6582
2221.png,P3,0.4488209050350542,0.3948080904602644,0.6083095464636854,4784,2877,6582
2221.png,P4,0.3721386527141923,0.3076546433817529,0.5917843388960206,3908,2766,6582
2221.png,P5,0.3322951605174892,0.37558832758079697,0.6041777118015057,4540,2849,6582
2226.png,P1,0.7823784304285026,0.8976982097186701,0.5404296403572291,5272,2452,5834
2226.png,P2,0.7721477607061131,0.9410187667560321,0.540318686624819,5008,2450,5834
2226.png,P3,0.7569422776911077,0.8196078431372549,0.5397210430563978,5428,2411,5834
2226.png,P4,0.7427030456852792,0.8565573770491803,0.5393667354118646,5152,2409,5834
2226.png,P5,0.7881435257410296,0.8788182273410116,0.5406513872135102,5628,2456,5834
2227.png,P1,0.5703153316418993,0.7035043804755945,0.7716999672453324,4072,4566,4593
2227.png,P2,0.43113446901051106,0.5084637086432419,0.6276991809381981,3304,3465,4593
2227.png,P3,0.5862631388184125,0.6867787255393879,0.7735807377954496,4160,4461,4593
2227.png,P4,0.5424990918997458,0.6691379743654184,0.7713370873357623,3900,4464,4593
2227.png,P5,0.7245164662833247,0.7047169811320755,0.7476194351753886,5304,7694,4593
223.png,P1,0.5105856900015454,0.48017418032786885,0.9806365159128978,12148,7523,7402
223.png,P2,0.4700375811411001,0.4115296803652968,0.9473616307573216,14112,8100,7402
223.png,P3,0.4412169603524229,0.40632044390497657,0.9479932894567041,13536,8096,7402
223.png,P4,0.43107659547817373,0.34895755770662695,0.9447655748233783,15448,8168,7402
223.png,P5,0.4687523962886282,0.4489370359068253,0.9804237060874229,11752,7514,7402
2237.png,P1,0.47030878859857483,0.4511160714285714,0.7079818299805322,3368,1498,1584
2237.png,P2,0.4852941176470588,0.4626831501831502,0.7072933549432739,3264,1501,1584
2237.png,P3,0.4719904648390942,0.4355603448275862,0.7128712871287128,3356,1547,1584
2237.png,P4,0.4864864864864865,0.4626831501831502,0.7072933549432739,3256,1501,1584
2237.png,P5,0.4675324675324675,0.44011324041811845,0.708026862807803,3388,1543,1584
2241.png,P1,0.5682778522106565,0.5955497382198953,0.7724283409852339,7272,8173,7945
2241.png,P2,0.5628024637043555,0.5849435382685069,0.7554590729153365,6264,7717,7945
2241.png,P3,0.2772196261682243,0.26795895096921324,0.42102229054573403,2988,2463,7945
2241.png,P4,0.29316378908072793,0.29652042360060515,0.4467224677889589,3140,2688,7945
2241.png,P5,0.5765965886552955,0.5745283018867925,0.7396150914634146,11928,13047,7945
2244.png,P1,0.2971543691765298,0.3003365670164324,0.7435246317927883,3916,734,1235
2244.png,P2,0.2974539954625662,0.3003365670164324,0.7435246317927883,3912,734,1235
2244.png,P3,0.3253112033195021,0.3037037037037037,0.7460719716168271,3556,738,1235
2244.png,P4,0.3046113306982872,0.2894896106516038,0.6962025316455697,3716,661,1235
2244.png,P5,0.2695116385212232,0.28160386114720626,0.7511357900050479,4328,746,1235
2245.png,P1,0.3869346733668342,0.4548962855764592,0.8897933625547902,2732,1510,1684
2245.png,P2,0.39299610894941633,0.4360719494409334,0.883075953356445,2612,1489,1684
2245.png,P3,0.3786118558236521,0.42,0.9001545595054096,2944,1551,1684
2245.png,P4,0.40182054616384916,0.48185998978027594,0.883706271667192,2628,1489,1684
2245.png,P5,0.3629463030643801,0.4009546539379475,0.9177086362314626,3164,1755,1684
2246.png,P1,0.5674740484429066,0.6203787195671776,0.8458820331611852,2296,1898,1781
2246.png,P2,0.568348093954563,0.6203787195671776,0.8458820331611852,2292,1898,1781
2246.png,P3,0.5541516245487365,0.6269155753691836,0.841684434968017,2524,1971,1781
2246.png,P4,0.5418367346938775,0.6269155753691836,0.841684434968017,2752,1971,1781
2246.png,P5,0.5492505353319058,0.6269155753691836,0.841684434968017,2560,1971,1781
2248.png,P1,0.4939204126750184,0.5266109933939923,0.9287180991493107,4608,3317,3501
2248.png,P2,0.40569395017793597,0.5205333333333333,0.9231690879137338,4004,3176,3501
2248.png,P3,0.42317005028869437,0.4928590676367556,0.9193183531895641,4140,3130,3501
2248.png,P4,0.425949953660797,0.5205333333333333,0.9231690879137338,4192,3176,3501
2248.png,P5,0.5125313283208021,0.5155582672361196,0.9275152218034213,4948,3397,3501
2259.png,P1,0.7387492694330801,0.7875766871165644,0.7212205270457698,4776,2340,4149
2259.png,P2,0.7134322954380884,0.738013463387828,0.7271053842613898,5316,2370,4149
2259.png,P3,0.7492205767731879,0.7732069123719223,0.7192467973452693,4828,2330,4149
2259.png,P4,0.7086799276672694,0.7279647435897436,0.7315805564047692,5300,2393,4149
2259.png,P5,0.6642495784148398,0.6621720116618076,0.7331297709923664,5720,2401,4149
2272.png,P1,0.477455854620264,0.49801390268123136,0.7540236866079563,4720,2688,3898
2272.png,P2,0.430690446759668,0.5057992939989914,0.744874364112841,4204,2589,3898
2272.png,P3,0.4924587863907401,0.5395373856912319,0.7105393369619001,4612,2165,3898
2272.png,P4,0.42649613137533554,0.4624250806823421,0.7720267519627799,5136,2980,3898
2272.png,P5,0.4197034778994042,0.4041095890410959,0.7904649018833135,6348,3695,3898
2277.png,P1,0.45162509448223737,0.4493461704267855,0.5777356446370531,4976,4678,2706
2277.png,P2,0.48140662894098624,0.4773317050831934,0.5910455910455911,4624,4620,2706
2277.png,P3,0.38180051813471505,0.34037226515728747,0.41925939209181384,5828,8447,2706
2277.png,P4,0.44063715502870904,0.4449978653764053,0.563142631162668,5072,4880,2706
2277.png,P5,0.35399529964747356,0.3598757901741156,0.48798484395253766,6512,7323,2706
2278.png,P1,0.31618531889290014,0.3170506912442396,0.5289384894887101,3324,2802,1051
2278.png,P2,0.3288485607008761,0.3362658846529814,0.6062633019154758,3196,2238,1051
2278.png,P3,0.3192588092345079,0.32637571157495254,0.5643620011242271,3292,2507,1051
2278.png,P4,0.29622322435174747,0.30714285714285716,0.4740909090909091,3548,3349,1051
2278.png,P5,0.19920394238059136,0.14527027027027026,0.22534305317324185,5276,8277,1051
228.png,P1,0.3564405932344609,0.30976055194805197,0.7326062429484769,5992,3170,2148
228.png,P2,0.28012519561815336,0.27104048295454547,0.734984984984985,7668,3180,2148
228.png,P3,0.29916434540389975,0.27653985507246376,0.734984984984985,7180,3180,2148
228.png,P4,0.26414166256763405,0.25139986824769434,0.7395147639646417,8132,3169,2148
228.png,P5,0.31066550421389133,0.27653985507246376,0.734984984984985,6872,3180,2148
2293.png,P1,0.4325958322613841,0.48481035412547185,0.5451983372084831,6488,9544,4649
2293.png,P2,0.38561847988077497,0.4461538461538462,0.5729664164960958,6508,8542,4649
2293.png,P3,0.3901755241345685,0.4533807829181495,0.5308299551952208,6756,9412,4649
2293.png,P4,0.43877143996808937,0.4696997270245678,0.5620374401393121,6172,9133,4649
2293.png,P5,0.41875423155044006,0.35228741276815717,0.413109243697479,7924,13201,4649
2326.png,P1,0.47532956685499056,0.42857142857142855,0.6336759294505774,5200,5247,2634
2326.png,P2,0.5044669446098868,0.47892486255345146,0.6545359340227779,4944,5005,2634
2326.png,P3,0.5319965870307167,0.5224602626123013,0.7696086458162764,4548,3473,2634
2326.png,P4,0.5316375867143157,0.5077720207253886,0.7031976334695027,4652,4465,2634
2326.png,P5,0.4848367029548989,0.4677804295942721,0.6297604035308954,5004,5296,2634
233.png,P1,0.48469635627530366,0.36844712664384793,0.9360983102918586,12112,6796,6224
233.png,P2,0.4194903388406609,0.3537270840539606,0.9360558839333691,14052,6803,6224
233.png,P3,0.45885634588563456,0.37770083102493074,0.9365921143647683,12604,6787,6224
233.png,P4,0.43832485438324853,0.3699131850244167,0.9364676960897288,13284,6793,6224
233.png,P5,0.45649638441800794,0.3665322580645161,0.9363336149297289,12508,6797,6224
234.png,P1,0.5366606170598911,0.5126928820308612,0.9267320662170447,10732,6846,6202
234.png,P2,0.47472,0.4042386185243328,0.923581452104942,12232,6910,6202
234.png,P3,0.44981412639405205,0.3821892393320965,0.9211826404195486,13688,6955,6202
234.png,P4,0.4379982285208149,0.3783287419651056,0.922514842441772,13280,6936,6202
234.png,P5,0.47188892697977375,0.4924695194836242,0.924345369875563,10972,6897,6202
2344.png,P1,0.26554470709146966,0.42338229456133386,0.6703345070422535,8736,7210,10966
2344.png,P2,0.2632740490717902,0.4195515342250197,0.6653590497984091,8496,7388,10966
2344.png,P3,0.22674920817736827,0.4393669193045029,0.6657316503038803,6076,6146,10966
2344.png,P4,0.2627811170392382,0.40502630040911747,0.6798863636363637,7732,6634,10966
2344.png,P5,0.20863787375415282,0.3446601941747573,0.5648444241409065,7224,8735,10966
2353.png,P1,0.49594320486815413,0.4929016620498615,0.6048620339248026,6132,8600,4193
2353.png,P2,0.4720877242950726,0.45978682170542634,0.5546170365068003,6144,9777,4193
2353.png,P3,0.6129571189901615,0.6635730858468677,0.7700143948621415,4496,4838,4193
2353.png,P4,0.4083579682880946,0.43319774718397996,0.516010854816825,6288,10547,4193
2353.png,P5,0.40307394073663805,0.43145765922184515,0.5214173120416695,5940,10398,4193
2364.png,P1,0.2357766604921937,0.22877164056059357,0.8828365878725591,3672,948,998
2364.png,P2,0.2539870053160071,0.245792736935341,0.8850574712643678,3248,916,998
2364.png,P3,0.21680420105026257,0.21395528141865844,0.8845577211394303,3868,1003,998
2364.png,P4,0.24774266365688488,0.23984442523768368,0.8854166666666666,3424,922,998
2364.png,P5,0.24041621029572838,0.23417721518987342,0.8850931677018633,3532,934,998
238.png,P1,0.23021032504780115,0.22429513255716088,0.050623052959501556,4640,774,1794
238.png,P2,0.2199069391058062,0.23748700430714392,0.1393998063891578,4236,272,1794
238.png,P3,0.2005245588936576,0.17565524193548387,0.8416931734768779,8276,2293,1794
238.png,P4,0.2397384671267708,0.2585844428871759,0.6957971981320881,5032,1204,1794
238.png,P5,0.2087160863063448,0.22875816993464052,0.07403598971722365,3864,151,1794
2384.png,P1,0.4490674318507891,0.4692370795734208,0.6652788104089219,2688,2343,4382
2384.png,P2,0.463324429833573,0.49624060150375937,0.692228889214108,2740,2451,4382
2384.png,P3,0.44387229660144184,0.4786610878661088,0.6596417281348789,2628,2261,4382
2384.png,P4,0.45321637426900585,0.4786610878661088,0.6596417281348789,2576,2261,4382
2384.png,P5,0.44174854622017246,0.4692370795734208,0.6652788104089219,2808,2343,4382
2386.png,P1,0.3172120861086978,0.4645965655139967,0.5876321186306989,4692,3725,8953
2386.png,P2,0.32738497154432333,0.4645965655139967,0.5876321186306989,4808,3725,8953
2386.png,P3,0.3297579216689628,0.4281674652423219,0.5351767015706806,4560,3271,8953
2386.png,P4,0.32700645534251854,0.4645965655139967,0.5876321186306989,4820,3725,8953
2386.png,P5,0.2907636498930332,0.4312598013591218,0.5796779566907274,4924,3654,8953
2388.png,P1,0.3654509610645638,0.38658992563962524,0.5172662216031891,6728,5385,15436
2388.png,P2,0.3904531875675332,0.4584777307149275,0.7423687423687424,6440,9134,15436
2388.png,P3,0.25443786982248523,0.29427379598028064,0.46499602227525855,4704,4676,15436
2388.png,P4,0.3686989314896292,0.3973815941470928,0.5141977091154105,6340,5342,15436
2388.png,P5,0.3136801071994153,0.37683664649956783,0.4966887417218543,6132,5100,15436
2389.png,P1,0.5439664390885909,0.5482139765710659,0.595570740040266,7260,4881,11510
2389.png,P2,0.49407769402799634,0.5125256673511294,0.5935972629521017,6528,4858,11510
2389.png,P3,0.5331498230436492,0.5160393617612721,0.5951421945563286,7984,4876,11510
2389.png,P4,0.5504204983101469,0.6044088176352705,0.6590551639773985,8216,5657,11510
2389.png,P5,0.5351836631472466,0.5482635342185904,0.8337713534822602,12772,12842,11510
2392.png,P1,0.2944426030272898,0.24570061312995364,0.492336041544518,2716,2939,9000
2392.png,P2,0.29784649364991717,0.24570061312995364,0.492336041544518,2752,2939,9000
2392.png,P3,0.29665230361286044,0.2535885167464115,0.5023712455279141,2736,3019,9000
2392.png,P4,0.2894387980556783,0.23781034998504338,0.4715971809459115,2672,2777,9000
2392.png,P5,0.2848297213622291,0.23781034998504338,0.4715971809459115,2620,2777,9000
2395.png,P1,0.46681234635345537,0.4807935076645627,0.6515650741350906,4088,5488,6652
2395.png,P2,0.5724713242961418,0.5725311348886161,0.613941018766756,5412,6776,6652
2395.png,P3,0.5452013167890605,0.6361871138570168,0.66576,5552,5848,6652
2395.png,P4,0.4459348480700794,0.45368552561127967,0.6191522762951335,3912,6088,6652
2395.png,P5,0.581476846057572,0.603865575483197,0.636604348872663,5984,5811,6652
2399.png,P1,0.1693723348544924,0.17923665591760118,0.40459515911045585,3440,4087,12191
2399.png,P2,0.16105479549159993,0.17668221185876082,0.39243924392439244,4188,5585,12191
2399.png,P3,0.1768506266054332,0.15811502092698806,0.29257703081232495,2928,2089,12191
2399.png,P4,0.15947393290281933,0.1388320478514088,0.24917420652017808,2532,1735,12191
2399.png,P5,0.17080552537637747,0.15191443187102774,0.2746957260118879,2896,1941,12191
2400.png,P1,0.5538838920686836,0.6,0.7394751746271474,3960,5052,5542
2400.png,P2,0.5725922376617154,0.6331305568554048,0.790257104194858,4304,5543,5542
2400.png,P3,0.650628667225482,0.7531120331950207,0.869189785045012,4304,5344,5542
2400.png,P4,0.520529402917732,0.5349829351535836,0.7674820405565154,4568,5455,5542
2400.png,P5,0.5631631065214316,0.6314475873544093,0.8646288209606987,5508,6137,5542
2401.png,P1,0.24383708467309753,0.22485331098072087,0.30064289888953827,2604,1875,6680
2401.png,P2,0.26925091671031953,0.2481527093596059,0.4302558398220245,3012,2310,6680
2401.png,P3,0.24624463519313305,0.2316844082654978,0.3694312796208531,2612,1760,6680
2401.png,P4,0.3420781893004115,0.42793230888932116,0.7293971850933876,3756,4617,6680
2401.png,P5,0.2427652733118971,0.2370075440067058,0.34565067707137936,2596,2034,6680
2406.png,P1,0.5538035371830385,0.5811062771908018,0.9087256027554536,3552,3228,3740
2406.png,P2,0.6256948733786288,0.671804170444243,0.9108316661903401,4156,3258,3740
2406.png,P3,0.5342229875161429,0.5917721518987342,0.9093521045826749,3388,3221,3740
2406.png,P4,0.6212451023073574,0.6594059405940594,0.909325681492109,3708,3230,3740
2406.png,P5,0.5785637727759915,0.6141439205955335,0.9096903669724771,3624,3236,3740
2423.png,P1,0.31552360598406837,0.6166198313930149,0.6279622462144361,5984,7169,7558
2423.png,P2,0.23897415970468233,0.5786163522012578,0.3183617277577009,5196,4064,7558
2423.png,P3,0.3031945788964182,0.6294660778803693,0.6188694373914205,5904,7408,7558
2423.png,P4,0.3441030723488603,0.5911949685534591,0.641087356647317,6004,6568,7558
2423.png,P5,0.3320770176157313,0.6891548784911136,0.5794971392577818,8700,11493,7558
2424.png,P1,0.5263200915481445,0.5341877758297564,0.7390286121576214,6440,7409,12233
2424.png,P2,0.5261178778713317,0.5455534731878363,0.7387517394217389,6436,7170,12233
2424.png,P3,0.5331862023867909,0.5341877758297564,0.7390286121576214,6524,7409,12233
2424.png,P4,0.5731044126786824,0.6393643745983525,0.7941715382601867,8016,10689,12233
2424.png,P5,0.5567771200123011,0.6064859358197974,0.7638763876387639,8016,11098,12233
2430.png,P1,0.6228357510528779,0.6842619745845552,0.8122722914669224,4656,4682,5748
2430.png,P2,0.7985566363351114,0.8147429679922406,0.8280428432327166,5716,4522,5748
2430.png,P3,0.5598653630389485,0.6626686656671664,0.8231053964543152,3984,4518,5748
2430.png,P4,0.4964302712993812,0.47202441505595116,0.4975187682911312,3684,2111,5748
2430.png,P5,0.6674150576261039,0.6981132075471698,0.8082940622054665,5392,4862,5748
2442.png,P1,0.5262775050009093,0.6408058294042006,0.847188087321093,4652,3176,3741
2442.png,P2,0.5477299185098953,0.5483870967741935,0.8272218769422002,4236,2695,3741
2442.png,P3,0.5288932419196866,0.502900490852298,0.8046489412513931,4064,2540,3741
2442.png,P4,0.5467667436489607,0.5666315313958741,0.835458409228901,4296,2847,3741
2442.png,P5,0.4982905982905983,0.6567720557779926,0.8479700547077454,5024,3205,3741
2459.png,P1,0.46124031007751937,0.5471796475862788,0.7000734599643195,7256,6710,12348
2459.png,P2,0.42794504530838934,0.5388384944218538,0.6683848797250859,7192,6276,12348
2459.png,P3,0.41503747778378797,0.5688666458137838,0.7212658488815586,5964,7054,12348
2459.png,P4,0.41115905821788173,0.480450422270879,0.67808,6292,6402,12348
2459.png,P5,0.4442457621057149,0.5639558232931727,0.688955791475202,7844,6585,12348
246.png,P1,0.3368806119055537,0.3762477604299974,0.8613505747126436,2728,1492,1292
246.png,P2,0.34044681560520174,0.3762477604299974,0.8613505747126436,2728,1492,1292
246.png,P3,0.35721667240785393,0.3877604853600633,0.8558172733761599,2648,1510,1292
246.png,P4,0.342732460557234,0.3877604853600633,0.8558172733761599,2708,1510,1292
246.png,P5,0.29758088020985135,0.32761310452418096,0.8767225325884543,3160,1393,1292
2472.png,P1,0.5609045742676032,0.58831662633944,0.6178228833588211,4248,2330,4863
2472.png,P2,0.5288597733711048,0.5493789943325696,0.6148695773469103,3772,2306,4863
2472.png,P3,0.5606139891854177,0.5584869292856283,0.6136014523111297,4084,2298,4863
2472.png,P4,0.5504279241483471,0.6203331418724871,0.6185051403167546,4376,2335,4863
2472.png,P5,0.5598333333333333,0.6426612614760939,0.616991643454039,4496,2317,4863
2474.png,P1,0.4577792553191489,0.40484429065743943,0.529292343387471,3848,1974,4922
2474.png,P2,0.45261784374490294,0.40484429065743943,0.529292343387471,3984,1974,4922
2474.png,P3,0.4537416079908302,0.40484429065743943,0.529292343387471,3956,1974,4922
2474.png,P4,0.4638974525393477,0.44029209621993126,0.5305354558610709,4100,1988,4922
2474.png,P5,0.5198170731707317,0.6025316455696202,0.5432733504712939,5048,2080,4922
2486.png,P1,0.267681660899654,0.3610408384531984,0.8515625,4616,3393,4543
2486.png,P2,0.23106328755486338,0.3205221174764322,0.7879271373487569,4152,2978,4543
2486.png,P3,0.16776586974443528,0.23857502698812522,0.5744482437053156,3956,1891,4543
2486.png,P4,0.28108184650240725,0.3574033552151714,0.8484082870136432,4504,3373,4543
2486.png,P5,0.15127995642701525,0.2201058201058201,0.2544397804326768,3912,1651,4543
2489.png,P1,0.49270021261516656,0.5325050872871372,0.6668832575265324,8752,6158,12310
2489.png,P2,0.5023853211009174,0.5168245671349232,0.6650037956837653,8160,6132,12310
2489.png,P3,0.47690791326386933,0.5375716293653368,0.6663055254604551,8668,6150,12310
2489.png,P4,0.4060869055298188,0.36902800658978585,0.5844200807847663,11668,13685,12310
2489.png,P5,0.4094741513201686,0.3413673080711893,0.6101395383086042,13100,14851,12310
25.png,P1,0.44179843779767575,0.35843442435339895,0.6255096097845079,4168,1751,3400
25.png,P2,0.4210804152736231,0.3747560182173064,0.6616342706170976,4676,1899,3400
25.png,P3,0.38990017615971817,0.3872660486269022,0.830604636083644,6068,2769,3400
25.png,P4,0.42011436259670365,0.3989867004433186,0.7137949737841258,5044,2131,3400
25.png,P5,0.4383403764886669,0.35837876273998576,0.6332046332046332,4088,1780,3400
2503.png,P1,0.35143066764490094,0.3131498470948012,0.4906885684270843,5456,4875,5596
2503.png,P2,0.4323744096178617,0.4858757062146893,0.5968548532867386,7748,11001,5596
2503.png,P3,0.34142963673165017,0.41023417172593235,0.4754146484661676,6996,8030,5596
2503.png,P4,0.4152171340669743,0.40117994100294985,0.4890643985419198,6364,7572,5596
2503.png,P5,0.27197138161075124,0.38324175824175827,0.4470787468247248,7560,8576,5596
2504.png,P1,0.5834289648840946,0.6333188342757721,0.6309505106048704,5084,4016,8714
2504.png,P2,0.4779654956646107,0.46339501206757844,0.39743473940926743,7820,2357,8714
2504.png,P3,0.5258570598489251,0.5319369177373197,0.7221988500911513,9668,5548,8714
2504.png,P4,0.5724122102364012,0.5678990865593736,0.6294432211387229,4988,4002,8714
2504.png,P5,0.6970649895178197,0.7377472055030094,0.8665753083343715,7476,7340,8714
2511.png,P1,0.29329128440366975,0.24073401162790697,0.3873112356349131,6976,8483,2046
2511.png,P2,0.31,0.24537037037037038,0.4055290373906126,6600,8010,2046
2511.png,P3,0.26420454545454547,0.228133608815427,0.3575672841663754,7744,9398,2046
2511.png,P4,0.3182809093740268,0.2567829457364341,0.42092102521358615,6420,7552,2046
2511.png,P5,0.22321229672532858,0.183061619231832,0.2391583869082408,8936,15064,2046
2520.png,P1,0.6070766950722489,0.6496815286624203,0.8179084151393066,7128,7401,10222
2520.png,P2,0.6285691175281081,0.7001845018450185,0.9074783521385463,9912,8833,10222
2520.png,P3,0.5959992521966723,0.6085179608517961,0.7860467856932414,6852,6749,10222
2520.png,P4,0.6357168916453849,0.7010376134889753,0.8943141663989721,7712,8456,10222
2520.png,P5,0.5705893152193868,0.5891141942369263,0.7716281569048898,6888,6527,10222
2522.png,P1,0.32914216183329953,0.36136662286465177,0.9128467440487901,3984,2513,2570
2522.png,P2,0.3735140771637122,0.464514163874505,0.9124532756246311,4016,2513,2570
2522.png,P3,0.3636565342800089,0.436092610212496,0.912170145726664,3576,2508,2570
2522.png,P4,0.3497371188222923,0.42741684799502644,0.9122047244094488,3848,2510,2570
2522.png,P5,0.31358122887253925,0.3508075191951284,0.9130605822187254,4036,2514,2570
2523.png,P1,0.5373177842565597,0.6258381761287438,0.912039312039312,3216,2013,2057
2523.png,P2,0.5167695197209552,0.6418485237483954,0.9123065585851142,3596,2014,2057
2523.png,P3,0.5273861171366594,0.5903187721369539,0.9126594700686947,3576,2019,2057
2523.png,P4,0.5276195899772209,0.6466512702078522,0.9117285468404229,3308,2010,2057
2523.png,P5,0.3699270619038713,0.3772884710539337,0.9141463414634147,5268,2043,2057
2532.png,P1,0.5781316348195329,0.5614112947964052,0.7052293006847894,6624,11034,8242
2532.png,P2,0.5421608798792322,0.5023319303833466,0.7260125622698722,6060,10226,8242
2532.png,P3,0.45986564955026754,0.48236320578337283,0.7372779484439695,4580,6732,8242
2532.png,P4,0.5348015790567214,0.5496561830684252,0.7141815910037485,6532,10966,8242
2532.png,P5,0.5475335862988412,0.5714914694551458,0.6891836734693878,6848,11358,8242
2533.png,P1,0.5538834545606555,0.679721496953873,0.7514058237291911,9616,8991,8970
2533.png,P2,0.5053782717820007,0.605724838411819,0.7621603105731902,7824,8546,8970
2533.png,P3,0.5352363960749331,0.61865189289012,0.7546674279189266,8240,8545,8970
2533.png,P4,0.5416041354010338,0.7017875920084122,0.7644110275689223,9520,11778,8970
2533.png,P5,0.546585385946124,0.7029765674477517,0.7624968410411929,9804,10815,8970
2537.png,P1,0.5122145512480085,0.569526015385888,0.5323899371069183,5764,7094,5626
2537.png,P2,0.47493036211699163,0.5534450318071857,0.5463344685427496,4964,5532,5626
2537.png,P3,0.5019794140934284,0.50920245398773,0.6381268565437708,5756,5820,5626
2537.png,P4,0.4576147680349769,0.5644532742416138,0.5016263100831225,6376,8209,5626
2537.png,P5,0.499534306116113,0.614993481095176,0.639136608917921,8864,11979,5626
2542.png,P1,0.3794912559618442,0.36654135338345867,0.9125651418645049,6072,2576,2605
2542.png,P2,0.3994687033040013,0.39886363636363636,0.9125313767136513,5824,2574,2605
2542.png,P3,0.4023279352226721,0.3979591836734694,0.9125313767136513,5708,2574,2605
2542.png,P4,0.32827808347872767,0.31451612903225806,0.9121725731895224,7292,2587,2605
2542.png,P5,0.31459187723243814,0.3427734375,0.9122468659594986,7332,2580,2605
2545.png,P1,0.6820996756119139,0.6749311294765841,0.8888113108744982,2932,2957,2772
2545.png,P2,0.685201529861724,0.6939241662859753,0.8883850715033136,2956,2962,2772
2545.png,P3,0.6596906278434941,0.6864654333008764,0.8881106636315882,2700,2939,2772
2545.png,P4,0.6760925449871465,0.6939241662859753,0.8883850715033136,3096,2962,2772
2545.png,P5,0.6720844026233248,0.6749311294765841,0.8888113108744982,3092,2957,2772
2555.png,P1,0.0,0.0,0.0,4932,5016,2279
2555.png,P2,0.16721097322011758,0.17063378262116433,0.21235721703011423,6656,9277,2279
2555.png,P3,0.18511498610058125,0.15466772151898733,0.159758253036091,7100,15260,2279
2555.png,P4,0.0,0.0,0.0,5092,5178,2279
2555.png,P5,0.0,0.0,0.0,4980,5329,2279
2556.png,P1,0.5320574162679426,0.5899147852060089,0.8591392254515722,5248,5893,7560
2556.png,P2,0.5439786770050884,0.6238317757009346,0.8857101365088585,5184,6212,7560
2556.png,P3,0.5095732410611303,0.6286273508637563,0.8982929278439248,5528,6382,7560
2556.png,P4,0.5028063610851263,0.5872068230277185,0.8695972314262572,5292,6021,7560
2556.png,P5,0.4805791772006435,0.5865474670072371,0.846015037593985,5324,5740,7560
2557.png,P1,0.583242125744862,0.6130790190735694,0.9493588703132608,6572,5875,6447
2557.png,P2,0.6589831401475237,0.6491633006347375,0.9489240763296792,6148,5868,6447
2557.png,P3,0.6355304456999372,0.6787983824378971,0.950373013298735,6580,5885,6447
2557.png,P4,0.0,0.0,0.0,6056,2802,6447
2557.png,P5,0.6221281741233373,0.6664775950085082,0.951061416302058,6968,5895,6447
256.png,P1,0.5852577129133567,0.6245006657789614,0.9448111220334223,5036,3576,3545
256.png,P2,0.5827898550724637,0.6267088789753922,0.9448266179980346,5192,3578,3545
256.png,P3,0.540689886135298,0.5666883539362394,0.9447095144541117,5656,3581,3545
256.png,P4,0.5520423859169373,0.5938158819395642,0.9446629213483146,5536,3575,3545
256.png,P5,0.5218036741510484,0.5652173913043478,0.945193929173693,4656,3571,3545
2565.png,P1,0.38106135576447303,0.5866376969038566,0.7530309222176815,8624,8318,13705
2565.png,P2,0.3609216038300419,0.5361702127659574,0.756497328624468,9036,8381,13705
2565.png,P3,0.2346735284657446,0.20739033824376593,0.3992297817715019,5488,3433,13705
2565.png,P4,0.22842994095612976,0.2042967166599108,0.40263142574372707,5644,3472,13705
2565.png,P5,0.22309529796328892,0.20135836995605275,0.3939837303212969,5752,3382,13705
2575.png,P1,0.47878721779910566,0.5224533660858217,0.8837833570187905,6504,5611,7055
2575.png,P2,0.45353545841553317,0.4993030592032866,0.8823019314150572,6944,5630,7055
2575.png,P3,0.4967291273977159,0.5300861803631887,0.8855345911949686,6444,5665,7055
2575.png,P4,0.47493153570676216,0.4993030592032866,0.8823019314150572,6948,5630,7055
2575.png,P5,0.47826561817387503,0.5203761755485894,0.8886449184441656,6480,5697,7055
2577.png,P1,0.6230717639168344,0.6090395480225989,0.8570613409415121,6092,4507,6008
2577.png,P2,0.595499872155459,0.582819926069354,0.8732658417697787,6472,4660,6008
2577.png,P3,0.6038173845757029,0.5991107817710263,0.8613927048792042,6428,4547,6008
2577.png,P4,0.544026653974298,0.5639097744360902,0.846832397754611,6968,6462,6008
2577.png,P5,0.5035642089583998,0.5487883892704419,0.8295558958652374,8124,7052,6008
2581.png,P1,0.39348884901307357,0.38461538461538464,0.6080658436213991,7112,8390,3760
2581.png,P2,0.4057323165921641,0.4153846153846154,0.6633600865722789,6932,7329,3760
2581.png,P3,0.4043737574552684,0.423861852433281,0.6882143526325651,6836,6914,3760
2581.png,P4,0.38249516441005804,0.3588516746411483,0.5358425513575635,7676,10162,3760
2581.png,P5,0.3688719657306045,0.35980810234541577,0.5425601511957548,7744,9997,3760
2582.png,P1,0.49380639241474233,0.598601686201933,0.8680455701802898,5664,4937,4104
2582.png,P2,0.4894932014833127,0.587262200165426,0.8625945827393354,5536,5015,4104
2582.png,P3,0.5232159551262076,0.6222871452420701,0.8781634938409855,5672,4826,4104
2582.png,P4,0.4759507829977629,0.5468720646252113,0.8399872921740972,6452,5339,4104
2582.png,P5,0.43986040134612986,0.5285359801488834,0.8164355418592707,7448,5631,4104
2589.png,P1,0.40777439024390244,0.4297535858771607,0.7257790368271955,3292,1281,2249
2589.png,P2,0.3913381742738589,0.41358964598401216,0.7560840707964602,3116,1367,2249
2589.png,P3,0.34822144958545065,0.3604923798358734,0.643546441495778,2792,1067,2249
2589.png,P4,0.3562066306861989,0.3740295031055901,0.7389963554807962,3028,1318,2249
2589.png,P5,0.34891443167305236,0.3604923798358734,0.643546441495778,3032,1067,2249
2590.png,P1,0.4388651770022596,0.4156243986915528,0.6785357071414283,2428,1696,3303
2590.png,P2,0.43090452261306533,0.3996910600502027,0.6356877323420075,2392,1539,3303
2590.png,P3,0.45894928360245624,0.45188729399255717,0.7366609294320138,3112,1926,3303
2590.png,P4,0.4378609088626663,0.4158492017695711,0.6619404496657889,2424,1634,3303
2590.png,P5,0.4688729460772969,0.4507192328183271,0.7521722704948999,3044,1991,3303
2591.png,P1,0.47018838609438723,0.4522207267833109,0.406816220880069,3892,958,3678
2591.png,P2,0.47378793851005124,0.45964432284541723,0.4050960915568992,3800,953,3678
2591.png,P3,0.48189957181782794,0.46473029045643155,0.41705957993999143,3936,988,3678
2591.png,P4,0.4656459330143541,0.4380704041720991,0.42213202307199316,3980,1003,3678
2591.png,P5,0.4711595639246779,0.4522207267833109,0.406816220880069,3744,958,3678
2592.png,P1,0.521594684385382,0.5193896122077558,0.6701093560145808,3940,2280,4304
2592.png,P2,0.5059863694971449,0.5193896122077558,0.6701093560145808,3872,2280,4304
2592.png,P3,0.5232494026833303,0.553014553014553,0.7682119205298014,3984,2793,4304
2592.png,P4,0.5137124976992453,0.5193896122077558,0.6701093560145808,3920,2280,4304
2592.png,P5,0.5173172072567345,0.5193896122077558,0.6701093560145808,3976,2280,4304
2593.png,P1,0.5296027206678002,0.5183464932652113,0.85376008326828,6052,3843,3843
2593.png,P2,0.5217101979703876,0.505515587529976,0.8670946591995629,5304,3478,3843
2593.png,P3,0.5130769230769231,0.5079654073736914,0.8522506161629264,5992,3866,3843
2593.png,P4,0.4975,0.4523713011755168,0.8450415866922585,6340,3972,3843
2593.png,P5,0.46625598904859683,0.44124462098642836,0.7122678018575851,6868,6493,3843
2594.png,P1,0.4372577025096919,0.4869831546707504,0.6716450691851527,4020,1529,3024
2594.png,P2,0.3788644170539503,0.3936018280491288,0.6643109540636042,3800,1504,3024
2594.png,P3,0.4138291205347817,0.49741100323624593,0.6675479180436219,3744,1515,3024
2594.png,P4,0.4534263438654083,0.5279562982005142,0.6710613052076466,4060,1527,3024
2594.png,P5,0.365644434913146,0.4369028006589786,0.6604651162790698,3344,1491,3024
2602.png,P1,0.5662259076647244,0.5789473684210527,0.6930463063342109,5548,4485,8429
2602.png,P2,0.5288234633104844,0.5450024065458046,0.6905112886957872,5176,4460,8429
2602.png,P3,0.5759185000541888,0.574468085106383,0.6934509986065954,6112,4489,8429
2602.png,P4,0.416331891223733,0.34820209376422395,0.6065740858708115,9904,7269,8429
2602.png,P5,0.4618617189977799,0.3946715207678306,0.6503661412436391,10008,7685,8429
2605.png,P1,0.2948569391211338,0.3700498295305534,0.6796455597956148,7568,8502,6959
2605.png,P2,0.30132966529115085,0.3677295305239545,0.669766240475268,7232,8527,6959
2605.png,P3,0.2992861549308187,0.38026195224491993,0.6773309540500924,7784,8732,6959
2605.png,P4,0.33462081959491285,0.3603718649435562,0.6571985169358386,7208,8954,6959
2605.png,P5,0.31162908538130224,0.3651467315356348,0.6773711239680167,8572,8424,6959
2608.png,P1,0.47233581910031275,0.495638789122627,0.7424288773325176,4548,5383,7693
2608.png,P2,0.4943928614494152,0.48491600959890296,0.7417969947868752,4700,5351,7693
2608.png,P3,0.5825699132111861,0.5128512679917752,0.7561885901439561,5436,5436,7693
2608.png,P4,0.5245376955903271,0.5022113022113022,0.7679653032229118,5168,5680,7693
2608.png,P5,0.5699775599385851,0.5093869413523842,0.7671212348269144,5600,5653,7693
2609.png,P1,0.504254112308565,0.5771170006464124,0.8162932790224032,3824,3233,4132
2609.png,P2,0.47314403010605544,0.5317324185248714,0.7885170225043278,4480,2800,4132
2609.png,P3,0.5090098818058516,0.5640025990903184,0.7941541431131945,3656,3121,4132
2609.png,P4,0.5251101321585903,0.47894302229562347,0.27932960893854747,2792,701,4132
2609.png,P5,0.5035087719298246,0.47894302229562347,0.27932960893854747,2724,701,4132
262.png,P1,0.7526436781609196,0.7487684729064039,0.9051987767584098,4156,3726,3468
262.png,P2,0.7204850031908104,0.7615230460921844,0.9022972598948242,4620,3758,3468
262.png,P3,0.7192097519966373,0.7816854678168547,0.9019770496336237,4712,3765,3468
262.png,P4,0.6725853658536586,0.6958062610750148,0.9038328490383285,5104,3759,3468
262.png,P5,0.6542964873982933,0.6055776892430279,0.9072681704260651,4868,3714,3468
2623.png,P1,0.17926842273648289,0.26317556226921784,0.23047938036424534,3688,2184,7370
2623.png,P2,0.16267890309188243,0.23817567567567569,0.20492247641765152,3272,1853,7370
2623.png,P3,0.1662143089783954,0.23817567567567569,0.20492247641765152,3372,1853,7370
2623.png,P4,0.10449786739046142,0.1803443508860123,0.05187096774193548,4024,380,7370
2623.png,P5,0.13340857787810384,0.21341776484682526,0.17444993264481365,2672,1538,7370
263.png,P1,0.3659844054580897,0.4186046511627907,0.8886975242195909,6156,2392,2253
263.png,P2,0.36693811074918564,0.4288145207033466,0.8883139284174213,6140,2385,2253
263.png,P3,0.3476851851851852,0.39957716701902746,0.8894148020654045,6480,2395,2253
263.png,P4,0.3395117540687161,0.3822042467138524,0.8884598884598884,6636,2409,2253
263.png,P5,0.3980565371024735,0.4186046511627907,0.8886975242195909,5660,2392,2253
2656.png,P1,0.5566901937227812,0.4335820895522388,0.5701187747447385,6180,10211,4186
2656.png,P2,0.6479387085005472,0.5700099304865939,0.7339947585174093,4848,6498,4186
2656.png,P3,0.6646307606885064,0.581,0.7262247838616714,4808,6918,4186
2656.png,P4,0.6223265519040166,0.5460526315789473,0.7302994662082692,5144,6867,4186
2656.png,P5,0.5015376013419066,0.4297337278106509,0.5979759460252273,6556,9450,4186
2660.png,P1,0.532658785814466,0.5128613424791769,0.6794258373205742,7788,7955,7511
2660.png,P2,0.5202749825645113,0.5209007215725305,0.688724302623382,7748,6936,7511
2660.png,P3,0.5339409176618479,0.5154815812018113,0.6787656022666361,7132,5548,7511
2660.png,P4,0.4910991805594801,0.5234248788368336,0.7207007994556898,8320,4247,7511
2660.png,P5,0.4776174280724331,0.5241430151124217,0.6871680545537997,8564,7740,7511
2680.png,P1,0.3526637069922309,0.46922428330522764,0.8143297380585516,3336,1057,1539
2680.png,P2,0.3606145251396648,0.4580246913580247,0.8161538461538461,3332,1061,1539
2680.png,P3,0.34391965255157436,0.49232736572890023,0.8188795088257866,3412,1067,1539
2680.png,P4,0.35781596452328157,0.4580246913580247,0.8161538461538461,3360,1061,1539
2680.png,P5,0.31346525096525096,0.40583274771609273,0.8256390690576116,3904,1082,1539
2685.png,P1,0.5340513145391195,0.6515151515151515,0.7743573468740083,2912,1220,1931
2685.png,P2,0.5310929648241206,0.5816425120772947,0.774746192893401,2944,1221,1931
2685.png,P3,0.5190534726490473,0.5972222222222222,0.774746192893401,3012,1221,1931
2685.png,P4,0.5299583466837552,0.6515151515151515,0.7743573468740083,2844,1220,1931
2685.png,P5,0.5354330708661418,0.6323529411764706,0.774746192893401,2944,1221,1931
2701.png,P1,0.507012558437987,0.4782838983050847,0.8907309721175584,10552,4728,5888
2701.png,P2,0.5212469845982557,0.4782838983050847,0.8907309721175584,10508,4728,5888
2701.png,P3,0.48542506326741025,0.4942528735632184,0.889894419306184,9960,4720,5888
2701.png,P4,0.5093979582100945,0.5022246941045606,0.8890566037735849,9932,4712,5888
2701.png,P5,0.46369493296186665,0.4703125,0.8907309721175584,10924,4728,5888
2703.png,P1,0.33814823585129056,0.38596491228070173,0.6101066295781178,3936,2599,1715
2703.png,P2,0.30848549946294307,0.31058823529411766,0.5870925965896827,4376,2918,1715
2703.png,P3,0.34694370620922926,0.411214953271028,0.602375296912114,3860,2495,1715
2703.png,P4,0.339662447257384,0.3962536023054755,0.6200539568345323,4000,2733,1715
2703.png,P5,0.30323785803237857,0.3150057273768614,0.6060732984293193,4564,3060,1715
2705.png,P1,0.7031741043368951,0.7557635243095183,0.7932241671372107,5524,3540,5315
2705.png,P2,0.6465328159271132,0.7034313725490197,0.5174708818635607,4444,1897,5315
2705.png,P3,0.6920847948757054,0.7926421404682275,0.8111234705228031,5780,3675,5315
2705.png,P4,0.7309308338720103,0.8996850012115338,0.7978412412862604,5396,3579,5315
2705.png,P5,0.5709338428469071,0.6186584950629894,0.7952079173539369,7840,6204,5315
2706.png,P1,0.5286282914880588,0.7725550556476438,0.7017445132245357,5404,2527,4581
2706.png,P2,0.550582671845972,0.7530120481927711,0.7559951226121122,4600,2800,4581
2706.png,P3,0.5162169919632607,0.7402995234853642,0.7037505267593763,5984,2538,4581
2706.png,P4,0.5027909572983533,0.7430124223602484,0.7018528916339135,6188,2543,4581
2706.png,P5,0.48352662098049554,0.7281521739130434,0.7026496565260059,6676,2552,4581
2716.png,P1,0.5807829181494661,0.7131771377406357,0.7910181168665475,4664,3618,4220
2716.png,P2,0.46503358356380875,0.3740767559739319,0.6755105936247375,6904,6258,4220
2716.png,P3,0.36042989741084513,0.26995884773662554,0.6015037593984962,9704,8016,4220
2716.png,P4,0.3283999639021749,0.21888555221888556,0.5413138311521684,10500,11368,4220
2716.png,P5,0.4794014409754295,0.49119541875447387,0.7695846954837148,3788,4039,4220
2720.png,P1,0.24435005609873378,0.35485714285714287,0.6889975852888366,9004,9628,6523
2720.png,P2,0.10017648541894277,0.17216358839050133,0.08520062532569046,6568,1153,6523
2720.png,P3,0.1819243928899274,0.3442622950819672,0.7305803417029813,7640,7934,6523
2720.png,P4,0.2578069969476403,0.3638261529702031,0.7093958476214228,9548,9516,6523
2720.png,P5,0.07966061748762668,0.16078028747433265,0.06450036647935499,7220,1663,6523
2721.png,P1,0.3449493760301389,0.4745880312228968,0.7516608050019539,5108,3920,6316
2721.png,P2,0.2953288846520496,0.455102306790043,0.6678605288107026,7272,3177,6316
2721.png,P3,0.31183043428176477,0.4893797790994053,0.7438049165761674,5072,3813,6316
2721.png,P4,0.28743290764390156,0.3752709257921354,0.7309368191721133,7596,8372,6316
2721.png,P5,0.3125713692515312,0.41373801916932906,0.0,6328,1993,6316
2723.png,P1,0.550061635392412,0.5601965601965602,0.6010594947025265,4824,3323,6493
2723.png,P2,0.5563992820654425,0.5498392282958199,0.6036054283978124,4780,3381,6493
2723.png,P3,0.5475863960504662,0.5601965601965602,0.6010594947025265,4792,3323,6493
2723.png,P4,0.5075346594333936,0.46321346090399207,0.5976794155565105,6012,5142,6493
2723.png,P5,0.5748268200235264,0.548460661345496,0.5948316074260659,5556,4226,6493
2740.png,P1,0.10954476070755141,0.14756944444444445,0.06353591160220995,3056,835,9301
2740.png,P2,0.2814902424600828,0.43199233716475094,0.7453113998591819,5868,6322,9301
2740.png,P3,0.19877568252181255,0.23912577673023355,0.20092625578909867,7736,1927,9301
2740.png,P4,0.17660322900694508,0.20323390019514914,0.1832306963524396,3744,1254,9301
2740.png,P5,0.18121435275431377,0.23574144486692014,0.1956308515381186,7060,1914,9301
2752.png,P1,0.21727549467275495,0.2549246813441483,0.8489425981873112,2604,729,595
2752.png,P2,0.22287735849056603,0.24663677130044842,0.8025568181818182,2516,813,595
2752.png,P3,0.20958302852962693,0.2386117136659436,0.8400597907324364,2712,743,595
2752.png,P4,0.20860448300795373,0.2454835281615303,0.6939523518631643,2748,1042,595
2752.png,P5,0.1993906567366283,0.2439516129032258,0.7731888964116452,2948,882,595
2754.png,P1,0.2958313595452392,0.26722222222222225,0.6918620689655173,4060,2214,1411
2754.png,P2,0.2952718676122931,0.26722222222222225,0.6918620689655173,4068,2214,1411
2754.png,P3,0.3093687374749499,0.26722222222222225,0.6918620689655173,3816,2214,1411
2754.png,P4,0.30923994038748137,0.2730885692657078,0.9191770756796473,3860,1311,1411
2754.png,P5,0.28634458416060005,0.26146156497759393,0.6576903158984981,4420,2451,1411
2766.png,P1,0.1707485604606526,0.4471915506481037,0.7238337120705788,5800,5513,9449
2766.png,P2,0.15843101202788631,0.42377418177393844,0.5989631418223138,5672,4632,9449
2766.png,P3,0.13165544675642596,0.39867549668874175,0.4437214346579906,5344,3460,9449
2766.png,P4,0.14474578832061646,0.4118625936051349,0.5914001270917179,5704,4714,9449
2766.png,P5,0.15864621893178213,0.45133372851215176,0.765830964073404,5888,6027,9449
2768.png,P1,0.1475037821482602,0.5149143451371025,0.8323774072245224,12212,11233,15094
2768.png,P2,0.015002492861351585,0.272190015196713,0.011487506288780815,7300,8758,15094
2768.png,P3,0.15326556432965402,0.4934595807563899,0.7865035516969219,11340,10246,15094
2768.png,P4,0.15362889421431017,0.4720048163756773,0.7611647374534385,11864,9873,15094
2768.png,P5,0.14949359671884155,0.4669951805924081,0.7493110809237338,12372,10671,15094
2771.png,P1,0.5255597803126321,0.7177806902577545,0.8181269692297379,7852,8325,6592
2771.png,P2,0.5178627553693033,0.7140366172624237,0.7604707073263318,7896,9214,6592
2771.png,P3,0.5300799326882625,0.6315144917675874,0.6972346962892934,7956,10332,6592
2771.png,P4,0.47910704064109905,0.6782596646806152,0.6789667896678967,8912,10752,6592
2771.png,P5,0.42488014950840985,0.3887378640776699,0.19832800400662634,10944,19365,6592
2781.png,P1,0.4128714612273606,0.3318214804063861,0.549189429269376,5556,6527,2479
2781.png,P2,0.5371535057069649,0.49485930735930733,0.674280996284574,4120,4788,2479
2781.png,P3,0.44364833462432224,0.41417572463768115,0.6223793887345289,4976,5439,2479
2781.png,P4,0.33338048090523337,0.2725782414307005,0.535226533709083,6948,6747,2479
2781.png,P5,0.23574068524622915,0.1861009361009361,0.5875061973227566,9892,5589,2479
2782.png,P1,0.7730398899587345,0.779136690647482,0.9498243148278286,4036,3417,3698
2782.png,P2,0.7832397003745318,0.7957384276267451,0.9493528418683174,3920,3410,3698
2782.png,P3,0.7559776536312849,0.8037928519328957,0.9473536036036037,4160,3406,3698
2782.png,P4,0.7658757062146893,0.7957384276267451,0.9493528418683174,4116,3410,3698
2782.png,P5,0.7578735760553942,0.8030085959885387,0.9506588169329969,4172,3436,3698
2784.png,P1,0.2718218287453313,0.2704485488126649,0.3532318897125764,4140,2635,5054
2784.png,P2,0.26370830977953647,0.25588419079358465,0.3138964577656676,3888,2286,5054
2784.png,P3,0.31865554976550287,0.32404350359293066,0.5537098560354374,5068,3976,5054
2784.png,P4,0.2932310946589106,0.3095720949097546,0.5121865889212828,4728,3521,5054
2784.png,P5,0.293585100879462,0.29631514657980457,0.4315060167740367,4948,3173,5054
2787.png,P1,0.5500239923224568,0.6243108427408769,0.7808049938227453,6612,9070,6309
2787.png,P2,0.5227703984819735,0.6252293577981651,0.7379110251450677,8136,10235,6309
2787.png,P3,0.604108635097493,0.6420664206642066,0.7690243434924287,7512,9342,6309
2787.png,P4,0.5496637636423768,0.6332916145181476,0.7487518721917125,7748,9715,6309
2787.png,P5,0.335022083658093,0.31968503937007875,0.40916286432628735,3968,4430,6309
2794.png,P1,0.3527084601339014,0.3919936583432422,0.6281661600810537,2620,1136,1825
2794.png,P2,0.35979160281949124,0.3919936583432422,0.6281661600810537,2612,1136,1825
2794.png,P3,0.35313833028641073,0.3736305251227805,0.6221001221001221,2616,1451,1825
2794.png,P4,0.35392574558734025,0.3919936583432422,0.6281661600810537,2624,1136,1825
2794.png,P5,0.33396842678279803,0.3574268160462595,0.5986584684181107,3076,1753,1825
28.png,P1,0.4151544094237504,0.5229681978798587,0.6609185289459792,2328,3566,2117
28.png,P2,0.44038294168842473,0.5339943342776204,0.6179391176949374,2848,4026,2117
28.png,P3,0.4203941194870191,0.5512367491166078,0.6602384291725105,2424,3587,2117
28.png,P4,0.44814919468776493,0.5454128440366972,0.6096153846153847,3008,4123,2117
28.png,P5,0.4229941592376268,0.5360824742268041,0.631649381063901,2512,3861,2117
2801.png,P1,0.35092788087565285,0.5746586404345911,0.7087398795931077,6340,8634,5817
2801.png,P2,0.3436430038803926,0.5604411764705882,0.6781103702652859,5956,8281,5817
2801.png,P3,0.2090663058186739,0.27070870931765184,0.21462181332958774,6692,8422,5817
2801.png,P4,0.33465818759936405,0.5463776902091543,0.6533132530120482,5936,7463,5817
2801.png,P5,0.2598444946074743,0.3391172806549208,0.4236857359432826,9252,16610,5817
2807.png,P1,0.49649087627832367,0.47816349384098544,0.931830985915493,4916,2778,2547
2807.png,P2,0.4528805120910384,0.441343669250646,0.9252353701310688,5624,2870,2547
2807.png,P3,0.5013377238114839,0.5047281323877069,0.9308319120712526,4748,2730,2547
2807.png,P4,0.49229249011857706,0.47816349384098544,0.9325337331334332,5004,2789,2547
2807.png,P5,0.4655237377543331,0.4406604747162023,0.9314349943799176,5232,2791,2547
2810.png,P1,0.6677457327839906,0.694204425711275,0.7952348842436503,2992,1774,2675
2810.png,P2,0.6770462633451957,0.6742857142857143,0.8006265383754755,2980,1794,2675
2810.png,P3,0.6640715109573241,0.6742857142857143,0.8006265383754755,3096,1794,2675
2810.png,P4,0.6668702290076336,0.6665218335867912,0.7970363718006287,2784,1779,2675
2810.png,P5,0.6664658029526966,0.668775036896479,0.7933363349842414,2856,1767,2675
2816.png,P1,0.0,0.0,0.0,3760,881,3396
2816.png,P2,0.0,0.0,0.0,2760,855,3396
2816.png,P3,0.0,0.0,0.0,2776,857,3396
2816.png,P4,0.0,0.0,0.0,2908,860,3396
2816.png,P5,0.0,0.0,0.0,3276,870,3396
2825.png,P1,0.4498129675810474,0.41611624834874505,0.8656354261449802,3128,1774,1523
2825.png,P2,0.48144364998297584,0.4225352112676056,0.8662613981762918,2828,1767,1523
2825.png,P3,0.49492474623731186,0.43520309477756286,0.8659166920036485,2748,1766,1523
2825.png,P4,0.47650783072309233,0.4225352112676056,0.8662613981762918,2908,1767,1523
2825.png,P5,0.41241184767277855,0.40436456996148906,0.8656354261449802,3484,1774,1523
2827.png,P1,0.2745473537604457,0.2553191489361702,0.5542553191489362,5744,4063,1577
2827.png,P2,0.3194894651539708,0.30666666666666664,0.865411632481034,4936,1982,1577
2827.png,P3,0.3194894651539708,0.3145299145299145,0.8576205071050432,4936,2012,1577
2827.png,P4,0.3092156862745098,0.3076923076923077,0.8438610883237626,5100,2080,1577
2827.png,P5,0.18518083607327385,0.1760204081632653,0.284939922305538,8516,9492,1577
2835.png,P1,0.11847389558232932,0.10889973713856553,0.6591523895401262,4224,1429,789
2835.png,P2,0.1063620248178058,0.08949696533278469,0.28805761152230447,4828,4210,789
2835.png,P3,0.10812991728868267,0.10012659684658765,0.6101552664708351,4704,1594,789
2835.png,P4,0.1526202880784554,0.1558860419279699,0.8478513356562137,2972,933,789
2835.png,P5,0.08687767886580942,0.07995588640749932,0.22298136645962732,5804,5651,789
284.png,P1,0.2070548441652573,0.28377630121816166,0.9076418190342241,4016,1153,980
284.png,P2,0.23973201281677833,0.33694937541091385,0.9122641509433962,3276,1140,980
284.png,P3,0.20248922929631402,0.277176852352623,0.906791569086651,4044,1155,980
284.png,P4,0.19520073834794646,0.27087737843551796,0.9068788020589612,4200,1157,980
284.png,P5,0.28027444253859346,0.4089775561097257,0.9054054054054054,2752,1092,980
2846.png,P1,0.5326223337515684,0.550024402147389,0.8163448585541087,2828,2396,2058
2846.png,P2,0.5309761257177394,0.5343764817449028,0.8007906874588183,3008,2495,2058
2846.png,P3,0.5338770388958595,0.550024402147389,0.8163448585541087,2832,2396,2058
2846.png,P4,0.532540675844806,0.550024402147389,0.8163448585541087,2840,2396,2058
2846.png,P5,0.5251141552511416,0.5343764817449028,0.8007906874588183,2952,2495,2058
2866.png,P1,0.18484549174544943,0.3279742765273312,0.5614296351451973,6132,5793,2265
2866.png,P2,0.2059805707346691,0.33201581027667987,0.5453232213795594,5680,6042,2265
2866.png,P3,0.19912107895135628,0.3393939393939394,0.5476305609284333,5648,6007,2265
2866.png,P4,0.1901093822215375,0.35036496350364965,0.6261588931678791,5460,4746,2265
2866.png,P5,0.20050989802039593,0.3218390804597701,0.5270506108202443,5740,6330,2265
2871.png,P1,0.641867979689183,0.6789733097740166,0.8960235341854331,10928,9303,10413
2871.png,P2,0.6190210459183674,0.7120669056152927,0.909289390237563,9896,8824,10413
2871.png,P3,0.6372242098986285,0.6915936049510056,0.9037364444672868,11552,9044,10413
2871.png,P4,0.6080382920528795,0.7034938621340887,0.9041307028360049,10752,9051,10413
2871.png,P5,0.6258434303127041,0.6282100421617478,0.8786018417665116,11996,9785,10413
2875.png,P1,0.47548690396239085,0.5222672064777328,0.9009932713873758,2780,1507,1614
2875.png,P2,0.48726772195457674,0.5222672064777328,0.9009932713873758,2708,1507,1614
2875.png,P3,0.48051075268817206,0.5222672064777328,0.9009932713873758,2792,1507,1614
2875.png,P4,0.4839371155160629,0.5222672064777328,0.9009932713873758,2728,1507,1614
2875.png,P5,0.3314410480349345,0.21729799334692562,0.9046114971572963,4484,1552,1614
2877.png,P1,0.0,0.02456140350877193,0.0,3064,520,4729
2877.png,P2,0.0,0.031813361611876985,0.0,3116,546,4729
2877.png,P3,0.0,0.0248403122782115,0.0,3040,538,4729
2877.png,P4,0.0,0.017812611328820806,0.0,2984,536,4729
2877.png,P5,0.20715276401822866,0.4304932735426009,0.5815986415948683,7456,11172,4729
2878.png,P1,0.7111319240032111,0.6740103270223752,0.8899918512482407,5328,6038,7461
2878.png,P2,0.7366041749767318,0.6786985256736147,0.8955553917594162,5600,6106,7461
2878.png,P3,0.6228655282817502,0.5966007630939993,0.8827040740188031,4704,5941,7461
2878.png,P4,0.67442794058611,0.6555671175858481,0.8929496189982984,5052,6056,7461
2878.png,P5,0.5486765875269795,0.49125475285171105,0.8938317225696418,6172,6611,7461
2882.png,P1,0.46719787516600264,0.6103351080488568,0.686054579093432,5552,6276,11020
2882.png,P2,0.5252999478351591,0.6049902210632371,0.7457715871602869,6524,8077,11020
2882.png,P3,0.5391522058188725,0.6663034925246656,0.790440251572327,6808,8855,11020
2882.png,P4,0.4719022687609075,0.7379157427937916,0.8011249071420992,5848,7826,11020
2882.png,P5,0.4898998770419814,0.6209386281588448,0.697986577181208,5944,6860,11020
2883.png,P1,0.2506282842129312,0.3528610354223433,0.7193753050268423,4252,827,1222
2883.png,P2,0.23757159221076746,0.3488215488215488,0.7186738176499269,4180,829,1222
2883.png,P3,0.24473180076628354,0.36022253129346316,0.71875,3976,826,1222
2883.png,P4,0.22444849220805504,0.30327868852459017,0.7264833574529667,4828,851,1222
2883.png,P5,0.18374338212394892,0.2668621700879765,0.6089063920024235,6380,2079,1222
2884.png,P1,0.3211910956923966,0.35655058043117743,0.8998522895125554,2932,1747,1638
2884.png,P2,0.31870114251352977,0.3182411841532434,0.8968183169788879,2748,1725,1638
2884.png,P3,0.3166234514549121,0.35655058043117743,0.8998522895125554,2932,1747,1638
2884.png,P4,0.31726679897930254,0.34846029173419774,0.8996458087367178,3008,1750,1638
2884.png,P5,0.30305215092525833,0.32415601442150116,0.8968951376684241,3784,1776,1638
2885.png,P1,0.13391136801541426,0.13455019556714473,0.14604009201445942,8304,14103,1112
2885.png,P2,0.13728395061728396,0.1325115562403698,0.14099879433974236,8100,14647,1112
2885.png,P3,0.14307771487390633,0.15380029806259315,0.25743054713089897,7772,7131,1112
2885.png,P4,0.1302717900656045,0.12861415752741776,0.14223530917936245,8536,14510,1112
2885.png,P5,0.11855010660980811,0.11889400921658987,0.1265015656134358,9380,16453,1112
2886.png,P1,0.30102347983142685,0.3748350197976243,0.5561852107809261,5652,4243,2992
2886.png,P2,0.2966865170255001,0.3751699139102855,0.5157726413722925,5500,3887,2992
2886.png,P3,0.2756975567442533,0.3546368715083799,0.46424242424242423,5832,3608,2992
2886.png,P4,0.23816287878787878,0.23203553697413118,0.3083981879428505,7468,14226,2992
2886.png,P5,0.2372480576511654,0.2359578121167525,0.2922154406253346,7996,15686,2992
2891.png,P1,0.45889792231255644,0.48997594226142743,0.9071003059088714,5024,3160,3051
2891.png,P2,0.4970023980815348,0.5074409104172746,0.9063912201420271,4440,3145,3051
2891.png,P3,0.4417415829367178,0.46534653465346537,0.9072463768115943,5128,3159,3051
2891.png,P4,0.43692100387401045,0.4375746001432323,0.907687359279511,5480,3167,3051
2891.png,P5,0.3764376290179888,0.4108944182918628,0.908273092369478,6284,3174,3051
2895.png,P1,0.3550488599348534,0.38228155339805825,0.7833935018050542,2992,1602,1168
2895.png,P2,0.36041939711664484,0.38228155339805825,0.7833935018050542,2984,1602,1168
2895.png,P3,0.34735500318674317,0.35991773308957953,0.7821389989196975,3060,1609,1168
2895.png,P4,0.405152224824356,0.4322228604250431,0.7938371239911959,2432,1558,1168
2895.png,P5,0.3708724365658672,0.39295039164490864,0.7903930131004366,2776,1580,1168
2897.png,P1,0.5678608336203927,0.726903770159137,0.9110499770747363,4828,4449,4275
2897.png,P2,0.5696310151334807,0.7160155838685901,0.9115521394975336,4956,4442,4275
2897.png,P3,0.5093019286567674,0.6319702602230484,0.9116664747207186,4568,4408,4275
2897.png,P4,0.5616130148840429,0.7123699173908379,0.911511534488695,4748,4438,4275
2897.png,P5,0.5586878523833931,0.6868686868686869,0.9121194715680643,4848,4430,4275
2898.png,P1,0.5091743119266054,0.5909424724602204,0.8705678869991352,4576,3618,3320
2898.png,P2,0.5058823529411764,0.5784807093218308,0.8703917050691244,4744,3624,3320
2898.png,P3,0.490488331045303,0.5569331983805668,0.872091342679578,4280,3599,3320
2898.png,P4,0.495260663507109,0.568733850129199,0.8725589469116158,4252,3593,3320
2898.png,P5,0.5063559322033898,0.5803362914525922,0.8696777905638665,5212,3632,3320
2910.png,P1,0.0,0.0,0.0,3984,1313,3972
2910.png,P2,0.0,0.0,0.0,3724,1298,3972
2910.png,P3,0.0,0.0,0.0,6176,3316,3972
2910.png,P4,0.0,0.0,0.0,5012,1375,3972
2910.png,P5,0.0,0.0,0.0,7760,5753,3972
2912.png,P1,0.19305425631431244,0.45856137607505865,0.8510421962379258,7508,3206,2695
2912.png,P2,0.28944246737841045,0.41105598866052445,0.6565606361829026,2740,1329,2695
2912.png,P3,0.11713906111603188,0.23233857123993135,0.4470669308295288,12440,8914,2695
2912.png,P4,0.1559939301972686,0.3588439056072743,0.5035028936947914,8732,3871,2695
2912.png,P5,0.10462519936204147,0.22697368421052633,0.7722234788509387,14620,1726,2695
2916.png,P1,0.2143632024300282,0.333864118895966,0.8148631029986962,3992,1463,1605
2916.png,P2,0.21738192797067069,0.333864118895966,0.8148631029986962,4040,1463,1605
2916.png,P3,0.21220616778089282,0.333864118895966,0.8148631029986962,4016,1463,1605
2916.png,P4,0.22052351169793838,0.36655011655011654,0.7010830324909747,3664,1165,1605
2916.png,P5,0.20593890194402906,0.333864118895966,0.8659286592865929,4040,1647,1605
2920.png,P1,0.4915469146238377,0.5155446756425949,0.893673824724318,8388,7973,9257
2920.png,P2,0.4607851865040506,0.5120091498284407,0.8514899264084932,7152,7321,9257
2920.png,P3,0.495243757431629,0.5040490797546012,0.8743059657412876,8348,7673,9257
2920.png,P4,0.5301663128096249,0.5302271852137082,0.8857159576335655,8040,7832,9257
2920.png,P5,0.5324849826114448,0.5371710904285878,0.9303418564314888,10132,8616,9257
2924.png,P1,0.42584784601283227,0.505273566249176,0.867104440275172,4964,3582,2814
2924.png,P2,0.37510066033177647,0.4409294512877939,0.8361939174947305,5724,3828,2814
2924.png,P3,0.4589968152866242,0.5715883668903803,0.8711907005969212,4516,3552,2814
2924.png,P4,0.39281497723056163,0.4474431818181818,0.826151560178306,5444,3916,2814
2924.png,P5,0.36944444444444446,0.4206730769230769,0.7643504531722054,6060,4468,2814
2927.png,P1,0.4202721917529961,0.4991643454038997,0.896,4908,2041,2084
2927.png,P2,0.3802105263157895,0.3911525029103609,0.863682092555332,4472,1892,2084
2927.png,P3,0.46528258362168395,0.45341278439869986,0.8963855421686747,4268,2066,2084
2927.png,P4,0.4119718309859155,0.431924882629108,0.8797624938149431,4332,1958,2084
2927.png,P5,0.40701548108955515,0.44043663977218794,0.899496282082034,5096,2085,2084
2933.png,P1,0.4790671536948581,0.5085216746943312,0.7970065481758652,3184,2196,2080
2933.png,P2,0.5076156189421213,0.536697247706422,0.8090040927694406,3364,2318,2080
2933.png,P3,0.4962258876153201,0.5085216746943312,0.7970065481758652,3272,2196,2080
2933.png,P4,0.44187343183718986,0.4476439790575916,0.7309644670050761,3092,2451,2080
2933.png,P5,0.48632647307583876,0.5085216746943312,0.7970065481758652,3192,2196,2080
2940.png,P1,0.04834128030841027,0.11792294807370184,0.02758861533088877,4896,1410,15771
2940.png,P2,0.04776634044926728,0.11441673190918242,0.022845761818288325,4892,1300,15771
2940.png,P3,0.04084958997606072,0.1075389268511258,0.022627352130840026,4664,1288,15771
2940.png,P4,0.04332000410130216,0.11481481481481481,0.023242233123102078,4580,1353,15771
2940.png,P5,0.032797997705704456,0.10514389304328121,0.01810167499265354,4036,1244,15771
2941.png,P1,0.5405835219279467,0.5710373159876755,0.7692237816232911,11816,8646,13371
2941.png,P2,0.5329179254783485,0.47684391080617494,0.7613505149877604,10984,8280,13371
2941.png,P3,0.5615542585386943,0.7726137260057849,0.932319094987322,15524,12264,13371
2941.png,P4,0.517003702648818,0.6571878854323695,0.7958449860167799,13260,9156,13371
2941.png,P5,0.5380496192581675,0.8019441069258809,0.9320804741110418,17936,12277,13371
2943.png,P1,0.4422768962003203,0.5825857519788918,0.9299726843804321,5704,3851,4203
2943.png,P2,0.4846074532331713,0.5730276223144972,0.908836617927527,5876,3662,4203
2943.png,P3,0.45087541600347275,0.6097691894793345,0.9101052364650691,5824,3684,4203
2943.png,P4,0.4792255511588468,0.5994722955145119,0.9294585196224541,6264,3849,4203
2943.png,P5,0.33239971087820747,0.35331703760881683,0.47235023041474655,10544,13157,4203
2947.png,P1,0.4679284963196635,0.4324763193504736,0.7526007802340702,3388,2560,3592
2947.png,P2,0.4685099846390169,0.4176617606220494,0.6941975953998955,3100,2147,3592
2947.png,P3,0.4675850891410049,0.4862068965517241,0.8218623481781376,3652,3324,3592
2947.png,P4,0.47404255319148936,0.42146739130434785,0.7170259718214225,3336,2299,3592
2947.png,P5,0.4756698821007503,0.42146739130434785,0.7170259718214225,3292,2299,3592
2951.png,P1,0.24068814412074982,0.4410226612434631,0.7658383851841982,6168,5890,9121
2951.png,P2,0.24102776626605885,0.408098271155596,0.7633282177887503,5852,5866,9121
2951.png,P3,0.24152474932357154,0.4151113109961772,0.7977943561466104,6480,6294,9121
2951.png,P4,0.22136022756658907,0.40742526518804245,0.7021082860544933,5048,5156,9121
2951.png,P5,0.22889558870199936,0.4473653188730402,0.7615991442706244,6368,5837,9121
2955.png,P1,0.2631578947368421,0.2547121752419766,0.72,3268,1661,2564
2955.png,P2,0.24885215794306703,0.20224719101123595,0.713536701620591,2876,1632,2564
2955.png,P3,0.2576419213973799,0.24987506246876562,0.7206056304707831,3484,1663,2564
2955.png,P4,0.2587352625937835,0.24960998439937598,0.7174377224199289,3308,1651,2564
2955.png,P5,0.2552607502287283,0.33305988515176377,0.7332089552238806,4296,1724,2564
2957.png,P1,0.32055586644282785,0.47138785354089013,0.8956537685677609,8772,5519,5387
2957.png,P2,0.4528504359490275,0.5990943921978404,0.7887101549393072,5444,4746,5387
2957.png,P3,0.26981823736062316,0.3151515151515151,0.44822669755836747,11240,17057,5387
2957.png,P4,0.3359247528553604,0.48173874075733814,0.8880294990556705,8532,5732,5387
2957.png,P5,0.2445860660809306,0.3077824049973972,0.4049192805351921,14728,19576,5387
2958.png,P1,0.3520440584621902,0.45374766220687673,0.77958321858074,6756,4883,6010
2958.png,P2,0.3728740581270183,0.4698181818181818,0.788946587537092,6744,4774,6010
2958.png,P3,0.31358593259367806,0.4698181818181818,0.788946587537092,6540,4774,6010
2958.png,P4,0.3712145532370251,0.46334815664897433,0.7829834051526543,6804,4897,6010
2958.png,P5,0.33060882322120927,0.4601021152443472,0.7862708719851577,6688,4770,6010
2959.png,P1,0.5551900584795322,0.613326602725896,0.8877015373078365,6920,4823,5845
2959.png,P2,0.5730119860806805,0.6360532604984637,0.8883686083536243,6360,4833,5845
2959.png,P3,0.526869597895528,0.613326602725896,0.8877015373078365,6344,4823,5845
2959.png,P4,0.5806936271441092,0.6257977830030231,0.8903635853818114,6780,4854,5845
2959.png,P5,0.0,0.0,0.0,5588,5049,5845
296.png,P1,0.44914613873356507,0.4758304696449026,0.8503147886419119,5956,4150,3633
296.png,P2,0.3869240348692404,0.37151921043355657,0.5499194847020934,7504,8787,3633
296.png,P3,0.38537915984724497,0.3916288124594419,0.5523360816647036,9064,9102,3633
296.png,P4,0.365595154903331,0.39434577745559984,0.5527524784395905,8092,8774,3633
296.png,P5,0.4248857437711927,0.43487667676330594,0.5705024311183144,6032,8090,3633
2961.png,P1,0.3583889726469955,0.47626977518734387,0.7371323529411765,3144,2277,3163
2961.png,P2,0.42962962962962964,0.5086705202312138,0.755700325732899,3592,2363,3163
2961.png,P3,0.35894125242091673,0.47626977518734387,0.7371323529411765,3152,2277,3163
2961.png,P4,0.4419144001686696,0.519352182267362,0.7679627306934241,3676,2418,3163
2961.png,P5,0.4253873912120569,0.5086705202312138,0.755700325732899,3552,2363,3163
2968.png,P1,0.477782540362909,0.5173228346456693,0.9198406771222305,6092,3783,4251
2968.png,P2,0.4638873396542108,0.524341580207502,0.9201095072175212,6248,3785,4251
2968.png,P3,0.5046079468197613,0.5539629005059022,0.9188785046728972,5708,3774,4251
2968.png,P4,0.45184481823114486,0.5089078233927188,0.9201095072175212,6452,3785,4251
2968.png,P5,0.3654046182650302,0.3649506823402243,0.9279666216713707,8876,3898,4251
2969.png,P1,0.1822460452346712,0.17366894357630766,0.4807884587916012,3800,1758,5243
2969.png,P2,0.18298472988579495,0.18254188651300565,0.5107037918007555,3976,1904,5243
2969.png,P3,0.19001509054325955,0.19857499768668455,0.5336088154269972,4220,2017,5243
2969.png,P4,0.18865551502955602,0.19003260363297625,0.5254847645429362,4208,1977,5243
2969.png,P5,0.16616100323624594,0.1887440480836781,0.41328549084552396,6288,5626,5243
2977.png,P1,0.48253131179960446,0.426367461430575,0.914538822303283,2636,1976,1862
2977.png,P2,0.0,0.0,0.0,2516,1457,1862
2977.png,P3,0.48,0.426367461430575,0.914538822303283,2652,1976,1862
2977.png,P4,0.47484909456740443,0.426367461430575,0.914538822303283,2536,1976,1862
2977.png,P5,0.4701247537754432,0.426367461430575,0.914538822303283,2616,1976,1862
2978.png,P1,0.5972827480133299,0.5525727069351231,0.9335415582162069,3472,3004,2759
2978.png,P2,0.6237596471885336,0.592326139088729,0.9357541899441341,3132,2969,2759
2978.png,P3,0.6053870292887029,0.5525727069351231,0.9335184863738935,3380,3002,2759
2978.png,P4,0.5788056779246207,0.5404814004376368,0.9327323162274619,3692,3009,2759
2978.png,P5,0.6157333333333334,0.6068796068796068,0.9364161849710982,3300,2950,2759
2979.png,P1,0.6096843231674692,0.6117073170731707,0.9122925838130714,2832,2721,3185
2979.png,P2,0.5665593129361245,0.5913978494623656,0.9054607508532423,2652,2675,3185
2979.png,P3,0.6138925294888598,0.6117073170731707,0.9122925838130714,2972,2721,3185
2979.png,P4,0.5872804683342203,0.5913978494623656,0.9054607508532423,2780,2675,3185
2979.png,P5,0.6843047034764826,0.6977611940298507,0.9454203262233375,3404,3191,3185
2980.png,P1,0.6819564708635619,0.7314002289202595,0.9334591788579518,4024,3194,3163
2980.png,P2,0.6648685097774781,0.6933092224231465,0.9331030150753769,4244,3205,3163
2980.png,P3,0.6439410600395865,0.6995073891625616,0.9310560952679411,4312,3219,3163
2980.png,P4,0.6335403726708074,0.6850447966919366,0.9307644110275689,4464,3221,3163
2980.png,P5,0.6438207136640557,0.6653939604304061,0.932078431372549,4392,3212,3163
2981.png,P1,0.4549891540130152,0.46450010349824056,0.7845783132530121,2880,1664,2486
2981.png,P2,0.4406733641053489,0.46450010349824056,0.7845783132530121,2820,1664,2486
2981.png,P3,0.4625238484600709,0.48381109507114867,0.789637802830415,2880,1683,2486
2981.png,P4,0.44665948275862066,0.46450010349824056,0.7845783132530121,2884,1664,2486
2981.png,P5,0.4562139486103828,0.4713682941531043,0.7894484412470024,3068,1684,2486
2982.png,P1,0.17619561308881698,0.18442622950819673,0.8929778445362373,5348,1469,1194
2982.png,P2,0.11395244504262,0.1793103448275862,0.0,3772,505,1194
2982.png,P3,0.17158992180712423,0.21621621621621623,0.0,4200,511,1194
2982.png,P4,0.16666666666666666,0.22818791946308725,0.0,4196,512,1194
2982.png,P5,0.19071373752877974,0.2037351443123939,0.7901828681424446,5012,884,1194
2984.png,P1,0.5266756032171582,0.6751350270054011,0.6806368772470467,5348,3694,6041
2984.png,P2,0.5604380371499862,0.6662008384907168,0.8468970642883686,5216,4723,6041
2984.png,P3,0.5132789221401736,0.6808803301237965,0.6799550240212614,5640,3742,6041
2984.png,P4,0.5271060324209408,0.6751350270054011,0.6806368772470467,5452,3694,6041
2984.png,P5,0.5466423152570947,0.5975219824140687,0.8377423359755515,4968,4430,6041
2990.png,P1,0.4106872540115047,0.4948282995448904,0.8270157068062827,7528,7990,11110
2990.png,P2,0.3738994935722633,0.45708245243128964,0.8264765997589225,6524,7971,11110
2990.png,P3,0.441399925270893,0.5621653777513385,0.8306112925804946,12036,8177,11110
2990.png,P4,0.42531536697247707,0.48816607166468334,0.8274021352313167,8776,7998,11110
2990.png,P5,0.4070002592688618,0.5063882189953307,0.5685549372688625,16024,17823,11110
2991.png,P1,0.47789104165260243,0.4905599691228973,0.7592065206717078,9400,7874,12492
2991.png,P2,0.46358206906020455,0.4617818968579456,0.755487594337296,8828,7781,12492
2991.png,P3,0.48419689119170983,0.49345923393042007,0.7613402566865877,10424,7922,12492
2991.png,P4,0.4860251615096906,0.44951076952885327,0.7568445932637384,9360,7816,12492
2991.png,P5,0.4914946110894689,0.4894669695366711,0.7617275487219665,10480,7930,12492
3001.png,P1,0.00819599109131403,0.07797270955165692,0.006034063260340633,3108,2066,8209
3001.png,P2,0.0042273790250044975,0.07017543859649122,0.000585308750365818,2956,2042,8209
3001.png,P3,0.0035370941411209866,0.07017543859649122,0.000585308750365818,2856,2042,8209
3001.png,P4,0.008231189048939788,0.07797270955165692,0.006034063260340633,3060,2066,8209
3001.png,P5,0.005966162065894925,0.07797270955165692,0.006034063260340633,3088,2066,8209
3008.png,P1,0.763290648040357,0.7951482479784366,0.7690740033116801,4868,3631,4220
3008.png,P2,0.7154009936124911,0.7150153217568948,0.7615894039735099,5448,3632,4220
3008.png,P3,0.7069314212171355,0.708768267223382,0.7365542388331814,5064,3459,4220
3008.png,P4,0.7143879742304939,0.7468354430379747,0.7707865168539326,5360,3790,4220
3008.png,P5,0.7446972618588508,0.8501440922190202,0.7808641975308642,4828,3556,4220
3015.png,P1,0.435153162055336,0.574025974025974,0.9563980249393255,5536,5866,6083
3015.png,P2,0.412738531530393,0.5079365079365079,0.955585464333782,5096,5805,6083
3015.png,P3,0.4516203436743167,0.588033655344344,0.9561799632045492,6504,5875,6083
3015.png,P4,0.5310221159593544,0.6935779816513762,0.9568267223382045,6724,5892,6083
3015.png,P5,0.4678401417026459,0.6749072929542645,0.9570521390374331,7176,5885,6083
3016.png,P1,0.3309053069719043,0.4377654000992665,0.9176488596356956,7096,6093,6973
3016.png,P2,0.34316608176040975,0.44498159644014723,0.9232526267702147,7188,6161,6973
3016.png,P3,0.19505080918328943,0.36132515889532596,0.8299883894509869,5728,5085,6973
3016.png,P4,0.3304914263818373,0.4258143007244373,0.9222908564020438,6916,6140,6973
3016.png,P5,0.03538938318504449,0.08758337263356464,0.010798898071625344,3384,2102,6973
3018.png,P1,0.30398541286793435,0.2242977674386306,0.5457567949463885,6332,3345,8686
3018.png,P2,0.31222687951484884,0.22123738173120888,0.542,6028,3314,8686
3018.png,P3,0.31709509257594826,0.23516022335242023,0.5473196558570483,5968,3402,8686
3018.png,P4,0.3201350241766262,0.23516022335242023,0.5473196558570483,5784,3402,8686
3018.png,P5,0.3123345685547909,0.24283870067338892,0.5544245608274503,6188,3496,8686
3021.png,P1,0.532304725168756,0.5569294178258629,0.7274081429990069,2292,1553,2475
3021.png,P2,0.532304725168756,0.5569294178258629,0.7274081429990069,2292,1553,2475
3021.png,P3,0.532304725168756,0.5569294178258629,0.7274081429990069,2292,1553,2475
3021.png,P4,0.532304725168756,0.5569294178258629,0.7274081429990069,2292,1553,2475
3021.png,P5,0.5297332047573128,0.5569294178258629,0.7274081429990069,2284,1553,2475
3031.png,P1,0.13270017840277049,0.14259408447462307,0.3169980119284294,4688,3221,16899
3031.png,P2,0.11497691015952981,0.12691902027422947,0.20414656132350603,4348,1960,16899
3031.png,P3,0.0,0.0,0.0,5448,5311,16899
3031.png,P4,0.12419871794871795,0.13665943600867678,0.2574419838857529,6952,3828,16899
3031.png,P5,0.10512844378257633,0.12379900607399227,0.0799738708473311,6848,4533,16899
3039.png,P1,0.0,0.0,0.0,2896,681,308
3039.png,P2,0.09367396593673966,0.10840108401084012,0.7640449438202247,3288,493,308
3039.png,P3,0.07849133537206932,0.09216589861751152,0.7146171693735499,3924,554,308
3039.png,P4,0.0,0.0,0.0,3024,3336,308
3039.png,P5,0.06924460431654676,0.0641025641025641,0.13370957238984155,4448,4299,308
304.png,P1,0.3351305812973884,0.4825469888761028,0.7477495769881557,6724,5651,9124
304.png,P2,0.24830647045082924,0.29583975346687214,0.5311679006448531,6908,3437,9124
304.png,P3,0.25841645885286785,0.35353416949947253,0.6186953597848016,7024,4259,9124
304.png,P4,0.24241548685351055,0.325035025326005,0.6643578643578644,8076,4736,9124
304.png,P5,0.3202593705519532,0.444750430292599,0.7657645647247033,7572,5878,9124
3045.png,P1,0.49468455042225534,0.28236156949028235,0.8027446840597195,7168,5386,7876
3045.png,P2,0.45166220863584255,0.24810702656047706,0.8017814009661836,7320,5372,7876
3045.png,P3,0.4725196288365453,0.3388108524148547,0.8052006613557794,8628,5430,7876
3045.png,P4,0.4533371309218646,0.25054474862327164,0.8014800271841728,7432,5367,7876
3045.png,P5,0.4150747342338742,0.25357483317445184,0.8054658758165028,9828,5443,7876
3046.png,P1,0.48363636363636364,0.5462315462315462,0.6935105551211884,5824,5856,4376
3046.png,P2,0.46131805157593125,0.5155038759689923,0.6100495399858458,5824,6928,4376
3046.png,P3,0.3442394709363035,0.36538461538461536,0.5668789808917197,3348,2846,4376
3046.png,P4,0.4666666666666667,0.5591111111111111,0.6506684950291395,5436,4375,4376
3046.png,P5,0.4333804445586535,0.52202747513027,0.587714262281637,6780,7817,4376
3047.png,P1,0.1567295046032442,0.18037280701754385,0.9316394434361767,4476,852,801
3047.png,P2,0.1669646848457756,0.22847222222222222,0.9308022045315371,4420,832,801
3047.png,P3,0.12592959841348536,0.13829340058848255,0.9252839210998207,6012,872,801
3047.png,P4,0.0865246661516389,0.0913888888888889,0.8907469342251951,9044,993,801
3047.png,P5,0.08970476911430735,0.09325396825396826,0.887887323943662,7836,974,801
3051.png,P1,0.47360202986239874,0.44756756756756755,0.6629237438703717,5696,4667,9404
3051.png,P2,0.48154093097913325,0.4373785059705637,0.6523359128690169,5364,4552,9404
3051.png,P3,0.4717131474103586,0.44623059866962306,0.6535900923473406,5372,4565,9404
3051.png,P4,0.4635658914728682,0.4518558364712211,0.6580580723407291,5700,4613,9404
3051.png,P5,0.48905380333951765,0.5495125705489995,0.6724344095097419,6648,4813,9404
3056.png,P1,0.2626495445066403,0.2826967202051559,0.5438513192701621,7452,10691,4052
3056.png,P2,0.2025554302893649,0.250257909215956,0.36465420721729397,5548,7559,4052
3056.png,P3,0.24971493728620298,0.26112704151602045,0.4791882109617373,8004,11420,4052
3056.png,P4,0.18870376934893063,0.22685473815461346,0.35536025205206867,6008,8009,4052
3056.png,P5,0.16195856873822975,0.18572819077746686,0.2667770278874316,8288,11654,4052
3063.png,P1,0.42886740331491713,0.41509433962264153,0.8630330415136966,2448,1851,1690
3063.png,P2,0.5021981738248225,0.5,0.8721678321678321,2752,1885,1690
3063.png,P3,0.4578478409869774,0.42990654205607476,0.8662348634187553,2564,1861,1690
3063.png,P4,0.5127005347593583,0.5132743362831859,0.875,2836,1958,1690
3063.png,P5,0.4468814256339959,0.42990654205607476,0.8662348634187553,2532,1861,1690
311.png,P1,0.5712793237724381,0.5781376518218624,0.7826711032817903,10436,9219,6108
311.png,P2,0.5027988146196904,0.5338983050847458,0.7818608287724785,12148,9240,6108
311.png,P3,0.26817702845100105,0.15805785123966942,0.2618593384922081,22776,40543,6108
311.png,P4,0.3092345078979344,0.22547368421052633,0.514947207734385,19752,17475,6108
311.png,P5,0.5173273942093541,0.5492307692307692,0.7817814556590865,10924,9239,6108
32.png,P1,0.2364394993045897,0.2941874258600237,0.6574481458202388,5116,1888,2885
32.png,P2,0.20772485328238025,0.24242424242424243,0.28416603446407285,5964,6342,2885
32.png,P3,0.2386413122368994,0.27755102040816326,0.48664343786295006,5648,5725,2885
32.png,P4,0.19887288666249217,0.23343465045592704,0.2086566327007572,6688,7812,2885
32.png,P5,0.20151410874053682,0.23514043109079033,0.29383282364933744,5844,4963,2885
321.png,P1,0.3200206576002754,0.24946236559139784,0.8369441277080958,5748,2465,1920
321.png,P2,0.42285582892618995,0.4371584699453552,0.8992592592592593,4268,2130,1920
321.png,P3,0.1864406779661017,0.14795918367346939,0.49209512421947654,10260,5607,1920
321.png,P4,0.294354215003867,0.22372227579556414,0.8564161849710983,6448,2405,1920
321.png,P5,0.18926698879407833,0.13942307692307693,0.4704516129032258,9648,5830,1920
323.png,P1,0.5907402114889968,0.6947923533289387,0.9128489239292563,3292,2419,2274
323.png,P2,0.5257379848743596,0.591044776119403,0.9119082997240501,3980,2437,2274
323.png,P3,0.5002315886984715,0.5641025641025641,0.9117147707979627,4204,2438,2274
323.png,P4,0.44988727198196354,0.4956560153143867,0.9114671163575042,4800,2470,2274
323.png,P5,0.573224043715847,0.6402105689410812,0.9118773946360154,3484,2424,2274
324.png,P1,0.32842316705724806,0.39423315933383046,0.9187913125590179,5836,2136,2100
324.png,P2,0.2682526661197703,0.27472717824354753,0.5701779982491976,7176,4754,2100
324.png,P3,0.2950871632329635,0.3367932862190813,0.9130536676822123,6072,2167,2100
324.png,P4,0.272055806319245,0.2954506140806089,0.5481834759433301,7200,5029,2100
324.png,P5,0.308411214953271,0.339541853992721,0.7076532462821908,6300,3414,2100
332.png,P1,0.30610134436401243,0.29870310974759445,0.6024975984630163,3444,2334,2871
332.png,P2,0.30046568131200646,0.27819446338469933,0.005737508964857758,3552,1312,2871
332.png,P3,0.3202020202020202,0.3041399098237464,0.4337117567827593,3664,2326,2871
332.png,P4,0.30842762387826766,0.2860079660799178,0.0,3836,2213,2871
332.png,P5,0.28022910479422997,0.2728988242125127,0.7306515085264539,3164,1703,2871
333.png,P1,0.32978036175710596,0.3412322274881517,0.821917808219178,2980,1418,1137
333.png,P2,0.31803180318031804,0.34766697163769444,0.8252351097178683,3256,1415,1137
333.png,P3,0.3274515475846109,0.33641715727502103,0.8182874854707478,3452,1444,1137
333.png,P4,0.32389018691588783,0.3536693191865606,0.8219711725749903,3396,1430,1137
333.png,P5,0.3177247014456317,0.3412322274881517,0.821917808219178,3056,1418,1137
350.png,P1,0.44673150870843703,0.39595959595959596,0.946031746031746,4396,2095,2000
350.png,P2,0.3597122302158273,0.27801418439716313,0.9383313180169287,5560,2135,2000
350.png,P3,0.3342245989304813,0.2613333333333333,0.9388149939540508,5984,2135,2000
350.png,P4,0.37821482602118,0.3117709437963945,0.9401212121212121,5288,2125,2000
350.png,P5,0.42571618920719523,0.3889655172413793,0.9494850416871016,4420,2078,2000
351.png,P1,0.43273201477939577,0.3680089485458613,0.9406623735050598,4420,2176,2172
351.png,P2,0.37327697114501013,0.3205065757428154,0.9401513414354505,5300,2189,2172
351.png,P3,0.3627605535119986,0.3136320305052431,0.9401513414354505,5608,2189,2172
351.png,P4,0.3606244579358196,0.3136320305052431,0.9401513414354505,5672,2189,2172
351.png,P5,0.41039015230544545,0.3671875,0.9400137899333486,4588,2179,2172
354.png,P1,0.5221333333333333,0.4813620071684588,0.8311855670103093,7424,5320,3992
354.png,P2,0.4756481705839593,0.45914529914529917,0.8428758741258742,8188,5160,3992
354.png,P3,0.5152324959914484,0.49230205278592376,0.8463060686015831,7348,5104,3992
354.png,P4,0.45125028676301904,0.4388888888888889,0.8369576977171914,8660,5251,3992
354.png,P5,0.5165125495376486,0.4634230503795721,0.8292996358963376,7488,5346,3992
404.png,P1,0.7106154714850367,0.7328174783796085,0.9548834903321765,7016,4983,5102
404.png,P2,0.6645552916336764,0.6609195402298851,0.9556962025316456,7512,5010,5102
404.png,P3,0.5735853405554915,0.5679012345679012,0.9499951262306268,8552,5157,5102
404.png,P4,0.5981397567374195,0.5557473248187781,0.9560117302052786,8300,5128,5102
404.png,P5,0.7109843081312411,0.7174688057040999,0.955203171456888,6892,4988,5102
41.png,P1,0.531395606833814,0.5848153214774282,0.9436044135676338,4480,2472,2422
41.png,P2,0.5259683098591549,0.6025369978858351,0.9443762781186094,4512,2468,2422
41.png,P3,0.47639653815892996,0.4982517482517482,0.9430960636345095,5084,2481,2422
41.png,P4,0.49876441515650743,0.5232558139534884,0.943265306122449,4856,2478,2422
41.png,P5,0.5286885245901639,0.5884656461374155,0.9441603599918184,4292,2467,2422
415.png,P1,0.2084487534626039,0.21839080459770116,0.6931629997634255,7220,2722,1505
415.png,P2,0.17102272727272727,0.16654978962131836,0.481682273698045,8800,4582,1505
415.png,P3,0.19235685071574643,0.19030448717948717,0.5340867663142544,7824,3981,1505
415.png,P4,0.17048028998640688,0.15342377260981913,0.011630088163571563,8828,3826,1505
415.png,P5,0.19069944247339077,0.2068815331010453,0.7185658153241651,7892,2567,1505
429.png,P1,0.2994152046783626,0.3612438432698669,0.9207629427792916,6700,4765,4410
429.png,P2,0.2908924065152558,0.3764284113824782,0.9229089320812405,6844,4748,4410
429.png,P3,0.29343326994070923,0.3918548685671973,0.9232111692844677,7152,4758,4410
429.png,P4,0.28798546445605266,0.3764284113824782,0.9229089320812405,6932,4748,4410
429.png,P5,0.2902703951929744,0.3686145075388193,0.9227913071966801,6756,4747,4410
442.png,P1,0.5858503401360544,0.754336425978217,0.9061524334251607,5912,5146,5744
442.png,P2,0.6110960021756867,0.7341389728096677,0.9058683074662504,6104,5145,5744
442.png,P3,0.6397580857217986,0.6770549279314375,0.9060864775543928,6728,5149,5744
442.png,P4,0.629768941429339,0.6888624653190646,0.9060174552135967,6388,5141,5744
442.png,P5,0.39770714884891417,0.4682020716393727,0.9069281757922455,9252,5269,5744
443.png,P1,0.39278006670590543,0.37267080745341613,0.5499808502489467,4748,3605,9450
443.png,P2,0.4654046379555135,0.6246225638210267,0.6911947085572551,6032,5064,9450
443.png,P3,0.45585080046212245,0.5230590226359213,0.7629441954134997,8192,5943,9450
443.png,P4,0.49337663447568586,0.5904522613065326,0.8791997646366578,8024,7545,9450
443.png,P5,0.4040569702201122,0.49503311258278143,0.3545619963608006,6816,2091,9450
445.png,P1,0.4384406983744732,0.46255974508762615,0.8184836011153898,10324,6272,8790
445.png,P2,0.45373352855051247,0.4702736709657125,0.8223544973544974,11068,6330,8790
445.png,P3,0.4278448823903369,0.465974025974026,0.8224867724867725,11424,6330,8790
445.png,P4,0.42736686390532547,0.465974025974026,0.8224867724867725,10508,6330,8790
445.png,P5,0.3858832506676841,0.47007651189602767,0.8223309961635137,9372,6328,8790
452.png,P1,0.34199759326113116,0.37597911227154046,0.9241001564945227,2876,2412,2700
452.png,P2,0.32665832290362956,0.38282788499409215,0.9168148587235724,2600,2361,2700
452.png,P3,0.32470763871609853,0.37427801309202924,0.918503937007874,2624,2380,2700
452.png,P4,0.3233607579157317,0.38282788499409215,0.9168148587235724,2608,2361,2700
452.png,P5,0.35377358490566035,0.3959806475623372,0.931782945736434,3040,2460,2700
457.png,P1,0.3375715193897012,0.4532765850910684,0.8532331975560081,7896,6776,8936
457.png,P2,0.40494808357902834,0.4308467921834568,0.9828321364452424,12984,8888,8936
457.png,P3,0.404812157028282,0.4360434322033898,0.9832772166105499,14360,8884,8936
457.png,P4,0.4018911068537173,0.41468881856540085,0.9827673309009262,13748,8879,8936
457.png,P5,0.29583540733366515,0.42345028868726603,0.8011746646199026,6684,6047,8936
472.png,P1,0.4601689112074869,0.42462393721386527,0.9320853286895951,4212,2409,2185
472.png,P2,0.3994708994708995,0.34834123222748814,0.9290826284970722,4692,2426,2185
472.png,P3,0.39653767820773933,0.3579203666571183,0.9298892988929889,4672,2422,2185
472.png,P4,0.3773548635140331,0.3324022346368715,0.9282773564463705,4980,2430,2185
472.png,P5,0.4997560975609756,0.4591584158415842,0.9328390754470126,3964,2401,2185
473.png,P1,0.5913015669971219,0.6142061281337048,0.9273054199845877,3092,2009,1884
473.png,P2,0.584571609231742,0.5975609756097561,0.9275808936825886,3128,2010,1884
473.png,P3,0.5427901524032825,0.5526315789473685,0.926941809792361,3380,2017,1884
473.png,P4,0.5780274656679151,0.5817941952506597,0.9269043344447294,3172,2015,1884
473.png,P5,0.5978940440934518,0.6318051575931232,0.928222279392848,2972,2003,1884
475.png,P1,0.37463047567858104,0.47892320534223703,0.931024853392907,3304,1770,1811
475.png,P2,0.3689064558629776,0.47892320534223703,0.931024853392907,3384,1770,1811
475.png,P3,0.38950836289913837,0.5038306451612903,0.9313998884551031,3672,1775,1811
475.png,P4,0.38930722891566266,0.5038306451612903,0.9313998884551031,3724,1775,1811
475.png,P5,0.38018369050932366,0.46577946768060835,0.931024853392907,3148,1770,1811
482.png,P1,0.4728050519454064,0.4919320291303727,0.8396110121901109,3068,3139,4162
482.png,P2,0.4639696586599241,0.5465747979329535,0.8612042376290734,3944,3295,4162
482.png,P3,0.4781678845125646,0.5691014188124015,0.8714001327140013,4132,3373,4162
482.png,P4,0.4780861943024105,0.55028962611901,0.8610105883929768,3932,3299,4162
482.png,P5,0.45897000565930957,0.5338385852945087,0.861550845183794,3572,3292,4162
483.png,P1,0.40423187128058186,0.37532637075718017,0.7551951343132286,2736,2284,3635
483.png,P2,0.3986029743127535,0.39035980991174474,0.7473612529792305,2572,2239,3635
483.png,P3,0.39674162459843965,0.39035980991174474,0.7473612529792305,2452,2239,3635
483.png,P4,0.39674162459843965,0.39035980991174474,0.7473612529792305,2452,2239,3635
483.png,P5,0.41124324324324324,0.37532637075718017,0.7551951343132286,2892,2284,3635
484.png,P1,0.342680262199563,0.36444444444444446,0.807158836689038,2648,1196,1039
484.png,P2,0.3391708363116512,0.36444444444444446,0.807158836689038,2708,1196,1039
484.png,P3,0.3357538035961272,0.36444444444444446,0.807158836689038,2824,1196,1039
484.png,P4,0.3334478021978022,0.36444444444444446,0.807158836689038,2844,1196,1039
484.png,P5,0.3411892675852067,0.36444444444444446,0.807158836689038,2660,1196,1039
486.png,P1,0.47803379416282643,0.448955459203784,0.9508408796895214,6484,3046,3138
486.png,P2,0.41355977179249037,0.39221763085399447,0.9509360877985797,7516,3058,3138
486.png,P3,0.41475759190197126,0.37366908906540475,0.9512116316639742,7484,3052,3138
486.png,P4,0.40038935756002597,0.37366908906540475,0.9512116316639742,7652,3052,3138
486.png,P5,0.4556943423952976,0.4229959823990817,0.9508408796895214,6768,3046,3138
494.png,P1,0.5753820735233375,0.541871921182266,0.9232379623168179,2420,1472,1394
494.png,P2,0.571604431678293,0.5238095238095238,0.9232914923291492,2436,1474,1394
494.png,P3,0.5558213716108453,0.541871921182266,0.9232379623168179,2508,1472,1394
494.png,P4,0.5411490683229814,0.5057471264367817,0.9218478638416117,2576,1485,1394
494.png,P5,0.5744329896907217,0.541871921182266,0.9232379623168179,2424,1472,1394
500.png,P1,0.4649164677804296,0.4261501210653753,0.8751590041795384,3088,2453,3050
500.png,P2,0.46683291770573565,0.4451188669701568,0.8726079825041007,2832,2437,3050
500.png,P3,0.46888567293777134,0.4180522565320665,0.8751136157062352,3040,2451,3050
500.png,P4,0.4691358024691358,0.4451188669701568,0.8726079825041007,2900,2437,3050
500.png,P5,0.46176046176046176,0.4261501210653753,0.8751590041795384,3028,2453,3050
506.png,P1,0.47183098591549294,0.7209322325421397,0.9424391795197965,6376,6623,5955
506.png,P2,0.42283346760271606,0.5927934621099554,0.9433391691866942,6408,6611,5955
506.png,P3,0.41324415975885453,0.490807962529274,0.929427430093209,9048,6812,5955
506.png,P4,0.41120949693490316,0.4949811053377421,0.9297187181697093,8548,6808,5955
506.png,P5,0.36219698624153746,0.5127917710668601,0.9450777202072539,6520,6590,5955
507.png,P1,0.5356159285448455,0.4353348729792148,0.9691730331054819,13184,7475,7447
507.png,P2,0.5183400460299195,0.4253865516001438,0.9680517574868271,13664,7546,7447
507.png,P3,0.4695249282171757,0.3894974226804124,0.6665451230628988,15072,14493,7447
507.png,P4,0.46101453035806955,0.3858447488584475,0.7029659995177236,15076,13288,7447
507.png,P5,0.5683077664444622,0.47203672787979967,0.9707602339181286,12080,7430,7447
518.png,P1,0.0,0.0,0.0,4612,8256,1000
518.png,P2,0.1921406411582213,0.15339918651946544,0.9095477386934674,4764,990,1000
518.png,P3,0.08481297881928797,0.03423037946177232,0.07903718340219149,11036,10134,1000
518.png,P4,0.0,0.0,0.0,5864,9481,1000
518.png,P5,0.23527785457561515,0.20228384991843393,0.9112125824454591,3468,971,1000
519.png,P1,0.2540045766590389,0.2614942528735632,0.8414707655213984,2560,931,728
519.png,P2,0.2536176694592536,0.2614942528735632,0.8414707655213984,2564,931,728
519.png,P3,0.2591696896412737,0.29017857142857145,0.8435045317220544,2396,927,728
519.png,P4,0.2591696896412737,0.29017857142857145,0.8435045317220544,2396,927,728
519.png,P5,0.24854651162790697,0.2614942528735632,0.8414707655213984,2708,931,728
543.png,P1,0.6121532788199455,0.5076551168412571,0.7465982600936872,4464,3375,5591
543.png,P2,0.48474770642201837,0.5509253267762392,0.9565458579881657,7356,5225,5591
543.png,P3,0.5490398247196804,0.5763437888627885,0.9551685809559096,6428,5205,5591
543.png,P4,0.4737609329446064,0.5418994413407822,0.9574133949191685,7552,5234,5591
543.png,P5,0.6031793195661863,0.6423841059602649,0.9497716894977168,5200,5140,5591
55.png,P1,0.3076002393776182,0.3157146243185589,0.7154656792936486,3076,2217,1294
55.png,P2,0.24694656488549618,0.22023809523809523,0.5346947280683476,5240,3505,1294
55.png,P3,0.2267091746369111,0.1879725897920605,0.4719224437534297,5632,4173,1294
55.png,P4,0.23847019122609675,0.19641975308641976,0.4933920704845815,5312,3927,1294
55.png,P5,0.31616341030195383,0.31947284708020907,0.7094594594594594,3152,2258,1294
550.png,P1,0.20297555791710944,0.20671834625322996,0.8453237410071942,3764,904,764
550.png,P2,0.1900497512437811,0.19753086419753085,0.8460620525059666,4020,912,764
550.png,P3,0.19371196754563894,0.19753086419753085,0.8460620525059666,3944,912,764
550.png,P4,0.18780727630285152,0.19753086419753085,0.8460620525059666,4068,912,764
550.png,P5,0.1775092936802974,0.1932367149758454,0.8441019561351512,4304,923,764
551.png,P1,0.5833556328605833,0.5884491114701131,0.9356027373223372,2956,2738,2961
551.png,P2,0.5617300848617575,0.5884491114701131,0.9356027373223372,2744,2738,2961
551.png,P3,0.6002649006622517,0.5897338403041825,0.9366160293347302,3080,2766,2961
551.png,P4,0.590728476821192,0.5751434034416826,0.9376419213973799,3044,2764,2961
551.png,P5,0.5714285714285714,0.5884491114701131,0.9356027373223372,2880,2738,2961
558.png,P1,0.45037574501166106,0.4890282131661442,0.9379387812412244,3844,1808,1753
558.png,P2,0.46205597416576966,0.4890282131661442,0.9379387812412244,3680,1808,1753
558.png,P3,0.4434584178498986,0.4781609195402299,0.9382022471910112,3940,1807,1753
558.png,P4,0.45652744943525086,0.4890282131661442,0.9379387812412244,3792,1808,1753
558.png,P5,0.46430474160895047,0.5049833887043189,0.9400506614128905,3744,1800,1753
56.png,P1,0.22509225092250923,0.2691292875989446,0.8992248062015504,3272,1149,1044
56.png,P2,0.17988826815642459,0.20550705171255876,0.8928731510533393,4236,1187,1044
56.png,P3,0.0,0.0,0.0,6520,4604,1044
56.png,P4,0.19504643962848298,0.22018348623853212,0.8952122854561879,3588,1170,1044
56.png,P5,0.20677966101694914,0.23024830699774265,0.8948081264108352,3584,1171,1044
561.png,P1,0.387667797610267,0.5397036961090891,0.7181391950313585,8360,5969,10454
561.png,P2,0.3085599831330382,0.45264750378214824,0.7301221479603596,14372,15580,10454
561.png,P3,0.31264998285910184,0.3777323587487442,0.021936589545844043,12520,12886,10454
561.png,P4,0.2950603616426802,0.3966376976777319,0.018413849489886603,14112,17677,10454
561.png,P5,0.31202505945820525,0.5352593038419099,0.8782414722557859,12164,11064,10454
562.png,P1,0.49089604448829494,0.6726689000558347,0.8225082751011401,8716,5689,7906
562.png,P2,0.4068130425268072,0.47543409629044986,0.7732682331400671,11380,5202,7906
562.png,P3,0.5366407877295967,0.6885451505016722,0.8442297988899301,8324,5967,7906
562.png,P4,0.40500476994202683,0.5076022190260941,0.8049706079321378,11240,5533,7906
562.png,P5,0.5037376826367652,0.6816080143847932,0.893476465730801,9796,6626,7906
563.png,P1,0.6471537558685446,0.5854018399583406,0.6457968476357268,5684,3593,5543
563.png,P2,0.4033660814946046,0.42855308219178084,0.3924694708276798,11884,12145,5543
563.png,P3,0.34895125999698207,0.4227618243243243,0.376489707475623,12336,12917,5543
563.png,P4,0.3670978764949963,0.45339673913043477,0.3714917502976697,11260,12094,5543
563.png,P5,0.6222743582666299,0.6454545454545455,0.6710035192492269,6212,3834,5543
579.png,P1,0.12683952347582342,0.15862068965517243,0.0,2736,548,480
579.png,P2,0.13214505224339274,0.15151515151515152,0.0,3204,1282,480
579.png,P3,0.12950233709100908,0.13786764705882354,0.3057176196032672,3628,2091,480
579.png,P4,0.13218390804597702,0.14204545454545456,0.0,3460,1403,480
579.png,P5,0.12526242127361792,0.15862068965517243,0.0,2736,548,480
581.png,P1,0.53844931680966,0.4866860595211457,0.8364993215739485,4664,3825,5019
581.png,P2,0.5240601503759399,0.4740834386852086,0.854982206405694,5116,3973,5019
581.png,P3,0.6209309895833334,0.6877323420074349,0.9588792582140697,4940,4903,5019
581.png,P4,0.6016907011437096,0.6338028169014085,0.9073760067825349,4644,4417,5019
581.png,P5,0.5056296296296297,0.4434250764525994,0.8281125412917189,5144,3760,5019
589.png,P1,0.4508866308029488,0.5827107790821772,0.9411013567438149,4140,3123,3142
589.png,P2,0.5324118207816969,0.5573095401509952,0.8124196215322432,3288,2301,3142
589.png,P3,0.4747285660801198,0.5571428571428572,0.9406698564593301,4736,3128,3142
589.png,P4,0.0,0.0,0.0,3772,729,3142
589.png,P5,0.40792115349516334,0.5572450805008945,0.9404856372004444,4572,3159,3142
590.png,P1,0.42896405919661734,0.45787545787545786,0.8213109847351092,2868,2791,3891
590.png,P2,0.43549729504785684,0.45787545787545786,0.8213109847351092,3008,2791,3891
590.png,P3,0.4371069182389937,0.45787545787545786,0.8213109847351092,2964,2791,3891
590.png,P4,0.4417879417879418,0.45787545787545786,0.8213109847351092,3044,2791,3891
590.png,P5,0.42106382978723406,0.43956043956043955,0.784688995215311,2788,2588,3891
592.png,P1,0.41517337677449384,0.4275572765408196,0.9046342397548832,3228,2369,2853
592.png,P2,0.31250798517950684,0.32191590086326927,0.8113983548766157,7420,3955,2853
592.png,P3,0.2953350102904185,0.29155107187894075,0.8696202531645569,8476,3467,2853
592.png,P4,0.30048250904704465,0.3114224137931034,0.7749263777871266,7928,4278,2853
592.png,P5,0.3013449145418885,0.3629513343799058,0.7280701754385965,6436,4671,2853
593.png,P1,0.4556327160493827,0.41284837033538024,0.964223602484472,7216,3947,4103
593.png,P2,0.38972044904248293,0.357619010273704,0.9647756766777902,8524,3988,4103
593.png,P3,0.358602042860004,0.28508056624698286,0.9617230769230769,9464,4022,4103
593.png,P4,0.3401895734597156,0.29382101795199356,0.9596170369461151,10036,4044,4103
593.png,P5,0.4880448148654188,0.46092184368737477,0.9642278449457808,6788,3920,4103
601.png,P1,0.6523724115441056,0.6856799037304453,0.963807352522086,4868,5261,5266
601.png,P2,0.5723288456029791,0.66,0.9631170796292794,5712,5308,5266
601.png,P3,0.5399073821846908,0.6227758007117438,0.9636501325255585,6040,5298,5266
601.png,P4,0.5326508024349751,0.6198347107438017,0.9630961392884179,5812,5302,5266
601.png,P5,0.5780674412014735,0.6470588235294118,0.9633200983172623,5872,5312,5266
604.png,P1,0.35719249478804727,0.4201312910284464,0.961080922308709,6336,3380,3429
604.png,P2,0.36416910841356215,0.43417559728640254,0.9606229797237732,6348,3377,3429
604.png,P3,0.3475148568341437,0.4363322793906295,0.9604818569120024,6548,3378,3429
604.png,P4,0.3393133711925658,0.4197621900636003,0.96095126247798,6948,3383,3429
604.png,P5,0.3588227010280242,0.4087912087912088,0.9609283196239718,6220,3379,3429
614.png,P1,0.4890133563119345,0.4571970381072783,0.8807697308542453,6412,3735,3956
614.png,P2,0.0,0.0,0.0,6904,4276,3956
614.png,P3,0.0,0.0,0.0,6960,3833,3956
614.png,P4,0.48762302415747094,0.49012584704743467,0.8811881188118812,6020,3720,3956
614.png,P5,0.0,0.0,0.0,7988,6941,3956
616.png,P1,0.5932812169871118,0.5210526315789473,0.958152510849349,4256,3167,3285
616.png,P2,0.5134991119005329,0.4267241379310345,0.8682040531097135,5236,3870,3285
616.png,P3,0.4821021802798568,0.4134228187919463,0.7314420803782505,5824,5175,3285
616.png,P4,0.5003386386725364,0.4307692307692308,0.739409804854831,5576,5119,3285
616.png,P5,0.591732844634494,0.5176470588235295,0.9581913905233819,4532,3173,3285
621.png,P1,0.5238610247397594,0.6162191001244887,0.9297382750746531,5824,5938,5448
621.png,P2,0.5293155167712026,0.6162191001244887,0.9297382750746531,5768,5938,5448
621.png,P3,0.51053236307928,0.5948941887806517,0.929234541951305,6384,5970,5448
621.png,P4,0.5265274354650409,0.6157903692360047,0.929284088920007,6320,5978,5448
621.png,P5,0.5028389419747957,0.6021094744498999,0.9306843267108168,5404,5877,5448
623.png,P1,0.5406494429959706,0.6278054862842892,0.9307596695181692,5832,6509,7168
623.png,P2,0.4979562394806444,0.6453298497713913,0.9302155109221522,5292,6474,7168
623.png,P3,0.5632578602854383,0.496113074204947,0.934961699667582,7400,6670,7168
623.png,P4,0.44021739130434784,0.47005444646098005,0.9383040935672514,5552,6512,7168
623.png,P5,0.5781323322383858,0.6666666666666666,0.9309436722750548,6284,6502,7168
630.png,P1,0.6041365345675441,0.6681472081218274,0.793335340760815,5180,4052,5911
630.png,P2,0.655780989438577,0.6918852959121415,0.8623835951462704,6004,4720,5911
630.png,P3,0.5671599718111346,0.6468058968058968,0.7918547497241448,5208,4058,5911
630.png,P4,0.6273418408905783,0.6618998978549541,0.8123893805309734,6076,4259,5911
630.png,P5,0.6148158482142857,0.6769262128006522,0.8162024323264025,5664,4285,5911
633.png,P1,0.3531868811881188,0.25118885869565216,0.9482541018090029,6464,2471,2283
633.png,P2,0.2988219895287958,0.2296583850931677,0.9480765188143788,7640,2474,2283
633.png,P3,0.2758579023682939,0.2013888888888889,0.9468396818752616,8276,2495,2283
633.png,P4,0.2824096981692232,0.20673748951635448,0.9467951403435274,8084,2491,2283
633.png,P5,0.4890745501285347,0.47771317829457366,0.9515343915343916,4668,2442,2283
66.png,P1,0.694344163658243,0.6595593461265103,0.8889183457051962,3188,3692,3852
66.png,P2,0.5412570747691391,0.5509741730856366,0.9248973677855591,6496,4430,3852
66.png,P3,0.4019149409930973,0.46715328467153283,0.9206387321407131,8740,4477,3852
66.png,P4,0.46093946244662143,0.48158415841584157,0.920676827073083,7780,4481,3852
66.png,P5,0.6200689391037917,0.4850563449289564,0.9043809523809524,4608,4023,3852
67.png,P1,0.530565693430657,0.4676470588235294,0.9318474067723961,4384,2340,2326
67.png,P2,0.5219928186714542,0.4676470588235294,0.9312191986286694,4456,2341,2326
67.png,P3,0.44321646341463417,0.3793743372216331,0.9327086882453152,5248,2370,2326
67.png,P4,0.4618745035742653,0.3988294314381271,0.9315126946874334,5036,2361,2326
67.png,P5,0.5389249304911955,0.5081676136363636,0.9322726295420339,4316,2325,2326
670.png,P1,0.415312961490401,0.5090144230769231,0.9765641797462912,7860,4703,4599
670.png,P2,0.3562674901090418,0.34930400198856576,0.9754107162031569,9456,4714,4599
670.png,P3,0.38037882467217093,0.3447620215897939,0.9754107162031569,9612,4714,4599
670.png,P4,0.3514135739939221,0.30869565217391304,0.9754212729419341,10076,4718,4599
670.png,P5,0.3903553879556622,0.5090144230769231,0.9765641797462912,7568,4703,4599
675.png,P1,0.4115564139707066,0.4407894736842105,0.9119086460032626,5640,3000,3130
675.png,P2,0.40085028849073795,0.44746059544658495,0.902562480227776,6096,3192,3130
675.png,P3,0.3866628911227524,0.4398005439709882,0.7025346724055476,6664,5234,3130
675.png,P4,0.378698224852071,0.4027850761954808,0.8939880679210647,6656,3407,3130
675.png,P5,0.4040114613180516,0.4460816415629775,0.924924924924925,5200,2864,3130
681.png,P1,0.30944479897894067,0.6124686716791979,0.9667934093789607,10532,9738,9987
681.png,P2,0.2998356564611358,0.6160714285714286,0.9667900420828475,11368,9736,9987
681.png,P3,0.31323556038384937,0.605638166047088,0.9668457872858157,11772,9739,9987
681.png,P4,0.30753676470588237,0.5604430379746835,0.9639350933414721,11352,9672,9987
681.png,P5,0.2649266346608966,0.4841727740527054,0.7884821747943246,8720,6787,9987
687.png,P1,0.3619436875567666,0.3933380581148122,0.9621280432822362,3800,2238,2198
687.png,P2,0.3446527012127894,0.41935483870967744,0.9619626378573036,3900,2245,2198
687.png,P3,0.3587665546550702,0.38210320052253427,0.9624634749381884,4676,2251,2198
687.png,P4,0.35328589367936375,0.39,0.9619968518102091,4268,2249,2198
687.png,P5,0.3590582079790713,0.4020618556701031,0.9622132253711201,4036,2248,2198
694.png,P1,0.45368916797488223,0.503805581519562,0.9516951695169517,4872,3204,3462
694.png,P2,0.47425004335009535,0.5162021602880384,0.9526378896882494,5040,3210,3462
694.png,P3,0.4588358678552701,0.503805581519562,0.9516951695169517,4884,3204,3462
694.png,P4,0.4671544985863961,0.4948229579445226,0.9545318576129225,5360,3224,3462
694.png,P5,0.4674616695059625,0.501749837977965,0.9540625467604369,5152,3221,3462
695.png,P1,0.3843248347497639,0.42871141597256246,0.8305230065733067,2408,1509,1990
695.png,P2,0.38823529411764707,0.42871141597256246,0.8305230065733067,2376,1509,1990
695.png,P3,0.3863564916692864,0.42871141597256246,0.8305230065733067,2420,1509,1990
695.png,P4,0.3863564916692864,0.42871141597256246,0.8305230065733067,2420,1509,1990
695.png,P5,0.385781990521327,0.42871141597256246,0.8305230065733067,2396,1509,1990
7.png,P1,0.32673267326732675,0.30820547031354234,0.2255772646536412,3536,1018,2360
7.png,P2,0.3352125910265445,0.3055555555555556,0.1820931639443436,3324,946,2360
7.png,P3,0.3230712845886018,0.3623348017621145,0.8071096748131691,4860,2591,2360
7.png,P4,0.3328299037190863,0.35019455252918286,0.7862377850162866,4700,2552,2360
7.png,P5,0.32877959927140255,0.30820547031354234,0.2255772646536412,3476,1018,2360
70.png,P1,0.3060070671378092,0.3111038643404533,0.5777228742021824,4140,3453,1404
70.png,P2,0.28329297820823246,0.26644021739130436,0.534348239771646,4956,3851,1404
70.png,P3,0.24476987447698745,0.2273886827458256,0.4785276073619632,5736,4464,1404
70.png,P4,0.25846833578792344,0.2431795634920635,0.4986680873734683,5432,4227,1404
70.png,P5,0.2618202205195291,0.24221837944664032,0.5144741663613045,5348,4054,1404
712.png,P1,0.39166250624063903,0.46336005966809624,0.8708267785352212,2904,3050,2671
712.png,P2,0.40167464114832535,0.47844827586206895,0.8812392426850258,3188,3139,2671
712.png,P3,0.3920371275036639,0.45354991786822413,0.8621045392022009,3028,3145,2671
712.png,P4,0.3706533192834563,0.45670225385527874,0.8707653701380176,2532,2908,2671
712.png,P5,0.40139049826187717,0.45867768595041325,0.858327803583278,3376,3357,2671
713.png,P1,0.4966960352422907,0.46833013435700577,0.9182829888712242,3860,3355,2935
713.png,P2,0.5015514184397163,0.4593530720520281,0.918341307814992,3840,3335,2935
713.png,P3,0.49413553431798435,0.4593530720520281,0.918341307814992,3944,3335,2935
713.png,P4,0.5015597147950089,0.46833013435700577,0.9182829888712242,3804,3355,2935
713.png,P5,0.5017505470459519,0.4593530720520281,0.918341307814992,3928,3335,2935
714.png,P1,0.5567738791423001,0.5419537184243066,0.9028590536699549,3688,3280,2701
714.png,P2,0.5543902439024391,0.5253784505788067,0.903010033444816,3672,3279,2701
714.png,P3,0.5623107971745711,0.5544912344117116,0.9033121445299431,3492,3277,2701
714.png,P4,0.5519287833827893,0.5717786399836635,0.9046421987598459,3052,3266,2701
714.png,P5,0.557356608478803,0.5253784505788067,0.903010033444816,3544,3279,2701
723.png,P1,0.3727785908425674,0.3576954732510288,0.965206508135169,4576,2005,1990
723.png,P2,0.3912058023572076,0.38866034698622787,0.9661399548532731,4148,1997,1990
723.png,P3,0.38534093142071135,0.35333333333333333,0.967196819085487,5060,2034,1990
723.png,P4,0.37701692247146795,0.36572742955721677,0.9660847880299251,5008,2020,1990
723.png,P5,0.0,0.0,0.0,4768,5753,1990
727.png,P1,0.4695018858108987,0.5193658800216178,0.7028167721809341,7140,6740,4159
727.png,P2,0.5283346698743652,0.5108695652173914,0.684141316735338,7276,7248,4159
727.png,P3,0.4945125063808065,0.4742838541666667,0.6367228449318604,7552,8242,4159
727.png,P4,0.5064061905365977,0.4534702769996888,0.60996099609961,7716,9173,4159
727.png,P5,0.4953001629276852,0.5108695652173914,0.6974016600505233,7772,6925,4159
729.png,P1,0.6108910891089109,0.6150793650793651,0.9106348564496562,3824,2262,2684
729.png,P2,0.6433947573319492,0.6540084388185654,0.9041709053916582,3648,2231,2684
729.png,P3,0.5956336022781206,0.6349206349206349,0.9139286434186656,4040,2277,2684
729.png,P4,0.6472449248615871,0.6183510638297872,0.905989847715736,3564,2241,2684
729.png,P5,0.5215131989191436,0.517799352750809,0.9231383509682571,4636,2325,2684
761.png,P1,0.3482573726541555,0.29784454604833444,0.9426450742240216,3524,1459,1505
761.png,P2,0.38786198398028343,0.4537313432835821,0.9331485971596813,3000,1382,1505
761.png,P3,0.3385389094759132,0.2696629213483146,0.9453570231310761,3552,1478,1505
761.png,P4,0.3163594470046083,0.2537393162393162,0.9466621938946662,4208,1476,1505
761.png,P5,0.2533210332103321,0.23170731707317074,0.9471558397845843,5288,1466,1505
762.png,P1,0.38214183175423483,0.3978494623655914,0.9509454645108248,2940,1775,1874
762.png,P2,0.37592867756315007,0.3852421910366682,0.9517279210093252,2756,1772,1874
762.png,P3,0.37745664739884394,0.3852421910366682,0.9517279210093252,2892,1772,1874
762.png,P4,0.3733593968165317,0.40314606741573034,0.9526157217200767,3044,1777,1874
762.png,P5,0.0,0.0,0.0,5648,3131,1874
764.png,P1,0.5132521489971347,0.6168784464157276,0.8096876290078436,4768,3585,3682
764.png,P2,0.5195812330360605,0.6453473789816905,0.8014252432506509,4156,3615,3682
764.png,P3,0.5,0.5663658375522782,0.786092800827194,5036,4055,3682
764.png,P4,0.49787378805919374,0.5546453977150247,0.7599606492867683,5124,4450,3682
764.png,P5,0.3612475442043222,0.28933333333333333,0.5830645161290322,7404,8718,3682
769.png,P1,0.3529506093649776,0.5179282868525896,0.7672627918529558,3564,3179,4873
769.png,P2,0.3180597515944948,0.37507562008469447,0.6202460850111857,2980,2279,4873
769.png,P3,0.31044520547945204,0.37507562008469447,0.519585772174696,2780,1790,4873
769.png,P4,0.363926576217079,0.5179282868525896,0.7737154150197628,3672,3223,4873
769.png,P5,0.3693923906871096,0.4859,0.5461395923409512,9596,11317,4873
776.png,P1,0.47241453916053655,0.5301667685322623,0.5331031681559708,6388,2625,7223
776.png,P2,0.505632183908046,0.5446293494704992,0.5328052000812513,5876,2623,7223
776.png,P3,0.5065522439986083,0.5446293494704992,0.5328052000812513,5768,2623,7223
776.png,P4,0.4419295370749693,0.49694637329540703,0.534442528152582,6856,2634,7223
776.png,P5,0.4645900974025974,0.46878980891719746,0.541839103664076,7212,2684,7223
780.png,P1,0.15896632732967894,0.1144159791576205,0.4148148148148148,5108,3103,812
780.png,P2,0.14468995010691377,0.08722277391592188,0.22216142270861833,5612,6498,812
780.png,P3,0.11540648095508811,0.06334134615384615,0.1556151782292066,7036,9624,812
780.png,P4,0.16530944625407165,0.11933876811594203,0.7645951035781544,4912,1312,812
780.png,P5,0.08697514995715509,0.045746527777777775,0.1397710646355108,9336,10807,812
781.png,P1,0.4089428486822624,0.41794800111825553,0.533918364990474,9128,12175,5146
781.png,P2,0.44728538787944727,0.47139403706688154,0.5682689849143442,8156,10498,5146
781.png,P3,0.3771261947189373,0.3482792527040315,0.47817320767102733,11856,16181,5146
781.png,P4,0.4375318195703085,0.5870187718740058,0.660639958376691,8972,10230,5146
781.png,P5,0.3578454332552693,0.3539125539500844,0.47558720177547625,12248,16482,5146
782.png,P1,0.6683126580753944,0.6486146095717884,0.861944295661489,7244,8328,6608
782.png,P2,0.676923076923077,0.6505871152015233,0.8687948058974706,7344,8178,6608
782.png,P3,0.6665889484728375,0.6687306501547987,0.8673104193395907,7688,8201,6608
782.png,P4,0.7116493656286044,0.6326411231354198,0.8498394179720784,8232,8649,6608
782.png,P5,0.6948015651201789,0.6552920763447079,0.8169634430252313,8552,9285,6608
794.png,P1,0.49083015195748186,0.44019138755980863,0.6812703175793948,6732,6811,13184
794.png,P2,0.478953698135899,0.4405819744165609,0.6899190142594525,6492,6943,13184
794.png,P3,0.46817707557012966,0.4312078898545064,0.6668689013600283,6516,6595,13184
794.png,P4,0.49545793000744603,0.44019138755980863,0.6711017034573128,6900,6658,13184
794.png,P5,0.5458736059479554,0.49799824235914464,0.7376465562253762,7608,7883,13184
828.png,P1,0.26291739894551847,0.26335470085470086,0.8757655293088364,2432,1125,1161
828.png,P2,0.26541651640822217,0.27947845804988664,0.8693356797184338,2348,1112,1161
828.png,P3,0.2499194847020934,0.2545893719806763,0.89419795221843,2720,1183,1161
828.png,P4,0.2601626016260163,0.26335470085470086,0.8757655293088364,2404,1125,1161
828.png,P5,0.2384924312635156,0.2414299706170421,0.8859118409680208,2848,1153,1161
837.png,P1,0.32899786780383794,0.31994047619047616,0.48365083878305376,4532,5333,1701
837.png,P2,0.38726650881347013,0.3646833013435701,0.6176994654523856,3572,3350,1701
837.png,P3,0.43193637197919854,0.4176334106728538,0.7353525322740815,2980,2327,1701
837.png,P4,0.3188097768331562,0.3338509316770186,0.4988850899360785,4504,5026,1701
837.png,P5,0.2792776358993068,0.272289766970618,0.4151818403710032,5312,6493,1701
847.png,P1,0.46879042690815004,0.45955882352941174,0.9382158412647201,5920,3036,3163
847.png,P2,0.4648592643757555,0.4028776978417266,0.9381759483454398,5320,3032,3163
847.png,P3,0.49915540540540543,0.46786632390745503,0.9383153486873893,5712,3046,3163
847.png,P4,0.3052641994854542,0.21280775275013095,0.315710648494833,10028,16868,3163
847.png,P5,0.3143123446561723,0.20298967355096603,0.24692610952808464,9528,22456,3163
856.png,P1,0.49340369393139843,0.7294938917975567,0.8990109318063508,4092,5430,6096
856.png,P2,0.4707094495142773,0.6738208135762416,0.8372972972972973,3896,5004,6096
856.png,P3,0.4680944697080827,0.6550087434424182,0.8454241575571416,3912,4973,6096
856.png,P4,0.4489616847031296,0.6381118881118881,0.7911698956780924,3812,4640,6096
856.png,P5,0.5764536970567121,0.8110977080820265,0.9321936385304512,4884,6071,6096
86.png,P1,0.27307692307692305,0.5361702127659574,0.9038815385963375,8448,5959,5454
86.png,P2,0.25132943945601954,0.5227206946454414,0.9016263736263737,8900,5921,5454
86.png,P3,0.2919023759495717,0.48939512961508247,0.8857286264012046,10532,6500,5454
86.png,P4,0.25199928914163855,0.5337367624810893,0.9091232754784156,8636,5781,5454
86.png,P5,0.24055703929797786,0.5205018359853121,0.9139108554996406,7552,5674,5454
865.png,P1,0.40570581696924785,0.4534633261534973,0.5174267882861258,8588,14242,6588
865.png,P2,0.42354533152909335,0.4863511741566337,0.55188246097337,8140,13014,6588
865.png,P3,0.3941956563521046,0.44820598402670164,0.5281973553546229,7920,12545,6588
865.png,P4,0.34569012056865217,0.3489458926160557,0.42274106075926093,8368,15170,6588
865.png,P5,0.41735725343775615,0.4299990105867221,0.45,8976,19852,6588
867.png,P1,0.5552850356294536,0.8136381247578458,0.7481396680022896,12284,14045,13907
867.png,P2,0.5206918944447724,0.8555530825728912,0.7420034620305562,11852,12667,13907
867.png,P3,0.4954806400390864,0.7599725839616176,0.76122969098439,10580,11205,13907
867.png,P4,0.4857664031839036,0.7473382942186606,0.6671706671706672,12972,17839,13907
867.png,P5,0.4949500208246564,0.6857813667247696,0.6375033184861804,14808,19994,13907
868.png,P1,0.3519140362659503,0.25420609035424807,0.5759554140127389,6288,7252,17868
868.png,P2,0.30020147750167897,0.20654244841282657,0.4811288677320639,5364,5660,17868
868.png,P3,0.38913444860963464,0.2964446023185972,0.6600351520137616,6960,8873,17868
868.png,P4,0.32343086888541434,0.24891013013853458,0.5746146799952209,5832,7241,17868
868.png,P5,0.40428807036833425,0.3472083185326315,0.7188574263741716,7676,10349,17868
900.png,P1,0.5083374203040706,0.4099136730715678,0.6079599618684461,6912,5243,11541
900.png,P2,0.43966747837769754,0.3341687552213868,0.3059082568807339,5604,2084,11541
900.png,P3,0.4927802353726734,0.38392276988768215,0.5787742171317168,6344,4873,11541
900.png,P4,0.4975300510456117,0.38392276988768215,0.5672119050547288,6648,4721,11541
900.png,P5,0.5291906589891234,0.46393762183235865,0.6206896551724138,7580,5859,11541
915.png,P1,0.4015053510525697,0.3169082125603865,0.6946834665027658,3520,4619,8397
915.png,P2,0.38768030267202647,0.30917874396135264,0.691922691922692,3340,4590,8397
915.png,P3,0.407757915644351,0.32463768115942027,0.6965326787358085,3652,4639,8397
915.png,P4,0.39793741109530584,0.30917874396135264,0.691922691922692,3396,4590,8397
915.png,P5,0.44485003946329915,0.3985239852398524,0.7827260458839406,6248,5682,8397
921.png,P1,0.13717480111803912,0.14598078867542974,0.49619079165286517,4464,2194,825
921.png,P2,0.12275064267352186,0.14914772727272727,0.4077510917030568,4416,2839,825
921.png,P3,0.12708681135225375,0.14583333333333334,0.39723477798457857,4576,2936,825
921.png,P4,0.11294934640522876,0.13949275362318841,0.24315514993481094,4624,5311,825
921.png,P5,0.10998552821997105,0.13949275362318841,0.24315514993481094,4544,5311,825
922.png,P1,0.5925765140004341,0.5864661654135338,0.9512401352874859,3928,3687,3409
922.png,P2,0.5889031705227078,0.5864661654135338,0.948566610455312,4008,3707,3409
922.png,P3,0.5873519458544839,0.5754527162977867,0.9485955056179776,4096,3711,3409
922.png,P4,0.5520676691729324,0.5439560439560439,0.9468977082168809,4848,3747,3409
922.png,P5,0.5931339977851606,0.5979094076655053,0.9517766497461929,3784,3683,3409
929.png,P1,0.2876183795159593,0.31283068783068785,0.7259161729207813,5688,2903,1654
929.png,P2,0.2707164080554639,0.2859042553191489,0.6833298905184879,6044,3187,1654
929.png,P3,0.27873318576536693,0.29891304347826086,0.6993657505285412,5856,3076,1654
929.png,P4,0.26451378809869375,0.3055555555555556,0.6733156930592306,5316,3259,1654
929.png,P5,0.28973693960726193,0.30603002070393376,0.7039795701213024,5308,3045,1654
93.png,P1,0.377728722099583,0.43105281814959234,0.7317181595910203,3076,1958,2541
93.png,P2,0.35381091211995,0.3761755485893417,0.7444201312910285,3960,2029,2541
93.png,P3,0.3902439024390244,0.45373980857851826,0.736353591160221,3444,1984,2541
93.png,P4,0.30184331797235026,0.31706712905622986,0.7451838879159369,4804,2027,2541
93.png,P5,0.39359099804305286,0.4515410323059785,0.7320872274143302,3156,1953,2541
933.png,P1,0.4071172784243509,0.4178847807394669,0.7480664801711371,2524,2314,3763
933.png,P2,0.4150154117129018,0.4356534802203305,0.8088625370572632,2664,2646,3763
933.png,P3,0.38866487455197135,0.3993121238177128,0.716211661611055,2436,2171,3763
933.png,P4,0.3754472271914132,0.3993121238177128,0.716211661611055,2388,2171,3763
933.png,P5,0.401646639964397,0.4178847807394669,0.7480664801711371,2536,2314,3763
935.png,P1,0.7038972349227085,0.6214285714285714,0.9618300653594771,3952,3776,3874
935.png,P2,0.6916089965397924,0.60431654676259,0.9624394712733936,3948,3767,3874
935.png,P3,0.7133058984910837,0.6200417536534447,0.9451054624121147,3620,3522,3874
935.png,P4,0.7057785619761799,0.5869565217391305,0.9553237025147138,3860,3602,3874
935.png,P5,0.6985878199470432,0.5869565217391305,0.9553237025147138,3824,3602,3874
939.png,P1,0.0,0.0,0.0,5104,7787,1844
939.png,P2,0.36304062909567497,0.4237469847225945,0.8143377205264631,2316,1727,1844
939.png,P3,0.0,0.0,0.0,5276,7716,1844
939.png,P4,0.35509138381201044,0.4237469847225945,0.8143377205264631,2308,1727,1844
939.png,P5,0.3858356940509915,0.4102795311091073,0.7948164146868251,3048,1860,1844
942.png,P1,0.2677754043332316,0.28752941176470587,0.5699045480067377,6116,4931,2193
942.png,P2,0.2681203007518797,0.29327478622602265,0.5882352941176471,6240,5134,2193
942.png,P3,0.27656590838267375,0.2978174137526402,0.591881513987932,6000,5099,2193
942.png,P4,0.2950688440601985,0.3090002267059624,0.578709848685957,5896,5341,2193
942.png,P5,0.2750076946752847,0.298819255222525,0.5827299544113703,6092,5265,2193
943.png,P1,0.4433134433134433,0.4579646017699115,0.9473023839397742,2516,1592,1596
943.png,P2,0.4302361238883778,0.4242718446601942,0.9453076444996893,3068,1622,1596
943.png,P3,0.44054054054054054,0.4173387096774194,0.9474342928660826,2668,1600,1596
943.png,P4,0.0,0.0,0.0,2556,734,1596
943.png,P5,0.4410596026490066,0.4050880626223092,0.9477635283077885,2756,1601,1596
944.png,P1,0.462298682284041,0.4418103448275862,0.9292452830188679,2732,1281,1263
944.png,P2,0.4826923076923077,0.47126436781609193,0.9291896144767899,2592,1279,1263
944.png,P3,0.43253424657534245,0.4039408866995074,0.9305610043154178,2920,1286,1263
944.png,P4,0.4616228070175439,0.4418103448275862,0.9292452830188679,2736,1281,1263
944.png,P5,0.46986607142857145,0.4418103448275862,0.9292452830188679,2688,1281,1263
945.png,P1,0.4112762237762238,0.36904761904761907,0.9188911704312115,2288,1007,941
945.png,P2,0.4112762237762238,0.36904761904761907,0.9188911704312115,2288,1007,941
945.png,P3,0.4112762237762238,0.36904761904761907,0.9188911704312115,2288,1007,941
945.png,P4,0.4112762237762238,0.36904761904761907,0.9188911704312115,2288,1007,941
945.png,P5,0.4112762237762238,0.36904761904761907,0.9188911704312115,2288,1007,941
954.png,P1,0.15320910973084886,0.1554054054054054,0.48415622697126015,3796,2054,660
954.png,P2,0.14772727272727273,0.14661354581673305,0.4859467455621302,3784,2044,660
954.png,P3,0.15163934426229508,0.1498371335504886,0.48558758314855877,3836,2046,660
954.png,P4,0.14904862579281183,0.15320566194837634,0.4984825493171472,3688,1976,660
954.png,P5,0.14715025906735751,0.14661354581673305,0.4859467455621302,3768,2044,660
956.png,P1,0.3378119001919386,0.34554973821989526,0.6429980276134122,902,522,492
956.png,P2,0.32342007434944237,0.3387096774193548,0.6443349753694582,932,523,492
956.png,P3,0.32989690721649484,0.3387096774193548,0.6443349753694582,927,523,492
956.png,P4,0.31386861313868614,0.3321351545650611,0.6437007874015748,948,524,492
956.png,P5,0.3262279888785913,0.3387096774193548,0.6443349753694582,939,523,492
958.png,P1,0.27960140679953105,0.2856280193236715,0.6182069920387677,4756,3985,1793
958.png,P2,0.27649507948523844,0.2856280193236715,0.6182069920387677,4952,3985,1793
958.png,P3,0.2824167001204336,0.2856280193236715,0.6182069920387677,4596,3985,1793
958.png,P4,0.2775872503530361,0.2986111111111111,0.6329787234042553,4540,3847,1793
958.png,P5,0.2760999254287845,0.2734736355226642,0.6126157010627357,5052,4041,1793
960.png,P1,0.3260684970280215,0.36980883322346736,0.8350253807106599,2616,1871,2069
960.png,P2,0.3227794900532362,0.36980883322346736,0.8350253807106599,2652,1871,2069
960.png,P3,0.3235046335299073,0.36980883322346736,0.8350253807106599,2644,1871,2069
960.png,P4,0.33180839612486546,0.36061709877865866,0.8294280675233057,2880,1900,2069
960.png,P5,0.3238684284509418,0.36980883322346736,0.8350253807106599,2640,1871,2069
963.png,P1,0.0,0.0,0.0,4308,2104,1533
963.png,P2,0.3056755089450956,0.3551861390774994,0.7835841313269494,2700,2122,1533
963.png,P3,0.0,0.0,0.0,4168,1972,1533
963.png,P4,0.24073017683970335,0.2402044293015332,0.5352212389380531,4992,4117,1533
963.png,P5,0.29653679653679654,0.36210790464240905,0.7852015461071231,2660,2089,1533
982.png,P1,0.7754215636177824,0.7298080405650127,0.9423929098966026,3348,3846,3601
982.png,P2,0.757080078125,0.6984402079722704,0.9411607023187241,3596,3860,3601
982.png,P3,0.7682016979675843,0.7085755813953488,0.9451177992646057,3272,3742,3601
982.png,P4,0.7902887139107612,0.7762738853503185,0.9468333562302514,3220,3678,3601
982.png,P5,0.8165113182423436,0.8243352135374697,0.9451028470235663,3220,3740,3601
99.png,P1,0.6071246819338423,0.75,0.8871422813381701,3916,2562,2400
99.png,P2,0.5949874686716792,0.75,0.8920834176958898,3964,2539,2400
99.png,P3,0.5949874686716792,0.75,0.8920834176958898,3964,2539,2400
99.png,P4,0.5969696969696969,0.75,0.8920834176958898,3924,2539,2400
99.png,P5,0.590313812700766,0.75,0.8920834176958898,4036,2539,2400
992.png,P1,0.3113024159955568,0.2434375,0.9134036144578314,3484,1418,1238
992.png,P2,0.3116123642439432,0.2434375,0.9134036144578314,3472,1418,1238
992.png,P3,0.3041140091422425,0.2434375,0.9134036144578314,3612,1418,1238
992.png,P4,0.31738253098875757,0.25608152531229456,0.9137476459510357,3332,1417,1238
992.png,P5,0.3009355509355509,0.22093023255813954,0.9132557266241081,3768,1425,1238
994.png,P1,0.5391930095091236,0.5795387344766411,0.9187354884800857,3404,3014,2585
994.png,P2,0.44587961766985273,0.44026955278742086,0.9113827349121467,3012,2651,2585
994.png,P3,0.49291784702549574,0.5111334002006018,0.9234209055338177,3212,2782,2585
994.png,P4,0.47097928918435183,0.4582232161008335,0.9146757679180887,3168,2689,2585
994.png,P5,0.4960569829559908,0.5284601557819053,0.9302832244008714,3296,2923,2585
