filename,H0,H1,H2,L3,L4,L5,mean,std,range,best,worst,delta_H1_vs_H0,delta_H2_vs_H0,delta_L3_vs_H0,delta_L4_vs_H0,delta_L5_vs_H0,endpoint_dice,endpoint_disagreement,rho_from_h0,rho_to_l5,monotonic_from_h0,monotonic_to_l5,fully_monotonic,max_step_disagreement,max_step_start_alpha,trajectory_deviation,dist_H0_a0.00,dist_H0_a0.25,dist_H0_a0.50,dist_H0_a0.75,dist_H0_a1.00,dist_L5_a0.00,dist_L5_a0.25,dist_L5_a0.50,dist_L5_a0.75,dist_L5_a1.00,step_0.00_0.25,step_0.25_0.50,step_0.50_0.75,step_0.75_1.00,dsc_range,delta_H0_L5,abs_delta_H0_L5,loss_H0_L5,range20,range50,catastrophic_switch,H0L5_loss20,H0L5_loss50,intervention_quintile
7.png,0.8071096748131691,0.7862377850162866,0.7862377850162866,0.8062890546260835,0.0,0.621948437143509,0.6346371227692226,0.2910045729440079,0.8071096748131691,H0,L4,-0.0208718897968824,-0.0208718897968824,-0.0008206201870856,-0.8071096748131691,-0.18516123766966,0.7943850492465696,0.2056149507534304,1.0,-1.0,1,1,1,0.0724125592629036,0.25,0.0091288124461956,0.0,0.0583012605127578,0.1252680068779587,0.1704972209704071,0.2056149507534304,0.2056149507534304,0.1594903047091412,0.0965797101449275,0.0507074641574958,0.0,0.0583012605127578,0.0724125592629036,0.0516489764973464,0.0507074641574958,0.8071096748131691,-0.18516123766966008,0.18516123766966008,0.18516123766966008,1,1,1,0,0,4
13.png,0.9677459295486908,0.9679256965944272,0.9690018598884068,0.9686878727634196,0.9718765555002488,0.9722972548526918,0.9695891948579808,0.0018206136786194,0.0045513253040011,L5,H0,0.0001797670457366,0.001255930339716,0.0009419432147288,0.0041306259515582,0.0045513253040011,0.919630314232902,0.080369685767098,1.0,-1.0,1,1,1,0.0318779271793322,0.75,0.0051604084401726,0.0,0.01617052554208,0.0284289990091222,0.0501529618985816,0.080369685767098,0.080369685767098,0.0683885865788601,0.0529975608712396,0.0318779271793322,0.0,0.01617052554208,0.0162985623779158,0.0229652496766926,0.0318779271793322,0.0045513253040011,0.0045513253040010415,0.0045513253040010415,0.0,0,0,0,0,0,1
16.png,0.6979051819184123,0.6979051819184123,0.718562874251497,0.718562874251497,0.718562874251497,0.6979051819184123,0.7082340280849545,0.0103288461665423,0.0206576923330846,H2,H0,0.0,0.0206576923330846,0.0206576923330846,0.0206576923330846,0.0,0.746809596733027,0.2531904032669729,1.0,-1.0,1,1,1,0.136715098988869,0.5,0.0104797729230577,0.0,0.0792981110365327,0.1546637346527396,0.1815629810739835,0.2531904032669729,0.2531904032669729,0.2003334722801166,0.1902243589743589,0.0785946546117852,0.0,0.0792981110365327,0.0796952039444195,0.136715098988869,0.0785946546117852,0.0206576923330846,0.0,0.0,0.0,0,0,0,0,0,4
25.png,0.6613816534541337,0.6613816534541337,0.6613816534541337,0.6613816534541337,0.6255096097845079,0.6255096097845079,0.6494243055642585,0.0169102435558749,0.0358720436696258,H0,L4,0.0,0.0,0.0,-0.0358720436696258,-0.0358720436696258,0.8867670790747714,0.1132329209252286,1.0,-1.0,1,1,1,0.038288604749192,0.75,0.001067997567415,0.0,0.0298186088999086,0.05453459828833,0.0831769436997319,0.1132329209252286,0.1132329209252286,0.1008196721311475,0.0707583234864808,0.038288604749192,0.0,0.0298186088999086,0.0332187857961053,0.034014547973675,0.038288604749192,0.0358720436696258,-0.03587204366962582,0.03587204366962582,0.03587204366962582,0,0,0,0,0,1
28.png,0.6609185289459792,0.6609185289459792,0.6609185289459792,0.6179391176949374,0.631649381063901,0.6609185289459792,0.6488771024237926,0.0174830255442902,0.0429794112510418,H0,L3,0.0,0.0,-0.0429794112510418,-0.0292691478820782,0.0,0.7668458040512609,0.2331541959487391,1.0,-1.0,1,1,1,0.0658848614072494,0.25,0.0013589956110862,0.0,0.0574791452405439,0.1225002731941864,0.1749280460505277,0.2331541959487391,0.2331541959487391,0.1826350328117112,0.1213973799126637,0.0610346464167061,0.0,0.0574791452405439,0.0658848614072494,0.0607392607392607,0.0610346464167061,0.0429794112510418,0.0,0.0,0.0,0,0,0,0,0,4
32.png,0.6252122241086587,0.634417808219178,0.634417808219178,0.6554694229112834,0.365580182529335,0.404422461448938,0.5532533179060953,0.1198425319991339,0.2898892403819483,L3,L4,0.0092055841105193,0.0092055841105193,0.0302571988026246,-0.2596320415793237,-0.2207897626597207,0.8380628903254081,0.1619371096745918,1.0,-1.0,1,1,1,0.0549215406562054,0.0,0.0104216804522143,0.0,0.0549215406562054,0.0993300627736456,0.1407624633431085,0.1619371096745918,0.1619371096745918,0.1196915640464956,0.0795474950619501,0.0326651818856719,0.0,0.0549215406562054,0.0546983020850616,0.0489120768364261,0.0326651818856719,0.2898892403819483,-0.22078976265972072,0.22078976265972072,0.22078976265972072,1,0,0,1,0,3
41.png,0.9438202247191012,0.943265306122449,0.943265306122449,0.9434578485405184,0.942927028128822,0.9436044135676338,0.9433900212001624,0.0002831695570868,0.0008931965902791,H0,L4,-0.0005549185966521,-0.0005549185966521,-0.0003623761785825,-0.0008931965902791,-0.0002158111514672,0.3834050039093041,0.6165949960906958,1.0,-1.0,1,1,1,0.2374944861049845,0.5,0.0297751270697901,0.0,0.1083126036484245,0.2879381147932385,0.5451263537906137,0.6165949960906958,0.6165949960906958,0.4941623676350801,0.3298517520215633,0.110310021629416,0.0,0.1083126036484245,0.1754075124025513,0.2374944861049845,0.110310021629416,0.0008931965902791,-0.00021581115146740437,0.00021581115146740437,0.00021581115146740437,0,0,0,0,0,5
55.png,0.5589328668270283,0.5957347082259199,0.5413502109704641,0.5413502109704641,0.5390756302521008,0.7088535754824064,0.5808828671213973,0.0604874487736595,0.1697779452303055,L5,L4,0.0368018413988916,-0.0175826558565641,-0.0175826558565641,-0.0198572365749274,0.1499207086553781,0.6835769269897249,0.316423073010275,1.0,-1.0,1,1,1,0.1355655248224843,0.0,0.032190817255297,0.0,0.1355655248224843,0.2265597433841218,0.2734634275852914,0.316423073010275,0.316423073010275,0.2164750957854406,0.1406166932482722,0.0765014631427377,0.0,0.1355655248224843,0.0975244933064094,0.0688778806805944,0.0765014631427377,0.1697779452303055,0.1499207086553781,0.1499207086553781,0.0,0,0,0,0,0,5
56.png,0.9053991693585602,0.9053991693585602,0.9053991693585602,0.9053991693585602,0.899090909090909,0.9016018306636157,0.9037149028647944,0.0024897592599959,0.0063082602676511,H0,L4,0.0,0.0,0.0,-0.0063082602676511,-0.0037973386949446,0.7324478178368121,0.2675521821631879,1.0,-1.0,1,1,1,0.094709226060341,0.75,0.0095416575997,0.0,0.0582874501613821,0.1161649410497336,0.1791675940351658,0.2675521821631879,0.2675521821631879,0.218609594666409,0.1627713241079279,0.094709226060341,0.0,0.0582874501613821,0.060752502588885,0.0701171175778653,0.094709226060341,0.0063082602676511,-0.0037973386949445853,0.0037973386949445853,0.0037973386949445853,0,0,0,0,0,5
66.png,0.9268705427293604,0.9238175472379349,0.9192487139610002,0.9194494314781568,0.9297601566324032,0.8823607603349728,0.9169178587289714,0.0159039881365356,0.0473993962974305,L4,L5,-0.0030529954914257,-0.0076218287683603,-0.0074211112512037,0.0028896139030427,-0.0445097823943877,0.7497299561316492,0.2502700438683508,1.0,-1.0,1,1,1,0.0768980123818833,0.5,0.0064964564422045,0.0,0.0621891725477193,0.1373805805156082,0.2075609181114849,0.2502700438683508,0.2502700438683508,0.1955894060194152,0.1241742014041814,0.0502516755193415,0.0,0.0621891725477193,0.0762410769581798,0.0768980123818833,0.0502516755193415,0.0473993962974305,-0.04450978239438763,0.04450978239438763,0.04450978239438763,0,0,0,0,0,4
67.png,0.9321559336635796,0.9322434932243492,0.9322434932243492,0.931925894011202,0.9327315710294434,0.9317596566523604,0.932176673634214,0.0003038817103573,0.0009719143770828,L4,L5,8.755956076966775e-05,8.755956076966775e-05,-0.0002300396523775,0.0005756373658637,-0.0003962770112191,0.7946599695988368,0.2053400304011632,1.0,-1.0,1,1,1,0.0858771990821222,0.75,0.0109610084878089,0.0,0.0689401537947175,0.1321941216678058,0.1616808125782662,0.2053400304011632,0.2053400304011632,0.1513166688945327,0.1035048165607706,0.0858771990821222,0.0,0.0689401537947175,0.074061268238711,0.0400576368876081,0.0858771990821222,0.0009719143770828,-0.0003962770112192482,0.0003962770112192482,0.0003962770112192482,0,0,0,0,0,4
70.png,0.534348239771646,0.534348239771646,0.5276211950394588,0.514191540010987,0.4533419438165967,0.5673271330367974,0.521863048574522,0.0345588702218138,0.1139851892202006,L5,L4,0.0,-0.0067270447321872,-0.020156699760659,-0.0810062959550493,0.0329788932651513,0.8584117584857778,0.1415882415142222,1.0,-1.0,1,1,1,0.0454640687198826,0.0,0.0059581598175428,0.0,0.0454640687198826,0.0823626857172439,0.1143464069219211,0.1415882415142222,0.1415882415142222,0.0968083978369207,0.0579975899827107,0.0351843112579308,0.0,0.0454640687198826,0.0383597196989359,0.0322481257060696,0.0351843112579308,0.1139851892202006,0.032978893265151354,0.032978893265151354,0.0,0,0,0,0,0,2
86.png,0.9042316258351892,0.898826730147934,0.898826730147934,0.898826730147934,0.867299732164597,0.9286631212176784,0.8994457782768777,0.0178469204055978,0.0613633890530813,L5,L4,-0.0054048956872553,-0.0054048956872553,-0.0054048956872553,-0.0369318936705923,0.024431495382489,0.935700289849838,0.0642997101501621,1.0,-1.0,1,1,1,0.0260384489588254,0.25,0.0055094881852491,0.0,0.0258432043092678,0.0416987528434991,0.0564550489987217,0.0642997101501621,0.0642997101501621,0.0519112001335336,0.0367419540123399,0.021008910900289,0.0,0.0258432043092678,0.0260384489588254,0.0198905790570864,0.021008910900289,0.0613633890530813,0.02443149538248912,0.02443149538248912,0.0,0,0,0,0,0,1
93.png,0.7444201312910285,0.882364303650763,0.7358407079646018,0.7349290780141844,0.7366791952244086,0.7314691522414558,0.7609504280644069,0.054437160968656,0.1508951514093072,H1,L5,0.1379441723597345,-0.0085794233264266,-0.009491053276844,-0.0077409360666198,-0.0129509790495726,0.8005080509689843,0.1994919490310157,1.0,-1.0,1,1,1,0.0644954578008971,0.75,0.0085052506015851,0.0,0.0336689299929758,0.0833521981255942,0.1396905424200277,0.1994919490310157,0.1994919490310157,0.1677922495578067,0.1201187129022181,0.0644954578008971,0.0,0.0336689299929758,0.0511615534669267,0.0573753562724607,0.0644954578008971,0.1508951514093072,-0.012950979049572653,0.012950979049572653,0.012950979049572653,0,0,0,0,0,3
99.png,0.8855640921957137,0.8855640921957137,0.8827641302176952,0.8842359573183007,0.8870090634441088,0.8871422813381701,0.8853799361182837,0.0015263721391958,0.0043781511204749,L5,H2,0.0,-0.0027999619780185,-0.001328134877413,0.001444971248395,0.0015781891424563,0.8377120698012603,0.1622879301987396,1.0,-1.0,1,1,1,0.0584855693702589,0.75,0.0066581173052022,0.0,0.0310677552751563,0.0718260248098422,0.1072475286870995,0.1622879301987396,0.1622879301987396,0.1399333650642551,0.1012559230804619,0.0584855693702589,0.0,0.0310677552751563,0.0457208673443837,0.0456728505508993,0.0584855693702589,0.0043781511204749,0.0015781891424563321,0.0015781891424563321,0.0,0,0,0,0,0,3
100.png,0.8380168247717916,0.8394396551724138,0.8388600107546155,0.8385593979573553,0.8380168247717916,0.8519040902679831,0.8407994672826584,0.0049904465650925,0.0138872654961914,L5,H0,0.0014228304006221,0.0008431859828238,0.0005425731855637,0.0,0.0138872654961914,0.739234543670265,0.260765456329735,1.0,-1.0,1,1,1,0.1555828043854588,0.0,0.0423061028756101,0.0,0.1555828043854588,0.2169054767967769,0.2301904176904177,0.260765456329735,0.260765456329735,0.1201321689874911,0.0693039255362201,0.0426044603947706,0.0,0.1555828043854588,0.0661641160710231,0.0346590629762548,0.0426044603947706,0.0138872654961914,0.013887265496191459,0.013887265496191459,0.0,0,0,0,0,0,5
102.png,0.8697131194012927,0.8555683122847302,0.8446556920936703,0.8446556920936703,0.8567810269399033,0.8694963214487832,0.856811694043675,0.0102015542455661,0.0250574273076223,H0,H2,-0.0141448071165625,-0.0250574273076223,-0.0250574273076223,-0.0129320924613893,-0.0002167979525095,0.6944610678901523,0.3055389321098477,1.0,-1.0,1,1,1,0.0900903997525177,0.25,0.0086479747161396,0.0,0.0877819355281678,0.165467132771266,0.248299203446036,0.3055389321098477,0.3055389321098477,0.2365551962124495,0.1508554690100526,0.0829154906192927,0.0,0.0877819355281678,0.0900903997525177,0.0840321752524387,0.0829154906192927,0.0250574273076223,-0.0002167979525095065,0.0002167979525095065,0.0002167979525095065,0,0,0,0,0,5
108.png,0.9219496654985664,0.9219496654985664,0.9219496654985664,0.9219496654985664,0.9391794550579392,0.9168162009741092,0.9239657196710525,0.0070572806345143,0.0223632540838299,L4,L5,0.0,0.0,0.0,0.0172297895593728,-0.0051334645244571,0.9371412440011292,0.0628587559988708,1.0,-1.0,1,1,1,0.0271071579839051,0.75,0.0020765759834883,0.0,0.0208730695871531,0.0365263852850409,0.047271559043554,0.0628587559988708,0.0628587559988708,0.0453685007571933,0.0335060068334619,0.0271071579839051,0.0,0.0208730695871531,0.0172017109062553,0.0135604152589224,0.0271071579839051,0.0223632540838299,-0.005133464524457176,0.005133464524457176,0.005133464524457176,0,0,0,0,0,1
114.png,0.93631669535284,0.9360481789503872,0.9357798165137616,0.936084838062482,0.935548553423088,0.935548553423088,0.935887772620941,0.0002858710484866,0.0007681419297519,H0,L4,-0.0002685164024527,-0.0005368788390783,-0.0002318572903577,-0.0007681419297519,-0.0007681419297519,0.4943837632659384,0.5056162367340615,1.0,-1.0,1,1,1,0.1726434146607718,0.5,0.0092591998559171,0.0,0.1072229699416779,0.2556499941247895,0.4034852118305355,0.5056162367340615,0.5056162367340615,0.421780530193621,0.3029890688075475,0.1500060195031903,0.0,0.1072229699416779,0.1504501572838702,0.1726434146607718,0.1500060195031903,0.0007681419297519,-0.0007681419297520531,0.0007681419297520531,0.0007681419297520531,0,0,0,0,0,5
117.png,0.5443020719738277,0.5443520915656084,0.5442685329890603,0.5439858810752104,0.5438263229308006,0.544386779568424,0.5441869466838218,0.0002072008050014,0.0005604566376233,L5,L4,5.001959178063675e-05,-3.353898476743389e-05,-0.0003161908986173,-0.0004757490430271,8.470759459622279e-05,0.7912103292627454,0.2087896707372546,1.0,-1.0,1,1,1,0.0870770587864658,0.0,0.0182797373855391,0.0,0.0870770587864658,0.1353602115003305,0.1821459227467811,0.2087896707372546,0.2087896707372546,0.1369951657721442,0.0824155875589979,0.0339054705335249,0.0,0.0870770587864658,0.0595306239267315,0.0546674560884152,0.0339054705335249,0.0005604566376233,8.470759459622279e-05,8.470759459622279e-05,0.0,0,0,0,0,0,4
121.png,0.970888052162733,0.9692279344020638,0.96981409902448,0.9674676524953788,0.9674736647569764,0.4384995877988458,0.8805618317734131,0.1977000198071063,0.5323884643638872,H0,L5,-0.0016601177606692,-0.0010739531382529,-0.003420399667354,-0.0034143874057565,-0.5323884643638872,0.9167508910048406,0.0832491089951593,1.0,-1.0,1,1,1,0.0269695399634588,0.0,0.0028760367959292,0.0,0.0269695399634588,0.0463712406269456,0.0659130668819808,0.0832491089951593,0.0832491089951593,0.0598642032082668,0.0390740392620243,0.0210141251234946,0.0,0.0269695399634588,0.0218121729551087,0.0202206881556775,0.0210141251234946,0.5323884643638872,-0.5323884643638872,0.5323884643638872,0.5323884643638872,1,1,0,1,1,1
122.png,0.96699604743083,0.96699604743083,0.9671046132569396,0.9666403474141334,0.9670048261597556,0.966798418972332,0.9669233834441368,0.0001558646765593,0.0004642658428062,H2,L3,0.0,0.0001085658261096,-0.0003557000166966,8.778728925684653e-06,-0.000197628458498,0.782887152555399,0.217112847444601,1.0,-1.0,1,1,1,0.0817481110225158,0.75,0.0206071185755775,0.0,0.0246478873239436,0.0601260956481624,0.137859695316908,0.217112847444601,0.217112847444601,0.1970772267248981,0.1591667344779884,0.0817481110225158,0.0,0.0246478873239436,0.0392442590824582,0.0784392419175027,0.0817481110225158,0.0004642658428062,-0.00019762845849802257,0.00019762845849802257,0.00019762845849802257,0,0,0,0,0,4
124.png,0.9291000238720458,0.9322467986030268,0.9322467986030268,0.9326328079392878,0.9349516851284468,0.8497854077253219,0.9184939203118594,0.0307744445475632,0.0851662774031249,L4,L5,0.0031467747309809,0.0031467747309809,0.003532784067242,0.005851661256401,-0.0793146161467239,0.7562157439034077,0.2437842560965922,1.0,-1.0,1,1,1,0.1090785489153945,0.25,0.0126929749082969,0.0,0.0561570151786814,0.1582158290593178,0.2051903167574406,0.2437842560965922,0.2437842560965922,0.2062771417291748,0.1142731567959565,0.0571733089718701,0.0,0.0561570151786814,0.1090785489153945,0.0634628324538726,0.0571733089718701,0.0851662774031249,-0.07931461614672397,0.07931461614672397,0.07931461614672397,0,0,0,0,0,4
128.png,0.8786057692307693,0.8263732299089023,0.8329749103942652,0.8714174387392848,0.7742859001886915,0.7817925856405443,0.8275749723504097,0.0397757458546994,0.1043198690420778,H0,L4,-0.052232539321867,-0.045630858836504,-0.0071883304914844,-0.1043198690420778,-0.0968131835902249,0.6655881233346022,0.3344118766653978,1.0,-1.0,1,1,1,0.1788146279949558,0.0,0.0433445483603214,0.0,0.1788146279949558,0.2378177966101694,0.3017081321945785,0.3344118766653978,0.3344118766653978,0.1654933778785348,0.1049398515485027,0.0363736566547258,0.0,0.1788146279949558,0.061623736550375,0.068828918049022,0.0363736566547258,0.1043198690420778,-0.09681318359022495,0.09681318359022495,0.09681318359022495,0,0,0,0,0,5
131.png,0.9487344487344488,0.9487344487344488,0.9487344487344488,0.9490725849683714,0.9532450896669512,0.9487344487344488,0.9495425782621862,0.0016604104780169,0.0045106409325025,L4,H0,0.0,0.0,0.0003381362339226,0.0045106409325025,0.0,0.883150115317924,0.116849884682076,1.0,-1.0,1,1,1,0.045100153810795,0.75,0.001144005833855,0.0,0.0310784297561538,0.0562811049133237,0.0859271803556308,0.116849884682076,0.116849884682076,0.0925626654746759,0.0693662769423777,0.045100153810795,0.0,0.0310784297561538,0.0269597394403423,0.0310659186535764,0.045100153810795,0.0045106409325025,0.0,0.0,0.0,0,0,0,0,0,2
138.png,0.8672821696480092,0.8672821696480092,0.8672821696480092,0.8672821696480092,0.8672821696480092,0.8680445151033387,0.8674092272238975,0.0002841093767424,0.0007623454553294,L5,H0,0.0,0.0,0.0,0.0,0.0007623454553294,0.8372952984680402,0.1627047015319598,1.0,-1.0,1,1,1,0.0810542723536913,0.5,0.0078879687349791,0.0,0.0402847819638089,0.069895096364967,0.1496197220036716,0.1627047015319598,0.1627047015319598,0.1256135499481506,0.1000999571612166,0.0248794899704556,0.0,0.0402847819638089,0.0297130495641662,0.0810542723536913,0.0248794899704556,0.0007623454553294,0.0007623454553294939,0.0007623454553294939,0.0,0,0,0,0,0,3
150.png,0.941820580474934,0.941812904077055,0.941812904077055,0.944418864697757,0.5715277242230277,0.6262036512570258,0.827932771467809,0.1627446867316173,0.3728911404747294,L3,L4,-7.676397879019525e-06,-7.676397879019525e-06,0.002598284222823,-0.3702928562519063,-0.3156169292179082,0.8911174154955906,0.1088825845044093,1.0,-1.0,1,1,1,0.0499327022792965,0.75,0.0030664886705652,0.0,0.0297536525541217,0.0566610455311973,0.0710822547324929,0.1088825845044093,0.1088825845044093,0.0865796997855611,0.069258433907729,0.0499327022792965,0.0,0.0297536525541217,0.0322442604360571,0.019792768027067,0.0499327022792965,0.3728911404747294,-0.3156169292179082,0.3156169292179082,0.3156169292179082,1,0,0,1,0,1
152.png,0.9697135809236672,0.9697135809236672,0.9697135809236672,0.9698464912280702,0.9685706477179558,0.9690326116744312,0.9694317488985764,0.000467458525422,0.0012758435101144,L3,L4,0.0,0.0,0.0001329103044029,-0.0011429332057114,-0.0006809692492358,0.478744301545532,0.521255698454468,1.0,-1.0,1,1,1,0.2418644018328809,0.75,0.0256918101381618,0.0,0.1148816031664752,0.1998159062903632,0.3387269875340543,0.521255698454468,0.521255698454468,0.4627352845174627,0.3945195469492144,0.2418644018328809,0.0,0.1148816031664752,0.0891322662173547,0.1689957614671199,0.2418644018328809,0.0012758435101144,-0.0006809692492359964,0.0006809692492359964,0.0006809692492359964,0,0,0,0,0,5
156.png,0.9628012227559648,0.9628012227559648,0.9653318575325136,0.9653373384451208,0.9611859408623576,0.9627864490249812,0.9633740052294838,0.0014987144740399,0.0041513975827631,L3,L4,0.0,0.0025306347765488,0.0025361156891557,-0.0016152818936073,-1.4773730983796972e-05,0.810846583292325,0.189153416707675,1.0,-1.0,1,1,1,0.0905238547526849,0.75,0.0246702831235392,0.0,0.0814736225945709,0.1506287379236313,0.1749791801610067,0.189153416707675,0.189153416707675,0.1528502555027897,0.1367031637071916,0.0905238547526849,0.0,0.0814736225945709,0.0712493315233041,0.0605814316974054,0.0905238547526849,0.0041513975827631,-1.4773730983574929e-05,1.4773730983574929e-05,1.4773730983574929e-05,0,0,0,0,0,3
167.png,0.9538371067333136,0.953930601842776,0.9541446208112876,0.9543495297805644,0.953912531868994,0.9541446208112876,0.9540531686413704,0.0001760875698644,0.0005124230472506,L3,H0,9.349510946221606e-05,0.0003075140779738,0.0005124230472506,7.542513568026266e-05,0.0003075140779738,0.6708111221039263,0.3291888778960736,1.0,-1.0,1,1,1,0.1301877860186208,0.0,0.0343690715796137,0.0,0.1301877860186208,0.2391462216463284,0.2962946670772298,0.3291888778960736,0.3291888778960736,0.213198226298663,0.1124943921040825,0.0460498192981774,0.0,0.1301877860186208,0.1134440867694398,0.0694408418868344,0.0460498192981774,0.0005124230472506,0.00030751407797402486,0.00030751407797402486,0.0,0,0,0,0,0,5
169.png,0.9461167470480624,0.9461167470480624,0.9461167470480624,0.9461167470480624,0.9457028647568289,0.946029106029106,0.9460331598296974,0.000151139318046,0.0004138822912337,H0,L4,0.0,0.0,0.0,-0.0004138822912337,-8.764101895641918e-05,0.8566267084920457,0.1433732915079543,1.0,-1.0,1,1,1,0.065610445892136,0.75,0.004220276502337,0.0,0.0358805597010165,0.0672841597951729,0.0908683089021124,0.1433732915079543,0.1433732915079543,0.1330772676067807,0.1185079445548781,0.065610445892136,0.0,0.0358805597010165,0.0342900375848098,0.0536173430804134,0.065610445892136,0.0004138822912337,-8.764101895641918e-05,8.764101895641918e-05,8.764101895641918e-05,0,0,0,0,0,2
174.png,0.9328880075148732,0.9328880075148732,0.9328880075148732,0.9331107168945006,0.9315068493150684,0.9292971614119618,0.9320964583610252,0.0013596612812087,0.0038135554825388,L3,L5,0.0,0.0,0.0002227093796274,-0.0013811581998047,-0.0035908461029113,0.9401404330017554,0.0598595669982445,1.0,-1.0,1,1,1,0.0325266568596344,0.25,0.0022102195648709,0.0,0.0111432571161922,0.0355118966296891,0.0465420253091022,0.0598595669982445,0.0598595669982445,0.0560569145307474,0.0276768916566898,0.0157074425528898,0.0,0.0111432571161922,0.0325266568596344,0.0132214899141202,0.0157074425528898,0.0038135554825388,-0.0035908461029113825,0.0035908461029113825,0.0035908461029113825,0,0,0,0,0,1
183.png,0.94798083504449,0.9470608456514266,0.9479291974566076,0.9462624870823286,0.9472780353769534,0.9470061940812112,0.9472529324488362,0.0005868795859358,0.0017183479621614,H0,L3,-0.0009199893930634,-5.163758788240269e-05,-0.0017183479621614,-0.0007027996675366,-0.0009746409632787,0.7529572156060789,0.2470427843939211,1.0,-1.0,1,1,1,0.0972329306947656,0.0,0.0186668975510709,0.0,0.0972329306947656,0.1596631507315413,0.2070025829199294,0.2470427843939211,0.2470427843939211,0.1592664474987127,0.0959745012395231,0.0437395405446523,0.0,0.0972329306947656,0.0694374475230898,0.0541725316710235,0.0437395405446523,0.0017183479621614,-0.0009746409632788167,0.0009746409632788167,0.0009746409632788167,0,0,0,0,0,4
198.png,0.8835199371439796,0.8840408805031447,0.8840408805031447,0.8835199371439796,0.8838671644723914,0.7949828962371722,0.8689952826673021,0.0331000438502151,0.0890579842659724,H1,L5,0.000520943359165,0.000520943359165,0.0,0.0003472273284118,-0.0885370409068073,0.8735240094463396,0.1264759905536604,1.0,-1.0,1,1,1,0.0441077892478884,0.5,0.0057221672244448,0.0,0.0288295469642619,0.0498991257565568,0.0823744769874477,0.1264759905536604,0.1264759905536604,0.1069767441860465,0.0859679806269339,0.0436829714883599,0.0,0.0288295469642619,0.0226219678386481,0.0441077892478884,0.0436829714883599,0.0890579842659724,-0.08853704090680736,0.08853704090680736,0.08853704090680736,0,0,0,0,0,2
211.png,0.6017280850749576,0.6273865414710486,0.6101951293299047,0.6241276171485544,0.584055705556345,0.4667649727767695,0.5857096752262633,0.0551053600156708,0.160621568694279,H1,L5,0.0256584563960909,0.0084670442549471,0.0223995320735967,-0.0176723795186125,-0.134963112298188,0.8559295323723106,0.1440704676276893,1.0,-1.0,1,1,1,0.0458828139641864,0.25,0.0043447533824602,0.0,0.0380171950564213,0.0804359107420861,0.119376362555328,0.1440704676276893,0.1440704676276893,0.1118013470855349,0.0685581583198707,0.0303976093633269,0.0,0.0380171950564213,0.0458828139641864,0.0427046859555362,0.0303976093633269,0.160621568694279,-0.13496311229818808,0.13496311229818808,0.13496311229818808,0,0,0,0,0,2
217.png,0.9276214042684812,0.9276214042684812,0.9276214042684812,0.9322908522283032,0.7299375300336377,0.9305663910126384,0.8959431643466708,0.0742611669676771,0.2023533221946656,L3,L4,0.0,0.0,0.004669447959822,-0.1976838742348435,0.0029449867441572,0.904124791910722,0.0958752080892779,1.0,-1.0,1,1,1,0.0389547102001035,0.25,0.001968957614038,0.0,0.0221092905750751,0.0555320307301433,0.0722972560044001,0.0958752080892779,0.0958752080892779,0.0851625322114937,0.0547821603506057,0.0330987750847016,0.0,0.0221092905750751,0.0389547102001035,0.0253512132822477,0.0330987750847016,0.2023533221946656,0.0029449867441572186,0.0029449867441572186,0.0,1,0,0,0,0,1
223.png,0.981256298286866,0.9813222252082774,0.9522204213938412,0.9475585370573436,0.949034300109812,0.9527579493835172,0.9606916219066096,0.0146719867671853,0.0337636881509336,H1,L3,6.592692141138556e-05,-0.0290358768930247,-0.0336977612295222,-0.0322219981770539,-0.0284983489033487,0.9052002920926352,0.0947997079073649,1.0,-1.0,1,1,1,0.0333025348491543,0.0,0.0055710729261038,0.0,0.0333025348491543,0.059720457433291,0.077031934209121,0.0947997079073649,0.0947997079073649,0.0752745566394,0.0550122578733263,0.0309722739609387,0.0,0.0333025348491543,0.029420315939581,0.0263339498164352,0.0309722739609387,0.0337636881509336,-0.02849834890334879,0.02849834890334879,0.02849834890334879,0,0,0,0,0,1
228.png,0.7340964533683618,0.7340964533683618,0.7339241938525363,0.737339380196523,0.7410207939508506,0.7326062429484769,0.735513919614185,0.0028477536177118,0.0084145510023737,L4,L5,0.0,-0.0001722595158255,0.0032429268281611,0.0069243405824888,-0.0014902104198849,0.7696851811829118,0.2303148188170881,1.0,-1.0,1,1,1,0.0793741516039151,0.25,0.0084561397496117,0.0,0.0633363810157093,0.1384429907793977,0.1859735551785838,0.2303148188170881,0.2303148188170881,0.1738537188167752,0.1021120811039143,0.0488267361934107,0.0,0.0633363810157093,0.0793741516039151,0.0551761517615175,0.0488267361934107,0.0084145510023737,-0.001490210419884952,0.001490210419884952,0.001490210419884952,0,0,0,0,0,4
233.png,0.9362225295835256,0.936572614745906,0.9368607244482042,0.936673839532739,0.9366641045349732,0.9362519201228878,0.936540955494706,0.0002313060211652,0.0006381948646787,H2,H0,0.0003500851623805,0.0006381948646787,0.0004513099492134,0.0004415749514475,2.9390539362350587e-05,0.880050670071481,0.119949329928519,1.0,-1.0,1,1,1,0.0524437018190103,0.0,0.0061823003576177,0.0,0.0524437018190103,0.0668922686458113,0.0914995262160455,0.119949329928519,0.119949329928519,0.0992999990371376,0.0650166271710404,0.030219257389545,0.0,0.0524437018190103,0.0355324330307726,0.0370923860980189,0.030219257389545,0.0006381948646787,2.9390539362239565e-05,2.9390539362239565e-05,0.0,0,0,0,0,0,2
234.png,0.9267320662170448,0.9296598430044636,0.9217775072287324,0.9220462850182704,0.9287525939589578,0.9305480613582056,0.9265860594642792,0.0035022021779276,0.0087705541294732,L5,H2,0.0029277767874188,-0.0049545589883124,-0.0046857811987743,0.002020527741913,0.0038159951411608,0.9222441369977398,0.0777558630022602,1.0,-1.0,1,1,1,0.0400433226029663,0.25,0.0036816418981191,0.0,0.0205312142481679,0.0458410131399013,0.0686697766059166,0.0777558630022602,0.0777558630022602,0.074960313414794,0.0371472276407931,0.0118481789417452,0.0,0.0205312142481679,0.0400433226029663,0.0267713422382875,0.0118481789417452,0.0087705541294732,0.0038159951411607107,0.0038159951411607107,0.0,0,0,0,0,0,1
238.png,0.294314381270903,0.294314381270903,0.5225669957686883,0.0709219858156028,0.1565973900434992,0.1328806983511154,0.2452659720867853,0.1486583013519882,0.4516450099530854,H2,L3,0.0,0.2282526144977852,-0.2233923954553002,-0.1377169912274037,-0.1614336829197876,0.8355033795802206,0.1644966204197794,1.0,-1.0,1,1,1,0.0533322767255725,0.75,0.0016622631020291,0.0,0.0457025133910177,0.0824006077487972,0.126953125,0.1644966204197794,0.1644966204197794,0.1285892170163733,0.0976760173391639,0.0533322767255725,0.0,0.0457025133910177,0.037731864418711,0.0493354022171954,0.0533322767255725,0.4516450099530854,-0.16143368291978757,0.16143368291978757,0.16143368291978757,1,0,0,0,0,3
246.png,0.8558172733761599,0.8558172733761599,0.8558172733761599,0.8558172733761599,0.8558172733761599,0.8558172733761599,0.8558172733761599,0.0,0.0,H0,H0,0.0,0.0,0.0,0.0,0.0,0.7102628285356696,0.2897371714643304,1.0,-1.0,1,1,1,0.0843853820598006,0.0,0.0109934614165926,0.0,0.0843853820598006,0.1628368794326241,0.2423508027870342,0.2897371714643304,0.2897371714643304,0.210662973861866,0.1327800829875518,0.0543881334981458,0.0,0.0843853820598006,0.0797202797202797,0.0834542815674891,0.0543881334981458,0.0,0.0,0.0,0.0,0,0,0,0,0,5
256.png,0.9448111220334224,0.9456842105263158,0.9456842105263158,0.9455667789001122,0.9446939921392477,0.9448111220334224,0.9452085726931392,0.0004399813601494,0.0009902183870681,H1,L4,0.0008730884928934,0.0008730884928934,0.0007556568666898,-0.0001171298941746,0.0,0.8499747170251662,0.1500252829748337,1.0,-1.0,1,1,1,0.057831129856436,0.5,0.006289663903446,0.0,0.0235615257524602,0.0635446524959981,0.1185544977656887,0.1500252829748337,0.1500252829748337,0.1379485377376909,0.0958103280285807,0.0428863172226003,0.0,0.0235615257524602,0.0453203810947132,0.057831129856436,0.0428863172226003,0.0009902183870681,0.0,0.0,0.0,0,0,0,0,0,2
262.png,0.905880717364104,0.9054767862107312,0.9054505005561736,0.9060066740823136,0.9047420386594354,0.9072423398328692,0.9057998427842712,0.0007610817660065,0.0025003011734336,L5,L4,-0.0004039311533728,-0.0004302168079305,0.0001259567182096,-0.0011386787046686,0.001361622468765,0.6624553039332539,0.3375446960667461,1.0,-1.0,1,1,1,0.2582879546939665,0.0,0.0680740738809466,0.0,0.2582879546939665,0.2886822484711401,0.2997172103397458,0.3375446960667461,0.3375446960667461,0.1720553072044911,0.1498522299838796,0.0915540649488858,0.0,0.2582879546939665,0.0516309277602409,0.0649210783158886,0.0915540649488858,0.0025003011734336,0.0013616224687651446,0.0013616224687651446,0.0,0,0,0,0,0,5
263.png,0.8875536480686695,0.8879347359381708,0.8879347359381708,0.8876476906552094,0.8882201203783319,0.8880292284547604,0.8878866932388855,0.0002251471620226,0.0006664723096623,L4,H0,0.0003810878695013,0.0003810878695013,9.404258653988862e-05,0.0006664723096623,0.0004755803860908,0.7943035048241422,0.2056964951758577,0.8999999999999998,-0.8999999999999998,0,0,0,0.1576707656685128,0.5,0.0164435326649282,0.0,0.0695843296379489,0.068334785018608,0.1838163662932294,0.2056964951758577,0.2056964951758577,0.25556062507129,0.1726039553752535,0.0323992003922604,0.0,0.0695843296379489,0.0870810090339142,0.1576707656685128,0.0323992003922604,0.0006664723096623,0.00047558038609085695,0.00047558038609085695,0.0,0,0,0,0,0,4
284.png,0.9054054054054054,0.9054054054054054,0.9054054054054054,0.9054054054054054,0.9029741589468552,0.9079008882655446,0.9054161114723368,0.0014223048388822,0.0049267293186894,L5,L4,0.0,0.0,0.0,-0.0024312464585501,0.0024954828601392,0.778896496173983,0.2211035038260169,1.0,-1.0,1,1,1,0.0710892842766283,0.5,0.0109886965830191,0.0,0.0277114190157667,0.0902612826603325,0.1587390711478302,0.2211035038260169,0.2211035038260169,0.1962267219647068,0.1333171638774355,0.065705390791414,0.0,0.0277114190157667,0.0632992327365729,0.0710892842766283,0.065705390791414,0.0049267293186894,0.002495482860139231,0.002495482860139231,0.0,0,0,0,0,0,4
296.png,0.562823994075537,0.6036487211590056,0.6036487211590056,0.5654781739420194,0.937384110683212,0.605989324165385,0.6464955075306941,0.1313350391462642,0.3745601166076752,L4,H0,0.0408247270834686,0.0408247270834686,0.0026541798664824,0.3745601166076752,0.043165330089848,0.8956051884750437,0.1043948115249563,1.0,-1.0,1,1,1,0.0400907325623356,0.75,0.0054486285270394,0.0,0.0273325082385219,0.036485167104769,0.0679990100235119,0.1043948115249563,0.1043948115249563,0.0813753959873284,0.070525615435795,0.0400907325623356,0.0,0.0273325082385219,0.0150584750208287,0.0322601323739162,0.0400907325623356,0.3745601166076752,0.04316533008984802,0.04316533008984802,0.0,1,0,0,0,0,1
304.png,0.7477495769881557,0.7543765149474818,0.7374812389139037,0.7280351986800495,0.7909619277737869,0.7121591541457986,0.7451272685748626,0.0245992487542156,0.0788027736279883,L4,L5,0.0066269379593261,-0.0102683380742519,-0.0197143783081061,0.0432123507856312,-0.0355904228423571,0.870018642098722,0.1299813579012779,1.0,-1.0,1,1,1,0.0566709156575313,0.75,0.0066177160065835,0.0,0.0215219501056116,0.0485370444305024,0.0918244622828853,0.1299813579012779,0.1299813579012779,0.1212605246771529,0.0997863074467797,0.0566709156575313,0.0,0.0215219501056116,0.0308659617033437,0.051387605365594,0.0566709156575313,0.0788027736279883,-0.03559042284235714,0.03559042284235714,0.03559042284235714,0,0,0,0,0,2
311.png,0.7824158622488913,0.7828243278517358,0.7828243278517358,0.7824158622488913,0.7848383500557413,0.7827732463295269,0.7830153294310871,0.0008340357144296,0.00242248780685,L4,H0,0.0004084656028445,0.0004084656028445,0.0,0.00242248780685,0.0003573840806356,0.9088156992636518,0.0911843007363482,1.0,-1.0,1,1,1,0.0327847267939434,0.75,0.0057462585456258,0.0,0.014420010767383,0.0329476120345044,0.0606775355745056,0.0911843007363482,0.0911843007363482,0.0785469179497314,0.06087083683691,0.0327847267939434,0.0,0.014420010767383,0.019552598526766,0.0284109035482613,0.0327847267939434,0.00242248780685,0.00035738408063568095,0.00035738408063568095,0.0,0,0,0,0,0,1
321.png,0.8483729517655204,0.901569897832046,0.901569897832046,0.901569897832046,0.8396247998169756,0.8304701627486437,0.8705296013045464,0.0314676620165867,0.0710997350834021,H1,L5,0.0531969460665254,0.0531969460665254,0.0531969460665254,-0.0087481519485448,-0.0179027890168766,0.7767873552655762,0.2232126447344238,1.0,-1.0,1,1,1,0.1210546330333375,0.0,0.0311350001710717,0.0,0.1210546330333375,0.175594842483052,0.1938444924406047,0.2232126447344238,0.2232126447344238,0.1219641250859834,0.0756699061850457,0.042506874427131,0.0,0.1210546330333375,0.0573487616727568,0.0388259131482394,0.042506874427131,0.0710997350834021,-0.017902789016876697,0.017902789016876697,0.017902789016876697,0,0,0,0,0,4
323.png,0.912258338644572,0.9132750905604092,0.912258338644572,0.9118708855383308,0.91190829972405,0.9118708855383308,0.9122403064417108,0.0004923752906862,0.0014042050220782,H1,L3,0.0010167519158371,0.0,-0.0003874531062411,-0.0003500389205218,-0.0003874531062411,0.8994070080862534,0.1005929919137466,1.0,-1.0,1,1,1,0.0340774716021069,0.75,0.0035411538585385,0.0,0.0323891208667193,0.0596415557373392,0.0765645805592543,0.1005929919137466,0.1005929919137466,0.0807168354338165,0.053844768593553,0.0340774716021069,0.0,0.0323891208667193,0.0324623911322248,0.0233540925266904,0.0340774716021069,0.0014042050220782,-0.00038745310624110907,0.00038745310624110907,0.00038745310624110907,0,0,0,0,0,1
324.png,0.9119850187265918,0.7007718542451984,0.7215236686390533,0.9126259077067228,0.5737777125238585,0.918791312559018,0.7899125790667405,0.132857920303164,0.3450136000351594,L5,L4,-0.2112131644813933,-0.1904613500875385,0.0006408889801311,-0.3382073062027333,0.0068062938324261,0.9057321521625846,0.0942678478374153,1.0,-1.0,1,1,1,0.0328601472134595,0.25,0.0036434256221805,0.0,0.0289737056397594,0.0551715210355987,0.0754736731916675,0.0942678478374153,0.0942678478374153,0.0689244609075274,0.0455529190894631,0.0212979071116031,0.0,0.0289737056397594,0.0328601472134595,0.0253254065945578,0.0212979071116031,0.3450136000351594,0.006806293832426258,0.006806293832426258,0.0,1,0,0,0,0,1
332.png,0.0,0.0,0.5305059523809523,0.0090197009257061,0.0,0.0031609844208624,0.0904477729545868,0.1968261138434347,0.5305059523809523,H2,H0,0.0,0.5305059523809523,0.0090197009257061,0.0,0.0031609844208624,0.9487130600571974,0.0512869399428026,1.0,-1.0,1,1,1,0.0194931773879142,0.5,0.0024704254551418,0.0,0.0169111464075493,0.0277097078228086,0.0446616829595553,0.0512869399428026,0.0512869399428026,0.037371505427995,0.0267545560294687,0.0145956607495069,0.0,0.0169111464075493,0.0107322632728654,0.0194931773879142,0.0145956607495069,0.5305059523809523,0.0031609844208624,0.0031609844208624,0.0,1,1,0,0,0,1
333.png,0.8173710740597131,0.823943661971831,0.823943661971831,0.823943661971831,0.8195956454121306,0.8626144879267277,0.8285686988856774,0.0154336814638914,0.0452434138670145,L5,H0,0.0065725879121179,0.0065725879121179,0.0065725879121179,0.0022245713524174,0.0452434138670145,0.8212172134141886,0.1787827865858113,1.0,-1.0,1,1,1,0.0567965235953342,0.25,0.0036407659901213,0.0,0.032764257173992,0.0889221556886227,0.1282839370654958,0.1787827865858113,0.1787827865858113,0.1505504314192204,0.1042257841859037,0.0563549160671462,0.0,0.032764257173992,0.0567965235953342,0.0475531996619804,0.0563549160671462,0.0452434138670145,0.04524341386701458,0.04524341386701458,0.0,0,0,0,0,0,3
350.png,0.9490445859872612,0.9490445859872612,0.9497179298503802,0.9497179298503802,0.9497179298503802,0.9428362928727804,0.9483465423997406,0.0024825890440169,0.0068816369775998,H2,L5,0.0,0.000673343863119,0.000673343863119,0.000673343863119,-0.0062082931144807,0.7252712690674634,0.2747287309325366,1.0,-1.0,1,1,1,0.1002131015968782,0.75,0.0111517567321586,0.0,0.0498708101794499,0.1219256247130583,0.1845378778455031,0.2747287309325366,0.2747287309325366,0.2294135898231462,0.1594673783760262,0.1002131015968782,0.0,0.0498708101794499,0.0817032558440298,0.0707395498392282,0.1002131015968782,0.0068816369775998,-0.00620829311448079,0.00620829311448079,0.00620829311448079,0,0,0,0,0,5
351.png,0.9408515535097812,0.9408515535097812,0.9408515535097812,0.9406623735050598,0.9400137899333486,0.9400137899333486,0.9405407689835168,0.0003785856493997,0.0008377635764327,H0,L4,0.0,0.0,-0.0001891800047215,-0.0008377635764327,-0.0008377635764327,0.9060449859418932,0.0939550140581068,1.0,-1.0,1,1,1,0.0382003395585738,0.0,0.007534335667822,0.0,0.0382003395585738,0.0611624371418547,0.079241422725842,0.0939550140581068,0.0939550140581068,0.059171118666019,0.0361219063203108,0.0221414408460013,0.0,0.0382003395585738,0.0237142972568981,0.0229662309817342,0.0221414408460013,0.0008377635764327,-0.0008377635764326152,0.0008377635764326152,0.0008377635764326152,0,0,0,0,0,1
354.png,0.8311855670103093,0.8311855670103093,0.8311855670103093,0.837143785892296,0.842174197773412,0.8440748440748441,0.8361582547952465,0.0053854448702191,0.0128892770645347,L5,H0,0.0,0.0,0.0059582188819866,0.0109886307631026,0.0128892770645347,0.8796928882816059,0.1203071117183941,1.0,-1.0,1,1,1,0.0739252711932503,0.0,0.0172678484089371,0.0,0.0739252711932503,0.0907859078590785,0.1020887305699481,0.1203071117183941,0.1203071117183941,0.095906263561406,0.090234655190081,0.0706595306024698,0.0,0.0739252711932503,0.0229473202714035,0.030213452088452,0.0706595306024698,0.0128892770645347,0.012889277064534799,0.012889277064534799,0.0,0,0,0,0,0,2
404.png,0.9531234580084872,0.9493720565149136,0.9493720565149136,0.9505905511811024,0.9452988125365,0.9547031420358808,0.9504100127986328,0.0030029266911795,0.0094043294993807,L5,L4,-0.0037514014935734,-0.0037514014935734,-0.0025329068273847,-0.0078246454719871,0.0015796840273936,0.8256689525346241,0.1743310474653758,1.0,-1.0,1,1,1,0.0605183249770496,0.5,0.0051368009302892,0.0,0.0305833025033912,0.0764439592898192,0.1327112664446569,0.1743310474653758,0.1743310474653758,0.1510161901481226,0.1043581702173678,0.0449801285146529,0.0,0.0305833025033912,0.0495908508330869,0.0605183249770496,0.0449801285146529,0.0094043294993807,0.001579684027393613,0.001579684027393613,0.0,0,0,0,0,0,3
415.png,0.7874186550976139,0.795068493150685,0.7880597014925373,0.5746401104318675,0.6114333057166529,0.5601071975497703,0.6861212439065212,0.10520455382884,0.2349612956009146,H1,L5,0.007649838053071,0.0006410463949234,-0.2127785446657464,-0.175985349380961,-0.2273114575478435,0.8874834311683393,0.1125165688316607,1.0,-1.0,1,1,1,0.0488871534556814,0.75,0.0023249675262222,0.0,0.0316613577925317,0.062798926779951,0.0828354469413714,0.1125165688316607,0.1125165688316607,0.1010729280049759,0.0808383233532934,0.0488871534556814,0.0,0.0316613577925317,0.0370666240613516,0.0345879142925928,0.0488871534556814,0.2349612956009146,-0.22731145754784354,0.22731145754784354,0.22731145754784354,1,0,0,1,0,1
429.png,0.9176262178919398,0.9174352705856206,0.9174352705856206,0.917613323039594,0.8405906853464596,0.9189965742070948,0.9049495569427216,0.0287872594564922,0.078405888860635,L5,L4,-0.0001909473063191,-0.0001909473063191,-1.2894852345679553e-05,-0.0770355325454801,0.0013703563151549,0.7768388843121101,0.2231611156878898,1.0,-1.0,1,1,1,0.0717262124910619,0.25,0.0066889757026273,0.0,0.0596124791263551,0.1283687943262411,0.1802052785923753,0.2231611156878898,0.2231611156878898,0.170331940682246,0.1086395233366435,0.0549032189070687,0.0,0.0596124791263551,0.0717262124910619,0.0575999999999999,0.0549032189070687,0.078405888860635,0.0013703563151550302,0.0013703563151550302,0.0,0,0,0,0,0,4
442.png,0.906338867993762,0.9060033045713236,0.9065223374002384,0.9065223374002384,0.907291382911105,0.9057990993474864,0.9064128882706924,0.0004735830985839,0.0014922835636185,L4,L5,-0.0003355634224383,0.0001834694064763,0.0001834694064763,0.0009525149173429,-0.0005397686462755,0.8896375464684015,0.1103624535315984,1.0,-1.0,1,1,1,0.0451839266227397,0.0,0.0088521297924488,0.0,0.0451839266227397,0.069590889919865,0.0950295127170369,0.1103624535315984,0.1103624535315984,0.0695831110433655,0.045600074601349,0.0223254777779545,0.0,0.0451839266227397,0.0296002711025327,0.027599870985578,0.0223254777779545,0.0014922835636185,-0.0005397686462755846,0.0005397686462755846,0.0005397686462755846,0,0,0,0,0,1
443.png,0.9545009252204202,0.9540824663652704,0.9540824663652704,0.9545009252204202,0.9540946290173974,0.5037795275590551,0.8791734899579723,0.1678813859955575,0.4507213976613651,H0,L5,-0.0004184588551497,-0.0004184588551497,0.0,-0.0004062962030227,-0.4507213976613651,0.8845805079645308,0.1154194920354692,1.0,-1.0,1,1,1,0.0357232929537818,0.5,0.002136764598436,0.0,0.0236469683953519,0.0524388085656466,0.0863596381000251,0.1154194920354692,0.1154194920354692,0.0934157550124039,0.0651226248710525,0.031240697110682,0.0,0.0236469683953519,0.0293785222657864,0.0357232929537818,0.031240697110682,0.4507213976613651,-0.4507213976613651,0.4507213976613651,0.4507213976613651,1,0,0,1,0,1
445.png,0.8194720785250034,0.8194720785250034,0.8194720785250034,0.8191891712560547,0.8235760539183296,0.8222766055956082,0.8205763443908337,0.0017064389835256,0.0043868826622748,L4,L3,0.0,0.0,-0.0002829072689486,0.0041039753933261,0.0028045270706048,0.924077356424354,0.075922643575646,1.0,-1.0,1,1,1,0.0264653390944955,0.75,0.0019420937443775,0.0,0.0172239108409321,0.0359891824422716,0.0509604033583777,0.075922643575646,0.075922643575646,0.0609000423791906,0.0421140900514779,0.0264653390944955,0.0,0.0172239108409321,0.0198416663890832,0.0184932441654155,0.0264653390944955,0.0043868826622748,0.0028045270706048564,0.0028045270706048564,0.0,0,0,0,0,0,1
452.png,0.9241001564945228,0.9168148587235724,0.918503937007874,0.918503937007874,0.918503937007874,0.9168148587235724,0.9188736141608818,0.0024564091766577,0.0072852977709503,H0,H1,-0.0072852977709503,-0.0055962194866486,-0.0055962194866486,-0.0055962194866486,-0.0072852977709503,0.7792720917863384,0.2207279082136616,1.0,-1.0,1,1,1,0.1408173313638602,0.5,0.0170404577083001,0.0,0.0686047328137069,0.1705337315261506,0.1771556865221356,0.2207279082136616,0.2207279082136616,0.1793743890518083,0.1105101856859563,0.1077473958333333,0.0,0.0686047328137069,0.1057992442911122,0.1408173313638602,0.1077473958333333,0.0072852977709503,-0.0072852977709504385,0.0072852977709504385,0.0072852977709504385,0,0,0,0,0,4
457.png,0.5515817140711536,0.4912651607878046,0.0039342038324571,0.4697208494724189,0.9835164835164836,0.8287831513260531,0.5548002605010619,0.3091933620591711,0.9795822796840264,L4,H2,-0.060316553283349,-0.5476475102386965,-0.0818608645987347,0.4319347694453298,0.2772014372548994,0.7905678940662247,0.2094321059337752,1.0,-1.0,1,1,1,0.0881112737920937,0.25,0.009368481913393,0.0,0.0674700940959956,0.1234526597524255,0.1700678146192068,0.2094321059337752,0.2094321059337752,0.1842647537300714,0.0967372820749169,0.0470382420744567,0.0,0.0674700940959956,0.0881112737920937,0.0538200862600123,0.0470382420744567,0.9795822796840264,0.27720143725489943,0.27720143725489943,0.0,1,1,1,0,0,4
472.png,0.9322813938198552,0.9317832858082912,0.9325744308231172,0.9322813938198552,0.9301615015277171,0.9269031141868512,0.9309975199976148,0.0019943179898948,0.005671316636266,H2,L5,-0.000498108011564,0.0002930370032619,0.0,-0.0021198922921381,-0.005378279633004,0.8776533333333333,0.1223466666666667,1.0,-1.0,1,1,1,0.0392050977427368,0.25,0.0030650789361524,0.0,0.0222610213880402,0.0607001391713949,0.0982865552401975,0.1223466666666667,0.1223466666666667,0.1014742279134832,0.0625131995776134,0.0244762497407177,0.0,0.0222610213880402,0.0392050977427368,0.038301415487094,0.0244762497407177,0.005671316636266,-0.005378279633003968,0.005378279633003968,0.005378279633003968,0,0,0,0,0,2
473.png,0.930304594734125,0.9291784702549576,0.9289392378990732,0.9289392378990732,0.9284611425630468,0.9277449215736692,0.9289279341539908,0.0007719705731291,0.0025596731604556,H0,L5,-0.0011261244791674,-0.0013653568350519,-0.0013653568350519,-0.0018434521710781,-0.0025596731604556,0.7345818079414249,0.2654181920585751,1.0,-1.0,1,1,1,0.0753959564995255,0.75,0.0089702963281644,0.0,0.046564595723143,0.1173538740371544,0.189357336686743,0.2654181920585751,0.2654181920585751,0.2201694679816641,0.1464995370700093,0.0753959564995255,0.0,0.046564595723143,0.0739627948603208,0.0717248762210625,0.0753959564995255,0.0025596731604556,-0.0025596731604558,0.0025596731604558,0.0025596731604558,0,0,0,0,0,5
475.png,0.9313998884551032,0.9313998884551032,0.9313998884551032,0.9316215461903432,0.9313998884551032,0.9313998884551032,0.9314368314109766,8.26069606226186e-05,0.0002216577352401,L3,H0,0.0,0.0,0.0002216577352401,0.0,0.0,0.648089580306009,0.3519104196939909,1.0,-1.0,1,1,1,0.1033919351676361,0.5,0.0062221811876422,0.0,0.0973820483314154,0.1860787433909964,0.2755157437567861,0.3519104196939909,0.3519104196939909,0.2789395425353538,0.1926955195952735,0.0944384186707558,0.0,0.0973820483314154,0.0985510514743192,0.1033919351676361,0.0944384186707558,0.0002216577352401,0.0,0.0,0.0,0,0,0,0,0,5
482.png,0.8466974721391682,0.8459444746869896,0.8459444746869896,0.8459444746869896,0.8721684991389588,0.8458089933432957,0.8504180647803986,0.0097314504646178,0.026359505795663,L4,L5,-0.0007529974521786,-0.0007529974521786,-0.0007529974521786,0.0254710269997905,-0.0008884787958725,0.8295877247365158,0.1704122752634842,1.0,-1.0,1,1,1,0.0558615874001086,0.25,0.0081050115224499,0.0,0.0503788286832561,0.104648123949972,0.141116517874248,0.1704122752634842,0.1704122752634842,0.1255191322930526,0.0733454101192231,0.0321461107977961,0.0,0.0503788286832561,0.0558615874001086,0.0430331280173131,0.0321461107977961,0.026359505795663,-0.0008884787958725049,0.0008884787958725049,0.0008884787958725049,0,0,0,0,0,3
483.png,0.7473612529792305,0.7473612529792305,0.7473612529792305,0.7473612529792305,0.8066709844559585,0.7551951343132286,0.7585518551143515,0.0217088172859067,0.059309731476728,L4,H0,0.0,0.0,0.0,0.059309731476728,0.007833881333998,0.7360240661820004,0.2639759338179995,1.0,-1.0,1,1,1,0.1101469559132259,0.25,0.0299117034332992,0.0,0.099450884685784,0.2070851784318833,0.2389863547758284,0.2639759338179995,0.2639759338179995,0.1905977165883142,0.0975750577367206,0.0597552195824333,0.0,0.099450884685784,0.1101469559132259,0.0446952595936794,0.0597552195824333,0.059309731476728,0.007833881333998094,0.007833881333998094,0.0,0,0,0,0,0,5
484.png,0.8098720292504571,0.8098720292504571,0.8098720292504571,0.8098720292504571,0.8098720292504571,0.8027027027027027,0.808677141492498,0.0026718502522787,0.0071693265477543,H0,L5,0.0,0.0,0.0,0.0,-0.0071693265477543,0.6616161616161617,0.3383838383838383,1.0,-1.0,1,1,1,0.1232972406566538,0.75,0.0114333426086212,0.0,0.0774800868935553,0.148036253776435,0.2248927038626609,0.3383838383838383,0.3383838383838383,0.2751007870992513,0.2102812441795493,0.1232972406566538,0.0,0.0774800868935553,0.074243813015582,0.0866625691456668,0.1232972406566538,0.0071693265477543,-0.007169326547754373,0.007169326547754373,0.007169326547754373,0,0,0,0,0,5
486.png,0.9511800840607824,0.9513496040084048,0.9513496040084048,0.951519069166128,0.9509360877985796,0.9512273901808784,0.9512603065371964,0.0001805284361559,0.0005829813675481,L3,L4,0.0001695199476223,0.0001695199476223,0.0003389851053455,-0.0002439962622026,4.730612009617996e-05,0.8898541097115409,0.1101458902884591,1.0,-1.0,1,1,1,0.0300330205985638,0.75,0.0006099018682609,0.0,0.0298213783763064,0.0544474393530997,0.0827485154623274,0.1101458902884591,0.1101458902884591,0.0847616566814274,0.0593530828012143,0.0300330205985638,0.0,0.0298213783763064,0.0261215515887557,0.0299678727550429,0.0300330205985638,0.0005829813675481,4.730612009606894e-05,4.730612009606894e-05,0.0,0,0,0,0,0,1
494.png,0.923237962316818,0.923237962316818,0.923237962316818,0.923237962316818,0.923237962316818,0.923237962316818,0.9232379623168178,1.1102230246251563e-16,0.0,H0,H0,0.0,0.0,0.0,0.0,0.0,0.753439406627587,0.2465605933724129,1.0,-1.0,1,1,1,0.1173952230734565,0.0,0.0303934460984819,0.0,0.1173952230734565,0.191624514762969,0.2127883827146035,0.2465605933724129,0.2465605933724129,0.1451548049859268,0.0722551510019757,0.0398652442448063,0.0,0.1173952230734565,0.0814152308299355,0.0434902284613267,0.0398652442448063,0.0,0.0,0.0,0.0,0,0,0,0,0,4
500.png,0.8751136157062352,0.8726079825041007,0.8726079825041007,0.8726079825041007,0.8770402611534276,0.8729724804082376,0.8738250507967004,0.0016915781151501,0.0044322786493269,L4,H1,-0.0025056332021345,-0.0025056332021345,-0.0025056332021345,0.0019266454471923,-0.0021411352979976,0.7217714994750406,0.2782285005249594,1.0,-1.0,1,1,1,0.0945890802252509,0.0,0.0092657003967704,0.0,0.0945890802252509,0.1478529184880431,0.2212292540579974,0.2782285005249594,0.2782285005249594,0.1901906189762261,0.1359689213893967,0.0607377965470128,0.0,0.0945890802252509,0.0653495440729483,0.0758575911697868,0.0607377965470128,0.0044322786493269,-0.002141135297997643,0.002141135297997643,0.002141135297997643,0,0,0,0,0,5
506.png,0.964680281218614,0.964680281218614,0.9437898089171974,0.9485741749439284,0.9599320882852292,0.9616359641710326,0.9572154331257692,0.0080961714453095,0.0208904723014166,H0,H2,0.0,-0.0208904723014166,-0.0161061062746857,-0.0047481929333847,-0.0030443170475814,0.9431757833244824,0.0568242166755177,1.0,-1.0,1,1,1,0.0212365418090387,0.5,0.0002229578272916,0.0,0.0147324036678605,0.0282935006222537,0.0430879944286101,0.0568242166755177,0.0568242166755177,0.0427270725673802,0.0309638819461531,0.0146818923327896,0.0,0.0147324036678605,0.0140183355766055,0.0212365418090387,0.0146818923327896,0.0208904723014166,-0.0030443170475814574,0.0030443170475814574,0.0030443170475814574,0,0,0,0,0,1
507.png,0.9710252100840336,0.9714631848162606,0.9714631848162606,0.971324717285945,0.9707186030893216,0.9713440064576888,0.9712231510915852,0.0002689186427076,0.0007445817269389,H1,L4,0.0004379747322269,0.0004379747322269,0.0002995072019114,-0.0003066069947119,0.000318796373655,0.9452184696184988,0.0547815303815012,1.0,-1.0,1,1,1,0.0173024720777471,0.5,0.0010992742452804,0.0,0.0154956876660069,0.0289756719517962,0.043197307180851,0.0547815303815012,0.0547815303815012,0.0429510167699674,0.0293582748765913,0.0144601846115072,0.0,0.0154956876660069,0.0154746197825575,0.0173024720777471,0.0144601846115072,0.0007445817269389,0.00031879637365517244,0.00031879637365517244,0.0,0,0,0,0,0,1
518.png,0.9117352056168504,0.9114820435002527,0.9107598164201938,0.9126016260162602,0.0991624790619765,0.0,0.624290195102589,0.4073879156373791,0.9126016260162602,L3,L5,-0.0002531621165976,-0.0009753891966567,0.0008664203994096,-0.812572726554874,-0.9117352056168504,0.5369031333463617,0.4630968666536382,1.0,-1.0,1,1,1,0.1741519802918324,0.75,0.0191304441269536,0.0,0.0956495679536486,0.1862211580322159,0.3171223533598244,0.4630968666536382,0.4630968666536382,0.4068834767390987,0.3250476427210208,0.1741519802918324,0.0,0.0956495679536486,0.1049644542684747,0.1567862140069225,0.1741519802918324,0.9126016260162602,-0.9117352056168504,0.9117352056168504,0.9117352056168504,1,1,1,1,1,5
519.png,0.8435045317220544,0.8435045317220544,0.8435045317220544,0.8435045317220544,0.8435045317220544,0.8435045317220544,0.8435045317220543,1.1102230246251563e-16,0.0,H0,H0,0.0,0.0,0.0,0.0,0.0,0.8015887344285972,0.1984112655714027,1.0,-1.0,1,1,1,0.0979390844428232,0.25,0.009348188827583,0.0,0.0553206483439041,0.1263685284839487,0.1626686656671664,0.1984112655714027,0.1984112655714027,0.1659861530268063,0.0804339693228581,0.0436425467598715,0.0,0.0553206483439041,0.0979390844428232,0.0386933696286214,0.0436425467598715,0.0,0.0,0.0,0.0,0,0,0,0,0,3
543.png,0.9529029261495588,0.9500652133407864,0.9500652133407864,0.952026775753068,0.95438531429631,0.9553786335863728,0.9524706794111472,0.0020032659151384,0.0053134202455865,L5,H1,-0.0028377128087724,-0.0028377128087724,-0.0008761503964906,0.0014823881467512,0.0024757074368141,0.8686906198743539,0.131309380125646,1.0,-1.0,1,1,1,0.0730256040389469,0.0,0.0179195266877159,0.0,0.0730256040389469,0.0923922895643241,0.1211438100237779,0.131309380125646,0.131309380125646,0.0741883063045136,0.0520767306088406,0.0238550922761449,0.0,0.0730256040389469,0.034779235891137,0.0351805624895988,0.0238550922761449,0.0053134202455865,0.002475707436813912,0.002475707436813912,0.0,0,0,0,0,0,2
550.png,0.8468468468468469,0.8468468468468469,0.8453237410071942,0.8453237410071942,0.8468468468468469,0.8463385354141657,0.8462544263281825,0.0006821914301908,0.0015231058396526,H0,H2,0.0,-0.0015231058396526,-0.0015231058396526,0.0,-0.0005083114326811,0.6330242160107481,0.3669757839892519,1.0,-1.0,1,1,1,0.1242623939354783,0.0,0.0156917812289899,0.0,0.1242623939354783,0.2263927301461873,0.272196217936716,0.3669757839892519,0.3669757839892519,0.2614787408261054,0.1638292411669091,0.1100323624595469,0.0,0.1242623939354783,0.1057730399394965,0.0569828827387618,0.1100323624595469,0.0015231058396526,-0.0005083114326811522,0.0005083114326811522,0.0005083114326811522,0,0,0,0,0,5
551.png,0.9356027373223372,0.9356027373223372,0.93764192139738,0.9359243697478992,0.93764192139738,0.8772194937665282,0.926605530158977,0.0221032603117555,0.0604224276308517,H2,L5,0.0,0.0020391840750426,0.0003216324255619,0.0020391840750426,-0.058383243555809,0.6405085924307142,0.3594914075692857,1.0,-1.0,1,1,1,0.1262018014371014,0.5,0.0094166766111206,0.0,0.1096118118705388,0.1804905984537558,0.2962180840852371,0.3594914075692857,0.3594914075692857,0.2700431034482758,0.1932843651626442,0.0733819026501952,0.0,0.1096118118705388,0.092672858617131,0.1262018014371014,0.0733819026501952,0.0604224276308517,-0.05838324355580904,0.05838324355580904,0.05838324355580904,0,0,0,0,0,5
558.png,0.9400506614128904,0.9382022471910112,0.9382022471910112,0.939786156443444,0.9392234102419807,0.936659192825112,0.938687319217575,0.0011501757244471,0.0033914685877783,H0,L5,-0.0018484142218793,-0.0018484142218793,-0.0002645049694465,-0.0008272511709096,-0.0033914685877783,0.6696447564348011,0.3303552435651988,0.8999999999999998,-1.0,0,1,0,0.2708221797323136,0.5,0.0479622660503257,0.0,0.0180175091781982,0.0841656445301092,0.3419944839599361,0.3303552435651988,0.3303552435651988,0.3117848970251716,0.258955223880597,0.0460375857611613,0.0,0.0180175091781982,0.0683449005999293,0.2708221797323136,0.0460375857611613,0.0033914685877783,-0.00339146858777839,0.00339146858777839,0.00339146858777839,0,0,0,0,0,5
561.png,0.7090362554444513,0.6908251730805214,0.7090362554444513,0.6989234005692365,0.7082923228346457,0.8768493879723257,0.7321604658909386,0.0650478536495738,0.1860242148918043,L5,H1,-0.0182110823639298,0.0,-0.0101128548752147,-0.0007439326098055,0.1678131325278744,0.8978721076527543,0.1021278923472457,1.0,-1.0,1,1,1,0.0403869626147099,0.0,0.0085772813173634,0.0,0.0403869626147099,0.0720025686535082,0.0836887138394676,0.1021278923472457,0.1021278923472457,0.072528409848155,0.0483671590759654,0.0242283497495306,0.0,0.0403869626147099,0.0331002574271203,0.0271894377482059,0.0242283497495306,0.1860242148918043,0.16781313252787444,0.16781313252787444,0.0,0,0,0,0,0,1
562.png,0.8417323403947654,0.8428054953000723,0.8242548818088387,0.8242548818088387,0.8439890316062924,0.8242548818088387,0.8335485854546079,0.0093165258458646,0.0197341497974536,L4,H2,0.0010731549053069,-0.0174774585859267,-0.0174774585859267,0.0022566912115269,-0.0174774585859267,0.8624386283191454,0.1375613716808545,1.0,-1.0,1,1,1,0.0454181779389801,0.5,0.0011351600261107,0.0,0.035182943496427,0.065095427852349,0.1019730871943789,0.1375613716808545,0.1375613716808545,0.1135774968918359,0.0867926496863465,0.0443329420717943,0.0,0.035182943496427,0.0349084773905009,0.0454181779389801,0.0443329420717943,0.0197341497974536,-0.017477458585926753,0.017477458585926753,0.017477458585926753,0,0,0,0,0,2
563.png,0.6780994336060415,0.6080071706005378,0.8320278503046127,0.7911333704322018,0.6365619546247818,0.6484929078014184,0.6990537812282657,0.0830170204432825,0.2240206797040749,H2,H1,-0.0700922630055037,0.1539284166985711,0.1130339368261602,-0.0415374789812597,-0.029606525804623,0.8607700312174817,0.1392299687825182,1.0,-1.0,1,1,1,0.0612832981318662,0.5,0.0079441390885732,0.0,0.0429506765604539,0.0837336375645491,0.1218813344916404,0.1392299687825182,0.1392299687825182,0.1173513446829509,0.0921350463863296,0.0420048273962838,0.0,0.0429506765604539,0.0417172944511947,0.0612832981318662,0.0420048273962838,0.2240206797040749,-0.029606525804623085,0.029606525804623085,0.029606525804623085,1,0,0,0,0,2
579.png,0.0,0.821656050955414,0.0,0.0,0.3057176196032672,0.0,0.1878956117597802,0.304618166315373,0.821656050955414,H1,H0,0.821656050955414,0.0,0.0,0.3057176196032672,0.0,0.867948717948718,0.132051282051282,1.0,-1.0,1,1,1,0.0412786657400973,0.5,0.0046054848920183,0.0,0.0394569739435077,0.0761875249015007,0.1054598486920062,0.132051282051282,0.132051282051282,0.0966910580330434,0.0614904808453196,0.031291994624688,0.0,0.0394569739435077,0.0371919209894118,0.0412786657400973,0.031291994624688,0.821656050955414,0.0,0.0,0.0,1,1,1,0,0,2
581.png,0.9588792582140696,0.952148735141725,0.952148735141725,0.9382207578253706,0.9578713968957872,0.8364623388373671,0.932621870342674,0.0435269819520224,0.1224169193767026,H0,L5,-0.0067305230723446,-0.0067305230723446,-0.020658500388699,-0.0010078613182825,-0.1224169193767026,0.7335498839907193,0.2664501160092807,1.0,-1.0,1,1,1,0.0934028474032484,0.0,0.0200098708875219,0.0,0.0934028474032484,0.1762878591768055,0.2300338218714769,0.2664501160092807,0.2664501160092807,0.1799594193850475,0.1082226294090701,0.0561934268877953,0.0,0.0934028474032484,0.0842726269845076,0.0598706396152357,0.0561934268877953,0.1224169193767026,-0.12241691937670252,0.12241691937670252,0.12241691937670252,0,0,0,0,0,5
589.png,0.9412328329607156,0.9420243433696348,0.9420243433696348,0.8765942778352293,0.940819907481257,0.0,0.7737826175027452,0.3468576471203874,0.9420243433696348,H1,L5,0.0007915104089193,0.0007915104089193,-0.0646385551254862,-0.0004129254794584,-0.9412328329607156,0.7700323992117305,0.2299676007882695,1.0,-1.0,1,1,1,0.0758514921081219,0.25,0.004368308408086,0.0,0.0567787466098976,0.1265444461562163,0.1820434432823813,0.2299676007882695,0.2299676007882695,0.1853936488082829,0.1146737920285014,0.0549949151216458,0.0,0.0567787466098976,0.0758514921081219,0.0611067587778648,0.0549949151216458,0.9420243433696348,-0.9412328329607156,0.9412328329607156,0.9412328329607156,1,1,1,1,1,4
590.png,0.8146921571579105,0.7666718970657461,0.7666718970657461,0.8146921571579105,0.8146921571579105,0.8213109847351092,0.7997885417233889,0.0235336394657174,0.054639087669363,L5,H1,-0.0480202600921644,-0.0480202600921644,0.0,0.0,0.0066188275771986,0.8734132581100141,0.1265867418899858,1.0,-1.0,1,1,1,0.0820244328097731,0.0,0.0247625767289147,0.0,0.0820244328097731,0.1066241586964222,0.125044404973357,0.1265867418899858,0.1265867418899858,0.0649750096116877,0.0320437670965221,0.0137201097608781,0.0,0.0820244328097731,0.0397990726429675,0.0200945626477541,0.0137201097608781,0.054639087669363,0.0066188275771986715,0.0066188275771986715,0.0,0,0,0,0,0,2
592.png,0.8408113091579594,0.9167226326393552,0.8917861799217731,0.8413793103448276,0.8440677966101695,0.8730283911671924,0.8679659366402129,0.0288258894888756,0.0759113234813958,H1,H0,0.0759113234813958,0.0509748707638136,0.0005680011868681,0.00325648745221,0.032217082009233,0.8341799709724238,0.1658200290275762,1.0,-1.0,1,1,1,0.0467223933128024,0.75,0.0024511674840222,0.0,0.040661033565193,0.0764991593498972,0.1193140132061628,0.1658200290275762,0.1658200290275762,0.1251846215817034,0.0918778543924061,0.0467223933128024,0.0,0.040661033565193,0.037361219882987,0.0455327238164207,0.0467223933128024,0.0759113234813958,0.03221708200923301,0.03221708200923301,0.0,0,0,0,0,0,3
593.png,0.9636930754834684,0.9635819406335744,0.9635436108000498,0.96372023438474,0.96376540903997,0.9640323584318606,0.9637227714622773,0.0001583678249572,0.0004887476318108,L5,H2,-0.000111134849894,-0.0001494646834186,2.715890127158449e-05,7.233355650160256e-05,0.0003392829483921,0.8275003113712791,0.1724996886287209,1.0,-1.0,1,1,1,0.0720615598095177,0.75,0.0098375205012922,0.0,0.0314866737568081,0.0660515286396569,0.1120237280401551,0.1724996886287209,0.1724996886287209,0.1456468166079171,0.1137799855377746,0.0720615598095177,0.0,0.0314866737568081,0.0375651041666666,0.0503753457131568,0.0720615598095177,0.0004887476318108,0.00033928294839224993,0.00033928294839224993,0.0,0,0,0,0,0,3
601.png,0.963180869235149,0.9635966162912272,0.9635966162912272,0.9639904988123515,0.9633210122263292,0.963440045463156,0.96352094305324,0.000256288394259,0.0008096295772025,L3,H0,0.000415747056078,0.000415747056078,0.0008096295772025,0.0001401429911802,0.0002591762280068,0.8331223552388874,0.1668776447611125,1.0,-1.0,1,1,1,0.0525011188763039,0.5,0.0022573109678159,0.0,0.0466961040990973,0.0868490099477131,0.1222585592077305,0.1668776447611125,0.1668776447611125,0.1300762083724814,0.0943663635289949,0.0474551022097161,0.0,0.0466961040990973,0.0413214149728935,0.0525011188763039,0.0474551022097161,0.0008096295772025,0.00025917622800697426,0.00025917622800697426,0.0,0,0,0,0,0,3
604.png,0.9601646332500368,0.9597058823529412,0.9597058823529412,0.9600117612466922,0.9601646332500368,0.9601646332500368,0.9599862376171142,0.0002054769287549,0.0004587508970955,H0,H1,-0.0004587508970955,-0.0004587508970955,-0.0001528720033445,0.0,0.0,0.8243347628053166,0.1756652371946834,1.0,-1.0,1,1,1,0.0570211325226419,0.75,0.0052854339948094,0.0,0.0501249764829199,0.0938258805554798,0.1459741687276724,0.1756652371946834,0.1756652371946834,0.1431880860452289,0.1007673780317033,0.0570211325226419,0.0,0.0501249764829199,0.050438224484026,0.0552484588892425,0.0570211325226419,0.0004587508970955,0.0,0.0,0.0,0,0,0,0,0,3
614.png,0.8799269120334117,0.8790691593672375,0.8790691593672375,0.8813647610365933,0.8807053941908713,0.8800521512385919,0.8800312562056574,0.000826164039292,0.0022956016693558,L3,H1,-0.0008577526661741,-0.0008577526661741,0.0014378490031816,0.0007784821574596,0.0001252392051802,0.9289955332824926,0.0710044667175073,1.0,-1.0,1,1,1,0.0253162833135869,0.0,0.0041958762804008,0.0,0.0253162833135869,0.0454563658937081,0.0567134322709701,0.0710044667175073,0.0710044667175073,0.0498765027769817,0.0391000173896758,0.0185275475377864,0.0,0.0253162833135869,0.0251752367702926,0.0216568628752772,0.0185275475377864,0.0022956016693558,0.00012523920518026088,0.00012523920518026088,0.0,0,0,0,0,0,1
616.png,0.9594594594594594,0.7814420062695925,0.7814420062695925,0.7388822829964328,0.954856787048568,0.958152510849349,0.8623725088154989,0.096178960669463,0.2205771764630266,H0,L3,-0.1780174531898669,-0.1780174531898669,-0.2205771764630266,-0.0046026724108915,-0.0013069486101103,0.8269691644032593,0.1730308355967407,1.0,-1.0,1,1,1,0.0593398876404493,0.25,0.0117162433484317,0.0,0.0570182523017283,0.1097500413838769,0.1513591764516647,0.1730308355967407,0.1730308355967407,0.1308758877240446,0.0791117279666897,0.0252525252525253,0.0,0.0570182523017283,0.0593398876404493,0.0548759175113596,0.0252525252525253,0.2205771764630266,-0.001306948610110381,0.001306948610110381,0.001306948610110381,1,0,0,0,0,3
621.png,0.9297676457693994,0.9297382750746532,0.9308609271523178,0.9308609271523178,0.9286784801198976,0.9270164168451106,0.9294871120189496,0.0013338377148433,0.0038445103072072,H2,L5,-2.937069474628906e-05,0.0010932813829184,0.0010932813829184,-0.0010891656495016,-0.0027512289242888,0.876586010936774,0.1234139890632259,0.8999999999999998,-1.0,0,1,0,0.0950655143574017,0.0,0.0271932666291324,0.0,0.0950655143574017,0.114323258869908,0.1116985435131913,0.1234139890632259,0.1234139890632259,0.1070666253890146,0.0928942128798511,0.0418203970964254,0.0,0.0950655143574017,0.0331699223169168,0.0521718490386897,0.0418203970964254,0.0038445103072072,-0.0027512289242888066,0.0027512289242888066,0.0027512289242888066,0,0,0,0,0,2
623.png,0.8701156611441075,0.8240770989872591,0.870793972987743,0.9306134386195803,0.9116426469478608,0.9309739689967826,0.8897027979472222,0.0385276502607144,0.1068968700095235,L5,H1,-0.0460385621568484,0.0006783118436354,0.0604977774754728,0.0415269858037533,0.0608583078526751,0.7866519927678641,0.2133480072321358,1.0,-1.0,1,1,1,0.071058204922223,0.75,0.0071720552905438,0.0,0.0422352176738142,0.0921688178003008,0.1497576989213693,0.2133480072321358,0.2133480072321358,0.1809855423510711,0.1323920756948551,0.071058204922223,0.0,0.0422352176738142,0.0625809894046802,0.0635247408278802,0.071058204922223,0.1068968700095235,0.0608583078526751,0.0608583078526751,0.0,0,0,0,0,0,4
630.png,0.8620365142104273,0.8620365142104273,0.9124028931154567,0.92479549652564,0.8940875445490267,0.7386649874055415,0.8656706583360866,0.0614329202410024,0.1861305091200983,L3,L5,0.0,0.0503663789050294,0.0627589823152126,0.0320510303385994,-0.1233715268048857,0.7951068155069725,0.2048931844930275,1.0,-1.0,1,1,1,0.0715513820923158,0.25,0.0044936278871072,0.0,0.0522326262819288,0.1121091375700682,0.1654661523230806,0.2048931844930275,0.2048931844930275,0.166835257595312,0.1085735540264087,0.0536063845806354,0.0,0.0522326262819288,0.0715513820923158,0.0714666477131383,0.0536063845806354,0.1861305091200983,-0.12337152680488572,0.12337152680488572,0.12337152680488572,0,0,0,0,0,4
633.png,0.9498313659359192,0.949810206663855,0.949810206663855,0.9504114792150242,0.9498313659359192,0.9490311710193766,0.9497876325723248,0.0004013026929254,0.0013803081956476,L3,L5,-2.115927206414181e-05,-2.115927206414181e-05,0.0005801132791051,0.0,-0.0008001949165424,0.9144937623815388,0.0855062376184612,1.0,-1.0,1,1,1,0.0393151553582752,0.75,0.0037364677295914,0.0,0.0180456247871978,0.0371623526758021,0.0543690403167345,0.0855062376184612,0.0855062376184612,0.0740880030086498,0.0554368724631488,0.0393151553582752,0.0,0.0180456247871978,0.0216763823645933,0.0190211345939933,0.0393151553582752,0.0013803081956476,-0.0008001949165425959,0.0008001949165425959,0.0008001949165425959,0,0,0,0,0,1
670.png,0.9766691753574884,0.9766691753574884,0.9766691753574884,0.9766691753574884,0.9757250268528465,0.9766691753574884,0.9765118172733814,0.0003518633728723,0.0009441485046419,H0,L4,0.0,0.0,0.0,-0.0009441485046419,0.0,0.8110410934587734,0.1889589065412266,1.0,-1.0,1,1,1,0.0718668944138672,0.75,0.0103238026925697,0.0,0.0329664570230607,0.0715932886261828,0.1272596006997473,0.1889589065412266,0.1889589065412266,0.1587334498385711,0.127220355256841,0.0718668944138672,0.0,0.0329664570230607,0.0391912330511847,0.0588632526730444,0.0718668944138672,0.0009441485046419,0.0,0.0,0.0,0,0,0,0,0,3
675.png,0.9083067092651758,0.9083067092651758,0.9083067092651758,0.9083067092651758,0.504031566306399,0.9106082490771946,0.8413111087407161,0.1508383380543818,0.4065766827707956,L5,L4,0.0,0.0,0.0,-0.4042751429587767,0.0023015398120188,0.8168363665517517,0.1831636334482482,1.0,-1.0,1,1,1,0.0757786531168089,0.0,0.0104973194760005,0.0,0.0757786531168089,0.1045380875202592,0.1469153069153069,0.1831636334482482,0.1831636334482482,0.1174216027874563,0.0864472149968607,0.0403486784264576,0.0,0.0757786531168089,0.0396134325696032,0.048605577689243,0.0403486784264576,0.4065766827707956,0.00230153981201886,0.00230153981201886,0.0,1,0,0,0,0,3
681.png,0.9647883745744626,0.9614600326264274,0.9614600326264274,0.9614070864134592,0.9642094560244028,0.9593130239214884,0.9621063343644446,0.0018593638341088,0.0054753506529742,H0,L5,-0.0033283419480352,-0.0033283419480352,-0.0033812881610035,-0.0005789185500599,-0.0054753506529742,0.8806010789469205,0.1193989210530794,1.0,-1.0,1,1,1,0.0431162437099518,0.75,0.0041244603169302,0.0,0.0318488550467758,0.0529877076251389,0.077637766890065,0.1193989210530794,0.1193989210530794,0.0908963597692799,0.0675963759104636,0.0431162437099518,0.0,0.0318488550467758,0.024265539293958,0.0269656397294897,0.0431162437099518,0.0054753506529742,-0.00547535065297422,0.00547535065297422,0.00547535065297422,0,0,0,0,0,2
687.png,0.962378914169858,0.9621280432822362,0.9621280432822362,0.9621280432822362,0.962429696287964,0.9623109907470097,0.9622506218419232,0.0001273103119795,0.0003016530057278,L4,H1,-0.0002508708876218,-0.0002508708876218,-0.0002508708876218,5.078211810594091e-05,-6.792342284844821e-05,0.7351277628464841,0.2648722371535159,1.0,-1.0,1,1,1,0.0813288514427904,0.25,0.0046352764783145,0.0,0.0619832864101532,0.1203351104341203,0.1918135764944275,0.2648722371535159,0.2648722371535159,0.2334517808445583,0.1542480065988452,0.0759999999999999,0.0,0.0619832864101532,0.0813288514427904,0.0781194207498512,0.0759999999999999,0.0003016530057278,-6.792342284833719e-05,6.792342284833719e-05,6.792342284833719e-05,0,0,0,0,0,5
694.png,0.9545318576129224,0.9540625467604368,0.9492699081740178,0.9545318576129224,0.9526378896882494,0.9375761266747868,0.9504350310872228,0.0060316991142618,0.0169557309381356,H0,L5,-0.0004693108524855,-0.0052619494389046,0.0,-0.0018939679246731,-0.0169557309381356,0.6309135671035997,0.3690864328964003,1.0,-1.0,1,1,1,0.1449430546091696,0.25,0.0104801675952911,0.0,0.094550992488578,0.2002525665910526,0.3112269282414256,0.3690864328964003,0.3690864328964003,0.325533188999954,0.1850836881824697,0.0669738357742306,0.0,0.094550992488578,0.1449430546091696,0.1229207172175416,0.0669738357742306,0.0169557309381356,-0.016955730938135516,0.016955730938135516,0.016955730938135516,0,0,0,0,0,5
695.png,0.8305230065733067,0.8305230065733067,0.8305230065733067,0.8305230065733067,0.8305230065733067,0.8305230065733067,0.8305230065733067,0.0,0.0,H0,H0,0.0,0.0,0.0,0.0,0.0,0.7965065502183406,0.2034934497816594,1.0,-1.0,1,1,1,0.0755525098509508,0.0,0.0065902183425025,0.0,0.0755525098509508,0.105722260990928,0.1483236791293662,0.2034934497816594,0.2034934497816594,0.1510948905109489,0.115906976744186,0.0666666666666666,0.0,0.0755525098509508,0.0446509932567887,0.0499345427342434,0.0666666666666666,0.0,0.0,0.0,0.0,0,0,0,0,0,4
712.png,0.8708267785352212,0.8708267785352212,0.8696581196581197,0.8681318681318682,0.8681318681318682,0.8383388950685947,0.8643190513434821,0.0116708350219948,0.0324878834666264,H0,L5,0.0,-0.0011686588771014,-0.002694910403353,-0.002694910403353,-0.0324878834666264,0.7000856898029134,0.2999143101970866,1.0,-1.0,1,1,1,0.1715585559142941,0.75,0.0394068455035862,0.0,0.0420657520062127,0.0777027027027027,0.1330687830687831,0.2999143101970866,0.2999143101970866,0.2785100286532951,0.2446043165467626,0.1715585559142941,0.0,0.0420657520062127,0.0443054469637738,0.0781832711774107,0.1715585559142941,0.0324878834666264,-0.032487883466626455,0.032487883466626455,0.032487883466626455,0,0,0,0,0,5
713.png,0.918341307814992,0.918341307814992,0.9182829888712242,0.918341307814992,0.918341307814992,0.918341307814992,0.9183315879910308,2.1734187106814223e-05,5.83189437678433e-05,H0,H2,0.0,-5.83189437678433e-05,0.0,0.0,0.0,0.7514927041093266,0.2485072958906734,1.0,-1.0,1,1,1,0.1109691614322723,0.25,0.0122460142399334,0.0,0.0874720874720874,0.0994264598329419,0.1753228523301515,0.2485072958906734,0.2485072958906734,0.1868492496792864,0.1630473690490395,0.0808801087650176,0.0,0.0874720874720874,0.1109691614322723,0.0834826227158724,0.0808801087650176,5.83189437678433e-05,0.0,0.0,0.0,0,0,0,0,0,4
714.png,0.9021049114600737,0.9021049114600737,0.9021049114600737,0.9033121445299432,0.9025572455289989,0.9018036072144288,0.902331288608932,0.0004908024657282,0.0015085373155142,L3,L5,0.0,0.0,0.0012072330698695,0.0004523340689253,-0.0003013042456446,0.9012906744228322,0.0987093255771678,1.0,-1.0,1,1,1,0.0423237993406397,0.0,0.0089030849246266,0.0,0.0423237993406397,0.0637686366085863,0.0864869770396588,0.0987093255771678,0.0987093255771678,0.0619869799037645,0.0412940057088486,0.0191438191438191,0.0,0.0423237993406397,0.0218991706271549,0.0230834995725277,0.0191438191438191,0.0015085373155142,-0.00030130424564489555,0.00030130424564489555,0.00030130424564489555,0,0,0,0,0,1
723.png,0.9659829914957478,0.9656899574254946,0.9656899574254946,0.9649474211316976,0.967196819085487,0.9649474211316976,0.9657424279492698,0.0007574851361253,0.0022493979537895,L4,L3,-0.0002930340702532,-0.0002930340702532,-0.0010355703640503,0.0012138275897392,-0.0010355703640503,0.8528568901468246,0.1471431098531753,1.0,-1.0,1,1,1,0.0525642846995312,0.75,0.0064880902535048,0.0,0.028556840147343,0.0599313818526899,0.0997859915122056,0.1471431098531753,0.1471431098531753,0.12604441905306,0.0954439878506342,0.0525642846995312,0.0,0.028556840147343,0.0322414237812741,0.0439371175198798,0.0525642846995312,0.0022493979537895,-0.00103557036405022,0.00103557036405022,0.00103557036405022,0,0,0,0,0,2
727.png,0.6521309856837255,0.6521309856837255,0.7132155738462961,0.661864406779661,0.5337968844019523,0.661864406779661,0.6458338738625036,0.0542921782363469,0.1794186894443438,H2,L4,0.0,0.0610845881625705,0.0097334210959354,-0.1183341012817732,0.0097334210959354,0.8623938179239685,0.1376061820760314,1.0,-1.0,1,1,1,0.0488117427772599,0.5,0.0021954729225982,0.0,0.034173736408173,0.061729493969469,0.0995286781234138,0.1376061820760314,0.1376061820760314,0.1259270094346521,0.0931705899447834,0.0487437471577989,0.0,0.034173736408173,0.0401535946241881,0.0488117427772599,0.0487437471577989,0.1794186894443438,0.009733421095935446,0.009733421095935446,0.0,0,0,0,0,0,2
729.png,0.8978087241449928,0.905989847715736,0.905989847715736,0.9041709053916582,0.9041709053916582,0.913341394598952,0.9052452708264556,0.004550947856367,0.0155326704539592,L5,H0,0.0081811235707431,0.0081811235707431,0.0063621812466654,0.0063621812466654,0.0155326704539592,0.8069752491160399,0.1930247508839601,1.0,-1.0,1,1,1,0.0780600009788088,0.25,0.0088492692368004,0.0,0.0239667179162521,0.0870412788147571,0.1552543429150112,0.1930247508839601,0.1930247508839601,0.1857911733046287,0.1110980276714748,0.0425849950704448,0.0,0.0239667179162521,0.0780600009788088,0.0718939372386128,0.0425849950704448,0.0155326704539592,0.01553267045395923,0.01553267045395923,0.0,0,0,0,0,0,3
761.png,0.9331485971596812,0.9331485971596812,0.9331485971596812,0.9331485971596812,0.8319623971797885,0.7711664482306684,0.8892872056748637,0.0644643747353596,0.1619821489290129,H0,L5,0.0,0.0,0.0,-0.1011861999798928,-0.1619821489290129,0.8225550260948491,0.1774449739051509,1.0,-1.0,1,1,1,0.0725552050473186,0.75,0.0112404090298538,0.0,0.0351611831173147,0.0667610892937616,0.1080431432973806,0.1774449739051509,0.1774449739051509,0.1446824916010354,0.1136497720568516,0.0725552050473186,0.0,0.0351611831173147,0.0328726186029136,0.0419904883424196,0.0725552050473186,0.1619821489290129,-0.16198214892901286,0.16198214892901286,0.16198214892901286,0,0,0,0,0,3
762.png,0.9517279210093252,0.951386981598462,0.951386981598462,0.951386981598462,0.0,0.9517279210093252,0.7929361311356727,0.3546118509864245,0.9517279210093252,H0,L4,-0.0003409394108633,-0.0003409394108633,-0.0003409394108633,-0.9517279210093252,0.0,0.9151341113215616,0.0848658886784383,1.0,-1.0,1,1,1,0.0313618965304358,0.75,0.0030200414193815,0.0,0.0200768902178556,0.034218179568096,0.057903556134798,0.0848658886784383,0.0848658886784383,0.0710296260320544,0.0539209651606549,0.0313618965304358,0.0,0.0200768902178556,0.0225009221689413,0.0257628814407203,0.0313618965304358,0.9517279210093252,0.0,0.0,0.0,1,1,1,0,0,1
764.png,0.8096876290078436,0.8046134834546204,0.8046134834546204,0.8073215034232221,0.6692657569850552,0.7772366059984619,0.7787897437206374,0.050167033667347,0.1404218720227884,H0,L4,-0.0050741455532232,-0.0050741455532232,-0.0023661255846215,-0.1404218720227884,-0.0324510230093817,0.8752285191956124,0.1247714808043876,1.0,-1.0,1,1,1,0.0464795213989875,0.25,0.0075315361781242,0.0,0.0369854477475165,0.0825722554215055,0.1052571989281805,0.1247714808043876,0.1247714808043876,0.0915451895043731,0.0532114486447646,0.0297101158734613,0.0,0.0369854477475165,0.0464795213989875,0.0254625968685749,0.0297101158734613,0.1404218720227884,-0.03245102300938174,0.03245102300938174,0.03245102300938174,0,0,0,0,0,2
769.png,0.5478211658177702,0.7633054966969961,0.7737154150197628,0.7886466073821415,0.561042964485261,0.5417464928001977,0.6627130237003549,0.1128933756158703,0.2469001145819438,L3,L5,0.2154843308792259,0.2258942492019926,0.2408254415643713,0.0132217986674908,-0.0060746730175724,0.7866428975172833,0.2133571024827166,1.0,-1.0,1,1,1,0.0800160836349015,0.5,0.0048464377828576,0.0,0.0636021398850802,0.098045009110159,0.1653536093807255,0.2133571024827166,0.2133571024827166,0.1740856130766932,0.134692144373673,0.0561914257228315,0.0,0.0636021398850802,0.0652394040214089,0.0800160836349015,0.0561914257228315,0.2469001145819438,-0.006074673017572474,0.006074673017572474,0.006074673017572474,1,0,0,0,0,4
776.png,0.5331031681559708,0.53384755911905,0.53384755911905,0.5331031681559708,0.5345911949685535,0.531910569105691,0.5334005364373811,0.0008380716688513,0.0026806258628624,L4,L5,0.0007443909630792,0.0007443909630792,0.0,0.0014880268125826,-0.0011925990502797,0.8449748743718593,0.1550251256281407,1.0,-1.0,1,1,1,0.058116896566008,0.0,0.0108240511973018,0.0,0.058116896566008,0.0991484184914841,0.1293926293712279,0.1550251256281407,0.1550251256281407,0.1081731821564593,0.0917211529606777,0.0466349422161794,0.0,0.058116896566008,0.0546430683834568,0.0468374133295599,0.0466349422161794,0.0026806258628624,-0.0011925990502797967,0.0011925990502797967,0.0011925990502797967,0,0,0,0,0,2
780.png,0.7645951035781544,0.8202020202020202,0.8264631043256997,0.8169014084507042,0.1870967741935484,0.5656565656565656,0.6634858294011153,0.231444046005032,0.6393663301321513,H2,L4,0.0556069166238657,0.0618680007475452,0.0523063048725498,-0.577498329384606,-0.1989385379215887,0.8538611653192083,0.1461388346807917,1.0,-1.0,1,1,1,0.0476350030714245,0.5,0.0029844261417526,0.0,0.0291890571568148,0.0659059844297854,0.1100171722953634,0.1461388346807917,0.1461388346807917,0.1209195915406506,0.0886131069018071,0.0458059426768341,0.0,0.0291890571568148,0.0397906381966335,0.0476350030714245,0.0458059426768341,0.6393663301321513,-0.19893853792158878,0.19893853792158878,0.19893853792158878,1,1,0,0,0,2
781.png,0.4755872017754762,0.4907389726942906,0.4744464944649446,0.4521005449112322,0.4485810192249008,0.5799845210454248,0.4869064590193782,0.0440489899339134,0.1314035018205239,L5,L4,0.0151517709188143,-0.0011407073105316,-0.023486656864244,-0.0270061825505754,0.1043973192699485,0.8837191045049524,0.1162808954950476,1.0,-1.0,1,1,1,0.0392154123416085,0.75,0.0011340490091132,0.0,0.0335204412322216,0.0570205204772892,0.0871105712044137,0.1162808954950476,0.1162808954950476,0.0876163823260319,0.0688099573334782,0.0392154123416085,0.0,0.0335204412322216,0.0257923940307582,0.0327982885566915,0.0392154123416085,0.1314035018205239,0.10439731926994855,0.10439731926994855,0.0,0,0,0,0,0,1
782.png,0.8345074932752657,0.8515215110178384,0.8689580367432717,0.8686294416243655,0.8728138822728819,0.789161008729389,0.8475985622771686,0.0292576220187571,0.0836528735434929,L4,L5,0.0170140177425726,0.0344505434680059,0.0341219483490997,0.0383063889976161,-0.0453464845458767,0.8669732885193703,0.1330267114806297,1.0,-1.0,1,1,1,0.0455295637198622,0.5,0.0031174135709184,0.0,0.0390467029191778,0.061178535989619,0.0953078105555962,0.1330267114806297,0.1330267114806297,0.1201994124454731,0.0870032968939787,0.0421580090195423,0.0,0.0390467029191778,0.0355694767385998,0.0455295637198622,0.0421580090195423,0.0836528735434929,-0.04534648454587675,0.04534648454587675,0.04534648454587675,0,0,0,0,0,2
794.png,0.6858564566847507,0.6990091239085647,0.6812703175793948,0.6821930131440852,0.7529080675422138,0.68324345915718,0.6974134063360315,0.0255238904713996,0.071637749962819,L4,H2,0.013152667223814,-0.0045861391053558,-0.0036634435406655,0.0670516108574631,-0.0026129975275707,0.8440147259270583,0.1559852740729417,1.0,-1.0,1,1,1,0.0861224967794823,0.25,0.0236359514523412,0.0,0.0595552457675965,0.14411898581569,0.1484834367878322,0.1559852740729417,0.1559852740729417,0.1015689312866204,0.065518322730938,0.032119326500732,0.0,0.0595552457675965,0.0861224967794823,0.0356501496508148,0.032119326500732,0.071637749962819,-0.002612997527570715,0.002612997527570715,0.002612997527570715,0,0,0,0,0,2
828.png,0.8693356797184338,0.8693356797184338,0.8693356797184338,0.8693356797184338,0.8918454935622318,0.8793028322440087,0.8747485074466627,0.0084680145710945,0.0225098138437979,L4,H0,0.0,0.0,0.0,0.0225098138437979,0.0099671525255748,0.8311483630632567,0.1688516369367433,1.0,-1.0,1,1,1,0.0684096450826334,0.75,0.0068318025603354,0.0,0.0396533398740904,0.072639032540377,0.1068260701889702,0.1688516369367433,0.1688516369367433,0.1419814682822523,0.107739420935412,0.0684096450826334,0.0,0.0396533398740904,0.0382911392405063,0.0411245700613129,0.0684096450826334,0.0225098138437979,0.009967152525574896,0.009967152525574896,0.0,0,0,0,0,0,3
837.png,0.7353525322740815,0.7688603531300161,0.7688603531300161,0.6971914090158131,0.6295299233795817,0.4323843416370106,0.6720298187610866,0.1173537190552599,0.3364760114930054,H1,L5,0.0335078208559346,0.0335078208559346,-0.0381611232582683,-0.1058226088944997,-0.3029681906370708,0.7646397547266224,0.2353602452733776,1.0,-1.0,1,1,1,0.1100328689935826,0.5,0.0100489378377038,0.0,0.0723450454007106,0.1224370240187463,0.2085029876791285,0.2353602452733776,0.2353602452733776,0.1614811792308477,0.1180268334510239,0.0628389853722676,0.0,0.0723450454007106,0.0545808966861598,0.1100328689935826,0.0628389853722676,0.3364760114930054,-0.30296819063707087,0.30296819063707087,0.30296819063707087,1,0,0,1,0,4
847.png,0.9385259092372064,0.9380331562852084,0.9380331562852084,0.939077318759042,0.9398592450415868,0.935468219311014,0.9381661674865444,0.001362621902384,0.0043910257305725,L4,L5,-0.0004927529519979,-0.0004927529519979,0.0005514095218356,0.0013333358043803,-0.0030576899261922,0.8701272234999563,0.1298727765000437,1.0,-1.0,1,1,1,0.0666092943201377,0.0,0.0140547522807222,0.0,0.0666092943201377,0.0926840342811737,0.1057895975523652,0.1298727765000437,0.1298727765000437,0.095444625542142,0.0677201520080925,0.0341060258696328,0.0,0.0666092943201377,0.0370470232959447,0.0464936499171728,0.0341060258696328,0.0043910257305725,-0.003057689926192375,0.003057689926192375,0.003057689926192375,0,0,0,0,0,2
856.png,0.896969696969697,0.896969696969697,0.9118978338182994,0.896969696969697,0.9155497080832168,0.8770147161878066,0.8992285581664023,0.0124876780422332,0.0385349918954103,L4,L5,0.0,0.0149281368486023,0.0,0.0185800111135199,-0.0199549807818903,0.7104322590499466,0.2895677409500534,1.0,-1.0,1,1,1,0.0923572055524852,0.5,0.0056565781695726,0.0,0.0682929287838314,0.1255310110450297,0.2122447807483559,0.2895677409500534,0.2895677409500534,0.2370401746440325,0.1745544588986154,0.0877980799008981,0.0,0.0682929287838314,0.0663672094329028,0.0923572055524852,0.0877980799008981,0.0385349918954103,-0.019954980781890397,0.019954980781890397,0.019954980781890397,0,0,0,0,0,5
865.png,0.4713768805941725,0.470922759319129,0.470922759319129,0.524223925185089,0.5,0.4323756720430107,0.478303666076755,0.0284186489958629,0.0918482531420782,L3,L5,-0.0004541212750435,-0.0004541212750435,0.0528470445909164,0.0286231194058274,-0.0390012085511617,0.7497364537212735,0.2502635462787265,1.0,-1.0,1,1,1,0.0854800255858579,0.5,0.008070141639486,0.0,0.0482458731640453,0.1054351863315588,0.1813635517250552,0.2502635462787265,0.2502635462787265,0.2122846398274203,0.1596521846572042,0.0770921014823453,0.0,0.0482458731640453,0.0607048356789508,0.0854800255858579,0.0770921014823453,0.0918482531420782,-0.03900120855116179,0.03900120855116179,0.03900120855116179,0,0,0,0,0,4
867.png,0.7091614644845622,0.7248571528727171,0.7248571528727171,0.7248571528727171,0.7298891415577032,0.6451593042942897,0.7097968948257845,0.0296157457486515,0.0847298372634135,L4,L5,0.0156956883881549,0.0156956883881549,0.0156956883881549,0.020727677073141,-0.0640021601902725,0.8792929875120077,0.1207070124879923,1.0,-1.0,1,1,1,0.0457132999827496,0.5,0.0017749100885437,0.0,0.0301462007378896,0.0537685994868104,0.0882711680645695,0.1207070124879923,0.1207070124879923,0.1037335531336813,0.0820282000642997,0.036962306867379,0.0,0.0301462007378896,0.0278319395698831,0.0457132999827496,0.036962306867379,0.0847298372634135,-0.0640021601902725,0.0640021601902725,0.0640021601902725,0,0,0,0,0,2
868.png,0.6231387788080489,0.6234795996920708,0.5541934700813206,0.6456978678360804,0.765904337853336,0.7849530922670553,0.6662278577563187,0.0823492044022842,0.2307596221857347,L5,H2,0.0003408208840218,-0.0689453087267283,0.0225590890280314,0.1427655590452871,0.1618143134590064,0.8184293941693825,0.1815706058306174,1.0,-1.0,1,1,1,0.0541527847708014,0.25,0.002179618797371,0.0,0.048467365454065,0.0966492180783336,0.138137419200383,0.1815706058306174,0.1815706058306174,0.1423111560173083,0.0951269553512305,0.0501932178368286,0.0,0.048467365454065,0.0541527847708014,0.0541322007689293,0.0501932178368286,0.2307596221857347,0.16181431345900643,0.16181431345900643,0.0,1,0,0,0,0,3
900.png,0.5823768749620453,0.5922265742693582,0.5922265742693582,0.5897637319475497,0.6214298078587502,0.5786071472130747,0.5927717850866894,0.013781728756779,0.0428226606456755,L4,L5,0.0098496993073129,0.0098496993073129,0.0073868569855044,0.0390529328967049,-0.0037697277489705,0.7132268021754194,0.2867731978245805,1.0,-1.0,1,1,1,0.1031548942970048,0.25,0.0158545548898368,0.0,0.0908882871200275,0.1760911804178434,0.2424531036481841,0.2867731978245805,0.2867731978245805,0.2207503010747801,0.1216079433171061,0.0543530060949609,0.0,0.0908882871200275,0.1031548942970048,0.0712134506390951,0.0543530060949609,0.0428226606456755,-0.0037697277489705527,0.0037697277489705527,0.0037697277489705527,0,0,0,0,0,5
915.png,0.7794842488749196,0.691922691922692,0.691922691922692,0.6873357043451368,0.6965326787358085,0.6965326787358085,0.7072884490895096,0.0324395121929811,0.0921485445297828,H0,L3,-0.0875615569522276,-0.0875615569522276,-0.0921485445297828,-0.0829515701391111,-0.0829515701391111,0.7579081227149896,0.2420918772850103,1.0,-1.0,1,1,1,0.0840570387048353,0.25,0.0132788610905449,0.0,0.0755131264916467,0.1521207177814029,0.2018982771071907,0.2420918772850103,0.2420918772850103,0.1822902127184411,0.111660734752971,0.0634367162170428,0.0,0.0755131264916467,0.0840570387048353,0.0602691632533645,0.0634367162170428,0.0921485445297828,-0.08295157013911114,0.08295157013911114,0.08295157013911114,0,0,0,0,0,4
921.png,0.4961907916528651,0.4056322772813431,0.4077510917030568,0.4077510917030568,0.2436631234668847,0.506765899864682,0.411292379278648,0.0861003476094086,0.2631027763977973,L5,L4,-0.090558514371522,-0.0884396999498083,-0.0884396999498083,-0.2525276681859805,0.0105751082118168,0.8990161594535352,0.1009838405464648,1.0,-1.0,1,1,1,0.0473971296933749,0.5,0.0037887634848457,0.0,0.0309172282524821,0.0615691210404867,0.0779332289509571,0.1009838405464648,0.1009838405464648,0.0785444630872482,0.0594085877760547,0.0254219843557019,0.0,0.0309172282524821,0.0317983048102359,0.0473971296933749,0.0254219843557019,0.2631027763977973,0.010575108211816897,0.010575108211816897,0.0,1,0,0,0,0,1
922.png,0.9588068181818182,0.9588068181818182,0.9588068181818182,0.9588068181818182,0.9485955056179776,0.9484132531804838,0.9553726719209558,0.0048569011805786,0.0103935650013344,H0,L5,0.0,0.0,0.0,-0.0102113125638406,-0.0103935650013344,0.7072492610260762,0.2927507389739238,1.0,-1.0,1,1,1,0.1955180253329003,0.75,0.0344221159402642,0.0,0.0485538436783459,0.0877138654486335,0.1307478196325848,0.2927507389739238,0.2927507389739238,0.2670529516378865,0.2325808521918687,0.1955180253329003,0.0,0.0485538436783459,0.0411279074150865,0.0453290462377241,0.1955180253329003,0.0103935650013344,-0.010393565001334482,0.010393565001334482,0.010393565001334482,0,0,0,0,0,5
929.png,0.7039795701213024,0.7540460451333485,0.7080479452054794,0.7080479452054794,0.7053304904051173,0.6935010482180294,0.7121588407147926,0.0193648172124272,0.0605449969153191,H1,L5,0.050066475012046,0.004068375084177,0.004068375084177,0.0013509202838148,-0.010478521903273,0.8205377126985411,0.1794622873014588,1.0,-1.0,1,1,1,0.0563355967314995,0.25,0.0034107766496945,0.0,0.0523746738856004,0.0987449813291405,0.1351276589859201,0.1794622873014588,0.1794622873014588,0.1428965821876208,0.1047745358090185,0.0551108206720034,0.0,0.0523746738856004,0.0563355967314995,0.0536018150879182,0.0551108206720034,0.0605449969153191,-0.01047852190327303,0.01047852190327303,0.01047852190327303,0,0,0,0,0,3
933.png,0.8000631213507969,0.8000631213507969,0.8000631213507969,0.7480664801711371,0.8000631213507969,0.7480664801711371,0.7827309076242437,0.0245114517180407,0.0519966411796598,H0,L3,0.0,0.0,-0.0519966411796598,0.0,-0.0519966411796598,0.9270700636942676,0.0729299363057325,1.0,-1.0,1,1,1,0.0350194552529182,0.0,0.0099085172954122,0.0,0.0350194552529182,0.0555555555555555,0.068362480127186,0.0729299363057325,0.0729299363057325,0.0404090384298202,0.021091396049548,0.0060728744939271,0.0,0.0350194552529182,0.0207550253309364,0.0150401069518716,0.0060728744939271,0.0519966411796598,-0.05199664117965985,0.05199664117965985,0.05199664117965985,0,0,0,0,0,1
935.png,0.9613375130616508,0.961453024957533,0.961453024957533,0.9610864455471404,0.9553237025147138,0.961453024957533,0.9603511226660174,0.0022520799686059,0.0061293224428192,H1,L4,0.0001155118958821,0.0001155118958821,-0.0002510675145106,-0.0060138105469371,0.0001155118958821,0.9283751288217108,0.0716248711782892,1.0,-1.0,1,1,1,0.0326980241300927,0.0,0.0060995739983642,0.0,0.0326980241300927,0.0498217546300321,0.05541539799913,0.0716248711782892,0.0716248711782892,0.0391689373297002,0.0237994410095705,0.0173714092026099,0.0,0.0326980241300927,0.0171536936470994,0.0082346886258363,0.0173714092026099,0.0061293224428192,0.00011551189588221433,0.00011551189588221433,0.0,0,0,0,0,0,1
939.png,0.0,0.0,0.0,0.8156206415620642,0.8143377205264631,0.0,0.2716597270147545,0.3841850487989616,0.8156206415620642,L3,H0,0.0,0.0,0.8156206415620642,0.8143377205264631,0.0,0.6458727754638395,0.3541272245361605,1.0,-1.0,1,1,1,0.1288176174169659,0.25,0.0104783983147077,0.0,0.0658978583196046,0.1859762240580293,0.2864408503712745,0.3541272245361605,0.3541272245361605,0.3028042547313164,0.1831887088342917,0.0786139520683865,0.0,0.0658978583196046,0.1288176174169659,0.1090815940124295,0.0786139520683865,0.8156206415620642,0.0,0.0,0.0,1,1,1,0,0,5
942.png,0.5813828356201237,0.591881513987932,0.591881513987932,0.574369096292119,0.5764503766353906,0.5854421381859539,0.5835679124515751,0.0068531836726143,0.017512417695813,H1,L3,0.0104986783678082,0.0104986783678082,-0.0070137393280047,-0.0049324589847331,0.0040593025658302,0.8974334750433003,0.1025665249566997,1.0,-1.0,1,1,1,0.0293894577171027,0.5,0.0023742985489354,0.0,0.0205561530188969,0.0464828779824453,0.07493926368903,0.1025665249566997,0.1025665249566997,0.0833492154246871,0.0575528073371041,0.0287021228618368,0.0,0.0205561530188969,0.0266496275285976,0.0293894577171027,0.0287021228618368,0.017512417695813,0.004059302565830203,0.004059302565830203,0.0,0,0,0,0,0,1
943.png,0.9473023839397742,0.9473023839397742,0.9473023839397742,0.9453076444996892,0.9477635283077884,0.9474342928660826,0.9470687695821473,0.0008043201599575,0.0024558838080992,L4,L3,0.0,0.0,-0.0019947394400848,0.0004611443680143,0.0001319089263084,0.8944045286305247,0.1055954713694753,1.0,-1.0,1,1,1,0.04510599909788,0.75,0.0041010932889678,0.0,0.0318091451292246,0.0529533791898678,0.0941361491799596,0.1055954713694753,0.1055954713694753,0.0915742793791574,0.0781369863013698,0.04510599909788,0.0,0.0318091451292246,0.0227955076170355,0.0412849225200768,0.04510599909788,0.0024558838080992,0.00013190892630843276,0.00013190892630843276,0.0,0,0,0,0,0,1
944.png,0.929245283018868,0.9300864100549884,0.9300864100549884,0.92918961447679,0.929245283018868,0.9309262166405023,0.929796536210834,0.0006351306583144,0.0017366021637124,L5,L3,0.0008411270361203,0.0008411270361203,-5.56685420779468e-05,0.0,0.0016809336216344,0.9608531668617506,0.0391468331382494,1.0,-1.0,1,1,1,0.0171611015032592,0.75,0.002890675135593,0.0,0.0108805668016194,0.0135735126220981,0.0220005116398055,0.0391468331382494,0.0391468331382494,0.0282783111929501,0.0255869163809021,0.0171611015032592,0.0,0.0108805668016194,0.0065409772989611,0.0084295162754506,0.0171611015032592,0.0017366021637124,0.0016809336216343507,0.0016809336216343507,0.0,0,0,0,0,0,1
945.png,0.9188911704312116,0.9188911704312116,0.9188911704312116,0.9188911704312116,0.9188911704312116,0.9188911704312116,0.9188911704312116,1.1102230246251563e-16,0.0,H0,H0,0.0,0.0,0.0,0.0,0.0,0.9748139668002288,0.025186033199771,1.0,-0.8999999999999998,1,0,0,0.0147142048670062,0.75,0.0024501513127763,0.0,0.0029205607476635,0.0087108013937282,0.0138969310943832,0.025186033199771,0.025186033199771,0.0256849315068493,0.0198637911464245,0.0147142048670062,0.0,0.0029205607476635,0.005790387955993,0.005166475315729,0.0147142048670062,0.0,0.0,0.0,0.0,0,0,0,0,0,1
954.png,0.4855875831485587,0.4841562269712601,0.4855875831485587,0.4841562269712601,0.4984825493171472,0.4859467455621302,0.4873194858531524,0.005041656296494,0.014326322345887,L4,H1,-0.0014313561772986,0.0,-0.0014313561772986,0.0128949661685884,0.0003591624135714,0.9569900193868026,0.0430099806131973,1.0,-1.0,1,1,1,0.0149451520282706,0.0,0.0019776225847257,0.0,0.0149451520282706,0.0244969378827646,0.0349609939323894,0.0430099806131973,0.0430099806131973,0.0315475344607076,0.0218906173013303,0.0088594349494245,0.0,0.0149451520282706,0.009593882997908,0.0130274709713962,0.0088594349494245,0.014326322345887,0.0003591624135714788,0.0003591624135714788,0.0,0,0,0,0,0,1
956.png,0.6443349753694582,0.6470588235294118,0.6470588235294118,0.6470588235294118,0.6470588235294118,0.6522593320235757,0.6474716002517801,0.0023608730610086,0.0079243566541175,L5,H0,0.0027238481599536,0.0027238481599536,0.0027238481599536,0.0027238481599536,0.0079243566541175,0.820767099314569,0.1792329006854309,1.0,-0.6,1,0,0,0.2287990004685304,0.5,0.0099043246418604,0.0,0.0396774193548387,0.0784602784602784,0.1676593210244192,0.1792329006854309,0.1792329006854309,0.2040970025606265,0.2371638141809291,0.0403913347309573,0.0,0.0396774193548387,0.0426363173093256,0.2287990004685304,0.0403913347309573,0.0079243566541175,0.007924356654117504,0.007924356654117504,0.0,0,0,0,0,0,3
958.png,0.6182069920387677,0.6182069920387677,0.6182069920387677,0.6182069920387677,0.6182069920387677,0.6328665130296047,0.6206502455372406,0.0054632809088494,0.014659520990837,L5,H0,0.0,0.0,0.0,0.0,0.014659520990837,0.8984184269185861,0.1015815730814139,1.0,-1.0,1,1,1,0.0313540212606034,0.75,0.0015460484260833,0.0,0.0272947510094212,0.047938534790607,0.0732075471698113,0.1015815730814139,0.1015815730814139,0.0765106428609726,0.0562560620756547,0.0313540212606034,0.0,0.0272947510094212,0.0237821879612923,0.0267163035147268,0.0313540212606034,0.014659520990837,0.014659520990837005,0.014659520990837005,0.0,0,0,0,0,0,1
960.png,0.8350253807106599,0.8350253807106599,0.8350253807106599,0.8350253807106599,0.8294280675233057,0.8350253807106599,0.8340924951794343,0.0020859954630466,0.0055973131873542,H0,L4,0.0,0.0,0.0,-0.0055973131873542,0.0,0.8912420912420912,0.1087579087579088,1.0,-1.0,1,1,1,0.0327787843847801,0.5,0.0028708635254652,0.0,0.0237262566001508,0.04671250973883,0.0783437791705561,0.1087579087579088,0.1087579087579088,0.0891656123060531,0.0637401691401493,0.0316874027993778,0.0,0.0237262566001508,0.0257070279424216,0.0327787843847801,0.0316874027993778,0.0055973131873542,0.0,0.0,0.0,0,0,0,0,0,1
963.png,0.6509231429798197,0.5981455908463208,0.6509231429798197,0.6509231429798197,0.779826464208243,0.0,0.5551235806656705,0.2543085846834358,0.779826464208243,L4,L5,-0.0527775521334988,0.0,0.0,0.1289033212284233,-0.6509231429798197,0.8506063055780113,0.1493936944219887,1.0,-1.0,1,1,1,0.0499003555937633,0.75,0.0058167612892119,0.0,0.029447322970639,0.0616824012531221,0.103877010963162,0.1493936944219887,0.1493936944219887,0.1237973059653624,0.0925408384176342,0.0499003555937633,0.0,0.029447322970639,0.0332843651626443,0.0472376593658058,0.0499003555937633,0.779826464208243,-0.6509231429798197,0.6509231429798197,0.6509231429798197,1,1,0,1,1,2
982.png,0.9467864547339324,0.9467864547339324,0.9467864547339324,0.9405304045004018,0.9428686651431644,0.9471213585530858,0.9451466320664084,0.0025319718957271,0.0065909540526839,L5,L3,0.0,0.0,-0.0062560502335304,-0.0039177895907679,0.0003349038191534,0.7693872879416028,0.2306127120583971,1.0,-1.0,1,1,1,0.0934194590230117,0.0,0.0126100510157761,0.0,0.0934194590230117,0.1379437869822485,0.1776060771612164,0.2306127120583971,0.2306127120583971,0.1416014217781833,0.0959162946692174,0.0549834583663388,0.0,0.0934194590230117,0.0466187121985215,0.0410265068377511,0.0549834583663388,0.0065909540526839,0.00033490381915335377,0.00033490381915335377,0.0,0,0,0,0,0,4
992.png,0.9099065420560748,0.9099065420560748,0.9099065420560748,0.9129782445611404,0.9082089552238806,0.9112691875701984,0.9103626689205738,0.0014677448592153,0.0047692893372597,L3,L4,0.0,0.0,0.0030717025050654,-0.0016975868321942,0.0013626455141236,0.961826933840815,0.038173066159185,1.0,-1.0,1,1,1,0.0156112576956903,0.75,0.002245716106053,0.0,0.007174265216385,0.0139449118358879,0.0249118416562393,0.038173066159185,0.038173066159185,0.0343131776014306,0.0293921175684702,0.0156112576956903,0.0,0.007174265216385,0.0067886319180762,0.0138009049773755,0.0156112576956903,0.0047692893372597,0.0013626455141235727,0.0013626455141235727,0.0,0,0,0,0,0,1
994.png,0.9187354884800856,0.9276565036983584,0.9276565036983584,0.9234209055338176,0.9154849688031764,0.9187354884800856,0.9219483097823136,0.0046503532458366,0.0121715348951818,H1,L4,0.0089210152182725,0.0089210152182725,0.004685417053732,-0.0032505196769092,0.0,0.7310950737370568,0.2689049262629431,1.0,-1.0,1,1,1,0.0860833695180199,0.75,0.0102768609048541,0.0,0.0844114862732723,0.1138353765323992,0.1880967314795456,0.2689049262629431,0.2689049262629431,0.1945555489224524,0.1628312412831241,0.0860833695180199,0.0,0.0844114862732723,0.0515449136138791,0.0778389450774549,0.0860833695180199,0.0121715348951818,0.0,0.0,0.0,0,0,0,0,0,5
1004.png,0.7637362637362637,0.7682045580878266,0.76029451868012,0.7372262773722628,0.7721661054994389,0.764774044032445,0.7610669612347262,0.0112840507316761,0.0349398281271761,L4,L3,0.0044682943515629,-0.0034417450561436,-0.0265099863640009,0.0084298417631751,0.0010377802961812,0.8259726603575184,0.1740273396424816,1.0,-1.0,1,1,1,0.0579770305797703,0.5,0.0055523938821013,0.0,0.0300049188391539,0.0779352226720647,0.1357021109217254,0.1740273396424816,0.1740273396424816,0.1468531468531468,0.0982241953385127,0.0491992497475112,0.0,0.0300049188391539,0.0522503879979306,0.0579770305797703,0.0491992497475112,0.0349398281271761,0.0010377802961812899,0.0010377802961812899,0.0,0,0,0,0,0,3
1007.png,0.6858560794044665,0.687920298879203,0.687920298879203,0.6941442573510932,0.6990635282207036,0.6858560794044665,0.6901267570231893,0.0048686151016806,0.0132074488162371,L4,H0,0.0020642194747365,0.0020642194747365,0.0082881779466267,0.0132074488162371,0.0,0.927792864848778,0.072207135151222,1.0,-1.0,1,1,1,0.0224860853432281,0.5,0.0006916566120225,0.0,0.0177465004207144,0.0361693226334005,0.0572425959986486,0.072207135151222,0.072207135151222,0.0546167215175831,0.0383964692901802,0.0176483404749799,0.0,0.0177465004207144,0.0184086184086184,0.0224860853432281,0.0176483404749799,0.0132074488162371,0.0,0.0,0.0,0,0,0,0,0,1
1008.png,0.7329725695092368,0.7329725695092368,0.5057319223985891,0.5057319223985891,0.3741935483870968,0.7230769230769231,0.5957799092132786,0.1409290465563629,0.35877902112214,H0,L4,0.0,-0.2272406471106477,-0.2272406471106477,-0.35877902112214,-0.0098956464323137,0.8137922495976229,0.1862077504023771,1.0,-1.0,1,1,1,0.0727551088331225,0.0,0.0092318391819582,0.0,0.0727551088331225,0.1092196738353583,0.143496038844876,0.1862077504023771,0.1862077504023771,0.1221741514837608,0.0817092794564634,0.0454225352112676,0.0,0.0727551088331225,0.0412832310838445,0.0388892302021256,0.0454225352112676,0.35877902112214,-0.009895646432313776,0.009895646432313776,0.009895646432313776,1,0,0,0,0,3
1011.png,0.5117806102742372,0.5112868994790661,0.5112868994790661,0.5112868994790661,0.7036414565826331,0.5147630147630148,0.5440076300095139,0.0714011268907908,0.1923545571035669,L4,H1,-0.000493710795171,-0.000493710795171,-0.000493710795171,0.1918608463083959,0.0029824044887776,0.8399119091987125,0.1600880908012875,1.0,-1.0,1,1,1,0.0586806960744638,0.75,0.0049778847501644,0.0,0.0388893996506389,0.0707972665148063,0.1055560462856638,0.1600880908012875,0.1600880908012875,0.1377718075728318,0.0975102006828212,0.0586806960744638,0.0,0.0388893996506389,0.0424187725631769,0.0397431447414092,0.0586806960744638,0.1923545571035669,0.0029824044887776235,0.0029824044887776235,0.0,0,0,0,0,0,3
1015.png,0.8499724214009928,0.8499724214009928,0.8505621058404168,0.8505747126436781,0.8475593127897464,0.8505747126436781,0.8498692811199176,0.0010671225237618,0.0030153998539317,L3,L4,0.0,0.0005896844394239,0.0006022912426852,-0.0024131086112464,0.0006022912426852,0.8643789437289308,0.1356210562710692,1.0,-1.0,1,1,1,0.0434708489601091,0.5,0.0028142542301246,0.0,0.0277060914447095,0.0615254555701672,0.1033028181654999,0.1356210562710692,0.1356210562710692,0.1122522598989942,0.0773912328316474,0.0340576847096009,0.0,0.0277060914447095,0.0355021411797209,0.0434708489601091,0.0340576847096009,0.0030153998539317,0.0006022912426852933,0.0006022912426852933,0.0,0,0,0,0,0,2
1016.png,0.5763397371081901,0.5795753286147624,0.5763397371081901,0.5763397371081901,0.5723608445297504,0.5723608445297504,0.5755527048331389,0.0025303394333268,0.0072144840850119,H1,L4,0.0032355915065722,0.0,0.0,-0.0039788925784396,-0.0039788925784396,0.9070476522345152,0.0929523477654847,1.0,-1.0,1,1,1,0.0342453662842012,0.75,0.0048142238903792,0.0,0.0194884287454324,0.0355793727488359,0.0602896007020623,0.0929523477654847,0.0929523477654847,0.0783095633913728,0.0595511574483124,0.0342453662842012,0.0,0.0194884287454324,0.0195005735462807,0.0261705536763396,0.0342453662842012,0.0072144840850119,-0.003978892578439641,0.003978892578439641,0.003978892578439641,0,0,0,0,0,1
1023.png,0.9466077880369328,0.9466077880369328,0.9466077880369328,0.9434915569738068,0.9538503549972692,0.953846153846154,0.9485019049880048,0.0039377137541095,0.0103587980234625,L4,L3,0.0,0.0,-0.0031162310631261,0.0072425669603363,0.0072383658092209,0.8854265627968839,0.114573437203116,1.0,-1.0,1,1,1,0.0395033860045146,0.5,0.0024618474031921,0.0,0.0336713995943205,0.0504133897963299,0.0863379458195283,0.114573437203116,0.114573437203116,0.0839638309651227,0.0682819383259911,0.0295373665480427,0.0,0.0336713995943205,0.0201368523949169,0.0395033860045146,0.0295373665480427,0.0103587980234625,0.007238365809221214,0.007238365809221214,0.0,0,0,0,0,0,1
1027.png,0.7112555593568252,0.7112555593568252,0.7112555593568252,0.7204990469589326,0.7523102011233919,0.7591747306919847,0.7276251094741307,0.0202459857289534,0.0479191713351595,L5,H0,0.0,0.0,0.0092434876021074,0.0410546417665667,0.0479191713351595,0.8636723117619788,0.1363276882380212,1.0,-1.0,1,1,1,0.0479997779073317,0.5,0.0010403269761227,0.0,0.0388195098963242,0.0685476891119958,0.1023259682293254,0.1363276882380212,0.1363276882380212,0.1124230694254921,0.0820612250471066,0.0370779425686336,0.0,0.0388195098963242,0.036929974632765,0.0479997779073317,0.0370779425686336,0.0479191713351595,0.04791917133515955,0.04791917133515955,0.0,0,0,0,0,0,2
1029.png,0.6140350877192983,0.6140350877192983,0.467866323907455,0.467866323907455,0.467866323907455,0.0,0.4386115245268269,0.2067584953330961,0.6140350877192983,H0,L5,0.0,-0.1461687638118432,-0.1461687638118432,-0.1461687638118432,-0.6140350877192983,0.5625413633355394,0.4374586366644606,1.0,-1.0,1,1,1,0.1864316846693197,0.25,0.0063903733200733,0.0,0.1126937578550482,0.2292129665108437,0.3462330972311654,0.4374586366644606,0.4374586366644606,0.4127110065388087,0.2475343730262837,0.1139438085327783,0.0,0.1126937578550482,0.1864316846693197,0.138646348923864,0.1139438085327783,0.6140350877192983,-0.6140350877192983,0.6140350877192983,0.6140350877192983,1,1,0,1,1,5
1031.png,0.8897675154198956,0.8897675154198956,0.8897675154198956,0.8950892857142857,0.8966618750998243,0.0,0.7435089511789661,0.3325188413829729,0.8966618750998243,L4,L5,0.0,0.0,0.00532177029439,0.0068943596799286,-0.8897675154198956,0.6994426182649707,0.3005573817350293,1.0,-1.0,1,1,1,0.1125513243700184,0.5,0.0081277847607972,0.0,0.0901320901320901,0.1608579769006218,0.2404849293738182,0.3005573817350293,0.3005573817350293,0.2587737591610558,0.1803455723542116,0.0706283323209826,0.0,0.0901320901320901,0.0852446952042192,0.1125513243700184,0.0706283323209826,0.8966618750998243,-0.8897675154198956,0.8897675154198956,0.8897675154198956,1,1,1,1,1,5
1035.png,0.9478672985781992,0.9478672985781992,0.9511382565241532,0.8481045751633987,0.9479895704679566,0.9511382565241532,0.9323508759726769,0.0377037974269665,0.1030336813607546,H2,L3,0.0,0.0032709579459542,-0.0997627234148004,0.0001222718897575,0.0032709579459542,0.6870885291611804,0.3129114708388196,1.0,-1.0,1,1,1,0.136615525532402,0.0,0.0403226663563296,0.0,0.136615525532402,0.2523744911804613,0.2819905213270142,0.3129114708388196,0.3129114708388196,0.1923625360831913,0.0881285964473355,0.040821390905143,0.0,0.136615525532402,0.1196541498445817,0.055220181737307,0.040821390905143,0.1030336813607546,0.0032709579459540006,0.0032709579459540006,0.0,0,0,0,0,0,5
1037.png,0.7254749472280858,0.7254749472280858,0.7249277295975094,0.7262023769854493,0.7239345721597864,0.7254945543454101,0.7252515212573879,0.0006954885562089,0.0022678048256629,L3,L4,0.0,-0.0005472176305764,0.0007274297573635,-0.0015403750682994,1.9607117324293988e-05,0.8315264965322201,0.1684735034677799,1.0,-1.0,1,1,1,0.0715592529945804,0.0,0.0099961893443402,0.0,0.0715592529945804,0.098398967525899,0.1327329814028913,0.1684735034677799,0.1684735034677799,0.109437334439728,0.0762091966616183,0.0379302644591188,0.0,0.0715592529945804,0.0386138613861386,0.0416309296034835,0.0379302644591188,0.0022678048256629,1.9607117324293988e-05,1.9607117324293988e-05,0.0,0,0,0,0,0,3
1039.png,0.7779960707269156,0.7779960707269156,0.7702649268485567,0.7779960707269156,0.768479408658923,0.7797541198012032,0.7754144445815716,0.0043481685379386,0.0112747111422802,L5,L4,0.0,-0.0077311438783588,0.0,-0.0095166620679926,0.0017580490742876,0.910118769773352,0.0898812302266479,1.0,-1.0,1,1,1,0.0460303393629776,0.0,0.0083936553120172,0.0,0.0460303393629776,0.0621367431047236,0.0661988059076149,0.0898812302266479,0.0898812302266479,0.0876149269875607,0.0749739483354358,0.0460301070593989,0.0,0.0460303393629776,0.0183622828784119,0.0308101518342014,0.0460301070593989,0.0112747111422802,0.0017580490742876709,0.0017580490742876709,0.0,0,0,0,0,0,1
1040.png,0.699645554014486,0.6994451294697904,0.6994451294697904,0.6992446431324186,0.6978683966635774,0.6978683966635774,0.69891954156894,0.0007522279801634,0.0017771573509086,H0,L4,-0.0002004245446955,-0.0002004245446955,-0.0004009108820673,-0.0017771573509086,-0.0017771573509086,0.8400099218653106,0.1599900781346893,1.0,-1.0,1,1,1,0.0578646008757157,0.0,0.0070198278997806,0.0,0.0578646008757157,0.0909569566934316,0.1137224180702441,0.1599900781346893,0.1599900781346893,0.1052283256121773,0.0741308190925161,0.0505440505440505,0.0,0.0578646008757157,0.0333354579641786,0.0356391535701027,0.0505440505440505,0.0017771573509086,-0.0017771573509086647,0.0017771573509086647,0.0017771573509086647,0,0,0,0,0,3
1041.png,0.9296274393849792,0.931288705396638,0.93270643549809,0.933176332057698,0.931044687777449,0.9281045751633988,0.9309913625463756,0.0017320821348254,0.0050717568942992,L3,L5,0.0016612660116588,0.0030789961131106,0.0035488926727187,0.0014172483924697,-0.0015228642215805,0.8317529124898402,0.1682470875101598,1.0,-1.0,1,1,1,0.0579887811582896,0.5,0.0060371430459436,0.0,0.0250370684177081,0.072289156626506,0.124858690991307,0.1682470875101598,0.1682470875101598,0.1464541464541464,0.099804449691916,0.043537220755121,0.0,0.0250370684177081,0.0510232801254473,0.0579887811582896,0.043537220755121,0.0050717568942992,-0.0015228642215803223,0.0015228642215803223,0.0015228642215803223,0,0,0,0,0,3
1047.png,0.7360362303213285,0.7678550957239482,0.7102977667493796,0.7035937340022524,0.7360362303213285,0.705012325390304,0.7264718970847568,0.0228802976582325,0.0642613617216957,H1,L3,0.0318188654026196,-0.0257384635719488,-0.032442496319076,0.0,-0.0310239049310244,0.7510964514842872,0.2489035485157128,0.8999999999999998,-1.0,0,1,0,0.1079899544228444,0.5,0.0324382662584712,0.0,0.0920837956013835,0.1814971751412429,0.2619656833232991,0.2489035485157128,0.2489035485157128,0.1771667807254136,0.1177437264046191,0.0600356265947715,0.0,0.0920837956013835,0.0909588612544971,0.1079899544228444,0.0600356265947715,0.0642613617216957,-0.03102390493102447,0.03102390493102447,0.03102390493102447,0,0,0,0,0,4
1053.png,0.8501618122977346,0.8501618122977346,0.8501618122977346,0.8511394860190723,0.8516962843295638,0.8515587142626393,0.8508133202507464,0.0006726824095103,0.0015344720318292,L4,H0,0.0,0.0,0.0009776737213377,0.0015344720318292,0.0013969019649047,0.7467376675054128,0.2532623324945872,1.0,-1.0,1,1,1,0.0933724925191178,0.5,0.0056099762280728,0.0,0.0678346330520243,0.1233656256351195,0.2102120399707531,0.2532623324945872,0.2532623324945872,0.1888243952564778,0.1358222507076857,0.046726219691764,0.0,0.0678346330520243,0.0599980861854486,0.0933724925191178,0.046726219691764,0.0015344720318292,0.0013969019649047176,0.0013969019649047176,0.0,0,0,0,0,0,4
1054.png,0.7938476213187076,0.7925621830475731,0.7934652993083711,0.7880222511539827,0.7785876448799139,0.7621215570225358,0.7847677594551806,0.0114052630182848,0.0317260642961717,H0,L5,-0.0012854382711344,-0.0003823220103364,-0.0058253701647248,-0.0152599764387936,-0.0317260642961717,0.700600396320724,0.299399603679276,1.0,-1.0,1,1,1,0.112776025236593,0.75,0.0071145750042446,0.0,0.0589787366133788,0.1451118548529152,0.2094359390313968,0.299399603679276,0.299399603679276,0.2646465827075358,0.1685850798132262,0.112776025236593,0.0,0.0589787366133788,0.0994200784803972,0.0699699515545471,0.112776025236593,0.0317260642961717,-0.03172606429617175,0.03172606429617175,0.03172606429617175,0,0,0,0,0,5
1057.png,0.3994724501758499,0.1487091222030981,0.3411800672577194,0.4089503901074636,0.7556368068251066,0.6301050175029171,0.4473423090120258,0.196920190964458,0.6069276846220085,L4,H1,-0.2507633279727518,-0.0582923829181305,0.0094779399316136,0.3561643566492566,0.2306325673270672,0.9010396178701884,0.0989603821298117,1.0,-1.0,1,1,1,0.0517479545213048,0.75,0.0047528520399654,0.0,0.0291011235955056,0.0595756406723615,0.0835280691266778,0.0989603821298117,0.0989603821298117,0.0816091323198506,0.0671119250242379,0.0517479545213048,0.0,0.0291011235955056,0.0311776425609822,0.0264969747548508,0.0517479545213048,0.6069276846220085,0.23063256732706722,0.23063256732706722,0.0,1,1,0,0,0,1
1060.png,0.8584248800866471,0.8584248800866471,0.8584248800866471,0.8570100697134004,0.8527903000155449,0.8577141978157207,0.8571315346341012,0.0020090957958905,0.0056345800711021,H0,L4,0.0,0.0,-0.0014148103732466,-0.0056345800711021,-0.0007106822709264,0.7737518116847418,0.2262481883152581,1.0,-1.0,1,1,1,0.0739642228195384,0.75,0.0061142281835257,0.0,0.0661324906895384,0.1056810556922388,0.1561284823949289,0.2262481883152581,0.2262481883152581,0.1740634286549423,0.1351926144327904,0.0739642228195384,0.0,0.0661324906895384,0.0458645799369633,0.0627666683801984,0.0739642228195384,0.0056345800711021,-0.0007106822709264105,0.0007106822709264105,0.0007106822709264105,0,0,0,0,0,4
1061.png,0.7404444444444445,0.7392944308852896,0.7392944308852896,0.7411032028469751,0.6678693124874724,0.8783747661053194,0.7510634312757984,0.0627407697714743,0.210505453617847,L5,L4,-0.0011500135591548,-0.0011500135591548,0.0006587584025306,-0.072575131956972,0.1379303216608749,0.8622862913054076,0.1377137086945924,1.0,-1.0,1,1,1,0.051341099972907,0.5,0.0012569195725079,0.0,0.0317824695269811,0.0672669145951588,0.1012365810572089,0.1377137086945924,0.1377137086945924,0.1178573884342982,0.0909027801881225,0.0415685137534882,0.0,0.0317824695269811,0.0405854098836272,0.051341099972907,0.0415685137534882,0.210505453617847,0.13793032166087493,0.13793032166087493,0.0,1,0,0,0,0,2
1069.png,0.6206498750240338,0.6206498750240338,0.6206498750240338,0.6017897091722595,0.0,0.5770468358956025,0.5067976950233272,0.2271890860418038,0.6206498750240338,H0,L4,0.0,0.0,-0.0188601658517743,-0.6206498750240338,-0.0436030391284313,0.856772940605276,0.143227059394724,1.0,-1.0,1,1,1,0.0577293489626328,0.75,0.0060495891836297,0.0,0.0561552595314652,0.0809507406131587,0.1068580542264753,0.143227059394724,0.143227059394724,0.1172979868005101,0.0892253091554372,0.0577293489626328,0.0,0.0561552595314652,0.0332308420056765,0.0405817499413558,0.0577293489626328,0.6206498750240338,-0.04360303912843133,0.04360303912843133,0.04360303912843133,1,1,0,0,0,2
1072.png,0.4200626959247649,0.4184884447220487,0.4190715181932246,0.4190715181932246,0.4135240572171652,0.6007194244604317,0.4484896097851432,0.0681120570641328,0.1871953672432665,L5,L4,-0.0015742512027162,-0.0009911777315403,-0.0009911777315403,-0.0065386387075997,0.1806567285356667,0.6033057851239669,0.396694214876033,1.0,-0.8999999999999998,1,0,0,0.2400149309443822,0.25,0.0133337003531773,0.0,0.0714623757690487,0.2053701015965167,0.3294549908144519,0.396694214876033,0.396694214876033,0.4269631297495074,0.2082936129647282,0.0773480662983425,0.0,0.0714623757690487,0.2400149309443822,0.1330897703549061,0.0773480662983425,0.1871953672432665,0.18065672853566678,0.18065672853566678,0.0,0,0,0,0,0,5
1073.png,0.6578199052132702,0.6578199052132702,0.6578199052132702,0.6731328806983511,0.3686354378818737,0.3154848046309696,0.5551188064751674,0.151531278598712,0.3576480760673814,L3,L5,0.0,0.0,0.0153129754850809,-0.2891844673313964,-0.3423351005823005,0.7901167526472984,0.2098832473527015,1.0,-1.0,1,1,1,0.0681381957773512,0.25,0.0119252056759231,0.0,0.0629335976214073,0.129326923076923,0.1821903787103377,0.2098832473527015,0.2098832473527015,0.145489027363858,0.127653997378768,0.0653943306202637,0.0,0.0629335976214073,0.0681381957773512,0.0643564356435643,0.0653943306202637,0.3576480760673814,-0.34233510058230054,0.34233510058230054,0.34233510058230054,1,0,0,1,0,4
1074.png,0.8614259597806215,0.8614259597806215,0.8576682603898492,0.8552437223042836,0.7692919649960223,0.86608442503639,0.8451900487146314,0.0341103254396098,0.0967924600403677,L5,L4,0.0,-0.0037576993907723,-0.0061822374763379,-0.0921339947845992,0.0046584652557685,0.9412041392285984,0.0587958607714016,0.8999999999999998,-0.8999999999999998,0,0,0,0.0402490549255059,0.5,0.0058842565091786,0.0,0.0189675870348139,0.0318592486923442,0.0667882379758376,0.0587958607714016,0.0587958607714016,0.0409627401064568,0.030261348005502,0.0314769975786924,0.0,0.0189675870348139,0.0133333333333333,0.0402490549255059,0.0314769975786924,0.0967924600403677,0.004658465255768518,0.004658465255768518,0.0,0,0,0,0,0,1
1078.png,0.6664430655710213,0.6664430655710213,0.6664430655710213,0.6664430655710213,0.6609398686205155,0.6627417998317914,0.6649089884560654,0.0022310008658546,0.0055031969505058,H0,L4,0.0,0.0,0.0,-0.0055031969505058,-0.0037012657392299,0.79258214069744,0.2074178593025599,1.0,-1.0,1,1,1,0.0962083814725344,0.25,0.0156610593081336,0.0,0.0529227364927161,0.1484148414841484,0.1880945075176434,0.2074178593025599,0.2074178593025599,0.1595722151630665,0.0706060253576829,0.0362985074626865,0.0,0.0529227364927161,0.0962083814725344,0.0440132513014671,0.0362985074626865,0.0055031969505058,-0.0037012657392299086,0.0037012657392299086,0.0037012657392299086,0,0,0,0,0,4
1084.png,0.1568791946308725,0.1485232067510548,0.1186299081035923,0.1186299081035923,0.4467625899280575,0.0496894409937888,0.1731857080851597,0.1270973709672583,0.3970731489342687,L4,L5,-0.0083559878798176,-0.0382492865272801,-0.0382492865272801,0.2898833952971851,-0.1071897536370836,0.8673746221223161,0.1326253778776839,1.0,-0.8999999999999998,1,0,0,0.0681658468025299,0.75,0.0084336950853447,0.0,0.0528417599657705,0.0712155379355495,0.0818888224745965,0.1326253778776839,0.1326253778776839,0.1529079280083296,0.126044039483675,0.0681658468025299,0.0,0.0528417599657705,0.0372236216064931,0.058521936570717,0.0681658468025299,0.3970731489342687,-0.10718975363708369,0.10718975363708369,0.10718975363708369,1,0,0,0,0,2
1085.png,0.6568036529680366,0.6568036529680366,0.5118687958567113,0.5118687958567113,0.5417371252882398,0.5200235571260307,0.5665175966772944,0.0646166829069499,0.1449348571113252,H0,H2,0.0,-0.1449348571113252,-0.1449348571113252,-0.1150665276797967,-0.1367800958420059,0.7006239032949892,0.2993760967050107,1.0,-1.0,1,1,1,0.1163397592389932,0.0,0.0275861043021764,0.0,0.1163397592389932,0.2132305716120744,0.2574243357173306,0.2993760967050107,0.2993760967050107,0.1938105310030057,0.0933399975009371,0.0461458129364924,0.0,0.1163397592389932,0.1032834580216126,0.0474010720954044,0.0461458129364924,0.1449348571113252,-0.1367800958420059,0.1367800958420059,0.1367800958420059,0,0,0,0,0,5
1089.png,0.8142551674982181,0.8142551674982181,0.8142551674982181,0.8142551674982181,0.833426808749299,0.8142551674982181,0.8174504410400649,0.0071448488462759,0.0191716412510808,L4,H0,0.0,0.0,0.0,0.0191716412510808,0.0,0.7844467476993624,0.2155532523006376,1.0,-1.0,1,1,1,0.1376383513274937,0.75,0.0254142462573827,0.0,0.0362156609687359,0.0610769596074189,0.0989660265878877,0.2155532523006376,0.2155532523006376,0.2020291693088142,0.1939890710382513,0.1376383513274937,0.0,0.0362156609687359,0.0270184022976278,0.0587870938678979,0.1376383513274937,0.0191716412510808,0.0,0.0,0.0,0,0,0,0,0,4
1092.png,0.9086564969674692,0.9081200515558828,0.9081200515558828,0.9081200515558828,0.9082551939694796,0.9081200515558828,0.9082319828600802,0.0001961570163623,0.0005364454115862,H0,H1,-0.0005364454115862,-0.0005364454115862,-0.0005364454115862,-0.0004013029979894,-0.0005364454115862,0.904168784951703,0.0958312150482969,1.0,-1.0,1,1,1,0.0319526627218934,0.0,0.0069044074097132,0.0,0.0319526627218934,0.0610595441055755,0.0852566527935426,0.0958312150482969,0.0958312150482969,0.0691734197730956,0.0451765634247386,0.0206199106908326,0.0,0.0319526627218934,0.0297565374211,0.0256376802139735,0.0206199106908326,0.0005364454115862,-0.0005364454115863726,0.0005364454115863726,0.0005364454115863726,0,0,0,0,0,1
1093.png,0.8339000784724039,0.8325886990801576,0.8332024090075936,0.8355809128630706,0.8328522697454737,0.8312093628088426,0.8332222886629238,0.0013299826187296,0.0043715500542279,L3,L5,-0.0013113793922462,-0.0006976694648103,0.0016808343906666,-0.0010478087269302,-0.0026907156635612,0.8547368421052631,0.1452631578947368,1.0,-1.0,1,1,1,0.05589801064724,0.0,0.0135976650047127,0.0,0.05589801064724,0.1033352337514252,0.1266498174670036,0.1452631578947368,0.1452631578947368,0.0977464592199818,0.0595500035488678,0.0336340116075798,0.0,0.05589801064724,0.0483870967741935,0.0280717225161669,0.0336340116075798,0.0043715500542279,-0.0026907156635612717,0.0026907156635612717,0.0026907156635612717,0,0,0,0,0,2
1096.png,0.7246257945458273,0.7246257945458273,0.7261588727792526,0.6375421772331735,0.7654857639643555,0.7436112274821952,0.720341605091772,0.039803192548089,0.127943586731182,L4,L3,0.0,0.0015330782334253,-0.0870836173126538,0.0408599694185282,0.0189854329363678,0.8060317304386266,0.1939682695613733,1.0,-1.0,1,1,1,0.0859858334080516,0.75,0.0165692963526372,0.0,0.0308281756557619,0.0622392211404728,0.1150385257826391,0.1939682695613733,0.1939682695613733,0.1732329084588644,0.1543112888634956,0.0859858334080516,0.0,0.0308281756557619,0.0503719688795502,0.0724365984481592,0.0859858334080516,0.127943586731182,0.018985432936367896,0.018985432936367896,0.0,0,0,0,0,0,3
1103.png,0.6220515633571037,0.6408222142084385,0.6396542409508373,0.6220515633571037,0.6412847347527968,0.6363143631436314,0.6336964466283185,0.0083856434173434,0.0192331713956931,L4,H0,0.0187706508513348,0.0176026775937336,0.0,0.0192331713956931,0.0142627997865277,0.7487437185929648,0.2512562814070351,1.0,-1.0,1,1,1,0.1195799274617008,0.0,0.0378212358066213,0.0,0.1195799274617008,0.200023346757719,0.2463873269242397,0.2512562814070351,0.2512562814070351,0.1760057944294462,0.1072434462338413,0.0462536784124348,0.0,0.1195799274617008,0.1044603947705716,0.0699341623994147,0.0462536784124348,0.0192331713956931,0.01426279978652778,0.01426279978652778,0.0,0,0,0,0,0,4
1107.png,0.4910105393676379,0.5005537098560354,0.4950062421972534,0.5005537098560354,0.4824961948249619,0.5411122483793926,0.5017887740802195,0.018635821665173,0.0586160535544307,L5,L4,0.0095431704883974,0.0039957028296154,0.0095431704883974,-0.008514344542676,0.0501017090117547,0.8758141236736188,0.1241858763263812,1.0,-1.0,1,1,1,0.0428621210361249,0.0,0.0043966903993191,0.0,0.0428621210361249,0.0672825250192455,0.098117620430797,0.1241858763263812,0.1241858763263812,0.0976093381720228,0.0734320363068223,0.0395826493013753,0.0,0.0428621210361249,0.0286457307222506,0.0351866774106902,0.0395826493013753,0.0586160535544307,0.05010170901175476,0.05010170901175476,0.0,0,0,0,0,0,2
1111.png,0.0,0.8713924050632912,0.7944307944307945,0.8708206686930091,0.8708206686930091,0.8708206686930091,0.7130475342621855,0.3201068064220787,0.8713924050632912,H1,H0,0.8713924050632912,0.7944307944307945,0.8708206686930091,0.8708206686930091,0.8708206686930091,0.7948717948717948,0.2051282051282051,1.0,-1.0,1,1,1,0.0669842214944924,0.25,0.0037642627107695,0.0,0.0432756324900133,0.1099411582533291,0.1504083147735708,0.2051282051282051,0.2051282051282051,0.1667563206024744,0.1027136697945726,0.0599044468945241,0.0,0.0432756324900133,0.0669842214944924,0.0482202820685023,0.0599044468945241,0.8713924050632912,0.8708206686930091,0.8708206686930091,0.0,1,1,1,0,0,4
1113.png,0.5283174865646961,0.5475728155339806,0.5328574427881587,0.5283174865646961,0.5889917695473251,0.5321062539217737,0.5430272091534384,0.021559401035055,0.060674282982629,L4,H0,0.0192553289692845,0.0045399562234625,0.0,0.060674282982629,0.0037887673570775,0.799492385786802,0.2005076142131979,1.0,-1.0,1,1,1,0.095519925391872,0.0,0.0193226295451539,0.0,0.095519925391872,0.1385085930672881,0.1633460505864067,0.2005076142131979,0.2005076142131979,0.1654413010333728,0.1314089347079038,0.0814854394870424,0.0,0.095519925391872,0.0510153541357107,0.0566801619433198,0.0814854394870424,0.060674282982629,0.0037887673570775604,0.0037887673570775604,0.0,0,0,0,0,0,4
1114.png,0.7462522349057902,0.7462522349057902,0.7462522349057902,0.7462522349057902,0.7518359429125675,0.7462522349057902,0.7471828529069198,0.0020809251116106,0.0055837080067773,L4,H0,0.0,0.0,0.0,0.0055837080067773,0.0,0.870910849405473,0.1290891505945269,1.0,-1.0,1,1,1,0.044326544583262,0.25,0.0076074992168367,0.0,0.039257981018119,0.0825963624228266,0.1098168785350283,0.1290891505945269,0.1290891505945269,0.0973316984877679,0.0556696051201546,0.0305352798053527,0.0,0.039257981018119,0.044326544583262,0.0311126944543403,0.0305352798053527,0.0055837080067773,0.0,0.0,0.0,0,0,0,0,0,2
1118.png,0.8520767549186301,0.8520767549186301,0.8520767549186301,0.8522203348701771,0.8531196892449624,0.8524271844660194,0.8523329122228415,0.0003735926239918,0.0010429343263322,L4,H0,0.0,0.0,0.000143579951547,0.0010429343263322,0.0003504295473892,0.7962263307326015,0.2037736692673984,1.0,-1.0,1,1,1,0.0670615612439179,0.75,0.0069137706451587,0.0,0.059892175961582,0.1222058376050371,0.1581313435602724,0.2037736692673984,0.2037736692673984,0.1550246927759274,0.1094699848024316,0.0670615612439179,0.0,0.059892175961582,0.0641751149854311,0.0495621068212656,0.0670615612439179,0.0010429343263322,0.000350429547389286,0.000350429547389286,0.0,0,0,0,0,0,4
1120.png,0.7329310892346776,0.7326984126984127,0.7318541996830428,0.731043216716796,0.7350318471337579,0.7308423052564914,0.7324001784538631,0.0014061114723287,0.0041895418772665,L4,L5,-0.0002326765362649,-0.0010768895516348,-0.0018878725178816,0.0021007578990802,-0.0020887839781862,0.8124492282696995,0.1875507717303005,1.0,-1.0,1,1,1,0.0610375886881698,0.25,0.0092655330089151,0.0,0.0529708138532069,0.112878497508624,0.1618045112781955,0.1875507717303005,0.1875507717303005,0.1422153286623522,0.0863268331622761,0.0486278285989407,0.0,0.0529708138532069,0.0610375886881698,0.0550809352517985,0.0486278285989407,0.0041895418772665,-0.002088783978186237,0.002088783978186237,0.002088783978186237,0,0,0,0,0,3
1123.png,0.8763040238450075,0.8758782201405152,0.8758782201405152,0.8758503401360545,0.8815041539134237,0.8782051282051282,0.8772700143967741,0.0020666063379847,0.0056538137773692,L4,L3,-0.0004258037044923,-0.0004258037044923,-0.000453683708953,0.0052001300684162,0.0019011043601206,0.8469282690767647,0.1530717309232353,1.0,-0.8999999999999998,1,0,0,0.1063557150179395,0.0,0.0228149392642464,0.0,0.1063557150179395,0.1093605760354483,0.1279660016526974,0.1530717309232353,0.1530717309232353,0.1608668730650154,0.0855815615508308,0.0320292839167238,0.0,0.1063557150179395,0.077830663001944,0.0547043258876377,0.0320292839167238,0.0056538137773692,0.0019011043601206978,0.0019011043601206978,0.0,0,0,0,0,0,2
1124.png,0.8342711925939372,0.0120967741935483,0.0120967741935483,0.0094339622641509,0.0094339622641509,0.0094339622641509,0.1477944379622478,0.3070040472752853,0.8248372303297863,H0,L3,-0.8221744184003889,-0.8221744184003889,-0.8248372303297863,-0.8248372303297863,-0.8248372303297863,0.6092600605798356,0.3907399394201644,1.0,-1.0,1,1,1,0.192479944879177,0.0,0.0526958154072786,0.0,0.192479944879177,0.2834520576026239,0.3736569836848388,0.3907399394201644,0.3907399394201644,0.2533783783783784,0.1706392861508373,0.0581018108889281,0.0,0.192479944879177,0.1062838433446669,0.1341035297121338,0.0581018108889281,0.8248372303297863,-0.8248372303297863,0.8248372303297863,0.8248372303297863,1,1,1,1,1,5
1125.png,0.8990082979154017,0.8989448051948052,0.891358024691358,0.8904024767801858,0.9033806761352272,0.8965658217497956,0.8966100170777956,0.0045307053240454,0.0129781993550412,L4,L3,-6.349272059646971e-05,-0.0076502732240436,-0.0086058211352159,0.0043723782198253,-0.0024424761656061,0.785363491734108,0.2146365082658919,1.0,-1.0,1,1,1,0.0774587740621509,0.75,0.0049216515672109,0.0,0.0611093701034158,0.1138568829593693,0.1503579952267303,0.2146365082658919,0.2146365082658919,0.174864512588324,0.1217594135288236,0.0774587740621509,0.0,0.0611093701034158,0.0602463942307692,0.0484379478360561,0.0774587740621509,0.0129781993550412,-0.002442476165606111,0.002442476165606111,0.002442476165606111,0,0,0,0,0,4
1126.png,0.903866032664875,0.9085619285120532,0.9085619285120532,0.9085619285120532,0.8958461223654594,0.9036792062835882,0.9048461911416804,0.0045596767957852,0.0127158061465938,H1,L4,0.0046958958471782,0.0046958958471782,0.0046958958471782,-0.0080199102994156,-0.0001868263812867,0.9151800740491416,0.0848199259508583,1.0,-1.0,1,1,1,0.0332568807339449,0.75,0.0038007752919296,0.0,0.0171735241502682,0.0359699513919575,0.0550825369244135,0.0848199259508583,0.0848199259508583,0.0730762754672503,0.0546907516856738,0.0332568807339449,0.0,0.0171735241502682,0.0211336103987974,0.0236274594037287,0.0332568807339449,0.0127158061465938,-0.00018682638128675322,0.00018682638128675322,0.00018682638128675322,0,0,0,0,0,1
1130.png,0.9064641048555258,0.9064641048555258,0.9064641048555258,0.9065713008493518,0.9011320754716982,0.8830970888584058,0.9016987966243388,0.0085460564951663,0.023474211990946,L3,L5,0.0,0.0,0.000107195993826,-0.0053320293838275,-0.0233670159971199,0.9713981168946528,0.0286018831053472,1.0,-1.0,1,1,1,0.0111150950161348,0.25,0.0015120559177389,0.0,0.0071301247771835,0.0182077829346661,0.0250845045365593,0.0286018831053472,0.0286018831053472,0.0215878679750223,0.0105413614436304,0.0035612535612535,0.0,0.0071301247771835,0.0111150950161348,0.0069779924852388,0.0035612535612535,0.023474211990946,-0.02336701599711999,0.02336701599711999,0.02336701599711999,0,0,0,0,0,1
1134.png,0.83261231281198,0.8367346938775511,0.8364611260053619,0.8364611260053619,0.83261231281198,0.83261231281198,0.8345823140540358,0.0019721106410253,0.004122381065571,H1,H0,0.004122381065571,0.0038488131933819,0.0038488131933819,0.0,0.0,0.9177222682609212,0.0822777317390789,0.6,-0.8999999999999998,0,0,0,0.0734528629265471,0.25,0.0200790588688987,0.0,0.040983606557377,0.0980124929017604,0.0848157924939745,0.0822777317390789,0.0822777317390789,0.0563533244841317,0.0741347053320861,0.0359338061465721,0.0,0.040983606557377,0.0734528629265471,0.0442277160353822,0.0359338061465721,0.004122381065571,0.0,0.0,0.0,0,0,0,0,0,1
1137.png,0.6466697431164437,0.6466697431164437,0.6466697431164437,0.6466697431164437,0.8662790697674418,0.6435156730178242,0.6827456192085068,0.0820867341042717,0.2227633967496176,L4,L5,0.0,0.0,0.0,0.2196093266509982,-0.0031540700986194,0.8904283344716558,0.1095716655283441,1.0,-1.0,1,1,1,0.039905325443787,0.75,0.0045066532202201,0.0,0.0232702772739051,0.0463014957374036,0.0722524591801068,0.1095716655283441,0.1095716655283441,0.0975334673662531,0.0738144728573499,0.039905325443787,0.0,0.0232702772739051,0.029768014781359,0.0352196280174119,0.039905325443787,0.2227633967496176,-0.0031540700986194548,0.0031540700986194548,0.0031540700986194548,1,0,0,0,0,1
1138.png,0.4414322250639386,0.4414322250639386,0.5557343139508159,0.4227559189235224,0.3146195497292676,0.3297752808988764,0.4176249189383932,0.0801683362172352,0.2411147642215482,H2,L4,0.0,0.1143020888868772,-0.0186763061404162,-0.126812675334671,-0.1116569441650622,0.8169737433395391,0.1830262566604609,1.0,-1.0,1,1,1,0.075039494470774,0.25,0.008687095609075,0.0,0.0310259501300679,0.1030247599137649,0.1544629249221389,0.1830262566604609,0.1830262566604609,0.1548311990686844,0.1012793176972282,0.0517847485127095,0.0,0.0310259501300679,0.075039494470774,0.0550888307395676,0.0517847485127095,0.2411147642215482,-0.11165694416506217,0.11165694416506217,0.11165694416506217,1,0,0,0,0,3
1140.png,0.7969151670951157,0.8174334140435835,0.8174334140435835,0.7797605601987803,0.750053180174431,0.7824697557635243,0.7906775818865031,0.0234788854247438,0.0673802338691524,H1,L4,0.0205182469484678,0.0205182469484678,-0.0171546068963354,-0.0468619869206846,-0.0144454113315913,0.8425494887970415,0.1574505112029585,1.0,-1.0,1,1,1,0.0570817137616281,0.5,0.006496869873304,0.0,0.035357624831309,0.0847412174845803,0.1405512679162073,0.1574505112029585,0.1574505112029585,0.1274335515761175,0.0796742362218296,0.0331801939765186,0.0,0.035357624831309,0.0505968287903082,0.0570817137616281,0.0331801939765186,0.0673802338691524,-0.014445411331591385,0.014445411331591385,0.014445411331591385,0,0,0,0,0,3
1144.png,0.7252136752136752,0.7252136752136752,0.7252136752136752,0.7252136752136752,0.724749092462097,0.724749092462097,0.7250588142964824,0.0002190064093755,0.0004645827515782,H0,L4,0.0,0.0,0.0,-0.0004645827515782,-0.0004645827515782,0.8042935134634959,0.1957064865365041,1.0,-1.0,1,1,1,0.0878637059724348,0.5,0.016668080037039,0.0,0.0300096805421103,0.0485232067510548,0.1316864423263956,0.1957064865365041,0.1957064865365041,0.178498609823911,0.1573863118563747,0.0727813163481952,0.0,0.0300096805421103,0.0256789601606255,0.0878637059724348,0.0727813163481952,0.0004645827515782,-0.00046458275157823525,0.00046458275157823525,0.00046458275157823525,0,0,0,0,0,3
1146.png,0.8907521578298397,0.8907521578298397,0.8907521578298397,0.8907521578298397,0.8907521578298397,0.8907521578298397,0.8907521578298397,0.0,0.0,H0,H0,0.0,0.0,0.0,0.0,0.0,0.9214412285883048,0.0785587714116952,1.0,-1.0,1,1,1,0.0343130735470141,0.75,0.0033839559446644,0.0,0.01619812583668,0.0327625724686531,0.0519576790888873,0.0785587714116952,0.0785587714116952,0.0657242882621045,0.0502228430785605,0.0343130735470141,0.0,0.01619812583668,0.017100977198697,0.021387085753331,0.0343130735470141,0.0,0.0,0.0,0.0,0,0,0,0,0,1
1148.png,0.8229291716686674,0.8293867638129934,0.8229291716686674,0.8194568785437183,0.8293867638129934,0.8160786581839213,0.8233612346151603,0.0048522722652516,0.013308105629072,H1,L5,0.0064575921443259,0.0,-0.0034722931249491,0.0064575921443259,-0.006850513484746,0.7742542327331362,0.2257457672668638,1.0,-1.0,1,1,1,0.0969881182647139,0.25,0.0215426052026505,0.0,0.0692834562697576,0.1664859002169197,0.2105623204268709,0.2257457672668638,0.2257457672668638,0.1579956188389923,0.0682844243792325,0.0229312063808574,0.0,0.0692834562697576,0.0969881182647139,0.0464414090582314,0.0229312063808574,0.013308105629072,-0.006850513484746079,0.006850513484746079,0.006850513484746079,0,0,0,0,0,4
1149.png,0.6671341748480598,0.794806661021733,0.6676023391812865,0.6674462114125351,0.7934537246049661,0.6668224299065421,0.7095442568291871,0.0598130640471456,0.1279842311151909,H1,L5,0.1276724861736732,0.0004681643332267,0.0003120365644753,0.1263195497569063,-0.0003117449415177,0.8148968572615257,0.1851031427384742,1.0,-1.0,1,1,1,0.0605299059381058,0.75,0.0036534744138208,0.0,0.0574829438234867,0.092036036036036,0.1322826784568209,0.1851031427384742,0.1851031427384742,0.1502704282999561,0.1050148777124609,0.0605299059381058,0.0,0.0574829438234867,0.0470597208450919,0.0461215932914046,0.0605299059381058,0.1279842311151909,-0.00031174494151775534,0.00031174494151775534,0.00031174494151775534,0,0,0,0,0,3
1150.png,0.6407894736842106,0.6407894736842106,0.6401053671386236,0.6216301934665398,0.6443850267379679,0.6063599876505095,0.6323432537270103,0.0137709340105631,0.0380250390874584,L4,L5,0.0,-0.0006841065455869,-0.0191592802176707,0.0035955530537573,-0.0344294860337011,0.8926342072409488,0.1073657927590512,1.0,-1.0,1,1,1,0.0514921356378207,0.0,0.0066688569253726,0.0,0.0514921356378207,0.0612943189192377,0.0816065192083818,0.1073657927590512,0.1073657927590512,0.0793650793650794,0.0506672573232183,0.0277777777777777,0.0,0.0514921356378207,0.0291409255157943,0.0282113867287279,0.0277777777777777,0.0380250390874584,-0.03442948603370111,0.03442948603370111,0.03442948603370111,0,0,0,0,0,1
1156.png,0.5692503176620076,0.5705239829032769,0.5331934662071033,0.5331934662071033,0.5716537915812707,0.5331934662071033,0.5518347484613109,0.0186542051427417,0.0384603253741674,L4,H2,0.0012736652412692,-0.0360568514549043,-0.0360568514549043,0.002403473919263,-0.0360568514549043,0.7181733705031196,0.2818266294968804,1.0,-1.0,1,1,1,0.1245156879130897,0.75,0.0205152397137231,0.0,0.0563082375807465,0.0956123885499765,0.1682431195459816,0.2818266294968804,0.2818266294968804,0.2358259163220968,0.2010995370370371,0.1245156879130897,0.0,0.0563082375807465,0.0396898652390622,0.0828656322218553,0.1245156879130897,0.0384603253741674,-0.03605685145490434,0.03605685145490434,0.03605685145490434,0,0,0,0,0,5
1160.png,0.9582107121836374,0.9583987441130298,0.9577354039709064,0.9583824106792304,0.5543613530942414,0.4725168756027001,0.8099342499406242,0.2109809007754338,0.4858818685103297,H1,L5,0.0001880319293924,-0.0004753082127311,0.000171698495593,-0.403849359089396,-0.4856938365809373,0.8786134686046889,0.121386531395311,1.0,-1.0,1,1,1,0.066359283560915,0.0,0.0153600226658729,0.0,0.066359283560915,0.0915517850830682,0.1009688417783478,0.121386531395311,0.121386531395311,0.1207815275310835,0.1000646896598685,0.0428608650338717,0.0,0.066359283560915,0.0306194756274941,0.0581070075422258,0.0428608650338717,0.4858818685103297,-0.4856938365809373,0.4856938365809373,0.4856938365809373,1,0,0,1,0,2
1163.png,0.8314724812820176,0.8204244031830239,0.8204244031830239,0.8314724812820176,0.794613710554951,0.9177917068466732,0.8360331977219512,0.0385765406568171,0.1231779962917221,L5,L4,-0.0110480780989936,-0.0110480780989936,0.0,-0.0368587707270665,0.0863192255646555,0.7151343705799151,0.2848656294200848,1.0,-1.0,1,1,1,0.0870058727730346,0.75,0.007758091271753,0.0,0.05559132861129,0.1293074494525424,0.2036092097075296,0.2848656294200848,0.2848656294200848,0.2343423225096312,0.1629979035639412,0.0870058727730346,0.0,0.05559132861129,0.0746326875568846,0.0770815450643777,0.0870058727730346,0.1231779962917221,0.08631922556465565,0.08631922556465565,0.0,0,0,0,0,0,5
1165.png,0.8977997121118652,0.8995391705069125,0.8995391705069125,0.9008179959100204,0.9192484509294424,0.96093382283724,0.9129797204670654,0.0226514527866213,0.0631341107253747,L5,H0,0.0017394583950472,0.0017394583950472,0.0030182837981552,0.0214487388175771,0.0631341107253747,0.9115883736814144,0.0884116263185854,1.0,-1.0,1,1,1,0.0376646383732572,0.25,0.0048239137273582,0.0,0.018420851486662,0.0523625096824167,0.0785895367596219,0.0884116263185854,0.0884116263185854,0.0789433962264151,0.0510055823201039,0.0260922330097087,0.0,0.018420851486662,0.0376646383732572,0.0336765502825733,0.0260922330097087,0.0631341107253747,0.06313411072537489,0.06313411072537489,0.0,0,0,0,0,0,1
1169.png,0.9382611158312092,0.9408762228838792,0.9408762228838792,0.9408762228838792,0.9382611158312092,0.939295316258667,0.9397410360954538,0.0011863769274416,0.0026151070526698,H1,H0,0.0026151070526698,0.0026151070526698,0.0026151070526698,0.0,0.0010342004274577,0.7763389871724725,0.2236610128275274,0.8999999999999998,-1.0,0,1,0,0.0933493371160456,0.0,0.0187713600398984,0.0,0.0933493371160456,0.1561905859307484,0.1556831228473019,0.2236610128275274,0.2236610128275274,0.147190250507786,0.1090013045368893,0.082894452059736,0.0,0.0933493371160456,0.065059318790662,0.0409641817320062,0.082894452059736,0.0026151070526698,0.001034200427457832,0.001034200427457832,0.0,0,0,0,0,0,4
1170.png,0.6863189720332578,0.6863189720332578,0.7063197026022305,0.7063197026022305,0.6809415337889142,0.7227112676056338,0.6981550251109208,0.0147920110811019,0.0417697338167195,L5,L4,0.0,0.0200007305689727,0.0200007305689727,-0.0053774382443435,0.036392295572376,0.8856430964859524,0.1143569035140475,0.8999999999999998,-0.8999999999999998,0,0,0,0.0991449881753684,0.25,0.0101774423198318,0.0,0.0489725369694641,0.058414464534075,0.1150355653666912,0.1143569035140475,0.1143569035140475,0.1235510827567616,0.0840494312136835,0.0605592460991811,0.0,0.0489725369694641,0.0991449881753684,0.0573725704472718,0.0605592460991811,0.0417697338167195,0.036392295572376,0.036392295572376,0.0,0,0,0,0,0,1
1177.png,0.9379727685325264,0.9379727685325264,0.9383250378705909,0.9383250378705909,0.9328470285346492,0.9519553072625698,0.9395663247672422,0.005870778744438,0.0191082787279206,L5,L4,0.0,0.0003522693380643,0.0003522693380643,-0.0051257399978772,0.0139825387300434,0.7527958993476235,0.2472041006523765,0.8999999999999998,-1.0,0,1,0,0.2842434510621661,0.5,0.0373251533839322,0.0,0.0434611215137479,0.0878120411160058,0.317898929549415,0.2472041006523765,0.2472041006523765,0.2090741876149601,0.2017511856986501,0.0910294604435617,0.0,0.0434611215137479,0.0533415082771305,0.2842434510621661,0.0910294604435617,0.0191082787279206,0.013982538730043403,0.013982538730043403,0.0,0,0,0,0,0,4
1178.png,0.9196998123827392,0.2577710386656558,0.9376854599406528,0.1792281792281792,0.9196998123827392,0.1792281792281792,0.5655520803046908,0.3611430850299484,0.7584572807124735,H2,L3,-0.6619287737170834,0.0179856475579135,-0.74047163315456,0.0,-0.74047163315456,0.93838315870422,0.06161684129578,0.3,-0.3999999999999999,0,0,0,0.2209939249078777,0.25,0.0618963499765991,0.0,0.0905317769130998,0.161474888747616,0.1499003461659498,0.06161684129578,0.06161684129578,0.1237506814464837,0.1122874197544768,0.0969467350122575,0.0,0.0905317769130998,0.2209939249078777,0.0303408665251592,0.0969467350122575,0.7584572807124735,-0.74047163315456,0.74047163315456,0.74047163315456,1,1,0,1,1,1
1179.png,0.0,0.0,0.0,0.0,0.0,0.0,0.0,0.0,0.0,H0,H0,0.0,0.0,0.0,0.0,0.0,0.8615883306320907,0.1384116693679092,1.0,-1.0,1,1,1,0.0701995870612526,0.25,0.0045226263394932,0.0,0.0261854210898796,0.0724832214765101,0.0928905033731188,0.1384116693679092,0.1384116693679092,0.1378279641315177,0.078041074249605,0.0632417493090554,0.0,0.0261854210898796,0.0701995870612526,0.0321494697862312,0.0632417493090554,0.0,0.0,0.0,0.0,0,0,0,0,0,2
1189.png,0.7452350698856417,0.7452350698856417,0.7452350698856417,0.7452350698856417,0.7452350698856417,0.7452350698856417,0.7452350698856417,0.0,0.0,H0,H0,0.0,0.0,0.0,0.0,0.0,0.8357406785354383,0.1642593214645616,0.8999999999999998,-1.0,0,1,0,0.0798208640674393,0.25,0.008900563235476,0.0,0.0428015564202334,0.1187301587301586,0.1170288989730117,0.1642593214645616,0.1642593214645616,0.1607308048103607,0.1379149135109864,0.0714522363335173,0.0,0.0428015564202334,0.0798208640674393,0.0681335166895862,0.0714522363335173,0.0,0.0,0.0,0.0,0,0,0,0,0,3
1192.png,0.8597430406852249,0.8594363182304674,0.85546875,0.85546875,0.834026334026334,0.8593861527480371,0.8539215576150107,0.0090808551354507,0.0257167066588909,H0,L4,-0.0003067224547574,-0.0042742906852248,-0.0042742906852248,-0.0257167066588909,-0.0003568879371877,0.7782410549791525,0.2217589450208474,1.0,-1.0,1,1,1,0.0793117088607594,0.25,0.0065299989576284,0.0,0.0570758405003909,0.1355821949632933,0.172630376855729,0.2217589450208474,0.2217589450208474,0.1686672185430463,0.0951312542068656,0.0569218335065234,0.0,0.0570758405003909,0.0793117088607594,0.0398506971127455,0.0569218335065234,0.0257167066588909,-0.00035688793718779976,0.00035688793718779976,0.00035688793718779976,0,0,0,0,0,4
1211.png,0.9445378151260504,0.9445378151260504,0.9445378151260504,0.9441926712417454,0.9465052713783678,0.945435603594218,0.9449578319320804,0.0007892557501791,0.0023126001366223,L4,L3,0.0,0.0,-0.0003451438843049,0.0019674562523174,0.0008977884681675,0.7883263726189264,0.2116736273810736,1.0,-1.0,1,1,1,0.0935700834005919,0.5,0.0121795568938001,0.0,0.030496171380516,0.0784304663308221,0.1698244221803392,0.2116736273810736,0.2116736273810736,0.1850838899700205,0.1390596444592124,0.0465565070558436,0.0,0.030496171380516,0.0485344499429006,0.0935700834005919,0.0465565070558436,0.0023126001366223,0.0008977884681675707,0.0008977884681675707,0.0,0,0,0,0,0,4
1223.png,0.9456762749445676,0.9456762749445676,0.3588091535214396,0.9426611796982168,0.9426611796982168,0.3949930458970793,0.755079518117348,0.2676192806587996,0.586867121423128,H0,H2,0.0,-0.586867121423128,-0.0030150952463509,-0.0030150952463509,-0.5506832290474883,0.6811101163831692,0.3188898836168308,1.0,-0.8999999999999998,1,0,0,0.2108714244987171,0.5,0.0361958639319598,0.0,0.0196466081799085,0.0410033767486733,0.2416293045883811,0.3188898836168308,0.3188898836168308,0.3326673326673326,0.2888492417484388,0.0773822849041115,0.0,0.0196466081799085,0.0532398868806098,0.2108714244987171,0.0773822849041115,0.586867121423128,-0.5506832290474883,0.5506832290474883,0.5506832290474883,1,1,0,1,1,5
1225.png,0.7624426403106248,0.7624426403106248,0.7624426403106248,0.7624426403106248,0.7624426403106248,0.5989010989010989,0.7351857167423704,0.0609483339561327,0.1635415414095259,H0,L5,0.0,0.0,0.0,0.0,-0.1635415414095259,0.8130308568971079,0.1869691431028921,0.8999999999999998,-1.0,0,1,0,0.0924787133396405,0.75,0.0276586259410513,0.0,0.0909090909090909,0.1618257261410788,0.1144416873449131,0.1869691431028921,0.1869691431028921,0.1745918245739482,0.1102827763496143,0.0924787133396405,0.0,0.0909090909090909,0.0778654729650135,0.0799625906008885,0.0924787133396405,0.1635415414095259,-0.16354154140952593,0.16354154140952593,0.16354154140952593,0,0,0,0,0,3
1239.png,0.557830658550083,0.567572633552015,0.8557665060923775,0.5646004480955937,0.8616352201257862,0.8577929465301479,0.7108664021576673,0.1475700163162429,0.3038045615757032,L4,H0,0.009741975001932,0.2979358475422945,0.0067697895455107,0.3038045615757032,0.2999622879800649,0.9194457491780178,0.0805542508219822,0.8999999999999998,-0.8999999999999998,0,0,0,0.0640784634246015,0.0,0.0190158382100604,0.0,0.0640784634246015,0.0677664564127445,0.0840656474459291,0.0805542508219822,0.0805542508219822,0.0892678868552412,0.0561270677310509,0.0412804703768731,0.0,0.0640784634246015,0.0347054770926628,0.0318901795142555,0.0412804703768731,0.3038045615757032,0.29996228798006497,0.29996228798006497,0.0,1,0,0,0,0,1
1241.png,0.4959785522788204,0.5053781799556086,0.3859191655801825,0.0,0.5195717044058277,0.0,0.3178079337034065,0.2288663697182798,0.5195717044058277,L4,L3,0.0093996276767882,-0.1100593866986378,-0.4959785522788204,0.0235931521270073,-0.4959785522788204,0.8600712655643191,0.1399287344356808,0.3999999999999999,-0.0999999999999999,0,0,0,0.287205966724039,0.75,0.1231228109953492,0.0,0.1424015699742425,0.3130639097744361,0.3700416768815886,0.1399287344356808,0.1399287344356808,0.082813808504699,0.225006825006825,0.287205966724039,0.0,0.1424015699742425,0.1786256110580435,0.0721619456782931,0.287205966724039,0.5195717044058277,-0.4959785522788204,0.4959785522788204,0.4959785522788204,1,1,0,1,0,2
1243.png,0.8716623600344531,0.8716623600344531,0.8716623600344531,0.9050932368494294,0.8860544217687075,0.915702479338843,0.8869728696767232,0.0175964809023913,0.0440401193043898,L5,H0,0.0,0.0,0.0334308768149763,0.0143920617342544,0.0440401193043898,0.8778532169414808,0.1221467830585192,1.0,-0.8999999999999998,1,0,0,0.0922409115572436,0.25,0.0077898758002065,0.0,0.0507316444272545,0.074907154369,0.0866894197952218,0.1221467830585192,0.1221467830585192,0.0867110051449366,0.1145890038105607,0.0722388059701492,0.0,0.0507316444272545,0.0922409115572436,0.0454578200417837,0.0722388059701492,0.0440401193043898,0.04404011930438989,0.04404011930438989,0.0,0,0,0,0,0,2
1246.png,0.7737804878048781,0.7737804878048781,0.7737804878048781,0.7737804878048781,0.0041365046535677,0.7737804878048781,0.645506490612993,0.2868293774666721,0.7696439831513103,H0,L4,0.0,0.0,0.0,-0.7696439831513103,0.0,0.9021024119695602,0.0978975880304398,1.0,-1.0,1,1,1,0.0309746328437917,0.5,0.0032223466532139,0.0,0.0256223436551304,0.0540977490361895,0.0832380226204092,0.0978975880304398,0.0978975880304398,0.0739957716701902,0.0455655004068348,0.0161066370452651,0.0,0.0256223436551304,0.0300407331975559,0.0309746328437917,0.0161066370452651,0.7696439831513103,0.0,0.0,0.0,1,1,0,0,0,1
1247.png,0.9667673716012084,0.9667673716012084,0.9667673716012084,0.9667673716012084,0.9667673716012084,0.9667673716012084,0.9667673716012084,0.0,0.0,H0,H0,0.0,0.0,0.0,0.0,0.0,0.8656581394180027,0.1343418605819972,1.0,-1.0,1,1,1,0.0421661409043112,0.0,0.0048523890965516,0.0,0.0421661409043112,0.0763866877971474,0.1072219076542956,0.1343418605819972,0.1343418605819972,0.0953755761535734,0.0654861853152191,0.0339454094292803,0.0,0.0421661409043112,0.0342991052407328,0.0338320387843402,0.0339454094292803,0.0,0.0,0.0,0.0,0,0,0,0,0,2
1248.png,0.9805225653206652,0.9805225653206652,0.9805225653206652,0.9802121260091816,0.980361102312322,0.9802121260091816,0.98039217504878,0.0001395263996993,0.0003104393114834,H0,L3,0.0,0.0,-0.0003104393114834,-0.0001614630083431,-0.0003104393114834,0.7082030734005548,0.2917969265994452,1.0,-1.0,1,1,1,0.0974230043997486,0.5,0.0045595750403498,0.0,0.0664703610735663,0.1495445467387598,0.2315206161360007,0.2917969265994452,0.2917969265994452,0.2474536725445326,0.1806334841628959,0.0888257161600699,0.0,0.0664703610735663,0.0857995523501616,0.0974230043997486,0.0888257161600699,0.0003104393114834,-0.00031043931148355686,0.00031043931148355686,0.00031043931148355686,0,0,0,0,0,5
1249.png,0.913145965548504,0.913145965548504,0.913145965548504,0.913145965548504,0.8946101129838859,0.9118662547701254,0.9098433716580048,0.0068285275565109,0.0185358525646182,H0,L4,0.0,0.0,0.0,-0.0185358525646182,-0.0012797107783787,0.839911061700945,0.160088938299055,1.0,-1.0,1,1,1,0.0507635163021048,0.5,0.0070668496102848,0.0,0.0221646982688885,0.0661310259579728,0.1165034351702967,0.160088938299055,0.160088938299055,0.1384153825173871,0.0949632738719832,0.0444138621293631,0.0,0.0221646982688885,0.044030866999546,0.0507635163021048,0.0444138621293631,0.0185358525646182,-0.0012797107783786288,0.0012797107783786288,0.0012797107783786288,0,0,0,0,0,3
1250.png,0.908289241622575,0.908289241622575,0.908289241622575,0.908289241622575,0.908289241622575,0.908289241622575,0.9082892416225752,1.1102230246251563e-16,0.0,H0,H0,0.0,0.0,0.0,0.0,0.0,0.8832230907997595,0.1167769092002405,0.0999999999999999,-0.7,0,0,0,0.1405114401076715,0.0,0.0487470648325806,0.0,0.1405114401076715,0.1430470619516086,0.1353421859039836,0.1167769092002405,0.1167769092002405,0.1678752223286359,0.1333603567085529,0.067306445337829,0.0,0.1405114401076715,0.0368324125230202,0.0693842150910667,0.067306445337829,0.0,0.0,0.0,0.0,0,0,0,0,0,1
1251.png,0.9319650323071076,0.9319650323071076,0.9319650323071076,0.9319650323071076,0.9319650323071076,0.9312571211545764,0.9318470471150192,0.0002638229098482,0.0007079111525311,H0,L5,0.0,0.0,0.0,0.0,-0.0007079111525311,0.9288849868305532,0.0711150131694469,1.0,-1.0,1,1,1,0.0283930429612011,0.75,0.0025478255951493,0.0,0.0119109269808389,0.0320899411808502,0.0499325236167341,0.0711150131694469,0.0711150131694469,0.0644759040563338,0.0496788956964641,0.0283930429612011,0.0,0.0119109269808389,0.0219468498059122,0.0241355829613376,0.0283930429612011,0.0007079111525311,-0.0007079111525312154,0.0007079111525312154,0.0007079111525312154,0,0,0,0,0,1
1252.png,0.9530993768448672,0.9530993768448672,0.9530993768448672,0.9530993768448672,0.9530993768448672,0.9524745984922977,0.9529952471194388,0.0002328411445359,0.0006247783525694,H0,L5,0.0,0.0,0.0,0.0,-0.0006247783525694,0.8983675618746709,0.101632438125329,1.0,-0.8999999999999998,1,0,0,0.0443378119001919,0.0,0.0058411235256864,0.0,0.0443378119001919,0.0596680962148051,0.074800290486565,0.101632438125329,0.101632438125329,0.1028305266929415,0.0739319965126417,0.0321428571428571,0.0,0.0443378119001919,0.0344893292682927,0.0441759826902271,0.0321428571428571,0.0006247783525694,-0.0006247783525695771,0.0006247783525695771,0.0006247783525695771,0,0,0,0,0,1
1253.png,0.9255474452554744,0.9255474452554744,0.9255474452554744,0.9255474452554744,0.9255474452554744,0.9255474452554744,0.9255474452554744,0.0,0.0,H0,H0,0.0,0.0,0.0,0.0,0.0,0.8197485433915976,0.1802514566084023,1.0,-1.0,1,1,1,0.0637604400081482,0.0,0.0108063550583322,0.0,0.0637604400081482,0.1052665757516722,0.1553819444444444,0.1802514566084023,0.1802514566084023,0.1218991097922849,0.0794429859605068,0.0441071722097419,0.0,0.0637604400081482,0.0494229804315102,0.0520611127125972,0.0441071722097419,0.0,0.0,0.0,0.0,0,0,0,0,0,3
1254.png,0.9481481481481482,0.9481481481481482,0.9365079365079364,0.9365079365079364,0.9481481481481482,0.9306605323693724,0.9413534749716151,0.0070687134405601,0.0174876157787758,H0,L5,0.0,-0.0116402116402116,-0.0116402116402116,0.0,-0.0174876157787758,0.8429625858997201,0.1570374141002799,0.8999999999999998,-1.0,0,1,0,0.0775681341719077,0.0,0.0271333626008906,0.0,0.0775681341719077,0.1124086055441586,0.1812461944388066,0.1570374141002799,0.1570374141002799,0.0923798583189737,0.0628169014084507,0.0387780151838886,0.0,0.0775681341719077,0.0409714680620002,0.069044609839442,0.0387780151838886,0.0174876157787758,-0.017487615778775778,0.017487615778775778,0.017487615778775778,0,0,0,0,0,3
1267.png,0.0,0.0,0.0,0.0,0.0,0.0,0.0,0.0,0.0,H0,H0,0.0,0.0,0.0,0.0,0.0,0.667214548925002,0.332785451074998,1.0,-1.0,1,1,1,0.1260925409604962,0.0,0.0359927529692046,0.0,0.1260925409604962,0.2338886880093454,0.3191607124886787,0.332785451074998,0.332785451074998,0.2126827360289443,0.1190529173527972,0.0843986620975519,0.0,0.1260925409604962,0.1170729214574071,0.0958799105717023,0.0843986620975519,0.0,0.0,0.0,0.0,0,0,0,0,0,5
1273.png,0.8653972422849638,0.8659160696008188,0.8659160696008188,0.8659160696008188,0.0,0.8653972422849638,0.7214237822287307,0.3226306069631307,0.8659160696008188,H1,L4,0.0005188273158549,0.0005188273158549,0.0005188273158549,-0.8653972422849638,0.0,0.9340363828104404,0.0659636171895596,1.0,-1.0,1,1,1,0.0275267262304395,0.5,0.0017739877725596,0.0,0.0171464860287892,0.0274641600588142,0.0521694214876032,0.0659636171895596,0.0659636171895596,0.0516975718612188,0.044812315478701,0.0266009852216748,0.0,0.0171464860287892,0.0162442457272871,0.0275267262304395,0.0266009852216748,0.8659160696008188,0.0,0.0,0.0,1,1,1,0,0,1
1279.png,0.8815517053503323,0.8815517053503323,0.8366859870439822,0.8501796945193172,0.8756175211329454,0.8177408177408177,0.8572212385229546,0.0243322487189918,0.0638108876095145,H0,L5,0.0,-0.0448657183063501,-0.0313720108310151,-0.0059341842173868,-0.0638108876095145,0.7397260273972602,0.2602739726027397,1.0,-1.0,1,1,1,0.0944887446192929,0.75,0.0087362676281142,0.0,0.06106167536054,0.1113243761996161,0.1743435692033823,0.2602739726027397,0.2602739726027397,0.2087116642326496,0.1652732258711792,0.0944887446192929,0.0,0.06106167536054,0.051808185013037,0.0728336653386454,0.0944887446192929,0.0638108876095145,-0.06381088760951459,0.06381088760951459,0.06381088760951459,0,0,0,0,0,5
1280.png,0.8216436415161176,0.8216436415161176,0.8364180220601982,0.7973914597105592,0.0,0.7815948736205055,0.6764486064039162,0.3030453868012771,0.8364180220601982,H2,L4,0.0,0.0147743805440806,-0.0242521818055583,-0.8216436415161176,-0.040048767895612,0.9085461264440524,0.0914538735559477,1.0,-1.0,1,1,1,0.0480547624780709,0.75,0.0055957492240991,0.0,0.0289892088627801,0.0602185089974293,0.0759518385942076,0.0914538735559477,0.0914538735559477,0.0833024306374945,0.0791894368826584,0.0480547624780709,0.0,0.0289892088627801,0.0355818643075521,0.0342906413742787,0.0480547624780709,0.8364180220601982,-0.04004876789561207,0.04004876789561207,0.04004876789561207,1,1,1,0,0,1
1281.png,0.8287003042064408,0.8287003042064408,0.8287003042064408,0.8311525175337591,0.8142720611659764,0.8322526668061075,0.8272963596875275,0.0059858230595825,0.0179806056401311,L5,L4,0.0,0.0,0.0024522133273182,-0.0144282430404644,0.0035523625996667,0.9254716981132076,0.0745283018867924,1.0,-1.0,1,1,1,0.0302766755449258,0.0,0.0055157488062234,0.0,0.0302766755449258,0.0481889090714819,0.0609056122448979,0.0745283018867924,0.0745283018867924,0.0651957965180112,0.0426779103249691,0.0285480405197994,0.0,0.0302766755449258,0.0235011990407674,0.0154295246038365,0.0285480405197994,0.0179806056401311,0.0035523625996667363,0.0035523625996667363,0.0,0,0,0,0,0,1
1282.png,0.8924086757990868,0.9015280135823428,0.9015280135823428,0.9015280135823428,0.8960614247120716,0.8966889299417365,0.8982905118666539,0.003501764836192,0.0091193377832561,H1,H0,0.0091193377832561,0.0091193377832561,0.0091193377832561,0.0036527489129848,0.0042802541426497,0.7922365154592643,0.2077634845407356,1.0,-1.0,1,1,1,0.1135965765415288,0.25,0.0159258349846651,0.0,0.0440469536053661,0.1322060713932562,0.1992335416761713,0.2077634845407356,0.2077634845407356,0.1896145467478771,0.0803495912038342,0.0271472739612397,0.0,0.0440469536053661,0.1135965765415288,0.0688407270361485,0.0271472739612397,0.0091193377832561,0.004280254142649764,0.004280254142649764,0.0,0,0,0,0,0,4
1283.png,0.9609929078014184,0.9644128113879004,0.953999414005274,0.9573654807409584,0.9705705705705706,0.9573654807409584,0.9607844442078468,0.0054527062375177,0.0165711565652966,L4,H2,0.0034199035864819,-0.0069934937961444,-0.0036274270604599,0.0095776627691521,-0.0036274270604599,0.7099363409908663,0.2900636590091336,1.0,-1.0,1,1,1,0.1361633031779169,0.0,0.0229727114319495,0.0,0.1361633031779169,0.1845324014282459,0.2292633410672854,0.2900636590091336,0.2900636590091336,0.1904652761861104,0.1410766574067122,0.0772870662460567,0.0,0.1361633031779169,0.06,0.0691207836321984,0.0772870662460567,0.0165711565652966,-0.0036274270604600423,0.0036274270604600423,0.0036274270604600423,0,0,0,0,0,5
1293.png,0.622109158186864,0.622109158186864,0.6202444085773576,0.6202444085773576,0.6379600673562665,0.6490455212922174,0.6286187870294878,0.0110266491966816,0.0288011127148597,L5,H2,0.0,-0.0018647496095063,-0.0018647496095063,0.0158509091694025,0.0269363631053534,0.92146126918589,0.07853873081411,1.0,-1.0,1,1,1,0.0271073802028681,0.0,0.0047753555987313,0.0,0.0271073802028681,0.0491131116855334,0.0654643823264201,0.07853873081411,0.07853873081411,0.0608438740651833,0.0431505558696061,0.0239389604196471,0.0,0.0271073802028681,0.022091850765423,0.0195967054813973,0.0239389604196471,0.0288011127148597,0.02693636310535341,0.02693636310535341,0.0,0,0,0,0,0,1
1309.png,0.88912964969303,0.88912964969303,0.88912964969303,0.8897723165883629,0.8888086642599278,0.88912964969303,0.8891832632700684,0.0002883302194716,0.000963652328435,L3,L4,0.0,0.0,0.0006426668953328,-0.0003209854331022,0.0,0.822344594929801,0.1776554050701989,1.0,-1.0,1,1,1,0.0671614100185529,0.0,0.0140032982648505,0.0,0.0671614100185529,0.1149371800837598,0.1544010088272382,0.1776554050701989,0.1776554050701989,0.1160019221528111,0.0716903128817062,0.030592558566835,0.0,0.0671614100185529,0.0494148244473342,0.0458146415958766,0.030592558566835,0.000963652328435,0.0,0.0,0.0,0,0,0,0,0,3
1326.png,0.8078086334891394,0.8078086334891394,0.8078086334891394,0.8078086334891394,0.8056453984122317,0.8136117556071152,0.8084152813293174,0.0024545088681223,0.0079663571948834,L5,L4,0.0,0.0,0.0,-0.0021632350769077,0.0058031221179757,0.7885972895196399,0.21140271048036,1.0,-1.0,1,1,1,0.0688591983556012,0.25,0.0050006477345125,0.0,0.0578604755119716,0.1213181533319406,0.1629286755491905,0.21140271048036,0.21140271048036,0.1586595351919345,0.0948901847755658,0.052058642788166,0.0,0.0578604755119716,0.0688591983556012,0.0443256255352637,0.052058642788166,0.0079663571948834,0.005803122117975734,0.005803122117975734,0.0,0,0,0,0,0,4
1331.png,0.5971156796563363,0.5971156796563363,0.5971156796563363,0.5135919767748747,0.0,0.0,0.3841565026239806,0.2732400691187568,0.5971156796563363,H0,L4,0.0,0.0,-0.0835237028814616,-0.5971156796563363,-0.5971156796563363,0.773157021945599,0.226842978054401,1.0,-1.0,1,1,1,0.1377650702883012,0.5,0.0122084581601996,0.0,0.0446217553782446,0.110857427509911,0.2165214736891539,0.226842978054401,0.226842978054401,0.1935429129014466,0.1225772655840754,0.1046638822593476,0.0,0.0446217553782446,0.0755604647357224,0.1377650702883012,0.1046638822593476,0.5971156796563363,-0.5971156796563363,0.5971156796563363,0.5971156796563363,1,1,0,1,1,4
1333.png,0.9222952779438136,0.9222952779438136,0.9222952779438136,0.9217910447761194,0.92842041679251,0.9233532934131736,0.923408431468874,0.0022896982739541,0.0066293720163904,L4,L3,0.0,0.0,-0.0005042331676941,0.0061251388486963,0.0010580154693601,0.7766289973551335,0.2233710026448665,1.0,-1.0,1,1,1,0.0785709151031557,0.75,0.0100772246393637,0.0,0.0378935095219588,0.0986481549141395,0.1481287163343826,0.2233710026448665,0.2233710026448665,0.1891595519699224,0.1277657751620353,0.0785709151031557,0.0,0.0378935095219588,0.0630005339028296,0.0518494588919399,0.0785709151031557,0.0066293720163904,0.0010580154693600186,0.0010580154693600186,0.0,0,0,0,0,0,4
1334.png,0.9284487693188322,0.9287145720011452,0.9287145720011452,0.9284487693188322,0.9285509325681492,0.9284487693188322,0.928554397421156,0.0001188806722147,0.0002658026823129,H1,H0,0.0002658026823129,0.0002658026823129,0.0,0.0001021632493169,0.0,0.8281442031954117,0.1718557968045883,1.0,-1.0,1,1,1,0.0700741962077493,0.5,0.0086004755275837,0.0,0.0223342939481268,0.0638940520446096,0.1285529715762273,0.1718557968045883,0.1718557968045883,0.1519191919191919,0.1143418467583496,0.0445672191528545,0.0,0.0223342939481268,0.0416285452881975,0.0700741962077493,0.0445672191528545,0.0002658026823129,0.0,0.0,0.0,0,0,0,0,0,3
1341.png,0.7992237120677488,0.8006362672322376,0.8006362672322376,0.7990827306403245,0.8010610079575596,0.7988718491098185,0.7999186390399876,0.000876776548475,0.0021891588477411,L4,L5,0.0014125551644887,0.0014125551644887,-0.0001409814274242,0.0018372958898108,-0.0003518629579303,0.8172675410221726,0.1827324589778274,1.0,-1.0,1,1,1,0.0939840239640539,0.5,0.0082956198731785,0.0,0.0547290116896918,0.0891582644159963,0.1672735815811112,0.1827324589778274,0.1827324589778274,0.1651424244189433,0.1113055434035372,0.0255643010472906,0.0,0.0547290116896918,0.0708272533393198,0.0939840239640539,0.0255643010472906,0.0021891588477411,-0.00035186295793032674,0.00035186295793032674,0.00035186295793032674,0,0,0,0,0,3
1345.png,0.9068825910931174,0.9068825910931174,0.9068825910931174,0.9068825910931174,0.9068825910931174,0.9069364161849712,0.9068915619417596,2.005942738000673e-05,5.382509185369866e-05,L5,H0,0.0,0.0,0.0,0.0,5.382509185369866e-05,0.8579975874547647,0.1420024125452352,0.8999999999999998,-1.0,0,1,0,0.0759343484279216,0.0,0.0282223904503492,0.0,0.0759343484279216,0.1320270141729287,0.1461542084687485,0.1420024125452352,0.1420024125452352,0.0803218328105822,0.0423301311576084,0.0274758716633336,0.0,0.0759343484279216,0.0568609865470851,0.0232158949491482,0.0274758716633336,5.382509185369866e-05,5.382509185380968e-05,5.382509185380968e-05,0.0,0,0,0,0,0,2
1346.png,0.6516476126429052,0.6516476126429052,0.627173213135866,0.6510067114093959,0.627173213135866,0.6520418494768815,0.6434483687406366,0.0115122618406011,0.0248686363410154,L5,H2,0.0,-0.0244743995070391,-0.0006409012335092,-0.0244743995070391,0.0003942368339763,0.8402079722703639,0.159792027729636,1.0,-1.0,1,1,1,0.0584215115593995,0.0,0.0108893882229129,0.0,0.0584215115593995,0.0974788298691301,0.1382346412804893,0.159792027729636,0.159792027729636,0.1142088913253452,0.0775065434538753,0.0330303945525932,0.0,0.0584215115593995,0.0430289983538052,0.0482193675363706,0.0330303945525932,0.0248686363410154,0.0003942368339763247,0.0003942368339763247,0.0,0,0,0,0,0,3
1353.png,0.9209814930338948,0.9215543285758934,0.9209814930338948,0.9209814930338948,0.7101123595505618,0.9192327630896838,0.8856406550529706,0.0785019412475725,0.2114419690253315,H1,L4,0.0005728355419986,0.0,0.0,-0.2108691334833329,-0.0017487299442109,0.7519683089873731,0.2480316910126269,1.0,-1.0,1,1,1,0.0838083363021019,0.0,0.0150452047952083,0.0,0.0838083363021019,0.1601558787187529,0.2033093454741273,0.2480316910126269,0.2480316910126269,0.1709777127053847,0.0991953955482468,0.0576407506702413,0.0,0.0838083363021019,0.0771464122770634,0.0453676342777681,0.0576407506702413,0.2114419690253315,-0.001748729944210936,0.001748729944210936,0.001748729944210936,1,0,0,0,0,4
1355.png,0.8105507039743362,0.8129951045838897,0.8129951045838897,0.8105507039743362,0.8088379998210932,0.78,0.8059882694895909,0.0117141951420663,0.0329951045838896,H1,L5,0.0024444006095535,0.0024444006095535,0.0,-0.0017127041532429,-0.0305507039743361,0.8026415186295295,0.1973584813704705,1.0,-1.0,1,1,1,0.0648382769414219,0.25,0.0025167719526977,0.0,0.0457378895981974,0.1067096424968628,0.148970588235294,0.1973584813704705,0.1973584813704705,0.1561700452666797,0.093310114642287,0.0504300893911283,0.0,0.0457378895981974,0.0648382769414219,0.0442968692986937,0.0504300893911283,0.0329951045838896,-0.030550703974336124,0.030550703974336124,0.030550703974336124,0,0,0,0,0,3
1361.png,0.7154873824839189,0.7424059949150275,0.75,0.5988771054273238,0.5944983178309915,0.5226754265900173,0.6539907045412131,0.0862529660277762,0.2273245734099827,H2,L5,0.0269186124311086,0.0345126175160811,-0.1166102770565951,-0.1209890646529273,-0.1928119558939015,0.7103838892385148,0.2896161107614852,1.0,-1.0,1,1,1,0.1319138669401049,0.5,0.0168792472845869,0.0,0.0860558342735062,0.1859291252536816,0.2468354430379746,0.2896161107614852,0.2896161107614852,0.2531687062937062,0.1861126920887876,0.0609887079450782,0.0,0.0860558342735062,0.1041141659823881,0.1319138669401049,0.0609887079450782,0.2273245734099827,-0.19281195589390154,0.19281195589390154,0.19281195589390154,1,0,0,0,0,5
1364.png,0.7267545422158889,0.7287894923677671,0.7287894923677671,0.7287894923677671,0.7267545422158889,0.7267545422158889,0.7277720172918279,0.0010174750759391,0.0020349501518782,H1,H0,0.0020349501518782,0.0020349501518782,0.0020349501518782,0.0,0.0,0.8199785312874913,0.1800214687125086,1.0,-1.0,1,1,1,0.0686255045992985,0.25,0.0101028217337634,0.0,0.0403339937729974,0.1074346681072321,0.1634349030470914,0.1800214687125086,0.1800214687125086,0.1423260425057314,0.0794481446241675,0.0274957216200798,0.0,0.0403339937729974,0.0686255045992985,0.0573263846806447,0.0274957216200798,0.0020349501518782,0.0,0.0,0.0,0,0,0,0,0,3
1365.png,0.899895724713243,0.899895724713243,0.8976786409026066,0.8992590666839985,0.7519640852974186,0.8939354838709678,0.8737714543635797,0.0545126135211034,0.1479316394158243,H0,L4,0.0,-0.0022170838106363,-0.0006366580292445,-0.1479316394158243,-0.0059602408422752,0.7071988721473258,0.2928011278526742,1.0,-1.0,1,1,1,0.1230684326710817,0.5,0.0104047657335503,0.0,0.0752073732718894,0.0991127053048895,0.2168719671519223,0.2928011278526742,0.2928011278526742,0.2876456083666354,0.2031290743155149,0.0859207018147415,0.0,0.0752073732718894,0.0975831364710158,0.1230684326710817,0.0859207018147415,0.1479316394158243,-0.0059602408422752,0.0059602408422752,0.0059602408422752,0,0,0,0,0,5
1367.png,0.9281132492811324,0.9277028520893212,0.9277028520893212,0.9283185840707964,0.9297584755151784,0.9283185840707964,0.9283190995194244,0.000692062123819,0.0020556234258571,L4,H1,-0.0004103971918112,-0.0004103971918112,0.000205334789664,0.0016452262340459,0.000205334789664,0.8789370078740157,0.1210629921259842,1.0,-1.0,1,1,1,0.0445784323416031,0.75,0.0060731508713528,0.0,0.0247671884287695,0.0479035952594363,0.0785579501440063,0.1210629921259842,0.1210629921259842,0.0989942812068626,0.0762216275151155,0.0445784323416031,0.0,0.0247671884287695,0.0242442382520203,0.0318063612722544,0.0445784323416031,0.0020556234258571,0.00020533478966400232,0.00020533478966400232,0.0,0,0,0,0,0,2
1368.png,0.8309085030714517,0.8309085030714517,0.821348673697667,0.821348673697667,0.821348673697667,0.821348673697667,0.8245352834889285,0.004506546784793,0.0095598293737847,H0,H2,0.0,-0.0095598293737847,-0.0095598293737847,-0.0095598293737847,-0.0095598293737847,0.7788067049583871,0.2211932950416129,1.0,-1.0,1,1,1,0.0784908407133325,0.5,0.0122164191318944,0.0,0.031453669594786,0.0838657061302161,0.1553884711779448,0.2211932950416129,0.2211932950416129,0.2040023543260741,0.1462360700477598,0.0687055325475204,0.0,0.031453669594786,0.0610572326184947,0.0784908407133325,0.0687055325475204,0.0095598293737847,-0.009559829373784745,0.009559829373784745,0.009559829373784745,0,0,0,0,0,4
1370.png,0.767661310890079,0.767661310890079,0.767661310890079,0.767661310890079,0.767661310890079,0.7826510721247564,0.770159604429192,0.0055863541812049,0.0149897612346773,L5,H0,0.0,0.0,0.0,0.0,0.0149897612346773,0.8481085212074895,0.1518914787925105,0.8999999999999998,-1.0,0,1,0,0.081654501216545,0.0,0.0321322583939983,0.0,0.081654501216545,0.1493162154619034,0.157527793480309,0.1518914787925105,0.1518914787925105,0.0871971690409219,0.0858634188777729,0.0580985915492957,0.0,0.081654501216545,0.0677756149354096,0.0291212095180826,0.0580985915492957,0.0149897612346773,0.014989761234677323,0.014989761234677323,0.0,0,0,0,0,0,2
1371.png,0.8853410740203193,0.8853410740203193,0.8853410740203193,0.8853410740203193,0.9063733784545968,0.9063733784545968,0.8923518421650783,0.0099147233929716,0.0210323044342775,L4,H0,0.0,0.0,0.0,0.0210323044342775,0.0210323044342775,0.5942402592619872,0.4057597407380128,1.0,-1.0,1,1,1,0.1386647101980924,0.25,0.008626331688696,0.0,0.0669069610272583,0.2027053140096618,0.3127439334804005,0.4057597407380128,0.4057597407380128,0.3489491189583186,0.2191245273344869,0.1074593579435413,0.0,0.0669069610272583,0.1386647101980924,0.1149724876918621,0.1074593579435413,0.0210323044342775,0.021032304434277505,0.021032304434277505,0.0,0,0,0,0,0,5
1372.png,0.864645201625508,0.864645201625508,0.864645201625508,0.8649155722326454,0.8649155722326454,0.864645201625508,0.8647353251612203,0.0001274539264935,0.0002703706071374,L3,H0,0.0,0.0,0.0002703706071374,0.0002703706071374,0.0,0.8502129673450071,0.1497870326549929,1.0,-1.0,1,1,1,0.0475728155339806,0.75,0.0028605842017016,0.0,0.0388204123948854,0.0674760681765117,0.1068284558648584,0.1497870326549929,0.1497870326549929,0.1262477980035231,0.0861904761904761,0.0475728155339806,0.0,0.0388204123948854,0.0429945532506663,0.0411778788604261,0.0475728155339806,0.0002703706071374,0.0,0.0,0.0,0,0,0,0,0,2
1373.png,0.853005980484734,0.853005980484734,0.8543505674653216,0.8685491723466408,0.853005980484734,0.8685491723466408,0.8584111422688009,0.0071844148125048,0.0155431918619067,L3,H0,0.0,0.0013445869805875,0.0155431918619067,0.0,0.0155431918619067,0.7734537873523281,0.2265462126476719,1.0,-1.0,1,1,1,0.0895426926766869,0.0,0.0181502679730748,0.0,0.0895426926766869,0.139361877996363,0.201666088163832,0.2265462126476719,0.2265462126476719,0.1515725653656687,0.1003351074315,0.041370664437944,0.0,0.0895426926766869,0.0565428109854604,0.0628076392990746,0.041370664437944,0.0155431918619067,0.01554319186190678,0.01554319186190678,0.0,0,0,0,0,0,4
1378.png,0.4772793902081501,0.4772793902081501,0.4772793902081501,0.4772793902081501,0.4562780269058296,0.4606677985285795,0.4710105643778349,0.0089555678671601,0.0210013633023204,H0,L4,0.0,0.0,0.0,-0.0210013633023204,-0.0166115916795705,0.8663891348164334,0.1336108651835665,1.0,-1.0,1,1,1,0.0456284957315278,0.0,0.0059966986771932,0.0,0.0456284957315278,0.0777277881414828,0.1070435072883053,0.1336108651835665,0.1336108651835665,0.0915349651014625,0.0642826091065454,0.0316580698356695,0.0,0.0456284957315278,0.0338182086686849,0.0349819508019798,0.0316580698356695,0.0210013633023204,-0.016611591679570603,0.016611591679570603,0.016611591679570603,0,0,0,0,0,2
1380.png,0.8283521149763188,0.8418565400843881,0.8174951695064114,0.8288723881885685,0.7984014209591475,0.7303412462908012,0.8075531466676059,0.0369867214979698,0.1115152937935869,H1,L5,0.0135044251080693,-0.0108569454699073,0.0005202732122496,-0.0299506940171713,-0.0980108686855175,0.7884970157352144,0.2115029842647856,1.0,-1.0,1,1,1,0.0719087390507231,0.0,0.014337341882723,0.0,0.0719087390507231,0.1271048628232701,0.1899275839368005,0.2115029842647856,0.2115029842647856,0.1484320557491288,0.0920886646242565,0.0350366810017708,0.0,0.0719087390507231,0.057973449840363,0.0643964730921252,0.0350366810017708,0.1115152937935869,-0.09801086868551756,0.09801086868551756,0.09801086868551756,0,0,0,0,0,4
1381.png,0.5493060628195763,0.5701067615658363,0.5104895104895105,0.5104895104895105,0.5727401129943502,0.5104895104895105,0.537270244808049,0.0277873846948127,0.0622506025048397,L4,H2,0.02080069874626,-0.0388165523300657,-0.0388165523300657,0.0234340501747739,-0.0388165523300657,0.8663171690694627,0.1336828309305373,1.0,-1.0,1,1,1,0.0576464983325393,0.5,0.0073718240510597,0.0,0.0381104733226687,0.0803113726979305,0.1189615206305053,0.1336828309305373,0.1336828309305373,0.1097758702908917,0.086027713625866,0.0357981772056751,0.0,0.0381104733226687,0.0469188352520073,0.0576464983325393,0.0357981772056751,0.0622506025048397,-0.03881655233006576,0.03881655233006576,0.03881655233006576,0,0,0,0,0,2
1384.png,0.6267942583732058,0.7263654006099252,0.629353831371607,0.5996795605401694,0.6668363451259862,0.0,0.5415048993368156,0.2454536388916586,0.7263654006099252,H1,L5,0.0995711422367193,0.0025595729984012,-0.0271146978330364,0.0400420867527804,-0.6267942583732058,0.7359187213480362,0.2640812786519638,1.0,-1.0,1,1,1,0.098749395073992,0.5,0.0070986852666621,0.0,0.0496795780638575,0.1137439446366782,0.1972049689440993,0.2640812786519638,0.2640812786519638,0.237729640800658,0.1730281140179617,0.0770964107516497,0.0,0.0496795780638575,0.0721988463789116,0.098749395073992,0.0770964107516497,0.7263654006099252,-0.6267942583732058,0.6267942583732058,0.6267942583732058,1,1,0,1,1,5
1387.png,0.6154919748778785,0.6154919748778785,0.6154919748778785,0.6154919748778785,0.6110594795539034,0.6154919748778785,0.614753225657216,0.0016518934757264,0.0044324953239751,H0,L4,0.0,0.0,0.0,-0.0044324953239751,0.0,0.8816917645363499,0.1183082354636501,1.0,-1.0,1,1,1,0.0482369327761894,0.5,0.0023881225504721,0.0,0.0383543063823373,0.0604507424436572,0.090597917121841,0.1183082354636501,0.1183082354636501,0.098383237874284,0.0677351512074841,0.0376061180102434,0.0,0.0383543063823373,0.0396783248615431,0.0482369327761894,0.0376061180102434,0.0044324953239751,0.0,0.0,0.0,0,0,0,0,0,2
1388.png,0.7696606786427146,0.7696606786427146,0.7668455575432319,0.7668455575432319,0.823982869379015,0.7544886807181889,0.7752473370781828,0.0223967081888343,0.0694941886608261,L4,L5,0.0,-0.0028151210994826,-0.0028151210994826,0.0543221907363004,-0.0151719979245257,0.5489253830045189,0.4510746169954811,1.0,-1.0,1,1,1,0.2009781992782797,0.0,0.0505784699034489,0.0,0.2009781992782797,0.342544501033735,0.3859815746984518,0.4510746169954811,0.4510746169954811,0.2888351378330646,0.1470381120862889,0.0790909240733721,0.0,0.2009781992782797,0.1607493155705016,0.0696329173791246,0.0790909240733721,0.0694941886608261,-0.015171997924525726,0.015171997924525726,0.015171997924525726,0,0,0,0,0,5
1397.png,0.8745566793642454,0.9196731615336268,0.9178756149867542,0.9147561747941736,0.9353198533759016,0.9125301510727434,0.9124519391879072,0.0184655993068992,0.0607631740116562,L4,H0,0.0451164821693812,0.0433189356225087,0.040199495429928,0.0607631740116562,0.0379734717084979,0.7044187044187045,0.2955812955812955,1.0,-1.0,1,1,1,0.1802911534154535,0.75,0.0180461665676438,0.0,0.0705355764778514,0.116971363856981,0.1656341701988913,0.2955812955812955,0.2955812955812955,0.2440873256519102,0.2203874245792315,0.1802911534154535,0.0,0.0705355764778514,0.051521438450899,0.0538701967273396,0.1802911534154535,0.0607631740116562,0.03797347170849796,0.03797347170849796,0.0,0,0,0,0,0,5
1398.png,0.8237061313669262,0.8237061313669262,0.8237061313669262,0.8251805423082164,0.8271085155507266,0.8021657642648896,0.8209288693707686,0.0084799608438233,0.024942751285837,L4,L5,0.0,0.0,0.0014744109412901,0.0034023841838004,-0.0215403671020365,0.839425587467363,0.160574412532637,1.0,-1.0,1,1,1,0.0490544163466415,0.25,0.0016690533935068,0.0,0.0331199554689674,0.0813518662245114,0.1201738500543281,0.160574412532637,0.160574412532637,0.1304412641621943,0.0823938866611182,0.0447505642462447,0.0,0.0331199554689674,0.0490544163466415,0.0394438567326582,0.0447505642462447,0.024942751285837,-0.02154036710203655,0.02154036710203655,0.02154036710203655,0,0,0,0,0,3
1399.png,0.8512386086510075,0.8553071189925469,0.8553071189925469,0.8527191298784389,0.7774936061381074,0.8384853168469861,0.8384251499166057,0.0278422969446971,0.0778135128544394,H1,L4,0.0040685103415393,0.0040685103415393,0.0014805212274313,-0.0737450025129001,-0.0127532918040214,0.852885452404117,0.147114547595883,1.0,-1.0,1,1,1,0.0572451707267867,0.25,0.0098639961736763,0.0,0.0436390532544378,0.0995750780730047,0.1267776709347639,0.147114547595883,0.147114547595883,0.1092165666145387,0.0671627178382612,0.045995932991188,0.0,0.0436390532544378,0.0572451707267867,0.0353373995546519,0.045995932991188,0.0778135128544394,-0.012753291804021405,0.012753291804021405,0.012753291804021405,0,0,0,0,0,2
1401.png,0.5040938260677141,0.5318953648462598,0.6637147518061058,0.0,0.0796812749003984,0.5526016814360373,0.3886644831760859,0.2526188754461445,0.6637147518061058,H2,L3,0.0278015387785456,0.1596209257383917,-0.5040938260677141,-0.4244125511673157,0.0485078553683231,0.6144593514741137,0.3855406485258863,1.0,-1.0,1,1,1,0.1158264831137961,0.5,0.0049586448347525,0.0,0.0836744124636915,0.1932071774588603,0.3008011077044803,0.3855406485258863,0.3855406485258863,0.313611124072605,0.2143793297135368,0.1028789032749428,0.0,0.0836744124636915,0.1150818046603867,0.1158264831137961,0.1028789032749428,0.6637147518061058,0.04850785536832314,0.04850785536832314,0.0,1,1,0,0,0,5
1402.png,0.2986025482942869,0.2994950015459136,0.308656399362719,0.3117439246333369,0.303371959494728,0.6083333333333333,0.3550338611107196,0.1133751297339819,0.3097307850390464,L5,H0,0.0008924532516267,0.0100538510684321,0.0131413763390499,0.0047694112004411,0.3097307850390464,0.7005192528154293,0.2994807471845707,1.0,-1.0,1,1,1,0.0946556524120304,0.5,0.0007426610595505,0.0,0.0733866754653688,0.1496497775959916,0.2224713624177431,0.2994807471845707,0.2994807471845707,0.2582079496968336,0.1727828422766979,0.0899554796609135,0.0,0.0733866754653688,0.0924133704450856,0.0946556524120304,0.0899554796609135,0.3097307850390464,0.3097307850390464,0.3097307850390464,0.0,1,0,0,0,0,5
1406.png,0.5595729191943702,0.5595729191943702,0.4212703101920236,0.5613428783016539,0.4212703101920236,0.4575604272062957,0.4967649607134561,0.0645443861479951,0.1400725681096302,L3,H2,0.0,-0.1383026090023466,0.0017699591072836,-0.1383026090023466,-0.1020124919880745,0.8121691762166606,0.1878308237833393,1.0,-1.0,1,1,1,0.0770849273144606,0.75,0.0039385348905012,0.0,0.0546865812066329,0.0908566483991923,0.1319680821382735,0.1878308237833393,0.1878308237833393,0.1644746712006801,0.1237823477319689,0.0770849273144606,0.0,0.0546865812066329,0.054775359480781,0.0496061315733447,0.0770849273144606,0.1400725681096302,-0.10201249198807455,0.10201249198807455,0.10201249198807455,0,0,0,0,0,3
1407.png,0.5431058691378826,0.5442253521126761,0.5442253521126761,0.4730598121601582,0.6205342774380431,0.0325950689511074,0.4596242886520905,0.1956656784838156,0.5879392084869357,L4,L5,0.0011194829747934,0.0011194829747934,-0.0700460569777244,0.0774284083001605,-0.5105108001867752,0.8256781901870531,0.1743218098129468,1.0,-1.0,1,1,1,0.0556960691326799,0.25,0.0024851490436797,0.0,0.0425352112676056,0.0955513615529792,0.1337314047459721,0.1743218098129468,0.1743218098129468,0.1394389834572045,0.0881293302540415,0.0446919936090892,0.0,0.0425352112676056,0.0556960691326799,0.0440087145969498,0.0446919936090892,0.5879392084869357,-0.5105108001867752,0.5105108001867752,0.5105108001867752,1,1,0,1,1,3
1410.png,0.7225130890052356,0.7235653946985144,0.7229336437718277,0.7229336437718277,0.7256792287467134,0.0,0.6029374999990198,0.2696438145614646,0.7256792287467134,L4,L5,0.0010523056932788,0.000420554766592,0.000420554766592,0.0031661397414778,-0.7225130890052356,0.7034605891928792,0.2965394108071207,1.0,-1.0,1,1,1,0.1397304025174957,0.75,0.0187916530943156,0.0,0.0578601154517385,0.12440560339288,0.1685851318944844,0.2965394108071207,0.2965394108071207,0.2489620175303706,0.192683289545432,0.1397304025174957,0.0,0.0578601154517385,0.0675068629897679,0.0682762492981471,0.1397304025174957,0.7256792287467134,-0.7225130890052356,0.7225130890052356,0.7225130890052356,1,1,0,1,1,5
1411.png,0.6065001343002955,0.6026666666666667,0.587012987012987,0.6026666666666667,0.5105037271289813,0.6357243319268636,0.5908457522837435,0.0387473562891499,0.1252206047978823,L5,L4,-0.0038334676336287,-0.0194871472873084,-0.0038334676336287,-0.0959964071713141,0.0292241976265681,0.9345407503234152,0.0654592496765847,1.0,-1.0,1,1,1,0.0193092194723959,0.75,0.0008653130231259,0.0,0.0193069306930693,0.0328567845497868,0.0478371501272264,0.0654592496765847,0.0654592496765847,0.0462107208872458,0.0342795929298339,0.0193092194723959,0.0,0.0193069306930693,0.0135584548477871,0.0150039484074756,0.0193092194723959,0.1252206047978823,0.029224197626568138,0.029224197626568138,0.0,0,0,0,0,0,1
1425.png,0.5851942490058122,0.5857164704083193,0.5851942490058122,0.5869531849577897,0.5851942490058122,0.5874039938556067,0.5859427327065254,0.000902605125566,0.0022097448497945,L5,H0,0.0005222214025071,0.0,0.0017589359519775,0.0,0.0022097448497945,0.8323768531802965,0.1676231468197034,1.0,-1.0,1,1,1,0.0493783049878518,0.0,0.0026908445893849,0.0,0.0493783049878518,0.0884429580081753,0.1243670400491023,0.1676231468197034,0.1676231468197034,0.1223977928266867,0.0804587637891788,0.0443596036723934,0.0,0.0493783049878518,0.0423465423465423,0.0361880772460118,0.0443596036723934,0.0022097448497945,0.002209744849794526,0.002209744849794526,0.0,0,0,0,0,0,3
1426.png,0.8701364325416877,0.8701364325416877,0.8701364325416877,0.8699166456175802,0.8701364325416877,0.8688193743693239,0.8698802916922759,0.0004811963758824,0.0013170581723638,H0,L5,0.0,0.0,-0.0002197869241075,0.0,-0.0013170581723638,0.7332572918364022,0.2667427081635978,1.0,-1.0,1,1,1,0.1022186365469947,0.75,0.0181491180588789,0.0,0.0393238363557001,0.0948238191713343,0.1752208164239675,0.2667427081635978,0.2667427081635978,0.2293518928269702,0.1834548310443433,0.1022186365469947,0.0,0.0393238363557001,0.0563535044345028,0.0821955538068069,0.1022186365469947,0.0013170581723638,-0.0013170581723638275,0.0013170581723638275,0.0013170581723638275,0,0,0,0,0,5
1435.png,0.6795751272405399,0.6795751272405399,0.6795751272405399,0.6801771871539314,0.7331522442116156,0.6938544961590601,0.6909848848743713,0.0195519602606585,0.0535771169710757,L4,H0,0.0,0.0,0.0006020599133914,0.0535771169710757,0.0142793689185202,0.7833684703677676,0.2166315296322324,1.0,-1.0,1,1,1,0.0914780831541524,0.75,0.0130169638638774,0.0,0.0394277739009072,0.080122665179816,0.1403120360482379,0.2166315296322324,0.2166315296322324,0.1990598529274876,0.1545106861642294,0.0914780831541524,0.0,0.0394277739009072,0.0551006859924761,0.0665205588623515,0.0914780831541524,0.0535771169710757,0.014279368918520219,0.014279368918520219,0.0,0,0,0,0,0,4
1436.png,0.8695652173913043,0.8695652173913043,0.8695652173913043,0.8699521637557014,0.8725556304787593,0.8704178272980502,0.870270212284404,0.0010674841747338,0.0029904130874549,L4,H0,0.0,0.0,0.000386946364397,0.0029904130874549,0.0008526099067458,0.8999584889995849,0.1000415110004151,1.0,-1.0,1,1,1,0.0547984755745467,0.0,0.0118448676749568,0.0,0.0547984755745467,0.072489185081258,0.0819989442196023,0.1000415110004151,0.1000415110004151,0.0507827175954915,0.0301434192156364,0.020571938093115,0.0,0.0547984755745467,0.0212175414790599,0.0124811841445057,0.020571938093115,0.0029904130874549,0.0008526099067458492,0.0008526099067458492,0.0,0,0,0,0,0,1
1437.png,0.7634133878385284,0.7634133878385284,0.7634133878385284,0.76415697302825,0.7502870996554805,0.7699182839632278,0.762433753360424,0.005907734079546,0.0196311843077473,L5,L4,0.0,0.0,0.0007435851897216,-0.0131262881830479,0.0065048961246994,0.8723779854620977,0.1276220145379023,1.0,-1.0,1,1,1,0.0605119853427655,0.75,0.0068228582925017,0.0,0.0283779971791254,0.0483621071270473,0.0805786260381716,0.1276220145379023,0.1276220145379023,0.1092585838586984,0.0862845445240532,0.0605119853427655,0.0,0.0283779971791254,0.0248264371008053,0.0333134716429228,0.0605119853427655,0.0196311843077473,0.0065048961246994,0.0065048961246994,0.0,0,0,0,0,0,2
1442.png,0.7144915932746196,0.7097184666772706,0.7935265872310154,0.7194453402128346,0.7411960132890365,0.8508771929824561,0.7548758656112055,0.0513528216669884,0.1411587263051855,L5,H1,-0.004773126597349,0.0790349939563958,0.0049537469382149,0.0267044200144168,0.1363855997078364,0.8293342345386955,0.1706657654613045,1.0,-1.0,1,1,1,0.064835872130444,0.25,0.0054302037729701,0.0,0.04468206988734,0.1084229790653037,0.1259540300877928,0.1706657654613045,0.1706657654613045,0.1263123626597216,0.081178685312536,0.0586087551819876,0.0,0.04468206988734,0.064835872130444,0.0609814578005115,0.0586087551819876,0.1411587263051855,0.13638559970783648,0.13638559970783648,0.0,0,0,0,0,0,3
1457.png,0.9505462909718227,0.9518593254540212,0.9526285384171,0.955310504933256,0.9580663948747816,0.7692307692307693,0.9229403039802918,0.0687847909896359,0.1888356256440123,L4,L5,0.0013130344821984,0.002082247445277,0.0047642139614331,0.0075201039029587,-0.1813155217410536,0.7418954167184201,0.2581045832815799,1.0,-1.0,1,1,1,0.1351917592969795,0.5,0.0102141759673934,0.0,0.0701333825066076,0.1380164813000634,0.2300778909526663,0.2581045832815799,0.2581045832815799,0.2063696731351944,0.1625188309731846,0.0406728596535275,0.0,0.0701333825066076,0.0868631428230521,0.1351917592969795,0.0406728596535275,0.1888356256440123,-0.18131552174105348,0.18131552174105348,0.18131552174105348,0,0,0,0,0,4
1458.png,0.6222065810311456,0.622910434629597,0.622910434629597,0.556027031274556,0.6472527472527473,0.6375089992800576,0.6181360380162834,0.0292767887293293,0.0912257159781912,L4,L3,0.0007038535984514,0.0007038535984514,-0.0661795497565895,0.0250461662216017,0.0153024182489119,0.7247490514384516,0.2752509485615484,0.7,-0.7,0,0,0,0.2564236028959447,0.0,0.0928052301012112,0.0,0.2564236028959447,0.3097868981846882,0.3106920722677461,0.2752509485615484,0.2752509485615484,0.0549279314374756,0.0953854617976754,0.0554140565842913,0.0,0.2564236028959447,0.0579680872550999,0.0416368579195879,0.0554140565842913,0.0912257159781912,0.015302418248911986,0.015302418248911986,0.0,0,0,0,0,0,5
1459.png,0.7404692082111437,0.7404692082111437,0.7404692082111437,0.7404692082111437,0.4915205518827249,0.8689984792526613,0.7203993106633267,0.1126043236860156,0.3774779273699363,L5,L4,0.0,0.0,0.0,-0.2489486563284187,0.1285292710415175,0.8823715415019763,0.1176284584980237,1.0,-1.0,1,1,1,0.0407488986784141,0.0,0.0066352196679137,0.0,0.0407488986784141,0.0692935323383084,0.0995763550698816,0.1176284584980237,0.1176284584980237,0.0823501836080944,0.0567216095497845,0.0238685069403483,0.0,0.0407488986784141,0.0293041733863037,0.0343680709534368,0.0238685069403483,0.3774779273699363,0.12852927104151757,0.12852927104151757,0.0,1,0,0,0,0,2
1461.png,0.5591214154972545,0.5591214154972545,0.5576923076923077,0.5542518446836822,0.5521398432790838,0.5233474140883663,0.550945706789658,0.0126043862685338,0.0357740014088882,H0,L5,0.0,-0.0014291078049467,-0.0048695708135723,-0.0069815722181706,-0.0357740014088882,0.8406837506252023,0.1593162493747977,1.0,-1.0,1,1,1,0.091370706510637,0.75,0.0088574747433444,0.0,0.0342970703250208,0.0701201435481354,0.090269786472318,0.1593162493747977,0.1593162493747977,0.1289897896492203,0.09740778805527,0.091370706510637,0.0,0.0342970703250208,0.0377516518286441,0.0404356031308975,0.091370706510637,0.0357740014088882,-0.0357740014088882,0.0357740014088882,0.0357740014088882,0,0,0,0,0,3
1464.png,0.7906579322130447,0.7906579322130447,0.7542906178489702,0.7545012860817376,0.7182481751824817,0.7892338365138137,0.7662649633421822,0.0267861406741635,0.0724097570305629,H0,L4,0.0,-0.0363673143640744,-0.036156646131307,-0.0724097570305629,-0.0014240956992309,0.8812540965698056,0.1187459034301944,1.0,-1.0,1,1,1,0.062794093785494,0.0,0.0133412907926715,0.0,0.062794093785494,0.0790055546567437,0.1030256606664113,0.1187459034301944,0.1187459034301944,0.0903200136417893,0.0619368731229104,0.0331971693228237,0.0,0.062794093785494,0.0307381646847655,0.0333787465940054,0.0331971693228237,0.0724097570305629,-0.001424095699230965,0.001424095699230965,0.001424095699230965,0,0,0,0,0,2
1465.png,0.936026936026936,0.9368270852250616,0.9363577446532728,0.9364791288566244,0.9354379609263812,0.9368434703670082,0.936328721009214,0.0004867111371509,0.001405509440627,L5,L4,0.0008001491981256,0.0003308086263368,0.0004521928296883,-0.0005889751005547,0.0008165343400722,0.9018534119629318,0.0981465880370682,1.0,-0.8999999999999998,1,0,0,0.042713462104953,0.5,0.004940643481876,0.0,0.0257737845966421,0.0314854469030058,0.0677317083213241,0.0981465880370682,0.0981465880370682,0.1109004739336493,0.0707270847691247,0.0315458828808615,0.0,0.0257737845966421,0.0407489414598143,0.042713462104953,0.0315458828808615,0.001405509440627,0.000816534340072228,0.000816534340072228,0.0,0,0,0,0,0,1
1466.png,0.7678363330312055,0.8339192799887498,0.7752647404889528,0.8168044077134986,0.8714853525688209,0.7641752577319587,0.8049142285871979,0.0394290716441813,0.1073100948368621,L4,L5,0.0660829469575443,0.0074284074577473,0.0489680746822931,0.1036490195376154,-0.0036610752992467,0.8083113639517137,0.1916886360482863,1.0,-1.0,1,1,1,0.0650124757416135,0.5,0.004121657476632,0.0,0.0437148447053069,0.081077658530408,0.1454007906188752,0.1916886360482863,0.1916886360482863,0.1679091479133282,0.1141002864290634,0.0500823849484615,0.0,0.0437148447053069,0.0557126966470681,0.0650124757416135,0.0500823849484615,0.1073100948368621,-0.003661075299246752,0.003661075299246752,0.003661075299246752,0,0,0,0,0,3
1472.png,0.5735819119397064,0.5484848484848485,0.5735819119397064,0.5735819119397064,0.6528925619834711,0.6540590405904059,0.5960303644796409,0.0415792654890567,0.1055741921055574,L5,H1,-0.0250970634548579,0.0,0.0,0.0793106500437647,0.0804771286506994,0.7824136803251881,0.2175863196748119,1.0,-1.0,1,1,1,0.0753307620953961,0.5,0.0034271549154588,0.0,0.0582070969080722,0.0997636905373471,0.1674855280439753,0.2175863196748119,0.2175863196748119,0.1707270921046407,0.1303858596277368,0.0570918822479928,0.0,0.0582070969080722,0.0437454431830017,0.0753307620953961,0.0570918822479928,0.1055741921055574,0.08047712865069945,0.08047712865069945,0.0,0,0,0,0,0,4
1477.png,0.5206169342146679,0.5206169342146679,0.5202893991821328,0.5206169342146679,0.52160201829076,0.5186345129971813,0.5203961221856797,0.0008864833148621,0.0029675052935786,L4,L5,0.0,-0.0003275350325351,0.0,0.0009850840760921,-0.0019824212174865,0.7038989144472756,0.2961010855527244,1.0,-1.0,1,1,1,0.1300018786398648,0.75,0.0170209347483062,0.0,0.0514411805268238,0.1146874324032013,0.1929183416575303,0.2961010855527244,0.2961010855527244,0.259702725020644,0.195819365016762,0.1300018786398648,0.0,0.0514411805268238,0.0693582660433489,0.0820330252991971,0.1300018786398648,0.0029675052935786,-0.0019824212174865963,0.0019824212174865963,0.0019824212174865963,0,0,0,0,0,5
1480.png,0.7051120624527827,0.7088287376675942,0.7088287376675942,0.7060010085728694,0.709546720688782,0.7178699436763953,0.709364535121003,0.0041300960184836,0.0127578812236126,L5,H0,0.0037166752148115,0.0037166752148115,0.0008889461200867,0.0044346582359993,0.0127578812236126,0.7200102968937704,0.2799897031062296,1.0,-1.0,1,1,1,0.1511753095280817,0.25,0.0190231263953466,0.0,0.068487481895303,0.2087744482325497,0.2348183687457162,0.2799897031062296,0.2799897031062296,0.2262742406040844,0.1216689508146794,0.0671667762267507,0.0,0.068487481895303,0.1511753095280817,0.0868182732944254,0.0671667762267507,0.0127578812236126,0.012757881223612655,0.012757881223612655,0.0,0,0,0,0,0,5
1481.png,0.6794520547945205,0.6794520547945205,0.0905722519555372,0.2368019530057979,0.0228813559322033,0.7415399705738107,0.408449940176065,0.2991670798315347,0.7186586146416073,L5,L4,0.0,-0.5888798028389832,-0.4426501017887225,-0.6565706988623171,0.0620879157792901,0.8738232352839753,0.1261767647160246,1.0,-1.0,1,1,1,0.0499764433008371,0.0,0.0070388428904592,0.0,0.0499764433008371,0.0763898916967509,0.0980930265287453,0.1261767647160246,0.1261767647160246,0.100407346530408,0.0761399636920229,0.0424431719590491,0.0,0.0499764433008371,0.03121369955409,0.0391772059892425,0.0424431719590491,0.7186586146416073,0.06208791577929018,0.06208791577929018,0.0,1,1,0,0,0,2
1482.png,0.610975183502272,0.610975183502272,0.610975183502272,0.6129659070835541,0.6220302375809935,0.608771319178559,0.6127821690583205,0.0043097377766181,0.0132589184024345,L4,L5,0.0,0.0,0.0019907235812821,0.0110550540787215,-0.002203864323713,0.7651351799635097,0.2348648200364903,1.0,-1.0,1,1,1,0.0849157418824496,0.5,0.011188412020496,0.0,0.030161943319838,0.0921365408386422,0.1740566857937749,0.2348648200364903,0.2348648200364903,0.2103608076795763,0.146450750727144,0.0684371807967313,0.0,0.030161943319838,0.0644029213696291,0.0849157418824496,0.0684371807967313,0.0132589184024345,-0.0022038643237130007,0.0022038643237130007,0.0022038643237130007,0,0,0,0,0,4
1483.png,0.8069725711356063,0.8069725711356063,0.8069725711356063,0.8117197452229299,0.769455252918288,0.802358369648808,0.8007418468661408,0.0142504042858615,0.0422644923046419,L3,L4,0.0,0.0,0.0047471740873236,-0.0375173182173182,-0.0046142014867982,0.813202545068929,0.186797454931071,1.0,-1.0,1,1,1,0.0792990484114191,0.0,0.0162010957947196,0.0,0.0792990484114191,0.1319711668744241,0.1499314460843616,0.186797454931071,0.186797454931071,0.1418179735380033,0.1066610708076023,0.0569637179449082,0.0,0.0792990484114191,0.0547800586510264,0.051804476930105,0.0569637179449082,0.0422644923046419,-0.004614201486798253,0.004614201486798253,0.004614201486798253,0,0,0,0,0,3
1484.png,0.9143421377437668,0.8861283643892339,0.8861283643892339,0.8861283643892339,0.8806584362139918,0.8968382183244865,0.8917039809083244,0.0112109551707989,0.0336837015297751,H0,L4,-0.028213773354533,-0.028213773354533,-0.028213773354533,-0.0336837015297751,-0.0175039194192804,0.7676691729323308,0.2323308270676691,1.0,-1.0,1,1,1,0.1488070610950214,0.5,0.0204767735000312,0.0,0.047289033836119,0.0810118043844856,0.2306847057207609,0.2323308270676691,0.2323308270676691,0.1942509813853362,0.1584177095780139,0.0985483148941612,0.0,0.047289033836119,0.0374513950474111,0.1488070610950214,0.0985483148941612,0.0336837015297751,-0.01750391941928031,0.01750391941928031,0.01750391941928031,0,0,0,0,0,4
1485.png,0.950975487743872,0.950975487743872,0.950975487743872,0.5267743692140134,0.0061219684483164,0.0065835880554902,0.565401064824906,0.4228011763678937,0.9448535192955556,H0,L4,0.0,0.0,-0.4242011185298585,-0.9448535192955556,-0.9443918996883818,0.6314671025745812,0.3685328974254188,1.0,-1.0,1,1,1,0.1288750794435421,0.75,0.0100858255457531,0.0,0.0820053507037338,0.1641791044776119,0.2561857632280168,0.3685328974254188,0.3685328974254188,0.3340408163265306,0.2403053435114504,0.1288750794435421,0.0,0.0820053507037338,0.1065313887127457,0.1272311615229051,0.1288750794435421,0.9448535192955556,-0.9443918996883818,0.9443918996883818,0.9443918996883818,1,1,1,1,1,5
1488.png,0.5065079955373745,0.53046875,0.6352611940298507,0.5992970123022847,0.6359404096834265,0.5962624945675793,0.5839563093534194,0.0492958374828389,0.129432414146052,L4,H0,0.0239607544626255,0.1287531984924762,0.0927890167649102,0.129432414146052,0.0897544990302048,0.9097791798107256,0.0902208201892744,1.0,-1.0,1,1,1,0.0373967945604662,0.0,0.0073416138766178,0.0,0.0373967945604662,0.0551130933418285,0.0795294117647058,0.0902208201892744,0.0902208201892744,0.0608918011826754,0.0368040264234036,0.0168861347792409,0.0,0.0373967945604662,0.0308313155770783,0.0251837947755357,0.0168861347792409,0.129432414146052,0.08975449903020483,0.08975449903020483,0.0,0,0,0,0,0,1
1490.png,0.5761564497931553,0.5849560901107292,0.5501885437241875,0.557394942696016,0.5761564497931553,0.5438409655662052,0.5647822402805747,0.0151207067322001,0.041115124544524,H1,L5,0.0087996403175739,-0.0259679060689678,-0.0187615070971393,0.0,-0.03231548422695,0.7463207404035807,0.2536792595964193,1.0,-1.0,1,1,1,0.1608937313652593,0.0,0.0424795597738536,0.0,0.1608937313652593,0.2051196685532497,0.2269032883453881,0.2536792595964193,0.2536792595964193,0.1798885002943315,0.1608279700817533,0.0952547837667344,0.0,0.1608937313652593,0.0783809394882902,0.0926959558949422,0.0952547837667344,0.041115124544524,-0.032315484226950075,0.032315484226950075,0.032315484226950075,0,0,0,0,0,4
1491.png,0.4808277541083384,0.5332433344583193,0.4848112918073028,0.5178629957391019,0.519053876478318,0.5332433344583193,0.5115070978416166,0.0211981424583835,0.0524155803499808,H1,H0,0.0524155803499808,0.0039835376989644,0.0370352416307634,0.0382261223699796,0.0524155803499808,0.8451640122349963,0.1548359877650037,1.0,-1.0,1,1,1,0.0620770501412053,0.25,0.0168449472106392,0.0,0.0562701763099081,0.1176531031648171,0.1425554382259767,0.1548359877650037,0.1548359877650037,0.1183137147549958,0.0776401045811071,0.0396016403046279,0.0,0.0562701763099081,0.0620770501412053,0.0433644434327339,0.0396016403046279,0.0524155803499808,0.052415580349980895,0.052415580349980895,0.0,0,0,0,0,0,2
1492.png,0.463571889103804,0.4872924432395798,0.4872924432395798,0.463571889103804,0.4879538513742789,0.4872924432395798,0.4794958265501044,0.0112623520850186,0.0243819622704749,L4,H0,0.0237205541357758,0.0237205541357758,0.0,0.0243819622704749,0.0237205541357758,0.9006027801697626,0.0993972198302374,0.8999999999999998,-1.0,0,1,0,0.0546655252537605,0.0,0.0201087032584562,0.0,0.0546655252537605,0.0917030567685589,0.1032707640153179,0.0993972198302374,0.0993972198302374,0.0831630045988758,0.0734291200423756,0.0449740660495042,0.0,0.0546655252537605,0.0420422396210277,0.0316772708812779,0.0449740660495042,0.0243819622704749,0.02372055413577584,0.02372055413577584,0.0,0,0,0,0,0,1
1493.png,0.8545024715237481,0.8416578108395324,0.7843676355066771,0.5170846658811648,0.8452203534170747,0.5719631548647093,0.7357993486721511,0.1380257771953395,0.3374178056425834,H0,L3,-0.0128446606842157,-0.070134836017071,-0.3374178056425834,-0.0092821181066734,-0.2825393166590388,0.7749766573295985,0.2250233426704014,1.0,-1.0,1,1,1,0.0878047415120216,0.5,0.0057334088351441,0.0,0.0544038114859645,0.0954521499209474,0.1590120084229697,0.2250233426704014,0.2250233426704014,0.2052498847520134,0.1570790648804833,0.0750824075204492,0.0,0.0544038114859645,0.0543777054567284,0.0878047415120216,0.0750824075204492,0.3374178056425834,-0.28253931665903886,0.28253931665903886,0.28253931665903886,1,0,0,1,0,4
1495.png,0.9144795045709232,0.9144795045709232,0.9144795045709232,0.9154742587402273,0.9144795045709232,0.9144795045709232,0.9146452969324738,0.0003707229905775,0.000994754169304,L3,H0,0.0,0.0,0.000994754169304,0.0,0.0,0.815679666185203,0.1843203338147969,1.0,-0.8999999999999998,1,0,0,0.1207675906183368,0.0,0.0331327556706694,0.0,0.1207675906183368,0.1413783027925031,0.1799983856647026,0.1843203338147969,0.1843203338147969,0.1072921170197435,0.0818384460248381,0.0830697290606519,0.0,0.1207675906183368,0.0525962148643099,0.0678237365295016,0.0830697290606519,0.000994754169304,0.0,0.0,0.0,0,0,0,0,0,3
1496.png,0.8969575200918485,0.8740219092331768,0.8740219092331768,0.8068490958553368,0.8605577689243028,0.8820593643288679,0.8657445946111183,0.0284986234670833,0.0901084242365116,H0,L3,-0.0229356108586716,-0.0229356108586716,-0.0901084242365116,-0.0363997511675456,-0.0148981557629805,0.8165960490838057,0.1834039509161943,1.0,-1.0,1,1,1,0.0675383841670858,0.25,0.0072519418512824,0.0,0.0393133477430066,0.0992802331806554,0.1596967747349575,0.1834039509161943,0.1834039509161943,0.1561858351356531,0.0908805525035316,0.0399722449384184,0.0,0.0393133477430066,0.0675383841670858,0.0657205878444816,0.0399722449384184,0.0901084242365116,-0.014898155762980592,0.014898155762980592,0.014898155762980592,0,0,0,0,0,3
1497.png,0.6104494813676528,0.6101304681504222,0.6101304681504222,0.6103484688489969,0.607756973633932,0.6475609756097561,0.616062805960197,0.0141165970125281,0.0398040019758241,L5,L4,-0.0003190132172306,-0.0003190132172306,-0.0001010125186559,-0.0026925077337207,0.0371114942421033,0.8506476616553087,0.1493523383446913,1.0,-1.0,1,1,1,0.0549076773566569,0.75,0.0050882692273799,0.0,0.0431491294473883,0.0689104392470051,0.0981496824081745,0.1493523383446913,0.1493523383446913,0.1112581433224755,0.0861284678830291,0.0549076773566569,0.0,0.0431491294473883,0.026677805625174,0.0318208291417376,0.0549076773566569,0.0398040019758241,0.03711149424210336,0.03711149424210336,0.0,0,0,0,0,0,2
1498.png,0.4267373140411656,0.4203131272581292,0.4090377873003506,0.4090377873003506,0.498772704958272,0.4146919431279621,0.4297651106643716,0.0314827991666057,0.0897349176579213,L4,H2,-0.0064241867830364,-0.017699526740815,-0.017699526740815,0.0720353909171063,-0.0120453709132035,0.6749767249405193,0.3250232750594807,1.0,-1.0,1,1,1,0.0987754158964879,0.25,0.0028493924839297,0.0,0.0767421017252969,0.1711640510330812,0.244848288171345,0.3250232750594807,0.3250232750594807,0.2702302979083034,0.1850590614025753,0.0918289130768051,0.0,0.0767421017252969,0.0987754158964879,0.0952142180622875,0.0918289130768051,0.0897349176579213,-0.012045370913203512,0.012045370913203512,0.012045370913203512,0,0,0,0,0,5
1509.png,0.6881520983074426,0.6794006633878531,0.694025488132819,0.694025488132819,0.6049684381999593,0.6887033170958015,0.6748792488761156,0.0316448916048688,0.0890570499328596,H2,L4,-0.0087514349195895,0.0058733898253763,0.0058733898253763,-0.0831836601074833,0.0005512187883588,0.8016035153991443,0.1983964846008556,1.0,-1.0,1,1,1,0.0917898193760262,0.25,0.012721064164994,0.0,0.0641157757964067,0.1261707087644676,0.1709135631653792,0.1983964846008556,0.1983964846008556,0.1621537985455671,0.0876929674099485,0.050961017866811,0.0,0.0641157757964067,0.0917898193760262,0.0648610121168923,0.050961017866811,0.0890570499328596,0.0005512187883588426,0.0005512187883588426,0.0,0,0,0,0,0,3
1519.png,0.8370681605975724,0.8370681605975724,0.8358556461001164,0.830441822808235,0.8374591312470808,0.8193430656934306,0.8328726645073345,0.0065076527598326,0.0181160655536501,L4,L5,0.0,-0.0012125144974559,-0.0066263377893374,0.0003909706495084,-0.0177250949041417,0.8847179031541537,0.1152820968458463,1.0,-1.0,1,1,1,0.0388059701492536,0.75,0.0018471184968791,0.0,0.0306927089651826,0.0564151392525589,0.080324074074074,0.1152820968458463,0.1152820968458463,0.0913948569520204,0.0658499234303215,0.0388059701492536,0.0,0.0306927089651826,0.0285168834267987,0.0271132376395534,0.0388059701492536,0.0181160655536501,-0.017725094904141758,0.017725094904141758,0.017725094904141758,0,0,0,0,0,1
1529.png,0.8599279508370418,0.8599279508370418,0.8577467765800042,0.8637718177948063,0.8599279508370418,0.8577467765800042,0.8598415372443234,0.0020102052803168,0.006025041214802,L3,H2,0.0,-0.0021811742570375,0.0038438669577645,0.0,-0.0021811742570375,0.6144150758688204,0.3855849241311796,1.0,-1.0,1,1,1,0.1752197027232288,0.25,0.0251980161937711,0.0,0.075303961302131,0.2504286204137615,0.3364503459884047,0.3855849241311796,0.3855849241311796,0.350925925925926,0.2655030800821355,0.158852577262387,0.0,0.075303961302131,0.1752197027232288,0.1413672628669761,0.158852577262387,0.006025041214802,-0.002181174257037566,0.002181174257037566,0.002181174257037566,0,0,0,0,0,5
1533.png,0.544272136068034,0.541015625,0.5337214944201844,0.5237642585551331,0.5350166746069557,0.3503125,0.5046837814417179,0.0693362230992209,0.193959636068034,H0,L5,-0.003256511068034,-0.0105506416478496,-0.0205078775129009,-0.0092554614610783,-0.193959636068034,0.796908403223154,0.2030915967768459,1.0,-1.0,1,1,1,0.0715866648222437,0.75,0.0011501025423999,0.0,0.0510493296391835,0.1028674422415205,0.1481662591687041,0.2030915967768459,0.2030915967768459,0.1595034073274408,0.1192099040200306,0.0715866648222437,0.0,0.0510493296391835,0.0553912342027427,0.058292565286295,0.0715866648222437,0.193959636068034,-0.193959636068034,0.193959636068034,0.193959636068034,0,0,0,0,0,4
1534.png,0.8423180592991913,0.8451656524678837,0.8443093549476528,0.8423180592991913,0.8451656524678837,0.8443093549476528,0.8439310222382425,0.0011929091730871,0.0028475931686923,H1,H0,0.0028475931686923,0.0019912956484614,0.0,0.0028475931686923,0.0019912956484614,0.8000858614768174,0.1999141385231826,1.0,-1.0,1,1,1,0.0608170658080096,0.75,0.0031143927891035,0.0,0.0592806679511881,0.0979304041261344,0.1456924384027187,0.1999141385231826,0.1999141385231826,0.1490210843373494,0.1111537575804099,0.0608170658080096,0.0,0.0592806679511881,0.045619314684358,0.0519126675627565,0.0608170658080096,0.0028475931686923,0.0019912956484614552,0.0019912956484614552,0.0,0,0,0,0,0,4
1535.png,0.8531317494600432,0.8729281767955801,0.829485834207765,0.829485834207765,0.8832913518052057,0.8198081410422609,0.84802184791977,0.0237120049784187,0.0634832107629448,L4,L5,0.0197964273355368,-0.0236459152522782,-0.0236459152522782,0.0301596023451624,-0.0333236084177823,0.8958249352145119,0.1041750647854881,1.0,-1.0,1,1,1,0.0431297481605551,0.25,0.0019824193731742,0.0,0.019727039752071,0.0513698630136986,0.0752535975465912,0.1041750647854881,0.1041750647854881,0.0931995800769859,0.0621279546899381,0.0367719217225653,0.0,0.019727039752071,0.0431297481605551,0.0263999052918195,0.0367719217225653,0.0634832107629448,-0.03332360841778237,0.03332360841778237,0.03332360841778237,0,0,0,0,0,1
1536.png,0.8286624203821656,0.8283985991722381,0.838543345149855,0.8347770291947385,0.8599801390268124,0.8084445824278175,0.8331343525589379,0.0153006651550293,0.0515355565989948,L4,L5,-0.0002638212099275,0.0098809247676893,0.0061146088125728,0.0313177186446467,-0.0202178379543481,0.8122897113511599,0.1877102886488401,1.0,-1.0,1,1,1,0.1188395350932516,0.75,0.0179758667502172,0.0,0.03132101570991,0.0627439207445211,0.0976211627677425,0.1877102886488401,0.1877102886488401,0.1813508882676526,0.1513548033938508,0.1188395350932516,0.0,0.03132101570991,0.0359624029423784,0.0481730965503164,0.1188395350932516,0.0515355565989948,-0.020217837954348172,0.020217837954348172,0.020217837954348172,0,0,0,0,0,3
1545.png,0.6219358893777498,0.6236593059936909,0.7512138279277529,0.779021803182086,0.6084420567920185,0.6192738378011537,0.667257786845742,0.0698289142263275,0.1705797463900675,L3,L4,0.0017234166159411,0.1292779385500031,0.1570859138043362,-0.0134938325857313,-0.002662051576596,0.8235618706028418,0.1764381293971582,1.0,-1.0,1,1,1,0.0800990916597853,0.75,0.0067705563598776,0.0,0.0410668924640135,0.0713309264257422,0.1184065934065934,0.1764381293971582,0.1764381293971582,0.1632494343891403,0.1440311874407333,0.0800990916597853,0.0,0.0410668924640135,0.0405089680457209,0.0708116235968807,0.0800990916597853,0.1705797463900675,-0.0026620515765960473,0.0026620515765960473,0.0026620515765960473,0,0,0,0,0,3
1546.png,0.8147764095917045,0.9457661806088512,0.9457661806088512,0.8732120538814053,0.5505968778696051,0.9088513594442448,0.8398281770007769,0.1369955836359683,0.3951693027392462,H1,L4,0.1309897710171468,0.1309897710171468,0.0584356442897008,-0.2641795317220994,0.0940749498525402,0.8108244815376834,0.1891755184623166,1.0,-1.0,1,1,1,0.1022469482553742,0.5,0.0090002872071962,0.0,0.055348330746241,0.1044141194465023,0.1690022635367125,0.1891755184623166,0.1891755184623166,0.1503539111721848,0.1200837606378695,0.031418286537077,0.0,0.055348330746241,0.0506948522215697,0.1022469482553742,0.031418286537077,0.3951693027392462,0.09407494985254028,0.09407494985254028,0.0,1,0,0,0,0,3
1547.png,0.5964153275648949,0.5928227435140594,0.5928227435140594,0.5964153275648949,0.5928227435140594,0.5795008632867682,0.5917999581597894,0.0057301726825269,0.0169144642781267,H0,L5,-0.0035925840508355,-0.0035925840508355,0.0,-0.0035925840508355,-0.0169144642781267,0.8688836104513065,0.1311163895486935,1.0,-1.0,1,1,1,0.0540606653620352,0.25,0.0107021757715925,0.0,0.0411689961880559,0.0912914398812468,0.1177250271117001,0.1311163895486935,0.1311163895486935,0.1022086466165413,0.0490488196195278,0.018901688849122,0.0,0.0411689961880559,0.0540606653620352,0.0328878558977339,0.018901688849122,0.0169144642781267,-0.016914464278126706,0.016914464278126706,0.016914464278126706,0,0,0,0,0,2
1548.png,0.7024595924104006,0.7002690075038935,0.7024595924104006,0.7024595924104006,0.7002690075038935,0.7476357741151041,0.7092587610590154,0.0171906590527519,0.0473667666112105,L5,H1,-0.002190584906507,0.0,0.0,-0.002190584906507,0.0451761817047035,0.7248437836673131,0.2751562163326869,1.0,-1.0,1,1,1,0.1167014192506894,0.25,0.0251845838355485,0.0,0.1121081459037408,0.1908736115280697,0.2356754862449623,0.2751562163326869,0.2751562163326869,0.2362899380066762,0.1502858196570163,0.0957872721840453,0.0,0.1121081459037408,0.1167014192506894,0.0667745851881829,0.0957872721840453,0.0473667666112105,0.0451761817047035,0.0451761817047035,0.0,0,0,0,0,0,5
1551.png,0.8251491509866912,0.839563862928349,0.6309509884196982,0.628158844765343,0.8896961690885072,0.651595744680851,0.7441857934782399,0.1093027918535525,0.2615373243231642,L4,L3,0.0144147119416577,-0.1941981625669929,-0.1969903062213481,0.064547018101816,-0.1735534063058401,0.8488006743811787,0.1511993256188213,1.0,-1.0,1,1,1,0.0520740077588779,0.75,0.0034400931565949,0.0,0.0459021866132531,0.0769485903814262,0.1056503112117047,0.1511993256188213,0.1511993256188213,0.1093353822512486,0.0813411746734896,0.0520740077588779,0.0,0.0459021866132531,0.0314318975552968,0.0305275875956504,0.0520740077588779,0.2615373243231642,-0.17355340630584015,0.17355340630584015,0.17355340630584015,1,0,0,0,0,2
1552.png,0.5282093213409649,0.5282093213409649,0.5282093213409649,0.5310316481709824,0.5308134757600658,0.7169914905297832,0.5605774297472876,0.069961046187371,0.1887821691888183,L5,H0,0.0,0.0,0.0028223268300174,0.0026041544191008,0.1887821691888183,0.7175106772422208,0.2824893227577791,1.0,-1.0,1,1,1,0.101434564893761,0.25,0.022609273155181,0.0,0.0822810590631364,0.1817191810657761,0.2727801097836616,0.2824893227577791,0.2824893227577791,0.2070349030136655,0.1112955431986056,0.0309585786853344,0.0,0.0822810590631364,0.101434564893761,0.0974538581276406,0.0309585786853344,0.1887821691888183,0.1887821691888183,0.1887821691888183,0.0,0,0,0,0,0,5
1555.png,0.6790898391526089,0.6776277157956547,0.6765683017393004,0.6778930879185432,0.678158667972576,0.66963249516441,0.6764950179571821,0.0031580062807129,0.0094573439881988,H0,L5,-0.0014621233569541,-0.0025215374133085,-0.0011967512340657,-0.0009311711800329,-0.0094573439881988,0.7636105363925516,0.2363894636074484,1.0,-1.0,1,1,1,0.079906770638506,0.75,0.0035768729505609,0.0,0.0486494130957432,0.1155270901852172,0.1725233273774071,0.2363894636074484,0.2363894636074484,0.1915892122504952,0.1325712233660522,0.079906770638506,0.0,0.0486494130957432,0.0668895180270833,0.067285234362502,0.079906770638506,0.0094573439881988,-0.009457343988198863,0.009457343988198863,0.009457343988198863,0,0,0,0,0,4
1559.png,0.8203052008720025,0.8099630996309963,0.8099630996309963,0.8072326080294208,0.8166563082660038,0.8419705694177864,0.8176818143078677,0.0117347096887241,0.0347379613883656,L5,L3,-0.0103421012410062,-0.0103421012410062,-0.0130725928425817,-0.0036488926059987,0.0216653685457838,0.8512857215888758,0.1487142784111241,1.0,-1.0,1,1,1,0.0691515994436717,0.75,0.0093155081692072,0.0,0.0359514540874742,0.0550780889012105,0.085464333781965,0.1487142784111241,0.1487142784111241,0.1417447121961486,0.1327273693722426,0.0691515994436717,0.0,0.0359514540874742,0.0198700621235832,0.0644196250498604,0.0691515994436717,0.0347379613883656,0.021665368545783825,0.021665368545783825,0.0,0,0,0,0,0,2
1560.png,0.9046718876586552,0.9054054054054054,0.900804289544236,0.8996781115879828,0.9013705993012632,0.9052631578947368,0.9028655752320466,0.0023132113579423,0.0057272938174225,H1,L3,0.0007335177467502,-0.0038675981144191,-0.0049937760706723,-0.003301288357392,0.0005912702360817,0.8713085884584123,0.1286914115415877,0.8999999999999998,-1.0,0,1,0,0.058057797448581,0.75,0.0118339003996303,0.0,0.0451142631993696,0.1009448966226962,0.0868896578239138,0.1286914115415877,0.1286914115415877,0.0962647502439889,0.0675813008130081,0.058057797448581,0.0,0.0451142631993696,0.0570405070267291,0.0507226860579944,0.058057797448581,0.0057272938174225,0.0005912702360815203,0.0005912702360815203,0.0,0,0,0,0,0,2
1563.png,0.6730945821854912,0.6730945821854912,0.6730945821854912,0.6612758310871518,0.6824953445065177,0.658273381294964,0.670221383907518,0.0081465084086271,0.0242219632115536,L4,L5,0.0,0.0,-0.0118187510983394,0.0094007623210264,-0.0148212008905271,0.770633079217766,0.2293669207822339,1.0,-1.0,1,1,1,0.1081214404233373,0.75,0.0146213101242698,0.0,0.0632391385534669,0.1321146416008304,0.2218031516404029,0.2293669207822339,0.2293669207822339,0.1867438190426091,0.1473502588119299,0.1081214404233373,0.0,0.0632391385534669,0.0703052222039564,0.0959234840746587,0.1081214404233373,0.0242219632115536,-0.014821200890527186,0.014821200890527186,0.014821200890527186,0,0,0,0,0,4
1564.png,0.6806930693069307,0.6806930693069307,0.6806930693069307,0.638396299151889,0.7061347061347061,0.5777003484320558,0.6607184269399071,0.0421305039472427,0.1284343577026503,L4,L5,0.0,0.0,-0.0422967701550417,0.0254416368277753,-0.1029927208748749,0.8469958414989723,0.1530041585010276,1.0,-1.0,1,1,1,0.0586044688357506,0.5,0.0032693903215385,0.0,0.0381063857458707,0.0635741108902142,0.1180274482437776,0.1530041585010276,0.1530041585010276,0.1250370077963091,0.0997277402440254,0.0427944795121428,0.0,0.0381063857458707,0.0278434940855323,0.0586044688357506,0.0427944795121428,0.1284343577026503,-0.10299272087487499,0.10299272087487499,0.10299272087487499,0,0,0,0,0,2
1574.png,0.8179136497720568,0.8179136497720568,0.8194258116447545,0.8179136497720568,0.8126863648685281,0.8194258116447545,0.8175464895790348,0.0022762884584742,0.0067394467762263,H2,L4,0.0,0.0015121618726976,0.0,-0.0052272849035287,0.0015121618726976,0.935375191424196,0.064624808575804,1.0,-1.0,1,1,1,0.0278125,0.5,0.0036656004728731,0.0,0.0098600508905852,0.0211749721381945,0.0475741874705605,0.064624808575804,0.064624808575804,0.0548112058465286,0.0504496265813138,0.0242141675439915,0.0,0.0098600508905852,0.0112359550561798,0.0278125,0.0242141675439915,0.0067394467762263,0.0015121618726976482,0.0015121618726976482,0.0,0,0,0,0,0,1
1575.png,0.7439175257731959,0.7439175257731959,0.7439175257731959,0.7447991761071061,0.7348295926849543,0.7446457990115322,0.7426711908538635,0.0035255759021383,0.0099695834221518,L3,L4,0.0,0.0,0.0008816503339101,-0.0090879330882416,0.0007282732383362,0.8738078783690394,0.1261921216309606,1.0,-1.0,1,1,1,0.0443931229150629,0.75,0.0038187049779606,0.0,0.035060975609756,0.0598544482400118,0.0823051241109014,0.1261921216309606,0.1261921216309606,0.0925653047555258,0.0678188007331762,0.0443931229150629,0.0,0.035060975609756,0.0248456125233376,0.0235874931431705,0.0443931229150629,0.0099695834221518,0.0007282732383362411,0.0007282732383362411,0.0,0,0,0,0,0,2
1577.png,0.8892200695479384,0.889662027833002,0.889662027833002,0.8892200695479384,0.8223529411764706,0.888521336420774,0.8781064120598542,0.0249366244785527,0.0673090866565313,H1,L4,0.0004419582850635,0.0004419582850635,0.0,-0.0668671283714678,-0.0006987331271643,0.8681466770692957,0.1318533229307043,1.0,-1.0,1,1,1,0.0711813393528969,0.25,0.0031238257220155,0.0,0.0440418553802904,0.0697709692097678,0.0995862884160756,0.1318533229307043,0.1318533229307043,0.129479687389988,0.0735788246588493,0.0448001071452487,0.0,0.0440418553802904,0.0711813393528969,0.0310984308131241,0.0448001071452487,0.0673090866565313,-0.0006987331271643971,0.0006987331271643971,0.0006987331271643971,0,0,0,0,0,2
1579.png,0.8943713450292398,0.8943713450292398,0.8943713450292398,0.8906278434940855,0.8830841289857684,0.8875589408777657,0.8907308247408897,0.004248599225223,0.0112872160434713,H0,L4,0.0,0.0,-0.0037435015351542,-0.0112872160434713,-0.0068124041514741,0.9408512413936992,0.0591487586063008,0.8999999999999998,-1.0,0,1,0,0.0360299116247451,0.0,0.0128395133101005,0.0,0.0360299116247451,0.0546127412106793,0.0622780516245295,0.0591487586063008,0.0591487586063008,0.0505459387483355,0.0416330047934507,0.0231653976996598,0.0,0.0360299116247451,0.0196565503834107,0.0216843719198335,0.0231653976996598,0.0112872160434713,-0.006812404151474105,0.006812404151474105,0.006812404151474105,0,0,0,0,0,1
1583.png,0.8029421451311889,0.8029421451311889,0.0,0.8128889939336642,0.717680608365019,0.8024229074889868,0.656479466675008,0.2953463871471035,0.8128889939336642,L3,H2,0.0,-0.8029421451311889,0.0099468488024753,-0.0852615367661698,-0.000519237642202,0.8017287275688203,0.1982712724311797,1.0,-1.0,1,1,1,0.0722012136135784,0.5,0.0075931273590125,0.0,0.0414346179550011,0.1062740076824584,0.1713975194987853,0.1982712724311797,0.1982712724311797,0.1645577339390798,0.0992520138089758,0.0470832099496594,0.0,0.0414346179550011,0.0681046937472701,0.0722012136135784,0.0470832099496594,0.8128889939336642,-0.000519237642202075,0.000519237642202075,0.000519237642202075,1,1,1,0,0,3
1585.png,0.9269096904194908,0.9270614075226504,0.9284467713787086,0.928972823583602,0.7665618562289928,0.8354324097397146,0.8855641598121933,0.0630204273197237,0.1624109673546092,L3,L4,0.0001517171031595,0.0015370809592177,0.0020631331641112,-0.160347834190498,-0.0914772806797762,0.9113362419581452,0.0886637580418546,1.0,-1.0,1,1,1,0.0471392090551452,0.0,0.0147091049924538,0.0,0.0471392090551452,0.0709588092765662,0.0884431436933399,0.0886637580418546,0.0886637580418546,0.0754088869590389,0.0695513285900972,0.039136302294197,0.0,0.0471392090551452,0.0291723202170963,0.0305750350631136,0.039136302294197,0.1624109673546092,-0.09147728067977623,0.09147728067977623,0.09147728067977623,0,0,0,0,0,1
1587.png,0.7731489289930848,0.7657366451173868,0.7657366451173868,0.6264580369843528,0.815055917209147,0.5737526039083424,0.7199814628882835,0.0877330374008138,0.2413033133008046,L4,L5,-0.007412283875698,-0.007412283875698,-0.1466908920087321,0.0419069882160622,-0.1993963250847424,0.8408302651939598,0.1591697348060402,1.0,-1.0,1,1,1,0.0522044761461725,0.25,0.0103363346860116,0.0,0.0521303396915922,0.1011439694941468,0.1371619664533796,0.1591697348060402,0.1591697348060402,0.1183451842275371,0.0837098988890275,0.0452739878117983,0.0,0.0521303396915922,0.0522044761461725,0.0428606658446362,0.0452739878117983,0.2413033133008046,-0.19939632508474248,0.19939632508474248,0.19939632508474248,1,0,0,0,0,3
1588.png,0.8894552405224594,0.8868720439729004,0.8868720439729004,0.8868720439729004,0.6968404423380726,0.8863606813158237,0.8555454160158429,0.0709821553879555,0.1926147981843867,H0,L4,-0.0025831965495589,-0.0025831965495589,-0.0025831965495589,-0.1926147981843867,-0.0030945592066357,0.8467393540423781,0.1532606459576219,1.0,-1.0,1,1,1,0.0710003425830764,0.25,0.0115563255845606,0.0,0.0466870022030164,0.1056144156169183,0.1353711790393013,0.1532606459576219,0.1532606459576219,0.1241819026305789,0.0618218101692096,0.0271928370087879,0.0,0.0466870022030164,0.0710003425830764,0.0367755222124154,0.0271928370087879,0.1926147981843867,-0.0030945592066357053,0.0030945592066357053,0.0030945592066357053,0,0,0,0,0,2
1590.png,0.6901189860320744,0.6943298969072165,0.6943298969072165,0.6817622446468127,0.6918041372086934,0.6517461878996557,0.6840152249336114,0.0150392522037815,0.0425837090075608,H1,L5,0.004210910875142,0.004210910875142,-0.0083567413852617,0.0016851511766189,-0.0383727981324187,0.9048059149722736,0.0951940850277264,1.0,-1.0,1,1,1,0.029902423670129,0.25,0.0043460359857435,0.0,0.029690847872666,0.0597572362278244,0.0750732233698165,0.0951940850277264,0.0951940850277264,0.0660436137071651,0.041191381495564,0.0205554683822375,0.0,0.029690847872666,0.029902423670129,0.0229903282067543,0.0205554683822375,0.0425837090075608,-0.038372798132418784,0.038372798132418784,0.038372798132418784,0,0,0,0,0,1
1591.png,0.5450376678676712,0.5450376678676712,0.5450376678676712,0.5585858585858586,0.8359456635318704,0.039647577092511,0.511548683802209,0.2357615627932884,0.7962980864393594,L4,L5,0.0,0.0,0.0135481907181874,0.2909079956641992,-0.5053900907751602,0.8928854800317376,0.1071145199682623,1.0,-1.0,1,1,1,0.0440816326530612,0.25,0.0064648661953324,0.0,0.0175042348955392,0.0593430858404636,0.0976,0.1071145199682623,0.1071145199682623,0.0918340725280458,0.0485436893203883,0.0096510764662212,0.0,0.0175042348955392,0.0440816326530612,0.0388874581509142,0.0096510764662212,0.7962980864393594,-0.5053900907751602,0.5053900907751602,0.5053900907751602,1,1,1,1,1,1
1596.png,0.7172512526843235,0.7172512526843235,0.7217015140591204,0.7217015140591204,0.7175080558539205,0.7177650429799427,0.7188631053867919,0.0020145787871198,0.0044502613747968,H2,H0,0.0,0.0044502613747968,0.0044502613747968,0.0002568031695969,0.0005137902956191,0.8148486927357268,0.1851513072642732,1.0,-1.0,1,1,1,0.054280834632806,0.5,0.0026115567368555,0.0,0.0394992810623361,0.0912839119320524,0.1438409766786664,0.1851513072642732,0.1851513072642732,0.146771327014218,0.0963209733487833,0.0450238605712705,0.0,0.0394992810623361,0.0527493606138107,0.054280834632806,0.0450238605712705,0.0044502613747968,0.0005137902956191542,0.0005137902956191542,0.0,0,0,0,0,0,3
1600.png,0.7508350033400134,0.7508350033400134,0.7424191936021326,0.7424191936021326,0.8877005347593583,0.7313383755343636,0.7675912173630023,0.0541130293048338,0.1563621592249946,L4,L5,0.0,-0.0084158097378808,-0.0084158097378808,0.1368655314193448,-0.0194966278056497,0.5354629962508346,0.4645370037491654,1.0,-1.0,1,1,1,0.2062508419776371,0.0,0.0691033520095453,0.0,0.2062508419776371,0.3860979238999503,0.4499734997938872,0.4645370037491654,0.4645370037491654,0.3355746601988377,0.266726403823178,0.1113434396236278,0.0,0.2062508419776371,0.1877384724827006,0.1636549607909989,0.1113434396236278,0.1563621592249946,-0.019496627805649758,0.019496627805649758,0.019496627805649758,0,0,0,0,0,5
1601.png,0.789363722697056,0.831366273254651,0.7947982405813732,0.707404255319149,0.7898137590269859,0.7379261363636364,0.7751120645404752,0.0406990413279447,0.1239620179355019,H1,L3,0.0420025505575949,0.0054345178843171,-0.081959467377907,0.0004500363299299,-0.0514375863334196,0.839925642879273,0.160074357120727,1.0,-1.0,1,1,1,0.0580320410435118,0.0,0.0062807428337161,0.0,0.0580320410435118,0.0931409389247958,0.1197692657997268,0.160074357120727,0.160074357120727,0.1059077421095224,0.072842483037066,0.0426943357713897,0.0,0.0580320410435118,0.0421371810957758,0.0310477235326385,0.0426943357713897,0.1239620179355019,-0.05143758633341966,0.05143758633341966,0.05143758633341966,0,0,0,0,0,3
1619.png,0.850536440991491,0.850536440991491,0.850536440991491,0.8499630450849963,0.8502772643253235,0.8309859154929577,0.8471392579796251,0.0072269621116806,0.0195505254985332,H0,L5,0.0,0.0,-0.0005733959064946,-0.0002591766661674,-0.0195505254985332,0.7826406574076505,0.2173593425923494,1.0,-1.0,1,1,1,0.0918316773264733,0.5,0.0061675241863453,0.0,0.0438837737653952,0.1057681192925673,0.1804895139896891,0.2173593425923494,0.2173593425923494,0.1724950079361016,0.1398943262061133,0.0559333422927026,0.0,0.0438837737653952,0.0629465496970245,0.0918316773264733,0.0559333422927026,0.0195505254985332,-0.0195505254985332,0.0195505254985332,0.0195505254985332,0,0,0,0,0,4
1628.png,0.6539427423405324,0.6539427423405324,0.6539427423405324,0.6507462686567164,0.6576623376623376,0.6507462686567164,0.6534971836662279,0.0023480183910113,0.0069160690056212,L4,L3,0.0,0.0,-0.003196473683816,0.0037195953218052,-0.003196473683816,0.8947005244272702,0.1052994755727297,1.0,-1.0,1,1,1,0.0498481082573875,0.75,0.0061702796359976,0.0,0.0269360269360269,0.0402625820568928,0.0611215222718755,0.1052994755727297,0.1052994755727297,0.0830997757847533,0.0705307262569832,0.0498481082573875,0.0,0.0269360269360269,0.0157153446997776,0.0242300394103051,0.0498481082573875,0.0069160690056212,-0.003196473683816037,0.003196473683816037,0.003196473683816037,0,0,0,0,0,1
1629.png,0.6930012881064834,0.6934975651675738,0.6934975651675738,0.6936962750716332,0.6543400102722137,0.8995698522536002,0.7212670926731798,0.0810066946199392,0.2452298419813865,L5,L4,0.0004962770610903,0.0004962770610903,0.0006949869651498,-0.0386612778342697,0.2065685641471167,0.8869699703570048,0.1130300296429952,1.0,-1.0,1,1,1,0.0454582551211948,0.75,0.0018742090798874,0.0,0.0243189744556509,0.0525630291189878,0.0832919954904171,0.1130300296429952,0.1130300296429952,0.094229054312285,0.0765034202022745,0.0454582551211948,0.0,0.0243189744556509,0.0287551676619201,0.0413164957979496,0.0454582551211948,0.2452298419813865,0.20656856414711677,0.20656856414711677,0.0,1,0,0,0,0,1
1630.png,0.9196296793237624,0.9195063053394152,0.9173354735152488,0.9173354735152488,0.9162324649298598,0.9173354735152488,0.9178958116897972,0.001245568532902,0.0033972143939025,H0,L4,-0.0001233739843471,-0.0022942058085134,-0.0022942058085134,-0.0033972143939025,-0.0022942058085134,0.8809096665259604,0.1190903334740396,1.0,-1.0,1,1,1,0.0530985720227367,0.5,0.0065575246618894,0.0,0.0392933466305741,0.0720532155862029,0.1000765613037296,0.1190903334740396,0.1190903334740396,0.1072178652133457,0.0904618017488033,0.0395988949145604,0.0,0.0392933466305741,0.0375852896958482,0.0530985720227367,0.0395988949145604,0.0033972143939025,-0.002294205808513583,0.002294205808513583,0.002294205808513583,0,0,0,0,0,2
1644.png,0.909725685785536,0.909725685785536,0.909725685785536,0.909725685785536,0.9088669950738916,0.9088669950738916,0.9094394555483212,0.0004047906834305,0.0008586907116445,H0,L4,0.0,0.0,0.0,-0.0008586907116445,-0.0008586907116445,0.2712474565659727,0.7287525434340272,1.0,-1.0,1,1,1,0.543993770793516,0.0,0.124980561385335,0.0,0.543993770793516,0.5496980461811722,0.6243398051030276,0.7287525434340272,0.7287525434340272,0.4101708226978205,0.4024995040666534,0.2084372873667498,0.0,0.543993770793516,0.0557120500782473,0.1959341044514546,0.2084372873667498,0.0008586907116445,-0.0008586907116444609,0.0008586907116444609,0.0008586907116444609,0,0,0,0,0,5
1645.png,0.8903162055335968,0.8903162055335968,0.8826843007592456,0.8796680497925311,0.8796680497925311,0.8903162055335968,0.8854948361575162,0.0049250853781619,0.0106481557410657,H0,L3,0.0,-0.0076319047743511,-0.0106481557410657,-0.0106481557410657,0.0,0.9298689353874454,0.0701310646125545,0.6,-0.7999999999999999,0,0,0,0.0761076955692177,0.25,0.0109914410148417,0.0,0.0491264131551901,0.035508211273857,0.0296774193548386,0.0701310646125545,0.0701310646125545,0.1131578947368421,0.0373720542727922,0.0692750287686996,0.0,0.0491264131551901,0.0761076955692177,0.0364282541092847,0.0692750287686996,0.0106481557410657,0.0,0.0,0.0,0,0,0,0,0,1
1646.png,0.8353879622915156,0.8475991649269311,0.8353879622915156,0.8353879622915156,0.8289699045754833,0.8475991649269311,0.8383886868839822,0.0068967663434115,0.0186292603514478,H1,L4,0.0122112026354155,0.0,0.0,-0.0064180577160323,0.0122112026354155,0.7059001056284895,0.2940998943715105,1.0,-0.8999999999999998,1,0,0,0.1566359537345618,0.25,0.0146870139495185,0.0,0.0431494661921708,0.1180358829084041,0.2346204188481675,0.2940998943715105,0.2940998943715105,0.3312606870822322,0.1841814159292035,0.0639831034911169,0.0,0.0431494661921708,0.1566359537345618,0.1216316808098854,0.0639831034911169,0.0186292603514478,0.01221120263541553,0.01221120263541553,0.0,0,0,0,0,0,5
1647.png,0.0,0.0,0.0,0.0,0.0,0.0,0.0,0.0,0.0,H0,H0,0.0,0.0,0.0,0.0,0.0,0.6165987780040734,0.3834012219959266,0.7999999999999999,-1.0,0,1,0,0.328664332166083,0.0,0.0915638996982877,0.0,0.328664332166083,0.313672008182748,0.3905849911364979,0.3834012219959266,0.3834012219959266,0.3539297233067391,0.3364583333333333,0.2311406155703077,0.0,0.328664332166083,0.0535189679397113,0.1254884932696482,0.2311406155703077,0.0,0.0,0.0,0.0,0,0,0,0,0,5
1648.png,0.9502601456815816,0.949864780528396,0.949864780528396,0.949864780528396,0.9502601456815816,0.9512296790329304,0.9502240519968804,0.0004832389346872,0.0013648985045343,L5,H1,-0.0003953651531856,-0.0003953651531856,-0.0003953651531856,0.0,0.0009695333513487,0.36900997324252,0.63099002675748,0.8999999999999998,-1.0,0,1,0,0.3393687301198923,0.25,0.1070689343114337,0.0,0.2443631931748934,0.602824162277261,0.6346423562412342,0.63099002675748,0.63099002675748,0.4369061956376288,0.1427989407211244,0.0735358872743284,0.0,0.2443631931748934,0.3393687301198923,0.0699980926950218,0.0735358872743284,0.0013648985045343,0.0009695333513488613,0.0009695333513488613,0.0,0,0,0,0,0,5
1656.png,0.8294153104279687,0.8294153104279687,0.8294153104279687,0.8294153104279687,0.8018648018648019,0.8294153104279687,0.8248235590007743,0.0102674683269884,0.0275505085631667,H0,L4,0.0,0.0,0.0,-0.0275505085631667,0.0,0.8486084027654671,0.1513915972345328,1.0,-1.0,1,1,1,0.1165527385999827,0.75,0.0053430635596316,0.0,0.0317204301075269,0.0645532630833259,0.1229890109890109,0.1513915972345328,0.1513915972345328,0.1423029448069124,0.1374291938997821,0.1165527385999827,0.0,0.0317204301075269,0.0358495551836518,0.0579183955739972,0.1165527385999827,0.0275505085631667,0.0,0.0,0.0,0,0,0,0,0,2
1657.png,0.7492103600758054,0.7492103600758054,0.0,0.0,0.7492103600758054,0.7030231179608772,0.4917756996980489,0.3481211385042937,0.7492103600758054,H0,H2,0.0,-0.7492103600758054,-0.7492103600758054,0.0,-0.0461872421149281,0.7683177356767861,0.2316822643232139,1.0,-1.0,1,1,1,0.1240629499081567,0.75,0.019027716261867,0.0,0.0547715053763441,0.0797987059669302,0.1178146038322113,0.2316822643232139,0.2316822643232139,0.1830213196015208,0.1623823843243768,0.1240629499081567,0.0,0.0547715053763441,0.0351227742995426,0.04793237377199,0.1240629499081567,0.7492103600758054,-0.046187242114928195,0.046187242114928195,0.046187242114928195,1,1,0,0,0,4
1665.png,0.8159722222222222,0.6964545896066051,0.6964545896066051,0.8514492753623188,0.6521158129175947,0.6694599627560521,0.7303177420785664,0.0754123945864745,0.1993334624447241,L3,L4,-0.1195176326156171,-0.1195176326156171,0.0354770531400966,-0.1638564093046275,-0.14651225946617,0.8170672332138272,0.1829327667861727,1.0,-1.0,1,1,1,0.0799124247400109,0.0,0.0200426451796835,0.0,0.0799124247400109,0.1373781829613328,0.1573217683763331,0.1829327667861727,0.1829327667861727,0.1286262124971802,0.0765949884485516,0.0458008582187582,0.0,0.0799124247400109,0.0651586611108567,0.0401563610518834,0.0458008582187582,0.1993334624447241,-0.14651225946617008,0.14651225946617008,0.14651225946617008,0,0,0,0,0,3
1666.png,0.6953152518492427,0.8457627118644068,0.8457627118644068,0.8457627118644068,0.6953152518492427,0.6892221834670387,0.7695234704597906,0.0762662899552701,0.1565405283973681,H1,L5,0.150447460015164,0.150447460015164,0.150447460015164,0.0,-0.006093068382204,0.7195634875525747,0.2804365124474253,1.0,-1.0,1,1,1,0.1458950201884252,0.0,0.026331085965961,0.0,0.1458950201884252,0.1889059304703476,0.2175092478421701,0.2804365124474253,0.2804365124474253,0.140079003342449,0.0963280412973605,0.0666161281152278,0.0,0.1458950201884252,0.0442696629213482,0.0311064718162838,0.0666161281152278,0.1565405283973681,-0.0060930683822040255,0.0060930683822040255,0.0060930683822040255,0,0,0,0,0,5
1678.png,0.9335295560461124,0.9335295560461124,0.9329089128305584,0.9329089128305584,0.932224125275263,0.932744231713304,0.932974215790318,0.0004547642262707,0.0013054307708493,H0,L4,0.0,-0.0006206432155539,-0.0006206432155539,-0.0013054307708493,-0.0007853243328084,0.8603847176668735,0.1396152823331264,1.0,-1.0,1,1,1,0.0451115210464531,0.0,0.0049408405710737,0.0,0.0451115210464531,0.0799246962176963,0.1090909090909091,0.1396152823331264,0.1396152823331264,0.0995718320123895,0.0667784297289745,0.0323134114955676,0.0,0.0451115210464531,0.0347917764891935,0.0357929515418502,0.0323134114955676,0.0013054307708493,-0.0007853243328084236,0.0007853243328084236,0.0007853243328084236,0,0,0,0,0,2
1684.png,0.4081366965012205,0.3915690866510539,0.3915690866510539,0.437619961612284,0.4722955145118733,0.0,0.3501983909879143,0.1591482892351439,0.4722955145118733,L4,L5,-0.0165676098501666,-0.0165676098501666,0.0294832651110635,0.0641588180106528,-0.4081366965012205,0.7997542997542998,0.2002457002457002,1.0,-1.0,1,1,1,0.1155295438146396,0.5,0.0122407384658476,0.0,0.0303366336633663,0.0674246131837518,0.1414036111921938,0.2002457002457002,0.2002457002457002,0.1983603635715558,0.1769162773077408,0.0642739079102715,0.0,0.0303366336633663,0.0571810032424184,0.1155295438146396,0.0642739079102715,0.4722955145118733,-0.4081366965012205,0.4081366965012205,0.4081366965012205,1,0,0,1,0,4
1685.png,0.7542203908015419,0.8799255352156377,0.8799255352156377,0.0,0.687749909123955,0.6939723682601785,0.6492989564361584,0.3006795274551812,0.8799255352156377,H1,L3,0.1257051444140957,0.1257051444140957,-0.7542203908015419,-0.0664704816775869,-0.0602480225413634,0.8531099736311463,0.1468900263688537,0.8999999999999998,-1.0,0,1,0,0.1028492827667518,0.75,0.0115172374295809,0.0,0.0724223509062194,0.0707198806415516,0.0910063094856165,0.1468900263688537,0.1468900263688537,0.1396648044692737,0.1132964217833236,0.1028492827667518,0.0,0.0724223509062194,0.0302303262955854,0.0787773453734839,0.1028492827667518,0.8799255352156377,-0.06024802254136341,0.06024802254136341,0.06024802254136341,1,1,1,0,0,2
1686.png,0.9307672436063033,0.9307672436063033,0.930905333849929,0.930785123966942,0.9317041800643088,0.9320113314447592,0.9311567427564243,0.0005057561288383,0.0012440878384559,L5,H0,0.0,0.0001380902436257,1.7880360638877768e-05,0.0009369364580054,0.0012440878384559,0.298583317451242,0.701416682548758,1.0,-1.0,1,1,1,0.2749294611520197,0.25,0.0351079615270957,0.0,0.1860157146640769,0.4353395144434321,0.6063096023511065,0.701416682548758,0.701416682548758,0.5952811504348574,0.3830401680231031,0.1654829545454545,0.0,0.1860157146640769,0.2749294611520197,0.2322807017543859,0.1654829545454545,0.0012440878384559,0.0012440878384559761,0.0012440878384559761,0.0,0,0,0,0,0,5
1689.png,0.0,0.0,0.0,0.0,0.0,0.0,0.0,0.0,0.0,H0,H0,0.0,0.0,0.0,0.0,0.0,0.8640400122486476,0.1359599877513524,0.3,-0.8999999999999998,0,0,0,0.1384436946436102,0.0,0.0279695825682517,0.0,0.1384436946436102,0.0930888575458391,0.0916846393481907,0.1359599877513524,0.1359599877513524,0.1072607260726072,0.0583688102173426,0.067373442883647,0.0,0.1384436946436102,0.0638569604086845,0.0666736390733671,0.067373442883647,0.0,0.0,0.0,0.0,0,0,0,0,0,2
1696.png,0.8873206304398965,0.8855464159811985,0.8855464159811985,0.8854460093896713,0.8864331060427934,0.8865348399246704,0.8861379029599048,0.0006858059140602,0.0018746210502251,H0,L3,-0.0017742144586979,-0.0017742144586979,-0.0018746210502251,-0.0008875243971031,-0.000785790515226,0.8438834369615702,0.1561165630384298,1.0,-1.0,1,1,1,0.0574133455489387,0.5,0.0037877310582294,0.0,0.0259363606231355,0.074176270086025,0.119051286000308,0.1561165630384298,0.1561165630384298,0.1382600136291361,0.0922665478047692,0.0427610619469026,0.0,0.0259363606231355,0.0498357963875205,0.0574133455489387,0.0427610619469026,0.0018746210502251,-0.0007857905152260924,0.0007857905152260924,0.0007857905152260924,0,0,0,0,0,2
1706.png,0.5994694960212201,0.5994694960212201,0.5994694960212201,0.5994694960212201,0.5856123662306778,0.6078721515241196,0.5985604169732797,0.0065531940970277,0.0222597852934417,L5,L4,0.0,0.0,0.0,-0.0138571297905423,0.0084026555028994,0.8551471585514716,0.1448528414485284,1.0,-1.0,1,1,1,0.0629921259842519,0.5,0.0046275332937342,0.0,0.042099581702874,0.070137284219111,0.1236017897091722,0.1448528414485284,0.1448528414485284,0.1104567464991492,0.0826413602214314,0.0346789487943646,0.0,0.042099581702874,0.0350163934426229,0.0629921259842519,0.0346789487943646,0.0222597852934417,0.008402655502899425,0.008402655502899425,0.0,0,0,0,0,0,2
1715.png,0.89563244469654,0.89563244469654,0.89563244469654,0.89563244469654,0.89563244469654,0.89563244469654,0.89563244469654,0.0,0.0,H0,H0,0.0,0.0,0.0,0.0,0.0,0.8884289564882557,0.1115710435117443,1.0,-1.0,1,1,1,0.0536369577238224,0.25,0.0017843011279741,0.0,0.0246779450566506,0.0546798029556649,0.0882792536521864,0.1115710435117443,0.1115710435117443,0.1103146938975895,0.0642924086223055,0.027041917267343,0.0,0.0246779450566506,0.0536369577238224,0.0404130485801454,0.027041917267343,0.0,0.0,0.0,0.0,0,0,0,0,0,1
1716.png,0.8647628038706632,0.8647628038706632,0.7509735601557697,0.7219704433497537,0.7152059340230333,0.8691722169362512,0.7978079603676891,0.0693140726927057,0.1539662829132179,L5,L4,0.0,-0.1137892437148935,-0.1427923605209095,-0.1495568698476298,0.004409413065588,0.739524348810872,0.2604756511891279,1.0,-1.0,1,1,1,0.1681042282405452,0.75,0.020360111939914,0.0,0.067869222096956,0.0984448247637472,0.1280994888227664,0.2604756511891279,0.2604756511891279,0.2010490552542171,0.174147004908048,0.1681042282405452,0.0,0.067869222096956,0.0298840944002234,0.0424808836023788,0.1681042282405452,0.1539662829132179,0.004409413065588064,0.004409413065588064,0.0,0,0,0,0,0,5
1718.png,0.7576576576576577,0.7467517665830864,0.7470976553608013,0.7472127417519909,0.7481818181818182,0.7463026166097838,0.7488673760241897,0.0039720389540123,0.0113550410478738,H0,L5,-0.0109058910745712,-0.0105600022968563,-0.0104449159056667,-0.0094758394758395,-0.0113550410478738,0.8190580105473723,0.1809419894526277,1.0,-1.0,1,1,1,0.0689556916939735,0.25,0.0099286831818624,0.0,0.0548711437493565,0.1202084499160603,0.1459768064228367,0.1809419894526277,0.1809419894526277,0.138403943808147,0.0936057510404843,0.0408305301009164,0.0,0.0548711437493565,0.0689556916939735,0.054673590504451,0.0408305301009164,0.0113550410478738,-0.011355041047873882,0.011355041047873882,0.011355041047873882,0,0,0,0,0,3
1727.png,0.6861950009078255,0.6862780703347255,0.6862780703347255,0.6861950009078255,0.7135327213503109,0.6862780703347255,0.6907928223616898,0.0101696598423189,0.0273377204424853,L4,H0,8.306942690006203e-05,8.306942690006203e-05,0.0,0.0273377204424853,8.306942690006203e-05,0.8780975405644149,0.121902459435585,1.0,-1.0,1,1,1,0.0718927609084527,0.75,0.0052953673140676,0.0,0.0264185201997276,0.0551170478310732,0.1080124046011392,0.121902459435585,0.121902459435585,0.1008045654411077,0.0793466929225066,0.0718927609084527,0.0,0.0264185201997276,0.0305607709186327,0.068487744990573,0.0718927609084527,0.0273377204424853,8.306942690006203e-05,8.306942690006203e-05,0.0,0,0,0,0,0,2
1728.png,0.7592245153220762,0.7490542244640606,0.7582142484614582,0.7666407666407666,0.7340816000851109,0.7466694750144806,0.7523141383313257,0.0105097700712326,0.0325591665556557,L3,L4,-0.0101702908580156,-0.001010266860618,0.0074162513186903,-0.0251429152369653,-0.0125550403075956,0.78859375,0.21140625,1.0,-1.0,1,1,1,0.0641740369702812,0.25,0.0026823618024939,0.0,0.0529563455516669,0.1156750226517668,0.161889815809036,0.21140625,0.21140625,0.1636986301369862,0.1035651202191701,0.0538605879491278,0.0,0.0529563455516669,0.0641740369702812,0.050199203187251,0.0538605879491278,0.0325591665556557,-0.012555040307595688,0.012555040307595688,0.012555040307595688,0,0,0,0,0,4
1729.png,0.8395636363636364,0.860146513176672,0.9169995959958702,0.9234129814550642,0.85280007599867,0.9212559739157622,0.8856964628176126,0.0354262393889829,0.0838493450914278,L3,H0,0.0205828768130356,0.0774359596322338,0.0838493450914278,0.0132364396350336,0.0816923375521258,0.746860617080516,0.253139382919484,1.0,-1.0,1,1,1,0.1155373503017416,0.25,0.01542072349099,0.0,0.0760348436761428,0.1568608255832925,0.2239170225747406,0.253139382919484,0.253139382919484,0.2066568128318826,0.1402252336199781,0.0686343292609169,0.0,0.0760348436761428,0.1155373503017416,0.1041270186504268,0.0686343292609169,0.0838493450914278,0.0816923375521258,0.0816923375521258,0.0,0,0,0,0,0,4
1730.png,0.9571194464675892,0.9459371965037228,0.9459371965037228,0.9452777777777778,0.8222430490471727,0.9507029876977152,0.9278696089996168,0.0474162526965646,0.1348763974204164,H0,L4,-0.0111822499638662,-0.0111822499638662,-0.0118416686898114,-0.1348763974204164,-0.0064164587698738,0.8831444363798783,0.1168555636201217,1.0,-0.7,1,0,0,0.1037296037296037,0.75,0.0116418788399977,0.0,0.0604732690622261,0.0767177270704887,0.0789816019327263,0.1168555636201217,0.1168555636201217,0.1162380083573656,0.131820895522388,0.1037296037296037,0.0,0.0604732690622261,0.0173496253291027,0.0307035108797223,0.1037296037296037,0.1348763974204164,-0.006416458769873956,0.006416458769873956,0.006416458769873956,0,0,0,0,0,2
1734.png,0.9108996539792388,0.908438576349024,0.9078400458649848,0.9078400458649848,0.9078400458649848,0.9101641232363952,0.9088370818599356,0.001235333391577,0.0030596081142538,H0,H2,-0.0024610776302146,-0.0030596081142538,-0.0030596081142538,-0.0030596081142538,-0.0007355307428437,0.8943644046225119,0.1056355953774881,0.3999999999999999,-0.8999999999999998,0,0,0,0.1153662610355523,0.0,0.0233842292759021,0.0,0.1153662610355523,0.0407108239095315,0.0633698861239983,0.1056355953774881,0.1056355953774881,0.168067700987306,0.0697864932671138,0.0458126348537307,0.0,0.1153662610355523,0.1151813595964448,0.024925753075944,0.0458126348537307,0.0030596081142538,-0.0007355307428436042,0.0007355307428436042,0.0007355307428436042,0,0,0,0,0,1
1735.png,0.9325272067714632,0.9325272067714632,0.9325272067714632,0.9325272067714632,0.9329758713136728,0.9325272067714632,0.9326019841951648,0.0001672074025791,0.0004486645422097,L4,H0,0.0,0.0,0.0,0.0004486645422097,0.0,0.7894010775918165,0.2105989224081834,0.8999999999999998,-0.7,0,0,0,0.1313055451245462,0.75,0.0156950822348403,0.0,0.0688330156424918,0.1245080743655855,0.1148656788338754,0.2105989224081834,0.2105989224081834,0.1535484519501407,0.2477565784024077,0.1313055451245462,0.0,0.0688330156424918,0.1158870627897176,0.120250306431843,0.1313055451245462,0.0004486645422097,0.0,0.0,0.0,0,0,0,0,0,4
1736.png,0.9380509000620731,0.9380509000620731,0.8884165781083954,0.8480838158257513,0.8345263157894737,0.8333568505714689,0.8800808934032059,0.0448566154117163,0.1046940494906043,H0,L5,0.0,-0.0496343219536778,-0.0899670842363219,-0.1035245842725995,-0.1046940494906043,0.9350585537630006,0.0649414462369993,1.0,-1.0,1,1,1,0.0390354944777,0.25,0.0087180983904285,0.0,0.019235451667884,0.0569694926681274,0.06479771697163,0.0649414462369993,0.0649414462369993,0.0462067835490742,0.0348055484639605,0.0251716247139588,0.0,0.019235451667884,0.0390354944777,0.0130958617077003,0.0251716247139588,0.1046940494906043,-0.10469404949060424,0.10469404949060424,0.10469404949060424,0,0,0,0,0,1
1740.png,0.865370770338373,0.865370770338373,0.865370770338373,0.865370770338373,0.8657863145258103,0.8651631477927063,0.8654054239453347,0.0001864487679092,0.000623166733104,L4,L5,0.0,0.0,0.0,0.0004155441874373,-0.0002076225456666,0.7712020164889986,0.2287979835110014,1.0,-1.0,1,1,1,0.1434278865361565,0.0,0.0472113663763603,0.0,0.1434278865361565,0.2163137254901961,0.2195121951219512,0.2287979835110014,0.2287979835110014,0.1352207114918979,0.0584055459272097,0.0338641932096605,0.0,0.1434278865361565,0.0859077836534001,0.0325224518266631,0.0338641932096605,0.000623166733104,-0.0002076225456666414,0.0002076225456666414,0.0002076225456666414,0,0,0,0,0,4
1744.png,0.7547781017168772,0.7484741407002891,0.7715231788079471,0.7484741407002891,0.7715231788079471,0.7584138620459847,0.7588644337965557,0.0096029956831824,0.023049038107658,H2,H1,-0.0063039610165881,0.0167450770910698,-0.0063039610165881,0.0167450770910698,0.0036357603291075,0.8257276320517427,0.1742723679482573,1.0,-1.0,1,1,1,0.0613522788849418,0.5,0.0030490406917784,0.0,0.0404177141752079,0.0833280204016576,0.138990938035758,0.1742723679482573,0.1742723679482573,0.1413438076533952,0.1040942562592047,0.052093973442288,0.0,0.0404177141752079,0.0442051931602279,0.0613522788849418,0.052093973442288,0.023049038107658,0.003635760329107507,0.003635760329107507,0.0,0,0,0,0,0,3
1746.png,0.8130703561966441,0.8391608391608392,0.8424908424908425,0.832579185520362,0.8699238578680203,0.8537794299876085,0.8418340852040528,0.0175703796175055,0.0568535016713761,L4,H0,0.026090482964195,0.0294204862941983,0.0195088293237178,0.0568535016713761,0.0407090737909643,0.9368178132601508,0.0631821867398491,0.8999999999999998,-0.8999999999999998,0,0,0,0.0280445151033386,0.0,0.004157870047373,0.0,0.0280445151033386,0.025400295800913,0.0450370558054095,0.0631821867398491,0.0631821867398491,0.0364704442540693,0.0394606630380999,0.0188978297976103,0.0,0.0280445151033386,0.0176544766708701,0.0211028765230498,0.0188978297976103,0.0568535016713761,0.040709073790964334,0.040709073790964334,0.0,0,0,0,0,0,1
1752.png,0.856637168141593,0.856637168141593,0.856637168141593,0.856637168141593,0.856637168141593,0.6833216045038705,0.8277512408686393,0.0645908969754397,0.1733155636377225,H0,L5,0.0,0.0,0.0,0.0,-0.1733155636377225,0.8874942316566682,0.1125057683433318,1.0,-0.7,1,0,0,0.103608612150005,0.5,0.0059079741092904,0.0,0.0198382126348227,0.0728983559094199,0.079773156899811,0.1125057683433318,0.1125057683433318,0.1010035908295736,0.127315727236894,0.0438636158089897,0.0,0.0198382126348227,0.0753841394245643,0.103608612150005,0.0438636158089897,0.1733155636377225,-0.1733155636377225,0.1733155636377225,0.1733155636377225,0,0,0,0,0,1
1769.png,0.9408834709660506,0.9404512067156348,0.9429429429429428,0.9434306569343066,0.9420384665707184,0.9439520333680916,0.9422831295829576,0.0012853182589929,0.0035008266524568,L5,H1,-0.0004322642504157,0.0020594719768922,0.0025471859682559,0.0011549956046676,0.0030685624020411,0.818933724802177,0.181066275197823,1.0,-0.8999999999999998,1,0,0,0.0930851063829787,0.75,0.0211601440266382,0.0,0.0257456028549579,0.0478578714722883,0.0921952183362971,0.181066275197823,0.181066275197823,0.1632818846466287,0.1642582058439035,0.0930851063829787,0.0,0.0257456028549579,0.0236701237872197,0.07278320806885,0.0930851063829787,0.0035008266524568,0.0030685624020410085,0.0030685624020410085,0.0,0,0,0,0,0,3
1771.png,0.940599173553719,0.940599173553719,0.940599173553719,0.940599173553719,0.9409937888198758,0.940599173553719,0.9406649427647452,0.0001470644266809,0.0003946152661568,L4,H0,0.0,0.0,0.0,0.0003946152661568,0.0,0.8204121687929342,0.1795878312070657,1.0,-1.0,1,1,1,0.064496027418601,0.75,0.0079134747136451,0.0,0.0296540362438221,0.0808548530721282,0.1193054839264226,0.1795878312070657,0.1795878312070657,0.1638911788953009,0.118063374617983,0.064496027418601,0.0,0.0296540362438221,0.0549766439094502,0.054054054054054,0.064496027418601,0.0003946152661568,0.0,0.0,0.0,0,0,0,0,0,3
1773.png,0.9121176926054976,0.9113695090439276,0.9134243751610408,0.9134243751610408,0.9109243697478993,0.9134243751610408,0.9124474494800746,0.0010371128521983,0.0025000054131417,H2,L4,-0.0007481835615698,0.0013066825555434,0.0013066825555434,-0.0011933228575983,0.0013066825555434,0.7907168643630738,0.2092831356369262,1.0,-0.8999999999999998,1,0,0,0.0901905267504276,0.75,0.0138067653367088,0.0,0.027458981552325,0.0806662754480206,0.1367656197714996,0.2092831356369262,0.2092831356369262,0.2114519427402863,0.1519217023148402,0.0901905267504276,0.0,0.027458981552325,0.0632979438247547,0.0631974031243659,0.0901905267504276,0.0025000054131417,0.001306682555543226,0.001306682555543226,0.0,0,0,0,0,0,4
1774.png,0.8385020479812756,0.8339386895249165,0.8339386895249165,0.8423065607531627,0.8308983075365254,0.8347876672484003,0.8357286604281994,0.0036875063863547,0.0114082532166372,L3,L4,-0.0045633584563591,-0.0045633584563591,0.003804512771887,-0.0076037404447502,-0.0037143807328753,0.9102913071176232,0.0897086928823768,1.0,-1.0,1,1,1,0.0454067935099801,0.0,0.0113466649384841,0.0,0.0454067935099801,0.0721123165283982,0.0737772539776076,0.0897086928823768,0.0897086928823768,0.0533044299927741,0.0323864264397038,0.0209233185617322,0.0,0.0454067935099801,0.0258894270920327,0.0180367477664774,0.0209233185617322,0.0114082532166372,-0.003714380732875333,0.003714380732875333,0.003714380732875333,0,0,0,0,0,1
1776.png,0.0006350550381033,0.0006393861892583,0.0006393861892583,0.0006440532417346,0.0,0.0004398020890599,0.0004996137912357,0.0002350429438852,0.0006440532417346,L3,L4,4.3311511550098375e-06,4.3311511550098375e-06,8.998203631347865e-06,-0.0006350550381033,-0.0001952529490433,0.8046269873624133,0.1953730126375866,1.0,-1.0,1,1,1,0.1529599521220886,0.75,0.0258235911819518,0.0,0.0377164926679137,0.0565472624895172,0.0696778078891899,0.1953730126375866,0.1953730126375866,0.1665084678023679,0.1583912611717974,0.1529599521220886,0.0,0.0377164926679137,0.0219465090419617,0.0164125927223877,0.1529599521220886,0.0006440532417346,-0.00019525294904339994,0.00019525294904339994,0.00019525294904339994,0,0,0,0,0,3
1789.png,0.7620660457239627,0.7620660457239627,0.7620660457239627,0.7620660457239627,0.7620660457239627,0.7620660457239627,0.7620660457239627,0.0,0.0,H0,H0,0.0,0.0,0.0,0.0,0.0,0.8566166798210997,0.1433833201789003,0.8999999999999998,-0.8999999999999998,0,0,0,0.0710176653260703,0.5,0.0112487702522982,0.0,0.0577232862001073,0.0482784786114008,0.0965842765061157,0.1433833201789003,0.1433833201789003,0.1689018656901073,0.1131169173924518,0.0493110124131648,0.0,0.0577232862001073,0.058237616654702,0.0710176653260703,0.0493110124131648,0.0,0.0,0.0,0.0,0,0,0,0,0,2
1796.png,0.7755102040816326,0.7681445919231855,0.7681445919231855,0.7708333333333334,0.761147401306447,0.0,0.640630020427964,0.2865300335300949,0.7755102040816326,H0,L5,-0.0073656121584471,-0.0073656121584471,-0.0046768707482992,-0.0143628027751856,-0.7755102040816326,0.9114074074074074,0.0885925925925925,1.0,-1.0,1,1,1,0.0319219819492397,0.25,0.0051901080296792,0.0,0.0282465372285731,0.0584716796875,0.0721212121212121,0.0885925925925925,0.0885925925925925,0.0672941176470588,0.048958518782268,0.0310602935109329,0.0,0.0282465372285731,0.0319219819492397,0.0282835639718378,0.0310602935109329,0.7755102040816326,-0.7755102040816326,0.7755102040816326,0.7755102040816326,1,1,0,1,1,1
1798.png,0.8856143856143857,0.886721680420105,0.8771929824561403,0.8784352562515474,0.8882205513784461,0.8308480894687791,0.8745054909315672,0.0199557012672368,0.057372461909667,L4,L5,0.0011072948057193,-0.0084214031582453,-0.0071791293628382,0.0026061657640604,-0.0547662961456065,0.8181256436663233,0.1818743563336766,0.8999999999999998,-0.8999999999999998,0,0,0,0.0862438619544919,0.5,0.0148865800609616,0.0,0.0701363073110284,0.0498297740637573,0.1277479892761394,0.1818743563336766,0.1818743563336766,0.1318049542196039,0.1349971639251276,0.0810474784365529,0.0,0.0701363073110284,0.0544039798456533,0.0862438619544919,0.0810474784365529,0.057372461909667,-0.054766296145606574,0.054766296145606574,0.054766296145606574,0,0,0,0,0,3
1807.png,0.6541865214431586,0.6541865214431586,0.6541865214431586,0.7014829142488717,0.7014829142488717,0.7130600571973308,0.6797642416707582,0.0258671997093301,0.0588735357541722,L5,H0,0.0,0.0,0.047296392805713,0.047296392805713,0.0588735357541722,0.8319530046224961,0.1680469953775039,1.0,-1.0,1,1,1,0.06837893526283,0.5,0.0046068835773716,0.0,0.0546832701678396,0.0867150790260572,0.1337065617592172,0.1680469953775039,0.1680469953775039,0.1324239049740163,0.1096744612563044,0.0449168449081147,0.0,0.0546832701678396,0.0363878638786387,0.06837893526283,0.0449168449081147,0.0588735357541722,0.0588735357541722,0.0588735357541722,0.0,0,0,0,0,0,3
1816.png,0.9046890927624872,0.9046890927624872,0.9046890927624872,0.9046890927624872,0.9060745278203164,0.9046890927624872,0.9049199986054588,0.0005163211612862,0.0013854350578292,L4,H0,0.0,0.0,0.0,0.0013854350578292,0.0,0.8688406952639133,0.1311593047360867,1.0,-1.0,1,1,1,0.0658453342212602,0.5,0.0075761367176013,0.0,0.0244331754746238,0.0468730469563768,0.1091869060190073,0.1311593047360867,0.1311593047360867,0.1121565526783949,0.0888146255160212,0.0632840814050739,0.0,0.0244331754746238,0.0252767222864694,0.0658453342212602,0.0632840814050739,0.0013854350578292,0.0,0.0,0.0,0,0,0,0,0,2
1824.png,0.8769703578863884,0.8783005757395275,0.8783005757395275,0.8762753838533928,0.561994984675397,0.8783877692842251,0.825038274529743,0.1176391863863715,0.3163927846088281,L5,L4,0.001330217853139,0.001330217853139,-0.0006949740329956,-0.3149753732109914,0.0014174113978366,0.8020052135552437,0.1979947864447563,1.0,-1.0,1,1,1,0.0939333845967056,0.0,0.0217334076805103,0.0,0.0939333845967056,0.133096539889053,0.1786292935839274,0.1979947864447563,0.1979947864447563,0.1377690468056029,0.0833193065140548,0.0449241290874118,0.0,0.0939333845967056,0.061347608123035,0.0524301569077688,0.0449241290874118,0.3163927846088281,0.0014174113978366876,0.0014174113978366876,0.0,1,0,0,0,0,3
1825.png,0.7160098259104988,0.6771879483500718,0.6771879483500718,0.6771879483500718,0.6668891855807744,0.7717512974458126,0.6977023589978836,0.0365841118035677,0.1048621118650382,L5,L4,-0.0388218775604269,-0.0388218775604269,-0.0388218775604269,-0.0491206403297244,0.0557414715353138,0.9232032457496137,0.0767967542503863,1.0,-1.0,1,1,1,0.0355846774193548,0.0,0.0061114437466175,0.0,0.0355846774193548,0.0398994974874371,0.0449269561737042,0.0767967542503863,0.0767967542503863,0.0448742020277882,0.0425014042314173,0.0339362297221704,0.0,0.0355846774193548,0.0069268292682926,0.0167570709027509,0.0339362297221704,0.1048621118650382,0.055741471535313836,0.055741471535313836,0.0,0,0,0,0,0,1
1826.png,0.9407981530343008,0.9407981530343008,0.9407981530343008,0.9345870809484872,0.9059096589894662,0.9297860222927344,0.9321128702222652,0.0124126724995782,0.0348884940448346,H0,L4,0.0,0.0,-0.0062110720858135,-0.0348884940448346,-0.0110121307415662,0.8679976942828695,0.1320023057171304,1.0,-1.0,1,1,1,0.0710344643761494,0.0,0.0169905277993441,0.0,0.0710344643761494,0.0960705693664795,0.1158510638297872,0.1320023057171304,0.1320023057171304,0.099272392740654,0.0714685158259702,0.035044779440396,0.0,0.0710344643761494,0.0370496938630214,0.041934200806864,0.035044779440396,0.0348884940448346,-0.011012130741566373,0.011012130741566373,0.011012130741566373,0,0,0,0,0,2
1827.png,0.9664291369754552,0.8844498019631479,0.8844498019631479,0.8808639308855292,0.9573540856031127,0.9446398531885608,0.9196977684298258,0.0370063774679524,0.0855652060899261,H0,L3,-0.0819793350123073,-0.0819793350123073,-0.0855652060899261,-0.0090750513723424,-0.0217892837868943,0.9292161908262876,0.0707838091737124,1.0,-1.0,1,1,1,0.024447519604143,0.0,0.0052646375238772,0.0,0.024447519604143,0.0466854959295564,0.0613658858462553,0.0707838091737124,0.0707838091737124,0.0479490692239503,0.0292649818341518,0.0154248780681232,0.0,0.024447519604143,0.0238007455655236,0.015153957762373,0.0154248780681232,0.0855652060899261,-0.021789283786894376,0.021789283786894376,0.021789283786894376,0,0,0,0,0,1
1829.png,0.7000970559689421,0.7002103219543763,0.6998867497168743,0.6998867497168743,0.696954893339847,0.6997414350355526,0.6994628676220778,0.0011319429978971,0.0032554286145293,H1,L4,0.0001132659854341,-0.0002103062520678,-0.0002103062520678,-0.0031421626290951,-0.0003556209333894,0.8628899470428553,0.1371100529571447,1.0,-1.0,1,1,1,0.0538953412501631,0.75,0.0089953807249401,0.0,0.0219208619728775,0.0498563152853167,0.088910998552822,0.1371100529571447,0.1371100529571447,0.1180329331964835,0.0992982456140351,0.0538953412501631,0.0,0.0219208619728775,0.0342619276336855,0.0470121652332783,0.0538953412501631,0.0032554286145293,-0.00035562093338947776,0.00035562093338947776,0.00035562093338947776,0,0,0,0,0,2
1834.png,0.9264607118871726,0.9267719180382936,0.926149714669352,0.926149714669352,0.930539124556363,0.9257085359718262,0.92696328663206,0.0016316667383449,0.0048305885845367,L4,L5,0.000311206151121,-0.0003109972178204,-0.0003109972178204,0.0040784126691904,-0.0007521759153463,0.3063857235003225,0.6936142764996776,1.0,-1.0,1,1,1,0.2891936628044455,0.5,0.0217579771181881,0.0,0.1285499678088562,0.3184021393949523,0.5557419927947491,0.6936142764996776,0.6936142764996776,0.6213630928656835,0.4831338411316648,0.2254382388911536,0.0,0.1285499678088562,0.197527229908743,0.2891936628044455,0.2254382388911536,0.0048305885845367,-0.0007521759153463758,0.0007521759153463758,0.0007521759153463758,0,0,0,0,0,5
1835.png,0.3116883116883117,0.3116883116883117,0.3116883116883117,0.3116883116883117,0.3207063514668186,0.9016189290161892,0.4115130878727091,0.2192067299228087,0.5899306173278777,L5,H0,0.0,0.0,0.0,0.0090180397785069,0.5899306173278777,0.9400550188727528,0.0599449811272471,0.8999999999999998,-1.0,0,1,0,0.0356518925913943,0.0,0.0110654061596714,0.0,0.0356518925913943,0.0465086483023702,0.0630839615954635,0.0599449811272471,0.0599449811272471,0.0486302267662865,0.0288717316550963,0.0228429708915285,0.0,0.0356518925913943,0.0255299599658725,0.0254231749558851,0.0228429708915285,0.5899306173278777,0.5899306173278775,0.5899306173278775,0.0,1,1,0,0,0,1
1843.png,0.6809839906286607,0.6809839906286607,0.8510494245091401,0.8510494245091401,0.8510494245091401,0.8510494245091401,0.7943609465489803,0.0801696143615463,0.1700654338804794,H2,H0,0.0,0.1700654338804794,0.1700654338804794,0.1700654338804794,0.1700654338804794,0.5344566861093109,0.4655433138906891,1.0,-1.0,1,1,1,0.1508522727272727,0.5,0.0208779644553139,0.0,0.1364569083447332,0.2651949271958665,0.4010529575720037,0.4655433138906891,0.4655433138906891,0.3542156095014356,0.2249281500529421,0.0801344418892623,0.0,0.1364569083447332,0.135595093380484,0.1508522727272727,0.0801344418892623,0.1700654338804794,0.17006543388047946,0.17006543388047946,0.0,0,0,0,0,0,5
1847.png,0.6950105411103303,0.6867043847241867,0.6867043847241867,0.6867043847241867,0.7081739130434782,0.6931738212526389,0.6927452382631678,0.0076684963789419,0.0214695283192914,L4,H1,-0.0083061563861436,-0.0083061563861436,-0.0083061563861436,0.0131633719331478,-0.0018367198576914,0.9149932369160336,0.0850067630839662,1.0,-1.0,1,1,1,0.0320366132723112,0.0,0.0029119158411099,0.0,0.0320366132723112,0.0410425566430541,0.0614412405076735,0.0850067630839662,0.0850067630839662,0.0567167207792207,0.0454888922472419,0.0268958343652484,0.0,0.0320366132723112,0.0161723647474055,0.0229188078108941,0.0268958343652484,0.0214695283192914,-0.0018367198576914046,0.0018367198576914046,0.0018367198576914046,0,0,0,0,0,1
1852.png,0.8662674650698603,0.8662674650698603,0.8662674650698603,0.8662674650698603,0.866225165562914,0.8598256203890007,0.8651867743718925,0.0023976306996896,0.0064418446808596,H0,L5,0.0,0.0,0.0,-4.229950694634166e-05,-0.0064418446808596,0.6167504406292839,0.3832495593707161,1.0,-1.0,1,1,1,0.1372758489126287,0.75,0.0078160805528784,0.0,0.0943630214205185,0.1770981507823613,0.2643327640888021,0.3832495593707161,0.3832495593707161,0.3023738667035781,0.2293645534202194,0.1372758489126287,0.0,0.0943630214205185,0.0887389076365454,0.0994678673761768,0.1372758489126287,0.0064418446808596,-0.006441844680859621,0.006441844680859621,0.006441844680859621,0,0,0,0,0,5
1853.png,0.7091129357921658,0.5952481968604157,0.0,0.0,0.0,0.0,0.2173935221087636,0.3091930116837053,0.7091129357921658,H0,H2,-0.11386473893175,-0.7091129357921658,-0.7091129357921658,-0.7091129357921658,-0.7091129357921658,0.8079501352463836,0.1920498647536164,1.0,-1.0,1,1,1,0.0772561667562563,0.5,0.0051162997246489,0.0,0.0383393348866765,0.0829403982496014,0.1468612317595226,0.1920498647536164,0.1920498647536164,0.1720342437831227,0.1297084096351598,0.0534995660064704,0.0,0.0383393348866765,0.0485088396121976,0.0772561667562563,0.0534995660064704,0.7091129357921658,-0.7091129357921658,0.7091129357921658,0.7091129357921658,1,1,0,1,1,3
1858.png,0.744098375370254,0.7295796308954203,0.7504311020536134,0.7571363277516932,0.6477355468181156,0.6448034254573765,0.7122974013910787,0.0474312760726803,0.1123329022943167,L3,L5,-0.0145187444748337,0.0063327266833593,0.0130379523814391,-0.0963628285521384,-0.0992949499128775,0.7537862271445598,0.2462137728554402,1.0,-1.0,1,1,1,0.07673801828959,0.25,0.0055652895226353,0.0,0.0668702209704802,0.1419043681962243,0.1809481415535276,0.2462137728554402,0.2462137728554402,0.1848910827341989,0.1154318990617923,0.0700055611894402,0.0,0.0668702209704802,0.07673801828959,0.0484084676301111,0.0700055611894402,0.1123329022943167,-0.09929494991287757,0.09929494991287757,0.09929494991287757,0,0,0,0,0,4
1863.png,0.673617780216765,0.6907619689817937,0.6910119929928581,0.6910119929928581,0.6842105263157895,0.5865195112337407,0.6695222954556342,0.03763136378474,0.1044924817591174,H2,L5,0.0171441887650286,0.0173942127760931,0.0173942127760931,0.0105927460990244,-0.0870982689830243,0.8319977636973537,0.1680022363026463,1.0,-1.0,1,1,1,0.0543877210543877,0.5,0.001679251577231,0.0,0.0438373240533942,0.0790110998990918,0.1244322025707934,0.1680022363026463,0.1680022363026463,0.143140402228307,0.1019357211825831,0.0480042434690359,0.0,0.0438373240533942,0.0421230422765892,0.0543877210543877,0.0480042434690359,0.1044924817591174,-0.08709826898302431,0.08709826898302431,0.08709826898302431,0,0,0,0,0,3
1869.png,0.4988857524884861,0.4919723081455295,0.4919723081455295,0.4861039629439012,0.2694500643737355,0.4763527907967618,0.4524561978156573,0.0821312096890447,0.2294356881147505,H0,L4,-0.0069134443429565,-0.0069134443429565,-0.0127817895445849,-0.2294356881147505,-0.0225329616917242,0.7981291142164222,0.2018708857835778,1.0,-1.0,1,1,1,0.0671540667443986,0.25,0.0044964732534435,0.0,0.056583031557165,0.1085097907026629,0.1601958726827562,0.2018708857835778,0.2018708857835778,0.1661726345743419,0.1038063260066025,0.0489815712900096,0.0,0.056583031557165,0.0671540667443986,0.0573861532765642,0.0489815712900096,0.2294356881147505,-0.022532961691724307,0.022532961691724307,0.022532961691724307,1,0,0,0,0,4
1879.png,0.7274324621128926,0.7274324621128926,0.7274324621128926,0.7271528998242531,0.7274324621128926,0.7339008950010915,0.7284639405461525,0.0024336218739661,0.0067479951768383,L5,L3,0.0,0.0,-0.0002795622886394,0.0,0.0064684328881988,0.7872695072403375,0.2127304927596625,1.0,-1.0,1,1,1,0.0651648351648351,0.5,0.0037812570550797,0.0,0.0459312433402501,0.0987606291335519,0.1554975813902929,0.2127304927596625,0.2127304927596625,0.1784254392950045,0.1278488341491657,0.0650863179592888,0.0,0.0459312433402501,0.0568284936479128,0.0651648351648351,0.0650863179592888,0.0067479951768383,0.006468432888198872,0.006468432888198872,0.0,0,0,0,0,0,4
1880.png,0.8836973082783138,0.8836973082783138,0.8836973082783138,0.8836973082783138,0.8836973082783138,0.8836973082783138,0.8836973082783138,0.0,0.0,H0,H0,0.0,0.0,0.0,0.0,0.0,0.7779045248712365,0.2220954751287635,1.0,-1.0,1,1,1,0.0652567332599979,0.0,0.0043584329411349,0.0,0.0652567332599979,0.1228424276169265,0.1663069961712495,0.2220954751287635,0.2220954751287635,0.1670359516832249,0.1052318043242106,0.0599698573481476,0.0,0.0652567332599979,0.0632984274353161,0.0462982567577104,0.0599698573481476,0.0,0.0,0.0,0.0,0,0,0,0,0,4
1882.png,0.6479804513439701,0.6479804513439701,0.6520979020979021,0.6278972935461485,0.6284421976852468,0.6496593709233223,0.6423429444900933,0.0101173106906327,0.0242006085517535,H2,L3,0.0,0.0041174507539319,-0.0200831577978215,-0.0195382536587233,0.0016789195793521,0.90709740577582,0.0929025942241801,1.0,-1.0,1,1,1,0.0555236454145127,0.0,0.0185454053327551,0.0,0.0555236454145127,0.0852362204724409,0.0913210521130922,0.0929025942241801,0.0929025942241801,0.0436948624805396,0.0214996256284094,0.0132762312633832,0.0,0.0555236454145127,0.0306889352818371,0.010877759827679,0.0132762312633832,0.0242006085517535,0.0016789195793521783,0.0016789195793521783,0.0,0,0,0,0,0,1
1886.png,0.5435114503816794,0.5435114503816794,0.5435114503816794,0.5435114503816794,0.5135327635327636,0.5435114503816794,0.5385150025735267,0.0111723969450591,0.0299786868489158,H0,L4,0.0,0.0,0.0,-0.0299786868489158,0.0,0.8290450699361077,0.1709549300638922,1.0,-1.0,1,1,1,0.0468503246183541,0.0,0.0009997562826412,0.0,0.0468503246183541,0.084813653779171,0.128439575605969,0.1709549300638922,0.1709549300638922,0.1274907423734791,0.0901295064753238,0.0448123428967669,0.0,0.0468503246183541,0.0398434720739949,0.046420141620771,0.0448123428967669,0.0299786868489158,0.0,0.0,0.0,0,0,0,0,0,3
1890.png,0.4986566054993426,0.5128266819043036,0.5226723742547011,0.5309993159629376,0.7423302158902194,0.387129855146776,0.5324358414430467,0.1055086275254707,0.3552003607434433,L4,L5,0.0141700764049609,0.0240157687553585,0.0323427104635949,0.2436736103908768,-0.1115267503525665,0.8832976589529232,0.1167023410470767,1.0,-1.0,1,1,1,0.0504983018762875,0.75,0.0097984086836397,0.0,0.0178725533112376,0.0380554195387146,0.0701334953024643,0.1167023410470767,0.1167023410470767,0.104141471149453,0.0885980299554716,0.0504983018762875,0.0,0.0178725533112376,0.0211075179865132,0.0390374054502123,0.0504983018762875,0.3552003607434433,-0.1115267503525666,0.1115267503525666,0.1115267503525666,1,0,0,0,0,1
1894.png,0.0,0.5505421476040574,0.5505421476040574,0.0,0.0,0.4835654596100278,0.2641082924696904,0.265050223353141,0.5505421476040574,H1,H0,0.5505421476040574,0.5505421476040574,0.0,0.0,0.4835654596100278,0.8976112851328603,0.1023887148671397,1.0,-1.0,1,1,1,0.0500990659496178,0.0,0.010750966181154,0.0,0.0500990659496178,0.071374504652923,0.0858643326039387,0.1023887148671397,0.1023887148671397,0.0847457627118644,0.0699081284846843,0.036621342856509,0.0,0.0500990659496178,0.0279208332371077,0.0377043090638929,0.036621342856509,0.5505421476040574,0.4835654596100278,0.4835654596100278,0.0,1,1,0,0,0,1
1900.png,0.5591996960871217,0.5344221105527638,0.6201005025125628,0.6025542784163473,0.5371327701424788,0.639807576668671,0.5822028223966575,0.0408496705199768,0.1053854661159072,L5,H1,-0.0247775855343579,0.060900806425441,0.0433545823292256,-0.0220669259446428,0.0806078805815493,0.8477552229959994,0.1522447770040006,1.0,-1.0,1,1,1,0.0440163541935246,0.5,0.0016482162910949,0.0,0.0340739545949433,0.0743261853236277,0.1166412213740457,0.1522447770040006,0.1522447770040006,0.1232756412601997,0.082769726247987,0.0426731639401323,0.0,0.0340739545949433,0.0431878204132359,0.0440163541935246,0.0426731639401323,0.1053854661159072,0.08060788058154933,0.08060788058154933,0.0,0,0,0,0,0,2
1901.png,0.9168148217460466,0.9144773616545556,0.9144773616545556,0.9163309285111964,0.919917864476386,0.9616998482278368,0.9239530310450962,0.0169790649354651,0.0472224865732812,L5,H1,-0.0023374600914909,-0.0023374600914909,-0.00048389323485,0.0031030427303394,0.0448850264817902,0.7842365782459703,0.2157634217540297,1.0,-1.0,1,1,1,0.0696415107272602,0.25,0.0099217130776707,0.0,0.0617686885872018,0.1310611021125547,0.1804239073196418,0.2157634217540297,0.2157634217540297,0.1607791141837926,0.0996143354341078,0.043355381840048,0.0,0.0617686885872018,0.0696415107272602,0.0595234225155228,0.043355381840048,0.0472224865732812,0.04488502648179027,0.04488502648179027,0.0,0,0,0,0,0,4
1902.png,0.7775383973868928,0.7021480770650328,0.7021480770650328,0.7048685276570671,0.7099992663781087,0.8095560368164592,0.7343763970614323,0.0429286706497111,0.1074079597514263,L5,H1,-0.07539032032186,-0.07539032032186,-0.0726698697298257,-0.067539131008784,0.0320176394295663,0.901214433017482,0.098785566982518,1.0,-1.0,1,1,1,0.0370665815783876,0.0,0.004774448148258,0.0,0.0370665815783876,0.0571921915984552,0.0777918180382246,0.098785566982518,0.098785566982518,0.0713272351407223,0.0558784924057753,0.0327550924873273,0.0,0.0370665815783876,0.0217078230079141,0.0264903261253482,0.0327550924873273,0.1074079597514263,0.03201763942956637,0.03201763942956637,0.0,0,0,0,0,0,1
1910.png,0.9113063190705584,0.9106889707967112,0.9097616345062428,0.9097616345062428,0.6077181208053691,0.9000858860578299,0.8582204276238258,0.1120923534698278,0.3035881982651891,H0,L4,-0.0006173482738471,-0.0015446845643153,-0.0015446845643153,-0.3035881982651891,-0.0112204330127283,0.7561669100130639,0.2438330899869361,1.0,-1.0,1,1,1,0.0848905499199146,0.0,0.0172237827759547,0.0,0.0848905499199146,0.1652075471698113,0.2017704517704517,0.2438330899869361,0.2438330899869361,0.1779069281264372,0.1078756383836573,0.0584657285519746,0.0,0.0848905499199146,0.0848263703825181,0.0536793458940633,0.0584657285519746,0.3035881982651891,-0.011220433012728459,0.011220433012728459,0.011220433012728459,1,0,0,0,0,4
1911.png,0.8967813540510544,0.8967813540510544,0.8967813540510544,0.8968957871396895,0.896513558384062,0.8967813540510544,0.8967557936213281,0.0001161101758587,0.0003822287556275,L3,L4,0.0,0.0,0.0001144330886351,-0.0002677956669924,0.0,0.7693570451436389,0.2306429548563611,1.0,-1.0,1,1,1,0.0747325816710031,0.25,0.0036331048548936,0.0,0.06790171913023,0.1227686703096538,0.1725048651654156,0.2306429548563611,0.2306429548563611,0.1783314099518023,0.1223515938156136,0.066056166056166,0.0,0.06790171913023,0.0747325816710031,0.0574103971585405,0.066056166056166,0.0003822287556275,0.0,0.0,0.0,0,0,0,0,0,4
1917.png,0.8202641698712589,0.8202641698712589,0.8193787981093855,0.8188331627430911,0.8215823693320949,0.8200355360013537,0.8200597009880739,0.0008534969905688,0.0027492065890037,L4,L3,0.0,-0.0008853717618734,-0.0014310071281677,0.001318199460836,-0.0002286338699052,0.7769162822651879,0.223083717734812,1.0,-1.0,1,1,1,0.0851063829787234,0.0,0.0219684351977991,0.0,0.0851063829787234,0.1639443436176648,0.1954170259948257,0.223083717734812,0.223083717734812,0.1545891375042469,0.0814721168703469,0.039356361885988,0.0,0.0851063829787234,0.0816509645580978,0.0439320217192017,0.039356361885988,0.0027492065890037,-0.00022863386990523704,0.00022863386990523704,0.00022863386990523704,0,0,0,0,0,4
1933.png,0.2423954372623574,0.2754824269554171,0.3036058171193306,0.0,0.0,0.0,0.1369139468895175,0.1380519435082068,0.3036058171193306,H2,L3,0.0330869896930596,0.0612103798569732,-0.2423954372623574,-0.2423954372623574,-0.2423954372623574,0.8023044108070754,0.1976955891929246,1.0,-1.0,1,1,1,0.0998782242887191,0.75,0.0227553296705872,0.0,0.0246258119175374,0.0519014837204491,0.106239439798464,0.1976955891929246,0.1976955891929246,0.1820139430970903,0.1616750013738528,0.0998782242887191,0.0,0.0246258119175374,0.0286291915506704,0.0635191135873427,0.0998782242887191,0.3036058171193306,-0.2423954372623574,0.2423954372623574,0.2423954372623574,1,0,0,1,0,3
1941.png,0.7252298263534218,0.7252298263534218,0.7102108309218685,0.6464208242950108,0.7369983136593592,0.7401076716016151,0.7140328821974496,0.0317386390469699,0.0936868473066042,L5,L3,0.0,-0.0150189954315532,-0.078809002058411,0.0117684873059373,0.0148778452481932,0.7827820226852071,0.2172179773147928,1.0,-1.0,1,1,1,0.0749022673964034,0.5,0.0039329849669227,0.0,0.0617367995575033,0.1205839942321557,0.1626558689550453,0.2172179773147928,0.2172179773147928,0.1954220026217605,0.1357771419316525,0.0614481842338352,0.0,0.0617367995575033,0.0697208303507516,0.0749022673964034,0.0614481842338352,0.0936868473066042,0.014877845248193244,0.014877845248193244,0.0,0,0,0,0,0,4
1949.png,0.9167582185413674,0.9293119698397738,0.9297658862876256,0.9167582185413674,0.9058617526890688,0.93949433304272,0.922991729823654,0.0110251227136773,0.0336325803536514,L5,L4,0.0125537512984064,0.013007667746258,0.0,-0.0108964658522987,0.0227361145013527,0.8791466042403767,0.1208533957596232,1.0,-1.0,1,1,1,0.0593214699266634,0.75,0.0047237590296591,0.0,0.0250575300434671,0.0490097444594556,0.0835940239882163,0.1208533957596232,0.1208533957596232,0.1151038439781267,0.1030969956146323,0.0593214699266634,0.0,0.0250575300434671,0.0286413566038286,0.0486271915315911,0.0593214699266634,0.0336325803536514,0.0227361145013526,0.0227361145013526,0.0,0,0,0,0,0,2
1950.png,0.82,0.82,0.82,0.8205994090333474,0.82,0.8205994090333474,0.8201998030111158,0.0002825641281229,0.0005994090333474,L3,H0,0.0,0.0,0.0005994090333474,0.0,0.0005994090333474,0.97014115092291,0.0298588490770901,1.0,-1.0,1,1,1,0.0145945945945945,0.0,0.0044547960411477,0.0,0.0145945945945945,0.0228882833787466,0.0295793758480326,0.0298588490770901,0.0298588490770901,0.0264462809917355,0.0238888888888888,0.01134163208852,0.0,0.0145945945945945,0.0082964601769911,0.0124965287420161,0.01134163208852,0.0005994090333474,0.0005994090333474311,0.0005994090333474311,0.0,0,0,0,0,0,1
1951.png,0.9539093114387012,0.9539093114387012,0.9543166138355398,0.9543166138355398,0.9541899441340782,0.9540806841420338,0.9541204131374325,0.00016957310855,0.0004073023968385,H2,H0,0.0,0.0004073023968385,0.0004073023968385,0.0002806326953769,0.0001713727033325,0.7128087306145893,0.2871912693854107,1.0,-1.0,1,1,1,0.0868131096919082,0.5,0.0054820434095476,0.0,0.0545836918076665,0.1367044463818657,0.2186983552372707,0.2871912693854107,0.2871912693854107,0.2397482885001037,0.1588881706528765,0.0772729993415933,0.0,0.0545836918076665,0.0840623177538948,0.0868131096919082,0.0772729993415933,0.0004073023968385,0.00017137270333267285,0.00017137270333267285,0.0,0,0,0,0,0,5
1955.png,0.8514851485148515,0.8514851485148515,0.8183265522731293,0.8183265522731293,0.8248934356351236,0.8557935570922584,0.8367183990505573,0.0164130296276233,0.037467004819129,L5,H2,0.0,-0.0331585962417221,-0.0331585962417221,-0.0265917128797278,0.0043084085774068,0.5473820121640447,0.4526179878359553,1.0,-1.0,1,1,1,0.2389259915496797,0.75,0.0308341608901075,0.0,0.075610473668726,0.17008,0.2790657036346692,0.4526179878359553,0.4526179878359553,0.4280293714647085,0.3548361469712016,0.2389259915496797,0.0,0.075610473668726,0.1028139713128216,0.134906914893617,0.2389259915496797,0.037467004819129,0.004308408577406886,0.004308408577406886,0.0,0,0,0,0,0,5
1957.png,0.8832915732559673,0.8832915732559673,0.8832915732559673,0.8833465294272895,0.8833465294272895,0.883629191321499,0.88336616165733,0.0001201705329931,0.0003376180655316,L5,H0,0.0,0.0,5.495617132222908e-05,5.495617132222908e-05,0.0003376180655316,0.8465355204016111,0.1534644795983889,1.0,-1.0,1,1,1,0.042936694021102,0.0,0.0018750868912416,0.0,0.042936694021102,0.0812769436598781,0.1153585161728115,0.1534644795983889,0.1534644795983889,0.1154472821499381,0.0770457490282069,0.0423675634096475,0.0,0.042936694021102,0.0423881268270743,0.0376659462797159,0.0423675634096475,0.0003376180655316,0.00033761806553167517,0.00033761806553167517,0.0,0,0,0,0,0,2
1978.png,0.5699200703967148,0.1821937616195001,0.1821937616195001,0.5719888721667351,0.5854672588113011,0.5153206959231369,0.4345140700894813,0.1797599131351135,0.403273497191801,L4,H1,-0.3877263087772147,-0.3877263087772147,0.0020688017700203,0.0155471884145863,-0.0545993744735778,0.8209737389114969,0.179026261088503,1.0,-1.0,1,1,1,0.0634647234183504,0.0,0.0076731992592769,0.0,0.0634647234183504,0.1022965837521471,0.1411440807586418,0.179026261088503,0.179026261088503,0.1178641800571698,0.0785654891231458,0.0396802740508135,0.0,0.0634647234183504,0.0416041303956294,0.0398726754900318,0.0396802740508135,0.403273497191801,-0.05459937447357788,0.05459937447357788,0.05459937447357788,1,0,0,0,0,3
1981.png,0.8936573051435784,0.8936573051435784,0.8987975951903807,0.894878706199461,0.8759773110531964,0.9052117263843648,0.8936966581857599,0.0088881189571479,0.0292344153311684,L5,L4,0.0,0.0051402900468022,0.0012214010558825,-0.017679994090382,0.0115544212407864,0.8703506907545164,0.1296493092454835,1.0,-1.0,1,1,1,0.049821315955434,0.75,0.00356618814761,0.0,0.0256035113386978,0.0625,0.088539511791477,0.1296493092454835,0.1296493092454835,0.1137546468401486,0.0802766715573255,0.049821315955434,0.0,0.0256035113386978,0.0405112874961344,0.0318367346938776,0.049821315955434,0.0292344153311684,0.011554421240786317,0.011554421240786317,0.0,0,0,0,0,0,2
1984.png,0.799109131403118,0.8304530593180757,0.8700343305541932,0.8700343305541932,0.8378887841658812,0.8700343305541932,0.8462589944249425,0.0265794325608378,0.0709251991510752,H2,H0,0.0313439279149576,0.0709251991510752,0.0709251991510752,0.0387796527627631,0.0709251991510752,0.8728287408440879,0.1271712591559121,1.0,-1.0,1,1,1,0.0513659647125782,0.25,0.0120596945805522,0.0,0.0493175114891282,0.0924941526685094,0.1092436974789915,0.1271712591559121,0.1271712591559121,0.0998459599495869,0.0616854908774978,0.0258170635772009,0.0,0.0493175114891282,0.0513659647125782,0.0374354873882387,0.0258170635772009,0.0709251991510752,0.0709251991510752,0.0709251991510752,0.0,0,0,0,0,0,2
1986.png,0.7043010752688172,0.7043010752688172,0.7043010752688172,0.7043010752688172,0.7043010752688172,0.7026143790849673,0.7040199592381756,0.0006285945540796,0.0016866961838499,H0,L5,0.0,0.0,0.0,0.0,-0.0016866961838499,0.6604429436885491,0.3395570563114509,1.0,-1.0,1,1,1,0.1533280853669203,0.0,0.0517543148044809,0.0,0.1533280853669203,0.2826686270906083,0.3321104460320525,0.3395570563114509,0.3395570563114509,0.212470588235294,0.1110831551138508,0.0426936026936026,0.0,0.1533280853669203,0.1487168474175882,0.0721048798252003,0.0426936026936026,0.0016866961838499,-0.0016866961838499783,0.0016866961838499783,0.0016866961838499783,0,0,0,0,0,5
1988.png,0.8723958333333334,0.8723958333333334,0.8723958333333334,0.8611842105263158,0.7985721570627231,0.5064102564102564,0.7972256873332159,0.1326761552815214,0.365985576923077,H0,L5,0.0,0.0,-0.0112116228070175,-0.0738236762706102,-0.365985576923077,0.8930731170973062,0.1069268829026938,1.0,-1.0,1,1,1,0.0356234096692111,0.0,0.0047408458820338,0.0,0.0356234096692111,0.0620786516853932,0.0863924924096053,0.1069268829026938,0.1069268829026938,0.0795072788353863,0.0492350486787204,0.0207763805358118,0.0,0.0356234096692111,0.0306239267315397,0.0298882681564245,0.0207763805358118,0.365985576923077,-0.365985576923077,0.365985576923077,0.365985576923077,1,0,0,1,0,1
2002.png,0.8709953417625249,0.8709953417625249,0.8709953417625249,0.8638407807865276,0.9011375196522704,0.8725035494557501,0.8750779791970205,0.0119861430452902,0.0372967388657428,L4,L3,0.0,0.0,-0.0071545609759973,0.0301421778897454,0.0015082076932252,0.7131084496209208,0.2868915503790792,1.0,-1.0,1,1,1,0.1226548865619546,0.25,0.0166176164733978,0.0,0.0690638618266444,0.1831379827616892,0.2559055118110236,0.2868915503790792,0.2868915503790792,0.227085494147281,0.1151913016719663,0.0413333333333333,0.0,0.0690638618266444,0.1226548865619546,0.0773548969158285,0.0413333333333333,0.0372967388657428,0.0015082076932252386,0.0015082076932252386,0.0,0,0,0,0,0,5
2003.png,0.9215686274509804,0.9052090715804394,0.8754087983964554,0.8754087983964554,0.8826055084302021,0.8523143164693219,0.885419186787309,0.0223706898141338,0.0692543109816584,H0,L5,-0.0163595558705409,-0.0461598290545249,-0.0461598290545249,-0.0389631190207782,-0.0692543109816584,0.6430839802399435,0.3569160197600565,1.0,-1.0,1,1,1,0.1439892344497607,0.0,0.0393025298510733,0.0,0.1439892344497607,0.2742592643920286,0.3136381800536622,0.3569160197600565,0.3569160197600565,0.2366336633663366,0.1117989352482357,0.0584835676701457,0.0,0.1439892344497607,0.136437020197028,0.0549946549471433,0.0584835676701457,0.0692543109816584,-0.06925431098165857,0.06925431098165857,0.06925431098165857,0,0,0,0,0,5
2006.png,0.7158273381294964,0.7189443920829406,0.7239114114114115,0.7239114114114115,0.733262861169838,0.7707264380232244,0.7310973087047204,0.0185260948017744,0.0548990998937279,L5,H0,0.0031170539534441,0.008084073281915,0.008084073281915,0.0174355230403415,0.0548990998937279,0.8877251657572024,0.1122748342427976,1.0,-1.0,1,1,1,0.03661421980362,0.5,0.0028518298992028,0.0,0.0243479793233082,0.0507098197866863,0.0790953027581876,0.1122748342427976,0.1122748342427976,0.0966335458994512,0.0709117651428486,0.0356379292549505,0.0,0.0243479793233082,0.0293754555054809,0.03661421980362,0.0356379292549505,0.0548990998937279,0.05489909989372799,0.05489909989372799,0.0,0,0,0,0,0,1
2007.png,0.6578705124271249,0.6513563501849569,0.6488030888030888,0.6488030888030888,0.6665650251562738,0.6488030888030888,0.653700192362937,0.0065870321873257,0.017761936353185,L4,H2,-0.006514162242168,-0.0090674236240361,-0.0090674236240361,0.0086945127291488,-0.0090674236240361,0.8624648791147802,0.1375351208852198,1.0,-1.0,1,1,1,0.0559818764856974,0.25,0.0082724020774585,0.0,0.0430607240238025,0.0919170243204577,0.112686943370862,0.1375351208852198,0.1375351208852198,0.1030309211756506,0.0802566665591848,0.0380514460882314,0.0,0.0430607240238025,0.0559818764856974,0.0439587964557437,0.0380514460882314,0.017761936353185,-0.00906742362403612,0.00906742362403612,0.00906742362403612,0,0,0,0,0,2
2008.png,0.9140104662226451,0.9140104662226451,0.8770932459988877,0.8555583564406353,0.675649945075064,0.8949373979314099,0.855209979648548,0.082879497801228,0.2383605211475811,H0,L4,0.0,-0.0369172202237574,-0.0584521097820098,-0.2383605211475811,-0.0190730682912352,0.9225786749815166,0.0774213250184834,1.0,-1.0,1,1,1,0.0317655540947453,0.0,0.0072405865287498,0.0,0.0317655540947453,0.0535742523990645,0.0669951136776643,0.0774213250184834,0.0774213250184834,0.0681853014011341,0.0448160853066301,0.0145737579970898,0.0,0.0317655540947453,0.0269705729993482,0.0317500756333296,0.0145737579970898,0.2383605211475811,-0.01907306829123523,0.01907306829123523,0.01907306829123523,1,0,0,0,0,1
2009.png,0.7629524485450674,0.7629524485450674,0.7918486171761281,0.7918486171761281,0.7918486171761281,0.7918486171761281,0.7822165609657744,0.013621784526222,0.0288961686310607,H2,H0,0.0,0.0288961686310607,0.0288961686310607,0.0288961686310607,0.0288961686310607,0.856728606935732,0.1432713930642679,1.0,-1.0,1,1,1,0.0673740970890584,0.0,0.0212493487805782,0.0,0.0673740970890584,0.1208090049960873,0.1329707314141475,0.1432713930642679,0.1432713930642679,0.0917131260167095,0.0584671412017877,0.0333476550880788,0.0,0.0673740970890584,0.0551811763192177,0.0256341159430053,0.0333476550880788,0.0288961686310607,0.028896168631060704,0.028896168631060704,0.0,0,0,0,0,0,2
2014.png,0.7439564181137215,0.7510194570662938,0.7597232164161298,0.7292133506309706,0.7444911109832576,0.4414128200336386,0.6949693955406687,0.1137617252850785,0.3183103963824912,H2,L5,0.0070630389525723,0.0157667983024083,-0.0147430674827508,0.0005346928695361,-0.3025435980800829,0.68109066434657,0.31890933565343,1.0,-1.0,1,1,1,0.1037610251289732,0.75,0.0036599638922308,0.0,0.0831761880859031,0.1584487852451023,0.2253369190330765,0.31890933565343,0.31890933565343,0.2569417146124433,0.1771993613050922,0.1037610251289732,0.0,0.0831761880859031,0.085233500578927,0.0774423797049981,0.1037610251289732,0.3183103963824912,-0.3025435980800829,0.3025435980800829,0.3025435980800829,1,0,0,1,0,5
2026.png,0.8911511354737667,0.8911511354737667,0.8911511354737667,0.8996282527881041,0.0,0.578690456152163,0.6919620192269278,0.3300999999265583,0.8996282527881041,L3,L4,0.0,0.0,0.0084771173143374,-0.8911511354737667,-0.3124606793216037,0.8690569974663062,0.1309430025336938,1.0,-1.0,1,1,1,0.0692629584303817,0.75,0.0190237560953433,0.0,0.0546199878462029,0.1068932260854867,0.1300200703455676,0.1309430025336938,0.1309430025336938,0.0970368324690335,0.0868006518196632,0.0692629584303817,0.0,0.0546199878462029,0.0549755770520065,0.0331119693980568,0.0692629584303817,0.8996282527881041,-0.3124606793216037,0.3124606793216037,0.3124606793216037,1,1,1,1,0,2
2029.png,0.8844086021505376,0.8825706594885598,0.8666780763306521,0.8666780763306521,0.8141083318337232,0.9015527453177524,0.8693327485753128,0.0273997646290176,0.0874444134840293,L5,L4,-0.0018379426619777,-0.0177305258198855,-0.0177305258198855,-0.0703002703168144,0.0171441431672149,0.6855544252288911,0.3144455747711089,1.0,-1.0,1,1,1,0.1375190201800993,0.5,0.0176119401558943,0.0,0.0417335473515249,0.1139756051476916,0.227899508877975,0.3144455747711089,0.3144455747711089,0.3004788101059494,0.2353941225679359,0.1046701913393756,0.0,0.0417335473515249,0.0767807974441432,0.1375190201800993,0.1046701913393756,0.0874444134840293,0.017144143167214798,0.017144143167214798,0.0,0,0,0,0,0,5
2031.png,0.9298232855792306,0.9128440366972476,0.9115555555555556,0.907605466428996,0.9343740965596994,0.9348753162269606,0.9218462928412816,0.0114023006158446,0.0272698497979647,L5,L3,-0.0169792488819828,-0.0182677300236749,-0.0222178191502346,0.0045508109804688,0.00505203064773,0.918065284727186,0.0819347152728139,1.0,-1.0,1,1,1,0.0313519220255265,0.5,0.001935919826741,0.0,0.0209951626824029,0.0429941046864764,0.0685924046740467,0.0819347152728139,0.0819347152728139,0.0633179314189604,0.0446669845811477,0.0199994557971211,0.0,0.0209951626824029,0.0226432168712622,0.0313519220255265,0.0199994557971211,0.0272698497979647,0.005052030647730077,0.005052030647730077,0.0,0,0,0,0,0,1
2039.png,0.915056507473569,0.9135832521908472,0.9135832521908472,0.9135141710254226,0.9172221548903164,0.9172020851012244,0.9150269038120378,0.0016334032878583,0.0037079838648936,L4,L3,-0.0014732552827219,-0.0014732552827219,-0.0015423364481463,0.0021656474167472,0.0021455776276553,0.8232016210739616,0.1767983789260384,1.0,-1.0,1,1,1,0.0606638892621959,0.0,0.0071657048694536,0.0,0.0606638892621959,0.0952049290115188,0.1451572744626109,0.1767983789260384,0.1767983789260384,0.1259184938176881,0.0918499353169469,0.0406652654665082,0.0,0.0606638892621959,0.0440240997618046,0.0540907384411009,0.0406652654665082,0.0037079838648936,0.0021455776276553262,0.0021455776276553262,0.0,0,0,0,0,0,3
2055.png,0.7337682510096303,0.7337682510096303,0.7148949613015322,0.7170347003154575,0.7454823889739663,0.7125883108542068,0.7262561439107372,0.0121342020619654,0.0328940781197595,L4,L5,0.0,-0.018873289708098,-0.0167335506941728,0.011714137964336,-0.0211799401554234,0.8035340985287737,0.1964659014712263,1.0,-1.0,1,1,1,0.0681494154548046,0.75,0.0017185047124842,0.0,0.051021359947766,0.0961712937760842,0.1427234440804866,0.1964659014712263,0.1964659014712263,0.1602477780770266,0.1287180837062385,0.0681494154548046,0.0,0.051021359947766,0.0464685653822414,0.0613811775164666,0.0681494154548046,0.0328940781197595,-0.02117994015542346,0.02117994015542346,0.02117994015542346,0,0,0,0,0,3
2062.png,0.9564684242795832,0.956347986474024,0.956347986474024,0.956347986474024,0.9557739557739556,0.9561215096655415,0.9562346415235252,0.0002302990040461,0.0006944685056273,H0,L4,-0.0001204378055591,-0.0001204378055591,-0.0001204378055591,-0.0006944685056273,-0.0003469146140415,0.8853902556020009,0.114609744397999,1.0,-1.0,1,1,1,0.044584875357866,0.75,0.0026082194254229,0.0,0.0312576511874642,0.0553640707994071,0.0774622276589414,0.114609744397999,0.114609744397999,0.0958573766256136,0.0687987052966735,0.044584875357866,0.0,0.0312576511874642,0.0345831938399732,0.0336278383557462,0.044584875357866,0.0006944685056273,-0.00034691461404168233,0.00034691461404168233,0.00034691461404168233,0,0,0,0,0,1
2064.png,0.746507493014986,0.7482161060142711,0.7486837036085784,0.7488794980151108,0.7531734837799718,0.7491311623117518,0.7490985744574451,0.0020132276679726,0.0066659907649858,L4,H0,0.0017086129992851,0.0021762105935924,0.0023720050001247,0.0066659907649858,0.0026236692967658,0.7482052803322456,0.2517947196677543,1.0,-1.0,1,1,1,0.0855146522056523,0.0,0.0086515401227104,0.0,0.0855146522056523,0.1408960709074204,0.1945390570021111,0.2517947196677543,0.2517947196677543,0.1813471502590673,0.136983553951063,0.0724107613856163,0.0,0.0855146522056523,0.0608182396852033,0.0686710157259462,0.0724107613856163,0.0066659907649858,0.0026236692967658293,0.0026236692967658293,0.0,0,0,0,0,0,4
2065.png,0.8954496208017335,0.8954496208017335,0.8954496208017335,0.8954496208017335,0.9049022234128048,0.8922237380627558,0.8964874074470824,0.0039432644860334,0.0126784853500488,L4,L5,0.0,0.0,0.0,0.0094526026110711,-0.0032258827389777,0.8187397818337756,0.1812602181662244,1.0,-1.0,1,1,1,0.054156642608928,0.5,0.0030980883957729,0.0,0.0481715293180913,0.0975596072931276,0.1416496326169825,0.1812602181662244,0.1812602181662244,0.1399500460102537,0.0963420649549573,0.0446622814875483,0.0,0.0481715293180913,0.0516302853686699,0.054156642608928,0.0446622814875483,0.0126784853500488,-0.0032258827389777256,0.0032258827389777256,0.0032258827389777256,0,0,0,0,0,3
2066.png,0.3411804384485666,0.360128159487362,0.9051221093581154,0.3966436637390213,0.64411679676207,0.9063039723661486,0.5922491900268807,0.2430320045253375,0.565123533917582,L5,H0,0.0189477210387954,0.5639416709095488,0.0554632252904547,0.3029363583135034,0.565123533917582,0.804929598428244,0.195070401571756,1.0,-1.0,1,1,1,0.0612267867191896,0.75,0.0026416364516189,0.0,0.054701418673705,0.1047409753417574,0.1462342117573678,0.195070401571756,0.195070401571756,0.1600414385082137,0.1111627636701726,0.0612267867191896,0.0,0.054701418673705,0.0533483218243134,0.0519914867740954,0.0612267867191896,0.565123533917582,0.565123533917582,0.565123533917582,0.0,1,1,0,0,0,3
2075.png,0.4147178329571106,0.3984453589391861,0.3984453589391861,0.4275929549902152,0.6959006484229037,0.0,0.3891836923747669,0.2032396197689376,0.6959006484229037,L4,L5,-0.0162724740179245,-0.0162724740179245,0.0128751220331046,0.281182815465793,-0.4147178329571106,0.7666503318929033,0.2333496681070966,1.0,-1.0,1,1,1,0.118633662184401,0.75,0.0313517231277388,0.0,0.0192978148784679,0.0556801077146831,0.1182879639287998,0.2333496681070966,0.2333496681070966,0.2153462713332624,0.1806715027549847,0.118633662184401,0.0,0.0192978148784679,0.0364765859314776,0.0633782703073232,0.118633662184401,0.6959006484229037,-0.4147178329571106,0.4147178329571106,0.4147178329571106,1,1,0,1,0,4
2076.png,0.5238944429433486,0.5546676837989892,0.5546676837989892,0.0,0.6133758639021797,0.0675209014903671,0.3856877626556456,0.2510101549176526,0.6133758639021797,L4,L3,0.0307732408556405,0.0307732408556405,-0.5238944429433486,0.089481420958831,-0.4563735414529815,0.9322136048595582,0.0677863951404418,1.0,-1.0,1,1,1,0.0259449192782526,0.75,0.004476236844266,0.0,0.0207250161727005,0.0416660122815008,0.0616697484777916,0.0677863951404418,0.0677863951404418,0.0510177688250002,0.0338734793937618,0.0259449192782526,0.0,0.0207250161727005,0.022254651587012,0.0207196562027259,0.0259449192782526,0.6133758639021797,-0.45637354145298153,0.45637354145298153,0.45637354145298153,1,1,0,1,0,1
2082.png,0.7648506151142355,0.7423049391553329,0.7423049391553329,0.7423049391553329,0.7928546891102713,0.7713286713286713,0.7593247988365294,0.0190083666351363,0.0505497499549384,L4,H1,-0.0225456759589025,-0.0225456759589025,-0.0225456759589025,0.0280040739960358,0.0064780562144358,0.6836283185840708,0.3163716814159292,1.0,-1.0,1,1,1,0.0935968593475023,0.25,0.0044948218414702,0.0,0.0707614600209664,0.1614933413891196,0.248113909255127,0.3163716814159292,0.3163716814159292,0.2549442646530026,0.1651833049513221,0.0790524721112794,0.0,0.0707614600209664,0.0935968593475023,0.0899500107338915,0.0790524721112794,0.0505497499549384,0.006478056214435868,0.006478056214435868,0.0,0,0,0,0,0,5
2108.png,0.6666100110478457,0.6609253630530226,0.6609253630530226,0.652188495723629,0.6957958205996531,0.5366931918656057,0.6455230408904631,0.0505549866861352,0.1591026287340473,L4,L5,-0.005684647994823,-0.005684647994823,-0.0144215153242166,0.0291858095518073,-0.1299168191822399,0.7835622106705976,0.2164377893294023,1.0,-1.0,1,1,1,0.0697958277851753,0.75,0.0033423534814645,0.0,0.0485913002475539,0.1000438148094056,0.1593098015298213,0.2164377893294023,0.2164377893294023,0.1708938433217427,0.1257576960745388,0.0697958277851753,0.0,0.0485913002475539,0.0536759216895031,0.0633595923354912,0.0697958277851753,0.1591026287340473,-0.12991681918223996,0.12991681918223996,0.12991681918223996,0,0,0,0,0,4
2110.png,0.8932478310071671,0.8928301886792452,0.8928301886792452,0.8928301886792452,0.8949152542372881,0.8924122310305775,0.893177647052128,0.0008136592413463,0.0025030232067105,L4,L5,-0.0004176423279218,-0.0004176423279218,-0.0004176423279218,0.001667423230121,-0.0008355999765895,0.842099492942305,0.1579005070576949,1.0,-1.0,1,1,1,0.0588840163314683,0.0,0.008784501872787,0.0,0.0588840163314683,0.0975716921995372,0.1243175614194722,0.1579005070576949,0.1579005070576949,0.1083267664827948,0.0697935826691191,0.040848330968561,0.0,0.0588840163314683,0.03963721867652,0.0299521505802733,0.040848330968561,0.0025030232067105,-0.0008355999765895517,0.0008355999765895517,0.0008355999765895517,0,0,0,0,0,3
2118.png,0.8657187993680885,0.867277799920287,0.867277799920287,0.867277799920287,0.8640625,0.8681621408894136,0.8666294733363938,0.0013557735241387,0.0040996408894136,L5,L4,0.0015590005521984,0.0015590005521984,0.0015590005521984,-0.0016562993680885,0.002443341521325,0.8728281500949043,0.1271718499050956,1.0,-1.0,1,1,1,0.0474886229563458,0.0,0.0092982339624169,0.0,0.0474886229563458,0.0836486961556755,0.1061116255577069,0.1271718499050956,0.1271718499050956,0.0922023289369399,0.059321357285429,0.02706104468219,0.0,0.0474886229563458,0.0389955865460188,0.0386326575805769,0.02706104468219,0.0040996408894136,0.002443341521325082,0.002443341521325082,0.0,0,0,0,0,0,2
2127.png,0.3206521739130434,0.312397596941562,0.2814238042269188,0.2871396895787139,0.3101826533960407,0.3661167512690355,0.3129854448875523,0.0275501236711717,0.0846929470421167,L5,H2,-0.0082545769714814,-0.0392283696861246,-0.0335124843343295,-0.0104695205170027,0.045464577355992,0.8157156791026579,0.1842843208973421,1.0,-1.0,1,1,1,0.0667516008985147,0.25,0.0146971610480556,0.0,0.0642863583085384,0.129794067636501,0.1558318606412522,0.1842843208973421,0.1842843208973421,0.1371571072319202,0.0922961651113684,0.0621330055987983,0.0,0.0642863583085384,0.0667516008985147,0.0354790737199914,0.0621330055987983,0.0846929470421167,0.045464577355992075,0.045464577355992075,0.0,0,0,0,0,0,3
2136.png,0.4937988056959118,0.4898521865665926,0.507176261893243,0.5068994181213633,0.4668401687157857,0.4897231055611572,0.4923816577590089,0.0135245934784843,0.0403360931774573,H2,L4,-0.0039466191293191,0.0133774561973312,0.0131006124254515,-0.026958636980126,-0.0040757001347545,0.8804279343273994,0.1195720656726005,1.0,-1.0,1,1,1,0.0378402139272501,0.0,0.0046266832575868,0.0,0.0378402139272501,0.0704593352148781,0.0941919656547071,0.1195720656726005,0.1195720656726005,0.085583227382644,0.0554940353349776,0.0310566784381496,0.0,0.0378402139272501,0.0333756124250789,0.027559153486745,0.0310566784381496,0.0403360931774573,-0.004075700134754556,0.004075700134754556,0.004075700134754556,0,0,0,0,0,2
2137.png,0.6541678684741852,0.6611309949892628,0.6541678684741852,0.6877323420074349,0.7243228747653526,0.7365750528541226,0.6863495002607571,0.0333511204531744,0.0824071843799374,L5,H0,0.0069631265150775,0.0,0.0335644735332497,0.0701550062911674,0.0824071843799374,0.6143529540043978,0.3856470459956022,1.0,-1.0,1,1,1,0.1742753623188405,0.25,0.0267392179540892,0.0,0.0893299892511644,0.2551032233498336,0.3535699016673792,0.3856470459956022,0.3856470459956022,0.3109344894026975,0.1519825966577672,0.0561835014508774,0.0,0.0893299892511644,0.1742753623188405,0.1076730588773128,0.0561835014508774,0.0824071843799374,0.08240718437993744,0.08240718437993744,0.0,0,0,0,0,0,5
2148.png,0.9352239767966484,0.9352239767966484,0.9351821992905516,0.9351403678606002,0.9377007064868336,0.9355670103092784,0.9356730395900934,0.0009174832794566,0.0025603386262335,L4,L3,0.0,-4.177750609690722e-05,-8.360893604819619e-05,0.0024767296901853,0.0003430335126299,0.9384122463510146,0.0615877536489853,1.0,-1.0,1,1,1,0.0301441677588466,0.0,0.0070010407027271,0.0,0.0301441677588466,0.0461390193952535,0.0511036468330133,0.0615877536489853,0.0615877536489853,0.0409696969696969,0.0328511890169158,0.0189185890394238,0.0,0.0301441677588466,0.0160019694731659,0.014007685632825,0.0189185890394238,0.0025603386262335,0.0003430335126299866,0.0003430335126299866,0.0,0,0,0,0,0,1
2170.png,0.8026243849097867,0.8026243849097867,0.8051662544655125,0.8026243849097867,0.8028283927114496,0.8029516261273572,0.8031365713389467,0.0009161329240025,0.0025418695557257,H2,H0,0.0,0.0025418695557257,0.0,0.0002040078016628,0.0003272412175704,0.8575054805584401,0.1424945194415598,1.0,-1.0,1,1,1,0.0869463869463869,0.0,0.0252089251760457,0.0,0.0869463869463869,0.1211361737677527,0.131703844328429,0.1424945194415598,0.1424945194415598,0.0730968312081807,0.05,0.0317930235551551,0.0,0.0869463869463869,0.0352417136119481,0.0201844673172035,0.0317930235551551,0.0025418695557257,0.0003272412175704398,0.0003272412175704398,0.0,0,0,0,0,0,2
2176.png,0.5569886812319031,0.57805415209224,0.5569886812319031,0.5513685045616818,0.6358009408269374,0.5569886812319031,0.572698273529428,0.0294560830444254,0.0844324362652555,L4,L3,0.0210654708603368,0.0,-0.0056201766702213,0.0788122595950342,0.0,0.7929827556769677,0.2070172443230322,1.0,-1.0,1,1,1,0.0590564888153886,0.25,0.0034495985163571,0.0,0.0533420239271672,0.1105895406149316,0.163842294524235,0.2070172443230322,0.2070172443230322,0.1598650560452715,0.1033126339749397,0.0517791411042944,0.0,0.0533420239271672,0.0590564888153886,0.0566062985101257,0.0517791411042944,0.0844324362652555,0.0,0.0,0.0,0,0,0,0,0,4
2178.png,0.6960245430141889,0.6960245430141889,0.6960245430141889,0.695618901855749,0.7209460714506841,0.5934650753277245,0.6830172796127875,0.0410782954233553,0.1274809961229596,L4,L5,0.0,0.0,-0.0004056411584398,0.0249215284364952,-0.1025594676864644,0.794413977808953,0.205586022191047,1.0,-1.0,1,1,1,0.0691255570923621,0.25,0.0122883190227797,0.0,0.0570758921202918,0.1249762703284186,0.1877684659517587,0.205586022191047,0.205586022191047,0.1511473074660143,0.0946259596500624,0.0570400385367374,0.0,0.0570758921202918,0.0691255570923621,0.0658824191596544,0.0570400385367374,0.1274809961229596,-0.1025594676864644,0.1025594676864644,0.1025594676864644,0,0,0,0,0,4
2182.png,0.745520501264153,0.745520501264153,0.745520501264153,0.745520501264153,0.758485639686684,0.7503285151116952,0.7484826933091652,0.0048056272778959,0.0129651384225309,L4,H0,0.0,0.0,0.0,0.0129651384225309,0.0048080138475421,0.8386733819117017,0.1613266180882983,1.0,-1.0,1,1,1,0.0928576600931714,0.75,0.0132601131690234,0.0,0.0500079210012145,0.1046558500453491,0.1536267219310008,0.1613266180882983,0.1613266180882983,0.1209256163811115,0.1015808108512441,0.0928576600931714,0.0,0.0500079210012145,0.0584473088654924,0.0534103623866828,0.0928576600931714,0.0129651384225309,0.0048080138475421474,0.0048080138475421474,0.0,0,0,0,0,0,3
2188.png,0.927694406548431,0.9274028629856852,0.9274028629856852,0.927694406548431,0.9282700421940928,0.928042237928979,0.927751136531884,0.0003170248722293,0.0008671792084077,L4,H1,-0.0002915435627459,-0.0002915435627459,0.0,0.0005756356456617,0.0003478313805479,0.7622578330542932,0.2377421669457068,1.0,-1.0,1,1,1,0.080703802977628,0.0,0.0112662825616565,0.0,0.080703802977628,0.1410631127022529,0.1911777475469622,0.2377421669457068,0.2377421669457068,0.1828203199110267,0.124059559760504,0.0732169539706257,0.0,0.080703802977628,0.0723160920414277,0.0611373531241069,0.0732169539706257,0.0008671792084077,0.00034783138054794716,0.00034783138054794716,0.0,0,0,0,0,0,4
2208.png,0.6421867281409518,0.6286237920693102,0.5875021637528128,0.57911227154047,0.5788558511563207,0.7360550321519366,0.6253893064686337,0.0551994567019839,0.1571991809956159,L5,L4,-0.0135629360716416,-0.0546845643881389,-0.0630744566004818,-0.0633308769846311,0.0938683040109847,0.7986180529980182,0.2013819470019817,1.0,-1.0,1,1,1,0.0810663340868345,0.75,0.0170745975059335,0.0,0.0281144113068164,0.0647257278520554,0.123859793814433,0.2013819470019817,0.2013819470019817,0.1800601327189596,0.1467056565841177,0.0810663340868345,0.0,0.0281144113068164,0.0376510789090679,0.066856427579348,0.0810663340868345,0.1571991809956159,0.09386830401098478,0.09386830401098478,0.0,0,0,0,0,0,4
2211.png,0.6805853658536586,0.7208256542572797,0.6727938312952723,0.6727938312952723,0.7208256542572797,0.5519857206604195,0.6699683429365303,0.0566002345891079,0.1688399335968602,H1,L5,0.0402402884036211,-0.0077915345583863,-0.0077915345583863,0.0402402884036211,-0.128599645193239,0.7671379829253393,0.2328620170746607,1.0,-1.0,1,1,1,0.0834171759794573,0.5,0.0037649561821566,0.0,0.0535344149810592,0.1079050708553867,0.1802642667472292,0.2328620170746607,0.2328620170746607,0.1992142260272968,0.1451729055761872,0.0634282672344955,0.0,0.0535344149810592,0.0643582609861562,0.0834171759794573,0.0634282672344955,0.1688399335968602,-0.12859964519323908,0.12859964519323908,0.12859964519323908,0,0,0,0,0,4
2213.png,0.0020547305501074,0.0007928642220019,0.0013789933348655,0.0011237217664906,0.0143562135486765,0.0246913580246913,0.0073996469078055,0.009085247262565,0.0238984938026893,L5,H1,-0.0012618663281054,-0.0006757372152418,-0.0009310087836167,0.0123014829985691,0.0226366274745839,0.7290947225694371,0.2709052774305629,1.0,-1.0,1,1,1,0.0878910871266585,0.75,0.0132597926331035,0.0,0.044223251171431,0.1082443576949924,0.1875913441139032,0.2709052774305629,0.2709052774305629,0.2327735243269942,0.1688215304089684,0.0878910871266585,0.0,0.044223251171431,0.0665368872916042,0.0821790922603019,0.0878910871266585,0.0238984938026893,0.0226366274745839,0.0226366274745839,0.0,0,0,0,0,0,5
2214.png,0.772308173152055,0.772308173152055,0.772308173152055,0.7758402029169309,0.7719298245614035,0.7704764870756774,0.7725285056683627,0.0016166929873436,0.0053637158412535,L3,L5,0.0,0.0,0.0035320297648758,-0.0003783485906515,-0.0018316860763776,0.824616285238644,0.1753837147613559,1.0,-1.0,1,1,1,0.0767984386220103,0.75,0.0048632007793647,0.0,0.0515257628814407,0.1004282359441911,0.1276379949288082,0.1753837147613559,0.1753837147613559,0.1567451335445903,0.1114420821387347,0.0767984386220103,0.0,0.0515257628814407,0.0638844694651817,0.0393275173386856,0.0767984386220103,0.0053637158412535,-0.0018316860763776255,0.0018316860763776255,0.0018316860763776255,0,0,0,0,0,3
2221.png,0.6066892464013548,0.6060991105463787,0.604621581513674,0.6052129688493325,0.5974856168761986,0.6044736563129439,0.6040970300833138,0.0030578046881371,0.0092036295251561,H0,L4,-0.0005901358549761,-0.0020676648876808,-0.0014762775520222,-0.0092036295251561,-0.0022155900884108,0.8717103908405749,0.1282896091594251,1.0,-1.0,1,1,1,0.0444076077473389,0.75,0.0078474193810791,0.0,0.0209726443768997,0.0472459270752521,0.0849787453815898,0.1282896091594251,0.1282896091594251,0.111369584181448,0.083244805167212,0.0444076077473389,0.0,0.0209726443768997,0.0299546378851869,0.0385292552102526,0.0444076077473389,0.0092036295251561,-0.0022155900884108792,0.0022155900884108792,0.0022155900884108792,0,0,0,0,0,2
2226.png,0.5404296403572291,0.5404296403572291,0.5409047160731473,0.5409697990614848,0.5482880755608028,0.5397898804492212,0.5418019586431857,0.0029263805882145,0.0084981951115816,L4,L5,0.0,0.0004750757159182,0.0005401587042557,0.0078584352035737,-0.0006397599080079,0.6226230150950794,0.3773769849049205,1.0,-1.0,1,1,1,0.1262282690854119,0.75,0.0081938490790249,0.0,0.0844286376990877,0.1686639759908931,0.272003618272275,0.3773769849049205,0.3773769849049205,0.3054994265741904,0.2291196048311797,0.1262282690854119,0.0,0.0844286376990877,0.087584128350971,0.1118455193510501,0.1262282690854119,0.0084981951115816,-0.0006397599080079086,0.0006397599080079086,0.0006397599080079086,0,0,0,0,0,5
2227.png,0.7476194351753886,0.7311439188510596,0.7713370873357623,0.7706156923760836,0.7619603267211202,0.7556053811659192,0.7563803069375555,0.013974481307521,0.0401931684847027,H2,H1,-0.016475516324329,0.0237176521603736,0.0229962572006949,0.0143408915457315,0.0079859459905305,0.7530544903237314,0.2469455096762686,1.0,-1.0,1,1,1,0.1034428300694882,0.0,0.0264092368591896,0.0,0.1034428300694882,0.1773527677142135,0.2216688510266492,0.2469455096762686,0.2469455096762686,0.1525800262546702,0.0781730346947738,0.0276370336250575,0.0,0.1034428300694882,0.0764276920162894,0.0518201284796573,0.0276370336250575,0.0401931684847027,0.007985945990530596,0.007985945990530596,0.0,0,0,0,0,0,4
2237.png,0.6562287270251872,0.690765691751561,0.690765691751561,0.690765691751561,0.716624685138539,0.7062621045836023,0.6919020986670019,0.0186810053177679,0.0603959581133518,L4,H0,0.0345369647263738,0.0345369647263738,0.0345369647263738,0.0603959581133518,0.050033377558415,0.8719002201027146,0.1280997798972853,1.0,-1.0,1,1,1,0.0455596355229158,0.0,0.0106000336432635,0.0,0.0455596355229158,0.0831220061989292,0.1164681963404008,0.1280997798972853,0.1280997798972853,0.0830246913580247,0.0454618473895582,0.0151338766006985,0.0,0.0455596355229158,0.037705160431761,0.0336721728081321,0.0151338766006985,0.0603959581133518,0.05003337755841508,0.05003337755841508,0.0,0,0,0,0,0,2
2241.png,0.7936344440438791,0.7999792617171299,0.7999792617171299,0.776782858970259,0.7760165403170227,0.7616641203431661,0.7846760811847644,0.0142329891488682,0.0383151413739637,H1,L5,0.0063448176732507,0.0063448176732507,-0.01685158507362,-0.0176179037268563,-0.0319703237007129,0.8652964034241972,0.1347035965758027,1.0,-1.0,1,1,1,0.0667332032844894,0.5,0.0082203110218583,0.0,0.0233040840357378,0.0499802852520088,0.1143859243970382,0.1347035965758027,0.1347035965758027,0.1188545722206861,0.089448698315467,0.0362420945702395,0.0,0.0233040840357378,0.0321438243443118,0.0667332032844894,0.0362420945702395,0.0383151413739637,-0.031970323700712955,0.031970323700712955,0.031970323700712955,0,0,0,0,0,2
2244.png,0.7299794661190965,0.6927551560021152,0.6927551560021152,0.7267112712300566,0.7435246317927883,0.7325819672131147,0.7197179413932143,0.0197502354925872,0.050769475790673,L4,H1,-0.0372243101169812,-0.0372243101169812,-0.0032681948890398,0.0135451656736917,0.0026025010940182,0.6639822037000535,0.3360177962999465,1.0,-1.0,1,1,1,0.114006992494071,0.0,0.010747072898489,0.0,0.114006992494071,0.1740060072290383,0.2342776352306644,0.3360177962999465,0.3360177962999465,0.2328394123606889,0.1783509626614168,0.1138968729438654,0.0,0.114006992494071,0.0634386401561218,0.0730168453292495,0.1138968729438654,0.050769475790673,0.0026025010940182725,0.0026025010940182725,0.0,0,0,0,0,0,5
2245.png,0.8796706776440786,0.8796706776440786,0.8796706776440786,0.8796706776440786,0.9206255532605488,0.883706271667192,0.8871690892506758,0.0150345756848906,0.0409548756164702,L4,H0,0.0,0.0,0.0,0.0409548756164702,0.0040355940231133,0.6249787306448868,0.3750212693551131,1.0,-1.0,1,1,1,0.1184867326385847,0.5,0.0030726348109234,0.0,0.0920526014865638,0.1813963526491853,0.2888121281903665,0.3750212693551131,0.3750212693551131,0.2946275247362826,0.2138655791702611,0.1005321443981015,0.0,0.0920526014865638,0.0899199343050708,0.1184867326385847,0.1005321443981015,0.0409548756164702,0.004035594023113376,0.004035594023113376,0.0,0,0,0,0,0,5
2246.png,0.8458820331611852,0.8458820331611852,0.8458820331611852,0.8458820331611852,0.8451928299837045,0.8458820331611852,0.8457671659649385,0.0002568508591926,0.0006892031774806,H0,L4,0.0,0.0,0.0,-0.0006892031774806,0.0,0.8809829451677975,0.1190170548322024,1.0,-1.0,1,1,1,0.04666787724714,0.75,0.005248306305833,0.0,0.0345238095238095,0.0718574472206081,0.0983858570330514,0.1190170548322024,0.1190170548322024,0.1061201572150477,0.0669593852908891,0.04666787724714,0.0,0.0345238095238095,0.0413615673857115,0.0270270270270269,0.04666787724714,0.0006892031774806,0.0,0.0,0.0,0,0,0,0,0,2
2248.png,0.9275152218034212,0.9275152218034212,0.9287180991493108,0.9305615706655118,0.9287180991493108,0.9287180991493108,0.9286243852867144,0.0010197647867111,0.0030463488620905,L3,H0,0.0,0.0012028773458894,0.0030463488620905,0.0012028773458894,0.0012028773458894,0.7959104438980199,0.2040895561019801,1.0,-1.0,1,1,1,0.068825910931174,0.75,0.0023934107158883,0.0,0.0519433345441336,0.1002641841741099,0.1438016528925619,0.2040895561019801,0.2040895561019801,0.1668946648426812,0.1225714285714285,0.068825910931174,0.0,0.0519433345441336,0.0515135422198619,0.0535163911459792,0.068825910931174,0.0030463488620905,0.0012028773458896413,0.0012028773458896413,0.0,0,0,0,0,0,4
2259.png,0.7208262679204563,0.7208262679204563,0.7208262679204563,0.7194444444444444,0.720431765612953,0.739480480024305,0.7236392489738454,0.0071012618944863,0.0200360355798605,L5,L3,0.0,0.0,-0.0013818234760119,-0.0003945023075033,0.0186542121038486,0.7899518973810796,0.2100481026189203,1.0,-1.0,1,1,1,0.0691035683202785,0.25,0.011285180827618,0.0,0.0634573304157549,0.129167928400794,0.1788727992499218,0.2100481026189203,0.2100481026189203,0.157083621285418,0.0944243657672199,0.0613236627379872,0.0,0.0634573304157549,0.0691035683202785,0.0540204678362573,0.0613236627379872,0.0200360355798605,0.018654212103848655,0.018654212103848655,0.0,0,0,0,0,0,4
2272.png,0.7691850089232599,0.7644151565074135,0.7326514555468135,0.744874364112841,0.8030385241454151,0.7796708897626329,0.765639233166396,0.0228365149889506,0.0703870685986015,L4,H2,-0.0047698524158463,-0.0365335533764463,-0.0243106448104188,0.0338535152221551,0.0104858808393729,0.8748763600395648,0.1251236399604351,1.0,-1.0,1,1,1,0.0357200451540073,0.5,0.0006447393607871,0.0,0.0307021447005428,0.0602346805736636,0.0941605220781421,0.1251236399604351,0.1251236399604351,0.0963343226116948,0.0652532391048291,0.0315450149666129,0.0,0.0307021447005428,0.03125,0.0357200451540073,0.0315450149666129,0.0703870685986015,0.010485880839372963,0.010485880839372963,0.0,0,0,0,0,0,2
2277.png,0.5910455910455911,0.6055407115736183,0.6055407115736183,0.5884615384615385,0.4742945100051308,0.5383384615384615,0.5672035873663265,0.047302402959304,0.1312462015684874,H1,L4,0.0144951205280272,0.0144951205280272,-0.0025840525840525,-0.1167510810404602,-0.0527071295071295,0.880551888600264,0.1194481113997359,1.0,-1.0,1,1,1,0.0514780610666784,0.0,0.0137275511771514,0.0,0.0514780610666784,0.0947167582791986,0.1016151036394842,0.1194481113997359,0.1194481113997359,0.0756376429199647,0.0693427357381791,0.0366152768044849,0.0,0.0514780610666784,0.0441937000470146,0.0332365883344256,0.0366152768044849,0.1312462015684874,-0.052707129507129524,0.052707129507129524,0.052707129507129524,0,0,0,0,0,2
2278.png,0.5643620011242271,0.5643620011242271,0.5643620011242271,0.5643620011242271,0.0762229394060267,0.5643620011242271,0.4830054908378603,0.1819186874124768,0.4881390617182003,H0,L4,0.0,0.0,0.0,-0.4881390617182003,0.0,0.7545172290935003,0.2454827709064997,1.0,-1.0,1,1,1,0.0788404523992533,0.5,0.0043124335949485,0.0,0.0523955323644831,0.1120400569617345,0.1859977573009604,0.2454827709064997,0.2454827709064997,0.2050079914757592,0.1478962536023055,0.0725826497638578,0.0,0.0523955323644831,0.0695002871912694,0.0788404523992533,0.0725826497638578,0.4881390617182003,0.0,0.0,0.0,1,0,0,0,0,4
2293.png,0.5756271337390529,0.5683833826046367,0.5683833826046367,0.4916926272066459,0.3864268107200923,0.5587044534412956,0.5248696317193934,0.0680381516982911,0.1892003230189606,H0,L4,-0.0072437511344162,-0.0072437511344162,-0.083934506532407,-0.1892003230189606,-0.0169226802977573,0.9358660130718954,0.0641339869281045,1.0,-1.0,1,1,1,0.0200543137664508,0.0,0.0024069339004359,0.0,0.0200543137664508,0.0368555491841734,0.0513257869437121,0.0641339869281045,0.0641339869281045,0.0471601394299774,0.0349485749373177,0.0168975490942304,0.0,0.0200543137664508,0.0173234940074318,0.0181290790427846,0.0168975490942304,0.1892003230189606,-0.016922680297757342,0.016922680297757342,0.016922680297757342,0,0,0,0,0,1
2326.png,0.6545359340227779,0.6679139382600561,0.6679139382600561,0.6457142857142857,0.720671199189932,0.7732773922865903,0.6883377812889497,0.0448214632576419,0.1275631065723046,L5,L3,0.0133780042372781,0.0133780042372781,-0.0088216483084921,0.0661352651671541,0.1187414582638124,0.9432628841922794,0.0567371158077205,1.0,-1.0,1,1,1,0.0325955734406439,0.0,0.0052449481496358,0.0,0.0325955734406439,0.0356975420266559,0.0430372989924601,0.0567371158077205,0.0567371158077205,0.0441672982842968,0.0328883996146965,0.0160383824537354,0.0,0.0325955734406439,0.0140533056420907,0.0173529816829637,0.0160383824537354,0.1275631065723046,0.11874145826381244,0.11874145826381244,0.0,0,0,0,0,0,1
2344.png,0.8890968266883645,0.8907638379391865,0.8975044196850718,0.9024117817399578,0.7981440934209154,0.7635020465209145,0.8569038343324017,0.0548921222758451,0.1389097352190433,L3,L5,0.0016670112508219,0.0084075929967072,0.0133149550515933,-0.0909527332674491,-0.12559478016745,0.8011303622718429,0.1988696377281571,1.0,-1.0,1,1,1,0.0714814814814814,0.0,0.0123674390388005,0.0,0.0714814814814814,0.1258559830568302,0.1628041872479267,0.1988696377281571,0.1988696377281571,0.1372100489605907,0.0896254458977408,0.0454680013595447,0.0,0.0714814814814814,0.0559669528468904,0.0457881714753045,0.0454680013595447,0.1389097352190433,-0.12559478016745007,0.12559478016745007,0.12559478016745007,0,0,0,0,0,3
2353.png,0.7714317648373756,0.7634062140391255,0.7634062140391255,0.7660710141564168,0.7567258156840297,0.5106185293336872,0.7219432586816267,0.0946068107875358,0.2608132355036884,H0,L5,-0.0080255507982501,-0.0080255507982501,-0.0053607506809588,-0.0147059491533458,-0.2608132355036884,0.8068780123117056,0.1931219876882943,1.0,-1.0,1,1,1,0.0898984268549486,0.0,0.016894227944842,0.0,0.0898984268549486,0.1299254862338974,0.1543302081678055,0.1931219876882943,0.1931219876882943,0.1408482181230552,0.111805933706898,0.0547642218879943,0.0,0.0898984268549486,0.0476417829007945,0.0596925884334643,0.0547642218879943,0.2608132355036884,-0.2608132355036884,0.2608132355036884,0.2608132355036884,1,0,0,1,0,3
2364.png,0.8850574712643678,0.8863157894736842,0.8848996832101372,0.8783126014061655,0.88,0.8865248226950354,0.8835183946748985,0.0031785774205743,0.0082122212888698,L5,L3,0.0012583182093163,-0.0001577880542306,-0.0067448698582023,-0.0050574712643678,0.0014673514306675,0.4384512992650037,0.5615487007349962,1.0,-1.0,1,1,1,0.2740607551812245,0.0,0.0742132072740649,0.0,0.2740607551812245,0.4276155071694105,0.5117128251221841,0.5615487007349962,0.5615487007349962,0.340560228948053,0.1826162349626097,0.0766040497682362,0.0,0.2740607551812245,0.1761198593487234,0.1092419735357472,0.0766040497682362,0.0082122212888698,0.0014673514306675628,0.0014673514306675628,0.0,0,0,0,0,0,5
2384.png,0.6596417281348789,0.6596417281348789,0.6596417281348789,0.6596417281348789,0.6938775510204082,0.692228889214108,0.6707788921290052,0.0157575172793842,0.0342358228855292,L4,H0,0.0,0.0,0.0,0.0342358228855292,0.0325871610792291,0.8966964976245718,0.1033035023754281,1.0,-1.0,1,1,1,0.0324149108589951,0.75,0.0018341671887409,0.0,0.028486394557823,0.0490174908227164,0.0736015701668302,0.1033035023754281,0.1033035023754281,0.0787605633802817,0.0587696185130026,0.0324149108589951,0.0,0.028486394557823,0.0204710543693594,0.0272347157870945,0.0324149108589951,0.0342358228855292,0.0325871610792291,0.0325871610792291,0.0,0,0,0,0,0,1
2386.png,0.5876321186306989,0.5876321186306989,0.5876321186306989,0.5669467787114846,0.6615338615637614,0.612905724688202,0.6007137868092574,0.0302801524799779,0.0945870828522768,L4,L3,0.0,0.0,-0.0206853399192142,0.0739017429330625,0.0252736060575031,0.8631021869406179,0.1368978130593821,1.0,-1.0,1,1,1,0.0470568455661205,0.0,0.0087034149371676,0.0,0.0470568455661205,0.0825997091020439,0.119207239606747,0.1368978130593821,0.1368978130593821,0.1043077107423162,0.0774275525679386,0.0366208992768053,0.0,0.0470568455661205,0.0405859137230262,0.0466835526451268,0.0366208992768053,0.0945870828522768,0.025273606057503173,0.025273606057503173,0.0,0,0,0,0,0,2
2388.png,0.5748972903106679,0.5815107517000552,0.5757519837608415,0.5684874339237689,0.7522455391307851,0.7498889023552701,0.6337969835302315,0.0830110204618659,0.1837581052070162,L4,L3,0.0066134613893872,0.0008546934501735,-0.006409856386899,0.1773482488201171,0.1749916120446021,0.7982298490733762,0.2017701509266237,1.0,-1.0,1,1,1,0.0700773943269766,0.25,0.0055027250992898,0.0,0.0431877154942593,0.1065690725470211,0.1659024193703113,0.2017701509266237,0.2017701509266237,0.170320742984374,0.1047274562584118,0.0523321956769056,0.0,0.0431877154942593,0.0700773943269766,0.0622626549263447,0.0523321956769056,0.1837581052070162,0.17499161204460212,0.17499161204460212,0.0,0,0,0,0,0,4
2389.png,0.8337713534822602,0.6718209093007155,0.5935113337813894,0.5935113337813894,0.798356346944064,0.677391554151106,0.6947271385734876,0.0925444061278114,0.2402600197008707,H0,H2,-0.1619504441815447,-0.2402600197008707,-0.2402600197008707,-0.0354150065381961,-0.1563797993311542,0.7872302590977082,0.2127697409022918,1.0,-1.0,1,1,1,0.0603184043185872,0.75,0.0021229771437886,0.0,0.0554169870412392,0.1044127682888147,0.153159073935773,0.2127697409022918,0.2127697409022918,0.1593580832185528,0.1082262493135639,0.0603184043185872,0.0,0.0554169870412392,0.0510602869876095,0.0496067755595885,0.0603184043185872,0.2402600197008707,-0.1563797993311542,0.1563797993311542,0.1563797993311542,1,0,0,0,0,4
2392.png,0.492336041544518,0.492336041544518,0.492336041544518,0.492336041544518,0.4715971809459115,0.7744043567052417,0.5358909506382042,0.106934913319257,0.3028071757593301,L5,L4,0.0,0.0,0.0,-0.0207388605986064,0.2820683151607236,0.8162681227640746,0.1837318772359254,1.0,-1.0,1,1,1,0.0601219418075171,0.25,0.0044617955876373,0.0,0.048535987307082,0.1035280077571417,0.145842798727851,0.1837318772359254,0.1837318772359254,0.1480023387253947,0.0930185552007114,0.0467228272036162,0.0,0.048535987307082,0.0601219418075171,0.0480605025616004,0.0467228272036162,0.3028071757593301,0.28206831516072367,0.28206831516072367,0.0,1,0,0,0,0,3
2395.png,0.636604348872663,0.6195732155997057,0.6104404567699837,0.6209978872094913,0.3921476153982196,0.0,0.4799605873083439,0.2305857590711941,0.636604348872663,H0,L5,-0.0170311332729573,-0.0261638921026793,-0.0156064616631717,-0.2444567334744434,-0.636604348872663,0.7616269189372911,0.2383730810627089,1.0,-1.0,1,1,1,0.1033865747440991,0.0,0.0267474442902235,0.0,0.1033865747440991,0.1807167955024595,0.2071934727986223,0.2383730810627089,0.2383730810627089,0.1801953734050339,0.1293492879064794,0.0669440110937771,0.0,0.1033865747440991,0.0817137809187279,0.0629250532389915,0.0669440110937771,0.636604348872663,-0.636604348872663,0.636604348872663,0.636604348872663,1,1,0,1,1,4
2399.png,0.2925770308123249,0.2925770308123249,0.2925770308123249,0.3149965445749827,0.5124763589774877,0.249174206520178,0.3257297004182705,0.0857783551460516,0.2633021524573096,L4,L5,0.0,0.0,0.0224195137626577,0.2198993281651627,-0.0434028242921468,0.774096301465457,0.2259036985345429,1.0,-1.0,1,1,1,0.0767452200978212,0.25,0.0121960294146627,0.0,0.0690684508492022,0.1432497045972905,0.1875175394286355,0.2259036985345429,0.2259036985345429,0.169586059272212,0.1117915309446254,0.0651571318839128,0.0,0.0690684508492022,0.0767452200978212,0.0533940804352813,0.0651571318839128,0.2633021524573096,-0.043402824292146897,0.043402824292146897,0.043402824292146897,1,0,0,0,0,4
2400.png,0.8500784929356358,0.8584366062917064,0.866255651459104,0.8589866156787763,0.8552248034625917,0.8153414077584694,0.8507205962643806,0.0165408030141126,0.0509142437006345,H2,L5,0.0083581133560706,0.0161771585234682,0.0089081227431405,0.0051463105269559,-0.0347370851771663,0.8124844918648754,0.1875155081351246,1.0,-1.0,1,1,1,0.0591674508940192,0.75,0.0032668909446248,0.0,0.0404306745770159,0.0948515731761528,0.1318441979435749,0.1875155081351246,0.1875155081351246,0.1499963254207393,0.0978600999008765,0.0591674508940192,0.0,0.0404306745770159,0.0558534633913827,0.0423532013712263,0.0591674508940192,0.0509142437006345,-0.03473708517716634,0.03473708517716634,0.03473708517716634,0,0,0,0,0,3
2401.png,0.3694312796208531,0.3694312796208531,0.3694312796208531,0.3694312796208531,0.7483940042826552,0.4302558398220245,0.4427291604313487,0.1384900103610997,0.3789627246618021,L4,H0,0.0,0.0,0.0,0.3789627246618021,0.0608245602011713,0.8671038725237799,0.1328961274762201,1.0,-1.0,1,1,1,0.0477952942158649,0.0,0.0106304325864982,0.0,0.0477952942158649,0.0907868567746995,0.113914203156257,0.1328961274762201,0.1328961274762201,0.1062114811993629,0.0713469205676526,0.0397400442477876,0.0,0.0477952942158649,0.0465466110800705,0.0396189713370329,0.0397400442477876,0.3789627246618021,0.060824560201171385,0.060824560201171385,0.0,1,0,0,0,0,2
2406.png,0.9103151862464184,0.9101847872797594,0.9101847872797594,0.9103389103389103,0.9103389103389103,0.9111460867076836,0.9104181113652402,0.0003321564747134,0.0009612994279241,L5,H1,-0.000130398966659,-0.000130398966659,2.372409249196128e-05,2.372409249196128e-05,0.0008309004612651,0.7294152197055909,0.2705847802944091,1.0,-1.0,1,1,1,0.0861107768820438,0.5,0.0042866951407032,0.0,0.0659928007853688,0.1393040416526201,0.218707015130674,0.2705847802944091,0.2705847802944091,0.2232915547597732,0.156526421044535,0.079012442595282,0.0,0.0659928007853688,0.0801096558026195,0.0861107768820438,0.079012442595282,0.0009612994279241,0.000830900461265216,0.000830900461265216,0.0,0,0,0,0,0,5
2423.png,0.7005190068733342,0.7005190068733342,0.6367082500516921,0.641087356647317,0.6367082500516921,0.5330502891442793,0.6414320266069414,0.0559373018308542,0.1674687177290549,H0,L5,0.0,-0.0638107568216421,-0.0594316502260172,-0.0638107568216421,-0.1674687177290549,0.741958639548795,0.2580413604512049,1.0,-1.0,1,1,1,0.1216551919937539,0.0,0.0296765969603199,0.0,0.1216551919937539,0.1919988211891254,0.2217910122955279,0.2580413604512049,0.2580413604512049,0.1590801067602647,0.1051331737528021,0.0676039485492072,0.0,0.1216551919937539,0.0764598684731796,0.048427034706718,0.0676039485492072,0.1674687177290549,-0.16746871772905492,0.16746871772905492,0.16746871772905492,0,0,0,0,0,4
2424.png,0.7984201008851242,0.7984201008851242,0.7984201008851242,0.8019058619693907,0.6811217563321826,0.8168090834601428,0.7825161674028481,0.045810472318182,0.1356873271279601,L5,L4,0.0,0.0,0.0034857610842665,-0.1172983445529415,0.0183889825750186,0.7727789934354485,0.2272210065645514,1.0,-1.0,1,1,1,0.0678511535149345,0.25,0.0068235691838313,0.0,0.0659914669643925,0.1322648671446646,0.1766930216569268,0.2272210065645514,0.2272210065645514,0.1701174362118568,0.1073913481899767,0.0567127242730459,0.0,0.0659914669643925,0.0678511535149345,0.050849131121643,0.0567127242730459,0.1356873271279601,0.018388982575018642,0.018388982575018642,0.0,0,0,0,0,0,4
2430.png,0.8201965696666025,0.8194886637723107,0.8242730720606827,0.8242730720606827,0.8183748311136846,0.8194324194324194,0.8210064380177303,0.0023700988288709,0.005898240946998,H2,L4,-0.0007079058942918,0.0040765023940801,0.0040765023940801,-0.0018217385529178,-0.000764150234183,0.6074299826598707,0.3925700173401293,1.0,-1.0,1,1,1,0.1394773631573287,0.0,0.0237839722662109,0.0,0.1394773631573287,0.2466329768480432,0.3216645473358765,0.3925700173401293,0.3925700173401293,0.2677197758713476,0.1632114041752596,0.0834490694813697,0.0,0.1394773631573287,0.113107119095143,0.083142433634281,0.0834490694813697,0.005898240946998,-0.0007641502341830808,0.0007641502341830808,0.0007641502341830808,0,0,0,0,0,5
2442.png,0.8473646209386282,0.8486550399054094,0.8486550399054094,0.8489568028210402,0.8390618085263313,0.8362042913266848,0.8448162672372505,0.0051702742809803,0.0127525114943554,L3,L5,0.0012904189667811,0.0012904189667811,0.001592181882412,-0.0083028124122969,-0.0111603296119433,0.8155387973804327,0.1844612026195673,1.0,-1.0,1,1,1,0.0604790130596115,0.0,0.0099524051906316,0.0,0.0604790130596115,0.1165208697825543,0.1494539470403431,0.1844612026195673,0.1844612026195673,0.1343883705345636,0.0882967887203131,0.0412277418319876,0.0,0.0604790130596115,0.0559019118869492,0.0483018867924528,0.0412277418319876,0.0127525114943554,-0.011160329611943354,0.011160329611943354,0.011160329611943354,0,0,0,0,0,3
2459.png,0.6716689891735449,0.6256239600665557,0.6115591397849462,0.6983260744083539,0.6096508434680267,0.7039398056223221,0.6534614687539583,0.0394599207725233,0.0942889621542953,L5,L4,-0.0460450291069891,-0.0601098493885986,0.026657085234809,-0.0620181457055182,0.0322708164487771,0.8449674158624022,0.1550325841375978,1.0,-1.0,1,1,1,0.0588109409483046,0.5,0.0068251713262415,0.0,0.0536217108457132,0.0896904643035446,0.1091863185180501,0.1550325841375978,0.1550325841375978,0.1474041571058599,0.1116801151541154,0.0565884070995281,0.0,0.0536217108457132,0.0555128599241725,0.0588109409483046,0.0565884070995281,0.0942889621542953,0.03227081644877716,0.03227081644877716,0.0,0,0,0,0,0,2
2472.png,0.6175038263531376,0.6175038263531376,0.6168198273461432,0.61602787456446,0.6195697432338654,0.6185051403167546,0.617655039694583,0.0011386935268173,0.0035418686694054,L4,L3,0.0,-0.0006839990069944,-0.0014759517886776,0.0020659168807277,0.001001313963617,0.8670904362900895,0.1329095637099104,1.0,-1.0,1,1,1,0.0476581758422349,0.0,0.0092699466276753,0.0,0.0476581758422349,0.0872959545777146,0.1107599482832926,0.1329095637099104,0.1329095637099104,0.0949193793732887,0.0539813202469526,0.0267928766244184,0.0,0.0476581758422349,0.0422577273406002,0.027375707992448,0.0267928766244184,0.0035418686694054,0.0010013139636170232,0.0010013139636170232,0.0,0,0,0,0,0,2
2474.png,0.5411057003723861,0.5374550682961898,0.5300681060715838,0.5302042590178183,0.5302042590178183,0.5505107832009081,0.5365913626627841,0.0075168539850166,0.0204426771293242,L5,H2,-0.0036506320761963,-0.0110375943008023,-0.0109014413545678,-0.0109014413545678,0.0094050828285219,0.8508165829145728,0.1491834170854271,1.0,-1.0,1,1,1,0.0468799493189736,0.25,0.0021337220075285,0.0,0.0292096219931271,0.0742676167854314,0.1096292768119393,0.1491834170854271,0.1491834170854271,0.1236060939217842,0.0781847133757961,0.0430270615470583,0.0,0.0292096219931271,0.0468799493189736,0.0356654053618871,0.0430270615470583,0.0204426771293242,0.009405082828521927,0.009405082828521927,0.0,0,0,0,0,0,2
2486.png,0.8484082870136432,0.8170146543898327,0.848989898989899,0.8468058191018343,0.8799121308274347,0.8726287262872628,0.8522932527683178,0.0203184253219378,0.062897476437602,L4,H1,-0.0313936326238105,0.0005816119762557,-0.0016024679118089,0.0315038438137914,0.0242204392736196,0.8079867128827267,0.1920132871172732,1.0,-1.0,1,1,1,0.0775345278706984,0.75,0.0098756429089542,0.0,0.0454661124777334,0.0747706231577199,0.1184049804956853,0.1920132871172732,0.1920132871172732,0.1495491687799379,0.124874571814124,0.0775345278706984,0.0,0.0454661124777334,0.0309486341443732,0.0486006620523623,0.0775345278706984,0.062897476437602,0.02422043927361961,0.02422043927361961,0.0,0,0,0,0,0,3
2489.png,0.6894495901203024,0.6101395383086042,0.6621746454382438,0.6621746454382438,0.6239030659078392,0.6022559716897671,0.6416829094838334,0.0315886814918974,0.0871936184305353,H0,L5,-0.0793100518116981,-0.0272749446820586,-0.0272749446820586,-0.0655465242124632,-0.0871936184305353,0.6757665242523248,0.3242334757476752,1.0,-1.0,1,1,1,0.1180395134323053,0.25,0.0212946188909267,0.0,0.098651414178517,0.2125322904189456,0.2816396034786839,0.3242334757476752,0.3242334757476752,0.238014002914312,0.1257220454407264,0.051508140905321,0.0,0.098651414178517,0.1180395134323053,0.0768752308200673,0.051508140905321,0.0871936184305353,-0.0871936184305353,0.0871936184305353,0.0871936184305353,0,0,0,0,0,5
2503.png,0.4834992887624466,0.4834992887624466,0.4834992887624466,0.4834992887624466,0.5457661546273962,0.4721520867369672,0.4919858994023583,0.0244055533896484,0.073614067890429,L4,L5,0.0,0.0,0.0,0.0622668658649495,-0.0113472020254794,0.957933907697286,0.042066092302714,1.0,-1.0,1,1,1,0.0197089329571518,0.0,0.0035061400164987,0.0,0.0197089329571518,0.0257652855181326,0.0351556200612804,0.042066092302714,0.042066092302714,0.0366168127900979,0.0242551095789214,0.0137250081940347,0.0,0.0197089329571518,0.014808559718246,0.0138258272998732,0.0137250081940347,0.073614067890429,-0.011347202025479397,0.011347202025479397,0.011347202025479397,0,0,0,0,0,1
2504.png,0.4881455753548777,0.5183163224938682,0.5029162454312155,0.4967833891906468,0.4353823490022767,0.6217477263740608,0.5105486013078243,0.0560136559038483,0.1863653773717841,L5,L4,0.0301707471389904,0.0147706700763378,0.0086378138357691,-0.052763226352601,0.1336021510191831,0.7906209094530761,0.2093790905469239,1.0,-1.0,1,1,1,0.0805556769035865,0.75,0.0175066804133009,0.0,0.0249951559775237,0.0700779018875576,0.1314621758887998,0.2093790905469239,0.2093790905469239,0.188472644818698,0.1426992056342642,0.0805556769035865,0.0,0.0249951559775237,0.0478618052804712,0.0628182061784634,0.0805556769035865,0.1863653773717841,0.13360215101918316,0.13360215101918316,0.0,0,0,0,0,0,4
2511.png,0.4576523031203566,0.5744404332129964,0.5744404332129964,0.4672570496387788,0.4022489642927599,0.6101226993865031,0.5143603138107319,0.0757112350192017,0.2078737350937431,L5,L4,0.1167881300926398,0.1167881300926398,0.0096047465184222,-0.0554033388275966,0.1524703962661465,0.8481400060347428,0.1518599939652571,1.0,-1.0,1,1,1,0.0471070250824422,0.0,0.0071999106930051,0.0,0.0471070250824422,0.0918172774000994,0.1248652419303697,0.1518599939652571,0.1518599939652571,0.1088785576595986,0.0653777063439539,0.0301448014117533,0.0,0.0471070250824422,0.0455544672978561,0.0354258740773306,0.0301448014117533,0.2078737350937431,0.1524703962661465,0.1524703962661465,0.0,1,0,0,0,0,2
2520.png,0.8881209503239741,0.8934549356223176,0.8934549356223176,0.9022667369530838,0.8935165306998711,0.9051484837374956,0.8959937621598432,0.0058333561267011,0.0170275334135213,L5,H0,0.0053339852983435,0.0053339852983435,0.0141457866291097,0.005395580375897,0.0170275334135213,0.841240257539817,0.1587597424601829,1.0,-1.0,1,1,1,0.0635344677391254,0.5,0.004155921859532,0.0,0.0525696958445496,0.0778905158272069,0.1254803005104089,0.1587597424601829,0.1587597424601829,0.1325013817377898,0.0982387923147301,0.0420231777320481,0.0,0.0525696958445496,0.0358498259260421,0.0635344677391254,0.0420231777320481,0.0170275334135213,0.01702753341352148,0.01702753341352148,0.0,0,0,0,0,0,3
2522.png,0.9124532756246312,0.912487708947886,0.912487708947886,0.9124532756246312,0.9129070223617104,0.9121289561627678,0.9124863246115854,0.0002261589076372,0.0007780661989427,L4,L5,3.443332325481219e-05,3.443332325481219e-05,0.0,0.0004537467370794,-0.0003243194618632,0.7959365198258509,0.2040634801741491,1.0,-1.0,1,1,1,0.0635360413242545,0.5,0.004240358602879,0.0,0.0436057163796262,0.0904043675395577,0.1508833433276443,0.2040634801741491,0.2040634801741491,0.1658410002359046,0.1203699289698241,0.0612109115103126,0.0,0.0436057163796262,0.0474636329727713,0.0635360413242545,0.0612109115103126,0.0007780661989427,-0.0003243194618633982,0.0003243194618633982,0.0003243194618633982,0,0,0,0,0,4
2523.png,0.911460895228726,0.911460895228726,0.912039312039312,0.9117719341361514,0.913378248315688,0.9129261712043168,0.91217290935882,0.0007317562236048,0.0019173530869621,L4,H0,0.0,0.000578416810586,0.0003110389074254,0.0019173530869621,0.0014652759755908,0.8192188468691879,0.1807811531308121,1.0,-1.0,1,1,1,0.0696965849942872,0.5,0.0033792054827637,0.0,0.043766488534127,0.0844,0.1450625159479459,0.1807811531308121,0.1807811531308121,0.1510224501281971,0.1073543928923987,0.0496327884387586,0.0,0.043766488534127,0.0459592221250252,0.0696965849942872,0.0496327884387586,0.0019173530869621,0.001465275975590874,0.001465275975590874,0.0,0,0,0,0,0,3
2532.png,0.7318780889621087,0.6790859126410183,0.6208166217371294,0.6642535172790602,0.7699165764503598,0.6956200332655701,0.6935951250558743,0.0477193309166717,0.1490999547132304,L4,H2,-0.0527921763210904,-0.1110614672249793,-0.0676245716830484,0.0380384874882511,-0.0362580556965386,0.8255000998772936,0.1744999001227064,1.0,-1.0,1,1,1,0.0695249130938586,0.0,0.0171173950812337,0.0,0.0695249130938586,0.1182641738029022,0.1595477386934674,0.1744999001227064,0.1744999001227064,0.1145264327377094,0.0730454013269156,0.0339840434561194,0.0,0.0695249130938586,0.0491433322445585,0.0452666861921963,0.0339840434561194,0.1490999547132304,-0.036258055696538616,0.036258055696538616,0.036258055696538616,0,0,0,0,0,3
2533.png,0.750116604477612,0.7834419317746263,0.7857771906649054,0.7519608388496412,0.7651451409339504,0.7637927183381729,0.7667057375064847,0.0138284310844372,0.0356605861872934,H2,H0,0.0333253272970143,0.0356605861872934,0.0018442343720291,0.0150285364563383,0.0136761138605608,0.7931626782289669,0.2068373217710331,1.0,-1.0,1,1,1,0.0777096114519427,0.0,0.0117540271492108,0.0,0.0777096114519427,0.1259164254640622,0.165400081486599,0.2068373217710331,0.2068373217710331,0.1489535777985043,0.0957059934261137,0.0768543342269884,0.0,0.0777096114519427,0.0750276149205539,0.0425095935322826,0.0768543342269884,0.0356605861872934,0.01367611386056089,0.01367611386056089,0.0,0,0,0,0,0,4
2537.png,0.610088548403144,0.6106276236305929,0.7254495732162095,0.6037214247740563,0.6296938832615143,0.501104797979798,0.6134476418775525,0.065247123651491,0.2243447752364115,H2,L5,0.0005390752274488,0.1153610248130655,-0.0063671236290876,0.0196053348583703,-0.1089837504233459,0.7326918304888472,0.2673081695111527,1.0,-1.0,1,1,1,0.0906923226217872,0.5,0.004664149818423,0.0,0.0612780391027487,0.1290242231770346,0.2136230113718988,0.2673081695111527,0.2673081695111527,0.2146901795825918,0.1517403103838959,0.0631060719081008,0.0,0.0612780391027487,0.0682252922422954,0.0906923226217872,0.0631060719081008,0.2243447752364115,-0.10898375042334596,0.10898375042334596,0.10898375042334596,1,0,0,0,0,5
2542.png,0.9125313767136513,0.9123213595983004,0.9123213595983004,0.9121112613482713,0.2970353477765108,0.912826420890937,0.8098578543209952,0.2293413032275485,0.6157910731144263,L5,L4,-0.0002100171153507,-0.0002100171153507,-0.00042011536538,-0.6154960289371405,0.0002950441772857,0.844600029792939,0.1553999702070609,1.0,-1.0,1,1,1,0.0506277723479438,0.0,0.0054145731309659,0.0,0.0506277723479438,0.0886278294702236,0.1209172191472538,0.1553999702070609,0.1553999702070609,0.1099023255124576,0.0782014121144556,0.0430404028293969,0.0,0.0506277723479438,0.0391297824456113,0.0395848821860443,0.0430404028293969,0.6157910731144263,0.0002950441772857637,0.0002950441772857637,0.0,1,1,0,0,0,2
2545.png,0.8883850715033136,0.8882691302074255,0.8882691302074255,0.886254295532646,0.8835780129737112,0.8840703431791019,0.8864709972672706,0.0020128628922356,0.0048070585296023,H0,L4,-0.0001159412958881,-0.0001159412958881,-0.0021307759706675,-0.0048070585296023,-0.0043147283242116,0.8816256684491979,0.1183743315508021,1.0,-1.0,1,1,1,0.0461855485373829,0.25,0.0079044018144803,0.0,0.0356338145706417,0.0793374777202973,0.102112214107666,0.1183743315508021,0.1183743315508021,0.0989204670632297,0.0797901711761457,0.0426004815706612,0.0,0.0356338145706417,0.0461855485373829,0.0417451941198643,0.0426004815706612,0.0048070585296023,-0.004314728324211647,0.004314728324211647,0.004314728324211647,0,0,0,0,0,2
2555.png,0.0,0.0,0.0,0.0,0.1205437427271765,0.0,0.0200906237878627,0.0449240005000354,0.1205437427271765,L4,H0,0.0,0.0,0.0,0.1205437427271765,0.0,0.8573758339510749,0.1426241660489251,1.0,-1.0,1,1,1,0.0521219583863881,0.75,0.0046562835136803,0.0,0.0517864823104002,0.074011200837683,0.1025162655796817,0.1426241660489251,0.1426241660489251,0.0931179835081394,0.0815550181720475,0.0521219583863881,0.0,0.0517864823104002,0.0289521502119927,0.0376446724734518,0.0521219583863881,0.1205437427271765,0.0,0.0,0.0,0,0,0,0,0,2
2556.png,0.8908801849978321,0.886858137510879,0.8857101365088585,0.8857101365088585,0.8693282262816735,0.8908801849978321,0.8848945011343222,0.0072932860148186,0.0215519587161585,H0,L4,-0.004022047486953,-0.0051700484889735,-0.0051700484889735,-0.0215519587161585,0.0,0.908592989289192,0.0914070107108081,1.0,-1.0,1,1,1,0.0311293584165696,0.5,0.0013517816572953,0.0,0.0280096402539383,0.0441993018837356,0.0684584407945342,0.0914070107108081,0.0914070107108081,0.070961574045519,0.0576961716202222,0.0298382112919327,0.0,0.0280096402539383,0.0186061085331463,0.0311293584165696,0.0298382112919327,0.0215519587161585,0.0,0.0,0.0,0,0,0,0,0,1
2557.png,0.9496064270064108,0.9501176088896098,0.9501176088896098,0.94883872015592,0.94883872015592,0.9502189070861036,0.9496229986972624,0.0005880540755175,0.0013801869301833,L5,L3,0.000511181883199,0.000511181883199,-0.0007677068504906,-0.0007677068504906,0.0006124800796927,0.8964308342133052,0.1035691657866948,1.0,-1.0,1,1,1,0.0444378291263332,0.25,0.0041963932752663,0.0,0.0210708747605582,0.0607449856733524,0.0848770212502323,0.1035691657866948,0.1035691657866948,0.0877888068476752,0.0561583734617442,0.0351711026615969,0.0,0.0210708747605582,0.0444378291263332,0.0276371396292731,0.0351711026615969,0.0013801869301833,0.0006124800796927232,0.0006124800796927232,0.0,0,0,0,0,0,1
2565.png,0.4025618631732169,0.3992297817715019,0.3992297817715019,0.4025618631732169,0.7585427589947569,0.309508478214209,0.4452724211830672,0.144024526604611,0.4490342807805478,L4,L5,-0.0033320814017149,-0.0033320814017149,0.0,0.3559808958215399,-0.0930533849590078,0.7796868387642827,0.2203131612357173,1.0,-1.0,1,1,1,0.0815828041035662,0.25,0.0101258795115866,0.0,0.0525915214247659,0.1330726196295693,0.1904614605888474,0.2203131612357173,0.2203131612357173,0.1823948297528573,0.121160022058585,0.0815125481972536,0.0,0.0525915214247659,0.0815828041035662,0.0650551013153217,0.0815125481972536,0.4490342807805478,-0.09305338495900789,0.09305338495900789,0.09305338495900789,1,0,0,0,0,4
2575.png,0.887793427230047,0.8847723704866562,0.8900515383414025,0.886392206159648,0.8450359242325277,0.8855345911949686,0.8799300096075416,0.0156976412915381,0.0450156141088747,H2,L4,-0.0030210567433907,0.0022581111113555,-0.0014012210703989,-0.0427575029975192,-0.0022588360350783,0.9112445237708908,0.0887554762291091,1.0,-1.0,1,1,1,0.0453644689625623,0.0,0.0136116988977205,0.0,0.0453644689625623,0.0717917874131991,0.0840354524565051,0.0887554762291091,0.0887554762291091,0.0509799478871644,0.0325382121352477,0.0183651005156132,0.0,0.0453644689625623,0.027730033230205,0.0182287087509525,0.0183651005156132,0.0450156141088747,-0.002258836035078371,0.002258836035078371,0.002258836035078371,0,0,0,0,0,1
2577.png,0.8421965317919076,0.8431995379728559,0.8604210127062394,0.8604210127062394,0.8464196582837397,0.8219344088464743,0.8457653603845761,0.013020743892417,0.0384866038597651,H2,L5,0.0010030061809482,0.0182244809143318,0.0182244809143318,0.004223126491832,-0.0202621229454332,0.8433162981083634,0.1566837018916366,1.0,-1.0,1,1,1,0.0487341928168215,0.5,0.0032497684607912,0.0,0.0414112348304767,0.0866275865524325,0.1232355737585021,0.1566837018916366,0.1566837018916366,0.1263636808375323,0.0884780213052528,0.0397748950782144,0.0,0.0414112348304767,0.0466934932806923,0.0487341928168215,0.0397748950782144,0.0384866038597651,-0.02026212294543328,0.02026212294543328,0.02026212294543328,0,0,0,0,0,2
2581.png,0.6250211613340105,0.6080658436213991,0.6080658436213991,0.6080658436213991,0.5139183366390808,0.5365113759479957,0.5832747341308808,0.0419993711364035,0.1111028246949297,H0,L4,-0.0169553177126113,-0.0169553177126113,-0.0169553177126113,-0.1111028246949297,-0.0885097853860148,0.8322584360244155,0.1677415639755844,1.0,-1.0,1,1,1,0.0660633484162895,0.75,0.0124823931040152,0.0,0.0252688351033725,0.0594825632224849,0.1044489821174432,0.1677415639755844,0.1677415639755844,0.1438288224457985,0.1104038083640087,0.0660633484162895,0.0,0.0252688351033725,0.0349281079017687,0.0461136976957978,0.0660633484162895,0.1111028246949297,-0.08850978538601484,0.08850978538601484,0.08850978538601484,0,0,0,0,0,3
2582.png,0.8781634938409855,0.8781634938409855,0.8781634938409855,0.8577306193157211,0.7823965651834505,0.8689839572192514,0.8572669372068965,0.0342857463179726,0.095766928657535,H0,L4,0.0,0.0,-0.0204328745252643,-0.095766928657535,-0.009179536621734,0.8498876639322849,0.1501123360677151,1.0,-1.0,1,1,1,0.0450047573739296,0.0,0.0031997082874393,0.0,0.0450047573739296,0.0793042452830188,0.116858042881821,0.1501123360677151,0.1501123360677151,0.1059198592865388,0.0727532097004279,0.0349451201423909,0.0,0.0450047573739296,0.0348345872410594,0.0388532211644897,0.0349451201423909,0.095766928657535,-0.009179536621734097,0.009179536621734097,0.009179536621734097,0,0,0,0,0,2
2589.png,0.5203445203445204,0.5203445203445204,0.7257790368271955,0.5203445203445204,0.7536713771127737,0.643546441495778,0.6140050694115514,0.0993224423430725,0.2333268567682532,L4,H0,0.0,0.205434516482675,0.0,0.2333268567682532,0.1232019211512576,0.8202866593164277,0.1797133406835722,1.0,-1.0,1,1,1,0.0680428134556575,0.25,0.0059920447789273,0.0,0.040667361835245,0.1086556169429097,0.1416853094705443,0.1797133406835722,0.1797133406835722,0.144927536231884,0.0959349593495935,0.0589204779563247,0.0,0.040667361835245,0.0680428134556575,0.0408921933085502,0.0589204779563247,0.2333268567682532,0.12320192115125761,0.12320192115125761,0.0,1,0,0,0,0,3
2590.png,0.6785357071414283,0.6785357071414283,0.6785357071414283,0.6785357071414283,0.7691447736165455,0.6785357071414283,0.6936372182206144,0.0337680053360265,0.0906090664751172,L4,H0,0.0,0.0,0.0,0.0906090664751172,0.0,0.6554578375581996,0.3445421624418003,1.0,-1.0,1,1,1,0.1160624731336867,0.75,0.0035404817604975,0.0,0.0771685708814705,0.1792647941824003,0.260148347943358,0.3445421624418003,0.3445421624418003,0.2816492058127746,0.1955797974073811,0.1160624731336867,0.0,0.0771685708814705,0.1046089385474859,0.0883334569457835,0.1160624731336867,0.0906090664751172,0.0,0.0,0.0,0,0,0,0,0,5
2591.png,0.4170595799399914,0.4626275244638767,0.4626275244638767,0.4626275244638767,0.8168562730331678,0.406816220880069,0.5047691078741431,0.1414295273124128,0.4100400521530987,L4,L5,0.0455679445238852,0.0455679445238852,0.0455679445238852,0.3997966930931763,-0.0102433590599224,0.6684350132625995,0.3315649867374005,1.0,-1.0,1,1,1,0.1181946974296701,0.25,0.0277754354144511,0.0,0.105441895137911,0.2212453548445572,0.309537407195888,0.3315649867374005,0.3315649867374005,0.239766081871345,0.1423789599521817,0.0472059198775197,0.0,0.105441895137911,0.1181946974296701,0.1025856885147323,0.0472059198775197,0.4100400521530987,-0.010243359059922352,0.010243359059922352,0.010243359059922352,1,0,0,0,0,5
2592.png,0.7885840953172624,0.7885840953172624,0.7885840953172624,0.7682119205298014,0.7682119205298014,0.6701093560145808,0.7620475805043284,0.0421133295475389,0.1184747393026816,H0,L5,0.0,0.0,-0.020372174787461,-0.020372174787461,-0.1184747393026816,0.6723642827840831,0.3276357172159169,1.0,-1.0,1,1,1,0.1589158345221112,0.25,0.0296122588547388,0.0,0.0888801659844109,0.2443447612944569,0.3062899428187017,0.3276357172159169,0.3276357172159169,0.246836899010812,0.0946083418107833,0.0261094013699989,0.0,0.0888801659844109,0.1589158345221112,0.0687658342381469,0.0261094013699989,0.1184747393026816,-0.1184747393026816,0.1184747393026816,0.1184747393026816,0,0,0,0,0,5
2593.png,0.8651224354731966,0.8668887408394403,0.8668887408394403,0.8628020599498217,0.8526466380543634,0.8549101328470956,0.8615431246672264,0.0056963681843718,0.0142421027850769,H1,L4,0.0017663053662437,0.0017663053662437,-0.0023203755233748,-0.0124757974188332,-0.0102123026261009,0.8211904173870092,0.1788095826129908,1.0,-1.0,1,1,1,0.052538604452837,0.25,0.0044698069896591,0.0,0.0494368307163068,0.1010392105492969,0.1400873676021782,0.1788095826129908,0.1788095826129908,0.131445970458668,0.0826964597827204,0.0407108467856131,0.0,0.0494368307163068,0.052538604452837,0.0424707868516005,0.0407108467856131,0.0142421027850769,-0.010212302626100955,0.010212302626100955,0.010212302626100955,0,0,0,0,0,3
2594.png,0.6710613052076466,0.6710613052076466,0.6607617360496014,0.6607617360496014,0.6716450691851527,0.6631299734748011,0.6664035208624083,0.0049200156348007,0.0108833331355512,L4,H2,0.0,-0.0102995691580451,-0.0102995691580451,0.000583763977506,-0.0079313317328455,0.7942450142450143,0.2057549857549857,1.0,-1.0,1,1,1,0.0640797994568623,0.0,0.0092447280513213,0.0,0.0640797994568623,0.1217476681394207,0.1690286512928022,0.2057549857549857,0.2057549857549857,0.1479275845640781,0.0978281279339049,0.0419470109133052,0.0,0.0640797994568623,0.0601422475106685,0.0569125624444513,0.0419470109133052,0.0108833331355512,-0.007931331732845548,0.007931331732845548,0.007931331732845548,0,0,0,0,0,4
2602.png,0.6729574585200913,0.6729574585200913,0.6729574585200913,0.6798091214894783,0.5211490453922155,0.6065740858708115,0.6377341047187964,0.0578149113235156,0.1586600760972627,L3,L4,0.0,0.0,0.0068516629693869,-0.1518084131278757,-0.0663833726492797,0.8099612365223623,0.1900387634776377,1.0,-1.0,1,1,1,0.0769158688760132,0.75,0.004705920902372,0.0,0.0395935660455175,0.0888368404551573,0.1330981342039211,0.1900387634776377,0.1900387634776377,0.1773841059602648,0.1371877090778545,0.0769158688760132,0.0,0.0395935660455175,0.0610051667449507,0.0637047980863937,0.0769158688760132,0.1586600760972627,-0.06638337264927974,0.06638337264927974,0.06638337264927974,0,0,0,0,0,3
2605.png,0.3872537659327926,0.3872537659327926,0.382944115255025,0.4062750486659796,0.6588782111676402,0.0,0.3704341511590383,0.1925393051289459,0.6588782111676402,L4,L5,0.0,-0.0043096506777676,0.019021282733187,0.2716244452348476,-0.3872537659327926,0.7814022551157719,0.2185977448842281,1.0,-1.0,1,1,1,0.0942942942942942,0.5,0.0085941515426865,0.0,0.0336522228474958,0.0912191872085276,0.1678421677694563,0.2185977448842281,0.2185977448842281,0.2056178733660888,0.1538785367691046,0.0658726748112222,0.0,0.0336522228474958,0.0670996247105479,0.0942942942942942,0.0658726748112222,0.6588782111676402,-0.3872537659327926,0.3872537659327926,0.3872537659327926,1,1,0,1,0,4
2608.png,0.773198977289818,0.773198977289818,0.773198977289818,0.773198977289818,0.8658635625338387,0.7671212348269144,0.7876301177533375,0.035057375404292,0.0987423277069242,L4,L5,0.0,0.0,0.0,0.0926645852440206,-0.0060777424629036,0.8648417755312712,0.1351582244687288,1.0,-1.0,1,1,1,0.0647965937958424,0.75,0.0052234953357877,0.0,0.0431851695807878,0.0635714532096167,0.0886544641609613,0.1351582244687288,0.1351582244687288,0.1020393482717691,0.0923989827634925,0.0647965937958424,0.0,0.0431851695807878,0.031322950419846,0.03199639477242,0.0647965937958424,0.0987423277069242,-0.006077742462903601,0.006077742462903601,0.006077742462903601,0,0,0,0,0,2
2609.png,0.2470439189189189,0.2511059616599957,0.7241642497328652,0.2793296089385474,0.7983505154639176,0.8162932790224032,0.5193812556227747,0.2619416995064118,0.5692493601034843,L5,H0,0.0040620427410768,0.4771203308139463,0.0322856900196285,0.5513065965449986,0.5692493601034843,0.5098007582479632,0.4901992417520368,1.0,-1.0,1,1,1,0.1701207883026064,0.75,0.0047723784611721,0.0,0.13257993384785,0.2450521770421014,0.3538651062519248,0.4901992417520368,0.4901992417520368,0.3881464703661759,0.2834008097165992,0.1701207883026064,0.0,0.13257993384785,0.1176918889493739,0.1203084832904883,0.1701207883026064,0.5692493601034843,0.5692493601034844,0.5692493601034844,0.0,1,1,0,0,0,5
2623.png,0.2049224764176515,0.2049224764176515,0.2049224764176515,0.6229245849169834,0.6923893268647665,0.6258558741780218,0.4259895358687877,0.2222276421819805,0.487466850447115,L4,H0,0.0,0.0,0.4180021084993319,0.487466850447115,0.4209333977603703,0.8396381416156937,0.1603618583843062,1.0,-1.0,1,1,1,0.0632241111597722,0.0,0.0072050887072253,0.0,0.0632241111597722,0.0894663757191033,0.1166650433427486,0.1603618583843062,0.1603618583843062,0.1048965088032763,0.0744393542321003,0.0518934632306725,0.0,0.0632241111597722,0.0349670046676323,0.0462749729357346,0.0518934632306725,0.487466850447115,0.4209333977603703,0.4209333977603703,0.0,1,0,0,0,0,3
2656.png,0.6390468032084728,0.6314897550454476,0.6727692561438232,0.6701699646933246,0.5109241587142139,0.6296467684713867,0.6256744510461115,0.0541507430864107,0.1618450974296092,H2,L4,-0.0075570481630252,0.0337224529353503,0.0311231614848517,-0.1281226444942589,-0.0094000347370861,0.7585199610516066,0.2414800389483934,1.0,-1.0,1,1,1,0.0714962121212121,0.75,0.0033433683500845,0.0,0.0564400138868224,0.1141067880586504,0.1749564147266946,0.2414800389483934,0.2414800389483934,0.1936549524406219,0.1287157370690902,0.0714962121212121,0.0,0.0564400138868224,0.0642429359153629,0.0661818977064596,0.0714962121212121,0.1618450974296092,-0.009400034737086171,0.009400034737086171,0.009400034737086171,0,0,0,0,0,4
2660.png,0.6787656022666361,0.6787656022666361,0.6787656022666361,0.6787656022666361,0.7148230466746452,0.688724302623382,0.6864349597274285,0.0132060639282593,0.0360574444080091,L4,H0,0.0,0.0,0.0,0.0360574444080091,0.0099587003567459,0.8086657038106877,0.1913342961893123,1.0,-1.0,1,1,1,0.0677323969691369,0.25,0.0097435086195797,0.0,0.0566803530133559,0.1225697379543533,0.1564688964141578,0.1913342961893123,0.1913342961893123,0.1401815993873755,0.081258847871066,0.0458431127667362,0.0,0.0566803530133559,0.0677323969691369,0.0393876067599491,0.0458431127667362,0.0360574444080091,0.009958700356745953,0.009958700356745953,0.0,0,0,0,0,0,3
2680.png,0.8161538461538461,0.8161538461538461,0.8161538461538461,0.8166089965397924,0.8287671232876712,0.8143297380585516,0.8180278993912591,0.0048572426857885,0.0144373852291196,L4,L5,0.0,0.0,0.0004551503859462,0.012613277133825,-0.0018241080952945,0.8694925173480478,0.1305074826519522,1.0,-1.0,1,1,1,0.0781401072338929,0.0,0.020526749134389,0.0,0.0781401072338929,0.1054615586920312,0.1147933037239494,0.1305074826519522,0.1305074826519522,0.0736079986209273,0.047627235213205,0.0212017095449593,0.0,0.0781401072338929,0.0311368573497465,0.027155286053256,0.0212017095449593,0.0144373852291196,-0.001824108095294541,0.001824108095294541,0.001824108095294541,0,0,0,0,0,2
2685.png,0.7751347922613384,0.7751347922613384,0.7743573468740083,0.7743573468740083,0.7770740975300824,0.7762991128010139,0.7753929147669649,0.0009937828852072,0.0027167506560741,L4,H2,0.0,-0.0007774453873301,-0.0007774453873301,0.0019393052687439,0.0011643205396755,0.9345188284518828,0.0654811715481171,1.0,-1.0,1,1,1,0.0281159108046967,0.25,0.0025404811552796,0.0,0.0117794224955697,0.0389859394972305,0.0509770603228547,0.0654811715481171,0.0654811715481171,0.0563722897937599,0.0410810810810811,0.0245742616943306,0.0,0.0117794224955697,0.0281159108046967,0.0166922907972765,0.0245742616943306,0.0027167506560741,0.001164320539675523,0.001164320539675523,0.0,0,0,0,0,0,1
2701.png,0.8893709327548807,0.8890566037735849,0.8890566037735849,0.888637221593054,0.8890566037735849,0.8906264719736222,0.8893007396070519,0.0006300206949275,0.0019892503805681,L5,L3,-0.0003143289812957,-0.0003143289812957,-0.0007337111618266,-0.0003143289812957,0.0012555392187415,0.890643861715898,0.1093561382841019,1.0,-1.0,1,1,1,0.0357938862566237,0.0,0.0024633200535647,0.0,0.0357938862566237,0.0575146811461622,0.0830422402911909,0.1093561382841019,0.1093561382841019,0.0853702158101824,0.0602940957375486,0.0324387605400038,0.0,0.0357938862566237,0.0274529971412581,0.028301603055731,0.0324387605400038,0.0019892503805681,0.0012555392187415526,0.0012555392187415526,0.0,0,0,0,0,0,1
2703.png,0.6202990484821024,0.7672085783465928,0.7672085783465928,0.7527183444405472,0.6112986720684223,0.5743502343417128,0.6821805760043284,0.0815639314461702,0.19285834400488,H1,L5,0.1469095298644904,0.1469095298644904,0.1324192959584448,-0.0090003764136801,-0.0459488141403895,0.8414337788578372,0.1585662211421628,1.0,-1.0,1,1,1,0.0690960056061668,0.75,0.0117662593378816,0.0,0.0328212290502792,0.0557354695755922,0.0904613363979641,0.1585662211421628,0.1585662211421628,0.1264028352037802,0.1037476486760237,0.0690960056061668,0.0,0.0328212290502792,0.0229562345169281,0.0349018385789965,0.0690960056061668,0.19285834400488,-0.04594881414038954,0.04594881414038954,0.04594881414038954,0,0,0,0,0,3
2705.png,0.809056435422708,0.809056435422708,0.8104196816208393,0.8094547887166909,0.822635693052956,0.5263883147306049,0.7645018914944179,0.1065966193264667,0.2962473783223511,L4,L5,0.0,0.0013632461981313,0.0003983532939828,0.013579257630248,-0.2826681206921031,0.8547809523809524,0.1452190476190475,1.0,-1.0,1,1,1,0.064291247095275,0.0,0.0148825951506789,0.0,0.064291247095275,0.100212232297897,0.1277380677887941,0.1452190476190475,0.1452190476190475,0.0894183168316832,0.0561442718970367,0.0240233325658146,0.0,0.064291247095275,0.0385956663140159,0.0330832329044046,0.0240233325658146,0.2962473783223511,-0.2826681206921031,0.2826681206921031,0.2826681206921031,1,0,0,1,0,2
2706.png,0.7017445132245357,0.7017445132245357,0.7039325842696629,0.7039325842696629,0.4069322807450352,0.702300785634119,0.6534312102279252,0.1102414665553786,0.2970003035246277,H2,L4,0.0,0.0021880710451271,0.0021880710451271,-0.2948122324795005,0.0005562724095833,0.7664679810484487,0.2335320189515513,1.0,-1.0,1,1,1,0.0828853823478411,0.75,0.0055443971657491,0.0,0.0716083916083916,0.1270334755259923,0.1709198813056379,0.2335320189515513,0.2335320189515513,0.1759753925853974,0.1305006310475389,0.0828853823478411,0.0,0.0716083916083916,0.0573326208107488,0.0517143089828161,0.0828853823478411,0.2970003035246277,0.000556272409583336,0.000556272409583336,0.0,1,0,0,0,0,4
2716.png,0.7846576777065061,0.7835830970703389,0.7835830970703389,0.7835830970703389,0.6153144247585735,0.6279869659666908,0.7297847266071312,0.0765507117673771,0.1693432529479326,H0,L4,-0.0010745806361671,-0.0010745806361671,-0.0010745806361671,-0.1693432529479326,-0.1566707117398152,0.8896440594138387,0.1103559405861612,1.0,-1.0,1,1,1,0.0385702283663026,0.75,0.0059049419621111,0.0,0.0189750076925706,0.0417195565710417,0.0753146368050737,0.1103559405861612,0.1103559405861612,0.092546162700853,0.0714017873882882,0.0385702283663026,0.0,0.0189750076925706,0.0232853584741654,0.0341840280583795,0.0385702283663026,0.1693432529479326,-0.15667071173981528,0.15667071173981528,0.15667071173981528,0,0,0,0,0,1
2720.png,0.5671019223793979,0.7351890626924498,0.8132640831002796,0.8119541703389151,0.6725132963675455,0.8083880971719708,0.7347351053417599,0.0908542708331742,0.2461621607208817,H2,H0,0.1680871403130518,0.2461621607208817,0.2448522479595172,0.1054113739881476,0.2412861747925728,0.7969142636231044,0.2030857363768956,1.0,-1.0,1,1,1,0.0875655143446739,0.0,0.0172878912845691,0.0,0.0875655143446739,0.1291327615277472,0.1743697851157681,0.2030857363768956,0.2030857363768956,0.1432200929152148,0.0973428763954907,0.0413776103109483,0.0,0.0875655143446739,0.0563484391880366,0.0592275623955482,0.0413776103109483,0.2461621607208817,0.24128617479257286,0.24128617479257286,0.0,1,0,0,0,0,4
2721.png,0.7765133403461796,0.7799771602588504,0.7780748663101604,0.7472764746295024,0.0,0.7385943279901356,0.636739361589138,0.2852073687503109,0.7799771602588504,H1,L4,0.0034638199126708,0.0015615259639808,-0.0292368657166771,-0.7765133403461796,-0.037919012356044,0.8231815701941184,0.1768184298058815,1.0,-1.0,1,1,1,0.0876583727675164,0.25,0.0138299726475257,0.0,0.087567608745334,0.104343124887367,0.1424667743137498,0.1768184298058815,0.1768184298058815,0.172370159474497,0.086299606847552,0.0459470723067305,0.0,0.087567608745334,0.0876583727675164,0.0448833034111311,0.0459470723067305,0.7799771602588504,-0.037919012356044,0.037919012356044,0.037919012356044,1,1,0,0,0,3
2723.png,0.6171274163375597,0.6073743922204214,0.6073743922204214,0.6073743922204214,0.603399155123293,0.6028865979381444,0.6075893910100435,0.0046688139116673,0.0142408183994153,H0,L5,-0.0097530241171382,-0.0097530241171382,-0.0097530241171382,-0.0137282612142667,-0.0142408183994153,0.5124795525302095,0.4875204474697905,1.0,-1.0,1,1,1,0.1993753253513794,0.5,0.0305183936461118,0.0,0.1573645970937912,0.2752281084025603,0.4512799339388934,0.4875204474697905,0.4875204474697905,0.356640599329697,0.2452772231608048,0.0494743948307454,0.0,0.1573645970937912,0.1230390817163159,0.1993753253513794,0.0494743948307454,0.0142408183994153,-0.014240818399415378,0.014240818399415378,0.014240818399415378,0,0,0,0,0,5
2740.png,0.7453113998591819,0.7453113998591819,0.7453113998591819,0.9423076923076924,0.9430595644187876,0.745035027958095,0.8110560807103536,0.0930750358986816,0.1980245364606927,L4,L5,0.0,0.0,0.1969962924485103,0.1977481645596057,-0.0002763719010869,0.8613349865674726,0.1386650134325273,1.0,-1.0,1,1,1,0.0504964616819353,0.0,0.0096285341142437,0.0,0.0504964616819353,0.0908219506350347,0.1148217784030398,0.1386650134325273,0.1386650134325273,0.0944106281413381,0.0540155313083652,0.028143865317575,0.0,0.0504964616819353,0.0423799365211509,0.0281815114288214,0.028143865317575,0.1980245364606927,-0.0002763719010869803,0.0002763719010869803,0.0002763719010869803,0,0,0,0,0,2
2752.png,0.8025568181818182,0.8489425981873112,0.8489425981873112,0.8484386900228484,0.6994468346650277,0.6939523518631643,0.7903799818512468,0.0682463357797032,0.1549902463241469,H1,L5,0.0463857800054929,0.0463857800054929,0.0458818718410302,-0.1031099835167905,-0.1086044663186539,0.6981221547799696,0.3018778452200303,1.0,-1.0,1,1,1,0.0930189032378813,0.5,0.0083062753901599,0.0,0.0826633450345374,0.1620385494936295,0.2496462502526784,0.3018778452200303,0.3018778452200303,0.2253277494537509,0.1505822159491884,0.0616751058354777,0.0,0.0826633450345374,0.0829263223526967,0.0930189032378813,0.0616751058354777,0.1549902463241469,-0.10860446631865395,0.10860446631865395,0.10860446631865395,0,0,0,0,0,5
2754.png,0.6712765957446809,0.6576903158984981,0.9191770756796472,0.9191770756796472,0.915929203539823,0.912816691505216,0.8326778263412522,0.1190155842991993,0.2614867597811492,H2,H1,-0.0135862798461827,0.2479004799349664,0.2479004799349664,0.244652607795142,0.2415400957605351,0.8295622019939315,0.1704377980060685,1.0,-1.0,1,1,1,0.0770794511265458,0.0,0.0207744030394388,0.0,0.0770794511265458,0.1208082180151116,0.1616410430646394,0.1704377980060685,0.1704377980060685,0.1034420289855072,0.0575683283392354,0.035795402925411,0.0,0.0770794511265458,0.0553881602268698,0.0439960892365123,0.035795402925411,0.2614867597811492,0.24154009576053515,0.24154009576053515,0.0,1,0,0,0,0,3
2766.png,0.6938498131158681,0.7202037806676498,0.7202037806676498,0.7202037806676498,0.6748172939006899,0.6154280870302345,0.690784422674957,0.0377258068518884,0.1047756936374152,H1,L5,0.0263539675517816,0.0263539675517816,0.0263539675517816,-0.0190325192151782,-0.0784217260856335,0.7570629571203212,0.2429370428796787,1.0,-1.0,1,1,1,0.0878253340350757,0.0,0.0117293656392272,0.0,0.0878253340350757,0.1433217430415001,0.1919053154390785,0.2429370428796787,0.2429370428796787,0.1714391676914368,0.1075253804575463,0.0555510303820151,0.0,0.0878253340350757,0.0642956397641492,0.0530989028182511,0.0555510303820151,0.1047756936374152,-0.07842172608563358,0.07842172608563358,0.07842172608563358,0,0,0,0,0,4
2768.png,0.8465719533680699,0.8156592981913743,0.8156592981913743,0.8231274235036664,0.8943768449852402,0.7730173926918781,0.8280687018219339,0.0367473119942782,0.121359452293362,L4,L5,-0.0309126551766956,-0.0309126551766956,-0.0234445298644034,0.0478048916171702,-0.0735545606761918,0.7525798647114008,0.2474201352885991,1.0,-1.0,1,1,1,0.0786194191590811,0.25,0.0033941871596907,0.0,0.0599588489292027,0.1302258267114496,0.1941240933048061,0.2474201352885991,0.2474201352885991,0.2062651665563644,0.1292209456782643,0.0618612157073695,0.0,0.0599588489292027,0.0786194191590811,0.0689646706439812,0.0618612157073695,0.121359452293362,-0.07355456067619182,0.07355456067619182,0.07355456067619182,0,0,0,0,0,4
2771.png,0.8181269692297379,0.8207369553523399,0.7770618556701031,0.804568863066156,0.6335707683105867,0.6896591038650097,0.7572874192489888,0.0709850412644435,0.1871661870417532,H1,L4,0.0026099861226019,-0.0410651135596348,-0.0135581061635818,-0.1845562009191512,-0.1284678653647282,0.8938307839927753,0.1061692160072247,1.0,-1.0,1,1,1,0.0375552675035957,0.75,0.0022934074454857,0.0,0.022676059197304,0.0526565464895635,0.0724541810965406,0.1061692160072247,0.1061692160072247,0.0852006349440732,0.0593936336942227,0.0375552675035957,0.0,0.022676059197304,0.0299695848427904,0.0244800773838312,0.0375552675035957,0.1871661870417532,-0.1284678653647282,0.1284678653647282,0.1284678653647282,0,0,0,0,0,1
2781.png,0.6512922465208748,0.674280996284574,0.674280996284574,0.6554576994929276,0.6390009106283335,0.655264564404062,0.6582629022692243,0.0125806215259469,0.0352800856562405,H1,L4,0.0229887497636992,0.0229887497636992,0.0041654529720528,-0.0122913358925412,0.0039723178831871,0.9038007863695936,0.0961992136304062,1.0,-1.0,1,1,1,0.0308943089430894,0.0,0.0050514866156559,0.0,0.0308943089430894,0.0572923312492025,0.0813696133315974,0.0961992136304062,0.0961992136304062,0.0659623459298388,0.0394463667820069,0.0154194369783562,0.0,0.0308943089430894,0.0266139657444005,0.0241891148982957,0.0154194369783562,0.0352800856562405,0.003972317883187193,0.003972317883187193,0.0,0,0,0,0,0,1
2782.png,0.950792093088462,0.9491573033707864,0.9491573033707864,0.9493528418683174,0.9534429885698356,0.950792093088462,0.950449103892775,0.0015131598417297,0.004285685199049,L4,H1,-0.0016347897176756,-0.0016347897176756,-0.0014392512201447,0.0026508954813734,0.0,0.8693982074263764,0.1306017925736236,1.0,-1.0,1,1,1,0.0612515663005822,0.25,0.0061318405086525,0.0,0.0307727033330825,0.0882914646687234,0.1037422337812454,0.1306017925736236,0.1306017925736236,0.1099850117764613,0.0500906934561182,0.030765004807032,0.0,0.0307727033330825,0.0612515663005822,0.020257826887661,0.030765004807032,0.004285685199049,0.0,0.0,0.0,0,0,0,0,0,2
2784.png,0.5537098560354374,0.5272307184508747,0.5272307184508747,0.6196846112017401,0.6548507462686567,0.3490105371369827,0.5386195312574277,0.0970566339797907,0.3058402091316739,L4,L5,-0.0264791375845627,-0.0264791375845627,0.0659747551663026,0.1011408902332192,-0.2046993188984546,0.8188885021464207,0.1811114978535792,1.0,-1.0,1,1,1,0.0538646854368575,0.75,0.0017464596516207,0.0,0.0458224433015765,0.0853754287367246,0.1328262141603277,0.1811114978535792,0.1811114978535792,0.1437810945273632,0.1033562596309242,0.0538646854368575,0.0,0.0458224433015765,0.0434782608695651,0.0524274886899982,0.0538646854368575,0.3058402091316739,-0.20469931889845472,0.20469931889845472,0.20469931889845472,1,0,0,1,0,3
2787.png,0.799039871982931,0.7873148997510155,0.7873148997510155,0.7664822938521203,0.7036103151862464,0.7679436371642449,0.7686176529479289,0.0312400744388008,0.0954295567966846,H0,L4,-0.0117249722319154,-0.0117249722319154,-0.0325575781308107,-0.0954295567966846,-0.0310962348186861,0.8591905822074476,0.1408094177925524,1.0,-1.0,1,1,1,0.0439200262209111,0.0,0.0051278127997021,0.0,0.0439200262209111,0.0792797978828871,0.1136533665835412,0.1408094177925524,0.1408094177925524,0.1031694993109784,0.0693721194708805,0.0343316289262235,0.0,0.0439200262209111,0.0390236068732937,0.0391683228864088,0.0343316289262235,0.0954295567966846,-0.031096234818686175,0.031096234818686175,0.031096234818686175,0,0,0,0,0,2
2794.png,0.6423410404624278,0.6423410404624278,0.6423410404624278,0.6221001221001221,0.6221001221001221,0.6313099041533546,0.6337555449568137,0.009117849912003,0.0202409183623056,H0,L3,0.0,0.0,-0.0202409183623056,-0.0202409183623056,-0.0110311363090731,0.7694362300868072,0.2305637699131928,1.0,-1.0,1,1,1,0.0996607683139267,0.75,0.0156354717751239,0.0,0.0378208014407924,0.0874464728420103,0.1424010217113666,0.2305637699131928,0.2305637699131928,0.2044252044252044,0.1591718825228695,0.0996607683139267,0.0,0.0378208014407924,0.0537218301843842,0.0617337061733705,0.0996607683139267,0.0202409183623056,-0.011031136309073153,0.011031136309073153,0.011031136309073153,0,0,0,0,0,4
2801.png,0.4734578070657148,0.4695378637183698,0.4183506280720918,0.4366324683162341,0.4282554847841472,0.7028793990819308,0.4881856085064147,0.0981362494339181,0.284528771009839,L5,H2,-0.003919943347345,-0.055107178993623,-0.0368253387494806,-0.0452023222815676,0.2294215920162159,0.8252140623630146,0.1747859376369853,1.0,-1.0,1,1,1,0.0539249355129203,0.0,0.0072074378762976,0.0,0.0539249355129203,0.1008769943697263,0.1434141659543197,0.1747859376369853,0.1747859376369853,0.1259469290143345,0.0789223814180236,0.037425170786675,0.0,0.0539249355129203,0.0517429999112977,0.0433973781356277,0.037425170786675,0.284528771009839,0.22942159201621598,0.22942159201621598,0.0,1,0,0,0,0,3
2807.png,0.9312406576980568,0.9312406576980568,0.9312406576980568,0.9304234284648386,0.9250922509225092,0.926117473217584,0.9292258542831836,0.0025936201185047,0.0061484067755475,H0,L4,0.0,0.0,-0.0008172292332181,-0.0061484067755475,-0.0051231844804726,0.835945938825513,0.1640540611744869,1.0,-1.0,1,1,1,0.0561349072512648,0.25,0.0105781140906386,0.0,0.0545794528698228,0.1096547151527516,0.1347374941923493,0.1640540611744869,0.1640540611744869,0.1148845847704961,0.0738157855855323,0.0409961341364739,0.0,0.0545794528698228,0.0561349072512648,0.0363022006584647,0.0409961341364739,0.0061484067755475,-0.0051231844804727755,0.0051231844804727755,0.0051231844804727755,0,0,0,0,0,3
2810.png,0.7952348842436503,0.7952348842436503,0.7952348842436503,0.7952348842436503,0.6568211726860652,0.7984756780990809,0.7727060646266245,0.0518388078758582,0.1416545054130157,L5,L4,0.0,0.0,0.0,-0.138413711557585,0.0032407938554306,0.7890765950467443,0.2109234049532556,1.0,-1.0,1,1,1,0.0766313011928976,0.75,0.0027899752231859,0.0,0.0554942822313809,0.1136641699740383,0.1552085760894896,0.2109234049532556,0.2109234049532556,0.1742631751944778,0.1405595388724869,0.0766313011928976,0.0,0.0554942822313809,0.0600831414301522,0.0679355167962535,0.0766313011928976,0.1416545054130157,0.003240793855430635,0.003240793855430635,0.0,0,0,0,0,0,4
2816.png,0.0,0.0,0.0,0.0,0.0,0.9045497931912184,0.1507582988652031,0.3371058044348235,0.9045497931912184,L5,H0,0.0,0.0,0.0,0.0,0.9045497931912184,0.8786856842300671,0.1213143157699329,0.7,-0.7,0,0,0,0.0800728548300053,0.25,0.0218236510039887,0.0,0.0471595706187432,0.1270732494353017,0.1168569086207983,0.1213143157699329,0.1213143157699329,0.1001000677878563,0.1231383440374934,0.0538792373598835,0.0,0.0471595706187432,0.0800728548300053,0.0693666217462231,0.0538792373598835,0.9045497931912184,0.9045497931912184,0.9045497931912184,0.0,1,1,1,0,0,2
2825.png,0.8667072428484479,0.8667072428484479,0.8667072428484479,0.8667072428484479,0.8658980582524272,0.8662613981762918,0.8664980713037518,0.0003138579220666,0.0008091845960207,H0,L4,0.0,0.0,0.0,-0.0008091845960207,-0.0004458446721561,0.8741715101458142,0.1258284898541858,1.0,-1.0,1,1,1,0.0390719164323021,0.0,0.0031343256497561,0.0,0.0390719164323021,0.0665593399406349,0.0987831066571224,0.1258284898541858,0.1258284898541858,0.0945350148672203,0.0616814750141235,0.0343567251461988,0.0,0.0390719164323021,0.0355607263898022,0.036827195467422,0.0343567251461988,0.0008091845960207,-0.0004458446721561371,0.0004458446721561371,0.0004458446721561371,0,0,0,0,0,2
2827.png,0.865411632481034,0.865411632481034,0.865411632481034,0.8296216796350953,0.6597589342355678,0.3609711406321575,0.7410977753243205,0.1849822299348476,0.5044404918488765,H0,L5,0.0,0.0,-0.0357899528459387,-0.2056526982454662,-0.5044404918488765,0.861117518675586,0.138882481324414,1.0,-1.0,1,1,1,0.0423592117259274,0.25,0.0044471673429554,0.0,0.0385420088876592,0.078423573763121,0.1135939760506179,0.138882481324414,0.138882481324414,0.1089515171147824,0.0744780417566595,0.0384364111498257,0.0,0.0385420088876592,0.0423592117259274,0.0397002156467635,0.0384364111498257,0.5044404918488765,-0.5044404918488765,0.5044404918488765,0.5044404918488765,1,1,0,1,1,2
2835.png,0.8753056234718827,0.8753056234718827,0.7596253902185224,0.8460648148148148,0.6633348477964561,0.5895582329317269,0.7681990887842143,0.1095363437103694,0.2857473905401557,H0,L5,0.0,-0.1156802332533603,-0.0292408086570679,-0.2119707756754265,-0.2857473905401557,0.5909639656118529,0.409036034388147,1.0,-1.0,1,1,1,0.1448706771287417,0.5,0.0115709386770673,0.0,0.0813186813186813,0.1695644538110291,0.3048162230671736,0.409036034388147,0.409036034388147,0.3544600093629587,0.2559176093196015,0.1150933399819241,0.0,0.0813186813186813,0.1018526497199483,0.1448706771287417,0.1150933399819241,0.2857473905401557,-0.28574739054015574,0.28574739054015574,0.28574739054015574,1,0,0,1,0,5
2846.png,0.8163448585541087,0.8163448585541087,0.8163448585541087,0.8163448585541087,0.6162517613903241,0.8037100949094047,0.7808902150860272,0.0737729561156623,0.2000930971637845,H0,L4,0.0,0.0,0.0,-0.2000930971637845,-0.0126347636447039,0.5085694892245036,0.4914305107754964,1.0,-1.0,1,1,1,0.2367652859960551,0.75,0.0171179163016099,0.0,0.0934079918554339,0.2317163260280719,0.326431866771689,0.4914305107754964,0.4914305107754964,0.4420401854714064,0.3368597816960537,0.2367652859960551,0.0,0.0934079918554339,0.1448258581809069,0.1197425368993452,0.2367652859960551,0.2000930971637845,-0.01263476364470395,0.01263476364470395,0.01263476364470395,1,0,0,0,0,5
2866.png,0.5149482778219847,0.5258270458502612,0.5258270458502612,0.5131400090620752,0.4764924858679167,0.600828544701323,0.5261772348589703,0.0372775543296147,0.1243360588334062,L5,L4,0.0108787680282764,0.0108787680282764,-0.0018082687599094,-0.038455791954068,0.0858802668793382,0.8301774354543152,0.1698225645456847,1.0,-1.0,1,1,1,0.0560213237459127,0.25,0.003720884305955,0.0,0.0364553385138576,0.0920968972533061,0.1327854273360115,0.1698225645456847,0.1698225645456847,0.1360197846959557,0.0831414322648093,0.0407311633761577,0.0,0.0364553385138576,0.0560213237459127,0.043381050553152,0.0407311633761577,0.1243360588334062,0.08588026687933825,0.08588026687933825,0.0,0,0,0,0,0,3
2871.png,0.9037364444672868,0.9036876802637,0.9036876802637,0.9037364444672868,0.9037639668400186,0.9062418657920768,0.9041423470156782,0.0009393355912622,0.0025541855283766,L5,H1,-4.876420358679301e-05,-4.876420358679301e-05,0.0,2.752237273173641e-05,0.0025054213247898,0.4688259812434873,0.5311740187565126,0.7,-1.0,0,1,0,0.3772416041734594,0.0,0.1300997562908263,0.0,0.3772416041734594,0.563111354566085,0.5069068508493559,0.5311740187565126,0.5311740187565126,0.1863278064691492,0.0775117524871542,0.0514511060447346,0.0,0.3772416041734594,0.2342449464922711,0.1213126000457351,0.0514511060447346,0.0025541855283766,0.002505421324789925,0.002505421324789925,0.0,0,0,0,0,0,5
2875.png,0.9028091701646755,0.9028091701646755,0.9009932713873758,0.9009932713873758,0.9049429657794676,0.9009932713873758,0.9022568533784908,0.0014500129792576,0.0039496943920918,L4,H2,0.0,-0.0018158987772997,-0.0018158987772997,0.0021337956147921,-0.0018158987772997,0.6171381809679682,0.3828618190320317,1.0,-1.0,1,1,1,0.1329620382818001,0.5,0.0076415714599905,0.0,0.0920065635255509,0.202214381311595,0.3108618585459406,0.3828618190320317,0.3828618190320317,0.3150854594996284,0.2141476613838423,0.1116567429869253,0.0,0.0920065635255509,0.1190076237239953,0.1329620382818001,0.1116567429869253,0.0039496943920918,-0.001815898777299707,0.001815898777299707,0.001815898777299707,0,0,0,0,0,5
2877.png,0.59865005192108,0.59865005192108,0.6026911716442402,0.59865005192108,0.5815986415948683,0.5641119892176684,0.5907253263700029,0.0136818088940216,0.0385791824265718,H2,L5,0.0,0.0040411197231602,0.0,-0.0170514103262117,-0.0345380627034116,0.6250273531526462,0.3749726468473537,0.7,-1.0,0,1,0,0.3696718001961123,0.25,0.0691055575981212,0.0,0.0799049527093137,0.3885242554184533,0.4118811321288206,0.3749726468473537,0.3749726468473537,0.3420418751158051,0.1057964601769911,0.076999524694292,0.0,0.0799049527093137,0.3696718001961123,0.0567335007616616,0.076999524694292,0.0385791824265718,-0.03453806270341164,0.03453806270341164,0.03453806270341164,0,0,0,0,0,5
2878.png,0.8870224468559537,0.8890207715133531,0.8890207715133531,0.8847356664184661,0.8513316447923862,0.8951059275116262,0.882706204767523,0.014379454698155,0.04377428271924,L5,L4,0.0019983246573994,0.0019983246573994,-0.0022867804374875,-0.0356908020635674,0.0080834806556725,0.8962472406181016,0.1037527593818984,1.0,-1.0,1,1,1,0.0429369877299613,0.5,0.0044932403937249,0.0,0.0370382520831966,0.0541601255886969,0.0687321757032687,0.1037527593818984,0.1037527593818984,0.0927959901098346,0.083415771029996,0.0420793793724457,0.0,0.0370382520831966,0.0221644417668135,0.0429369877299613,0.0420793793724457,0.04377428271924,0.008083480655672548,0.008083480655672548,0.0,0,0,0,0,0,1
2882.png,0.7231966673975005,0.7377932783766645,0.7377932783766645,0.7699831881399969,0.8330023469940423,0.6241594996090696,0.7376547098156564,0.0622180822579781,0.2088428473849727,L4,L5,0.0145966109791639,0.0145966109791639,0.0467865207424963,0.1098056795965417,-0.0990371677884309,0.8840203349545545,0.1159796650454455,1.0,-1.0,1,1,1,0.0448977826787316,0.5,0.0053021243777262,0.0,0.0339007063490457,0.0430217509289024,0.0803479985769575,0.1159796650454455,0.1159796650454455,0.1132401948218405,0.0824339535191683,0.0387711985382287,0.0,0.0339007063490457,0.0372775421579171,0.0448977826787316,0.0387711985382287,0.2088428473849727,-0.09903716778843097,0.09903716778843097,0.09903716778843097,1,0,0,0,0,1
2883.png,0.721438988818668,0.7213592233009709,0.7213592233009709,0.71875,0.7511781338360037,0.5853658536585366,0.7032419038191917,0.0538837557923583,0.1658122801774672,L4,L5,-7.97655176970613e-05,-7.97655176970613e-05,-0.0026889888186679,0.0297391450173357,-0.1360731351601314,0.880080877761589,0.1199191222384109,1.0,-1.0,1,1,1,0.0402012405668484,0.25,0.0038709230716479,0.0,0.0315718282148237,0.0682101568633487,0.0994513136376835,0.1199191222384109,0.1199191222384109,0.0993303571428571,0.0643587536061142,0.0334608173978252,0.0,0.0315718282148237,0.0402012405668484,0.0361636685618417,0.0334608173978252,0.1658122801774672,-0.13607313516013142,0.13607313516013142,0.13607313516013142,0,0,0,0,0,2
2884.png,0.8967359050445104,0.8999704927707288,0.8999704927707288,0.8999704927707288,0.8970976253298153,0.8971851851851852,0.8984883656452829,0.0014884924443798,0.0032345877262184,H1,H0,0.0032345877262184,0.0032345877262184,0.0032345877262184,0.0003617202853049,0.0004492801406748,0.7367492835322647,0.2632507164677353,1.0,-1.0,1,1,1,0.1061765657001185,0.5,0.0099542543780958,0.0,0.0615804681494048,0.1378204218355239,0.2367820346720958,0.2632507164677353,0.2632507164677353,0.2092913492009979,0.134211882500184,0.0362524120376072,0.0,0.0615804681494048,0.0793095123128923,0.1061765657001185,0.0362524120376072,0.0032345877262184,0.0004492801406748015,0.0004492801406748015,0.0,0,0,0,0,0,5
2885.png,0.2413305024769993,0.3136363636363636,0.6232365145228216,0.6226101413133832,0.1106943740496705,0.1466182777961069,0.3430210289658909,0.2083446371899622,0.512542140473151,H2,L4,0.0723058611593643,0.3819060120458223,0.3812796388363839,-0.1306361284273287,-0.0947122246808924,0.8079349856140527,0.1920650143859472,1.0,-1.0,1,1,1,0.0911952041963282,0.25,0.0336025053943086,0.0,0.0876911963315431,0.1769215114307034,0.1914973407882176,0.1920650143859472,0.1920650143859472,0.1196493899608163,0.0603439503408975,0.0374526466673492,0.0,0.0876911963315431,0.0911952041963282,0.0312616300707108,0.0374526466673492,0.512542140473151,-0.09471222468089241,0.09471222468089241,0.09471222468089241,1,1,0,0,0,3
2886.png,0.5990216631726065,0.5904421616793212,0.4918614974844628,0.5773666202002281,0.4783451842275372,0.304268431864871,0.5068842597715044,0.1020884609430027,0.2947532313077355,H0,L5,-0.0085795014932853,-0.1071601656881436,-0.0216550429723784,-0.1206764789450693,-0.2947532313077355,0.8488003074726843,0.1511996925273157,1.0,-1.0,1,1,1,0.050151586318801,0.0,0.0074598341653649,0.0,0.050151586318801,0.0881287033950252,0.125818419903972,0.1511996925273157,0.1511996925273157,0.1140026582377446,0.0802512212142358,0.0398299370264123,0.0,0.050151586318801,0.0425008473927638,0.0426857225931268,0.0398299370264123,0.2947532313077355,-0.2947532313077355,0.2947532313077355,0.2947532313077355,1,0,0,1,0,2
2891.png,0.906597838361026,0.906597838361026,0.9067182213629772,0.90744920993228,0.9076305220883534,0.908010916680045,0.9071674244642844,0.0005561746820491,0.001413078319019,L5,H0,0.0,0.0001203830019513,0.000851371571254,0.0010326837273274,0.001413078319019,0.6398412671722352,0.3601587328277648,1.0,-1.0,1,1,1,0.1371596675156469,0.25,0.0180151756658158,0.0,0.0840364495443807,0.2136852476887276,0.3205858130124969,0.3601587328277648,0.3601587328277648,0.2932921065701148,0.1741018094932835,0.0531442486749749,0.0,0.0840364495443807,0.1371596675156469,0.126436074499008,0.0531442486749749,0.001413078319019,0.0014130783190189344,0.0014130783190189344,0.0,0,0,0,0,0,5
2895.png,0.7938371239911959,0.7938371239911959,0.7938371239911959,0.7938371239911959,0.7903930131004366,0.7833935018050542,0.7915225018117124,0.0038467798046369,0.0104436221861416,H0,L5,0.0,0.0,0.0,-0.0034441108907592,-0.0104436221861416,0.5548130094084964,0.4451869905915036,1.0,-1.0,1,1,1,0.1780021984061555,0.25,0.0120645776640841,0.0,0.0803989056570469,0.2369630800172388,0.3489457045517325,0.4451869905915036,0.4451869905915036,0.3956119213696892,0.2347389423184701,0.1164477950713359,0.0,0.0803989056570469,0.1780021984061555,0.122902308421511,0.1164477950713359,0.0104436221861416,-0.010443622186141699,0.010443622186141699,0.010443622186141699,0,0,0,0,0,5
2897.png,0.911511534488695,0.9115958668197476,0.9104924068108604,0.9115818558600046,0.9116664747207186,0.9112358263658228,0.9113473275109748,0.0004059794979177,0.001174067909858,L4,H2,8.433233105242799e-05,-0.0010191276778345,7.03213713095785e-05,0.0001549402320235,-0.0002757081228721,0.851758955559843,0.1482410444401569,1.0,-0.7,1,0,0,0.1072051133062172,0.5,0.0105007658004362,0.0,0.0659231533114353,0.0928961748633879,0.106315499172642,0.1482410444401569,0.1482410444401569,0.175991309071157,0.1704583811516911,0.0657332259463477,0.0,0.0659231533114353,0.0326183731282881,0.1072051133062172,0.0657332259463477,0.001174067909858,-0.00027570812287225355,0.00027570812287225355,0.00027570812287225355,0,0,0,0,0,2
2898.png,0.8701784686240644,0.8703917050691244,0.8703917050691244,0.8694276675294794,0.8692904337833955,0.8696777905638665,0.8698929617731758,0.0004481148054931,0.0011012712857288,H1,L4,0.0002132364450599,0.0002132364450599,-0.000750801094585,-0.0008880348406689,-0.0005006780601979,0.6167533093949301,0.3832466906050699,1.0,-1.0,1,1,1,0.1363015810102611,0.0,0.0295069820856945,0.0,0.1363015810102611,0.2653621695846206,0.3207411957411957,0.3832466906050699,0.3832466906050699,0.2747365715754305,0.2158816425120773,0.0996530299362543,0.0,0.1363015810102611,0.1339037927844588,0.1158938053097344,0.0996530299362543,0.0011012712857288,-0.0005006780601979344,0.0005006780601979344,0.0005006780601979344,0,0,0,0,0,5
2910.png,0.0,0.0,0.0,0.0,0.0149736259996596,0.0,0.0024956043332766,0.0055803409341495,0.0149736259996596,L4,H0,0.0,0.0,0.0,0.0149736259996596,0.0,0.7651541964559591,0.2348458035440409,1.0,-1.0,1,1,1,0.0718059658027208,0.0,0.0035406101589434,0.0,0.0718059658027208,0.1158504931649074,0.1730982253871369,0.2348458035440409,0.2348458035440409,0.1745861708368403,0.1290244881573665,0.0665007916760913,0.0,0.0718059658027208,0.0491430163964884,0.0648410209337311,0.0665007916760913,0.0149736259996596,0.0,0.0,0.0,0,0,0,0,0,4
2912.png,0.8528467646561919,0.4188591198004666,0.6565606361829026,0.866948257655755,0.4470669308295288,0.7851616742709779,0.6712405638993038,0.1818543576162027,0.4480891378552883,L3,H1,-0.4339876448557253,-0.1962861284732893,0.014101492999563,-0.4057798338266631,-0.0676850903852139,0.7604906391220142,0.2395093608779858,1.0,-1.0,1,1,1,0.0769009837007251,0.75,0.0077095690707719,0.0,0.0649277405710256,0.097771270538474,0.1681179855566776,0.2395093608779858,0.2395093608779858,0.1865768896611642,0.1499450955785133,0.0769009837007251,0.0,0.0649277405710256,0.0456221643015735,0.0759003702457085,0.0769009837007251,0.4480891378552883,-0.06768509038521398,0.06768509038521398,0.06768509038521398,1,0,0,0,0,4
2916.png,0.8148631029986962,0.8148631029986962,0.8148631029986962,0.8148631029986962,0.8148631029986962,0.8148631029986962,0.8148631029986962,0.0,0.0,H0,H0,0.0,0.0,0.0,0.0,0.0,0.8850568688086378,0.1149431311913622,0.8999999999999998,-0.8999999999999998,0,0,0,0.0630378434421979,0.75,0.0202220608344159,0.0,0.0611595569172754,0.0960915818686402,0.1162738621732072,0.1149431311913622,0.1149431311913622,0.1163650198380347,0.0956577471559044,0.0630378434421979,0.0,0.0611595569172754,0.0411651420317765,0.033757925401268,0.0630378434421979,0.0,0.0,0.0,0.0,0,0,0,0,0,1
2920.png,0.8889667659599323,0.84053176499418,0.8937852450438928,0.8937852450438928,0.9162163699448268,0.8676732849839496,0.8834931126617791,0.0238347532214179,0.0756846049506467,L4,H1,-0.0484350009657522,0.0048184790839604,0.0048184790839604,0.0272496039848945,-0.0212934809759827,0.8306487256298188,0.1693512743701811,1.0,-1.0,1,1,1,0.059059517238594,0.75,0.003126611378384,0.0,0.0403439227290491,0.0795646139906178,0.1184853179436843,0.1693512743701811,0.1693512743701811,0.138539551193915,0.1020816809476133,0.059059517238594,0.0,0.0403439227290491,0.0422293323295535,0.0457158568286343,0.059059517238594,0.0756846049506467,-0.021293480975982715,0.021293480975982715,0.021293480975982715,0,0,0,0,0,3
2924.png,0.871585557299843,0.8455235204855842,0.8709981167608286,0.8307738183986879,0.7461486939048895,0.8370436331255565,0.8336788899958983,0.0421331847615498,0.1254368633949535,H0,L4,-0.0260620368142587,-0.0005874405390143,-0.040811738901155,-0.1254368633949535,-0.0345419241742864,0.765776969928888,0.234223030071112,1.0,-1.0,1,1,1,0.0727469407071867,0.25,0.0059498500049279,0.0,0.0717195228396857,0.127703257596496,0.1816610146951259,0.234223030071112,0.234223030071112,0.1861777595611186,0.121124233816714,0.0649290066765795,0.0,0.0717195228396857,0.0727469407071867,0.0612486009202835,0.0649290066765795,0.1254368633949535,-0.034541924174286476,0.034541924174286476,0.034541924174286476,0,0,0,0,0,4
2927.png,0.878652798415057,0.8792079207920792,0.8627549735582977,0.8675844806007509,0.899663946231397,0.8633274603574125,0.8751985966591657,0.0127821615007459,0.0369089726730993,L4,H2,0.0005551223770222,-0.0158978248567592,-0.011068317814306,0.02101114781634,-0.0153253380576444,0.7566191226290918,0.2433808773709082,1.0,-1.0,1,1,1,0.0996367807302619,0.75,0.0140037640903041,0.0,0.0469179699436095,0.0920235631268906,0.1561109625343415,0.2433808773709082,0.2433808773709082,0.2197634490652422,0.1771615675841604,0.0996367807302619,0.0,0.0469179699436095,0.0516341735676644,0.0789178292442672,0.0996367807302619,0.0369089726730993,-0.015325338057644466,0.015325338057644466,0.015325338057644466,0,0,0,0,0,4
2933.png,0.8159784560143627,0.8159784560143627,0.8090040927694406,0.8159784560143627,0.726555158804736,0.735306553911205,0.7864668622547449,0.0394282441448144,0.0894232972096267,H0,L4,0.0,-0.006974363244922,0.0,-0.0894232972096267,-0.0806719021031576,0.5504516328263722,0.4495483671736278,1.0,-1.0,1,1,1,0.2132788271778968,0.0,0.0554506198631262,0.0,0.2132788271778968,0.3396169048342962,0.3986799180638798,0.4495483671736278,0.4495483671736278,0.2798819478603049,0.1547136756815942,0.0666084297881633,0.0,0.2132788271778968,0.1419753086419752,0.0857814336075205,0.0666084297881633,0.0894232972096267,-0.08067190210315767,0.08067190210315767,0.08067190210315767,0,0,0,0,0,5
2940.png,0.0275886153308887,0.0275886153308887,0.0275886153308887,0.0275886153308887,0.8618816333872998,0.6732972428553443,0.2742555562610332,0.3530620797985766,0.8342930180564111,L4,H0,0.0,0.0,0.0,0.8342930180564111,0.6457086275244556,0.8441846841323688,0.1558153158676312,1.0,-1.0,1,1,1,0.0465552598280902,0.25,0.0010270074430011,0.0,0.0374543557642149,0.0809779577940184,0.1162962227486135,0.1558153158676312,0.1558153158676312,0.1264051015996541,0.0878062427560848,0.0433726847666038,0.0,0.0374543557642149,0.0465552598280902,0.0462702492967309,0.0433726847666038,0.8342930180564111,0.6457086275244556,0.6457086275244556,0.0,1,1,1,0,0,2
2941.png,0.9323038527530808,0.9313185740502128,0.9313185740502128,0.9323038527530808,0.9341363901301728,0.7948148805824381,0.9093660207198664,0.0512374413551247,0.1393215095477348,L4,L5,-0.0009852787028679,-0.0009852787028679,0.0,0.0018325373770922,-0.1374889721706426,0.8344113665267274,0.1655886334732725,1.0,-1.0,1,1,1,0.0611108756164073,0.25,0.0096301880343162,0.0,0.0529919891271677,0.1092371211916777,0.1343047800626446,0.1655886334732725,0.1655886334732725,0.1315736680709598,0.0814348684308167,0.0375290501536846,0.0,0.0529919891271677,0.0611108756164073,0.0447386306551225,0.0375290501536846,0.1393215095477348,-0.1374889721706427,0.1374889721706427,0.1374889721706427,0,0,0,0,0,3
2943.png,0.907447485677912,0.9082813891362422,0.9037871033776868,0.908836617927527,0.3401564590004459,0.9427485595194312,0.8185429357732076,0.2143428656314293,0.6025921005189853,L5,L4,0.0008339034583301,-0.0036603823002253,0.0013891322496148,-0.5672910266774662,0.035301073841519,0.8339139330993668,0.1660860669006332,1.0,-1.0,1,1,1,0.0627009069942521,0.0,0.0103277925905785,0.0,0.0627009069942521,0.0986498982800073,0.139417258029583,0.1660860669006332,0.1660860669006332,0.1096663531234438,0.0722953782597469,0.0331445603576751,0.0,0.0627009069942521,0.0390663971225287,0.0436705829318456,0.0331445603576751,0.6025921005189853,0.03530107384151915,0.03530107384151915,0.0,1,1,0,0,0,3
2947.png,0.7883346124328473,0.8162058258169451,0.8162058258169451,0.8162058258169451,0.865872604867944,0.6941975953998955,0.7995037150252537,0.0523702185357844,0.1716750094680486,L4,L5,0.0278712133840978,0.0278712133840978,0.0278712133840978,0.0775379924350967,-0.0941370170329518,0.7564686344886699,0.2435313655113301,1.0,-1.0,1,1,1,0.0814164305949008,0.25,0.0121035781078138,0.0,0.0714345578991478,0.1506593996215864,0.2037209812853301,0.2435313655113301,0.2435313655113301,0.1802917550976547,0.1104535953744673,0.0475838394507526,0.0,0.0714345578991478,0.0814164305949008,0.0635101677469608,0.0475838394507526,0.1716750094680486,-0.09413701703295185,0.09413701703295185,0.09413701703295185,0,0,0,0,0,4
2951.png,0.8580760460960128,0.856155080874182,0.8488877842674288,0.8488877842674288,0.7692001062981664,0.8272589217919514,0.8347442872658618,0.0309702556843312,0.0888759397978464,H0,L4,-0.0019209652218308,-0.009188261828584,-0.009188261828584,-0.0888759397978464,-0.0308171243040614,0.837052019467796,0.162947980532204,1.0,-1.0,1,1,1,0.0829284415799042,0.0,0.0145707748921177,0.0,0.0829284415799042,0.1057930351543159,0.1285543685246748,0.162947980532204,0.162947980532204,0.148852769235968,0.1091013397226066,0.0510207446983939,0.0,0.0829284415799042,0.0506266373999858,0.0599848139711465,0.0510207446983939,0.0888759397978464,-0.030817124304061472,0.030817124304061472,0.030817124304061472,0,0,0,0,0,3
2955.png,0.7222878752068069,0.7157794676806084,0.7154742096505824,0.713536701620591,0.723885875972648,0.7174377224199289,0.7180669754251943,0.0037538883103706,0.0103491743520569,L4,L3,-0.0065084075261985,-0.0068136655562245,-0.0087511735862159,0.001598000765841,-0.004850152786878,0.8115892917655032,0.1884107082344968,1.0,-1.0,1,1,1,0.0663732190432062,0.25,0.0085058352071125,0.0,0.0569249196242829,0.1168953536305282,0.1513249651324965,0.1884107082344968,0.1884107082344968,0.1356789505864043,0.0743628656653933,0.04292511377741,0.0,0.0569249196242829,0.0663732190432062,0.0379882864972328,0.04292511377741,0.0103491743520569,-0.004850152786878059,0.004850152786878059,0.004850152786878059,0,0,0,0,0,3
2957.png,0.7887101549393072,0.7895579115823165,0.7895579115823165,0.7425126782126112,0.4845032345273728,0.8833701250919794,0.7463686693226507,0.1244194493029055,0.3988668905646066,L5,L4,0.0008477566430092,0.0008477566430092,-0.0461974767266959,-0.3042069204119343,0.0946599701526722,0.8636178485465654,0.1363821514534345,1.0,-1.0,1,1,1,0.0381543921916592,0.25,0.001826833654008,0.0,0.0366245274582334,0.0743801652892561,0.1027027027027026,0.1363821514534345,0.1363821514534345,0.1011048117458932,0.0633009708737863,0.0348466678088058,0.0,0.0366245274582334,0.0381543921916592,0.0332004349401957,0.0348466678088058,0.3988668905646066,0.09465997015267225,0.09465997015267225,0.0,1,0,0,0,0,2
2958.png,0.7775097420671738,0.7775097420671738,0.7766791044776119,0.7766791044776119,0.7891143911439115,0.7875058275058275,0.7808329852898851,0.0053182993647358,0.0124352866662995,L4,H2,0.0,-0.0008306375895619,-0.0008306375895619,0.0116046490767376,0.0099960854386537,0.7225627385220308,0.2774372614779692,1.0,-1.0,1,1,1,0.1001283697047497,0.25,0.0200281167616685,0.0,0.0898014667628844,0.1858999947932034,0.2405950144692085,0.2774372614779692,0.2774372614779692,0.2064343163538874,0.1296509950966253,0.0719980332244583,0.0,0.0898014667628844,0.1001283697047497,0.0760632194544176,0.0719980332244583,0.0124352866662995,0.009996085438653712,0.009996085438653712,0.0,0,0,0,0,0,5
2959.png,0.8883686083536243,0.9071317687882384,0.9071317687882384,0.9071317687882384,0.9053942668742558,0.8795534109187245,0.8991185987518867,0.0110330983936685,0.027578357869514,H1,L5,0.0187631604346142,0.0187631604346142,0.0187631604346142,0.0170256585206315,-0.0088151974348997,0.874473974750788,0.1255260252492119,1.0,-1.0,1,1,1,0.0369619911183155,0.0,0.0018934061136339,0.0,0.0369619911183155,0.0643574230436806,0.0918523835938265,0.1255260252492119,0.1255260252492119,0.0975735341443007,0.0684905451029498,0.0362353820520406,0.0,0.0369619911183155,0.0315807071804731,0.0326083443751413,0.0362353820520406,0.027578357869514,-0.00881519743489978,0.00881519743489978,0.00881519743489978,0,0,0,0,0,2
2961.png,0.7764162670928787,0.7679627306934241,0.7490445859872611,0.7440585009140768,0.7764162670928787,0.7837123215230037,0.7662684455505872,0.0147369091863972,0.0396538206089269,L5,L3,-0.0084535363994545,-0.0273716811056176,-0.0323577661788019,0.0,0.007296054430125,0.6955716995974273,0.3044283004025727,1.0,-1.0,1,1,1,0.0999362786745964,0.25,0.0055332388329445,0.0,0.058235294117647,0.1554156718037769,0.2349141168811658,0.3044283004025727,0.3044283004025727,0.2567794685441744,0.1620526383142089,0.0778097982708934,0.0,0.058235294117647,0.0999362786745964,0.0856382734736939,0.0778097982708934,0.0396538206089269,0.007296054430125043,0.007296054430125043,0.0,0,0,0,0,0,5
2968.png,0.918588704650293,0.9185277604491578,0.9185277604491578,0.9192019950124688,0.9251231527093596,0.9217585692995528,0.9202879904283318,0.002442852630916,0.0065953922602017,L4,H1,-6.094420113511578e-05,-6.094420113511578e-05,0.0006132903621758,0.0065344480590666,0.0031698646492599,0.7854295532646048,0.2145704467353951,1.0,-1.0,1,1,1,0.0771263978312436,0.5,0.0082358659794431,0.0,0.0565945397979515,0.1144019188653665,0.1920385413369905,0.2145704467353951,0.2145704467353951,0.1596974644320794,0.1054253803068968,0.0324699259457829,0.0,0.0565945397979515,0.0584905660377358,0.0771263978312436,0.0324699259457829,0.0065953922602017,0.003169864649259835,0.003169864649259835,0.0,0,0,0,0,0,4
2969.png,0.6065659197498697,0.5674768363099234,0.5394213629507747,0.534672537149147,0.5864900662251655,0.5909924063891071,0.5709365214623312,0.0265639369975123,0.0718933826007227,H0,L3,-0.0390890834399463,-0.067144556799095,-0.0718933826007227,-0.0200758535247042,-0.0155735133607626,0.8390746794065879,0.1609253205934121,1.0,-1.0,1,1,1,0.0575204041974348,0.75,0.0023483122568197,0.0,0.0407807269812833,0.0733626475352927,0.116601838755304,0.1609253205934121,0.1609253205934121,0.1337747255006786,0.1046902189308405,0.0575204041974348,0.0,0.0407807269812833,0.0355394378966454,0.051250372768713,0.0575204041974348,0.0718933826007227,-0.015573513360762625,0.015573513360762625,0.015573513360762625,0,0,0,0,0,3
2977.png,0.914538822303283,0.914538822303283,0.914538822303283,0.914538822303283,0.0,0.914538822303283,0.7621156852527359,0.3408284957887902,0.914538822303283,H0,L4,0.0,0.0,0.0,-0.914538822303283,0.0,0.8425720620842572,0.1574279379157428,0.8999999999999998,-1.0,0,1,0,0.1324956827249449,0.0,0.0273729973963667,0.0,0.1324956827249449,0.0953078245368307,0.1452033865936723,0.1574279379157428,0.1574279379157428,0.1022256233658567,0.0674888660500171,0.0336370487086387,0.0,0.1324956827249449,0.0796063286408371,0.0549098196392785,0.0336370487086387,0.914538822303283,0.0,0.0,0.0,1,1,1,0,0,3
2978.png,0.93440055681225,0.93440055681225,0.9364161849710982,0.935754189944134,0.930280599070408,0.9335883171070932,0.934140067452872,0.0019630646289912,0.0061355859006902,H2,L4,0.0,0.0020156281588483,0.0013536331318841,-0.0041199577418419,-0.0008122397051566,0.6874766355140187,0.3125233644859813,1.0,-1.0,1,1,1,0.1162145010312549,0.75,0.0102070649514547,0.0,0.0631950506699055,0.1405270244277745,0.2140276468740182,0.3125233644859813,0.3125233644859813,0.2577888484383981,0.1871965194421784,0.1162145010312549,0.0,0.0631950506699055,0.0808208366219416,0.0785460195445066,0.1162145010312549,0.0061355859006902,-0.0008122397051567587,0.0008122397051567587,0.0008122397051567587,0,0,0,0,0,5
2979.png,0.9454203262233376,0.9490822027134876,0.917579639305579,0.9490822027134876,0.9456957729095958,0.9054607508532424,0.935386815786455,0.017295173081065,0.0436214518602453,H1,L5,0.0036618764901501,-0.0278406869177585,0.0036618764901501,0.0002754466862583,-0.0399595753700952,0.5471214776863961,0.4528785223136039,1.0,-1.0,1,1,1,0.1899343908313263,0.5,0.0100580936128834,0.0,0.1262487585441374,0.2283675289919714,0.3749919639987142,0.4528785223136039,0.4528785223136039,0.3631013105234246,0.2830388692579505,0.0863071281638493,0.0,0.1262487585441374,0.104609277365287,0.1899343908313263,0.0863071281638493,0.0436214518602453,-0.0399595753700952,0.0399595753700952,0.0399595753700952,0,0,0,0,0,5
2980.png,0.9336269267065116,0.9336269267065116,0.9338999055712937,0.9333333333333332,0.93061863743148,0.9334591788579518,0.9330941514345136,0.0011206814362731,0.0032812681398136,H2,L4,0.0,0.0002729788647821,-0.0002935933731781,-0.0030082892750314,-0.0001677478485596,0.7932050455759139,0.2067949544240861,1.0,-1.0,1,1,1,0.0688571913737476,0.0,0.0056158089664483,0.0,0.0688571913737476,0.10783605861117,0.1615782264834533,0.2067949544240861,0.2067949544240861,0.1421239268383725,0.1218897343728117,0.064898337315325,0.0,0.0688571913737476,0.0416684583960438,0.0602722550600035,0.064898337315325,0.0032812681398136,-0.00016774784855977387,0.00016774784855977387,0.00016774784855977387,0,0,0,0,0,4
2981.png,0.7894484412470024,0.784785748675975,0.7845783132530121,0.7845783132530121,0.7888809010304337,0.7845783132530121,0.786141671785408,0.002145106769296,0.0048701279939903,H0,H2,-0.0046626925710274,-0.0048701279939903,-0.0048701279939903,-0.0005675402165686,-0.0048701279939903,0.6690610569522832,0.3309389430477167,1.0,-1.0,1,1,1,0.1069562377531025,0.5,0.0080763331808336,0.0,0.1013744595728205,0.1626510044717346,0.2671276823269409,0.3309389430477167,0.3309389430477167,0.2394571013087736,0.1751517194875252,0.0704070407040704,0.0,0.1013744595728205,0.101180930164747,0.1069562377531025,0.0704070407040704,0.0048701279939903,-0.004870127993990336,0.004870127993990336,0.004870127993990336,0,0,0,0,0,5
2982.png,0.8929778445362373,0.0,0.9314401622718051,0.0,0.0,0.0,0.3040696678013404,0.4301627656024726,0.9314401622718051,H2,H1,-0.8929778445362373,0.0384623177355679,-0.8929778445362373,-0.8929778445362373,-0.8929778445362373,0.7134901693374247,0.2865098306625753,1.0,-1.0,1,1,1,0.0989421976611124,0.75,0.0062321137052223,0.0,0.084805308870889,0.1581137309292649,0.2117584712740422,0.2865098306625753,0.2865098306625753,0.2265228610362123,0.1736600846262341,0.0989421976611124,0.0,0.084805308870889,0.0884809142238901,0.0788290473879993,0.0989421976611124,0.9314401622718051,-0.8929778445362373,0.8929778445362373,0.8929778445362373,1,1,1,1,1,5
2984.png,0.8273999035214665,0.8273999035214665,0.8273999035214665,0.8126101429410613,0.8106171932402645,0.8373012307968736,0.8237880462570998,0.0093109217842474,0.026684037556609,L5,L4,0.0,0.0,-0.0147897605804052,-0.016782710281202,0.009901327275407,0.7595289138847899,0.24047108611521,1.0,-1.0,1,1,1,0.0966813192462918,0.75,0.0166199742097661,0.0,0.0229962800135272,0.1018741294162339,0.1527363486942229,0.24047108611521,0.24047108611521,0.2246399191397367,0.1486116646738408,0.0966813192462918,0.0,0.0229962800135272,0.082523651240092,0.0532222607890778,0.0966813192462918,0.026684037556609,0.009901327275407046,0.009901327275407046,0.0,0,0,0,0,0,4
2990.png,0.8280114972563366,0.8280114972563366,0.8283745693704979,0.828080079452198,0.618160963486905,0.8269432222920595,0.7929303048523889,0.0781605014235617,0.2102136058835929,H2,L4,0.0,0.0003630721141613,6.858219586136638e-05,-0.2098505337694316,-0.001068274964277,0.8180002482481579,0.1819997517518421,1.0,-1.0,1,1,1,0.0601404690704522,0.5,0.0100688364747067,0.0,0.0262654867256637,0.0692299633315872,0.1271599951969785,0.1819997517518421,0.1819997517518421,0.1577819326006657,0.1158486671174858,0.0595898073337476,0.0,0.0262654867256637,0.0442434819398169,0.0601404690704522,0.0595898073337476,0.2102136058835929,-0.0010682749642770828,0.0010682749642770828,0.0010682749642770828,1,0,0,0,0,3
2991.png,0.759581881533101,0.7587324981577008,0.7590710463003879,0.761242284706574,0.7611772195289163,0.7574057671489026,0.7595351162292637,0.0013544247625231,0.0038365175576713,L3,L5,-0.0008493833754001,-0.0005108352327131,0.0016604031734729,0.0015953379958152,-0.0021761143841984,0.5880600291677774,0.4119399708322225,1.0,-1.0,1,1,1,0.1453049301795383,0.5,0.0108246204037416,0.0,0.0827848634712874,0.1837056434373664,0.3206136089273621,0.4119399708322225,0.4119399708322225,0.3404476114704763,0.2438494238944352,0.1032064795295684,0.0,0.0827848634712874,0.1035603872447276,0.1453049301795383,0.1032064795295684,0.0038365175576713,-0.002176114384198402,0.002176114384198402,0.002176114384198402,0,0,0,0,0,5
3001.png,0.0072250213898659,0.0083011583011583,0.0060340632603406,0.0005853087503658,0.008169468984516,0.0057165385373546,0.0060052598706002,0.0026109649763174,0.0077158495507924,H1,L3,0.0010761369112923,-0.0011909581295253,-0.0066397126395001,0.00094444759465,-0.0015084828525113,0.7676481662775811,0.2323518337224188,1.0,-1.0,1,1,1,0.0837883582309221,0.75,0.0028381768193208,0.0,0.0462357619464851,0.1156737803850174,0.1724273241555214,0.2323518337224188,0.2323518337224188,0.1990140781176755,0.1408819302624612,0.0837883582309221,0.0,0.0462357619464851,0.0717938297944393,0.0666316204494676,0.0837883582309221,0.0077158495507924,-0.0015084828525112996,0.0015084828525112996,0.0015084828525112996,0,0,0,0,0,4
3008.png,0.7516298095359837,0.7516298095359837,0.7402884240613226,0.7540858018386108,0.747377732844686,0.7512482396620151,0.7493766362464337,0.004517077506463,0.0137973777772882,L3,H2,0.0,-0.0113413854746611,0.0024559923026271,-0.0042520766912976,-0.0003815698739685,0.611468297527573,0.3885317024724269,1.0,-1.0,1,1,1,0.1724726162686298,0.75,0.0421878280252022,0.0,0.0272835112692764,0.1102994886778671,0.2342754136354857,0.3885317024724269,0.3885317024724269,0.366412213740458,0.2937894582293349,0.1724726162686298,0.0,0.0272835112692764,0.0835305083530508,0.1288387288387288,0.1724726162686298,0.0137973777772882,-0.0003815698739685347,0.0003815698739685347,0.0003815698739685347,0,0,0,0,0,5
3015.png,0.9568267223382044,0.9570449607220458,0.9561793045664012,0.9564197116996312,0.9567106802607388,0.9567106802607388,0.9566486766412932,0.0002796322971611,0.0008656561556444,H1,H2,0.0002182383838412,-0.0006474177718032,-0.0004070106385732,-0.0001160420774657,-0.0001160420774657,0.8328689894785145,0.1671310105214855,1.0,-1.0,1,1,1,0.0587913590374623,0.75,0.0050078631426243,0.0,0.0538243626062322,0.0916007200353224,0.1303107488537952,0.1671310105214855,0.1671310105214855,0.128320364904749,0.101251110959185,0.0587913590374623,0.0,0.0538243626062322,0.0402782608695652,0.0479602695991486,0.0587913590374623,0.0008656561556444,-0.00011604207746562789,0.00011604207746562789,0.00011604207746562789,0,0,0,0,0,3
3016.png,0.9232526267702148,0.9173439656494404,0.9173439656494404,0.9424616535727648,0.795623557569023,0.9053089102763116,0.9002224465811991,0.0480756908993973,0.1468380960037416,L3,L4,-0.0059086611207743,-0.0059086611207743,0.0192090268025499,-0.1276290692011916,-0.017943716493903,0.8502780352177942,0.1497219647822057,1.0,-1.0,1,1,1,0.0495797402030345,0.75,0.0068046649175879,0.0,0.0288510037324725,0.0586962401947525,0.1030123786581439,0.1497219647822057,0.1497219647822057,0.1249253388467723,0.0951172971152767,0.0495797402030345,0.0,0.0288510037324725,0.0313619416624022,0.0461765792390099,0.0495797402030345,0.1468380960037416,-0.01794371649390325,0.01794371649390325,0.01794371649390325,0,0,0,0,0,2
3018.png,0.5457567949463885,0.5439107633397153,0.5399766316140878,0.5416666666666666,0.5447593716233065,0.542,0.5430117046983608,0.0019766347209852,0.0057801633323006,H0,H2,-0.0018460316066731,-0.0057801633323006,-0.0040901282797218,-0.000997423323082,-0.0037567949463884,0.610513208218447,0.389486791781553,1.0,-1.0,1,1,1,0.1282550748410909,0.0,0.0295655602787054,0.0,0.1282550748410909,0.2534192825112107,0.350383631713555,0.389486791781553,0.389486791781553,0.274642893323878,0.1558397077291928,0.063039260207241,0.0,0.1282550748410909,0.1279305537954631,0.1046840375945594,0.063039260207241,0.0057801633323006,-0.0037567949463884753,0.0037567949463884753,0.0037567949463884753,0,0,0,0,0,5
3021.png,0.7274081429990069,0.7274081429990069,0.7274081429990069,0.7274081429990069,0.728489957847756,0.7274081429990069,0.7275884454737985,0.0004031685901452,0.0010818148487491,L4,H0,0.0,0.0,0.0,0.0010818148487491,0.0,0.7209242618741977,0.2790757381258023,1.0,-1.0,1,1,1,0.0966168615003484,0.75,0.0136082659558402,0.0,0.0486497845959861,0.1093655589123867,0.1925569339011293,0.2790757381258023,0.2790757381258023,0.2465612104539202,0.1882108758821087,0.0966168615003484,0.0,0.0486497845959861,0.0643920218689885,0.0920086006092097,0.0966168615003484,0.0010818148487491,0.0,0.0,0.0,0,0,0,0,0,5
3031.png,0.2548105534616147,0.2548105534616147,0.2193717806282193,0.2545840278830126,0.1614032417624229,0.1911163969181447,0.2226827590191715,0.0361585820518759,0.0934073116991917,H0,L4,0.0,-0.0354387728333953,-0.0002265255786021,-0.0934073116991917,-0.06369415654347,0.8290603325135848,0.1709396674864152,1.0,-1.0,1,1,1,0.0658501538484687,0.25,0.0106084505623914,0.0,0.0545998203247563,0.1161575648297353,0.1386943688870884,0.1709396674864152,0.1709396674864152,0.1339349954640722,0.0814440662658159,0.043098288040225,0.0,0.0545998203247563,0.0658501538484687,0.0405829651548809,0.043098288040225,0.0934073116991917,-0.06369415654346999,0.06369415654346999,0.06369415654346999,0,0,0,0,0,3
3039.png,0.7546239210850801,0.0,0.0,0.7786259541984732,0.1019361244415025,0.1450094161958568,0.2966992359868187,0.3363905773714906,0.7786259541984732,L3,H1,-0.7546239210850801,-0.7546239210850801,0.0240020331133931,-0.6526877966435776,-0.6096145048892233,0.8932937478169752,0.1067062521830247,1.0,-1.0,1,1,1,0.0414606314187904,0.75,0.0068687738135091,0.0,0.0176305255089004,0.0412622736818207,0.0668227100162703,0.1067062521830247,0.1067062521830247,0.0893007827276166,0.0673608283404106,0.0414606314187904,0.0,0.0176305255089004,0.0246531816505433,0.0266693288456602,0.0414606314187904,0.7786259541984732,-0.6096145048892233,0.6096145048892233,0.6096145048892233,1,1,0,1,1,1
3045.png,0.8039156626506024,0.8034342521464076,0.8026851712173781,0.8033466495816688,0.8103512566186889,0.8021140052850132,0.8043078329166264,0.0027631411772696,0.0082372513336757,L4,L5,-0.0004814105041948,-0.0012304914332242,-0.0005690130689336,0.0064355939680864,-0.0018016573655892,0.7463601085402504,0.2536398914597496,1.0,-1.0,1,1,1,0.088689560002123,0.0,0.0192475428434315,0.0,0.088689560002123,0.1716925518648679,0.2163154395397912,0.2536398914597496,0.2536398914597496,0.1812730479397146,0.1010525584465209,0.050754555808656,0.0,0.088689560002123,0.0869673251335569,0.0558284948637785,0.050754555808656,0.0082372513336757,-0.0018016573655892376,0.0018016573655892376,0.0018016573655892376,0,0,0,0,0,4
3046.png,0.624901151041209,0.6422464049747376,0.6091007920484547,0.7197041732699418,0.6913439635535308,0.5039255789404236,0.631870343971383,0.0686736736082225,0.2157785943295183,L3,L5,0.0173452539335285,-0.0158003589927543,0.0948030222287328,0.0664428125123217,-0.1209755721007854,0.7051331698291812,0.2948668301708188,1.0,-1.0,1,1,1,0.1148172855978059,0.0,0.0281284709911196,0.0,0.1148172855978059,0.2119567418688485,0.256168572745172,0.2948668301708188,0.2948668301708188,0.1988055025211729,0.0902172714238447,0.0426195426195425,0.0,0.1148172855978059,0.1117714285714285,0.0478575996589213,0.0426195426195425,0.2157785943295183,-0.12097557210078547,0.12097557210078547,0.12097557210078547,1,0,0,0,0,5
3047.png,0.9272503082614056,0.9265885256014804,0.9279112754158964,0.9132207338380895,0.8507462686567164,0.9307173513182097,0.9127390771819665,0.0282817293528169,0.0799710826614932,L5,L4,-0.0006617826599251,0.0006609671544908,-0.0140295744233159,-0.0765040396046892,0.003467043056804,0.8102893890675241,0.1897106109324758,1.0,-1.0,1,1,1,0.1228018671285559,0.0,0.0287097593968068,0.0,0.1228018671285559,0.1395434012941032,0.165769444960089,0.1897106109324758,0.1897106109324758,0.1441402539079368,0.0821819486811412,0.0381258334343557,0.0,0.1228018671285559,0.0714793639957903,0.045307637060091,0.0381258334343557,0.0799710826614932,0.003467043056804009,0.003467043056804009,0.0,0,0,0,0,0,3
3051.png,0.6668079694785927,0.6667608818541549,0.6570531125071388,0.6386797915460336,0.6658652146241426,0.6581050228310502,0.6588786654735188,0.0098804583279309,0.028128177932559,H0,L3,-4.708762443772496e-05,-0.0097548569714538,-0.028128177932559,-0.00094275485445,-0.0087029466475424,0.5863098529249143,0.4136901470750856,1.0,-1.0,1,1,1,0.1346715196944033,0.25,0.0066867959526182,0.0,0.0983132392107448,0.2299403502020396,0.315497015846882,0.4136901470750856,0.4136901470750856,0.3287474679270763,0.2034671075705195,0.113379064190508,0.0,0.0983132392107448,0.1346715196944033,0.0922489082969432,0.113379064190508,0.028128177932559,-0.008702946647542453,0.008702946647542453,0.008702946647542453,0,0,0,0,0,5
3056.png,0.4738880413097054,0.4925353925353925,0.5661770026774731,0.5537122207621551,0.5755029677021506,0.5596208795037981,0.5369060840817791,0.0389121794235673,0.1016149263924451,L4,H0,0.0186473512256871,0.0922889613677676,0.0798241794524496,0.1016149263924451,0.0857328381940927,0.8862661977937281,0.1137338022062719,1.0,-1.0,1,1,1,0.0356085575597771,0.25,0.0019709951233284,0.0,0.0277427647917732,0.0621069755019787,0.0892245671127085,0.1137338022062719,0.1137338022062719,0.091691736922839,0.0608973616548145,0.0302819675169713,0.0,0.0277427647917732,0.0356085575597771,0.0328741536306327,0.0302819675169713,0.1016149263924451,0.08573283819409272,0.08573283819409272,0.0,0,0,0,0,0,1
3063.png,0.8738494856524093,0.875,0.8675105485232067,0.8675105485232067,0.8729729729729729,0.8630330415136966,0.8699794328642486,0.0042737145807089,0.0119669584863033,H1,L5,0.0011505143475907,-0.0063389371292025,-0.0063389371292025,-0.0008765126794363,-0.0108164441387126,0.71904047976012,0.28095952023988,1.0,-1.0,1,1,1,0.1077225774717166,0.75,0.0077573044572645,0.0,0.0752937762947918,0.1348298334540187,0.1826369407943304,0.28095952023988,0.28095952023988,0.2178806882135391,0.1513400738244262,0.1077225774717166,0.0,0.0752937762947918,0.0638363805392004,0.0625197347647615,0.1077225774717166,0.0119669584863033,-0.010816444138712633,0.010816444138712633,0.010816444138712633,0,0,0,0,0,5
