filename,H0,H1,H2,range3,median3,oracle3,unique_prompt_texts,H0_H1_abs,H0_H2_abs,H1_H2_abs,box_H0_H1,box_H0_H2,box_H1_H2
100.png,0.8378088077336198,0.8394396551724138,0.8388600107546155,0.0016308474387940475,0.8388600107546155,0.8394396551724138,3,0.0016308474387940475,0.0010512030209957057,0.0005796444177983417,0.9767441860465116,0.9234268385140257,0.9441860465116279
1004.png,0.7432183302607321,0.7382445141065831,0.7382445141065831,0.004973816154149047,0.7382445141065831,0.7432183302607321,3,0.004973816154149047,0.004973816154149047,0.0,0.9375,0.9375,1.0
1007.png,0.6557842441447835,0.609268614100593,0.6103038309114928,0.04651563004419057,0.6103038309114928,0.6557842441447835,3,0.04651563004419057,0.04548041323329077,0.0010352168108997972,0.9481429572529783,0.9256661991584852,0.975609756097561
1008.png,0.7329725695092368,0.7317528467425798,0.514760551060573,0.2182120184486639,0.7317528467425798,0.7329725695092368,3,0.0012197227666570498,0.2182120184486639,0.21699229568200684,0.96875,0.9375,0.96875
1011.png,0.5112868994790661,0.5112868994790661,0.5112868994790661,0.0,0.5112868994790661,0.5112868994790661,2,0.0,0.0,0.0,1.0,1.0,1.0
1015.png,0.8505621058404168,0.8499724214009928,0.8505621058404168,0.0005896844394239764,0.8505621058404168,0.8505621058404168,3,0.0005896844394239764,0.0,0.0005896844394239764,0.9545454545454546,1.0,0.9545454545454546
1016.png,0.5797453001819285,0.5819506272764063,0.5797453001819285,0.002205327094477849,0.5797453001819285,0.5819506272764063,3,0.002205327094477849,0.0,0.002205327094477849,0.9795918367346939,1.0,0.9795918367346939
102.png,0.8760962446593209,0.8760962446593209,0.8445217391304348,0.03157450552888608,0.8760962446593209,0.8760962446593209,3,0.0,0.03157450552888608,0.03157450552888608,1.0,0.868421052631579,0.868421052631579
1023.png,0.9470722229666354,0.9466077880369329,0.9466077880369329,0.0004644349297024952,0.9466077880369329,0.9470722229666354,3,0.0004644349297024952,0.0004644349297024952,0.0,0.9777777777777777,0.9777777777777777,1.0
1027.png,0.7182587666263603,0.7112555593568252,0.7204990469589326,0.00924348760210747,0.7182587666263603,0.7204990469589326,3,0.007003207269535183,0.0022402803325722864,0.00924348760210747,0.9767441860465116,0.9761904761904762,0.9534883720930233
1029.png,0.4676258992805755,0.4676258992805755,0.4676258992805755,0.0,0.4676258992805755,0.4676258992805755,3,0.0,0.0,0.0,1.0,1.0,1.0
1031.png,0.8929537140130428,0.8965186841264772,0.8965186841264772,0.0035649701134343736,0.8965186841264772,0.8965186841264772,2,0.0035649701134343736,0.0035649701134343736,0.0,0.967741935483871,0.967741935483871,1.0
1035.png,0.8906018381262971,0.7311342069588793,0.8467792370231395,0.1594676311674178,0.8467792370231395,0.8906018381262971,3,0.1594676311674178,0.04382260110315761,0.11564503006426019,0.9487179487179487,0.907469342251951,0.9565217391304348
1037.png,0.7256165296600755,0.7243604004449388,0.7262631871182677,0.0019027866733288823,0.7256165296600755,0.7262631871182677,3,0.0012561292151367365,0.0006466574581921458,0.0019027866733288823,0.9565217391304348,0.9483344663494222,0.9061862678450034
1039.png,0.7779960707269156,0.7779960707269156,0.7696162468679942,0.008379823858921331,0.7779960707269156,0.7779960707269156,3,0.0,0.008379823858921331,0.008379823858921331,1.0,0.9438202247191011,0.9438202247191011
1040.png,0.706026683024076,0.6992446431324186,0.6992446431324186,0.0067820398916573765,0.6992446431324186,0.706026683024076,2,0.0067820398916573765,0.0067820398916573765,0.0,0.8878048780487805,0.8878048780487805,1.0
1041.png,0.9296274393849793,0.930576070901034,0.9326668626874449,0.003039423302465649,0.930576070901034,0.9326668626874449,3,0.0009486315160547321,0.003039423302465649,0.002090791786410917,0.9527696793002915,0.8636363636363636,0.8662190082644629
1047.png,0.7210327455919395,0.7361156044430066,0.7101509199917304,0.0259646844512762,0.7210327455919395,0.7361156044430066,3,0.015082858851067082,0.010881825600209116,0.0259646844512762,0.9824561403508771,0.9448727833461835,0.9286540686463556
1053.png,0.8501133052767886,0.8495546558704453,0.8495546558704453,0.0005586494063433145,0.8495546558704453,0.8501133052767886,2,0.0005586494063433145,0.0005586494063433145,0.0,0.9782608695652174,0.9782608695652174,1.0
1054.png,0.7921168229846848,0.7900217970452894,0.7926389222997354,0.0026171252544460177,0.7921168229846848,0.7926389222997354,3,0.0020950259393953674,0.0005220993150506503,0.0026171252544460177,0.9076363636363637,0.9443636363636364,0.961108971890643
1057.png,0.58298755186722,0.34239462431276724,0.5320902580732334,0.24059292755445272,0.5320902580732334,0.58298755186722,3,0.24059292755445272,0.05089729379398655,0.18969563376046616,0.918918918918919,0.9714285714285714,0.9444444444444444
1060.png,0.858248220365212,0.858248220365212,0.858248220365212,0.0,0.858248220365212,0.858248220365212,2,0.0,0.0,0.0,1.0,1.0,1.0
1061.png,0.7391304347826086,0.7457021656619781,0.7457021656619781,0.006571730879369464,0.7457021656619781,0.7457021656619781,3,0.006571730879369464,0.006571730879369464,0.0,0.9655172413793104,0.9655172413793104,1.0
1069.png,0.6019019205668469,0.6042680643953575,0.6042680643953575,0.002366143828510636,0.6042680643953575,0.6042680643953575,2,0.002366143828510636,0.002366143828510636,0.0,0.9836065573770492,0.9836065573770492,1.0
1072.png,0.4184884447220487,0.4184884447220487,0.4190715181932246,0.0005830734711758656,0.4184884447220487,0.4190715181932246,3,0.0,0.0005830734711758656,0.0005830734711758656,1.0,0.9333333333333333,0.9333333333333333
1073.png,0.6603235014272122,0.6596958174904943,0.6596958174904943,0.0006276839367178599,0.6596958174904943,0.6603235014272122,2,0.0006276839367178599,0.0006276839367178599,0.0,0.9767441860465116,0.9767441860465116,1.0
1074.png,0.8664969079665333,0.8664969079665333,0.8622710622710623,0.00422584569547102,0.8664969079665333,0.8664969079665333,3,0.0,0.00422584569547102,0.00422584569547102,1.0,0.821353065539112,0.821353065539112
1078.png,0.6664430655710213,0.6664430655710213,0.6664430655710213,0.0,0.6664430655710213,0.6664430655710213,2,0.0,0.0,0.0,1.0,1.0,1.0
108.png,0.9386987589319293,0.921045918367347,0.921045918367347,0.017652840564582384,0.921045918367347,0.9386987589319293,2,0.017652840564582384,0.017652840564582384,0.0,0.9208981001727116,0.9208981001727116,1.0
1084.png,0.11862990810359231,0.11862990810359231,0.11082910321489002,0.007800804888702287,0.11862990810359231,0.11862990810359231,3,0.0,0.007800804888702287,0.007800804888702287,1.0,0.9655172413793104,0.9655172413793104
1085.png,0.8062709966405375,0.6569236390208257,0.5184864240323512,0.28778457260818624,0.6569236390208257,0.8062709966405375,3,0.14934735761971174,0.28778457260818624,0.1384372149884745,0.9772727272727273,0.9555555555555556,0.9777777777777777
1089.png,0.7897495631916133,0.7897495631916133,0.7897495631916133,0.0,0.7897495631916133,0.7897495631916133,2,0.0,0.0,0.0,1.0,1.0,1.0
1092.png,0.9084222140492828,0.9081200515558829,0.9081200515558829,0.0003021624933998712,0.9081200515558829,0.9084222140492828,2,0.0003021624933998712,0.0003021624933998712,0.0,0.9560276679841897,0.9560276679841897,1.0
1093.png,0.8342022940563086,0.8335517693315858,0.8331584470094439,0.0010438470468647765,0.8335517693315858,0.8342022940563086,3,0.000650524724722823,0.0010438470468647765,0.0003933223221419535,0.8806306306306306,0.8547297297297297,0.9705882352941176
1096.png,0.7353426919900908,0.729033587471667,0.7360594795539034,0.007025892082236362,0.7353426919900908,0.7360594795539034,3,0.006309104518423814,0.0007167875638125487,0.007025892082236362,0.8027681660899654,0.8823529411764706,0.9098039215686274
1103.png,0.6225552915371961,0.640591204037491,0.6411225040474906,0.018567212510294473,0.640591204037491,0.6411225040474906,3,0.018035912500294904,0.018567212510294473,0.0005313000099995691,0.9418702611625948,0.9209225700164745,0.9772727272727273
1107.png,0.48866964698628024,0.49632525410476935,0.5085668534827862,0.019897206496505948,0.49632525410476935,0.5085668534827862,3,0.007655607118489116,0.019897206496505948,0.012241599378016832,0.9777777777777777,0.9555555555555556,0.9772727272727273
1111.png,0.8713924050632912,0.8713924050632912,0.7944307944307945,0.07696161063249674,0.8713924050632912,0.8713924050632912,3,0.0,0.07696161063249674,0.07696161063249674,1.0,0.90625,0.90625
1113.png,0.5285123966942149,0.5324648035301534,0.5285123966942149,0.003952406835938449,0.5285123966942149,0.5324648035301534,3,0.003952406835938449,0.0,0.003952406835938449,0.9545454545454546,1.0,0.9545454545454546
1114.png,0.7465602641717116,0.7465602641717116,0.7465602641717116,0.0,0.7465602641717116,0.7465602641717116,2,0.0,0.0,0.0,1.0,1.0,1.0
1118.png,0.8529054218332117,0.8528411850412821,0.8523555123846528,0.0005499094485589273,0.8528411850412821,0.8529054218332117,3,6.423679192957277e-05,0.0005499094485589273,0.00048567265662935455,0.9302325581395349,0.9317443120260022,0.9545454545454546
1120.png,0.7329310892346776,0.7328147324972217,0.731043216716796,0.0018878725178816946,0.7328147324972217,0.7329310892346776,3,0.0001163567374559138,0.0018878725178816946,0.0017715157804257808,0.9846153846153847,0.9127011297500855,0.9274221157137966
1123.png,0.8800515907136716,0.8800515907136716,0.8777415852334419,0.0023100054802296377,0.8800515907136716,0.8800515907136716,3,0.0,0.0023100054802296377,0.0023100054802296377,1.0,0.9437689969604863,0.9437689969604863
1124.png,0.0,0.012414243711205489,0.012096774193548387,0.012414243711205489,0.012096774193548387,0.012414243711205489,3,0.012414243711205489,0.012096774193548387,0.000317469517657102,0.2784602784602785,0.2620802620802621,0.9411764705882353
1125.png,0.898538961038961,0.8923013923013923,0.8899896800825593,0.008549280956401728,0.8923013923013923,0.898538961038961,3,0.006237568737568755,0.008549280956401728,0.002311712218832973,0.9655172413793104,0.8931034482758621,0.925
1126.png,0.9085619285120532,0.9165268456375839,0.9165268456375839,0.007964917125530713,0.9165268456375839,0.9165268456375839,2,0.007964917125530713,0.007964917125530713,0.0,0.9527065527065527,0.9527065527065527,1.0
1130.png,0.9064641048555258,0.9064083457526081,0.9064083457526081,5.575910291766295e-05,0.9064083457526081,0.9064641048555258,2,5.575910291766295e-05,5.575910291766295e-05,0.0,0.972972972972973,0.972972972972973,1.0
1134.png,0.8401611820013432,0.8364501870112206,0.8386225523295071,0.003710994990122507,0.8386225523295071,0.8401611820013432,3,0.003710994990122507,0.0015386296718360448,0.002172365318286462,0.9642857142857143,0.9310344827586207,0.9642857142857143
1137.png,0.6516958339786278,0.8485092667203867,0.8485092667203867,0.1968134327417589,0.8485092667203867,0.8485092667203867,2,0.1968134327417589,0.1968134327417589,0.0,0.9523809523809523,0.9523809523809523,1.0
1138.png,0.5587898235159294,0.5466960352422907,0.5351444588184562,0.023645364697473248,0.5466960352422907,0.5587898235159294,3,0.012093788273638717,0.023645364697473248,0.011551576423834531,0.9696969696969697,0.9202614379084967,0.9490196078431372
114.png,0.9360481789503872,0.9360481789503872,0.9360848380624821,3.6659112094938884e-05,0.9360481789503872,0.9360848380624821,3,0.0,3.6659112094938884e-05,3.6659112094938884e-05,1.0,0.9393939393939394,0.9393939393939394
1140.png,0.8306172839506173,0.8245057359043202,0.8245057359043202,0.0061115480462970995,0.8245057359043202,0.8306172839506173,2,0.0061115480462970995,0.0061115480462970995,0.0,0.972972972972973,0.972972972972973,1.0
1144.png,0.7252136752136752,0.7252136752136752,0.7252136752136752,0.0,0.7252136752136752,0.7252136752136752,2,0.0,0.0,0.0,1.0,1.0,1.0
1146.png,0.8907521578298397,0.8907521578298397,0.8907521578298397,0.0,0.8907521578298397,0.8907521578298397,2,0.0,0.0,0.0,1.0,1.0,1.0
1148.png,0.8122676579925651,0.8122676579925651,0.8122676579925651,0.0,0.8122676579925651,0.8122676579925651,3,0.0,0.0,0.0,1.0,1.0,1.0
1149.png,0.6668224299065421,0.7885364496382861,0.6676023391812865,0.121714019731744,0.6676023391812865,0.7885364496382861,3,0.121714019731744,0.0007799092747444725,0.12093411045699953,0.7899686520376176,0.9545454545454546,0.8275862068965517
1150.png,0.6224198158145443,0.640578756987833,0.6399210785925682,0.018158941173288645,0.6399210785925682,0.640578756987833,3,0.018158941173288645,0.017501262778023885,0.0006576783952647602,0.9375,0.7737104825291181,0.8157894736842105
1156.png,0.4751911790858972,0.5705239829032769,0.5680213400282441,0.09533280381737969,0.5680213400282441,0.5705239829032769,3,0.09533280381737969,0.09283016094234692,0.002502642875032768,0.868663594470046,0.7854166666666667,0.9041666666666667
1160.png,0.8372331340734415,0.9583987441130298,0.9579732914375491,0.12116561003958837,0.9579732914375491,0.9583987441130298,3,0.12116561003958837,0.12074015736410759,0.00042545267548077526,0.4601514605120808,0.4125495852866931,0.858678955453149
1163.png,0.8573981871569003,0.8573981871569003,0.8573981871569003,0.0,0.8573981871569003,0.8573981871569003,2,0.0,0.0,0.0,1.0,1.0,1.0
1165.png,0.8964664674976821,0.8977997121118652,0.8977997121118652,0.001333244614183049,0.8977997121118652,0.8977997121118652,2,0.001333244614183049,0.001333244614183049,0.0,0.9510086455331412,0.9510086455331412,1.0
1169.png,0.939295316258667,0.939295316258667,0.939295316258667,0.0,0.939295316258667,0.939295316258667,3,0.0,0.0,0.0,1.0,1.0,1.0
117.png,0.5441316469468245,0.5441316469468245,0.5442685329890603,0.00013688604223582868,0.5441316469468245,0.5442685329890603,3,0.0,0.00013688604223582868,0.00013688604223582868,1.0,0.9555555555555556,0.9555555555555556
1170.png,0.7140745121230041,0.7140745121230041,0.7230859489586389,0.009011436835634767,0.7140745121230041,0.7230859489586389,3,0.0,0.009011436835634767,0.009011436835634767,1.0,0.8724637681159421,0.8724637681159421
1177.png,0.9409465914025185,0.9405639913232104,0.9401041666666666,0.0008424247358518322,0.9405639913232104,0.9409465914025185,3,0.0003826000793080153,0.0008424247358518322,0.0004598246565438169,0.975609756097561,0.8665183537263627,0.8471995649809679
1178.png,0.25752592967366555,0.17918177110305541,0.17918177110305541,0.07834415857061014,0.17918177110305541,0.25752592967366555,3,0.07834415857061014,0.07834415857061014,0.0,0.967741935483871,0.967741935483871,1.0
1179.png,0.0,0.0,0.0,0.0,0.0,0.0,3,0.0,0.0,0.0,0.9555555555555556,0.9347826086956522,0.9782608695652174
1189.png,0.7454718779790277,0.7454718779790277,0.7454718779790277,0.0,0.7454718779790277,0.7454718779790277,3,0.0,0.0,0.0,1.0,1.0,1.0
1192.png,0.862618663800824,0.8655643421998562,0.8585174625801854,0.007046879619670876,0.862618663800824,0.8655643421998562,3,0.002945678399032259,0.004101201220638617,0.007046879619670876,0.9091400757166036,0.8742316784869977,0.7947990543735225
121.png,0.9700202317454478,0.9673722155467234,0.9675630718048239,0.0026480161987244566,0.9675630718048239,0.9700202317454478,3,0.0026480161987244566,0.0024571599406238986,0.00019085625810055795,0.6602870813397129,0.6507387613957875,0.9782608695652174
1211.png,0.9439627280962858,0.9439627280962858,0.9439627280962858,0.0,0.9439627280962858,0.9439627280962858,2,0.0,0.0,0.0,1.0,1.0,1.0
122.png,0.96699604743083,0.96699604743083,0.9670025686623197,6.521231489697854e-06,0.96699604743083,0.9670025686623197,3,0.0,6.521231489697854e-06,6.521231489697854e-06,1.0,0.9767441860465116,0.9767441860465116
1223.png,0.9456762749445676,0.9462007764836384,0.941790225151016,0.00441055133262247,0.9456762749445676,0.9462007764836384,3,0.0005245015390707986,0.0038860497935516713,0.00441055133262247,0.9354838709677419,0.754054054054054,0.7054054054054054
1225.png,0.6845934830749763,0.7621736062103035,0.7621736062103035,0.07758012313532725,0.7621736062103035,0.7621736062103035,3,0.07758012313532725,0.07758012313532725,0.0,0.9310344827586207,0.9310344827586207,1.0
1239.png,0.855039637599094,0.855039637599094,0.862453531598513,0.007413893999419052,0.855039637599094,0.862453531598513,3,0.0,0.007413893999419052,0.007413893999419052,1.0,0.8874458874458875,0.8874458874458875
124.png,0.9315783232538836,0.9299499642601858,0.9299499642601858,0.0016283589936977316,0.9299499642601858,0.9315783232538836,2,0.0016283589936977316,0.0016283589936977316,0.0,0.9230769230769231,0.9230769230769231,1.0
1241.png,0.4894989250868199,0.4959785522788204,0.4894989250868199,0.006479627192000459,0.4894989250868199,0.4959785522788204,3,0.006479627192000459,0.0,0.006479627192000459,0.9787234042553191,1.0,0.9787234042553191
1243.png,0.8716623600344531,0.8716623600344531,0.8716623600344531,0.0,0.8716623600344531,0.8716623600344531,3,0.0,0.0,0.0,1.0,1.0,1.0
1246.png,0.7739183424741012,0.7739183424741012,0.7739183424741012,0.0,0.7739183424741012,0.7739183424741012,3,0.0,0.0,0.0,1.0,1.0,1.0
1247.png,0.9667673716012085,0.9667673716012085,0.9667673716012085,0.0,0.9667673716012085,0.9667673716012085,3,0.0,0.0,0.0,1.0,1.0,1.0
1248.png,0.9803611023123219,0.9803611023123219,0.9803611023123219,0.0,0.9803611023123219,0.9803611023123219,2,0.0,0.0,0.0,1.0,1.0,1.0
1249.png,0.9088921282798834,0.9088921282798834,0.9088921282798834,0.0,0.9088921282798834,0.9088921282798834,2,0.0,0.0,0.0,1.0,1.0,1.0
1250.png,0.908289241622575,0.908289241622575,0.908289241622575,0.0,0.908289241622575,0.908289241622575,3,0.0,0.0,0.0,1.0,1.0,1.0
1251.png,0.9319650323071076,0.9319650323071076,0.9319650323071076,0.0,0.9319650323071076,0.9319650323071076,2,0.0,0.0,0.0,1.0,1.0,1.0
1252.png,0.9524745984922977,0.9524745984922977,0.9524745984922977,0.0,0.9524745984922977,0.9524745984922977,2,0.0,0.0,0.0,1.0,1.0,1.0
1253.png,0.9252772913018097,0.9252772913018097,0.9252772913018097,0.0,0.9252772913018097,0.9252772913018097,2,0.0,0.0,0.0,1.0,1.0,1.0
1254.png,0.9481481481481482,0.9481481481481482,0.9365079365079365,0.011640211640211673,0.9481481481481482,0.9481481481481482,3,0.0,0.011640211640211673,0.011640211640211673,1.0,0.84,0.84
1267.png,0.0,0.0,0.0,0.0,0.0,0.0,3,0.0,0.0,0.0,0.9555555555555556,0.9375,0.8958333333333334
1273.png,0.8656814449917898,0.8656814449917898,0.8656814449917898,0.0,0.8656814449917898,0.8656814449917898,2,0.0,0.0,0.0,1.0,1.0,1.0
1279.png,0.8756175211329454,0.8756175211329454,0.8223653934652554,0.05325212766769005,0.8756175211329454,0.8756175211329454,3,0.0,0.05325212766769005,0.05325212766769005,1.0,0.889922480620155,0.889922480620155
128.png,0.8399430908767562,0.830940416367552,0.8330794731654869,0.009002674509204223,0.8330794731654869,0.8399430908767562,3,0.009002674509204223,0.00686361771126931,0.002139056797934913,0.9818181818181818,0.9464285714285714,0.9636363636363636
1280.png,0.8217479854777295,0.8217479854777295,0.0,0.8217479854777295,0.8217479854777295,0.8217479854777295,3,0.0,0.8217479854777295,0.8217479854777295,1.0,0.0,0.0
1281.png,0.8287003042064408,0.8278395968927147,0.8278395968927147,0.0008607073137261168,0.8278395968927147,0.8287003042064408,2,0.0008607073137261168,0.0008607073137261168,0.0,0.9777777777777777,0.9777777777777777,1.0
1282.png,0.8966889299417365,0.901372576765247,0.901372576765247,0.004683646823510412,0.901372576765247,0.901372576765247,2,0.004683646823510412,0.004683646823510412,0.0,0.9666666666666667,0.9666666666666667,1.0
1283.png,0.9609929078014184,0.9609929078014184,0.953999414005274,0.0069934937961444454,0.9609929078014184,0.9609929078014184,3,0.0,0.0069934937961444454,0.0069934937961444454,1.0,0.8918518518518519,0.8918518518518519
1293.png,0.6298990847218963,0.6278906797477225,0.622109158186864,0.007789926535032299,0.6278906797477225,0.6298990847218963,3,0.002008404974173761,0.007789926535032299,0.005781521560858538,0.9523809523809523,0.9302325581395349,0.9767441860465116
13.png,0.9686120952203369,0.9693023255813954,0.9686042897109108,0.0006980358704845591,0.9686120952203369,0.9693023255813954,3,0.0006902303610585303,7.805509426028756e-06,0.0006980358704845591,0.9074074074074074,0.98,0.9245283018867925
1309.png,0.8894508670520231,0.88912964969303,0.8900939985538684,0.0009643488608384043,0.8894508670520231,0.8900939985538684,3,0.0003212173589931533,0.000643131501845251,0.0009643488608384043,0.9772727272727273,0.9333333333333333,0.9121212121212121
131.png,0.9487344487344488,0.9487344487344488,0.9487344487344488,0.0,0.9487344487344488,0.9487344487344488,3,0.0,0.0,0.0,1.0,0.9782608695652174,0.9782608695652174
1326.png,0.8081363386476086,0.8081363386476086,0.8081363386476086,0.0,0.8081363386476086,0.8081363386476086,2,0.0,0.0,0.0,1.0,1.0,1.0
1331.png,0.4909182643794147,0.48662165541385344,0.48662165541385344,0.004296608965561277,0.48662165541385344,0.4909182643794147,2,0.004296608965561277,0.004296608965561277,0.0,0.9767441860465116,0.9767441860465116,1.0
1333.png,0.9222952779438135,0.9233532934131736,0.9233532934131736,0.0010580154693601296,0.9233532934131736,0.9233532934131736,2,0.0010580154693601296,0.0010580154693601296,0.0,0.96875,0.96875,1.0
1334.png,0.9287145720011452,0.9287145720011452,0.9287145720011452,0.0,0.9287145720011452,0.9287145720011452,2,0.0,0.0,0.0,1.0,1.0,1.0
1341.png,0.8014159292035399,0.8009193776520509,0.8009193776520509,0.0004965515514889773,0.8009193776520509,0.8014159292035399,2,0.0004965515514889773,0.0004965515514889773,0.0,0.9565217391304348,0.9565217391304348,1.0
1345.png,0.9064124783362218,0.9068825910931174,0.9068825910931174,0.00047011275689556875,0.9068825910931174,0.9068825910931174,2,0.00047011275689556875,0.00047011275689556875,0.0,0.9772727272727273,0.9772727272727273,1.0
1346.png,0.652086137281292,0.652086137281292,0.6287560581583199,0.023330079122972136,0.652086137281292,0.652086137281292,3,0.0,0.023330079122972136,0.023330079122972136,1.0,0.8843537414965986,0.8843537414965986
1353.png,0.9209814930338948,0.9209814930338948,0.919518772038996,0.0014627209948987474,0.9209814930338948,0.9209814930338948,3,0.0,0.0014627209948987474,0.0014627209948987474,1.0,0.9328512396694215,0.9328512396694215
1355.png,0.8105507039743362,0.8105507039743362,0.8105507039743362,0.0,0.8105507039743362,0.8105507039743362,2,0.0,0.0,0.0,1.0,1.0,1.0
1361.png,0.7562120375483159,0.750067186240258,0.7420850443767386,0.014126993171577285,0.750067186240258,0.7562120375483159,3,0.006144851308057864,0.014126993171577285,0.00798214186351942,0.8583638583638583,0.8174418604651162,0.9523255813953488
1364.png,0.728563820344399,0.728563820344399,0.728563820344399,0.0,0.728563820344399,0.728563820344399,2,0.0,0.0,0.0,1.0,1.0,1.0
1365.png,0.8998045602605863,0.899895724713243,0.8956690368455075,0.004226687867735501,0.8998045602605863,0.899895724713243,3,9.116445265666684e-05,0.0041355234150788345,0.004226687867735501,0.9518143961927424,0.848989898989899,0.8080808080808081
1367.png,0.9277028520893212,0.9277028520893212,0.9277028520893212,0.0,0.9277028520893212,0.9277028520893212,2,0.0,0.0,0.0,0.9722222222222222,0.9722222222222222,1.0
1368.png,0.8309085030714517,0.8309085030714517,0.821348673697667,0.009559829373784745,0.8309085030714517,0.8309085030714517,3,0.0,0.009559829373784745,0.009559829373784745,1.0,0.84,0.84
1370.png,0.767661310890079,0.767661310890079,0.767661310890079,0.0,0.767661310890079,0.767661310890079,2,0.0,0.0,0.0,1.0,1.0,1.0
1371.png,0.883396336144228,0.883396336144228,0.883396336144228,0.0,0.883396336144228,0.883396336144228,2,0.0,0.0,0.0,1.0,1.0,1.0
1372.png,0.8649155722326454,0.8649155722326454,0.8649155722326454,0.0,0.8649155722326454,0.8649155722326454,2,0.0,0.0,0.0,1.0,1.0,1.0
1373.png,0.853005980484734,0.853005980484734,0.8543505674653216,0.001344586980587592,0.853005980484734,0.8543505674653216,3,0.0,0.001344586980587592,0.001344586980587592,1.0,0.96875,0.96875
1378.png,0.4772793902081501,0.4772793902081501,0.4772793902081501,0.0,0.4772793902081501,0.4772793902081501,2,0.0,0.0,0.0,1.0,1.0,1.0
138.png,0.8671570748593682,0.8599577762139339,0.8671570748593682,0.007199298645434338,0.8671570748593682,0.8671570748593682,3,0.007199298645434338,0.0,0.007199298645434338,0.9310344827586207,1.0,0.9310344827586207
1380.png,0.8405508544881367,0.8467320261437908,0.8288132665399897,0.017918759603801182,0.8405508544881367,0.8467320261437908,3,0.006181171655654127,0.011737587948147055,0.017918759603801182,0.9772727272727273,0.8922610015174507,0.8724035608308606
1381.png,0.5550692924872356,0.5669291338582677,0.5353915662650602,0.03153756759320747,0.5550692924872356,0.5669291338582677,3,0.011859841371032132,0.01967772622217534,0.03153756759320747,0.9777777777777777,0.9555555555555556,0.9333333333333333
1384.png,0.5661192739844425,0.5661192739844425,0.629353831371607,0.06323455738716455,0.5661192739844425,0.629353831371607,3,0.0,0.06323455738716455,0.06323455738716455,1.0,0.9375,0.9375
1387.png,0.6496062992125984,0.6496062992125984,0.6496062992125984,0.0,0.6496062992125984,0.6496062992125984,2,0.0,0.0,0.0,1.0,1.0,1.0
1388.png,0.7661434532088218,0.7661434532088218,0.765079365079365,0.0010640881294567972,0.7661434532088218,0.7661434532088218,3,0.0,0.0010640881294567972,0.0010640881294567972,1.0,0.9444444444444444,0.9444444444444444
1397.png,0.8968264165488886,0.9188916876574307,0.9146186977451228,0.02206527110854206,0.9146186977451228,0.9188916876574307,3,0.02206527110854206,0.017792281196234216,0.004272989912307845,0.9458858413639734,0.8833580980683506,0.9318181818181818
1398.png,0.8237061313669262,0.8218540325893469,0.8218540325893469,0.001852098777579303,0.8218540325893469,0.8237061313669262,2,0.001852098777579303,0.001852098777579303,0.0,0.9772727272727273,0.9772727272727273,1.0
1399.png,0.8527191298784389,0.8527191298784389,0.8527191298784389,0.0,0.8527191298784389,0.8527191298784389,2,0.0,0.0,0.0,1.0,1.0,1.0
1401.png,0.8444546709618039,0.8444546709618039,0.0,0.8444546709618039,0.8444546709618039,0.8444546709618039,3,0.0,0.8444546709618039,0.8444546709618039,1.0,0.0,0.0
1402.png,0.29857186889961984,0.29701553556827476,0.3073831182568225,0.01036758268854776,0.29857186889961984,0.3073831182568225,3,0.0015563333313450833,0.008811249357202677,0.01036758268854776,0.9490651192778853,0.9171195652173914,0.8704061895551257
1406.png,0.5579617834394904,0.5579617834394904,0.42114589486119314,0.1368158885782973,0.5579617834394904,0.5579617834394904,3,0.0,0.1368158885782973,0.1368158885782973,1.0,0.96875,0.96875
1407.png,0.545045045045045,0.5443786982248521,0.5443786982248521,0.0006663468201929534,0.5443786982248521,0.545045045045045,2,0.0006663468201929534,0.0006663468201929534,0.0,0.9391495601173021,0.9391495601173021,1.0
1410.png,0.7229336437718277,0.0,0.0,0.7229336437718277,0.0,0.7229336437718277,3,0.7229336437718277,0.7229336437718277,0.0,0.2829537612146308,0.2709662716499544,0.835820895522388
1411.png,0.6850728155339806,0.6850728155339806,0.6758455552229872,0.009227260310993413,0.6850728155339806,0.6850728155339806,3,0.0,0.009227260310993413,0.009227260310993413,1.0,0.9285714285714286,0.9285714285714286
1425.png,0.5857164704083193,0.5854478752675023,0.5865930357416782,0.0011451604741758992,0.5857164704083193,0.5865930357416782,3,0.0002685951408170073,0.0008765653333588919,0.0011451604741758992,0.9787234042553191,0.9549689440993789,0.9346504559270516
1426.png,0.8701364325416877,0.8701364325416877,0.8701364325416877,0.0,0.8701364325416877,0.8701364325416877,3,0.0,0.0,0.0,0.926829268292683,1.0,0.926829268292683
1435.png,0.6765807446574136,0.6765807446574136,0.6765807446574136,0.0,0.6765807446574136,0.6765807446574136,2,0.0,0.0,0.0,1.0,1.0,1.0
1436.png,0.8689762380635132,0.8690727373681288,0.8690727373681288,9.649930461563816e-05,0.8690727373681288,0.8690727373681288,2,9.649930461563816e-05,9.649930461563816e-05,0.0,0.9803921568627451,0.9803921568627451,1.0
1437.png,0.7633158768680547,0.7633158768680547,0.7633158768680547,0.0,0.7633158768680547,0.7633158768680547,2,0.0,0.0,0.0,1.0,1.0,1.0
1442.png,0.7382528127068166,0.7144915932746196,0.8365204349456318,0.12202884167101213,0.7382528127068166,0.8365204349456318,3,0.023761219432197,0.09826762223881513,0.12202884167101213,0.9433962264150944,0.7714508580343213,0.8217628705148206
1457.png,0.9469762109486959,0.9505462909718229,0.9420496717099629,0.008496619261859961,0.9469762109486959,0.9505462909718229,3,0.003570080023126976,0.004926539238732985,0.008496619261859961,0.9210526315789473,0.9047619047619048,0.8333333333333334
1458.png,0.6510426277911053,0.6223160858852517,0.6223160858852517,0.028726541905853664,0.6223160858852517,0.6510426277911053,2,0.028726541905853664,0.028726541905853664,0.0,0.9182608695652174,0.9182608695652174,1.0
1459.png,0.8904262441419326,0.875,0.875,0.01542624414193261,0.875,0.8904262441419326,2,0.01542624414193261,0.01542624414193261,0.0,0.952921157118548,0.952921157118548,1.0
1461.png,0.5617261248007847,0.5611757501530925,0.4391833604907505,0.12254276431003414,0.5611757501530925,0.5617261248007847,3,0.0005503746476921423,0.12254276431003414,0.121992389662342,0.987012987012987,0.9127450980392157,0.9247549019607844
1464.png,0.7854010468241618,0.7906579322130447,0.7654924514737599,0.025165480739284818,0.7854010468241618,0.7906579322130447,3,0.005256885388882915,0.019908595350401903,0.025165480739284818,0.9767441860465116,0.8939692550256209,0.9152542372881356
1465.png,0.9350045225481328,0.9364791288566243,0.9350045225481328,0.0014746063084914995,0.9350045225481328,0.9364791288566243,3,0.0014746063084914995,0.0,0.0014746063084914995,0.876875,1.0,0.876875
1466.png,0.7072243346007605,0.7072243346007605,0.8341538894359263,0.12692955483516577,0.7072243346007605,0.8341538894359263,3,0.0,0.12692955483516577,0.12692955483516577,1.0,0.9144411473788329,0.9144411473788329
1472.png,0.5470343785417454,0.5484848484848485,0.5735819119397064,0.02654753339796101,0.5484848484848485,0.5735819119397064,3,0.0014504699431030499,0.02654753339796101,0.02509706345485796,0.975609756097561,0.9172473867595818,0.9401785714285714
1477.png,0.5202639019792649,0.5202639019792649,0.5209185278389431,0.0006546258596782373,0.5202639019792649,0.5209185278389431,3,0.0,0.0006546258596782373,0.0006546258596782373,0.9534883720930233,0.8809917355371901,0.9239669421487603
1480.png,0.7056451612903226,0.7088287376675942,0.7088287376675942,0.003183576377271624,0.7088287376675942,0.7088287376675942,2,0.003183576377271624,0.003183576377271624,0.0,0.8584169453734671,0.8584169453734671,1.0
1481.png,0.67960721625942,0.3600201409869084,0.3820915926179084,0.3195870752725116,0.3820915926179084,0.67960721625942,3,0.3195870752725116,0.2975156236415116,0.02207145163100005,0.9761904761904762,0.7481751824817519,0.7333682556312205
1482.png,0.611023067441451,0.611023067441451,0.611023067441451,0.0,0.611023067441451,0.611023067441451,2,0.0,0.0,0.0,1.0,1.0,1.0
1483.png,0.8054206085400153,0.8054206085400153,0.8054206085400153,0.0,0.8054206085400153,0.8054206085400153,2,0.0,0.0,0.0,1.0,1.0,1.0
1484.png,0.9045685279187817,0.8849372384937239,0.8849372384937239,0.019631289425057874,0.8849372384937239,0.9045685279187817,2,0.019631289425057874,0.019631289425057874,0.0,0.9666666666666667,0.9666666666666667,1.0
1485.png,0.9523565573770492,0.9523565573770492,0.9523565573770492,0.0,0.9523565573770492,0.9523565573770492,2,0.0,0.0,0.0,1.0,1.0,1.0
1488.png,0.5319314641744548,0.5941713788603741,0.6480500722195475,0.11611860804509266,0.5941713788603741,0.6480500722195475,3,0.06223991468591927,0.11611860804509266,0.05387869335917339,0.8959349593495934,0.751219512195122,0.838475499092559
1490.png,0.5775683317624882,0.5916200038617494,0.5510791366906475,0.040540867171101946,0.5775683317624882,0.5916200038617494,3,0.01405167209926117,0.026489195071840776,0.040540867171101946,0.8859357696566998,0.8724637681159421,0.7729468599033816
1491.png,0.4872032069071847,0.5143229166666666,0.4795144157814871,0.034808500885179505,0.4872032069071847,0.5143229166666666,3,0.027119709759481914,0.007688791125697592,0.034808500885179505,0.9375,0.9142857142857143,0.8571428571428571
1492.png,0.46372138019993553,0.47521480502313285,0.47521480502313285,0.011493424823197318,0.47521480502313285,0.47521480502313285,2,0.011493424823197318,0.011493424823197318,0.0,0.9666666666666667,0.9666666666666667,1.0
1493.png,0.87044356609574,0.8680981595092024,0.8686691515018636,0.0023454065865375906,0.8686691515018636,0.87044356609574,3,0.0023454065865375906,0.0017744145938763944,0.0005709919926611962,0.9830508474576272,0.9655172413793104,0.9491525423728814
1495.png,0.9144542772861357,0.9144542772861357,0.9144542772861357,0.0,0.9144542772861357,0.9144542772861357,2,0.0,0.0,0.0,1.0,1.0,1.0
1496.png,0.8741359071344724,0.8852459016393442,0.8852459016393442,0.011109994504871823,0.8852459016393442,0.8852459016393442,2,0.011109994504871823,0.011109994504871823,0.0,0.9666666666666667,0.9666666666666667,1.0
1497.png,0.6100719424460431,0.6097701149425288,0.6097701149425288,0.0003018275035143736,0.6097701149425288,0.6100719424460431,2,0.0003018275035143736,0.0003018275035143736,0.0,0.9827586206896551,0.9827586206896551,1.0
1498.png,0.42031312725812925,0.42031312725812925,0.4060324825986079,0.014280644659521335,0.42031312725812925,0.42031312725812925,3,0.0,0.014280644659521335,0.014280644659521335,1.0,0.8837209302325582,0.8837209302325582
150.png,0.9419439868204283,0.6360264900662251,0.6360264900662251,0.3059174967542032,0.6360264900662251,0.9419439868204283,2,0.3059174967542032,0.3059174967542032,0.0,0.7032967032967034,0.7032967032967034,1.0
1509.png,0.6895910780669146,0.6904734209608003,0.6960910905035802,0.0065000124366656475,0.6904734209608003,0.6960910905035802,3,0.0008823428938857791,0.0065000124366656475,0.005617669542779868,0.9636363636363636,0.8988476312419974,0.8988476312419974
1519.png,0.8368298368298368,0.8370681605975724,0.8343016500116198,0.002766510585952564,0.8368298368298368,0.8370681605975724,3,0.00023832376773558206,0.002528186818216982,0.002766510585952564,0.96875,0.9197860962566845,0.891042780748663
152.png,0.9697135809236672,0.9693234730210901,0.9693234730210901,0.00039010790257709704,0.9693234730210901,0.9697135809236672,2,0.00039010790257709704,0.00039010790257709704,0.0,0.9555555555555556,0.9555555555555556,1.0
1529.png,0.8577467765800042,0.8577467765800042,0.8639557164147328,0.0062089398347285885,0.8577467765800042,0.8639557164147328,3,0.0,0.0062089398347285885,0.0062089398347285885,1.0,0.9777777777777777,0.9777777777777777
1533.png,0.5293546821931101,0.5372327353158024,0.5237868696479543,0.013445865667848111,0.5293546821931101,0.5372327353158024,3,0.007878053122692297,0.005567812545155815,0.013445865667848111,0.9003215434083601,0.8857808857808858,0.8362470862470862
1534.png,0.8443093549476528,0.8423180592991913,0.8443093549476528,0.0019912956484614552,0.8443093549476528,0.8443093549476528,3,0.0019912956484614552,0.0,0.0019912956484614552,0.9772727272727273,1.0,0.9772727272727273
1535.png,0.8714837286265857,0.8760742999722761,0.8310118265440211,0.04506247342825509,0.8714837286265857,0.8760742999722761,3,0.0045905713456904085,0.04047190208256468,0.04506247342825509,0.9476584022038568,0.809469480889903,0.7671232876712328
1536.png,0.8286624203821656,0.8305138844557932,0.8382731958762887,0.009610775494123036,0.8305138844557932,0.8382731958762887,3,0.0018514640736275734,0.009610775494123036,0.007759311420495463,0.9487179487179487,0.8717948717948718,0.918918918918919
1545.png,0.4648068168553753,0.6156478456991756,0.7425195349723651,0.27771271811698983,0.6156478456991756,0.7425195349723651,3,0.15084102884380035,0.27771271811698983,0.12687168927318948,0.5925925925925926,0.3328042328042328,0.5616071428571429
1546.png,0.9386225610543998,0.8739938939772411,0.8739938939772411,0.06462866707715864,0.8739938939772411,0.9386225610543998,2,0.06462866707715864,0.06462866707715864,0.0,0.9576957695769577,0.9576957695769577,1.0
1547.png,0.602091020910209,0.5964153275648949,0.5964153275648949,0.005675693345314148,0.5964153275648949,0.602091020910209,2,0.005675693345314148,0.005675693345314148,0.0,0.9787234042553191,0.9787234042553191,1.0
1548.png,0.7000849617672048,0.7000849617672048,0.7031732659365347,0.003088304169329925,0.7000849617672048,0.7031732659365347,3,0.0,0.003088304169329925,0.003088304169329925,1.0,0.9333333333333333,0.9333333333333333
1551.png,0.8254016832440704,0.8404802744425386,0.6172330930312393,0.2232471814112993,0.8254016832440704,0.8404802744425386,3,0.015078591198468216,0.20816859021283107,0.2232471814112993,0.9074074074074074,0.9014662756598241,0.8200294550810014
1552.png,0.5252401389740445,0.5269658295594895,0.5269658295594895,0.0017256905854449167,0.5269658295594895,0.5269658295594895,2,0.0017256905854449167,0.0017256905854449167,0.0,0.9722222222222222,0.9722222222222222,1.0
1555.png,0.6789566581682683,0.6786904528523818,0.6768328445747801,0.002123813593488233,0.6786904528523818,0.6789566581682683,3,0.000266205315886503,0.002123813593488233,0.00185760827760173,0.9836065573770492,0.9601873536299765,0.9450633883980023
1559.png,0.8203052008720025,0.8099630996309963,0.8099630996309963,0.010342101241006207,0.8099630996309963,0.8203052008720025,2,0.010342101241006207,0.010342101241006207,0.0,0.9772727272727273,0.9772727272727273,1.0
156.png,0.9623976468717704,0.9625830052884806,0.9653400782515907,0.0029424313798203094,0.9625830052884806,0.9653400782515907,3,0.0001853584167101907,0.0029424313798203094,0.0027570729631101187,0.9514637904468413,0.5905451185709886,0.5757575757575758
1560.png,0.9044276457883369,0.9054054054054054,0.900804289544236,0.0046011158611694025,0.9044276457883369,0.9054054054054054,3,0.0009777596170684744,0.003623356244100928,0.0046011158611694025,0.9411764705882353,0.8417329796640142,0.7922192749778957
1563.png,0.6777623670827554,0.6777623670827554,0.6777623670827554,0.0,0.6777623670827554,0.6777623670827554,2,0.0,0.0,0.0,1.0,1.0,1.0
1564.png,0.6417736289381564,0.6704637917005696,0.6704637917005696,0.028690162762413207,0.6704637917005696,0.6704637917005696,2,0.028690162762413207,0.028690162762413207,0.0,0.9714285714285714,0.9714285714285714,1.0
1574.png,0.8191089640365002,0.8191089640365002,0.8193288590604026,0.00021989502390240556,0.8191089640365002,0.8193288590604026,3,0.0,0.00021989502390240556,0.00021989502390240556,1.0,0.972972972972973,0.972972972972973
1575.png,0.745574310415809,0.745574310415809,0.745574310415809,0.0,0.745574310415809,0.745574310415809,2,0.0,0.0,0.0,1.0,1.0,1.0
1577.png,0.8895146595991387,0.8895146595991387,0.8895146595991387,0.0,0.8895146595991387,0.8895146595991387,2,0.0,0.0,0.0,1.0,1.0,1.0
1579.png,0.8943713450292398,0.8943713450292398,0.8943713450292398,0.0,0.8943713450292398,0.8943713450292398,2,0.0,0.0,0.0,1.0,1.0,1.0
1583.png,0.749110115971983,0.749110115971983,0.0,0.749110115971983,0.749110115971983,0.749110115971983,3,0.0,0.749110115971983,0.749110115971983,1.0,0.0,0.0
1585.png,0.926000734484025,0.9283614988978692,0.9273547555473713,0.002360764413844252,0.9273547555473713,0.9283614988978692,3,0.002360764413844252,0.0013540210633463667,0.001006743350497885,0.953062392673154,0.9782608695652174,0.9736842105263158
1587.png,0.767244251916028,0.7657366451173868,0.7657366451173868,0.0015076067986411479,0.7657366451173868,0.767244251916028,2,0.0015076067986411479,0.0015076067986411479,0.0,0.9215425531914894,0.9215425531914894,1.0
1588.png,0.8825581395348837,0.8826520504523542,0.8826520504523542,9.391091747046332e-05,0.8826520504523542,0.8826520504523542,2,9.391091747046332e-05,9.391091747046332e-05,0.0,0.7205882352941176,0.7205882352941176,1.0
1590.png,0.6792452830188679,0.6999498243853487,0.6999498243853487,0.02070454136648081,0.6999498243853487,0.6999498243853487,2,0.02070454136648081,0.02070454136648081,0.0,0.9195402298850575,0.9195402298850575,1.0
1591.png,0.5409356725146199,0.541727672035139,0.541727672035139,0.0007919995205191155,0.541727672035139,0.541727672035139,2,0.0007919995205191155,0.0007919995205191155,0.0,0.9767441860465116,0.9767441860465116,1.0
1596.png,0.7172512526843235,0.7172512526843235,0.7177650429799427,0.0005137902956191542,0.7172512526843235,0.7177650429799427,3,0.0,0.0005137902956191542,0.0005137902956191542,1.0,0.9302325581395349,0.9302325581395349
16.png,0.718562874251497,0.718562874251497,0.718562874251497,0.0,0.718562874251497,0.718562874251497,3,0.0,0.0,0.0,1.0,1.0,1.0
1600.png,0.8473026516306005,0.8473026516306005,0.7436750998668442,0.10362755176375626,0.8473026516306005,0.8473026516306005,3,0.0,0.10362755176375626,0.10362755176375626,1.0,0.9534883720930233,0.9534883720930233
1601.png,0.7268275620846449,0.7340162486753797,0.8114017961733698,0.08457423408872489,0.7340162486753797,0.8114017961733698,3,0.007188686590734794,0.08457423408872489,0.07738554749799009,0.9615384615384616,0.8461538461538461,0.88
1619.png,0.8498060225383336,0.8501664816870145,0.8501664816870145,0.0003604591486808806,0.8501664816870145,0.8501664816870145,2,0.0003604591486808806,0.0003604591486808806,0.0,0.9772727272727273,0.9772727272727273,1.0
1628.png,0.6542713567839196,0.6542713567839196,0.6542713567839196,0.0,0.6542713567839196,0.6542713567839196,2,0.0,0.0,0.0,1.0,1.0,1.0
1629.png,0.8899150350942002,0.6933982528998998,0.6933982528998998,0.19651678219430047,0.6933982528998998,0.8899150350942002,2,0.19651678219430047,0.19651678219430047,0.0,0.3871817383669886,0.3871817383669886,1.0
1630.png,0.9196296793237623,0.9203278248018272,0.9168449197860963,0.003482905015730897,0.9196296793237623,0.9203278248018272,3,0.0006981454780649043,0.002784759537665993,0.003482905015730897,0.9772727272727273,0.8853644963828603,0.9039772727272727
1644.png,0.9088669950738916,0.9083292262198127,0.9083292262198127,0.0005377688540788572,0.9083292262198127,0.9088669950738916,2,0.0005377688540788572,0.0005377688540788572,0.0,0.9761904761904762,0.9761904761904762,1.0
1645.png,0.8911968348170128,0.8911968348170128,0.8911968348170128,0.0,0.8911968348170128,0.8911968348170128,3,0.0,0.0,0.0,1.0,1.0,1.0
1646.png,0.9032536091359621,0.8353879622915156,0.8353879622915156,0.06786564684444651,0.8353879622915156,0.9032536091359621,3,0.06786564684444651,0.06786564684444651,0.0,0.8731182795698925,0.8731182795698925,1.0
1647.png,0.0,0.0,0.0,0.0,0.0,0.0,3,0.0,0.0,0.0,1.0,1.0,1.0
1648.png,0.9502601456815817,0.9498647805283961,0.9512296790329304,0.001364898504534362,0.9502601456815817,0.9512296790329304,3,0.0003953651531856117,0.0009695333513487503,0.001364898504534362,0.9236918604651163,0.8362369337979094,0.9054242002781642
1656.png,0.8294153104279687,0.8294153104279687,0.8294153104279687,0.0,0.8294153104279687,0.8294153104279687,3,0.0,0.0,0.0,1.0,1.0,1.0
1657.png,0.7492103600758054,0.7492103600758054,0.7072152653548003,0.041995094721005155,0.7492103600758054,0.7492103600758054,3,0.0,0.041995094721005155,0.041995094721005155,1.0,0.9011494252873563,0.9011494252873563
1665.png,0.831858407079646,0.8159722222222222,0.8159722222222222,0.01588618485742377,0.8159722222222222,0.831858407079646,2,0.01588618485742377,0.01588618485742377,0.0,0.96875,0.96875,1.0
1666.png,0.845404489623041,0.845404489623041,0.845404489623041,0.0,0.845404489623041,0.845404489623041,3,0.0,0.0,0.0,1.0,1.0,1.0
167.png,0.9539396315170522,0.9539306018427759,0.9541446208112875,0.00021401896851158675,0.9539396315170522,0.9541446208112875,3,9.029674276295196e-06,0.00020498929423529155,0.00021401896851158675,0.9827586206896551,0.9767441860465116,0.9599037690457097
1678.png,0.9335295560461123,0.9335295560461123,0.9329089128305583,0.0006206432155539954,0.9335295560461123,0.9335295560461123,3,0.0,0.0006206432155539954,0.0006206432155539954,1.0,0.8635394456289979,0.8635394456289979
1684.png,0.4897400820793434,0.4897400820793434,0.4897400820793434,0.0,0.4897400820793434,0.4897400820793434,2,0.0,0.0,0.0,1.0,1.0,1.0
1685.png,0.7910739191073919,0.5723502304147465,0.5723502304147465,0.21872368869264536,0.5723502304147465,0.7910739191073919,2,0.21872368869264536,0.21872368869264536,0.0,0.48517279821627646,0.48517279821627646,1.0
1686.png,0.9306470360325455,0.9306470360325455,0.9307851239669421,0.0001380879343966246,0.9306470360325455,0.9307851239669421,3,0.0,0.0001380879343966246,0.0001380879343966246,1.0,0.9275265957446809,0.9275265957446809
1689.png,0.0,0.0,0.0,0.0,0.0,0.0,3,0.0,0.0,0.0,0.9550561797752809,0.9550561797752809,0.9767441860465116
169.png,0.9460021632415342,0.9461954261954262,0.9461954261954262,0.00019326295389199277,0.9461954261954262,0.9461954261954262,2,0.00019326295389199277,0.00019326295389199277,0.0,0.95,0.95,1.0
1696.png,0.8876854250058865,0.8872675923746763,0.8872675923746763,0.0004178326312102021,0.8872675923746763,0.8876854250058865,2,0.0004178326312102021,0.0004178326312102021,0.0,0.9696969696969697,0.9696969696969697,1.0
1706.png,0.5860326894502229,0.5860326894502229,0.5860326894502229,0.0,0.5860326894502229,0.5860326894502229,2,0.0,0.0,0.0,1.0,1.0,1.0
1715.png,0.8936049801924165,0.89563244469654,0.8936049801924165,0.0020274645041234995,0.8936049801924165,0.89563244469654,3,0.0020274645041234995,0.0,0.0020274645041234995,0.9666666666666667,1.0,0.9666666666666667
1716.png,0.8647628038706632,0.8647628038706632,0.723824575266693,0.1409382286039702,0.8647628038706632,0.8647628038706632,3,0.0,0.1409382286039702,0.1409382286039702,1.0,0.875669244497323,0.875669244497323
1718.png,0.7469276285844333,0.7469276285844333,0.7464724624487938,0.00045516613563945096,0.7469276285844333,0.7469276285844333,3,0.0,0.00045516613563945096,0.00045516613563945096,1.0,0.9830508474576272,0.9830508474576272
1727.png,0.6863124773084835,0.6875453446191052,0.6875453446191052,0.0012328673106216659,0.6875453446191052,0.6875453446191052,2,0.0012328673106216659,0.0012328673106216659,0.0,0.953125,0.953125,1.0
1728.png,0.748988492459671,0.7142857142857143,0.747633073848096,0.03470277817395673,0.747633073848096,0.748988492459671,3,0.03470277817395673,0.0013554186115750655,0.03334735956238166,0.9314151890264303,0.9838709677419355,0.9163923633969717
1729.png,0.839273640490679,0.8682756340622491,0.9173175329921897,0.07804389250151067,0.8682756340622491,0.9173175329921897,3,0.029001993571570073,0.07804389250151067,0.0490418989299406,0.928212162780064,0.7954545454545454,0.8018939393939394
1730.png,0.959417273673257,0.9593436975932557,0.9593436975932557,7.357608000135851e-05,0.9593436975932557,0.959417273673257,2,7.357608000135851e-05,7.357608000135851e-05,0.0,0.9824561403508771,0.9824561403508771,1.0
1734.png,0.9084385763490241,0.9114801444043321,0.9084385763490241,0.003041568055307975,0.9084385763490241,0.9114801444043321,3,0.003041568055307975,0.0,0.003041568055307975,0.876358695652174,1.0,0.876358695652174
1735.png,0.9324144601620118,0.9325272067714632,0.9325272067714632,0.00011274660945137516,0.9325272067714632,0.9325272067714632,3,0.00011274660945137516,0.00011274660945137516,0.0,0.9782608695652174,0.9782608695652174,1.0
1736.png,0.9302725263933219,0.9362175525339926,0.888268898631593,0.04794865390239966,0.9302725263933219,0.9362175525339926,3,0.005945026140670717,0.042003627761728946,0.04794865390239966,0.9743589743589743,0.8974358974358975,0.9210526315789473
174.png,0.9290728129910948,0.928975487115022,0.928975487115022,9.732587607280685e-05,0.928975487115022,0.9290728129910948,2,9.732587607280685e-05,9.732587607280685e-05,0.0,0.9821428571428571,0.9821428571428571,1.0
1740.png,0.8651631477927063,0.865370770338373,0.865370770338373,0.0002076225456666414,0.865370770338373,0.865370770338373,2,0.0002076225456666414,0.0002076225456666414,0.0,0.9655172413793104,0.9655172413793104,1.0
1744.png,0.7715231788079471,0.7479935794542536,0.7186921653300432,0.052831013477903865,0.7479935794542536,0.7715231788079471,3,0.023529599353693476,0.052831013477903865,0.02930141412421039,0.9117647058823529,0.9411764705882353,0.96875
1746.png,0.8178856973645248,0.8391608391608392,0.8424908424908425,0.02460514512631773,0.8391608391608392,0.8424908424908425,3,0.0212751417963144,0.02460514512631773,0.0033300033300033283,0.8918918918918919,0.8648648648648649,0.9696969696969697
1752.png,0.856637168141593,0.856637168141593,0.856637168141593,0.0,0.856637168141593,0.856637168141593,3,0.0,0.0,0.0,1.0,1.0,1.0
1769.png,0.9407601572739187,0.9407601572739187,0.9426668407992687,0.0019066835253499503,0.9407601572739187,0.9426668407992687,3,0.0,0.0019066835253499503,0.0019066835253499503,1.0,0.7743271221532091,0.7743271221532091
1771.png,0.940599173553719,0.940599173553719,0.940599173553719,0.0,0.940599173553719,0.940599173553719,2,0.0,0.0,0.0,1.0,1.0,1.0
1773.png,0.9113695090439277,0.9113695090439277,0.9132843705708027,0.0019148615268750335,0.9113695090439277,0.9132843705708027,3,0.0,0.0019148615268750335,0.0019148615268750335,1.0,0.8969072164948454,0.8969072164948454
1774.png,0.8423065607531627,0.8362470862470862,0.8331882796634755,0.009118281089687152,0.8362470862470862,0.8423065607531627,3,0.006059474506076468,0.009118281089687152,0.003058806583610685,0.9736842105263158,0.8961593172119487,0.9203798392987582
1776.png,0.0006419858763107211,0.000643707756678468,0.000643707756678468,1.7218803677469027e-06,0.000643707756678468,0.000643707756678468,2,1.7218803677469027e-06,1.7218803677469027e-06,0.0,0.9672131147540983,0.9672131147540983,1.0
1789.png,0.7620660457239627,0.7620660457239627,0.7620660457239627,0.0,0.7620660457239627,0.7620660457239627,3,0.0,0.0,0.0,1.0,1.0,1.0
1796.png,0.7714766984839978,0.7720381807973049,0.7720381807973049,0.0005614823133071045,0.7720381807973049,0.7720381807973049,2,0.0005614823133071045,0.0005614823133071045,0.0,0.9629629629629629,0.9629629629629629,1.0
1798.png,0.8825286212045794,0.886721680420105,0.8741689239103669,0.012552756509738083,0.8825286212045794,0.886721680420105,3,0.004193059215525596,0.008359697294212487,0.012552756509738083,0.8552995391705069,0.6888888888888889,0.5892063492063492
1807.png,0.667563025210084,0.6541865214431586,0.6541865214431586,0.013376503766925452,0.6541865214431586,0.667563025210084,2,0.013376503766925452,0.013376503766925452,0.0,0.9555555555555556,0.9555555555555556,1.0
1816.png,0.9067688378033205,0.9067688378033205,0.9067688378033205,0.0,0.9067688378033205,0.9067688378033205,2,0.0,0.0,0.0,1.0,1.0,1.0
1824.png,0.8806846452383321,0.8807722929936306,0.8807722929936306,8.764775529845892e-05,0.8807722929936306,0.8807722929936306,2,8.764775529845892e-05,8.764775529845892e-05,0.0,0.9772727272727273,0.9772727272727273,1.0
1825.png,0.7160098259104988,0.7160098259104988,0.7160098259104988,0.0,0.7160098259104988,0.7160098259104988,2,0.0,0.0,0.0,1.0,1.0,1.0
1826.png,0.9407205870228378,0.9413126136551496,0.9413126136551496,0.0005920266323118373,0.9413126136551496,0.9413126136551496,2,0.0005920266323118373,0.0005920266323118373,0.0,0.9791666666666666,0.9791666666666666,1.0
1827.png,0.9648983481575604,0.8841615709241237,0.8841615709241237,0.08073677723343664,0.8841615709241237,0.9648983481575604,2,0.08073677723343664,0.08073677723343664,0.0,0.6122685185185185,0.6122685185185185,1.0
1829.png,0.7000970559689421,0.7002103219543763,0.7001132869396343,0.00011326598543415223,0.7001132869396343,0.7002103219543763,3,0.00011326598543415223,1.6230970692143742e-05,9.703501474200849e-05,0.9767441860465116,0.9327603640040445,0.9549689440993789
183.png,0.9485949280328992,0.9472780353769534,0.9479291974566076,0.0013168926559458116,0.9479291974566076,0.9485949280328992,3,0.0013168926559458116,0.000665730576291601,0.0006511620796542106,0.9166666666666666,0.8888888888888888,0.9696969696969697
1834.png,0.9270833333333334,0.9269030415056293,0.9255283461925529,0.001554987140780506,0.9269030415056293,0.9270833333333334,3,0.00018029182770407104,0.001554987140780506,0.001374695313076435,0.926829268292683,0.8634510869565217,0.8002717391304348
1835.png,0.31101272827891535,0.31101272827891535,0.31101272827891535,0.0,0.31101272827891535,0.31101272827891535,2,0.0,0.0,0.0,1.0,1.0,1.0
1843.png,0.8,0.8,0.8,0.0,0.8,0.8,3,0.0,0.0,0.0,1.0,1.0,1.0
1847.png,0.7135434707308624,0.6869365388014849,0.6869365388014849,0.026606931929377575,0.6869365388014849,0.7135434707308624,2,0.026606931929377575,0.026606931929377575,0.0,0.7840290381125227,0.7840290381125227,1.0
1852.png,0.8662674650698603,0.8662674650698603,0.8662674650698603,0.0,0.8662674650698603,0.8662674650698603,2,0.0,0.0,0.0,1.0,1.0,1.0
1853.png,0.0,0.0,0.0,0.0,0.0,0.0,3,0.0,0.0,0.0,0.8627946127946128,0.8828596037898363,0.9772727272727273
1858.png,0.7440420088864952,0.7064589208932451,0.7203350395532806,0.03758308799325005,0.7203350395532806,0.7440420088864952,3,0.03758308799325005,0.02370696933321459,0.013876118660035464,0.9204665959703076,0.9358874120406567,0.9218342886920271
1863.png,0.673617780216765,0.6910952445103058,0.6910021551724138,0.0174774642935408,0.6910021551724138,0.6910952445103058,3,0.0174774642935408,0.017384374955648818,9.308933789198282e-05,0.9387755102040817,0.9192006950477846,0.9791666666666666
1869.png,0.49197230814552956,0.49197230814552956,0.49197230814552956,0.0,0.49197230814552956,0.49197230814552956,2,0.0,0.0,0.0,1.0,1.0,1.0
1879.png,0.7271528998242531,0.7271528998242531,0.7271528998242531,0.0,0.7271528998242531,0.7271528998242531,2,0.0,0.0,0.0,1.0,1.0,1.0
1880.png,0.8836973082783138,0.8844783715012723,0.8836973082783138,0.0007810632229584558,0.8836973082783138,0.8844783715012723,3,0.0007810632229584558,0.0,0.0007810632229584558,0.9655172413793104,1.0,0.9655172413793104
1882.png,0.6475998850244323,0.6475998850244323,0.6520029133284778,0.0044030283040454865,0.6475998850244323,0.6520029133284778,3,0.0,0.0044030283040454865,0.0044030283040454865,1.0,0.9285714285714286,0.9285714285714286
1886.png,0.55546875,0.55546875,0.55546875,0.0,0.55546875,0.55546875,2,0.0,0.0,0.0,1.0,1.0,1.0
1890.png,0.46668042087889416,0.42420955839011626,0.4982712361353138,0.07406167774519756,0.46668042087889416,0.4982712361353138,3,0.042470862488777905,0.03159081525641966,0.07406167774519756,0.8264637497357853,0.9240812379110251,0.8483906770255272
1894.png,0.0,0.47288932904184205,0.47288932904184205,0.47288932904184205,0.47288932904184205,0.47288932904184205,2,0.47288932904184205,0.47288932904184205,0.0,0.775,0.775,1.0
1900.png,0.5982591639082996,0.5725925925925925,0.6197890507282773,0.04719645813568474,0.5982591639082996,0.6197890507282773,3,0.025666571315707043,0.021529886819977695,0.04719645813568474,0.954004329004329,0.8931750741839762,0.8520534388916378
1901.png,0.9160662487133902,0.9160662487133902,0.9160662487133902,0.0,0.9160662487133902,0.9160662487133902,2,0.0,0.0,0.0,1.0,1.0,1.0
1902.png,0.6979189809671925,0.6988825575371864,0.6988825575371864,0.000963576569993907,0.6988825575371864,0.6988825575371864,2,0.000963576569993907,0.000963576569993907,0.0,0.9772727272727273,0.9772727272727273,1.0
1910.png,0.9100709219858156,0.9100709219858156,0.9082125603864735,0.001858361599342162,0.9100709219858156,0.9100709219858156,3,0.0,0.001858361599342162,0.001858361599342162,1.0,0.9166666666666666,0.9166666666666666
1911.png,0.8967813540510544,0.8967813540510544,0.8967813540510544,0.0,0.8967813540510544,0.8967813540510544,2,0.0,0.0,0.0,1.0,1.0,1.0
1917.png,0.820066889632107,0.8206379934348961,0.8186449312277126,0.001993062207183427,0.820066889632107,0.8206379934348961,3,0.0005711038027890192,0.0014219584043944078,0.001993062207183427,0.9555555555555556,0.8444444444444444,0.8837209302325582
1933.png,0.5503399868392191,0.31346972401482903,0.32810681273536463,0.2368702628243901,0.32810681273536463,0.5503399868392191,3,0.2368702628243901,0.2222331741038545,0.014637088720535596,0.8339964633068081,0.7376215738284704,0.8844420885237212
1941.png,0.7234913058302079,0.7234913058302079,0.6987348811344363,0.02475642469577166,0.7234913058302079,0.7234913058302079,3,0.0,0.02475642469577166,0.02475642469577166,1.0,0.8653846153846154,0.8653846153846154
1949.png,0.9169553096223705,0.9300531458940511,0.9168778509883426,0.013175294905708457,0.9169553096223705,0.9300531458940511,3,0.013097836271680596,7.745863402786046e-05,0.013175294905708457,0.9682539682539683,0.9795918367346939,0.9484936831875608
1950.png,0.82,0.82,0.8202531645569621,0.0002531645569621155,0.82,0.8202531645569621,3,0.0,0.0002531645569621155,0.0002531645569621155,1.0,0.9333333333333333,0.9333333333333333
1951.png,0.9541899441340782,0.9541899441340782,0.9543166138355398,0.0001266697014615792,0.9541899441340782,0.9543166138355398,3,0.0,0.0001266697014615792,0.0001266697014615792,1.0,0.9333333333333333,0.9333333333333333
1955.png,0.8514851485148515,0.8514851485148515,0.8185997171145686,0.03288543140028288,0.8514851485148515,0.8514851485148515,3,0.0,0.03288543140028288,0.03288543140028288,1.0,0.9353448275862069,0.9353448275862069
1957.png,0.8832915732559673,0.8832915732559673,0.8832915732559673,0.0,0.8832915732559673,0.8832915732559673,2,0.0,0.0,0.0,1.0,1.0,1.0
1978.png,0.5297626938883734,0.5278035832780358,0.5278035832780358,0.0019591106103376,0.5278035832780358,0.5297626938883734,2,0.0019591106103376,0.0019591106103376,0.0,0.984375,0.984375,1.0
198.png,0.8829536527886881,0.8826069886140557,0.8826069886140557,0.00034666417463236066,0.8826069886140557,0.8829536527886881,2,0.00034666417463236066,0.00034666417463236066,0.0,0.9444444444444444,0.9444444444444444,1.0
1981.png,0.8936908517350157,0.8936908517350157,0.8987975951903807,0.005106743455364993,0.8936908517350157,0.8987975951903807,3,0.0,0.005106743455364993,0.005106743455364993,1.0,0.8055555555555556,0.8055555555555556
1984.png,0.8700343305541932,0.8700343305541932,0.8700343305541932,0.0,0.8700343305541932,0.8700343305541932,3,0.0,0.0,0.0,1.0,1.0,1.0
1986.png,0.7044124624387158,0.7044124624387158,0.7032094057832857,0.0012030566554300792,0.7044124624387158,0.7044124624387158,3,0.0,0.0012030566554300792,0.0012030566554300792,1.0,0.96875,0.96875
1988.png,0.8725617685305592,0.8725617685305592,0.8725617685305592,0.0,0.8725617685305592,0.8725617685305592,2,0.0,0.0,0.0,1.0,1.0,1.0
2002.png,0.8880981365296376,0.8880981365296376,0.8880981365296376,0.0,0.8880981365296376,0.8880981365296376,2,0.0,0.0,0.0,1.0,1.0,1.0
2003.png,0.9211505308048271,0.9052090715804394,0.8523143164693219,0.06883621433550524,0.9052090715804394,0.9211505308048271,3,0.015941459224387722,0.06883621433550524,0.05289475511111752,0.9606237816764133,0.5227272727272727,0.5021442495126706
2006.png,0.7678667383127351,0.7599055366045657,0.7605923136180776,0.007961201708169385,0.7605923136180776,0.7678667383127351,3,0.007961201708169385,0.007274424694657555,0.0006867770135118301,0.9619883040935673,0.8922033898305085,0.9274576271186441
2007.png,0.6646825396825397,0.6646825396825397,0.6596722315821718,0.005010308100367844,0.6646825396825397,0.6646825396825397,3,0.0,0.005010308100367844,0.005010308100367844,1.0,0.9583333333333334,0.9583333333333334
2008.png,0.9084830756372754,0.9084830756372754,0.8972098079478198,0.01127326768945558,0.9084830756372754,0.9084830756372754,3,0.0,0.01127326768945558,0.01127326768945558,1.0,0.9437737150741635,0.9437737150741635
2009.png,0.7637421093694589,0.7637421093694589,0.7922671840354767,0.028525074666017836,0.7637421093694589,0.7922671840354767,3,0.0,0.028525074666017836,0.028525074666017836,1.0,0.9332980412916887,0.9332980412916887
2014.png,0.7458170983268393,0.7526603562819684,0.7643991754577422,0.018582077130902874,0.7526603562819684,0.7643991754577422,3,0.006843257955129078,0.018582077130902874,0.011738819175773796,0.9337474120082816,0.8971704623878537,0.9608277900960828
2026.png,0.8977212506624271,0.8977212506624271,0.8977212506624271,0.0,0.8977212506624271,0.8977212506624271,2,0.0,0.0,0.0,1.0,1.0,1.0
2029.png,0.8825706594885598,0.8825706594885598,0.8349753694581281,0.047595290030431725,0.8825706594885598,0.8825706594885598,3,0.0,0.047595290030431725,0.047595290030431725,1.0,0.908203125,0.908203125
2031.png,0.926309645410769,0.9112574938938642,0.8949902211523996,0.03131942425836942,0.9112574938938642,0.926309645410769,3,0.015052151516904755,0.03131942425836942,0.016267272741464667,0.91005291005291,0.8863636363636364,0.8853820598006644
2039.png,0.9145288753799392,0.9145080870728445,0.9145080870728445,2.078830709473234e-05,0.9145080870728445,0.9145288753799392,2,2.078830709473234e-05,2.078830709473234e-05,0.0,0.9803921568627451,0.9803921568627451,1.0
2055.png,0.7300747198007472,0.7300747198007472,0.7147820593809223,0.01529266041982491,0.7300747198007472,0.7300747198007472,3,0.0,0.01529266041982491,0.01529266041982491,1.0,0.9787234042553191,0.9787234042553191
2062.png,0.9564684242795831,0.9564684242795831,0.9564684242795831,0.0,0.9564684242795831,0.9564684242795831,2,0.0,0.0,0.0,1.0,1.0,1.0
2064.png,0.747668327584004,0.748587570621469,0.748587570621469,0.0009192430374649341,0.748587570621469,0.748587570621469,3,0.0009192430374649341,0.0009192430374649341,0.0,0.96875,0.96875,1.0
2065.png,0.8954496208017335,0.8954496208017335,0.8954496208017335,0.0,0.8954496208017335,0.8954496208017335,2,0.0,0.0,0.0,1.0,1.0,1.0
2066.png,0.9067760034527406,0.9051221093581154,0.9051221093581154,0.0016538940946251302,0.9051221093581154,0.9067760034527406,3,0.0016538940946251302,0.0016538940946251302,0.0,0.95,0.95,1.0
2075.png,0.4209632740595121,0.4038925014778773,0.4038925014778773,0.017070772581634808,0.4038925014778773,0.4209632740595121,2,0.017070772581634808,0.017070772581634808,0.0,0.8043478260869565,0.8043478260869565,1.0
2076.png,0.0,0.44760741409527854,0.44760741409527854,0.44760741409527854,0.44760741409527854,0.44760741409527854,2,0.44760741409527854,0.44760741409527854,0.0,0.3444022770398482,0.3444022770398482,1.0
2082.png,0.7644163150492265,0.7423049391553329,0.7423049391553329,0.02211137589389356,0.7423049391553329,0.7644163150492265,3,0.02211137589389356,0.02211137589389356,0.0,0.9777777777777777,0.9777777777777777,1.0
2108.png,0.6667799779043087,0.6641279512566641,0.6641279512566641,0.002652026647644523,0.6641279512566641,0.6667799779043087,2,0.002652026647644523,0.002652026647644523,0.0,0.9821428571428571,0.9821428571428571,1.0
211.png,0.6699473952146615,0.6226429856818715,0.6480921643925157,0.047304409532790026,0.6480921643925157,0.6699473952146615,3,0.047304409532790026,0.0218552308221458,0.025449178710644227,0.9672131147540983,0.968220890856994,0.968220890856994
2110.png,0.8932478310071671,0.8928301886792452,0.8928301886792452,0.0004176423279218522,0.8928301886792452,0.8932478310071671,2,0.0004176423279218522,0.0004176423279218522,0.0,0.975609756097561,0.975609756097561,1.0
2118.png,0.8652706440142236,0.8652706440142236,0.8652706440142236,0.0,0.8652706440142236,0.8652706440142236,2,0.0,0.0,0.0,1.0,1.0,1.0
2127.png,0.25384267631103075,0.24670903313663187,0.17073170731707318,0.08311096899395756,0.24670903313663187,0.25384267631103075,3,0.007133643174398879,0.08311096899395756,0.07597732581955868,0.9743589743589743,0.95,0.925
2136.png,0.49364763508342263,0.4896990120242016,0.4928173326006751,0.003948623059221057,0.4928173326006751,0.49364763508342263,3,0.003948623059221057,0.0008303024827475136,0.0031183205764735433,0.9782608695652174,0.9627329192546584,0.9841269841269841
2137.png,0.6539737487379201,0.6539737487379201,0.6426076833527358,0.011366065385184365,0.6539737487379201,0.6539737487379201,3,0.0,0.011366065385184365,0.011366065385184365,1.0,0.9375,0.9375
2148.png,0.9348807221147647,0.9351403678606002,0.9348807221147647,0.0002596457458354795,0.9348807221147647,0.9351403678606002,3,0.0002596457458354795,0.0,0.0002596457458354795,0.9655172413793104,1.0,0.9655172413793104
217.png,0.9263482280431433,0.9276214042684813,0.9276214042684813,0.0012731762253379575,0.9276214042684813,0.9276214042684813,2,0.0012731762253379575,0.0012731762253379575,0.0,0.9838709677419355,0.9838709677419355,1.0
2170.png,0.8026243849097867,0.8026243849097867,0.8051662544655125,0.002541869555725773,0.8026243849097867,0.8051662544655125,3,0.0,0.002541869555725773,0.002541869555725773,1.0,0.8770161290322581,0.8770161290322581
2176.png,0.5569886812319031,0.5569886812319031,0.5199297392244291,0.03705894200747406,0.5569886812319031,0.5569886812319031,3,0.0,0.03705894200747406,0.03705894200747406,1.0,0.9333333333333333,0.9333333333333333
2178.png,0.6958578368703656,0.6964558898521163,0.6964558898521163,0.0005980529817506408,0.6964558898521163,0.6964558898521163,2,0.0005980529817506408,0.0005980529817506408,0.0,0.9375,0.9375,1.0
2182.png,0.745520501264153,0.745520501264153,0.745520501264153,0.0,0.745520501264153,0.745520501264153,2,0.0,0.0,0.0,1.0,1.0,1.0
2188.png,0.9274942489562921,0.9274028629856851,0.9274028629856851,9.138597060698306e-05,0.9274028629856851,0.9274942489562921,2,9.138597060698306e-05,9.138597060698306e-05,0.0,0.9777777777777777,0.9777777777777777,1.0
2208.png,0.6720218491445096,0.6562882060477626,0.6996637735553992,0.0433755675076366,0.6720218491445096,0.6996637735553992,3,0.015733643096746963,0.02764192441088964,0.0433755675076366,0.9733333333333334,0.9452054794520548,0.92
2211.png,0.7106415094339623,0.7362175153973262,0.6727400140154169,0.06347750138190922,0.7106415094339623,0.7362175153973262,3,0.025576005963363846,0.03790149541854537,0.06347750138190922,0.9787234042553191,0.9183673469387755,0.8996088657105606
2213.png,0.0020531964535697622,0.0011653879770807032,0.0013788348845225785,0.0008878084764890591,0.0013788348845225785,0.0020531964535697622,3,0.0008878084764890591,0.0006743615690471838,0.00021344690744187528,0.8853809196980096,0.0,0.0
2214.png,0.7758402029169309,0.7758402029169309,0.7758402029169309,0.0,0.7758402029169309,0.7758402029169309,2,0.0,0.0,0.0,1.0,1.0,1.0
2221.png,0.6060991105463787,0.6050651690155769,0.5992764417961268,0.006822668750251837,0.6050651690155769,0.6060991105463787,3,0.0010339415308017186,0.006822668750251837,0.005788727219450118,0.9705882352941176,0.927478376580173,0.9013990672884743
2226.png,0.5404296403572291,0.5404948702474351,0.5409047160731473,0.0004750757159182051,0.5404948702474351,0.5409047160731473,3,6.52298902060755e-05,0.0004750757159182051,0.0004098458257121296,0.9761904761904762,0.9534883720930233,0.9761904761904762
2227.png,0.7454151055018734,0.7491380211054226,0.7707523058117569,0.025337200309883512,0.7491380211054226,0.7707523058117569,3,0.003722915603549204,0.025337200309883512,0.021614284706334308,0.9545454545454546,0.8456659619450317,0.8859357696566998
223.png,0.9811117832896418,0.9811827956989247,0.9787915166066427,0.002391279092282095,0.9811117832896418,0.9811827956989247,3,7.10124092829778e-05,0.002320266682999117,0.002391279092282095,0.9188220230473751,0.6754518072289156,0.7351280120481928
2237.png,0.6571428571428571,0.6742398930838623,0.6742398930838623,0.0170970359410052,0.6742398930838623,0.6742398930838623,2,0.0170970359410052,0.0170970359410052,0.0,0.9696969696969697,0.9696969696969697,1.0
2241.png,0.7936328044508552,0.8050333846944017,0.8050333846944017,0.01140058024354651,0.8050333846944017,0.8050333846944017,2,0.01140058024354651,0.01140058024354651,0.0,0.9406575781876504,0.9406575781876504,1.0
2244.png,0.7460719716168271,0.691371095817893,0.691371095817893,0.05470087579893412,0.691371095817893,0.7460719716168271,2,0.05470087579893412,0.05470087579893412,0.0,0.9088669950738916,0.9088669950738916,1.0
2245.png,0.9118266626542281,0.8622792937399679,0.9067152841081738,0.04954736891426015,0.9067152841081738,0.9118266626542281,3,0.04954736891426015,0.005111378546054257,0.04443599036820589,0.9344444444444444,0.9666666666666667,0.9666666666666667
2246.png,0.8458820331611852,0.8458820331611852,0.8458820331611852,0.0,0.8458820331611852,0.8458820331611852,3,0.0,0.0,0.0,1.0,1.0,1.0
2248.png,0.9245283018867925,0.9231690879137338,0.9231690879137338,0.001359213973058715,0.9231690879137338,0.9245283018867925,3,0.001359213973058715,0.001359213973058715,0.0,0.9307862679955703,0.9307862679955703,1.0
2259.png,0.719642030550841,0.7192467973452693,0.7192467973452693,0.00039523320557166564,0.7192467973452693,0.719642030550841,2,0.00039523320557166564,0.00039523320557166564,0.0,0.9289902280130293,0.9289902280130293,1.0
2272.png,0.7539092151206923,0.7454545454545455,0.7049859201590194,0.048923294961672914,0.7454545454545455,0.7539092151206923,3,0.00845466966614683,0.048923294961672914,0.040468625295526084,0.9814814814814815,0.8703703703703703,0.8867924528301887
2277.png,0.5926530612244898,0.5912378872662755,0.5912378872662755,0.001415173958214333,0.5912378872662755,0.5926530612244898,2,0.001415173958214333,0.001415173958214333,0.0,0.9782608695652174,0.9782608695652174,1.0
2278.png,0.5643620011242271,0.5643620011242271,0.5643620011242271,0.0,0.5643620011242271,0.5643620011242271,2,0.0,0.0,0.0,1.0,1.0,1.0
228.png,0.7326062429484769,0.7321663843402973,0.7601771778105885,0.028010793470291118,0.7326062429484769,0.7601771778105885,3,0.00043985860817952194,0.027570934862111596,0.028010793470291118,0.9464285714285714,0.5454545454545454,0.5763293310463122
2293.png,0.5761666023910529,0.5960966990603165,0.5960966990603165,0.019930096669263597,0.5960966990603165,0.5960966990603165,2,0.019930096669263597,0.019930096669263597,0.0,0.9245283018867925,0.9245283018867925,1.0
2326.png,0.6335955341283938,0.7064056939501779,0.7064056939501779,0.07281015982178418,0.7064056939501779,0.7064056939501779,2,0.07281015982178418,0.07281015982178418,0.0,0.8630952380952381,0.8630952380952381,1.0
233.png,0.9367886804060289,0.9367886804060289,0.9368607244482042,7.204404217531213e-05,0.9367886804060289,0.9368607244482042,3,0.0,7.204404217531213e-05,7.204404217531213e-05,1.0,0.9464090411957711,0.9464090411957711
234.png,0.9272183449651047,0.9299029425358188,0.9216372489348752,0.008265693600943647,0.9272183449651047,0.9299029425358188,3,0.0026845975707141534,0.005581096030229493,0.008265693600943647,0.9390243902439024,0.8790737564322469,0.8254716981132075
2344.png,0.9028283162421435,0.9026951058201058,0.8252923606540779,0.0775359555880657,0.9026951058201058,0.9028283162421435,3,0.0001332104220377328,0.0775359555880657,0.07740274516602796,0.9875,0.6170886075949367,0.609375
2353.png,0.7669156169880726,0.7699583380249971,0.7699583380249971,0.0030427210369244895,0.7699583380249971,0.7699583380249971,2,0.0030427210369244895,0.0030427210369244895,0.0,0.9772727272727273,0.9772727272727273,1.0
2364.png,0.8851107676455435,0.8858921161825726,0.8863157894736842,0.00120502182814064,0.8858921161825726,0.8863157894736842,3,0.0007813485370290474,0.00120502182814064,0.0004236732911115926,0.975,0.9172413793103448,0.9407603890362511
238.png,0.9074626865671642,0.8940016433853739,0.8940016433853739,0.013461043181790311,0.8940016433853739,0.9074626865671642,3,0.013461043181790311,0.013461043181790311,0.0,0.9782608695652174,0.9782608695652174,1.0
2384.png,0.6600421559771154,0.6600421559771154,0.6600421559771154,0.0,0.6600421559771154,0.6600421559771154,3,0.0,0.0,0.0,1.0,1.0,1.0
2386.png,0.5668320793981111,0.5668320793981111,0.5668320793981111,0.0,0.5668320793981111,0.5668320793981111,2,0.0,0.0,0.0,1.0,1.0,1.0
2388.png,0.5670921327454166,0.6047184308053873,0.5759490751418423,0.03762629805997075,0.5759490751418423,0.6047184308053873,3,0.03762629805997075,0.00885694239642576,0.028769355663544993,0.9475319295823266,0.9206349206349206,0.9309256661991585
2389.png,0.8117936886560044,0.8119266055045872,0.5941984732824428,0.21772813222214438,0.8117936886560044,0.8119266055045872,3,0.00013291684858274255,0.21759521537356163,0.21772813222214438,0.9538291401714127,0.37351778656126483,0.3753191489361702
2392.png,0.5022466300549177,0.5022466300549177,0.5022466300549177,0.0,0.5022466300549177,0.5022466300549177,2,0.0,0.0,0.0,1.0,1.0,1.0
2395.png,0.6413223140495867,0.6179875333926982,0.6165471508982959,0.024775163151290802,0.6179875333926982,0.6413223140495867,3,0.023334780656888543,0.024775163151290802,0.0014403824944022592,0.9150326797385621,0.8375350140056023,0.9153061224489796
2399.png,0.3149965445749827,0.2715156670920176,0.2715156670920176,0.04348087748296514,0.2715156670920176,0.3149965445749827,2,0.04348087748296514,0.04348087748296514,0.0,0.9098039215686274,0.9098039215686274,1.0
2400.png,0.8261827017996811,0.8383658969804618,0.8405932137588322,0.014410511959151107,0.8383658969804618,0.8405932137588322,3,0.012183195180780704,0.014410511959151107,0.002227316778370403,0.9373275522270398,0.910524241229799,0.9268392930538429
2401.png,0.4271954674220963,0.3696244520791375,0.3696244520791375,0.057571015342958776,0.3696244520791375,0.4271954674220963,2,0.057571015342958776,0.057571015342958776,0.0,0.9343715239154616,0.9343715239154616,1.0
2406.png,0.9106273274133486,0.9103151862464184,0.9108316661903401,0.0005164799439216772,0.9106273274133486,0.9108316661903401,3,0.0003121411669302354,0.00020433877699144176,0.0005164799439216772,0.9787234042553191,0.9465277777777777,0.9263888888888889
2423.png,0.6920204674318905,0.6920204674318905,0.6411835492319672,0.05083691819992331,0.6920204674318905,0.6920204674318905,3,0.0,0.05083691819992331,0.05083691819992331,1.0,0.9192006950477846,0.9192006950477846
2424.png,0.7905480984340044,0.8023291994488154,0.8023291994488154,0.011781101014811002,0.8023291994488154,0.8023291994488154,2,0.011781101014811002,0.011781101014811002,0.0,0.9591836734693877,0.9591836734693877,1.0
2430.png,0.8236997008588247,0.8193026391832017,0.8186558516801854,0.005043849178639315,0.8193026391832017,0.8236997008588247,3,0.004397061675623037,0.005043849178639315,0.0006467875030162773,0.9140096618357488,0.8521739130434782,0.9323467230443975
2442.png,0.8479700547077454,0.851119511485897,0.851119511485897,0.0031494567781515936,0.851119511485897,0.851119511485897,3,0.0031494567781515936,0.0031494567781515936,0.0,0.9531772575250836,0.9531772575250836,1.0
2459.png,0.6812064471514442,0.6836236193712829,0.6696716033483581,0.01395201602292484,0.6812064471514442,0.6836236193712829,3,0.0024171722198387258,0.011534843803086114,0.01395201602292484,0.9848484848484849,0.9211030256606664,0.9350699844479005
246.png,0.8558172733761599,0.8558172733761599,0.8558172733761599,0.0,0.8558172733761599,0.8558172733761599,2,0.0,0.0,0.0,1.0,1.0,1.0
2472.png,0.6170123903661423,0.6175038263531376,0.6178228833588211,0.0008104929926787685,0.6175038263531376,0.6178228833588211,3,0.0004914359869953033,0.0008104929926787685,0.0003190570056834652,0.975609756097561,0.8842224744608399,0.8636363636363636
2474.png,0.5431182181610509,0.5416309012875536,0.5304171494785631,0.01270106868248777,0.5416309012875536,0.5431182181610509,3,0.0014873168734972353,0.01270106868248777,0.011213751808990535,0.9543230016313213,0.7405555555555555,0.7430323299888517
2486.png,0.8586806859431718,0.8486991664561758,0.86452895848869,0.015829792032514223,0.8586806859431718,0.86452895848869,3,0.009981519486995993,0.005848272545518229,0.015829792032514223,0.9328042328042329,0.9139676113360324,0.9318181818181818
2489.png,0.6896588429400181,0.6099760721516657,0.6633367718117161,0.0796827707883524,0.6633367718117161,0.6896588429400181,3,0.0796827707883524,0.026322071128301983,0.053360699660050415,0.5971826527382083,0.7792207792207793,0.46533713200379867
25.png,0.6613816534541337,0.6604984894259819,0.6604984894259819,0.0008831640281518061,0.6604984894259819,0.6613816534541337,2,0.0008831640281518061,0.0008831640281518061,0.0,0.9791666666666666,0.9791666666666666,1.0
2503.png,0.5130339539978094,0.5489975378121702,0.5489975378121702,0.03596358381436082,0.5489975378121702,0.5489975378121702,2,0.03596358381436082,0.03596358381436082,0.0,0.975,0.975,1.0
2504.png,0.7171004264078812,0.6618550368550369,0.6650503091283791,0.055245389552844304,0.6650503091283791,0.7171004264078812,3,0.055245389552844304,0.05205011727950204,0.0031952722733422645,0.9072426937738246,0.6653225806451613,0.6316244239631337
2511.png,0.4054080922556914,0.5323376450193359,0.5323376450193359,0.12692955276364448,0.5323376450193359,0.5323376450193359,2,0.12692955276364448,0.12692955276364448,0.0,0.8637037037037038,0.8637037037037038,1.0
2520.png,0.8973266588561082,0.9023991563406275,0.9023991563406275,0.005072497484519323,0.9023991563406275,0.9023991563406275,2,0.005072497484519323,0.005072497484519323,0.0,0.9382716049382716,0.9382716049382716,1.0
2522.png,0.9124532756246311,0.9124877089478859,0.9124877089478859,3.443332325481219e-05,0.9124877089478859,0.9124877089478859,2,3.443332325481219e-05,3.443332325481219e-05,0.0,0.9777777777777777,0.9777777777777777,1.0
2523.png,0.9119094488188977,0.9119094488188977,0.911460895228726,0.0004485535901717075,0.9119094488188977,0.9119094488188977,3,0.0,0.0004485535901717075,0.0004485535901717075,1.0,0.9089989888776542,0.9089989888776542
2532.png,0.7178082191780822,0.6617739304980554,0.5453691380255226,0.17243908115255968,0.6617739304980554,0.7178082191780822,3,0.0560342886800268,0.17243908115255968,0.11640479247253288,0.816,0.6807272727272727,0.8342245989304813
2533.png,0.7437208024182468,0.7516179424235662,0.7532627569596146,0.009541954541367859,0.7516179424235662,0.7532627569596146,3,0.00789714000531938,0.009541954541367859,0.0016448145360484778,0.9395050412465628,0.9358974358974359,0.9501587301587302
2537.png,0.5234463276836158,0.5484909758106793,0.6267751275334345,0.10332879984981869,0.5484909758106793,0.6267751275334345,3,0.02504464812706353,0.10332879984981869,0.07828415172275516,0.9244314013206163,0.905823148813803,0.9782608695652174
2542.png,0.9120709602776707,0.9120370370370371,0.9120370370370371,3.392324063355989e-05,0.9120370370370371,0.9120709602776707,2,3.392324063355989e-05,3.392324063355989e-05,0.0,0.9610983981693364,0.9610983981693364,1.0
2545.png,0.8882691302074255,0.8875348189415042,0.8875348189415042,0.0007343112659212725,0.8875348189415042,0.8882691302074255,2,0.0007343112659212725,0.0007343112659212725,0.0,0.9444444444444444,0.9444444444444444,1.0
2555.png,0.0,0.0,0.12965257471378303,0.12965257471378303,0.0,0.12965257471378303,3,0.0,0.12965257471378303,0.12965257471378303,0.9607843137254902,0.00451913571529445,0.0045603534273906225
2556.png,0.8908801849978321,0.8862927218634352,0.885369751561819,0.005510433436013096,0.8862927218634352,0.8908801849978321,3,0.004587463134396841,0.005510433436013096,0.0009229703016162549,0.9552845528455285,0.907520325203252,0.95
2557.png,0.9489240763296792,0.9501176088896098,0.9501176088896098,0.001193532559930599,0.9501176088896098,0.9501176088896098,2,0.001193532559930599,0.001193532559930599,0.0,0.9579606440071556,0.9579606440071556,1.0
256.png,0.9456384323640961,0.9456689597079883,0.9456689597079883,3.0527343892194914e-05,0.9456689597079883,0.9456689597079883,2,3.0527343892194914e-05,3.0527343892194914e-05,0.0,0.9473684210526315,0.9473684210526315,1.0
2565.png,0.39679756895745677,0.39360580864269823,0.39360580864269823,0.0031917603147585405,0.39360580864269823,0.39679756895745677,2,0.0031917603147585405,0.0031917603147585405,0.0,0.9761904761904762,0.9761904761904762,1.0
2575.png,0.887793427230047,0.887793427230047,0.8902248594628357,0.002431432232788744,0.887793427230047,0.8902248594628357,3,0.0,0.002431432232788744,0.002431432232788744,1.0,0.9833333333333333,0.9833333333333333
2577.png,0.8448673587081892,0.8460873739798368,0.8604210127062394,0.015553653998050199,0.8460873739798368,0.8604210127062394,3,0.001220015271647612,0.015553653998050199,0.014333638726402587,0.9772727272727273,0.9120992761116856,0.9338159255429163
2581.png,0.5683101816516563,0.5411474934801507,0.5411474934801507,0.027162688171505578,0.5411474934801507,0.5683101816516563,2,0.027162688171505578,0.027162688171505578,0.0,0.9510086455331412,0.9510086455331412,1.0
2582.png,0.8705673758865248,0.8779941795388404,0.8779941795388404,0.007426803652315628,0.8779941795388404,0.8779941795388404,2,0.007426803652315628,0.007426803652315628,0.0,0.98,0.98,1.0
2589.png,0.42526071842410196,0.5226935627410264,0.6167400881057269,0.19147936968162493,0.5226935627410264,0.6167400881057269,3,0.09743284431692445,0.19147936968162493,0.09404652536470048,0.9767441860465116,0.9534883720930233,0.9761904761904762
2590.png,0.7187742435996897,0.7187742435996897,0.7187742435996897,0.0,0.7187742435996897,0.7187742435996897,2,0.0,0.0,0.0,1.0,1.0,1.0
2591.png,0.463267429760666,0.4137486573576799,0.4137486573576799,0.04951877240298608,0.4137486573576799,0.463267429760666,2,0.04951877240298608,0.04951877240298608,0.0,0.9629629629629629,0.9629629629629629,1.0
2592.png,0.7885840953172624,0.7885840953172624,0.7885840953172624,0.0,0.7885840953172624,0.7885840953172624,2,0.0,0.0,0.0,1.0,1.0,1.0
2593.png,0.8732922582373426,0.8705345151759334,0.8705345151759334,0.0027577430614091902,0.8705345151759334,0.8732922582373426,2,0.0027577430614091902,0.0027577430614091902,0.0,0.9544468546637744,0.9544468546637744,1.0
2594.png,0.6710613052076466,0.6710613052076466,0.6598714823842233,0.01118982282342329,0.6710613052076466,0.6710613052076466,3,0.0,0.01118982282342329,0.01118982282342329,1.0,0.8321325648414986,0.8321325648414986
2602.png,0.6809441925902767,0.6809441925902767,0.6809441925902767,0.0,0.6809441925902767,0.6809441925902767,2,0.0,0.0,0.0,1.0,1.0,1.0
2605.png,0.3906105457909343,0.382944115255025,0.3872537659327926,0.007666430535909319,0.3872537659327926,0.3906105457909343,3,0.007666430535909319,0.0033567798581417008,0.004309650677767618,0.9,0.9310344827586207,0.9666666666666667
2608.png,0.773198977289818,0.773198977289818,0.773198977289818,0.0,0.773198977289818,0.773198977289818,2,0.0,0.0,0.0,1.0,1.0,1.0
2609.png,0.25838926174496646,0.25110596165999577,0.7734241908006815,0.5223182291406857,0.25838926174496646,0.7734241908006815,3,0.00728330008497069,0.515034929055715,0.5223182291406857,0.9642857142857143,0.5479082321187584,0.52834008097166
262.png,0.9050729673384295,0.9050729673384295,0.9047420386594354,0.0003309286789940913,0.9050729673384295,0.9050729673384295,3,0.0,0.0003309286789940913,0.0003309286789940913,1.0,0.9443137254901961,0.9443137254901961
2623.png,0.20194090066514012,0.20194090066514012,0.20194090066514012,0.0,0.20194090066514012,0.20194090066514012,2,0.0,0.0,0.0,1.0,1.0,1.0
263.png,0.8863049095607235,0.8881254026197123,0.8881254026197123,0.0018204930589887924,0.8881254026197123,0.8881254026197123,2,0.0018204930589887924,0.0018204930589887924,0.0,0.8908432488360062,0.8908432488360062,1.0
2656.png,0.7102952913008779,0.7017328899002275,0.7440826973239301,0.042349807423702535,0.7102952913008779,0.7440826973239301,3,0.008562401400650343,0.03378740602305219,0.042349807423702535,0.9583333333333334,0.8730964467005076,0.8730964467005076
2660.png,0.7010719225449515,0.7010719225449515,0.7010719225449515,0.0,0.7010719225449515,0.7010719225449515,2,0.0,0.0,0.0,1.0,1.0,1.0
2680.png,0.8211413251627729,0.8211413251627729,0.8211413251627729,0.0,0.8211413251627729,0.8211413251627729,2,0.0,0.0,0.0,1.0,1.0,1.0
2685.png,0.7751347922613384,0.7751347922613384,0.774746192893401,0.00038859936793744776,0.7751347922613384,0.7751347922613384,3,0.0,0.00038859936793744776,0.00038859936793744776,0.96875,0.9117647058823529,0.9411764705882353
2701.png,0.887272040064254,0.8869565217391304,0.8869565217391304,0.0003155183251235538,0.8869565217391304,0.887272040064254,2,0.0003155183251235538,0.0003155183251235538,0.0,0.9491525423728814,0.9491525423728814,1.0
2703.png,0.6178531073446327,0.5985654217165471,0.6183259501049195,0.01976052838837239,0.6178531073446327,0.6183259501049195,3,0.019287685628085582,0.00047284276028680683,0.01976052838837239,0.9217054263565891,0.9534883720930233,0.9666666666666667
2705.png,0.8018391835819222,0.8123679234790346,0.8104196816208393,0.010528739897112449,0.8104196816208393,0.8123679234790346,3,0.010528739897112449,0.00858049803891714,0.0019482418581953098,0.9544008483563097,0.9302325581395349,0.9337044534412956
2706.png,0.7017297145267894,0.7039168889512846,0.7036516853932584,0.0021871744244951197,0.7036516853932584,0.7039168889512846,3,0.0021871744244951197,0.0019219708664689472,0.00026520355802617246,0.9782608695652174,0.9565217391304348,0.9782608695652174
2716.png,0.7860989997435239,0.8248272517880956,0.8248272517880956,0.03872825204457164,0.8248272517880956,0.8248272517880956,2,0.03872825204457164,0.03872825204457164,0.0,0.9071911493546404,0.9071911493546404,1.0
2720.png,0.8058222359863735,0.7861510024171762,0.8067998710924912,0.020648868675315013,0.8058222359863735,0.8067998710924912,3,0.01967123356919731,0.0009776351061177024,0.020648868675315013,0.7261904761904762,0.8511371467953136,0.720620842572062
2721.png,0.7692751949177015,0.7728449515773325,0.7514902765562396,0.021354675021092895,0.7692751949177015,0.7728449515773325,3,0.003569756659630996,0.0177849183614619,0.021354675021092895,0.95,0.9337606837606838,0.8873826903023984
2723.png,0.6177020569291503,0.6177020569291503,0.6177020569291503,0.0,0.6177020569291503,0.6177020569291503,2,0.0,0.0,0.0,1.0,1.0,1.0
2740.png,0.745035027958095,0.745035027958095,0.745035027958095,0.0,0.745035027958095,0.745035027958095,2,0.0,0.0,0.0,1.0,1.0,1.0
2752.png,0.7997169143665959,0.8452200303490136,0.8452200303490136,0.04550311598241774,0.8452200303490136,0.8452200303490136,2,0.04550311598241774,0.04550311598241774,0.0,0.9344444444444444,0.9344444444444444,1.0
2754.png,0.6568399275924489,0.6568399275924489,0.9191770756796473,0.26233714808719844,0.6568399275924489,0.9191770756796473,3,0.0,0.26233714808719844,0.26233714808719844,1.0,0.8939068100358423,0.8939068100358423
2766.png,0.6939857288481142,0.6842177242888403,0.6842177242888403,0.009768004559273846,0.6842177242888403,0.6939857288481142,2,0.009768004559273846,0.009768004559273846,0.0,0.9777777777777777,0.9777777777777777,1.0
2768.png,0.6403380031131866,0.6378368778581894,0.6378368778581894,0.0025011252549971275,0.6378368778581894,0.6403380031131866,2,0.0025011252549971275,0.0025011252549971275,0.0,0.9261802575107296,0.9261802575107296,1.0
2771.png,0.7554524943594886,0.7554524943594886,0.7554524943594886,0.0,0.7554524943594886,0.7554524943594886,3,0.0,0.0,0.0,1.0,1.0,1.0
2781.png,0.6553702468312208,0.674280996284574,0.674280996284574,0.01891074945335325,0.674280996284574,0.674280996284574,2,0.01891074945335325,0.01891074945335325,0.0,0.9550387596899225,0.9550387596899225,1.0
2782.png,0.9496766938431263,0.9493528418683174,0.9493528418683174,0.0003238519748088864,0.9493528418683174,0.9496766938431263,2,0.0003238519748088864,0.0003238519748088864,0.0,0.9772727272727273,0.9772727272727273,1.0
2784.png,0.0,0.22442152216336772,0.22442152216336772,0.22442152216336772,0.22442152216336772,0.22442152216336772,2,0.22442152216336772,0.22442152216336772,0.0,0.9519230769230769,0.9519230769230769,1.0
2787.png,0.8040140086206896,0.7947557566884068,0.7947557566884068,0.009258251932282802,0.7947557566884068,0.8040140086206896,2,0.009258251932282802,0.009258251932282802,0.0,0.9807692307692307,0.9807692307692307,1.0
2794.png,0.6418503794723527,0.6418503794723527,0.6418503794723527,0.0,0.6418503794723527,0.6418503794723527,2,0.0,0.0,0.0,1.0,1.0,1.0
28.png,0.6610348468848997,0.6610348468848997,0.6610348468848997,0.0,0.6610348468848997,0.6610348468848997,2,0.0,0.0,0.0,1.0,1.0,1.0
2801.png,0.4734144778987828,0.4734144778987828,0.47173659673659674,0.00167788116218609,0.4734144778987828,0.4734144778987828,3,0.0,0.00167788116218609,0.00167788116218609,1.0,0.917094017094017,0.917094017094017
2807.png,0.9312429165092557,0.9319036869826938,0.9319036869826938,0.0006607704734380437,0.9319036869826938,0.9319036869826938,2,0.0006607704734380437,0.0006607704734380437,0.0,0.9531163816878102,0.9531163816878102,1.0
2810.png,0.7936079225748368,0.7936079225748368,0.7936079225748368,0.0,0.7936079225748368,0.7936079225748368,2,0.0,0.0,0.0,1.0,1.0,1.0
2816.png,0.0,0.0,0.0,0.0,0.0,0.0,3,0.0,0.0,0.0,0.8258928571428571,0.8035714285714286,0.972972972972973
2825.png,0.8667072428484479,0.8667072428484479,0.8667072428484479,0.0,0.8667072428484479,0.8667072428484479,2,0.0,0.0,0.0,0.9666666666666667,0.9666666666666667,1.0
2827.png,0.863458310016788,0.863458310016788,0.863458310016788,0.0,0.863458310016788,0.863458310016788,2,0.0,0.0,0.0,1.0,1.0,1.0
2835.png,0.8753056234718827,0.8753056234718827,0.7849462365591398,0.09035938691274292,0.8753056234718827,0.8753056234718827,3,0.0,0.09035938691274292,0.09035938691274292,1.0,0.5878378378378378,0.5878378378378378
284.png,0.9054054054054054,0.9054054054054054,0.9054054054054054,0.0,0.9054054054054054,0.9054054054054054,3,0.0,0.0,0.0,1.0,1.0,1.0
2846.png,0.8165281832472491,0.8174921909861669,0.8174921909861669,0.0009640077389178048,0.8174921909861669,0.8174921909861669,2,0.0009640077389178048,0.0009640077389178048,0.0,0.96875,0.96875,1.0
2866.png,0.5060887051726064,0.5000551937299923,0.5000551937299923,0.0060335114426141034,0.5000551937299923,0.5060887051726064,2,0.0060335114426141034,0.0060335114426141034,0.0,0.9121367521367522,0.9121367521367522,1.0
2871.png,0.9035281998454803,0.9048133848133848,0.9048133848133848,0.001285184967904529,0.9048133848133848,0.9048133848133848,2,0.001285184967904529,0.001285184967904529,0.0,0.9777777777777777,0.9777777777777777,1.0
2875.png,0.9028091701646755,0.9028091701646755,0.9009932713873758,0.001815898777299707,0.9028091701646755,0.9028091701646755,3,0.0,0.001815898777299707,0.001815898777299707,1.0,0.8379310344827586,0.8379310344827586
2877.png,0.5846679749319491,0.5846679749319491,0.5880696364567333,0.003401661524784161,0.5846679749319491,0.5880696364567333,3,0.0,0.003401661524784161,0.003401661524784161,1.0,0.9567723342939481,0.9567723342939481
2878.png,0.894760147601476,0.8948417090989594,0.8948417090989594,8.156149748339558e-05,0.8948417090989594,0.8948417090989594,2,8.156149748339558e-05,8.156149748339558e-05,0.0,0.9366130558183539,0.9366130558183539,1.0
2882.png,0.6410256410256411,0.7510337323177366,0.7510337323177366,0.11000809129209554,0.7510337323177366,0.7510337323177366,2,0.11000809129209554,0.11000809129209554,0.0,0.7989130434782609,0.7989130434782609,1.0
2883.png,0.7193753050268423,0.7186738176499269,0.7186738176499269,0.0007014873769154439,0.7186738176499269,0.7193753050268423,2,0.0007014873769154439,0.0007014873769154439,0.0,0.9795918367346939,0.9795918367346939,1.0
2884.png,0.8967359050445104,0.8998522895125554,0.8998522895125554,0.0031163844680449637,0.8998522895125554,0.8998522895125554,2,0.0031163844680449637,0.0031163844680449637,0.0,0.907258064516129,0.907258064516129,1.0
2885.png,0.2847884788478848,0.35990888382687924,0.6220374220374221,0.3372489431895373,0.35990888382687924,0.6220374220374221,3,0.07512040497899447,0.3372489431895373,0.2621285382105428,0.9204545454545454,0.4799612152553329,0.5124223602484472
2886.png,0.583001157258583,0.589246191902096,0.5401761144744084,0.04907007742768765,0.583001157258583,0.589246191902096,3,0.006245034643513003,0.04282504278417465,0.04907007742768765,0.9836065573770492,0.893037336024218,0.8787878787878788
2891.png,0.9067140090380891,0.9065978383610259,0.90744920993228,0.0008513715712540337,0.9067140090380891,0.90744920993228,3,0.00011617067706315432,0.0007352008941908794,0.0008513715712540337,0.9696969696969697,0.9290322580645162,0.9574468085106383
2895.png,0.7938371239911959,0.7938371239911959,0.7938371239911959,0.0,0.7938371239911959,0.7938371239911959,3,0.0,0.0,0.0,1.0,1.0,1.0
2897.png,0.9107798165137615,0.9109707064905227,0.9101575980674106,0.0008131084231121077,0.9107798165137615,0.9109707064905227,3,0.00019088997676119934,0.0006222184463509084,0.0008131084231121077,0.9384404924760602,0.8974008207934336,0.956268221574344
2898.png,0.8696777905638665,0.8703917050691244,0.8703917050691244,0.0007139145052579288,0.8703917050691244,0.8703917050691244,2,0.0007139145052579288,0.0007139145052579288,0.0,0.9565217391304348,0.9565217391304348,1.0
2910.png,0.0,0.0,0.0,0.0,0.0,0.0,3,0.0,0.0,0.0,0.9672131147540983,0.5559515324305061,0.5747973470891673
2912.png,0.8494768815389807,0.849527665317139,0.6555583188261627,0.1939693464909763,0.8494768815389807,0.849527665317139,3,5.078377815825874e-05,0.19391856271281804,0.1939693464909763,0.9833333333333333,0.23040254237288135,0.2265625
2916.png,0.8198636806231743,0.8198636806231743,0.8198636806231743,0.0,0.8198636806231743,0.8198636806231743,2,0.0,0.0,0.0,1.0,1.0,1.0
2920.png,0.8431408493736633,0.8090525121351573,0.8459475929311395,0.03689508079598225,0.8431408493736633,0.8459475929311395,3,0.03408833723850602,0.0028067435574762323,0.03689508079598225,0.9615528182157521,0.9827586206896551,0.9449743213499633
2924.png,0.8711907005969212,0.8420256991685563,0.8446130500758725,0.029165001428364867,0.8446130500758725,0.8711907005969212,3,0.029165001428364867,0.026577650521048657,0.0025873509073162104,0.9158186864014801,0.9357277882797732,0.9787234042553191
2927.png,0.8930051182061906,0.8917135174773894,0.8675844806007509,0.025420637605439667,0.8917135174773894,0.8930051182061906,3,0.00129160072880119,0.025420637605439667,0.024129036876638477,0.9736842105263158,0.8756281407035176,0.8987749838813669
2933.png,0.8160610139075819,0.8160610139075819,0.8090040927694406,0.00705692113814127,0.8160610139075819,0.8160610139075819,3,0.0,0.00705692113814127,0.00705692113814127,1.0,0.975609756097561,0.975609756097561
2940.png,0.022743259085580305,0.02781819239946459,0.02781819239946459,0.005074933313884283,0.02781819239946459,0.02781819239946459,2,0.005074933313884283,0.005074933313884283,0.0,0.8976063829787234,0.8976063829787234,1.0
2941.png,0.9321683504310176,0.9316522893165229,0.9316522893165229,0.0005160611144947591,0.9316522893165229,0.9321683504310176,2,0.0005160611144947591,0.0005160611144947591,0.0,0.9757638072855465,0.9757638072855465,1.0
2943.png,0.9077255950108184,0.9082813891362422,0.9036221681812364,0.004659220955005816,0.9077255950108184,0.9082813891362422,3,0.0005557941254238363,0.00410342682958198,0.004659220955005816,0.9795918367346939,0.9183673469387755,0.9375
2947.png,0.8121918422232183,0.8215743440233236,0.8215743440233236,0.009382501800105358,0.8215743440233236,0.8215743440233236,3,0.009382501800105358,0.009382501800105358,0.0,0.9743589743589743,0.9743589743589743,1.0
2951.png,0.8493167701863354,0.8493167701863354,0.8374019454032005,0.011914824783134992,0.8493167701863354,0.8493167701863354,3,0.0,0.011914824783134992,0.011914824783134992,1.0,0.967741935483871,0.967741935483871
2955.png,0.7193937958797064,0.7154742096505824,0.7154742096505824,0.003919586229124028,0.7154742096505824,0.7193937958797064,3,0.003919586229124028,0.003919586229124028,0.0,0.8918918918918919,0.8918918918918919,1.0
2957.png,0.8123594406961964,0.7912747648589153,0.7912747648589153,0.02108467583728102,0.7912747648589153,0.8123594406961964,2,0.02108467583728102,0.02108467583728102,0.0,0.9337779895188185,0.9337779895188185,1.0
2958.png,0.7773963069499861,0.7773963069499861,0.7755292362212067,0.0018670707287793409,0.7773963069499861,0.7773963069499861,3,0.0,0.0018670707287793409,0.0018670707287793409,1.0,0.9578995020371208,0.9578995020371208
2959.png,0.9067982456140351,0.9067982456140351,0.9067982456140351,0.0,0.9067982456140351,0.9067982456140351,2,0.0,0.0,0.0,1.0,1.0,1.0
296.png,0.587012987012987,0.7255390616534836,0.7255390616534836,0.1385260746404966,0.7255390616534836,0.7255390616534836,2,0.1385260746404966,0.1385260746404966,0.0,0.9005847953216374,0.9005847953216374,1.0
2961.png,0.7747330960854093,0.7764162670928787,0.7559254568481998,0.020490810244678914,0.7747330960854093,0.7764162670928787,3,0.0016831710074693973,0.018807639237209517,0.020490810244678914,0.9772727272727273,0.9318181818181818,0.9545454545454546
2968.png,0.918784255107125,0.9181432493137011,0.9181432493137011,0.0006410057934239655,0.9181432493137011,0.918784255107125,2,0.0006410057934239655,0.0006410057934239655,0.0,0.9014799154334038,0.9014799154334038,1.0
2969.png,0.60625,0.5798218795693207,0.534672537149147,0.07157746285085298,0.5798218795693207,0.60625,3,0.026428120430679214,0.07157746285085298,0.045149342420173766,0.8928571428571429,0.6592203241349102,0.7366617719040627
2977.png,0.914538822303283,0.914538822303283,0.914538822303283,0.0,0.914538822303283,0.914538822303283,2,0.0,0.0,0.0,1.0,1.0,1.0
2978.png,0.9344005568122499,0.9357541899441341,0.9357541899441341,0.001353633131884191,0.9357541899441341,0.9357541899441341,3,0.001353633131884191,0.001353633131884191,0.0,0.972972972972973,0.972972972972973,1.0
2979.png,0.9471386246686418,0.9471386246686418,0.949249920204277,0.0021112955356351604,0.9471386246686418,0.949249920204277,3,0.0,0.0021112955356351604,0.0021112955356351604,1.0,0.9,0.9
2980.png,0.9336269267065115,0.9337529504327301,0.9335010218519101,0.00025192858082001557,0.9336269267065115,0.9337529504327301,3,0.0001260237262186159,0.00012590485460139966,0.00025192858082001557,0.9655172413793104,0.9443137254901961,0.9772727272727273
2981.png,0.784785748675975,0.7843893037822212,0.7843893037822212,0.000396444893753789,0.7843893037822212,0.784785748675975,3,0.000396444893753789,0.000396444893753789,0.0,0.967741935483871,0.967741935483871,1.0
2982.png,0.9040152963671129,0.0,0.9321965083231831,0.9321965083231831,0.9040152963671129,0.9321965083231831,3,0.9040152963671129,0.028181211956070262,0.9321965083231831,0.9333333333333333,0.9526041666666667,0.9209549071618037
2984.png,0.820433135864815,0.8223773511731627,0.8223773511731627,0.001944215308347652,0.8223773511731627,0.8223773511731627,2,0.001944215308347652,0.001944215308347652,0.0,0.96875,0.96875,1.0
2990.png,0.8284029842959253,0.8258266076542568,0.6525227460711331,0.17588023822479215,0.8258266076542568,0.8284029842959253,3,0.002576376641668543,0.17588023822479215,0.1733038615831236,0.9534883720930233,0.8710622710622711,0.9135531135531135
2991.png,0.7591792656587473,0.7593420083476553,0.7595446069290411,0.0003653412702938619,0.7593420083476553,0.7595446069290411,3,0.00016274268890803523,0.0003653412702938619,0.00020259858138582665,0.9411764705882353,0.9852941176470589,0.9558823529411765
3001.png,0.008298755186721992,0.008298755186721992,0.006034650574265135,0.0022641046124568564,0.008298755186721992,0.008298755186721992,3,0.0,0.0022641046124568564,0.0022641046124568564,1.0,0.96875,0.96875
3008.png,0.7707808564231738,0.7706376049104346,0.7467766890149562,0.024004167408217647,0.7706376049104346,0.7707808564231738,3,0.00014325151273919534,0.024004167408217647,0.02386091589547845,0.9830508474576272,0.8870967741935484,0.9027237354085603
3015.png,0.9570009184269851,0.9569793668031075,0.9554846295985218,0.0015162888284633302,0.9569793668031075,0.9570009184269851,3,2.155162387762477e-05,0.0015162888284633302,0.0014947372045857055,0.9160493827160494,0.7098765432098766,0.7749326145552561
3016.png,0.9223027068242471,0.9349023157577129,0.9349023157577129,0.012599608933465789,0.9349023157577129,0.9349023157577129,2,0.012599608933465789,0.012599608933465789,0.0,0.9015501767745445,0.9015501767745445,1.0
3018.png,0.5457567949463885,0.5421214898758436,0.5399766316140878,0.005780163332300692,0.5421214898758436,0.5457567949463885,3,0.003635305070544881,0.005780163332300692,0.002144858261755811,0.9333333333333333,0.9148936170212766,0.9347496206373292
3021.png,0.7274081429990069,0.7274081429990069,0.7274081429990069,0.0,0.7274081429990069,0.7274081429990069,3,0.0,0.0,0.0,1.0,1.0,1.0
3031.png,0.3755504499329887,0.33293077629100043,0.3325621461973911,0.04298830373559759,0.33293077629100043,0.3755504499329887,3,0.042619673641988265,0.04298830373559759,0.0003686300936093234,0.9418758256274768,0.8857142857142857,0.8594449418084154
3039.png,0.7478684531059683,0.0,0.0,0.7478684531059683,0.0,0.7478684531059683,3,0.7478684531059683,0.7478684531059683,0.0,0.0,0.0,1.0
304.png,0.6996555844520981,0.7107299728090357,0.6932692986792852,0.017460674129750497,0.6996555844520981,0.7107299728090357,3,0.011074388356937637,0.006386285772812861,0.017460674129750497,0.9636363636363636,0.9642739000992392,0.9291859695565851
3045.png,0.8043641835966893,0.8035256893174627,0.8020235578375113,0.002340625759177928,0.8035256893174627,0.8043641835966893,3,0.0008384942792265537,0.002340625759177928,0.001502131479951374,0.9399644760213144,0.811046511627907,0.8239202657807309
3046.png,0.6948478003657094,0.5952677459526775,0.5811368688472531,0.11371093151845624,0.5952677459526775,0.6948478003657094,3,0.09958005441303186,0.11371093151845624,0.014130877105424378,0.5461672473867596,0.4442508710801394,0.8133971291866029
3047.png,0.9251700680272109,0.9258343634116193,0.9265885256014805,0.001418457574269616,0.9258343634116193,0.9265885256014805,3,0.0006642953844083754,0.001418457574269616,0.0007541621898612405,0.9402843601895735,0.9411764705882353,0.9402573529411765
3051.png,0.6663367736462604,0.6663367736462604,0.638581252262034,0.027755521384226434,0.6663367736462604,0.6663367736462604,3,0.0,0.027755521384226434,0.027755521384226434,1.0,0.7149643705463183,0.7149643705463183
3056.png,0.4817178645988667,0.47654734024757445,0.5831126802000588,0.10656533995248435,0.4817178645988667,0.5831126802000588,3,0.005170524351292227,0.10139481560119212,0.10656533995248435,0.832983193277311,0.711864406779661,0.7918343875790684
3063.png,0.8738494856524093,0.8759880076315072,0.8675105485232067,0.008477459108300445,0.8738494856524093,0.8759880076315072,3,0.002138521979097918,0.0063389371292025265,0.008477459108300445,0.95,0.8,0.8421052631578947
311.png,0.7822911912368782,0.7822911912368782,0.7822911912368782,0.0,0.7822911912368782,0.7822911912368782,2,0.0,0.0,0.0,1.0,1.0,1.0
32.png,0.6263782866836302,0.634417808219178,0.634417808219178,0.008039521535547878,0.634417808219178,0.634417808219178,2,0.008039521535547878,0.008039521535547878,0.0,0.9795918367346939,0.9795918367346939,1.0
321.png,0.8389307745030843,0.8485549132947977,0.8485549132947977,0.009624138791713421,0.8485549132947977,0.8485549132947977,2,0.009624138791713421,0.009624138791713421,0.0,0.8651026392961877,0.8651026392961877,1.0
323.png,0.912258338644572,0.9123777116120799,0.912258338644572,0.00011937296750796911,0.912258338644572,0.9123777116120799,3,0.00011937296750796911,0.0,0.00011937296750796911,0.941991341991342,1.0,0.941991341991342
324.png,0.906468124709167,0.6396854006226446,0.6427513575777521,0.2667827240865225,0.6427513575777521,0.906468124709167,3,0.2667827240865225,0.2637167671314149,0.003065956955107585,0.9035202086049544,0.9166666666666666,0.984375
332.png,0.0,0.0,0.009011145364002845,0.009011145364002845,0.0,0.009011145364002845,3,0.0,0.009011145364002845,0.009011145364002845,0.9215686274509803,0.8553971486761711,0.8496824276640791
333.png,0.8530844155844156,0.8530844155844156,0.8530844155844156,0.0,0.8530844155844156,0.8530844155844156,2,0.0,0.0,0.0,1.0,1.0,1.0
350.png,0.9485294117647058,0.9490445859872612,0.9497179298503802,0.0011885180856743283,0.9490445859872612,0.9497179298503802,3,0.0005151742225553146,0.0011885180856743283,0.0006733438631190136,0.9761904761904762,0.8771566597653554,0.8979310344827586
351.png,0.9408787669657235,0.9404186795491143,0.9404186795491143,0.0004600874166091895,0.9404186795491143,0.9408787669657235,2,0.0004600874166091895,0.0004600874166091895,0.0,0.9736842105263158,0.9736842105263158,1.0
354.png,0.8292055323255066,0.8313641245972073,0.8292055323255066,0.0021585922717006767,0.8292055323255066,0.8313641245972073,3,0.0021585922717006767,0.0,0.0021585922717006767,0.9838709677419355,1.0,0.9838709677419355
404.png,0.9534792036270452,0.9530451866404716,0.9530451866404716,0.00043401698657363763,0.9530451866404716,0.9534792036270452,2,0.00043401698657363763,0.00043401698657363763,0.0,0.960691823899371,0.960691823899371,1.0
41.png,0.9443762781186094,0.9443762781186094,0.9443762781186094,0.0,0.9443762781186094,0.9443762781186094,3,0.0,0.0,0.0,1.0,0.9696969696969697,0.9696969696969697
415.png,0.5947605403192796,0.5924566768603465,0.5779014308426074,0.01685910947667224,0.5924566768603465,0.5947605403192796,3,0.0023038634589330753,0.01685910947667224,0.014555246017739165,0.9841269841269841,0.8962085308056872,0.9095719095719096
429.png,0.9176079734219269,0.9174352705856206,0.9174352705856206,0.00017270283630632655,0.9174352705856206,0.9176079734219269,2,0.00017270283630632655,0.00017270283630632655,0.0,0.9609375,0.9609375,1.0
442.png,0.9067400275103163,0.9066226380480645,0.906221325013764,0.0005187024965523923,0.9066226380480645,0.9067400275103163,3,0.00011738946225181568,0.0005187024965523923,0.00040131303430057663,0.9782608695652174,0.9787234042553191,0.9578898658028691
443.png,0.9571466881201395,0.9581838625046849,0.9581838625046849,0.001037174384545425,0.9581838625046849,0.9581838625046849,2,0.001037174384545425,0.001037174384545425,0.0,0.990990990990991,0.990990990990991,1.0
445.png,0.8191588165052408,0.8191588165052408,0.8191588165052408,0.0,0.8191588165052408,0.8191588165052408,2,0.0,0.0,0.0,1.0,1.0,1.0
452.png,0.9412653446647781,0.9172427414576338,0.9172427414576338,0.024022603207144222,0.9172427414576338,0.9412653446647781,3,0.024022603207144222,0.024022603207144222,0.0,0.5543836519446276,0.5543836519446276,1.0
457.png,0.007420249653259362,0.47919363278345406,0.0063355296502787635,0.4728581031331753,0.007420249653259362,0.47919363278345406,3,0.4717733831301947,0.0010847200029805984,0.4728581031331753,0.9682539682539683,0.9354838709677419,0.9074121569633239
472.png,0.9318131988598991,0.9317832858082913,0.9322813938198553,0.0004981080115640246,0.9318131988598991,0.9322813938198553,3,2.991305160782165e-05,0.00046819495995620297,0.0004981080115640246,0.9412280701754386,0.9736842105263158,0.9165935030728709
473.png,0.9289392378990731,0.9289392378990731,0.9289392378990731,0.0,0.9289392378990731,0.9289392378990731,3,0.0,0.0,0.0,1.0,1.0,1.0
475.png,0.9313998884551031,0.9313616071428571,0.9313616071428571,3.8281312246035704e-05,0.9313616071428571,0.9313998884551031,2,3.8281312246035704e-05,3.8281312246035704e-05,0.0,0.975,0.975,1.0
482.png,0.8608240504630251,0.8466974721391682,0.8466974721391682,0.014126578323856886,0.8466974721391682,0.8608240504630251,2,0.014126578323856886,0.014126578323856886,0.0,0.9432565789473685,0.9432565789473685,1.0
483.png,0.7473612529792305,0.7473612529792305,0.7473612529792305,0.0,0.7473612529792305,0.7473612529792305,2,0.0,0.0,0.0,1.0,1.0,1.0
484.png,0.8098720292504571,0.8098720292504571,0.8098720292504571,0.0,0.8098720292504571,0.8098720292504571,3,0.0,0.0,0.0,1.0,1.0,1.0
486.png,0.9511800840607824,0.9511800840607824,0.9511800840607824,0.0,0.9511800840607824,0.9511800840607824,2,0.0,0.0,0.0,1.0,1.0,1.0
494.png,0.9232379623168179,0.9232379623168179,0.9232379623168179,0.0,0.9232379623168179,0.9232379623168179,3,0.0,0.0,0.0,1.0,1.0,1.0
500.png,0.8751136157062352,0.8751136157062352,0.8751136157062352,0.0,0.8751136157062352,0.8751136157062352,2,0.0,0.0,0.0,1.0,1.0,1.0
506.png,0.9609731373542828,0.964680281218614,0.9557836876566163,0.00889659356199779,0.9609731373542828,0.964680281218614,3,0.0037071438643312415,0.005189449697666548,0.00889659356199779,0.9545454545454546,0.7828947368421053,0.7547568710359408
507.png,0.9719021629270265,0.9718983759013411,0.9718983759013411,3.787025685375589e-06,0.9718983759013411,0.9719021629270265,2,3.787025685375589e-06,3.787025685375589e-06,0.0,0.9879518072289156,0.9879518072289156,1.0
518.png,0.9113670505758638,0.9103726082578046,0.9103869653767821,0.0009944423180591189,0.9103869653767821,0.9113670505758638,3,0.0009944423180591189,0.0009800851990816595,1.4357118977459393e-05,0.9318181818181818,0.5406976744186046,0.5802609188882587
519.png,0.8435045317220544,0.8435045317220544,0.8435045317220544,0.0,0.8435045317220544,0.8435045317220544,3,0.0,0.0,0.0,1.0,1.0,1.0
543.png,0.9538918267000649,0.9530974273242314,0.9530974273242314,0.0007943993758334766,0.9530974273242314,0.9538918267000649,2,0.0007943993758334766,0.0007943993758334766,0.0,0.8955223880597015,0.8955223880597015,1.0
55.png,0.6176327325864588,0.7121511136171412,0.5507308684436801,0.1614202451734611,0.6176327325864588,0.7121511136171412,3,0.09451838103068244,0.06690186414277866,0.1614202451734611,0.9117647058823529,0.78625,0.716875
550.png,0.8468468468468469,0.8468468468468469,0.8453237410071942,0.0015231058396526498,0.8468468468468469,0.8468468468468469,3,0.0,0.0015231058396526498,0.0015231058396526498,1.0,0.9767441860465116,0.9767441860465116
551.png,0.9356027373223372,0.9356027373223372,0.9376419213973799,0.002039184075042666,0.9356027373223372,0.9376419213973799,3,0.0,0.002039184075042666,0.002039184075042666,1.0,0.90625,0.90625
558.png,0.9400506614128905,0.939786156443444,0.9382022471910112,0.0018484142218793131,0.939786156443444,0.9400506614128905,3,0.0002645049694465218,0.0018484142218793131,0.0015839092524327913,0.9772727272727273,0.9431356620633631,0.9642857142857143
56.png,0.9016018306636155,0.9016018306636155,0.9026629935720845,0.0010611629084689156,0.9016018306636155,0.9026629935720845,3,0.0,0.0010611629084689156,0.0010611629084689156,1.0,0.9364583333333333,0.9364583333333333
561.png,0.6735029750601342,0.6473742006330341,0.6853383458646617,0.03796414523162761,0.6735029750601342,0.6853383458646617,3,0.026128774427100154,0.011835370804527456,0.03796414523162761,0.9629629629629629,0.9818181818181818,0.9454545454545454
562.png,0.8414052334827237,0.8417386256440026,0.8243580337490829,0.017380591894919695,0.8414052334827237,0.8417386256440026,3,0.00033339216127892257,0.017047199733640772,0.017380591894919695,0.9365079365079365,0.9627329192546584,0.931905931905932
563.png,0.638233383849318,0.6432386242255929,0.673254701944533,0.035021318095214915,0.6432386242255929,0.673254701944533,3,0.005005240376274811,0.035021318095214915,0.030016077718940104,0.8171912832929782,0.7636887608069164,0.9344073647871116
579.png,0.0,0.821656050955414,0.821656050955414,0.821656050955414,0.821656050955414,0.821656050955414,3,0.821656050955414,0.821656050955414,0.0,0.9666666666666667,0.9666666666666667,1.0
581.png,0.9611904283128896,0.9527191558441559,0.9527191558441559,0.008471272468733693,0.9527191558441559,0.9611904283128896,2,0.008471272468733693,0.008471272468733693,0.0,0.9531772575250836,0.9531772575250836,1.0
589.png,0.9412328329607155,0.9414961636828645,0.9414961636828645,0.0002633307221490133,0.9414961636828645,0.9414961636828645,2,0.0002633307221490133,0.0002633307221490133,0.0,0.95,0.95,1.0
590.png,0.7666718970657461,0.7666718970657461,0.7666718970657461,0.0,0.7666718970657461,0.7666718970657461,2,0.0,0.0,0.0,1.0,1.0,1.0
592.png,0.9313943541488452,0.901094680238141,0.9378453038674033,0.03675062362926229,0.9313943541488452,0.9378453038674033,3,0.030299673910704206,0.0064509497185580855,0.03675062362926229,0.4003228410008071,0.9376971608832808,0.4072249589490969
593.png,0.9636930754834685,0.9635819406335745,0.9641166209818092,0.0005346803482346729,0.9636930754834685,0.9641166209818092,3,0.00011113484989400124,0.0004235454983406717,0.0005346803482346729,0.9863013698630136,0.9102005231037489,0.9228421970357454
601.png,0.9635966162912271,0.9639631073500048,0.9639631073500048,0.00036649105877772925,0.9639631073500048,0.9639631073500048,2,0.00036649105877772925,0.00036649105877772925,0.0,0.9722222222222222,0.9722222222222222,1.0
604.png,0.9606229797237732,0.9600117612466922,0.9600117612466922,0.0006112184770810103,0.9600117612466922,0.9606229797237732,2,0.0006112184770810103,0.0006112184770810103,0.0,0.9433962264150944,0.9433962264150944,1.0
614.png,0.8798120840401932,0.8798120840401932,0.8798120840401932,0.0,0.8798120840401932,0.8798120840401932,2,0.0,0.0,0.0,1.0,1.0,1.0
616.png,0.9594345421020283,0.9594594594594594,0.9594594594594594,2.491735743115342e-05,0.9594594594594594,0.9594594594594594,2,2.491735743115342e-05,2.491735743115342e-05,0.0,0.9761904761904762,0.9761904761904762,1.0
621.png,0.9294787560227771,0.9297676457693994,0.9297382750746531,0.0002888897466223339,0.9297382750746531,0.9297676457693994,3,0.0002888897466223339,0.00025951905187604485,2.937069474628906e-05,0.9767441860465116,0.9375968992248062,0.959920634920635
623.png,0.8702922331614314,0.8236928104575163,0.8574823734452983,0.04659942270391515,0.8574823734452983,0.8702922331614314,3,0.04659942270391515,0.012809859716133132,0.03378956298778202,0.9593427427849168,0.9702970297029703,0.9690455717970765
630.png,0.8623835951462704,0.8623835951462704,0.8422162576687117,0.020167337477558722,0.8623835951462704,0.8623835951462704,3,0.0,0.020167337477558722,0.020167337477558722,1.0,0.9138187221396731,0.9138187221396731
633.png,0.9498313659359191,0.9498313659359191,0.9498313659359191,0.0,0.9498313659359191,0.9498313659359191,2,0.0,0.0,0.0,0.944184231069477,0.944184231069477,1.0
66.png,0.9232619677652153,0.9232619677652153,0.9192293885365562,0.004032579228659072,0.9232619677652153,0.9232619677652153,3,0.0,0.004032579228659072,0.004032579228659072,1.0,0.8275862068965517,0.8275862068965517
67.png,0.9323567427832831,0.9321559336635796,0.9322434932243493,0.00020080911970343784,0.9322434932243493,0.9323567427832831,3,0.00020080911970343784,0.00011324955893377009,8.755956076966775e-05,0.975609756097561,0.9302325581395349,0.9534883720930233
670.png,0.9766691753574884,0.9766691753574884,0.9766691753574884,0.0,0.9766691753574884,0.9766691753574884,2,0.0,0.0,0.0,1.0,1.0,1.0
675.png,0.9078864353312303,0.9097839898348158,0.9097839898348158,0.0018975545035855301,0.9097839898348158,0.9097839898348158,2,0.0018975545035855301,0.0018975545035855301,0.0,0.9604743083003953,0.9604743083003953,1.0
681.png,0.9655207434113644,0.964153149946611,0.964153149946611,0.0013675934647533472,0.964153149946611,0.9655207434113644,2,0.0013675934647533472,0.0013675934647533472,0.0,0.9803921568627451,0.9803921568627451,1.0
687.png,0.9621280432822362,0.9621280432822362,0.9621280432822362,0.0,0.9621280432822362,0.9621280432822362,2,0.0,0.0,0.0,1.0,1.0,1.0
694.png,0.9573516254100806,0.9553131071588701,0.9502180779064521,0.00713354750362849,0.9553131071588701,0.9573516254100806,3,0.002038518251210486,0.00713354750362849,0.005095029252418004,0.9491525423728814,0.864406779661017,0.9107142857142857
695.png,0.8249496981891348,0.8249496981891348,0.8249496981891348,0.0,0.8249496981891348,0.8249496981891348,2,0.0,0.0,0.0,1.0,1.0,1.0
7.png,0.7928440739987802,0.7235207412086755,0.7235207412086755,0.06932333279010472,0.7235207412086755,0.7928440739987802,2,0.06932333279010472,0.06932333279010472,0.0,0.9428571428571428,0.9428571428571428,1.0
70.png,0.5433436532507739,0.5433436532507739,0.514379923062832,0.02896373018794196,0.5433436532507739,0.5433436532507739,3,0.0,0.02896373018794196,0.02896373018794196,1.0,0.9118541033434651,0.9118541033434651
712.png,0.8427843803056028,0.863692038495188,0.8683324472798157,0.02554806697421297,0.863692038495188,0.8683324472798157,3,0.020907658189585288,0.02554806697421297,0.004640408784627681,0.9736842105263158,0.9473684210526315,0.972972972972973
713.png,0.918341307814992,0.918341307814992,0.918341307814992,0.0,0.918341307814992,0.918341307814992,3,0.0,0.0,0.0,1.0,1.0,1.0
714.png,0.9022556390977443,0.9022556390977443,0.9022556390977443,0.0,0.9022556390977443,0.9022556390977443,2,0.0,0.0,0.0,1.0,1.0,1.0
723.png,0.9661569315617949,0.9661569315617949,0.9661569315617949,0.0,0.9661569315617949,0.9661569315617949,2,0.0,0.0,0.0,0.9565217391304348,0.9565217391304348,1.0
727.png,0.6520773344302756,0.6520773344302756,0.6975358786894124,0.04545854425913676,0.6520773344302756,0.6975358786894124,3,0.0,0.04545854425913676,0.04545854425913676,1.0,0.8809370988446726,0.8809370988446726
729.png,0.9005107252298263,0.9041709053916582,0.9041709053916582,0.003660180161831894,0.9041709053916582,0.9041709053916582,2,0.003660180161831894,0.003660180161831894,0.0,0.9512195121951219,0.9512195121951219,1.0
761.png,0.9338871581862236,0.9334719334719335,0.9334719334719335,0.00041522471429011887,0.9334719334719335,0.9338871581862236,2,0.00041522471429011887,0.00041522471429011887,0.0,0.9696969696969697,0.9696969696969697,1.0
762.png,0.9526157217200767,0.9517279210093252,0.9517279210093252,0.0008878007107514518,0.9517279210093252,0.9526157217200767,2,0.0008878007107514518,0.0008878007107514518,0.0,0.967741935483871,0.967741935483871,1.0
764.png,0.8096876290078436,0.8045598132124708,0.8045598132124708,0.005127815795372803,0.8045598132124708,0.8096876290078436,2,0.005127815795372803,0.005127815795372803,0.0,0.9777777777777777,0.9777777777777777,1.0
769.png,0.5478211658177702,0.7886466073821415,0.7737154150197628,0.24082544156437136,0.7737154150197628,0.7886466073821415,3,0.24082544156437136,0.22589424920199264,0.01493119236237872,0.38461538461538464,0.365625,0.950625
776.png,0.5331031681559708,0.5331031681559708,0.5331031681559708,0.0,0.5331031681559708,0.5331031681559708,2,0.0,0.0,0.0,1.0,1.0,1.0
780.png,0.7060869565217391,0.7060869565217391,0.7645951035781544,0.05850814705641527,0.7060869565217391,0.7645951035781544,3,0.0,0.05850814705641527,0.05850814705641527,1.0,0.9795918367346939,0.9795918367346939
781.png,0.47237657864523536,0.47556521337093716,0.46583035188623706,0.009734861484700097,0.47237657864523536,0.47556521337093716,3,0.0031886347257018,0.006546226758998297,0.009734861484700097,0.9601801801801801,0.9608725761772853,0.9226108033240997
782.png,0.8560651181258686,0.8585657370517928,0.8831988775868116,0.027133759460942986,0.8585657370517928,0.8831988775868116,3,0.002500618925924236,0.027133759460942986,0.02463314053501875,0.9656012176560121,0.6996597587380142,0.7016129032258065
794.png,0.7087147215865751,0.6671817265703729,0.6921283666484798,0.04153299501620222,0.6921283666484798,0.7087147215865751,3,0.04153299501620222,0.01658635493809535,0.024946640078106874,0.579747935680139,0.8793103448275862,0.5097783572359843
828.png,0.8693356797184338,0.8693356797184338,0.8693356797184338,0.0,0.8693356797184338,0.8693356797184338,2,0.0,0.0,0.0,1.0,1.0,1.0
837.png,0.6626506024096386,0.7624802942722018,0.7624802942722018,0.09982969186256319,0.7624802942722018,0.7624802942722018,2,0.09982969186256319,0.09982969186256319,0.0,0.8621621621621621,0.8621621621621621,1.0
847.png,0.939110824742268,0.9389988733301142,0.9389988733301142,0.0001119514121538101,0.9389988733301142,0.939110824742268,2,0.0001119514121538101,0.0001119514121538101,0.0,0.9433526011560693,0.9433526011560693,1.0
856.png,0.8971127771574414,0.8971127771574414,0.9118241331932434,0.014711356035801981,0.8971127771574414,0.9118241331932434,3,0.0,0.014711356035801981,0.014711356035801981,1.0,0.9555555555555556,0.9555555555555556
86.png,0.898826730147934,0.8083477216425193,0.8083477216425193,0.09047900850541468,0.8083477216425193,0.898826730147934,2,0.09047900850541468,0.09047900850541468,0.0,0.6794871794871795,0.6794871794871795,1.0
865.png,0.6063231729331064,0.5822187254130606,0.5822187254130606,0.024104447520045813,0.5822187254130606,0.6063231729331064,2,0.024104447520045813,0.024104447520045813,0.0,0.9536859413537956,0.9536859413537956,1.0
867.png,0.7248449164125749,0.7413761768020065,0.7413761768020065,0.016531260389431646,0.7413761768020065,0.7413761768020065,2,0.016531260389431646,0.016531260389431646,0.0,0.9714285714285714,0.9714285714285714,1.0
868.png,0.6153370439084724,0.6051082082277247,0.6321580012988501,0.027049793071125428,0.6153370439084724,0.6321580012988501,3,0.010228835680747728,0.0168209573903777,0.027049793071125428,0.9791666666666666,0.9,0.9183673469387755
900.png,0.5902015204537227,0.589514375453008,0.589514375453008,0.0006871450007146507,0.589514375453008,0.5902015204537227,2,0.0006871450007146507,0.0006871450007146507,0.0,0.9795918367346939,0.9795918367346939,1.0
915.png,0.7788420300214439,0.691922691922692,0.691922691922692,0.08691933809875196,0.691922691922692,0.7788420300214439,2,0.08691933809875196,0.08691933809875196,0.0,0.5711371749107598,0.5711371749107598,1.0
921.png,0.40942724033981914,0.40942724033981914,0.3973404255319149,0.012086814807904245,0.40942724033981914,0.40942724033981914,3,0.0,0.012086814807904245,0.012086814807904245,1.0,0.9777777777777777,0.9777777777777777
922.png,0.9588068181818182,0.9588068181818182,0.9588068181818182,0.0,0.9588068181818182,0.9588068181818182,2,0.0,0.0,0.0,1.0,1.0,1.0
929.png,0.7417040358744394,0.7326688815060908,0.7183496199782845,0.023354415896154945,0.7326688815060908,0.7417040358744394,3,0.009035154368348675,0.023354415896154945,0.01431926152780627,0.9347826086956522,0.8887733887733887,0.8663838812301167
93.png,0.7368884971353019,0.7449693788276466,0.7349290780141844,0.010040300813462189,0.7368884971353019,0.7449693788276466,3,0.008080881692344666,0.0019594191211175227,0.010040300813462189,0.8815426997245179,0.8,0.7052341597796143
933.png,0.7480664801711371,0.8000631213507969,0.8000631213507969,0.05199664117965985,0.8000631213507969,0.8000631213507969,2,0.05199664117965985,0.05199664117965985,0.0,0.967741935483871,0.967741935483871,1.0
935.png,0.9618300653594771,0.9618200836820083,0.9618200836820083,9.981677468795525e-06,0.9618200836820083,0.9618300653594771,2,9.981677468795525e-06,9.981677468795525e-06,0.0,0.9772727272727273,0.9772727272727273,1.0
939.png,0.0,0.0,0.0,0.0,0.0,0.0,2,0.0,0.0,0.0,1.0,1.0,1.0
942.png,0.5765407554671969,0.58606281169969,0.58606281169969,0.009522056232493137,0.58606281169969,0.58606281169969,3,0.009522056232493137,0.009522056232493137,0.0,0.9444444444444444,0.9444444444444444,1.0
943.png,0.9473023839397742,0.9473023839397742,0.9473023839397742,0.0,0.9473023839397742,0.9473023839397742,3,0.0,0.0,0.0,1.0,1.0,1.0
944.png,0.9292452830188679,0.9292452830188679,0.9292452830188679,0.0,0.9292452830188679,0.9292452830188679,2,0.0,0.0,0.0,1.0,1.0,1.0
945.png,0.9188911704312115,0.9188911704312115,0.9188911704312115,0.0,0.9188911704312115,0.9188911704312115,2,0.0,0.0,0.0,1.0,1.0,1.0
954.png,0.48558758314855877,0.4839779005524862,0.48558758314855877,0.0016096825960725814,0.48558758314855877,0.48558758314855877,3,0.0016096825960725814,0.0,0.0016096825960725814,0.9629629629629629,1.0,0.9629629629629629
956.png,0.6470588235294118,0.6470588235294118,0.6470588235294118,0.0,0.6470588235294118,0.6470588235294118,3,0.0,0.0,0.0,1.0,1.0,1.0
958.png,0.6325301204819277,0.6325301204819277,0.618314003808205,0.01421611667372269,0.6325301204819277,0.6325301204819277,3,0.0,0.01421611667372269,0.01421611667372269,1.0,0.9352657004830918,0.9352657004830918
960.png,0.8350253807106599,0.8350253807106599,0.8350253807106599,0.0,0.8350253807106599,0.8350253807106599,2,0.0,0.0,0.0,1.0,1.0,1.0
963.png,0.5352212389380531,0.5352212389380531,0.546999276934201,0.011778037996147961,0.5352212389380531,0.546999276934201,3,0.0,0.011778037996147961,0.011778037996147961,1.0,0.9091400757166036,0.9091400757166036
982.png,0.9469759734879868,0.9468333562302514,0.9468333562302514,0.00014261725773534462,0.9468333562302514,0.9469759734879868,2,0.00014261725773534462,0.00014261725773534462,0.0,0.9696969696969697,0.9696969696969697,1.0
99.png,0.8855640921957137,0.8855640921957137,0.8842359573183007,0.001328134877413012,0.8855640921957137,0.8855640921957137,3,0.0,0.001328134877413012,0.001328134877413012,1.0,0.9435736677115988,0.9435736677115988
992.png,0.9099065420560748,0.9099065420560748,0.9099065420560748,0.0,0.9099065420560748,0.9099065420560748,2,0.0,0.0,0.0,1.0,1.0,1.0
994.png,0.9117334278624601,0.9187354884800857,0.9187354884800857,0.0070020606176255384,0.9187354884800857,0.9187354884800857,2,0.0070020606176255384,0.0070020606176255384,0.0,0.975609756097561,0.975609756097561,1.0
