filename,endpoint_dice,endpoint_disagreement,rho_from_h0,rho_to_l5,monotonic_from_h0,monotonic_to_l5,fully_monotonic,max_step_disagreement,max_step_start_alpha,trajectory_deviation,dist_H0_a0.00,dist_H0_a0.25,dist_H0_a0.50,dist_H0_a0.75,dist_H0_a1.00,dist_L5_a0.00,dist_L5_a0.25,dist_L5_a0.50,dist_L5_a0.75,dist_L5_a1.00,step_0.00_0.25,step_0.25_0.50,step_0.50_0.75,step_0.75_1.00
7.png,0.7943850492465696,0.2056149507534304,0.9999999999999999,-0.9999999999999999,1,1,1,0.07241255926290369,0.25,0.009128812446195612,0.0,0.05830126051275786,0.1252680068779587,0.1704972209704071,0.2056149507534304,0.2056149507534304,0.15949030470914127,0.0965797101449275,0.05070746415749583,0.0,0.05830126051275786,0.07241255926290369,0.051648976497346455,0.05070746415749583
13.png,0.919630314232902,0.08036968576709802,0.9999999999999999,-0.9999999999999999,1,1,1,0.031877927179332244,0.75,0.0051604084401726145,0.0,0.016170525542080094,0.028428999009122213,0.05015296189858165,0.08036968576709802,0.08036968576709802,0.06838858657886016,0.052997560871239635,0.031877927179332244,0.0,0.016170525542080094,0.016298562377915826,0.022965249676692667,0.031877927179332244
16.png,0.746809596733027,0.25319040326697295,0.9999999999999999,-0.9999999999999999,1,1,1,0.13671509898886902,0.5,0.010479772923057773,0.0,0.07929811103653273,0.15466373465273964,0.1815629810739835,0.25319040326697295,0.25319040326697295,0.20033347228011666,0.19022435897435896,0.07859465461178528,0.0,0.07929811103653273,0.07969520394441953,0.13671509898886902,0.07859465461178528
25.png,0.8867670790747714,0.11323292092522863,0.9999999999999999,-0.9999999999999999,1,1,1,0.038288604749192046,0.75,0.0010679975674150466,0.0,0.029818608899908616,0.05453459828833007,0.08317694369973194,0.11323292092522863,0.11323292092522863,0.10081967213114751,0.07075832348648081,0.038288604749192046,0.0,0.029818608899908616,0.03321878579610538,0.03401454797367509,0.038288604749192046
28.png,0.7668458040512609,0.2331541959487391,0.9999999999999999,-0.9999999999999999,1,1,1,0.06588486140724947,0.25,0.0013589956110862111,0.0,0.05747914524054398,0.12250027319418644,0.1749280460505277,0.2331541959487391,0.2331541959487391,0.18263503281171123,0.12139737991266375,0.061034646416706195,0.0,0.05747914524054398,0.06588486140724947,0.060739260739260725,0.061034646416706195
32.png,0.8380628903254081,0.16193710967459185,0.9999999999999999,-0.9999999999999999,1,1,1,0.05492154065620547,0.0,0.010421680452214366,0.0,0.05492154065620547,0.09933006277364564,0.1407624633431085,0.16193710967459185,0.16193710967459185,0.11969156404649561,0.07954749506195014,0.03266518188567191,0.0,0.05492154065620547,0.054698302085061656,0.04891207683642618,0.03266518188567191
41.png,0.38340500390930415,0.6165949960906958,0.9999999999999999,-0.9999999999999999,1,1,1,0.23749448610498458,0.5,0.02977512706979013,0.0,0.10831260364842454,0.2879381147932385,0.5451263537906137,0.6165949960906958,0.6165949960906958,0.49416236763508015,0.32985175202156336,0.11031002162941606,0.0,0.10831260364842454,0.17540751240255137,0.23749448610498458,0.11031002162941606
55.png,0.6835769269897249,0.31642307301027506,0.9999999999999999,-0.9999999999999999,1,1,1,0.1355655248224843,0.0,0.032190817255297,0.0,0.1355655248224843,0.22655974338412188,0.2734634275852914,0.31642307301027506,0.31642307301027506,0.21647509578544066,0.1406166932482722,0.07650146314273776,0.0,0.1355655248224843,0.09752449330640944,0.06887788068059442,0.07650146314273776
56.png,0.7324478178368121,0.2675521821631879,0.9999999999999999,-0.9999999999999999,1,1,1,0.09470922606034105,0.75,0.009541657599700049,0.0,0.05828745016138215,0.11616494104973363,0.1791675940351658,0.2675521821631879,0.2675521821631879,0.21860959466640906,0.16277132410792794,0.09470922606034105,0.0,0.05828745016138215,0.06075250258888509,0.07011711757786532,0.09470922606034105
66.png,0.7497299561316492,0.25027004386835083,0.9999999999999999,-0.9999999999999999,1,1,1,0.07689801238188332,0.5,0.006496456442204579,0.0,0.062189172547719385,0.1373805805156082,0.20756091811148492,0.25027004386835083,0.25027004386835083,0.1955894060194152,0.12417420140418145,0.05025167551934151,0.0,0.062189172547719385,0.07624107695817983,0.07689801238188332,0.05025167551934151
67.png,0.7946599695988368,0.20534003040116322,0.9999999999999999,-0.9999999999999999,1,1,1,0.08587719908212221,0.75,0.010961008487808965,0.0,0.06894015379471752,0.13219412166780586,0.16168081257826628,0.20534003040116322,0.20534003040116322,0.15131666889453277,0.1035048165607706,0.08587719908212221,0.0,0.06894015379471752,0.07406126823871106,0.040057636887608106,0.08587719908212221
70.png,0.8584117584857778,0.14158824151422222,0.9999999999999999,-0.9999999999999999,1,1,1,0.04546406871988262,0.0,0.005958159817542863,0.0,0.04546406871988262,0.08236268571724392,0.1143464069219211,0.14158824151422222,0.14158824151422222,0.09680839783692075,0.05799758998271076,0.03518431125793087,0.0,0.04546406871988262,0.038359719698935923,0.03224812570606961,0.03518431125793087
86.png,0.9357002898498379,0.06429971015016211,0.9999999999999999,-0.9999999999999999,1,1,1,0.026038448958825455,0.25,0.005509488185249123,0.0,0.025843204309267898,0.04169875284349911,0.05645504899872178,0.06429971015016211,0.06429971015016211,0.051911200133533675,0.03674195401233993,0.021008910900289002,0.0,0.025843204309267898,0.026038448958825455,0.019890579057086466,0.021008910900289002
93.png,0.8005080509689843,0.19949194903101575,0.9999999999999999,-0.9999999999999999,1,1,1,0.06449545780089716,0.75,0.008505250601585145,0.0,0.03366892999297588,0.08335219812559425,0.13969054242002776,0.19949194903101575,0.19949194903101575,0.1677922495578067,0.1201187129022181,0.06449545780089716,0.0,0.03366892999297588,0.051161553466926746,0.05737535627246071,0.06449545780089716
99.png,0.8377120698012603,0.16228793019873966,0.9999999999999999,-0.9999999999999999,1,1,1,0.05848556937025895,0.75,0.006658117305202271,0.0,0.031067755275156372,0.07182602480984224,0.10724752868709952,0.16228793019873966,0.16228793019873966,0.13993336506425513,0.10125592308046194,0.05848556937025895,0.0,0.031067755275156372,0.04572086734438374,0.04567285055089931,0.05848556937025895
100.png,0.739234543670265,0.260765456329735,0.9999999999999999,-0.9999999999999999,1,1,1,0.1555828043854588,0.0,0.04230610287561019,0.0,0.1555828043854588,0.21690547679677696,0.2301904176904177,0.260765456329735,0.260765456329735,0.12013216898749113,0.06930392553622011,0.042604460394770616,0.0,0.1555828043854588,0.06616411607102313,0.03465906297625487,0.042604460394770616
102.png,0.6944610678901523,0.3055389321098477,0.9999999999999999,-0.9999999999999999,1,1,1,0.09009039975251776,0.25,0.00864797471613966,0.0,0.08778193552816782,0.165467132771266,0.24829920344603607,0.3055389321098477,0.3055389321098477,0.23655519621244958,0.15085546901005265,0.08291549061929271,0.0,0.08778193552816782,0.09009039975251776,0.08403217525243878,0.08291549061929271
108.png,0.9371412440011292,0.06285875599887081,0.9999999999999999,-0.9999999999999999,1,1,1,0.027107157983905172,0.75,0.0020765759834883934,0.0,0.02087306958715318,0.03652638528504093,0.04727155904355407,0.06285875599887081,0.06285875599887081,0.04536850075719334,0.03350600683346194,0.027107157983905172,0.0,0.02087306958715318,0.01720171090625533,0.013560415258922487,0.027107157983905172
114.png,0.49438376326593847,0.5056162367340615,0.9999999999999999,-0.9999999999999999,1,1,1,0.17264341466077182,0.5,0.009259199855917121,0.0,0.1072229699416779,0.2556499941247895,0.40348521183053554,0.5056162367340615,0.5056162367340615,0.42178053019362105,0.3029890688075475,0.15000601950319037,0.0,0.1072229699416779,0.15045015728387023,0.17264341466077182,0.15000601950319037
117.png,0.7912103292627454,0.20878967073725463,0.9999999999999999,-0.9999999999999999,1,1,1,0.08707705878646588,0.0,0.01827973738553911,0.0,0.08707705878646588,0.1353602115003305,0.1821459227467811,0.20878967073725463,0.20878967073725463,0.1369951657721442,0.08241558755899792,0.033905470533524995,0.0,0.08707705878646588,0.059530623926731585,0.05466745608841528,0.033905470533524995
121.png,0.9167508910048406,0.08324910899515936,0.9999999999999999,-0.9999999999999999,1,1,1,0.026969539963458855,0.0,0.00287603679592926,0.0,0.026969539963458855,0.04637124062694564,0.06591306688198084,0.08324910899515936,0.08324910899515936,0.0598642032082668,0.03907403926202435,0.021014125123494654,0.0,0.026969539963458855,0.021812172955108733,0.02022068815567757,0.021014125123494654
122.png,0.782887152555399,0.21711284744460102,0.9999999999999999,-0.9999999999999999,1,1,1,0.08174811102251589,0.75,0.0206071185755775,0.0,0.02464788732394363,0.0601260956481624,0.137859695316908,0.21711284744460102,0.21711284744460102,0.19707722672489814,0.15916673447798846,0.08174811102251589,0.0,0.02464788732394363,0.03924425908245821,0.07843924191750273,0.08174811102251589
124.png,0.7562157439034077,0.24378425609659227,0.9999999999999999,-0.9999999999999999,1,1,1,0.10907854891539459,0.25,0.01269297490829695,0.0,0.056157015178681435,0.15821582905931786,0.2051903167574406,0.24378425609659227,0.24378425609659227,0.20627714172917488,0.11427315679595651,0.05717330897187012,0.0,0.056157015178681435,0.10907854891539459,0.06346283245387263,0.05717330897187012
128.png,0.6655881233346022,0.33441187666539784,0.9999999999999999,-0.9999999999999999,1,1,1,0.17881462799495584,0.0,0.0433445483603214,0.0,0.17881462799495584,0.23781779661016944,0.3017081321945785,0.33441187666539784,0.33441187666539784,0.1654933778785348,0.10493985154850272,0.036373656654725806,0.0,0.17881462799495584,0.06162373655037501,0.06882891804902203,0.036373656654725806
131.png,0.883150115317924,0.11684988468207602,0.9999999999999999,-0.9999999999999999,1,1,1,0.04510015381079502,0.75,0.0011440058338550551,0.0,0.031078429756153825,0.05628110491332372,0.08592718035563085,0.11684988468207602,0.11684988468207602,0.09256266547467595,0.06936627694237774,0.04510015381079502,0.0,0.031078429756153825,0.026959739440342356,0.03106591865357644,0.04510015381079502
138.png,0.8372952984680402,0.16270470153195982,0.9999999999999999,-0.9999999999999999,1,1,1,0.08105427235369134,0.5,0.007887968734979146,0.0,0.04028478196380891,0.06989509636496705,0.14961972200367168,0.16270470153195982,0.16270470153195982,0.12561354994815066,0.10009995716121667,0.024879489970455637,0.0,0.04028478196380891,0.029713049564166205,0.08105427235369134,0.024879489970455637
150.png,0.8911174154955906,0.10888258450440935,0.9999999999999999,-0.9999999999999999,1,1,1,0.04993270227929658,0.75,0.003066488670565226,0.0,0.029753652554121768,0.05666104553119733,0.07108225473249297,0.10888258450440935,0.10888258450440935,0.08657969978556113,0.06925843390772901,0.04993270227929658,0.0,0.029753652554121768,0.032244260436057104,0.019792768027067087,0.04993270227929658
152.png,0.47874430154553205,0.521255698454468,0.9999999999999999,-0.9999999999999999,1,1,1,0.24186440183288094,0.75,0.025691810138161825,0.0,0.11488160316647522,0.19981590629036328,0.3387269875340543,0.521255698454468,0.521255698454468,0.4627352845174627,0.39451954694921443,0.24186440183288094,0.0,0.11488160316647522,0.0891322662173547,0.16899576146711992,0.24186440183288094
156.png,0.810846583292325,0.18915341670767505,0.9999999999999999,-0.9999999999999999,1,1,1,0.09052385475268498,0.75,0.024670283123539284,0.0,0.08147362259457092,0.1506287379236313,0.17497918016100678,0.18915341670767505,0.18915341670767505,0.15285025550278974,0.1367031637071916,0.09052385475268498,0.0,0.08147362259457092,0.07124933152330415,0.060581431697405486,0.09052385475268498
167.png,0.6708111221039263,0.32918887789607365,0.9999999999999999,-0.9999999999999999,1,1,1,0.1301877860186208,0.0,0.03436907157961373,0.0,0.1301877860186208,0.23914622164632848,0.29629466707722985,0.32918887789607365,0.32918887789607365,0.21319822629866303,0.11249439210408252,0.04604981929817742,0.0,0.1301877860186208,0.11344408676943984,0.06944084188683441,0.04604981929817742
169.png,0.8566267084920457,0.1433732915079543,0.9999999999999999,-0.9999999999999999,1,1,1,0.06561044589213605,0.75,0.004220276502337095,0.0,0.03588055970101656,0.06728415979517299,0.0908683089021124,0.1433732915079543,0.1433732915079543,0.13307726760678074,0.11850794455487812,0.06561044589213605,0.0,0.03588055970101656,0.03429003758480986,0.05361734308041344,0.06561044589213605
174.png,0.9401404330017554,0.05985956699824457,0.9999999999999999,-0.9999999999999999,1,1,1,0.032526656859634406,0.25,0.0022102195648709077,0.0,0.01114325711619224,0.03551189662968912,0.04654202530910223,0.05985956699824457,0.05985956699824457,0.05605691453074746,0.02767689165668985,0.015707442552889805,0.0,0.01114325711619224,0.032526656859634406,0.0132214899141202,0.015707442552889805
183.png,0.7529572156060789,0.24704278439392113,0.9999999999999999,-0.9999999999999999,1,1,1,0.09723293069476568,0.0,0.01866689755107096,0.0,0.09723293069476568,0.15966315073154136,0.20700258291992946,0.24704278439392113,0.24704278439392113,0.15926644749871277,0.09597450123952311,0.043739540544652344,0.0,0.09723293069476568,0.06943744752308989,0.05417253167102354,0.043739540544652344
198.png,0.8735240094463396,0.12647599055366043,0.9999999999999999,-0.9999999999999999,1,1,1,0.044107789247888496,0.5,0.005722167224444819,0.0,0.028829546964261987,0.04989912575655686,0.08237447698744771,0.12647599055366043,0.12647599055366043,0.10697674418604652,0.0859679806269339,0.04368297148835998,0.0,0.028829546964261987,0.022621967838648116,0.044107789247888496,0.04368297148835998
211.png,0.8559295323723106,0.14407046762768938,0.9999999999999999,-0.9999999999999999,1,1,1,0.045882813964186475,0.25,0.004344753382460276,0.0,0.038017195056421316,0.08043591074208611,0.11937636255532802,0.14407046762768938,0.14407046762768938,0.11180134708553491,0.06855815831987078,0.030397609363326916,0.0,0.038017195056421316,0.045882813964186475,0.042704685955536226,0.030397609363326916
217.png,0.904124791910722,0.09587520808927796,0.9999999999999999,-0.9999999999999999,1,1,1,0.03895471020010355,0.25,0.0019689576140380803,0.0,0.022109290575075158,0.055532030730143345,0.07229725600440018,0.09587520808927796,0.09587520808927796,0.08516253221149372,0.05478216035060579,0.033098775084701604,0.0,0.022109290575075158,0.03895471020010355,0.025351213282247764,0.033098775084701604
223.png,0.9052002920926351,0.09479970790736492,0.9999999999999999,-0.9999999999999999,1,1,1,0.03330253484915435,0.0,0.005571072926103804,0.0,0.03330253484915435,0.05972045743329102,0.07703193420912102,0.09479970790736492,0.09479970790736492,0.07527455663940008,0.05501225787332631,0.030972273960938712,0.0,0.03330253484915435,0.029420315939581054,0.02633394981643522,0.030972273960938712
228.png,0.7696851811829118,0.23031481881708815,0.9999999999999999,-0.9999999999999999,1,1,1,0.07937415160391514,0.25,0.008456139749611735,0.0,0.06333638101570938,0.1384429907793977,0.18597355517858383,0.23031481881708815,0.23031481881708815,0.17385371881677525,0.10211208110391434,0.048826736193410714,0.0,0.06333638101570938,0.07937415160391514,0.05517615176151758,0.048826736193410714
233.png,0.880050670071481,0.11994932992851903,0.9999999999999999,-0.9999999999999999,1,1,1,0.05244370181901037,0.0,0.006182300357617731,0.0,0.05244370181901037,0.06689226864581133,0.09149952621604551,0.11994932992851903,0.11994932992851903,0.0992999990371376,0.0650166271710404,0.030219257389545007,0.0,0.05244370181901037,0.03553243303077269,0.037092386098018904,0.030219257389545007
234.png,0.9222441369977398,0.07775586300226023,0.9999999999999999,-0.9999999999999999,1,1,1,0.04004332260296639,0.25,0.0036816418981191145,0.0,0.02053121424816795,0.0458410131399013,0.06866977660591667,0.07775586300226023,0.07775586300226023,0.07496031341479403,0.037147227640793146,0.01184817894174528,0.0,0.02053121424816795,0.04004332260296639,0.026771342238287588,0.01184817894174528
238.png,0.8355033795802206,0.16449662041977942,0.9999999999999999,-0.9999999999999999,1,1,1,0.0533322767255725,0.75,0.00166226310202916,0.0,0.04570251339101772,0.0824006077487972,0.126953125,0.16449662041977942,0.16449662041977942,0.12858921701637338,0.09767601733916398,0.0533322767255725,0.0,0.04570251339101772,0.037731864418711014,0.049335402217195456,0.0533322767255725
246.png,0.7102628285356696,0.2897371714643304,0.9999999999999999,-0.9999999999999999,1,1,1,0.08438538205980062,0.0,0.010993461416592677,0.0,0.08438538205980062,0.16283687943262415,0.24235080278703425,0.2897371714643304,0.2897371714643304,0.21066297386186605,0.13278008298755184,0.05438813349814586,0.0,0.08438538205980062,0.07972027972027973,0.08345428156748913,0.05438813349814586
256.png,0.8499747170251662,0.15002528297483375,0.9999999999999999,-0.9999999999999999,1,1,1,0.057831129856436014,0.5,0.006289663903446052,0.0,0.02356152575246029,0.06354465249599817,0.11855449776568872,0.15002528297483375,0.15002528297483375,0.1379485377376909,0.0958103280285807,0.04288631722260039,0.0,0.02356152575246029,0.04532038109471326,0.057831129856436014,0.04288631722260039
262.png,0.6624553039332539,0.3375446960667461,0.9999999999999999,-0.9999999999999999,1,1,1,0.2582879546939665,0.0,0.06807407388094666,0.0,0.2582879546939665,0.2886822484711401,0.29971721033974585,0.3375446960667461,0.3375446960667461,0.17205530720449114,0.1498522299838796,0.09155406494888585,0.0,0.2582879546939665,0.05163092776024092,0.06492107831588867,0.09155406494888585
263.png,0.7943035048241422,0.20569649517585775,0.8999999999999998,-0.8999999999999998,0,0,0,0.1576707656685128,0.5,0.016443532664928283,0.0,0.06958432963794892,0.06833478501860801,0.1838163662932294,0.20569649517585775,0.20569649517585775,0.25556062507129007,0.17260395537525353,0.03239920039226041,0.0,0.06958432963794892,0.08708100903391425,0.1576707656685128,0.03239920039226041
284.png,0.778896496173983,0.22110350382601696,0.9999999999999999,-0.9999999999999999,1,1,1,0.0710892842766283,0.5,0.010988696583019176,0.0,0.02771141901576679,0.09026128266033251,0.15873907114783026,0.22110350382601696,0.22110350382601696,0.1962267219647068,0.13331716387743553,0.06570539079141402,0.0,0.02771141901576679,0.0632992327365729,0.0710892842766283,0.06570539079141402
296.png,0.8956051884750437,0.10439481152495633,0.9999999999999999,-0.9999999999999999,1,1,1,0.04009073256233564,0.75,0.005448628527039467,0.0,0.027332508238521958,0.03648516710476901,0.06799901002351194,0.10439481152495633,0.10439481152495633,0.08137539598732846,0.07052561543579505,0.04009073256233564,0.0,0.027332508238521958,0.015058475020828799,0.03226013237391623,0.04009073256233564
304.png,0.870018642098722,0.12998135790127796,0.9999999999999999,-0.9999999999999999,1,1,1,0.05667091565753135,0.75,0.006617716006583507,0.0,0.021521950105611642,0.04853704443050244,0.09182446228288532,0.12998135790127796,0.12998135790127796,0.12126052467715298,0.09978630744677974,0.05667091565753135,0.0,0.021521950105611642,0.03086596170334377,0.05138760536559406,0.05667091565753135
311.png,0.9088156992636518,0.0911843007363482,0.9999999999999999,-0.9999999999999999,1,1,1,0.0327847267939434,0.75,0.005746258545625826,0.0,0.014420010767383085,0.03294761203450447,0.060677535574505614,0.0911843007363482,0.0911843007363482,0.07854691794973145,0.06087083683691008,0.0327847267939434,0.0,0.014420010767383085,0.019552598526766052,0.028410903548261368,0.0327847267939434
321.png,0.7767873552655762,0.22321264473442382,0.9999999999999999,-0.9999999999999999,1,1,1,0.12105463303333752,0.0,0.031135000171071715,0.0,0.12105463303333752,0.17559484248305202,0.19384449244060475,0.22321264473442382,0.22321264473442382,0.12196412508598342,0.07566990618504577,0.04250687442713108,0.0,0.12105463303333752,0.05734876167275682,0.038825913148239466,0.04250687442713108
323.png,0.8994070080862534,0.1005929919137466,0.9999999999999999,-0.9999999999999999,1,1,1,0.034077471602106946,0.75,0.0035411538585385814,0.0,0.0323891208667193,0.0596415557373392,0.0765645805592543,0.1005929919137466,0.1005929919137466,0.08071683543381658,0.05384476859355303,0.034077471602106946,0.0,0.0323891208667193,0.03246239113222482,0.023354092526690406,0.034077471602106946
324.png,0.9057321521625846,0.09426784783741537,0.9999999999999999,-0.9999999999999999,1,1,1,0.032860147213459534,0.25,0.0036434256221805294,0.0,0.02897370563975943,0.05517152103559875,0.07547367319166753,0.09426784783741537,0.09426784783741537,0.06892446090752746,0.04555291908946313,0.021297907111603176,0.0,0.02897370563975943,0.032860147213459534,0.025325406594557842,0.021297907111603176
332.png,0.9487130600571974,0.051286939942802645,0.9999999999999999,-0.9999999999999999,1,1,1,0.01949317738791423,0.5,0.002470425455141867,0.0,0.016911146407549316,0.027709707822808682,0.044661682959555304,0.051286939942802645,0.051286939942802645,0.037371505427995055,0.026754556029468746,0.014595660749506911,0.0,0.016911146407549316,0.010732263272865472,0.01949317738791423,0.014595660749506911
333.png,0.8212172134141886,0.17878278658581137,0.9999999999999999,-0.9999999999999999,1,1,1,0.05679652359533427,0.25,0.0036407659901213085,0.0,0.032764257173992006,0.08892215568862272,0.1282839370654958,0.17878278658581137,0.17878278658581137,0.15055043141922042,0.10422578418590378,0.056354916067146266,0.0,0.032764257173992006,0.05679652359533427,0.04755319966198046,0.056354916067146266
350.png,0.7252712690674634,0.2747287309325366,0.9999999999999999,-0.9999999999999999,1,1,1,0.10021310159687824,0.75,0.01115175673215869,0.0,0.04987081017944994,0.12192562471305834,0.18453787784550313,0.2747287309325366,0.2747287309325366,0.2294135898231462,0.1594673783760262,0.10021310159687824,0.0,0.04987081017944994,0.08170325584402982,0.07073954983922826,0.10021310159687824
351.png,0.9060449859418932,0.0939550140581068,0.9999999999999999,-0.9999999999999999,1,1,1,0.038200339558573826,0.0,0.0075343356678220785,0.0,0.038200339558573826,0.061162437141854764,0.079241422725842,0.0939550140581068,0.0939550140581068,0.059171118666019096,0.03612190632031087,0.022141440846001337,0.0,0.038200339558573826,0.02371429725689811,0.022966230981734226,0.022141440846001337
354.png,0.8796928882816059,0.12030711171839414,0.9999999999999999,-0.9999999999999999,1,1,1,0.07392527119325032,0.0,0.01726784840893717,0.0,0.07392527119325032,0.09078590785907859,0.10208873056994816,0.12030711171839414,0.12030711171839414,0.09590626356140608,0.090234655190081,0.07065953060246988,0.0,0.07392527119325032,0.02294732027140356,0.030213452088452053,0.07065953060246988
404.png,0.8256689525346241,0.17433104746537587,0.9999999999999999,-0.9999999999999999,1,1,1,0.060518324977049676,0.5,0.005136800930289276,0.0,0.030583302503391252,0.07644395928981929,0.13271126644465692,0.17433104746537587,0.17433104746537587,0.15101619014812262,0.10435817021736782,0.04498012851465294,0.0,0.030583302503391252,0.0495908508330869,0.060518324977049676,0.04498012851465294
415.png,0.8874834311683393,0.11251656883166072,0.9999999999999999,-0.9999999999999999,1,1,1,0.0488871534556814,0.75,0.0023249675262222657,0.0,0.031661357792531764,0.06279892677995103,0.08283544694137146,0.11251656883166072,0.11251656883166072,0.10107292800497591,0.08083832335329344,0.0488871534556814,0.0,0.031661357792531764,0.03706662406135164,0.03458791429259289,0.0488871534556814
429.png,0.7768388843121101,0.22316111568788988,0.9999999999999999,-0.9999999999999999,1,1,1,0.07172621249106192,0.25,0.006688975702627364,0.0,0.059612479126355145,0.12836879432624115,0.18020527859237534,0.22316111568788988,0.22316111568788988,0.170331940682246,0.1086395233366435,0.05490321890706873,0.0,0.059612479126355145,0.07172621249106192,0.057599999999999985,0.05490321890706873
442.png,0.8896375464684015,0.11036245353159846,0.9999999999999999,-0.9999999999999999,1,1,1,0.045183926622739734,0.0,0.008852129792448815,0.0,0.045183926622739734,0.06959088991986506,0.09502951271703697,0.11036245353159846,0.11036245353159846,0.06958311104336556,0.04560007460134907,0.022325477777954572,0.0,0.045183926622739734,0.029600271102532716,0.027599870985578034,0.022325477777954572
443.png,0.8845805079645308,0.1154194920354692,0.9999999999999999,-0.9999999999999999,1,1,1,0.03572329295378185,0.5,0.002136764598436014,0.0,0.023646968395351964,0.052438808565646644,0.08635963810002512,0.1154194920354692,0.1154194920354692,0.09341575501240396,0.06512262487105258,0.031240697110682003,0.0,0.023646968395351964,0.02937852226578641,0.03572329295378185,0.031240697110682003
445.png,0.924077356424354,0.07592264357564604,0.9999999999999999,-0.9999999999999999,1,1,1,0.026465339094495555,0.75,0.0019420937443775156,0.0,0.01722391084093211,0.03598918244227167,0.050960403358377704,0.07592264357564604,0.07592264357564604,0.060900042379190666,0.042114090051477926,0.026465339094495555,0.0,0.01722391084093211,0.019841666389083246,0.018493244165415534,0.026465339094495555
452.png,0.7792720917863384,0.22072790821366162,0.9999999999999999,-0.9999999999999999,1,1,1,0.1408173313638602,0.5,0.01704045770830015,0.0,0.06860473281370694,0.1705337315261506,0.17715568652213565,0.22072790821366162,0.22072790821366162,0.17937438905180836,0.11051018568595639,0.10774739583333337,0.0,0.06860473281370694,0.1057992442911122,0.1408173313638602,0.10774739583333337
457.png,0.7905678940662247,0.20943210593377526,0.9999999999999999,-0.9999999999999999,1,1,1,0.08811127379209371,0.25,0.009368481913393045,0.0,0.06747009409599569,0.12345265975242559,0.17006781461920684,0.20943210593377526,0.20943210593377526,0.18426475373007145,0.09673728207491694,0.047038242074456726,0.0,0.06747009409599569,0.08811127379209371,0.053820086260012334,0.047038242074456726
472.png,0.8776533333333333,0.12234666666666671,0.9999999999999999,-0.9999999999999999,1,1,1,0.03920509774273684,0.25,0.0030650789361524877,0.0,0.022261021388040203,0.06070013917139494,0.09828655524019758,0.12234666666666671,0.12234666666666671,0.10147422791348326,0.06251319957761348,0.024476249740717715,0.0,0.022261021388040203,0.03920509774273684,0.03830141548709409,0.024476249740717715
473.png,0.7345818079414249,0.2654181920585751,0.9999999999999999,-0.9999999999999999,1,1,1,0.07539595649952557,0.75,0.008970296328164406,0.0,0.04656459572314309,0.11735387403715447,0.18935733668674304,0.2654181920585751,0.2654181920585751,0.22016946798166415,0.1464995370700093,0.07539595649952557,0.0,0.04656459572314309,0.07396279486032087,0.0717248762210625,0.07539595649952557
475.png,0.648089580306009,0.35191041969399095,0.9999999999999999,-0.9999999999999999,1,1,1,0.10339193516763612,0.5,0.006222181187642289,0.0,0.0973820483314154,0.1860787433909964,0.2755157437567861,0.35191041969399095,0.35191041969399095,0.2789395425353538,0.19269551959527353,0.09443841867075586,0.0,0.0973820483314154,0.0985510514743192,0.10339193516763612,0.09443841867075586
482.png,0.8295877247365158,0.17041227526348424,0.9999999999999999,-0.9999999999999999,1,1,1,0.0558615874001086,0.25,0.008105011522449978,0.0,0.05037882868325616,0.10464812394997203,0.14111651787424806,0.17041227526348424,0.17041227526348424,0.12551913229305267,0.07334541011922313,0.03214611079779617,0.0,0.05037882868325616,0.0558615874001086,0.04303312801731318,0.03214611079779617
483.png,0.7360240661820004,0.26397593381799955,0.9999999999999999,-0.9999999999999999,1,1,1,0.11014695591322599,0.25,0.029911703433299287,0.0,0.099450884685784,0.20708517843188334,0.2389863547758284,0.26397593381799955,0.26397593381799955,0.19059771658831426,0.0975750577367206,0.05975521958243335,0.0,0.099450884685784,0.11014695591322599,0.04469525959367948,0.05975521958243335
484.png,0.6616161616161617,0.33838383838383834,0.9999999999999999,-0.9999999999999999,1,1,1,0.12329724065665382,0.75,0.01143334260862125,0.0,0.07748008689355534,0.14803625377643503,0.22489270386266091,0.33838383838383834,0.33838383838383834,0.27510078709925134,0.2102812441795493,0.12329724065665382,0.0,0.07748008689355534,0.07424381301558203,0.08666256914566683,0.12329724065665382
486.png,0.8898541097115409,0.11014589028845911,0.9999999999999999,-0.9999999999999999,1,1,1,0.03003302059856383,0.75,0.0006099018682609314,0.0,0.029821378376306495,0.0544474393530997,0.08274851546232742,0.11014589028845911,0.11014589028845911,0.08476165668142743,0.05935308280121432,0.03003302059856383,0.0,0.029821378376306495,0.02612155158875573,0.02996787275504298,0.03003302059856383
494.png,0.753439406627587,0.24656059337241298,0.9999999999999999,-0.9999999999999999,1,1,1,0.11739522307345651,0.0,0.030393446098481925,0.0,0.11739522307345651,0.19162451476296904,0.21278838271460354,0.24656059337241298,0.24656059337241298,0.1451548049859268,0.07225515100197577,0.03986524424480631,0.0,0.11739522307345651,0.08141523082993551,0.043490228461326774,0.03986524424480631
500.png,0.7217714994750406,0.2782285005249594,0.9999999999999999,-0.9999999999999999,1,1,1,0.09458908022525092,0.0,0.009265700396770483,0.0,0.09458908022525092,0.14785291848804316,0.22122925405799743,0.2782285005249594,0.2782285005249594,0.19019061897622613,0.13596892138939676,0.060737796547012834,0.0,0.09458908022525092,0.06534954407294835,0.07585759116978685,0.060737796547012834
506.png,0.9431757833244823,0.056824216675517736,0.9999999999999999,-0.9999999999999999,1,1,1,0.021236541809038778,0.5,0.0002229578272916033,0.0,0.01473240366786055,0.028293500622253775,0.04308799442861011,0.056824216675517736,0.056824216675517736,0.042727072567380286,0.030963881946153182,0.014681892332789603,0.0,0.01473240366786055,0.01401833557660559,0.021236541809038778,0.014681892332789603
507.png,0.9452184696184988,0.05478153038150124,0.9999999999999999,-0.9999999999999999,1,1,1,0.017302472077747155,0.5,0.0010992742452804794,0.0,0.015495687666006952,0.02897567195179629,0.04319730718085102,0.05478153038150124,0.05478153038150124,0.04295101676996749,0.029358274876591373,0.01446018461150722,0.0,0.015495687666006952,0.015474619782557597,0.017302472077747155,0.01446018461150722
518.png,0.5369031333463617,0.46309686665363825,0.9999999999999999,-0.9999999999999999,1,1,1,0.17415198029183243,0.75,0.019130444126953666,0.0,0.09564956795364865,0.18622115803221595,0.3171223533598244,0.46309686665363825,0.46309686665363825,0.40688347673909875,0.3250476427210208,0.17415198029183243,0.0,0.09564956795364865,0.10496445426847478,0.1567862140069225,0.17415198029183243
519.png,0.8015887344285972,0.19841126557140276,0.9999999999999999,-0.9999999999999999,1,1,1,0.09793908444282329,0.25,0.009348188827583037,0.0,0.055320648343904155,0.12636852848394875,0.16266866566716642,0.19841126557140276,0.19841126557140276,0.1659861530268063,0.08043396932285818,0.04364254675987156,0.0,0.055320648343904155,0.09793908444282329,0.038693369628621466,0.04364254675987156
543.png,0.8686906198743539,0.13130938012564608,0.9999999999999999,-0.9999999999999999,1,1,1,0.07302560403894698,0.0,0.01791952668771598,0.0,0.07302560403894698,0.0923922895643241,0.12114381002377794,0.13130938012564608,0.13130938012564608,0.07418830630451367,0.05207673060884066,0.023855092276144907,0.0,0.07302560403894698,0.03477923589113707,0.03518056248959889,0.023855092276144907
550.png,0.6330242160107481,0.3669757839892519,0.9999999999999999,-0.9999999999999999,1,1,1,0.12426239393547833,0.0,0.015691781228989937,0.0,0.12426239393547833,0.22639273014618733,0.272196217936716,0.3669757839892519,0.3669757839892519,0.26147874082610545,0.1638292411669091,0.11003236245954695,0.0,0.12426239393547833,0.1057730399394965,0.05698288273876184,0.11003236245954695
551.png,0.6405085924307142,0.35949140756928577,0.9999999999999999,-0.9999999999999999,1,1,1,0.12620180143710147,0.5,0.009416676611120606,0.0,0.10961181187053881,0.1804905984537558,0.2962180840852371,0.35949140756928577,0.35949140756928577,0.27004310344827587,0.19328436516264424,0.07338190265019529,0.0,0.10961181187053881,0.09267285861713104,0.12620180143710147,0.07338190265019529
558.png,0.6696447564348011,0.33035524356519885,0.8999999999999998,-0.9999999999999999,0,1,0,0.2708221797323136,0.5,0.04796226605032574,0.0,0.01801750917819822,0.08416564453010922,0.34199448395993615,0.33035524356519885,0.33035524356519885,0.31178489702517165,0.258955223880597,0.04603758576116135,0.0,0.01801750917819822,0.06834490059992937,0.2708221797323136,0.04603758576116135
561.png,0.8978721076527543,0.10212789234724573,0.9999999999999999,-0.9999999999999999,1,1,1,0.040386962614709976,0.0,0.008577281317363461,0.0,0.040386962614709976,0.07200256865350829,0.08368871383946763,0.10212789234724573,0.10212789234724573,0.072528409848155,0.04836715907596545,0.024228349749530698,0.0,0.040386962614709976,0.033100257427120305,0.027189437748205925,0.024228349749530698
562.png,0.8624386283191454,0.13756137168085458,0.9999999999999999,-0.9999999999999999,1,1,1,0.045418177938980175,0.5,0.0011351600261107376,0.0,0.03518294349642703,0.06509542785234901,0.10197308719437892,0.13756137168085458,0.13756137168085458,0.11357749689183594,0.08679264968634659,0.04433294207179439,0.0,0.03518294349642703,0.03490847739050096,0.045418177938980175,0.04433294207179439
563.png,0.8607700312174817,0.13922996878251825,0.9999999999999999,-0.9999999999999999,1,1,1,0.06128329813186628,0.5,0.00794413908857321,0.0,0.042950676560453926,0.0837336375645491,0.1218813344916404,0.13922996878251825,0.13922996878251825,0.11735134468295094,0.09213504638632963,0.04200482739628386,0.0,0.042950676560453926,0.041717294451194764,0.06128329813186628,0.04200482739628386
579.png,0.867948717948718,0.13205128205128203,0.9999999999999999,-0.9999999999999999,1,1,1,0.04127866574009731,0.5,0.00460548489201833,0.0,0.03945697394350778,0.07618752490150071,0.1054598486920062,0.13205128205128203,0.13205128205128203,0.09669105803304345,0.061490480845319606,0.03129199462468801,0.0,0.03945697394350778,0.03719192098941182,0.04127866574009731,0.03129199462468801
581.png,0.7335498839907193,0.2664501160092807,0.9999999999999999,-0.9999999999999999,1,1,1,0.09340284740324845,0.0,0.020009870887521975,0.0,0.09340284740324845,0.17628785917680556,0.23003382187147692,0.2664501160092807,0.2664501160092807,0.17995941938504756,0.10822262940907013,0.056193426887795384,0.0,0.09340284740324845,0.08427262698450766,0.059870639615235755,0.056193426887795384
589.png,0.7700323992117305,0.2299676007882695,0.9999999999999999,-0.9999999999999999,1,1,1,0.07585149210812192,0.25,0.004368308408086085,0.0,0.05677874660989768,0.1265444461562163,0.1820434432823813,0.2299676007882695,0.2299676007882695,0.1853936488082829,0.11467379202850148,0.05499491512164589,0.0,0.05677874660989768,0.07585149210812192,0.06110675877786487,0.05499491512164589
590.png,0.8734132581100141,0.12658674188998587,0.9999999999999999,-0.9999999999999999,1,1,1,0.08202443280977312,0.0,0.02476257672891472,0.0,0.08202443280977312,0.10662415869642228,0.125044404973357,0.12658674188998587,0.12658674188998587,0.06497500961168778,0.032043767096522124,0.013720109760878119,0.0,0.08202443280977312,0.03979907264296756,0.02009456264775411,0.013720109760878119
592.png,0.8341799709724238,0.1658200290275762,0.9999999999999999,-0.9999999999999999,1,1,1,0.04672239331280248,0.75,0.0024511674840222318,0.0,0.04066103356519302,0.07649915934989726,0.11931401320616286,0.1658200290275762,0.1658200290275762,0.1251846215817034,0.09187785439240614,0.04672239331280248,0.0,0.04066103356519302,0.03736121988298702,0.045532723816420706,0.04672239331280248
593.png,0.8275003113712791,0.1724996886287209,0.9999999999999999,-0.9999999999999999,1,1,1,0.07206155980951778,0.75,0.009837520501292229,0.0,0.03148667375680814,0.06605152863965691,0.11202372804015515,0.1724996886287209,0.1724996886287209,0.14564681660791712,0.11377998553777469,0.07206155980951778,0.0,0.03148667375680814,0.037565104166666696,0.05037534571315683,0.07206155980951778
601.png,0.8331223552388874,0.16687764476111255,0.9999999999999999,-0.9999999999999999,1,1,1,0.05250111887630393,0.5,0.0022573109678159843,0.0,0.0466961040990973,0.08684900994771316,0.12225855920773054,0.16687764476111255,0.16687764476111255,0.13007620837248146,0.09436636352899497,0.04745510220971616,0.0,0.0466961040990973,0.041321414972893544,0.05250111887630393,0.04745510220971616
604.png,0.8243347628053166,0.1756652371946834,0.9999999999999999,-0.9999999999999999,1,1,1,0.05702113252264196,0.75,0.0052854339948094076,0.0,0.050124976482919914,0.0938258805554798,0.14597416872767244,0.1756652371946834,0.1756652371946834,0.14318808604522892,0.10076737803170333,0.05702113252264196,0.0,0.050124976482919914,0.05043822448402602,0.05524845888924257,0.05702113252264196
614.png,0.9289955332824926,0.07100446671750738,0.9999999999999999,-0.9999999999999999,1,1,1,0.02531628331358693,0.0,0.004195876280400834,0.0,0.02531628331358693,0.04545636589370816,0.05671343227097014,0.07100446671750738,0.07100446671750738,0.049876502776981746,0.039100017389675834,0.018527547537786404,0.0,0.02531628331358693,0.025175236770292653,0.02165686287527724,0.018527547537786404
616.png,0.8269691644032593,0.1730308355967407,0.9999999999999999,-0.9999999999999999,1,1,1,0.059339887640449396,0.25,0.011716243348431776,0.0,0.0570182523017283,0.1097500413838769,0.15135917645166475,0.1730308355967407,0.1730308355967407,0.13087588772404468,0.07911172796668975,0.025252525252525304,0.0,0.0570182523017283,0.059339887640449396,0.05487591751135967,0.025252525252525304
621.png,0.876586010936774,0.12341398906322598,0.8999999999999998,-0.9999999999999999,0,1,0,0.09506551435740174,0.0,0.027193266629132417,0.0,0.09506551435740174,0.11432325886990802,0.1116985435131913,0.12341398906322598,0.12341398906322598,0.10706662538901468,0.09289421287985111,0.04182039709642549,0.0,0.09506551435740174,0.033169922316916844,0.052171849038689766,0.04182039709642549
623.png,0.7866519927678641,0.21334800723213587,0.9999999999999999,-0.9999999999999999,1,1,1,0.07105820492222303,0.75,0.007172055290543877,0.0,0.04223521767381422,0.09216881780030084,0.14975769892136936,0.21334800723213587,0.21334800723213587,0.18098554235107112,0.13239207569485512,0.07105820492222303,0.0,0.04223521767381422,0.06258098940468027,0.06352474082788029,0.07105820492222303
630.png,0.7951068155069725,0.2048931844930275,0.9999999999999999,-0.9999999999999999,1,1,1,0.07155138209231582,0.25,0.0044936278871072766,0.0,0.05223262628192882,0.11210913757006824,0.1654661523230806,0.2048931844930275,0.2048931844930275,0.16683525759531204,0.10857355402640878,0.05360638458063549,0.0,0.05223262628192882,0.07155138209231582,0.07146664771313838,0.05360638458063549
633.png,0.9144937623815388,0.08550623761846121,0.9999999999999999,-0.9999999999999999,1,1,1,0.03931515535827523,0.75,0.003736467729591464,0.0,0.018045624787197845,0.037162352675802146,0.05436904031673451,0.08550623761846121,0.08550623761846121,0.07408800300864982,0.05543687246314888,0.03931515535827523,0.0,0.018045624787197845,0.02167638236459335,0.01902113459399335,0.03931515535827523
670.png,0.8110410934587734,0.1889589065412266,0.9999999999999999,-0.9999999999999999,1,1,1,0.07186689441386729,0.75,0.010323802692569795,0.0,0.03296645702306078,0.07159328862618286,0.1272596006997473,0.1889589065412266,0.1889589065412266,0.15873344983857118,0.12722035525684106,0.07186689441386729,0.0,0.03296645702306078,0.03919123305118477,0.058863252673044486,0.07186689441386729
675.png,0.8168363665517517,0.18316363344824826,0.9999999999999999,-0.9999999999999999,1,1,1,0.07577865311680898,0.0,0.010497319476000567,0.0,0.07577865311680898,0.10453808752025928,0.14691530691530696,0.18316363344824826,0.18316363344824826,0.11742160278745639,0.0864472149968607,0.04034867842645762,0.0,0.07577865311680898,0.03961343256960326,0.04860557768924301,0.04034867842645762
681.png,0.8806010789469205,0.11939892105307948,0.9999999999999999,-0.9999999999999999,1,1,1,0.04311624370995182,0.75,0.004124460316930256,0.0,0.031848855046775815,0.052987707625138936,0.07763776689006507,0.11939892105307948,0.11939892105307948,0.0908963597692799,0.06759637591046364,0.04311624370995182,0.0,0.031848855046775815,0.024265539293958027,0.026965639729489732,0.04311624370995182
687.png,0.7351277628464841,0.26487223715351593,0.9999999999999999,-0.9999999999999999,1,1,1,0.08132885144279045,0.25,0.004635276478314543,0.0,0.06198328641015327,0.12033511043412037,0.19181357649442754,0.26487223715351593,0.26487223715351593,0.2334517808445583,0.1542480065988452,0.07599999999999996,0.0,0.06198328641015327,0.08132885144279045,0.07811942074985123,0.07599999999999996
694.png,0.6309135671035997,0.3690864328964003,0.9999999999999999,-0.9999999999999999,1,1,1,0.14494305460916967,0.25,0.010480167595291157,0.0,0.09455099248857801,0.20025256659105262,0.3112269282414256,0.3690864328964003,0.3690864328964003,0.325533188999954,0.18508368818246979,0.06697383577423066,0.0,0.09455099248857801,0.14494305460916967,0.12292071721754161,0.06697383577423066
695.png,0.7965065502183406,0.2034934497816594,0.9999999999999999,-0.9999999999999999,1,1,1,0.07555250985095086,0.0,0.00659021834250253,0.0,0.07555250985095086,0.10572226099092807,0.14832367912936628,0.2034934497816594,0.2034934497816594,0.15109489051094893,0.11590697674418604,0.06666666666666665,0.0,0.07555250985095086,0.044650993256788785,0.04993454273424347,0.06666666666666665
712.png,0.7000856898029134,0.2999143101970866,0.9999999999999999,-0.9999999999999999,1,1,1,0.17155855591429414,0.75,0.03940684550358625,0.0,0.042065752006212764,0.07770270270270274,0.13306878306878311,0.2999143101970866,0.2999143101970866,0.2785100286532951,0.24460431654676262,0.17155855591429414,0.0,0.042065752006212764,0.04430544696377381,0.07818327117741075,0.17155855591429414
713.png,0.7514927041093266,0.24850729589067344,0.9999999999999999,-0.9999999999999999,1,1,1,0.11096916143227231,0.25,0.012246014239933479,0.0,0.08747208747208746,0.09942645983294196,0.17532285233015155,0.24850729589067344,0.24850729589067344,0.1868492496792864,0.1630473690490395,0.08088010876501761,0.0,0.08747208747208746,0.11096916143227231,0.08348262271587248,0.08088010876501761
714.png,0.9012906744228322,0.09870932557716783,0.9999999999999999,-0.9999999999999999,1,1,1,0.04232379934063979,0.0,0.008903084924626636,0.0,0.04232379934063979,0.06376863660858634,0.0864869770396588,0.09870932557716783,0.09870932557716783,0.06198697990376456,0.04129400570884867,0.01914381914381913,0.0,0.04232379934063979,0.021899170627154962,0.023083499572527755,0.01914381914381913
723.png,0.8528568901468246,0.14714310985317536,0.9999999999999999,-0.9999999999999999,1,1,1,0.05256428469953123,0.75,0.006488090253504863,0.0,0.028556840147343054,0.05993138185268998,0.09978599151220569,0.14714310985317536,0.14714310985317536,0.12604441905306007,0.09544398785063424,0.05256428469953123,0.0,0.028556840147343054,0.03224142378127415,0.04393711751987983,0.05256428469953123
727.png,0.8623938179239685,0.13760618207603148,0.9999999999999999,-0.9999999999999999,1,1,1,0.04881174277725997,0.5,0.0021954729225982738,0.0,0.034173736408173006,0.06172949396946903,0.09952867812341382,0.13760618207603148,0.13760618207603148,0.12592700943465218,0.09317058994478344,0.048743747157798945,0.0,0.034173736408173006,0.040153594624188105,0.04881174277725997,0.048743747157798945
729.png,0.8069752491160399,0.1930247508839601,0.9999999999999999,-0.9999999999999999,1,1,1,0.07806000097880883,0.25,0.008849269236800406,0.0,0.023966717916252156,0.0870412788147571,0.15525434291501128,0.1930247508839601,0.1930247508839601,0.1857911733046287,0.11109802767147481,0.042584995070444887,0.0,0.023966717916252156,0.07806000097880883,0.07189393723861282,0.042584995070444887
761.png,0.8225550260948491,0.1774449739051509,0.9999999999999999,-0.9999999999999999,1,1,1,0.0725552050473186,0.75,0.011240409029853859,0.0,0.035161183117314754,0.06676108929376168,0.10804314329738063,0.1774449739051509,0.1774449739051509,0.1446824916010354,0.11364977205685167,0.0725552050473186,0.0,0.035161183117314754,0.032872618602913684,0.041990488342419696,0.0725552050473186
762.png,0.9151341113215616,0.08486588867843836,0.9999999999999999,-0.9999999999999999,1,1,1,0.03136189653043586,0.75,0.0030200414193815696,0.0,0.020076890217855636,0.03421817956809603,0.05790355613479803,0.08486588867843836,0.08486588867843836,0.07102962603205443,0.05392096516065492,0.03136189653043586,0.0,0.020076890217855636,0.022500922168941395,0.025762881440720364,0.03136189653043586
764.png,0.8752285191956124,0.1247714808043876,0.9999999999999999,-0.9999999999999999,1,1,1,0.04647952139898759,0.25,0.007531536178124254,0.0,0.03698544774751655,0.08257225542150559,0.10525719892818053,0.1247714808043876,0.1247714808043876,0.09154518950437318,0.05321144864476468,0.029710115873461396,0.0,0.03698544774751655,0.04647952139898759,0.025462596868574994,0.029710115873461396
769.png,0.7866428975172833,0.21335710248271667,0.9999999999999999,-0.9999999999999999,1,1,1,0.08001608363490154,0.5,0.004846437782857682,0.0,0.06360213988508023,0.09804500911015901,0.16535360938072552,0.21335710248271667,0.21335710248271667,0.17408561307669324,0.13469214437367305,0.056191425722831534,0.0,0.06360213988508023,0.06523940402140893,0.08001608363490154,0.056191425722831534
776.png,0.8449748743718593,0.15502512562814075,0.9999999999999999,-0.9999999999999999,1,1,1,0.05811689656600805,0.0,0.01082405119730181,0.0,0.05811689656600805,0.09914841849148415,0.12939262937122797,0.15502512562814075,0.15502512562814075,0.10817318215645932,0.09172115296067773,0.046634942216179476,0.0,0.05811689656600805,0.054643068383456894,0.04683741332955993,0.046634942216179476
780.png,0.8538611653192083,0.1461388346807917,0.9999999999999999,-0.9999999999999999,1,1,1,0.04763500307142454,0.5,0.0029844261417526275,0.0,0.029189057156814857,0.06590598442978546,0.11001717229536345,0.1461388346807917,0.1461388346807917,0.12091959154065068,0.08861310690180713,0.04580594267683413,0.0,0.029189057156814857,0.03979063819663353,0.04763500307142454,0.04580594267683413
781.png,0.8837191045049524,0.11628089549504761,0.9999999999999999,-0.9999999999999999,1,1,1,0.039215412341608524,0.75,0.001134049009113247,0.0,0.03352044123222164,0.05702052047728923,0.08711057120441379,0.11628089549504761,0.11628089549504761,0.08761638232603197,0.06880995733347828,0.039215412341608524,0.0,0.03352044123222164,0.02579239403075828,0.032798288556691535,0.039215412341608524
782.png,0.8669732885193703,0.13302671148062972,0.9999999999999999,-0.9999999999999999,1,1,1,0.045529563719862276,0.5,0.003117413570918459,0.0,0.03904670291917789,0.06117853598961909,0.09530781055559623,0.13302671148062972,0.13302671148062972,0.12019941244547316,0.08700329689397879,0.042158009019542364,0.0,0.03904670291917789,0.03556947673859989,0.045529563719862276,0.042158009019542364
794.png,0.8440147259270583,0.15598527407294172,0.9999999999999999,-0.9999999999999999,1,1,1,0.08612249677948236,0.25,0.023635951452341254,0.0,0.05955524576759652,0.14411898581569005,0.14848343678783227,0.15598527407294172,0.15598527407294172,0.10156893128662048,0.06551832273093805,0.032119326500732015,0.0,0.05955524576759652,0.08612249677948236,0.03565014965081481,0.032119326500732015
828.png,0.8311483630632567,0.16885163693674332,0.9999999999999999,-0.9999999999999999,1,1,1,0.06840964508263347,0.75,0.006831802560335431,0.0,0.039653339874090476,0.07263903254037707,0.10682607018897028,0.16885163693674332,0.16885163693674332,0.14198146828225233,0.107739420935412,0.06840964508263347,0.0,0.039653339874090476,0.03829113924050631,0.04112457006131298,0.06840964508263347
837.png,0.7646397547266224,0.23536024527337762,0.9999999999999999,-0.9999999999999999,1,1,1,0.11003286899358267,0.5,0.01004893783770382,0.0,0.07234504540071063,0.12243702401874634,0.20850298767912856,0.23536024527337762,0.23536024527337762,0.1614811792308477,0.11802683345102394,0.06283898537226762,0.0,0.07234504540071063,0.05458089668615984,0.11003286899358267,0.06283898537226762
847.png,0.8701272234999563,0.1298727765000437,0.9999999999999999,-0.9999999999999999,1,1,1,0.06660929432013774,0.0,0.01405475228072225,0.0,0.06660929432013774,0.09268403428117378,0.10578959755236528,0.1298727765000437,0.1298727765000437,0.09544462554214206,0.06772015200809256,0.03410602586963285,0.0,0.06660929432013774,0.03704702329594478,0.04649364991717286,0.03410602586963285
856.png,0.7104322590499466,0.28956774095005344,0.9999999999999999,-0.9999999999999999,1,1,1,0.09235720555248528,0.5,0.005656578169572613,0.0,0.06829292878383142,0.12553101104502973,0.21224478074835595,0.28956774095005344,0.28956774095005344,0.2370401746440325,0.17455445889861543,0.08779807990089816,0.0,0.06829292878383142,0.06636720943290286,0.09235720555248528,0.08779807990089816
865.png,0.7497364537212735,0.2502635462787265,0.9999999999999999,-0.9999999999999999,1,1,1,0.08548002558585799,0.5,0.00807014163948606,0.0,0.04824587316404538,0.1054351863315588,0.18136355172505525,0.2502635462787265,0.2502635462787265,0.2122846398274203,0.1596521846572042,0.07709210148234535,0.0,0.04824587316404538,0.0607048356789508,0.08548002558585799,0.07709210148234535
867.png,0.8792929875120077,0.12070701248799232,0.9999999999999999,-0.9999999999999999,1,1,1,0.045713299982749644,0.5,0.0017749100885437574,0.0,0.03014620073788965,0.05376859948681045,0.08827116806456958,0.12070701248799232,0.12070701248799232,0.10373355313368138,0.08202820006429978,0.036962306867379,0.0,0.03014620073788965,0.02783193956988317,0.045713299982749644,0.036962306867379
868.png,0.8184293941693825,0.18157060583061746,0.9999999999999999,-0.9999999999999999,1,1,1,0.05415278477080143,0.25,0.0021796187973710966,0.0,0.04846736545406505,0.0966492180783336,0.13813741920038303,0.18157060583061746,0.18157060583061746,0.14231115601730837,0.0951269553512305,0.05019321783682862,0.0,0.04846736545406505,0.05415278477080143,0.05413220076892933,0.05019321783682862
900.png,0.7132268021754194,0.28677319782458055,0.9999999999999999,-0.9999999999999999,1,1,1,0.10315489429700486,0.25,0.015854554889836857,0.0,0.0908882871200275,0.17609118041784344,0.24245310364818418,0.28677319782458055,0.28677319782458055,0.2207503010747801,0.12160794331710612,0.054353006094960965,0.0,0.0908882871200275,0.10315489429700486,0.07121345063909512,0.054353006094960965
915.png,0.7579081227149896,0.24209187728501036,0.9999999999999999,-0.9999999999999999,1,1,1,0.08405703870483539,0.25,0.01327886109054498,0.0,0.07551312649164676,0.1521207177814029,0.20189827710719077,0.24209187728501036,0.24209187728501036,0.18229021271844115,0.111660734752971,0.06343671621704283,0.0,0.07551312649164676,0.08405703870483539,0.06026916325336451,0.06343671621704283
921.png,0.8990161594535352,0.10098384054646481,0.9999999999999999,-0.9999999999999999,1,1,1,0.04739712969337495,0.5,0.0037887634848457474,0.0,0.03091722825248211,0.06156912104048673,0.07793322895095711,0.10098384054646481,0.10098384054646481,0.07854446308724827,0.05940858777605473,0.025421984355701976,0.0,0.03091722825248211,0.03179830481023593,0.04739712969337495,0.025421984355701976
922.png,0.7072492610260762,0.2927507389739238,0.9999999999999999,-0.9999999999999999,1,1,1,0.1955180253329003,0.75,0.034422115940264265,0.0,0.04855384367834592,0.08771386544863358,0.13074781963258486,0.2927507389739238,0.2927507389739238,0.26705295163788656,0.23258085219186875,0.1955180253329003,0.0,0.04855384367834592,0.04112790741508654,0.04532904623772416,0.1955180253329003
929.png,0.8205377126985411,0.17946228730145886,0.9999999999999999,-0.9999999999999999,1,1,1,0.05633559673149957,0.25,0.00341077664969458,0.0,0.052374673885600465,0.09874498132914056,0.13512765898592016,0.17946228730145886,0.17946228730145886,0.1428965821876208,0.10477453580901852,0.05511082067200346,0.0,0.052374673885600465,0.05633559673149957,0.05360181508791828,0.05511082067200346
933.png,0.9270700636942675,0.07292993630573252,0.9999999999999999,-0.9999999999999999,1,1,1,0.035019455252918275,0.0,0.009908517295412223,0.0,0.035019455252918275,0.05555555555555558,0.06836248012718604,0.07292993630573252,0.07292993630573252,0.04040903842982024,0.021091396049548017,0.006072874493927127,0.0,0.035019455252918275,0.020755025330936427,0.015040106951871635,0.006072874493927127
935.png,0.9283751288217108,0.0716248711782892,0.9999999999999999,-0.9999999999999999,1,1,1,0.03269802413009271,0.0,0.006099573998364227,0.0,0.03269802413009271,0.04982175463003213,0.05541539799913009,0.0716248711782892,0.0716248711782892,0.03916893732970028,0.023799441009570543,0.017371409202609933,0.0,0.03269802413009271,0.0171536936470994,0.008234688625836317,0.017371409202609933
939.png,0.6458727754638395,0.3541272245361605,0.9999999999999999,-0.9999999999999999,1,1,1,0.12881761741696596,0.25,0.010478398314707755,0.0,0.0658978583196046,0.18597622405802938,0.28644085037127454,0.3541272245361605,0.3541272245361605,0.30280425473131645,0.18318870883429172,0.0786139520683865,0.0,0.0658978583196046,0.12881761741696596,0.10908159401242956,0.0786139520683865
942.png,0.8974334750433003,0.10256652495669971,0.9999999999999999,-0.9999999999999999,1,1,1,0.029389457717102774,0.5,0.002374298548935461,0.0,0.020556153018896905,0.046482877982445325,0.07493926368903003,0.10256652495669971,0.10256652495669971,0.0833492154246871,0.057552807337104106,0.02870212286183682,0.0,0.020556153018896905,0.026649627528597675,0.029389457717102774,0.02870212286183682
943.png,0.8944045286305247,0.10559547136947534,0.9999999999999999,-0.9999999999999999,1,1,1,0.045105999097880045,0.75,0.004101093288967817,0.0,0.031809145129224614,0.052953379189867866,0.0941361491799596,0.10559547136947534,0.10559547136947534,0.09157427937915741,0.07813698630136989,0.045105999097880045,0.0,0.031809145129224614,0.022795507617035526,0.04128492252007687,0.045105999097880045
944.png,0.9608531668617506,0.039146833138249404,0.9999999999999999,-0.9999999999999999,1,1,1,0.017161101503259224,0.75,0.002890675135593024,0.0,0.010880566801619418,0.01357351262209816,0.022000511639805542,0.039146833138249404,0.039146833138249404,0.0282783111929501,0.025586916380902158,0.017161101503259224,0.0,0.010880566801619418,0.0065409772989611925,0.008429516275450633,0.017161101503259224
945.png,0.9748139668002289,0.025186033199771085,0.9999999999999999,-0.8999999999999998,1,0,0,0.014714204867006253,0.75,0.002450151312776305,0.0,0.0029205607476635587,0.008710801393728262,0.01389693109438328,0.025186033199771085,0.025186033199771085,0.025684931506849362,0.01986379114642456,0.014714204867006253,0.0,0.0029205607476635587,0.0057903879559930704,0.005166475315729002,0.014714204867006253
954.png,0.9569900193868026,0.043009980613197385,0.9999999999999999,-0.9999999999999999,1,1,1,0.014945152028270625,0.0,0.0019776225847257358,0.0,0.014945152028270625,0.024496937882764636,0.034960993932389495,0.043009980613197385,0.043009980613197385,0.03154753446070768,0.02189061730133035,0.008859434949424538,0.0,0.014945152028270625,0.009593882997908088,0.013027470971396227,0.008859434949424538
956.png,0.820767099314569,0.17923290068543096,0.9999999999999999,-0.6,1,0,0,0.2287990004685304,0.5,0.009904324641860418,0.0,0.039677419354838706,0.07846027846027848,0.16765932102441927,0.17923290068543096,0.17923290068543096,0.20409700256062657,0.23716381418092913,0.04039133473095735,0.0,0.039677419354838706,0.0426363173093256,0.2287990004685304,0.04039133473095735
958.png,0.8984184269185861,0.10158157308141391,0.9999999999999999,-0.9999999999999999,1,1,1,0.03135402126060349,0.75,0.0015460484260833463,0.0,0.027294751009421248,0.04793853479060706,0.07320754716981137,0.10158157308141391,0.10158157308141391,0.07651064286097264,0.0562560620756547,0.03135402126060349,0.0,0.027294751009421248,0.02378218796129239,0.02671630351472687,0.03135402126060349
960.png,0.8912420912420912,0.1087579087579088,0.9999999999999999,-0.9999999999999999,1,1,1,0.0327787843847801,0.5,0.0028708635254652503,0.0,0.02372625660015082,0.04671250973883001,0.07834377917055613,0.1087579087579088,0.1087579087579088,0.08916561230605313,0.06374016914014935,0.03168740279937787,0.0,0.02372625660015082,0.025707027942421634,0.0327787843847801,0.03168740279937787
963.png,0.8506063055780113,0.1493936944219887,0.9999999999999999,-0.9999999999999999,1,1,1,0.04990035559376338,0.75,0.005816761289211958,0.0,0.02944732297063901,0.06168240125312219,0.10387701096316204,0.1493936944219887,0.1493936944219887,0.12379730596536243,0.09254083841763427,0.04990035559376338,0.0,0.02944732297063901,0.033284365162644325,0.04723765936580582,0.04990035559376338
982.png,0.7693872879416028,0.23061271205839717,0.9999999999999999,-0.9999999999999999,1,1,1,0.09341945902301174,0.0,0.012610051015776192,0.0,0.09341945902301174,0.13794378698224852,0.17760607716121646,0.23061271205839717,0.23061271205839717,0.14160142177818336,0.09591629466921747,0.05498345836633889,0.0,0.09341945902301174,0.04661871219852154,0.04102650683775111,0.05498345836633889
992.png,0.961826933840815,0.03817306615918503,0.9999999999999999,-0.9999999999999999,1,1,1,0.015611257695690384,0.75,0.0022457161060530197,0.0,0.0071742652163850895,0.013944911835887974,0.024911841656239386,0.03817306615918503,0.03817306615918503,0.0343131776014306,0.029392117568470266,0.015611257695690384,0.0,0.0071742652163850895,0.006788631918076216,0.013800904977375517,0.015611257695690384
994.png,0.7310950737370568,0.26890492626294316,0.9999999999999999,-0.9999999999999999,1,1,1,0.08608336951801998,0.75,0.010276860904854112,0.0,0.08441148627327233,0.11383537653239928,0.18809673147954564,0.26890492626294316,0.26890492626294316,0.19455554892245241,0.1628312412831241,0.08608336951801998,0.0,0.08441148627327233,0.05154491361387914,0.07783894507745492,0.08608336951801998
1004.png,0.8259726603575184,0.17402733964248163,0.9999999999999999,-0.9999999999999999,1,1,1,0.05797703057977033,0.5,0.005552393882101358,0.0,0.030004918839153905,0.07793522267206476,0.13570211092172546,0.17402733964248163,0.17402733964248163,0.14685314685314688,0.09822419533851279,0.04919924974751122,0.0,0.030004918839153905,0.05225038799793069,0.05797703057977033,0.04919924974751122
1007.png,0.927792864848778,0.07220713515122201,0.9999999999999999,-0.9999999999999999,1,1,1,0.022486085343228157,0.5,0.0006916566120225509,0.0,0.01774650042071446,0.03616932263340056,0.05724259599864867,0.07220713515122201,0.07220713515122201,0.05461672151758312,0.03839646929018026,0.017648340474979984,0.0,0.01774650042071446,0.018408618408618405,0.022486085343228157,0.017648340474979984
1008.png,0.8137922495976229,0.18620775040237714,0.9999999999999999,-0.9999999999999999,1,1,1,0.07275510883312253,0.0,0.009231839181958246,0.0,0.07275510883312253,0.10921967383535836,0.14349603884487605,0.18620775040237714,0.18620775040237714,0.12217415148376087,0.08170927945646345,0.0454225352112676,0.0,0.07275510883312253,0.041283231083844574,0.038889230202125646,0.0454225352112676
1011.png,0.8399119091987125,0.1600880908012875,0.9999999999999999,-0.9999999999999999,1,1,1,0.0586806960744638,0.75,0.0049778847501644186,0.0,0.03888939965063898,0.07079726651480633,0.10555604628566384,0.1600880908012875,0.1600880908012875,0.1377718075728318,0.09751020068282124,0.0586806960744638,0.0,0.03888939965063898,0.04241877256317694,0.039743144741409275,0.0586806960744638
1015.png,0.8643789437289308,0.13562105627106924,0.9999999999999999,-0.9999999999999999,1,1,1,0.04347084896010911,0.5,0.002814254230124624,0.0,0.02770609144470959,0.0615254555701672,0.10330281816549991,0.13562105627106924,0.13562105627106924,0.11225225989899423,0.0773912328316474,0.03405768470960091,0.0,0.02770609144470959,0.03550214117972095,0.04347084896010911,0.03405768470960091
1016.png,0.9070476522345152,0.09295234776548478,0.9999999999999999,-0.9999999999999999,1,1,1,0.03424536628420127,0.75,0.004814223890379288,0.0,0.01948842874543244,0.035579372748835936,0.06028960070206235,0.09295234776548478,0.09295234776548478,0.07830956339137285,0.05955115744831241,0.03424536628420127,0.0,0.01948842874543244,0.019500573546280764,0.026170553676339692,0.03424536628420127
1023.png,0.8854265627968839,0.11457343720311608,0.9999999999999999,-0.9999999999999999,1,1,1,0.03950338600451464,0.5,0.0024618474031921854,0.0,0.03367139959432053,0.05041338979632992,0.08633794581952836,0.11457343720311608,0.11457343720311608,0.08396383096512272,0.06828193832599116,0.02953736654804273,0.0,0.03367139959432053,0.020136852394916915,0.03950338600451464,0.02953736654804273
1027.png,0.8636723117619788,0.13632768823802122,0.9999999999999999,-0.9999999999999999,1,1,1,0.047999777907331787,0.5,0.0010403269761227406,0.0,0.03881950989632421,0.06854768911199582,0.10232596822932549,0.13632768823802122,0.13632768823802122,0.11242306942549218,0.08206122504710667,0.037077942568633615,0.0,0.03881950989632421,0.03692997463276504,0.047999777907331787,0.037077942568633615
1029.png,0.5625413633355394,0.4374586366644606,0.9999999999999999,-0.9999999999999999,1,1,1,0.1864316846693197,0.25,0.006390373320073306,0.0,0.1126937578550482,0.22921296651084377,0.34623309723116547,0.4374586366644606,0.4374586366644606,0.41271100653880877,0.24753437302628378,0.1139438085327783,0.0,0.1126937578550482,0.1864316846693197,0.13864634892386407,0.1139438085327783
1031.png,0.6994426182649707,0.3005573817350293,0.9999999999999999,-0.9999999999999999,1,1,1,0.11255132437001847,0.5,0.008127784760797252,0.0,0.09013209013209011,0.16085797690062187,0.24048492937381827,0.3005573817350293,0.3005573817350293,0.2587737591610558,0.18034557235421167,0.07062833232098265,0.0,0.09013209013209011,0.08524469520421929,0.11255132437001847,0.07062833232098265
1035.png,0.6870885291611804,0.31291147083881965,0.9999999999999999,-0.9999999999999999,1,1,1,0.13661552553240208,0.0,0.04032266635632962,0.0,0.13661552553240208,0.2523744911804613,0.2819905213270142,0.31291147083881965,0.31291147083881965,0.19236253608319132,0.0881285964473355,0.04082139090514303,0.0,0.13661552553240208,0.11965414984458178,0.05522018173730703,0.04082139090514303
1037.png,0.8315264965322201,0.1684735034677799,0.9999999999999999,-0.9999999999999999,1,1,1,0.07155925299458044,0.0,0.009996189344340201,0.0,0.07155925299458044,0.09839896752589905,0.13273298140289136,0.1684735034677799,0.1684735034677799,0.10943733443972803,0.0762091966616183,0.037930264459118845,0.0,0.07155925299458044,0.03861386138613865,0.04163092960348358,0.037930264459118845
1039.png,0.910118769773352,0.08988123022664796,0.9999999999999999,-0.9999999999999999,1,1,1,0.046030339362977624,0.0,0.008393655312017256,0.0,0.046030339362977624,0.06213674310472361,0.06619880590761495,0.08988123022664796,0.08988123022664796,0.08761492698756079,0.0749739483354358,0.04603010705939892,0.0,0.046030339362977624,0.018362282878411906,0.030810151834201438,0.04603010705939892
1040.png,0.8400099218653106,0.15999007813468935,0.9999999999999999,-0.9999999999999999,1,1,1,0.057864600875715766,0.0,0.00701982789978064,0.0,0.057864600875715766,0.09095695669343162,0.11372241807024419,0.15999007813468935,0.15999007813468935,0.10522832561217732,0.07413081909251618,0.050544050544050534,0.0,0.057864600875715766,0.033335457964178694,0.03563915357010272,0.050544050544050534
1041.png,0.8317529124898402,0.16824708751015982,0.9999999999999999,-0.9999999999999999,1,1,1,0.05798878115828965,0.5,0.006037143045943693,0.0,0.02503706841770814,0.07228915662650603,0.12485869099130709,0.16824708751015982,0.16824708751015982,0.14645414645414645,0.09980444969191604,0.04353722075512101,0.0,0.02503706841770814,0.05102328012544732,0.05798878115828965,0.04353722075512101
1047.png,0.7510964514842872,0.24890354851571284,0.8999999999999998,-0.9999999999999999,0,1,0,0.10798995442284443,0.5,0.03243826625847129,0.0,0.09208379560138358,0.18149717514124297,0.26196568332329917,0.24890354851571284,0.24890354851571284,0.1771667807254136,0.11774372640461916,0.060035626594771574,0.0,0.09208379560138358,0.09095886125449715,0.10798995442284443,0.060035626594771574
1053.png,0.7467376675054128,0.2532623324945872,0.9999999999999999,-0.9999999999999999,1,1,1,0.09337249251911783,0.5,0.005609976228072855,0.0,0.0678346330520243,0.12336562563511955,0.2102120399707531,0.2532623324945872,0.2532623324945872,0.18882439525647787,0.13582225070768572,0.04672621969176405,0.0,0.0678346330520243,0.05999808618544866,0.09337249251911783,0.04672621969176405
1054.png,0.700600396320724,0.299399603679276,0.9999999999999999,-0.9999999999999999,1,1,1,0.11277602523659302,0.75,0.007114575004244628,0.0,0.058978736613378824,0.14511185485291522,0.2094359390313968,0.299399603679276,0.299399603679276,0.2646465827075358,0.16858507981322624,0.11277602523659302,0.0,0.058978736613378824,0.09942007848039724,0.0699699515545471,0.11277602523659302
1057.png,0.9010396178701883,0.09896038212981173,0.9999999999999999,-0.9999999999999999,1,1,1,0.05174795452130487,0.75,0.004752852039965494,0.0,0.02910112359550565,0.05957564067236154,0.08352806912667787,0.09896038212981173,0.09896038212981173,0.08160913231985067,0.0671119250242379,0.05174795452130487,0.0,0.02910112359550565,0.03117764256098221,0.0264969747548508,0.05174795452130487
1060.png,0.7737518116847418,0.22624818831525817,0.9999999999999999,-0.9999999999999999,1,1,1,0.0739642228195384,0.75,0.006114228183525761,0.0,0.06613249068953841,0.10568105569223885,0.15612848239492894,0.22624818831525817,0.22624818831525817,0.1740634286549423,0.1351926144327904,0.0739642228195384,0.0,0.06613249068953841,0.04586457993696336,0.0627666683801984,0.0739642228195384
1061.png,0.8622862913054076,0.13771370869459243,0.9999999999999999,-0.9999999999999999,1,1,1,0.051341099972907034,0.5,0.0012569195725079419,0.0,0.03178246952698116,0.06726691459515888,0.1012365810572089,0.13771370869459243,0.13771370869459243,0.11785738843429827,0.09090278018812259,0.041568513753488245,0.0,0.03178246952698116,0.040585409883627244,0.051341099972907034,0.041568513753488245
1069.png,0.856772940605276,0.14322705939472402,0.9999999999999999,-0.9999999999999999,1,1,1,0.05772934896263282,0.75,0.006049589183629744,0.0,0.056155259531465274,0.08095074061315877,0.10685805422647532,0.14322705939472402,0.14322705939472402,0.11729798680051018,0.08922530915543725,0.05772934896263282,0.0,0.056155259531465274,0.0332308420056765,0.04058174994135588,0.05772934896263282
1072.png,0.6033057851239669,0.39669421487603307,0.9999999999999999,-0.8999999999999998,1,0,0,0.2400149309443822,0.25,0.013333700353177358,0.0,0.07146237576904879,0.2053701015965167,0.32945499081445195,0.39669421487603307,0.39669421487603307,0.42696312974950745,0.20829361296472826,0.07734806629834257,0.0,0.07146237576904879,0.2400149309443822,0.1330897703549061,0.07734806629834257
1073.png,0.7901167526472984,0.20988324735270159,0.9999999999999999,-0.9999999999999999,1,1,1,0.06813819577735125,0.25,0.011925205675923155,0.0,0.06293359762140738,0.12932692307692306,0.18219037871033772,0.20988324735270159,0.20988324735270159,0.14548902736385805,0.12765399737876804,0.06539433062026379,0.0,0.06293359762140738,0.06813819577735125,0.0643564356435643,0.06539433062026379
1074.png,0.9412041392285984,0.05879586077140164,0.8999999999999998,-0.8999999999999998,0,0,0,0.0402490549255059,0.5,0.005884256509178676,0.0,0.018967587034813937,0.031859248692344244,0.06678823797583766,0.05879586077140164,0.05879586077140164,0.04096274010645684,0.030261348005502064,0.03147699757869249,0.0,0.018967587034813937,0.013333333333333308,0.0402490549255059,0.03147699757869249
1078.png,0.79258214069744,0.20741785930255996,0.9999999999999999,-0.9999999999999999,1,1,1,0.09620838147253441,0.25,0.015661059308133617,0.0,0.05292273649271617,0.1484148414841484,0.18809450751764345,0.20741785930255996,0.20741785930255996,0.15957221516306652,0.0706060253576829,0.03629850746268659,0.0,0.05292273649271617,0.09620838147253441,0.04401325130146716,0.03629850746268659
1084.png,0.8673746221223161,0.13262537787768391,0.9999999999999999,-0.8999999999999998,1,0,0,0.0681658468025299,0.75,0.008433695085344728,0.0,0.05284175996577056,0.07121553793554958,0.0818888224745965,0.13262537787768391,0.13262537787768391,0.15290792800832964,0.12604403948367504,0.0681658468025299,0.0,0.05284175996577056,0.037223621606493174,0.058521936570717026,0.0681658468025299
1085.png,0.7006239032949892,0.29937609670501075,0.9999999999999999,-0.9999999999999999,1,1,1,0.1163397592389932,0.0,0.02758610430217643,0.0,0.1163397592389932,0.21323057161207448,0.2574243357173306,0.29937609670501075,0.29937609670501075,0.19381053100300571,0.09333999750093713,0.04614581293649245,0.0,0.1163397592389932,0.10328345802161265,0.04740107209540445,0.04614581293649245
1089.png,0.7844467476993624,0.2155532523006376,0.9999999999999999,-0.9999999999999999,1,1,1,0.1376383513274937,0.75,0.025414246257382735,0.0,0.03621566096873596,0.06107695960741899,0.09896602658788778,0.2155532523006376,0.2155532523006376,0.2020291693088142,0.19398907103825136,0.1376383513274937,0.0,0.03621566096873596,0.027018402297627864,0.05878709386789793,0.1376383513274937
1092.png,0.904168784951703,0.09583121504829695,0.9999999999999999,-0.9999999999999999,1,1,1,0.031952662721893454,0.0,0.006904407409713253,0.0,0.031952662721893454,0.06105954410557557,0.08525665279354266,0.09583121504829695,0.09583121504829695,0.06917341977309566,0.045176563424738636,0.020619910690832688,0.0,0.031952662721893454,0.02975653742110007,0.0256376802139735,0.020619910690832688
1093.png,0.8547368421052631,0.14526315789473687,0.9999999999999999,-0.9999999999999999,1,1,1,0.05589801064724009,0.0,0.013597665004712744,0.0,0.05589801064724009,0.10333523375142528,0.12664981746700366,0.14526315789473687,0.14526315789473687,0.09774645921998182,0.05955000354886786,0.03363401160757984,0.0,0.05589801064724009,0.048387096774193505,0.028071722516166964,0.03363401160757984
1096.png,0.8060317304386266,0.19396826956137336,0.9999999999999999,-0.9999999999999999,1,1,1,0.08598583340805166,0.75,0.01656929635263722,0.0,0.030828175655761902,0.06223922114047287,0.11503852578263918,0.19396826956137336,0.19396826956137336,0.1732329084588644,0.15431128886349565,0.08598583340805166,0.0,0.030828175655761902,0.0503719688795502,0.0724365984481592,0.08598583340805166
1103.png,0.7487437185929648,0.25125628140703515,0.9999999999999999,-0.9999999999999999,1,1,1,0.11957992746170087,0.0,0.037821235806621376,0.0,0.11957992746170087,0.20002334675771904,0.2463873269242397,0.25125628140703515,0.25125628140703515,0.1760057944294462,0.1072434462338413,0.046253678412434884,0.0,0.11957992746170087,0.10446039477057167,0.06993416239941475,0.046253678412434884
1107.png,0.8758141236736188,0.12418587632638123,0.9999999999999999,-0.9999999999999999,1,1,1,0.04286212103612497,0.0,0.0043966903993191584,0.0,0.04286212103612497,0.06728252501924559,0.09811762043079708,0.12418587632638123,0.12418587632638123,0.09760933817202289,0.07343203630682238,0.03958264930137534,0.0,0.04286212103612497,0.02864573072225063,0.03518667741069026,0.03958264930137534
1111.png,0.7948717948717948,0.20512820512820518,0.9999999999999999,-0.9999999999999999,1,1,1,0.06698422149449246,0.25,0.003764262710769517,0.0,0.043275632490013316,0.10994115825332917,0.15040831477357086,0.20512820512820518,0.20512820512820518,0.16675632060247447,0.10271366979457264,0.05990444689452412,0.0,0.043275632490013316,0.06698422149449246,0.048220282068502374,0.05990444689452412
1113.png,0.799492385786802,0.20050761421319796,0.9999999999999999,-0.9999999999999999,1,1,1,0.09551992539187204,0.0,0.019322629545153992,0.0,0.09551992539187204,0.13850859306728813,0.16334605058640672,0.20050761421319796,0.20050761421319796,0.16544130103337285,0.13140893470790382,0.08148543948704245,0.0,0.09551992539187204,0.05101535413571079,0.05668016194331982,0.08148543948704245
1114.png,0.870910849405473,0.12908915059452697,0.9999999999999999,-0.9999999999999999,1,1,1,0.04432654458326202,0.25,0.00760749921683671,0.0,0.03925798101811906,0.08259636242282664,0.1098168785350283,0.12908915059452697,0.12908915059452697,0.0973316984877679,0.05566960512015462,0.030535279805352755,0.0,0.03925798101811906,0.04432654458326202,0.031112694454340395,0.030535279805352755
1118.png,0.7962263307326015,0.20377366926739848,0.9999999999999999,-0.9999999999999999,1,1,1,0.06706156124391793,0.75,0.0069137706451587785,0.0,0.05989217596158203,0.12220583760503712,0.15813134356027247,0.20377366926739848,0.20377366926739848,0.15502469277592745,0.10946998480243164,0.06706156124391793,0.0,0.05989217596158203,0.06417511498543116,0.049562106821265606,0.06706156124391793
1120.png,0.8124492282696995,0.18755077173030055,0.9999999999999999,-0.9999999999999999,1,1,1,0.061037588688169886,0.25,0.009265533008915116,0.0,0.0529708138532069,0.112878497508624,0.1618045112781955,0.18755077173030055,0.18755077173030055,0.1422153286623522,0.08632683316227618,0.04862782859894077,0.0,0.0529708138532069,0.061037588688169886,0.05508093525179858,0.04862782859894077
1123.png,0.8469282690767647,0.15307173092323534,0.9999999999999999,-0.8999999999999998,1,0,0,0.1063557150179395,0.0,0.022814939264246457,0.0,0.1063557150179395,0.10936057603544835,0.12796600165269745,0.15307173092323534,0.15307173092323534,0.16086687306501546,0.08558156155083085,0.03202928391672388,0.0,0.1063557150179395,0.07783066300194408,0.05470432588763774,0.03202928391672388
1124.png,0.6092600605798356,0.3907399394201644,0.9999999999999999,-0.9999999999999999,1,1,1,0.19247994487917708,0.0,0.052695815407278634,0.0,0.19247994487917708,0.28345205760262393,0.3736569836848388,0.3907399394201644,0.3907399394201644,0.2533783783783784,0.17063928615083734,0.058101810888928185,0.0,0.19247994487917708,0.1062838433446669,0.1341035297121338,0.058101810888928185
1125.png,0.785363491734108,0.21463650826589198,0.9999999999999999,-0.9999999999999999,1,1,1,0.07745877406215096,0.75,0.004921651567210983,0.0,0.06110937010341588,0.11385688295936935,0.15035799522673032,0.21463650826589198,0.21463650826589198,0.17486451258832403,0.12175941352882369,0.07745877406215096,0.0,0.06110937010341588,0.060246394230769273,0.04843794783605615,0.07745877406215096
1126.png,0.9151800740491417,0.0848199259508583,0.9999999999999999,-0.9999999999999999,1,1,1,0.03325688073394495,0.75,0.0038007752919296035,0.0,0.017173524150268293,0.03596995139195758,0.05508253692441356,0.0848199259508583,0.0848199259508583,0.07307627546725037,0.05469075168567383,0.03325688073394495,0.0,0.017173524150268293,0.021133610398797464,0.02362745940372879,0.03325688073394495
1130.png,0.9713981168946527,0.02860188310534728,0.9999999999999999,-0.9999999999999999,1,1,1,0.011115095016134835,0.25,0.0015120559177389304,0.0,0.007130124777183555,0.018207782934666183,0.025084504536559304,0.02860188310534728,0.02860188310534728,0.021587867975022323,0.010541361443630493,0.0035612535612535856,0.0,0.007130124777183555,0.011115095016134835,0.006977992485238893,0.0035612535612535856
1134.png,0.9177222682609211,0.08227773173907893,0.6,-0.8999999999999998,0,0,0,0.07345286292654718,0.25,0.020079058868898724,0.0,0.040983606557377095,0.0980124929017604,0.08481579249397453,0.08227773173907893,0.08227773173907893,0.05635332448413177,0.0741347053320861,0.035933806146572156,0.0,0.040983606557377095,0.07345286292654718,0.044227716035382225,0.035933806146572156
1137.png,0.8904283344716558,0.10957166552834419,0.9999999999999999,-0.9999999999999999,1,1,1,0.039905325443787,0.75,0.004506653220220136,0.0,0.023270277273905182,0.04630149573740361,0.07225245918010681,0.10957166552834419,0.10957166552834419,0.09753346736625312,0.07381447285734999,0.039905325443787,0.0,0.023270277273905182,0.029768014781359042,0.035219628017411964,0.039905325443787
1138.png,0.8169737433395391,0.1830262566604609,0.9999999999999999,-0.9999999999999999,1,1,1,0.07503949447077407,0.25,0.008687095609075013,0.0,0.031025950130067925,0.10302475991376492,0.15446292492213898,0.1830262566604609,0.1830262566604609,0.15483119906868448,0.1012793176972282,0.05178474851270953,0.0,0.031025950130067925,0.07503949447077407,0.05508883073956761,0.05178474851270953
1140.png,0.8425494887970415,0.1574505112029585,0.9999999999999999,-0.9999999999999999,1,1,1,0.05708171376162818,0.5,0.0064968698733040234,0.0,0.035357624831309,0.0847412174845803,0.1405512679162073,0.1574505112029585,0.1574505112029585,0.12743355157611758,0.07967423622182968,0.03318019397651861,0.0,0.035357624831309,0.050596828790308246,0.05708171376162818,0.03318019397651861
1144.png,0.8042935134634959,0.19570648653650413,0.9999999999999999,-0.9999999999999999,1,1,1,0.08786370597243487,0.5,0.01666808003703908,0.0,0.030009680542110395,0.048523206751054815,0.1316864423263956,0.19570648653650413,0.19570648653650413,0.17849860982391108,0.15738631185637475,0.07278131634819529,0.0,0.030009680542110395,0.02567896016062554,0.08786370597243487,0.07278131634819529
1146.png,0.9214412285883048,0.0785587714116952,0.9999999999999999,-0.9999999999999999,1,1,1,0.03431307354701418,0.75,0.003383955944664463,0.0,0.01619812583668001,0.032762572468653106,0.051957679088887376,0.0785587714116952,0.0785587714116952,0.06572428826210452,0.05022284307856051,0.03431307354701418,0.0,0.01619812583668001,0.017100977198697076,0.021387085753331037,0.03431307354701418
1148.png,0.7742542327331362,0.2257457672668638,0.9999999999999999,-0.9999999999999999,1,1,1,0.09698811826471399,0.25,0.021542605202650535,0.0,0.06928345626975763,0.16648590021691978,0.21056232042687095,0.2257457672668638,0.2257457672668638,0.15799561883899238,0.06828442437923254,0.02293120638085744,0.0,0.06928345626975763,0.09698811826471399,0.046441409058231464,0.02293120638085744
1149.png,0.8148968572615257,0.18510314273847428,0.9999999999999999,-0.9999999999999999,1,1,1,0.06052990593810581,0.75,0.003653474413820801,0.0,0.05748294382348673,0.09203603603603605,0.13228267845682096,0.18510314273847428,0.18510314273847428,0.15027042829995618,0.10501487771246099,0.06052990593810581,0.0,0.05748294382348673,0.04705972084509191,0.04612159329140464,0.06052990593810581
1150.png,0.8926342072409488,0.10736579275905123,0.9999999999999999,-0.9999999999999999,1,1,1,0.051492135637820735,0.0,0.006668856925372691,0.0,0.051492135637820735,0.061294318919237756,0.0816065192083818,0.10736579275905123,0.10736579275905123,0.07936507936507942,0.05066725732321831,0.02777777777777779,0.0,0.051492135637820735,0.02914092551579439,0.028211386728727916,0.02777777777777779
1156.png,0.7181733705031196,0.2818266294968804,0.9999999999999999,-0.9999999999999999,1,1,1,0.12451568791308976,0.75,0.02051523971372319,0.0,0.056308237580746545,0.09561238854997656,0.1682431195459816,0.2818266294968804,0.2818266294968804,0.23582591632209682,0.2010995370370371,0.12451568791308976,0.0,0.056308237580746545,0.03968986523906226,0.08286563222185539,0.12451568791308976
1160.png,0.8786134686046889,0.12138653139531108,0.9999999999999999,-0.9999999999999999,1,1,1,0.06635928356091503,0.0,0.015360022665872908,0.0,0.06635928356091503,0.09155178508306827,0.10096884177834786,0.12138653139531108,0.12138653139531108,0.12078152753108351,0.10006468965986859,0.042860865033871764,0.0,0.06635928356091503,0.03061947562749412,0.058107007542225864,0.042860865033871764
1163.png,0.7151343705799151,0.28486562942008486,0.9999999999999999,-0.9999999999999999,1,1,1,0.08700587277303462,0.75,0.007758091271753043,0.0,0.055591328611290014,0.12930744945254247,0.2036092097075296,0.28486562942008486,0.28486562942008486,0.23434232250963127,0.16299790356394128,0.08700587277303462,0.0,0.055591328611290014,0.07463268755688468,0.0770815450643777,0.08700587277303462
1165.png,0.9115883736814145,0.08841162631858546,0.9999999999999999,-0.9999999999999999,1,1,1,0.037664638373257286,0.25,0.004823913727358242,0.0,0.01842085148666206,0.052362509682416736,0.07858953675962199,0.08841162631858546,0.08841162631858546,0.07894339622641511,0.05100558232010399,0.026092233009708754,0.0,0.01842085148666206,0.037664638373257286,0.033676550282573325,0.026092233009708754
1169.png,0.7763389871724725,0.22366101282752748,0.8999999999999998,-0.9999999999999999,0,1,0,0.09334933711604565,0.0,0.018771360039898433,0.0,0.09334933711604565,0.15619058593074842,0.1556831228473019,0.22366101282752748,0.22366101282752748,0.147190250507786,0.10900130453688939,0.082894452059736,0.0,0.09334933711604565,0.06505931879066207,0.04096418173200622,0.082894452059736
1170.png,0.8856430964859524,0.11435690351404759,0.8999999999999998,-0.8999999999999998,0,0,0,0.09914498817536843,0.25,0.010177442319831809,0.0,0.04897253696946413,0.05841446453407506,0.11503556536669124,0.11435690351404759,0.11435690351404759,0.12355108275676163,0.08404943121368358,0.060559246099181174,0.0,0.04897253696946413,0.09914498817536843,0.05737257044727184,0.060559246099181174
1177.png,0.7527958993476235,0.24720410065237652,0.8999999999999998,-0.9999999999999999,0,1,0,0.2842434510621661,0.5,0.037325153383932254,0.0,0.043461121513747925,0.08781204111600582,0.317898929549415,0.24720410065237652,0.24720410065237652,0.2090741876149601,0.20175118569865014,0.09102946044356175,0.0,0.043461121513747925,0.05334150827713058,0.2842434510621661,0.09102946044356175
1178.png,0.93838315870422,0.061616841295780045,0.3,-0.39999999999999997,0,0,0,0.22099392490787773,0.25,0.06189634997659914,0.0,0.09053177691309988,0.16147488874761606,0.14990034616594983,0.061616841295780045,0.061616841295780045,0.12375068144648371,0.11228741975447687,0.09694673501225759,0.0,0.09053177691309988,0.22099392490787773,0.030340866525159216,0.09694673501225759
1179.png,0.8615883306320907,0.13841166936790927,0.9999999999999999,-0.9999999999999999,1,1,1,0.07019958706125262,0.25,0.004522626339493241,0.0,0.026185421089879646,0.0724832214765101,0.09289050337311888,0.13841166936790927,0.13841166936790927,0.13782796413151777,0.07804107424960505,0.06324174930905546,0.0,0.026185421089879646,0.07019958706125262,0.03214946978623123,0.06324174930905546
1189.png,0.8357406785354383,0.16425932146456168,0.8999999999999998,-0.9999999999999999,0,1,0,0.07982086406743938,0.25,0.008900563235476078,0.0,0.04280155642023342,0.11873015873015869,0.11702889897301172,0.16425932146456168,0.16425932146456168,0.16073080481036073,0.1379149135109864,0.07145223633351738,0.0,0.04280155642023342,0.07982086406743938,0.06813351668958623,0.07145223633351738
1192.png,0.7782410549791525,0.22175894502084748,0.9999999999999999,-0.9999999999999999,1,1,1,0.07931170886075944,0.25,0.006529998957628425,0.0,0.05707584050039094,0.13558219496329338,0.17263037685572902,0.22175894502084748,0.22175894502084748,0.16866721854304634,0.09513125420686563,0.05692183350652347,0.0,0.05707584050039094,0.07931170886075944,0.03985069711274558,0.05692183350652347
1211.png,0.7883263726189264,0.21167362738107365,0.9999999999999999,-0.9999999999999999,1,1,1,0.09357008340059192,0.5,0.012179556893800191,0.0,0.03049617138051608,0.07843046633082218,0.16982442218033922,0.21167362738107365,0.21167362738107365,0.18508388997002057,0.13905964445921248,0.04655650705584369,0.0,0.03049617138051608,0.04853444994290068,0.09357008340059192,0.04655650705584369
1223.png,0.6811101163831692,0.3188898836168308,0.9999999999999999,-0.8999999999999998,1,0,0,0.2108714244987171,0.5,0.03619586393195984,0.0,0.019646608179908598,0.04100337674867338,0.24162930458838117,0.3188898836168308,0.3188898836168308,0.3326673326673326,0.28884924174843885,0.07738228490411159,0.0,0.019646608179908598,0.05323988688060988,0.2108714244987171,0.07738228490411159
1225.png,0.8130308568971079,0.18696914310289214,0.8999999999999998,-0.9999999999999999,0,1,0,0.09247871333964053,0.75,0.02765862594105133,0.0,0.09090909090909094,0.16182572614107882,0.11444168734491311,0.18696914310289214,0.18696914310289214,0.17459182457394828,0.11028277634961436,0.09247871333964053,0.0,0.09090909090909094,0.07786547296501356,0.0799625906008885,0.09247871333964053
1239.png,0.9194457491780178,0.0805542508219822,0.8999999999999998,-0.8999999999999998,0,0,0,0.06407846342460155,0.0,0.0190158382100604,0.0,0.06407846342460155,0.06776645641274459,0.08406564744592915,0.0805542508219822,0.0805542508219822,0.08926788685524123,0.05612706773105092,0.0412804703768731,0.0,0.06407846342460155,0.034705477092662806,0.031890179514255546,0.0412804703768731
1241.png,0.8600712655643191,0.13992873443568088,0.39999999999999997,-0.09999999999999999,0,0,0,0.287205966724039,0.75,0.1231228109953492,0.0,0.14240156997424258,0.3130639097744361,0.3700416768815886,0.13992873443568088,0.13992873443568088,0.082813808504699,0.225006825006825,0.287205966724039,0.0,0.14240156997424258,0.17862561105804353,0.07216194567829315,0.287205966724039
1243.png,0.8778532169414808,0.12214678305851923,0.9999999999999999,-0.8999999999999998,1,0,0,0.09224091155724368,0.25,0.007789875800206558,0.0,0.05073164442725453,0.07490715436900008,0.08668941979522182,0.12214678305851923,0.12214678305851923,0.08671100514493668,0.1145890038105607,0.0722388059701492,0.0,0.05073164442725453,0.09224091155724368,0.04545782004178378,0.0722388059701492
1246.png,0.9021024119695602,0.0978975880304398,0.9999999999999999,-0.9999999999999999,1,1,1,0.03097463284379176,0.5,0.0032223466532139257,0.0,0.025622343655130497,0.05409774903618958,0.08323802262040925,0.0978975880304398,0.0978975880304398,0.07399577167019022,0.045565500406834825,0.01610663704526516,0.0,0.025622343655130497,0.030040733197555958,0.03097463284379176,0.01610663704526516
1247.png,0.8656581394180027,0.13434186058199726,0.9999999999999999,-0.9999999999999999,1,1,1,0.042166140904311256,0.0,0.004852389096551679,0.0,0.042166140904311256,0.07638668779714741,0.10722190765429562,0.13434186058199726,0.13434186058199726,0.0953755761535734,0.0654861853152191,0.03394540942928037,0.0,0.042166140904311256,0.034299105240732874,0.03383203878434027,0.03394540942928037
1248.png,0.7082030734005548,0.2917969265994452,0.9999999999999999,-0.9999999999999999,1,1,1,0.0974230043997486,0.5,0.004559575040349806,0.0,0.0664703610735663,0.14954454673875983,0.23152061613600072,0.2917969265994452,0.2917969265994452,0.24745367254453265,0.18063348416289593,0.08882571616006996,0.0,0.0664703610735663,0.08579955235016168,0.0974230043997486,0.08882571616006996
1249.png,0.839911061700945,0.16008893829905502,0.9999999999999999,-0.9999999999999999,1,1,1,0.05076351630210485,0.5,0.007066849610284887,0.0,0.02216469826888856,0.06613102595797282,0.11650343517029671,0.16008893829905502,0.16008893829905502,0.13841538251738716,0.09496327387198322,0.04441386212936316,0.0,0.02216469826888856,0.04403086699954606,0.05076351630210485,0.04441386212936316
1250.png,0.8832230907997595,0.11677690920024053,0.09999999999999999,-0.7,0,0,0,0.14051144010767158,0.0,0.04874706483258061,0.0,0.14051144010767158,0.14304706195160866,0.13534218590398361,0.11677690920024053,0.11677690920024053,0.16787522232863594,0.13336035670855295,0.06730644533782904,0.0,0.14051144010767158,0.036832412523020275,0.06938421509106674,0.06730644533782904
1251.png,0.9288849868305531,0.0711150131694469,0.9999999999999999,-0.9999999999999999,1,1,1,0.028393042961201154,0.75,0.002547825595149389,0.0,0.011910926980838954,0.03208994118085029,0.04993252361673417,0.0711150131694469,0.0711150131694469,0.06447590405633385,0.04967889569646411,0.028393042961201154,0.0,0.011910926980838954,0.021946849805912216,0.024135582961337665,0.028393042961201154
1252.png,0.8983675618746709,0.10163243812532907,0.9999999999999999,-0.8999999999999998,1,0,0,0.044337811900191926,0.0,0.00584112352568642,0.0,0.044337811900191926,0.05966809621480518,0.074800290486565,0.10163243812532907,0.10163243812532907,0.10283052669294157,0.0739319965126417,0.03214285714285714,0.0,0.044337811900191926,0.034489329268292734,0.044175982690227156,0.03214285714285714
1253.png,0.8197485433915976,0.18025145660840236,0.9999999999999999,-0.9999999999999999,1,1,1,0.06376044000814829,0.0,0.010806355058332273,0.0,0.06376044000814829,0.1052665757516722,0.15538194444444442,0.18025145660840236,0.18025145660840236,0.12189910979228491,0.0794429859605068,0.04410717220974192,0.0,0.06376044000814829,0.04942298043151028,0.05206111271259728,0.04410717220974192
1254.png,0.8429625858997201,0.15703741410027994,0.8999999999999998,-0.9999999999999999,0,1,0,0.07756813417190778,0.0,0.02713336260089063,0.0,0.07756813417190778,0.11240860554415866,0.18124619443880663,0.15703741410027994,0.15703741410027994,0.09237985831897377,0.06281690140845075,0.03877801518388868,0.0,0.07756813417190778,0.04097146806200025,0.06904460983944205,0.03877801518388868
1267.png,0.667214548925002,0.332785451074998,0.9999999999999999,-0.9999999999999999,1,1,1,0.12609254096049627,0.0,0.03599275296920469,0.0,0.12609254096049627,0.23388868800934548,0.3191607124886787,0.332785451074998,0.332785451074998,0.21268273602894439,0.11905291735279722,0.08439866209755198,0.0,0.12609254096049627,0.11707292145740711,0.09587991057170231,0.08439866209755198
1273.png,0.9340363828104403,0.06596361718955968,0.9999999999999999,-0.9999999999999999,1,1,1,0.027526726230439502,0.5,0.001773987772559682,0.0,0.01714648602878921,0.027464160058814246,0.052169421487603285,0.06596361718955968,0.06596361718955968,0.051697571861218816,0.044812315478701015,0.026600985221674867,0.0,0.01714648602878921,0.01624424572728711,0.027526726230439502,0.026600985221674867
1279.png,0.7397260273972602,0.26027397260273977,0.9999999999999999,-0.9999999999999999,1,1,1,0.09448874461929291,0.75,0.008736267628114225,0.0,0.06106167536054008,0.1113243761996161,0.17434356920338234,0.26027397260273977,0.26027397260273977,0.20871166423264964,0.1652732258711792,0.09448874461929291,0.0,0.06106167536054008,0.05180818501303708,0.07283366533864544,0.09448874461929291
1280.png,0.9085461264440523,0.0914538735559477,0.9999999999999999,-0.9999999999999999,1,1,1,0.048054762478070945,0.75,0.0055957492240991,0.0,0.028989208862780114,0.06021850899742931,0.07595183859420762,0.0914538735559477,0.0914538735559477,0.08330243063749454,0.07918943688265845,0.048054762478070945,0.0,0.028989208862780114,0.03558186430755217,0.03429064137427873,0.048054762478070945
1281.png,0.9254716981132075,0.07452830188679249,0.9999999999999999,-0.9999999999999999,1,1,1,0.030276675544925857,0.0,0.00551574880622342,0.0,0.030276675544925857,0.04818890907148199,0.06090561224489799,0.07452830188679249,0.07452830188679249,0.06519579651801122,0.04267791032496915,0.028548040519799422,0.0,0.030276675544925857,0.023501199040767418,0.015429524603836509,0.028548040519799422
1282.png,0.7922365154592643,0.20776348454073568,0.9999999999999999,-0.9999999999999999,1,1,1,0.11359657654152888,0.25,0.015925834984665155,0.0,0.044046953605366146,0.13220607139325624,0.19923354167617136,0.20776348454073568,0.20776348454073568,0.18961454674787714,0.08034959120383423,0.027147273961239726,0.0,0.044046953605366146,0.11359657654152888,0.06884072703614852,0.027147273961239726
1283.png,0.7099363409908663,0.29006365900913367,0.9999999999999999,-0.9999999999999999,1,1,1,0.13616330317791692,0.0,0.022972711431949545,0.0,0.13616330317791692,0.1845324014282459,0.2292633410672854,0.29006365900913367,0.29006365900913367,0.19046527618611042,0.14107665740671227,0.07728706624605675,0.0,0.13616330317791692,0.06000000000000005,0.06912078363219842,0.07728706624605675
1293.png,0.92146126918589,0.07853873081411,0.9999999999999999,-0.9999999999999999,1,1,1,0.02710738020286818,0.0,0.004775355598731356,0.0,0.02710738020286818,0.04911311168553345,0.06546438232642016,0.07853873081411,0.07853873081411,0.06084387406518332,0.043150555869606144,0.02393896041964716,0.0,0.02710738020286818,0.022091850765423082,0.01959670548139736,0.02393896041964716
1309.png,0.822344594929801,0.17765540507019895,0.9999999999999999,-0.9999999999999999,1,1,1,0.06716141001855291,0.0,0.014003298264850528,0.0,0.06716141001855291,0.11493718008375986,0.15440100882723828,0.17765540507019895,0.17765540507019895,0.11600192215281113,0.07169031288170624,0.03059255856683507,0.0,0.06716141001855291,0.04941482444733425,0.04581464159587667,0.03059255856683507
1326.png,0.7885972895196399,0.21140271048036008,0.9999999999999999,-0.9999999999999999,1,1,1,0.06885919835560128,0.25,0.005000647734512531,0.0,0.0578604755119716,0.12131815333194063,0.16292867554919055,0.21140271048036008,0.21140271048036008,0.15865953519193454,0.09489018477556588,0.052058642788166076,0.0,0.0578604755119716,0.06885919835560128,0.04432562553526376,0.052058642788166076
1331.png,0.773157021945599,0.226842978054401,0.9999999999999999,-0.9999999999999999,1,1,1,0.1377650702883012,0.5,0.012208458160199664,0.0,0.04462175537824464,0.11085742750991101,0.21652147368915398,0.226842978054401,0.226842978054401,0.19354291290144665,0.12257726558407545,0.10466388225934764,0.0,0.04462175537824464,0.07556046473572242,0.1377650702883012,0.10466388225934764
1333.png,0.7766289973551335,0.22337100264486653,0.9999999999999999,-0.9999999999999999,1,1,1,0.07857091510315573,0.75,0.010077224639363757,0.0,0.0378935095219588,0.09864815491413959,0.14812871633438263,0.22337100264486653,0.22337100264486653,0.1891595519699224,0.12776577516203536,0.07857091510315573,0.0,0.0378935095219588,0.06300053390282967,0.051849458891939926,0.07857091510315573
1334.png,0.8281442031954117,0.1718557968045883,0.9999999999999999,-0.9999999999999999,1,1,1,0.07007419620774935,0.5,0.008600475527583728,0.0,0.022334293948126804,0.06389405204460963,0.12855297157622736,0.1718557968045883,0.1718557968045883,0.1519191919191919,0.11434184675834969,0.044567219152854554,0.0,0.022334293948126804,0.041628545288197594,0.07007419620774935,0.044567219152854554
1341.png,0.8172675410221726,0.18273245897782742,0.9999999999999999,-0.9999999999999999,1,1,1,0.09398402396405392,0.5,0.008295619873178594,0.0,0.0547290116896918,0.08915826441599639,0.16727358158111127,0.18273245897782742,0.18273245897782742,0.16514242441894333,0.11130554340353727,0.025564301047290683,0.0,0.0547290116896918,0.07082725333931983,0.09398402396405392,0.025564301047290683
1345.png,0.8579975874547647,0.14200241254523527,0.8999999999999998,-0.9999999999999999,0,1,0,0.07593434842792168,0.0,0.0282223904503492,0.0,0.07593434842792168,0.13202701417292872,0.1461542084687485,0.14200241254523527,0.14200241254523527,0.08032183281058225,0.04233013115760842,0.02747587166333365,0.0,0.07593434842792168,0.05686098654708516,0.02321589494914822,0.02747587166333365
1346.png,0.8402079722703639,0.15979202772963608,0.9999999999999999,-0.9999999999999999,1,1,1,0.058421511559399564,0.0,0.010889388222912988,0.0,0.058421511559399564,0.09747882986913015,0.13823464128048935,0.15979202772963608,0.15979202772963608,0.11420889132534529,0.07750654345387531,0.03303039455259327,0.0,0.058421511559399564,0.04302899835380525,0.04821936753637068,0.03303039455259327
1353.png,0.7519683089873731,0.2480316910126269,0.9999999999999999,-0.9999999999999999,1,1,1,0.08380833630210194,0.0,0.015045204795208378,0.0,0.08380833630210194,0.16015587871875292,0.20330934547412738,0.2480316910126269,0.2480316910126269,0.17097771270538475,0.09919539554824686,0.057640750670241325,0.0,0.08380833630210194,0.07714641227706343,0.04536763427776813,0.057640750670241325
1355.png,0.8026415186295295,0.19735848137047052,0.9999999999999999,-0.9999999999999999,1,1,1,0.06483827694142197,0.25,0.002516771952697794,0.0,0.04573788959819747,0.10670964249686288,0.14897058823529408,0.19735848137047052,0.19735848137047052,0.15617004526667977,0.093310114642287,0.05043008939112836,0.0,0.04573788959819747,0.06483827694142197,0.0442968692986937,0.05043008939112836
1361.png,0.7103838892385148,0.2896161107614852,0.9999999999999999,-0.9999999999999999,1,1,1,0.13191386694010498,0.5,0.01687924728458696,0.0,0.08605583427350627,0.18592912525368166,0.24683544303797467,0.2896161107614852,0.2896161107614852,0.25316870629370625,0.18611269208878767,0.06098870794507827,0.0,0.08605583427350627,0.1041141659823881,0.13191386694010498,0.06098870794507827
1364.png,0.8199785312874913,0.18002146871250868,0.9999999999999999,-0.9999999999999999,1,1,1,0.0686255045992985,0.25,0.010102821733763489,0.0,0.0403339937729974,0.10743466810723212,0.1634349030470914,0.18002146871250868,0.18002146871250868,0.14232604250573144,0.0794481446241675,0.02749572162007985,0.0,0.0403339937729974,0.0686255045992985,0.05732638468064477,0.02749572162007985
1365.png,0.7071988721473258,0.2928011278526742,0.9999999999999999,-0.9999999999999999,1,1,1,0.1230684326710817,0.5,0.010404765733550337,0.0,0.07520737327188942,0.09911270530488958,0.21687196715192236,0.2928011278526742,0.2928011278526742,0.28764560836663544,0.20312907431551497,0.08592070181474154,0.0,0.07520737327188942,0.0975831364710158,0.1230684326710817,0.08592070181474154
1367.png,0.8789370078740157,0.12106299212598426,0.9999999999999999,-0.9999999999999999,1,1,1,0.04457843234160319,0.75,0.006073150871352828,0.0,0.02476718842876957,0.04790359525943633,0.07855795014400635,0.12106299212598426,0.12106299212598426,0.0989942812068626,0.07622162751511552,0.04457843234160319,0.0,0.02476718842876957,0.024244238252020378,0.031806361272254446,0.04457843234160319
1368.png,0.7788067049583871,0.2211932950416129,0.9999999999999999,-0.9999999999999999,1,1,1,0.07849084071333257,0.5,0.012216419131894463,0.0,0.031453669594786016,0.08386570613021616,0.15538847117794485,0.2211932950416129,0.2211932950416129,0.20400235432607416,0.14623607004775985,0.06870553254752043,0.0,0.031453669594786016,0.06105723261849472,0.07849084071333257,0.06870553254752043
1370.png,0.8481085212074895,0.15189147879251053,0.8999999999999998,-0.9999999999999999,0,1,0,0.08165450121654505,0.0,0.03213225839399834,0.0,0.08165450121654505,0.14931621546190343,0.157527793480309,0.15189147879251053,0.15189147879251053,0.0871971690409219,0.08586341887777293,0.05809859154929575,0.0,0.08165450121654505,0.06777561493540962,0.029121209518082614,0.05809859154929575
1371.png,0.5942402592619872,0.4057597407380128,0.9999999999999999,-0.9999999999999999,1,1,1,0.13866471019809246,0.25,0.00862633168869607,0.0,0.06690696102725835,0.20270531400966185,0.3127439334804005,0.4057597407380128,0.4057597407380128,0.3489491189583186,0.21912452733448695,0.10745935794354133,0.0,0.06690696102725835,0.13866471019809246,0.11497248769186219,0.10745935794354133
1372.png,0.8502129673450071,0.14978703265499294,0.9999999999999999,-0.9999999999999999,1,1,1,0.04757281553398063,0.75,0.0028605842017016326,0.0,0.03882041239488543,0.06747606817651175,0.10682845586485845,0.14978703265499294,0.14978703265499294,0.12624779800352315,0.08619047619047615,0.04757281553398063,0.0,0.03882041239488543,0.04299455325066637,0.04117787886042612,0.04757281553398063
1373.png,0.7734537873523281,0.22654621264767194,0.9999999999999999,-0.9999999999999999,1,1,1,0.08954269267668691,0.0,0.018150267973074806,0.0,0.08954269267668691,0.13936187799636301,0.20166608816383202,0.22654621264767194,0.22654621264767194,0.15157256536566877,0.10033510743150009,0.041370664437944016,0.0,0.08954269267668691,0.056542810985460434,0.06280763929907462,0.041370664437944016
1378.png,0.8663891348164334,0.13361086518356657,0.9999999999999999,-0.9999999999999999,1,1,1,0.04562849573152783,0.0,0.0059966986771932355,0.0,0.04562849573152783,0.07772778814148285,0.10704350728830536,0.13361086518356657,0.13361086518356657,0.09153496510146253,0.06428260910654549,0.031658069835669544,0.0,0.04562849573152783,0.0338182086686849,0.034981950801979855,0.031658069835669544
1380.png,0.7884970157352144,0.21150298426478564,0.9999999999999999,-0.9999999999999999,1,1,1,0.07190873905072315,0.0,0.014337341882723075,0.0,0.07190873905072315,0.12710486282327016,0.18992758393680054,0.21150298426478564,0.21150298426478564,0.14843205574912888,0.09208866462425658,0.03503668100177082,0.0,0.07190873905072315,0.05797344984036301,0.06439647309212526,0.03503668100177082
1381.png,0.8663171690694627,0.13368283093053734,0.9999999999999999,-0.9999999999999999,1,1,1,0.05764649833253932,0.5,0.007371824051059716,0.0,0.0381104733226687,0.08031137269793054,0.11896152063050536,0.13368283093053734,0.13368283093053734,0.10977587029089175,0.08602771362586603,0.03579817720567513,0.0,0.0381104733226687,0.04691883525200735,0.05764649833253932,0.03579817720567513
1384.png,0.7359187213480362,0.26408127865196385,0.9999999999999999,-0.9999999999999999,1,1,1,0.09874939507399205,0.5,0.007098685266662119,0.0,0.04967957806385759,0.11374394463667825,0.19720496894409933,0.26408127865196385,0.26408127865196385,0.23772964080065806,0.1730281140179617,0.07709641075164975,0.0,0.04967957806385759,0.07219884637891161,0.09874939507399205,0.07709641075164975
1387.png,0.8816917645363499,0.1183082354636501,0.9999999999999999,-0.9999999999999999,1,1,1,0.048236932776189456,0.5,0.002388122550472105,0.0,0.03835430638233739,0.060450742443657224,0.09059791712184107,0.1183082354636501,0.1183082354636501,0.09838323787428405,0.06773515120748419,0.037606118010243494,0.0,0.03835430638233739,0.0396783248615431,0.048236932776189456,0.037606118010243494
1388.png,0.5489253830045189,0.4510746169954811,0.9999999999999999,-0.9999999999999999,1,1,1,0.20097819927827976,0.0,0.05057846990344898,0.0,0.20097819927827976,0.342544501033735,0.38598157469845185,0.4510746169954811,0.4510746169954811,0.2888351378330646,0.14703811208628892,0.07909092407337215,0.0,0.20097819927827976,0.16074931557050165,0.06963291737912469,0.07909092407337215
1397.png,0.7044187044187045,0.29558129558129553,0.9999999999999999,-0.9999999999999999,1,1,1,0.18029115341545354,0.75,0.018046166567643886,0.0,0.07053557647785147,0.11697136385698104,0.16563417019889137,0.29558129558129553,0.29558129558129553,0.24408732565191027,0.22038742457923155,0.18029115341545354,0.0,0.07053557647785147,0.05152143845089907,0.053870196727339614,0.18029115341545354
1398.png,0.839425587467363,0.16057441253263705,0.9999999999999999,-0.9999999999999999,1,1,1,0.04905441634664154,0.25,0.0016690533935068807,0.0,0.0331199554689674,0.0813518662245114,0.12017385005432812,0.16057441253263705,0.16057441253263705,0.13044126416219437,0.08239388666111824,0.044750564246244795,0.0,0.0331199554689674,0.04905441634664154,0.03944385673265827,0.044750564246244795
1399.png,0.852885452404117,0.14711454759588305,0.9999999999999999,-0.9999999999999999,1,1,1,0.0572451707267867,0.25,0.00986399617367637,0.0,0.04363905325443784,0.0995750780730047,0.1267776709347639,0.14711454759588305,0.14711454759588305,0.10921656661453871,0.06716271783826122,0.04599593299118809,0.0,0.04363905325443784,0.0572451707267867,0.03533739955465198,0.04599593299118809
1401.png,0.6144593514741137,0.3855406485258863,0.9999999999999999,-0.9999999999999999,1,1,1,0.11582648311379617,0.5,0.004958644834752546,0.0,0.08367441246369156,0.1932071774588603,0.3008011077044803,0.3855406485258863,0.3855406485258863,0.31361112407260505,0.2143793297135368,0.10287890327494287,0.0,0.08367441246369156,0.11508180466038676,0.11582648311379617,0.10287890327494287
1402.png,0.7005192528154293,0.29948074718457074,0.9999999999999999,-0.9999999999999999,1,1,1,0.09465565241203044,0.5,0.000742661059550509,0.0,0.07338667546536881,0.14964977759599163,0.22247136241774312,0.29948074718457074,0.29948074718457074,0.2582079496968336,0.17278284227669793,0.08995547966091355,0.0,0.07338667546536881,0.09241337044508569,0.09465565241203044,0.08995547966091355
1406.png,0.8121691762166606,0.18783082378333937,0.9999999999999999,-0.9999999999999999,1,1,1,0.0770849273144606,0.75,0.003938534890501289,0.0,0.054686581206632945,0.09085664839919239,0.1319680821382735,0.18783082378333937,0.18783082378333937,0.16447467120068016,0.12378234773196894,0.0770849273144606,0.0,0.054686581206632945,0.05477535948078105,0.0496061315733447,0.0770849273144606
1407.png,0.8256781901870531,0.17432180981294687,0.9999999999999999,-0.9999999999999999,1,1,1,0.05569606913267999,0.25,0.0024851490436797797,0.0,0.04253521126760562,0.09555136155297927,0.13373140474597212,0.17432180981294687,0.17432180981294687,0.1394389834572045,0.08812933025404157,0.044691993609089264,0.0,0.04253521126760562,0.05569606913267999,0.04400871459694988,0.044691993609089264
1410.png,0.7034605891928792,0.29653941080712076,0.9999999999999999,-0.9999999999999999,1,1,1,0.1397304025174957,0.75,0.01879165309431562,0.0,0.057860115451738525,0.12440560339288009,0.16858513189448443,0.29653941080712076,0.29653941080712076,0.24896201753037062,0.192683289545432,0.1397304025174957,0.0,0.057860115451738525,0.06750686298976794,0.06827624929814713,0.1397304025174957
1411.png,0.9345407503234152,0.06545924967658479,0.9999999999999999,-0.9999999999999999,1,1,1,0.019309219472395944,0.75,0.0008653130231259353,0.0,0.019306930693069324,0.0328567845497868,0.04783715012722645,0.06545924967658479,0.06545924967658479,0.04621072088724587,0.03427959292983396,0.019309219472395944,0.0,0.019306930693069324,0.013558454847787171,0.015003948407475654,0.019309219472395944
1425.png,0.8323768531802965,0.16762314681970347,0.9999999999999999,-0.9999999999999999,1,1,1,0.049378304987851895,0.0,0.0026908445893849774,0.0,0.049378304987851895,0.08844295800817537,0.12436704004910237,0.16762314681970347,0.16762314681970347,0.12239779282668672,0.08045876378917882,0.044359603672393444,0.0,0.049378304987851895,0.04234654234654234,0.03618807724601181,0.044359603672393444
1426.png,0.7332572918364022,0.2667427081635978,0.9999999999999999,-0.9999999999999999,1,1,1,0.1022186365469947,0.75,0.018149118058878932,0.0,0.03932383635570014,0.09482381917133431,0.17522081642396758,0.2667427081635978,0.2667427081635978,0.22935189282697022,0.18345483104434335,0.1022186365469947,0.0,0.03932383635570014,0.05635350443450282,0.08219555380680699,0.1022186365469947
1435.png,0.7833684703677676,0.21663152963223242,0.9999999999999999,-0.9999999999999999,1,1,1,0.0914780831541524,0.75,0.013016963863877485,0.0,0.03942777390090724,0.08012266517981603,0.14031203604823794,0.21663152963223242,0.21663152963223242,0.19905985292748762,0.15451068616422947,0.0914780831541524,0.0,0.03942777390090724,0.055100685992476195,0.06652055886235153,0.0914780831541524
1436.png,0.8999584889995849,0.10004151100041514,0.9999999999999999,-0.9999999999999999,1,1,1,0.05479847557454676,0.0,0.011844867674956872,0.0,0.05479847557454676,0.07248918508125801,0.0819989442196023,0.10004151100041514,0.10004151100041514,0.05078271759549158,0.030143419215636458,0.020571938093115083,0.0,0.05479847557454676,0.021217541479059965,0.01248118414450572,0.020571938093115083
1437.png,0.8723779854620977,0.12762201453790234,0.9999999999999999,-0.9999999999999999,1,1,1,0.060511985342765584,0.75,0.006822858292501799,0.0,0.02837799717912548,0.04836210712704736,0.08057862603817167,0.12762201453790234,0.12762201453790234,0.10925858385869847,0.08628454452405321,0.060511985342765584,0.0,0.02837799717912548,0.024826437100805343,0.033313471642922865,0.060511985342765584
1442.png,0.8293342345386955,0.17066576546130452,0.9999999999999999,-0.9999999999999999,1,1,1,0.06483587213044406,0.25,0.005430203772970188,0.0,0.044682069887340026,0.10842297906530374,0.12595403008779282,0.17066576546130452,0.17066576546130452,0.12631236265972168,0.08117868531253603,0.058608755181987604,0.0,0.044682069887340026,0.06483587213044406,0.06098145780051156,0.058608755181987604
1457.png,0.7418954167184201,0.2581045832815799,0.9999999999999999,-0.9999999999999999,1,1,1,0.13519175929697957,0.5,0.01021417596739348,0.0,0.07013338250660761,0.1380164813000634,0.2300778909526663,0.2581045832815799,0.2581045832815799,0.2063696731351944,0.16251883097318465,0.040672859653527516,0.0,0.07013338250660761,0.08686314282305219,0.13519175929697957,0.040672859653527516
1458.png,0.7247490514384516,0.2752509485615484,0.7,-0.7,0,0,0,0.2564236028959447,0.0,0.09280523010121126,0.0,0.2564236028959447,0.3097868981846882,0.3106920722677461,0.2752509485615484,0.2752509485615484,0.05492793143747565,0.09538546179767549,0.05541405658429133,0.0,0.2564236028959447,0.05796808725509994,0.04163685791958793,0.05541405658429133
1459.png,0.8823715415019763,0.11762845849802372,0.9999999999999999,-0.9999999999999999,1,1,1,0.040748898678414136,0.0,0.006635219667913727,0.0,0.040748898678414136,0.06929353233830848,0.0995763550698816,0.11762845849802372,0.11762845849802372,0.08235018360809443,0.05672160954978456,0.023868506940348366,0.0,0.040748898678414136,0.029304173386303756,0.03436807095343686,0.023868506940348366
1461.png,0.8406837506252023,0.1593162493747977,0.9999999999999999,-0.9999999999999999,1,1,1,0.09137070651063706,0.75,0.00885747474334444,0.0,0.03429707032502083,0.07012014354813545,0.09026978647231809,0.1593162493747977,0.1593162493747977,0.12898978964922037,0.09740778805527006,0.09137070651063706,0.0,0.03429707032502083,0.03775165182864415,0.04043560313089756,0.09137070651063706
1464.png,0.8812540965698056,0.11874590343019442,0.9999999999999999,-0.9999999999999999,1,1,1,0.06279409378549405,0.0,0.013341290792671512,0.0,0.06279409378549405,0.07900555465674375,0.10302566066641139,0.11874590343019442,0.11874590343019442,0.09032001364178932,0.06193687312291041,0.033197169322823794,0.0,0.06279409378549405,0.030738164684765534,0.033378746594005415,0.033197169322823794
1465.png,0.9018534119629318,0.09814658803706822,0.9999999999999999,-0.8999999999999998,1,0,0,0.04271346210495308,0.5,0.004940643481876084,0.0,0.025773784596642146,0.03148544690300581,0.06773170832132414,0.09814658803706822,0.09814658803706822,0.11090047393364932,0.0707270847691247,0.031545882880861575,0.0,0.025773784596642146,0.040748941459814336,0.04271346210495308,0.031545882880861575
1466.png,0.8083113639517137,0.19168863604828634,0.9999999999999999,-0.9999999999999999,1,1,1,0.0650124757416135,0.5,0.004121657476632045,0.0,0.043714844705306954,0.08107765853040805,0.14540079061887523,0.19168863604828634,0.19168863604828634,0.16790914791332823,0.11410028642906345,0.05008238494846151,0.0,0.043714844705306954,0.05571269664706813,0.0650124757416135,0.05008238494846151
1472.png,0.7824136803251881,0.2175863196748119,0.9999999999999999,-0.9999999999999999,1,1,1,0.07533076209539613,0.5,0.0034271549154588966,0.0,0.05820709690807224,0.09976369053734713,0.16748552804397532,0.2175863196748119,0.2175863196748119,0.17072709210464077,0.13038585962773686,0.05709188224799289,0.0,0.05820709690807224,0.043745443183001775,0.07533076209539613,0.05709188224799289
1477.png,0.7038989144472756,0.2961010855527244,0.9999999999999999,-0.9999999999999999,1,1,1,0.1300018786398648,0.75,0.017020934748306217,0.0,0.05144118052682389,0.11468743240320134,0.1929183416575303,0.2961010855527244,0.2961010855527244,0.25970272502064407,0.195819365016762,0.1300018786398648,0.0,0.05144118052682389,0.06935826604334894,0.0820330252991971,0.1300018786398648
1480.png,0.7200102968937704,0.2799897031062296,0.9999999999999999,-0.9999999999999999,1,1,1,0.15117530952808178,0.25,0.019023126395346666,0.0,0.06848748189530307,0.20877444823254976,0.23481836874571627,0.2799897031062296,0.2799897031062296,0.2262742406040844,0.12166895081467943,0.06716677622675071,0.0,0.06848748189530307,0.15117530952808178,0.08681827329442549,0.06716677622675071
1481.png,0.8738232352839753,0.12617676471602468,0.9999999999999999,-0.9999999999999999,1,1,1,0.04997644330083717,0.0,0.007038842890459274,0.0,0.04997644330083717,0.07638989169675092,0.0980930265287453,0.12617676471602468,0.12617676471602468,0.10040734653040806,0.07613996369202292,0.04244317195904912,0.0,0.04997644330083717,0.031213699554090035,0.03917720598924257,0.04244317195904912
1482.png,0.7651351799635097,0.23486482003649034,0.9999999999999999,-0.9999999999999999,1,1,1,0.08491574188244966,0.5,0.011188412020496063,0.0,0.030161943319838014,0.0921365408386422,0.17405668579377498,0.23486482003649034,0.23486482003649034,0.21036080767957632,0.14645075072714409,0.06843718079673133,0.0,0.030161943319838014,0.06440292136962911,0.08491574188244966,0.06843718079673133
1483.png,0.813202545068929,0.18679745493107103,0.9999999999999999,-0.9999999999999999,1,1,1,0.0792990484114191,0.0,0.016201095794719657,0.0,0.0792990484114191,0.13197116687442412,0.1499314460843616,0.18679745493107103,0.18679745493107103,0.1418179735380033,0.10666107080760234,0.05696371794490829,0.0,0.0792990484114191,0.05478005865102642,0.05180447693010504,0.05696371794490829
1484.png,0.7676691729323308,0.23233082706766917,0.9999999999999999,-0.9999999999999999,1,1,1,0.1488070610950214,0.5,0.020476773500031253,0.0,0.04728903383611904,0.08101180438448563,0.23068470572076094,0.23233082706766917,0.23233082706766917,0.19425098138533625,0.15841770957801393,0.09854831489416127,0.0,0.04728903383611904,0.03745139504741113,0.1488070610950214,0.09854831489416127
1485.png,0.6314671025745812,0.36853289742541884,0.9999999999999999,-0.9999999999999999,1,1,1,0.12887507944354215,0.75,0.01008582554575313,0.0,0.08200535070373383,0.16417910447761197,0.2561857632280168,0.36853289742541884,0.36853289742541884,0.3340408163265306,0.2403053435114504,0.12887507944354215,0.0,0.08200535070373383,0.1065313887127457,0.12723116152290515,0.12887507944354215
1488.png,0.9097791798107255,0.09022082018927446,0.9999999999999999,-0.9999999999999999,1,1,1,0.037396794560466295,0.0,0.007341613876617803,0.0,0.037396794560466295,0.05511309334182857,0.07952941176470585,0.09022082018927446,0.09022082018927446,0.060891801182675453,0.036804026423403635,0.016886134779240947,0.0,0.037396794560466295,0.0308313155770783,0.025183794775535784,0.016886134779240947
1490.png,0.7463207404035807,0.25367925959641935,0.9999999999999999,-0.9999999999999999,1,1,1,0.1608937313652593,0.0,0.04247955977385361,0.0,0.1608937313652593,0.2051196685532497,0.2269032883453881,0.25367925959641935,0.25367925959641935,0.17988850029433157,0.1608279700817533,0.09525478376673446,0.0,0.1608937313652593,0.07838093948829028,0.09269595589494228,0.09525478376673446
1491.png,0.8451640122349963,0.15483598776500374,0.9999999999999999,-0.9999999999999999,1,1,1,0.06207705014120535,0.25,0.016844947210639283,0.0,0.05627017630990816,0.11765310316481714,0.14255543822597672,0.15483598776500374,0.15483598776500374,0.11831371475499586,0.07764010458110715,0.03960164030462798,0.0,0.05627017630990816,0.06207705014120535,0.043364443432733935,0.03960164030462798
1492.png,0.9006027801697626,0.09939721983023742,0.8999999999999998,-0.9999999999999999,0,1,0,0.05466552525376056,0.0,0.020108703258456272,0.0,0.05466552525376056,0.09170305676855894,0.10327076401531798,0.09939721983023742,0.09939721983023742,0.08316300459887582,0.07342912004237567,0.04497406604950427,0.0,0.05466552525376056,0.04204223962102771,0.03167727088127792,0.04497406604950427
1493.png,0.7749766573295985,0.22502334267040147,0.9999999999999999,-0.9999999999999999,1,1,1,0.08780474151202167,0.5,0.005733408835144116,0.0,0.054403811485964515,0.09545214992094742,0.1590120084229697,0.22502334267040147,0.22502334267040147,0.20524988475201345,0.1570790648804833,0.07508240752044926,0.0,0.054403811485964515,0.05437770545672849,0.08780474151202167,0.07508240752044926
1495.png,0.815679666185203,0.18432033381479695,0.9999999999999999,-0.8999999999999998,1,0,0,0.12076759061833686,0.0,0.03313275567066944,0.0,0.12076759061833686,0.14137830279250319,0.1799983856647026,0.18432033381479695,0.18432033381479695,0.1072921170197435,0.08183844602483814,0.08306972906065191,0.0,0.12076759061833686,0.05259621486430999,0.06782373652950169,0.08306972906065191
1496.png,0.8165960490838057,0.18340395091619432,0.9999999999999999,-0.9999999999999999,1,1,1,0.0675383841670858,0.25,0.007251941851282417,0.0,0.039313347743006655,0.09928023318065549,0.15969677473495758,0.18340395091619432,0.18340395091619432,0.1561858351356531,0.09088055250353166,0.039972244938418444,0.0,0.039313347743006655,0.0675383841670858,0.06572058784448165,0.039972244938418444
1497.png,0.8506476616553087,0.1493523383446913,0.9999999999999999,-0.9999999999999999,1,1,1,0.054907677356656914,0.75,0.005088269227379994,0.0,0.04314912944738836,0.06891043924700513,0.09814968240817457,0.1493523383446913,0.1493523383446913,0.11125814332247552,0.08612846788302919,0.054907677356656914,0.0,0.04314912944738836,0.026677805625174078,0.03182082914173767,0.054907677356656914
1498.png,0.6749767249405193,0.3250232750594807,0.9999999999999999,-0.9999999999999999,1,1,1,0.09877541589648797,0.25,0.0028493924839297245,0.0,0.07674210172529694,0.1711640510330812,0.24484828817134507,0.3250232750594807,0.3250232750594807,0.27023029790830344,0.18505906140257533,0.09182891307680519,0.0,0.07674210172529694,0.09877541589648797,0.09521421806228758,0.09182891307680519
1509.png,0.8016035153991443,0.19839648460085568,0.9999999999999999,-0.9999999999999999,1,1,1,0.09178981937602626,0.25,0.012721064164994012,0.0,0.0641157757964067,0.12617070876446768,0.1709135631653792,0.19839648460085568,0.19839648460085568,0.1621537985455671,0.08769296740994859,0.050961017866811065,0.0,0.0641157757964067,0.09178981937602626,0.06486101211689232,0.050961017866811065
1519.png,0.8847179031541537,0.11528209684584634,0.9999999999999999,-0.9999999999999999,1,1,1,0.03880597014925369,0.75,0.0018471184968791964,0.0,0.030692708965182613,0.05641513925255892,0.08032407407407405,0.11528209684584634,0.11528209684584634,0.09139485695202043,0.06584992343032159,0.03880597014925369,0.0,0.030692708965182613,0.0285168834267987,0.027113237639553422,0.03880597014925369
1529.png,0.6144150758688204,0.3855849241311796,0.9999999999999999,-0.9999999999999999,1,1,1,0.17521970272322884,0.25,0.025198016193771138,0.0,0.07530396130213102,0.25042862041376157,0.33645034598840473,0.3855849241311796,0.3855849241311796,0.350925925925926,0.2655030800821355,0.158852577262387,0.0,0.07530396130213102,0.17521970272322884,0.1413672628669761,0.158852577262387
1533.png,0.796908403223154,0.20309159677684596,0.9999999999999999,-0.9999999999999999,1,1,1,0.07158666482224374,0.75,0.0011501025423999779,0.0,0.051049329639183516,0.10286744224152056,0.14816625916870418,0.20309159677684596,0.20309159677684596,0.15950340732744084,0.11920990402003062,0.07158666482224374,0.0,0.051049329639183516,0.05539123420274272,0.058292565286295006,0.07158666482224374
1534.png,0.8000858614768174,0.19991413852318263,0.9999999999999999,-0.9999999999999999,1,1,1,0.06081706580800961,0.75,0.003114392789103526,0.0,0.05928066795118814,0.09793040412613441,0.14569243840271873,0.19991413852318263,0.19991413852318263,0.1490210843373494,0.1111537575804099,0.06081706580800961,0.0,0.05928066795118814,0.04561931468435809,0.05191266756275659,0.06081706580800961
1535.png,0.8958249352145119,0.1041750647854881,0.9999999999999999,-0.9999999999999999,1,1,1,0.04312974816055515,0.25,0.00198241937317426,0.0,0.01972703975207102,0.05136986301369861,0.07525359754659122,0.1041750647854881,0.1041750647854881,0.09319958007698592,0.06212795468993815,0.03677192172256538,0.0,0.01972703975207102,0.04312974816055515,0.02639990529181957,0.03677192172256538
1536.png,0.8122897113511599,0.1877102886488401,0.9999999999999999,-0.9999999999999999,1,1,1,0.11883953509325162,0.75,0.017975866750217263,0.0,0.03132101570991008,0.06274392074452118,0.09762116276774258,0.1877102886488401,0.1877102886488401,0.18135088826765267,0.15135480339385088,0.11883953509325162,0.0,0.03132101570991008,0.0359624029423784,0.04817309655031643,0.11883953509325162
1545.png,0.8235618706028418,0.1764381293971582,0.9999999999999999,-0.9999999999999999,1,1,1,0.08009909165978535,0.75,0.006770556359877622,0.0,0.041066892464013516,0.07133092642574224,0.11840659340659343,0.1764381293971582,0.1764381293971582,0.1632494343891403,0.1440311874407333,0.08009909165978535,0.0,0.041066892464013516,0.040508968045720906,0.07081162359688076,0.08009909165978535
1546.png,0.8108244815376834,0.18917551846231662,0.9999999999999999,-0.9999999999999999,1,1,1,0.10224694825537428,0.5,0.0090002872071962,0.0,0.055348330746241015,0.10441411944650236,0.16900226353671255,0.18917551846231662,0.18917551846231662,0.15035391117218488,0.12008376063786952,0.03141828653707701,0.0,0.055348330746241015,0.050694852221569775,0.10224694825537428,0.03141828653707701
1547.png,0.8688836104513065,0.13111638954869353,0.9999999999999999,-0.9999999999999999,1,1,1,0.05406066536203524,0.25,0.010702175771592538,0.0,0.04116899618805592,0.09129143988124688,0.11772502711170019,0.13111638954869353,0.13111638954869353,0.10220864661654139,0.049048819619527895,0.018901688849122023,0.0,0.04116899618805592,0.05406066536203524,0.03288785589773391,0.018901688849122023
1548.png,0.7248437836673131,0.27515621633268694,0.9999999999999999,-0.9999999999999999,1,1,1,0.11670141925068944,0.25,0.025184583835548502,0.0,0.11210814590374085,0.1908736115280697,0.23567548624496237,0.27515621633268694,0.27515621633268694,0.2362899380066762,0.15028581965701637,0.09578727218404537,0.0,0.11210814590374085,0.11670141925068944,0.06677458518818291,0.09578727218404537
1551.png,0.8488006743811787,0.15119932561882132,0.9999999999999999,-0.9999999999999999,1,1,1,0.05207400775887794,0.75,0.0034400931565949254,0.0,0.04590218661325318,0.07694859038142621,0.10565031121170476,0.15119932561882132,0.15119932561882132,0.10933538225124861,0.08134117467348967,0.05207400775887794,0.0,0.04590218661325318,0.03143189755529685,0.03052758759565044,0.05207400775887794
1552.png,0.7175106772422208,0.28248932275777916,0.9999999999999999,-0.9999999999999999,1,1,1,0.10143456489376101,0.25,0.022609273155181086,0.0,0.08228105906313643,0.18171918106577611,0.27278010978366163,0.28248932275777916,0.28248932275777916,0.20703490301366556,0.11129554319860568,0.03095857868533447,0.0,0.08228105906313643,0.10143456489376101,0.09745385812764062,0.03095857868533447
1555.png,0.7636105363925516,0.2363894636074484,0.9999999999999999,-0.9999999999999999,1,1,1,0.07990677063850604,0.75,0.003576872950560994,0.0,0.04864941309574322,0.11552709018521723,0.17252332737740717,0.2363894636074484,0.2363894636074484,0.1915892122504952,0.1325712233660522,0.07990677063850604,0.0,0.04864941309574322,0.06688951802708332,0.067285234362502,0.07990677063850604
1559.png,0.8512857215888758,0.14871427841112417,0.9999999999999999,-0.9999999999999999,1,1,1,0.06915159944367177,0.75,0.009315508169207277,0.0,0.035951454087474244,0.055078088901210576,0.08546433378196505,0.14871427841112417,0.14871427841112417,0.1417447121961486,0.1327273693722426,0.06915159944367177,0.0,0.035951454087474244,0.01987006212358322,0.06441962504986043,0.06915159944367177
1560.png,0.8713085884584123,0.1286914115415877,0.8999999999999998,-0.9999999999999999,0,1,0,0.05805779744858108,0.75,0.011833900399630393,0.0,0.04511426319936962,0.10094489662269623,0.08688965782391389,0.1286914115415877,0.1286914115415877,0.09626475024398895,0.06758130081300817,0.05805779744858108,0.0,0.04511426319936962,0.05704050702672914,0.05072268605799446,0.05805779744858108
1563.png,0.770633079217766,0.22936692078223397,0.9999999999999999,-0.9999999999999999,1,1,1,0.10812144042333738,0.75,0.014621310124269881,0.0,0.06323913855346697,0.13211464160083042,0.22180315164040298,0.22936692078223397,0.22936692078223397,0.18674381904260917,0.14735025881192998,0.10812144042333738,0.0,0.06323913855346697,0.07030522220395641,0.09592348407465878,0.10812144042333738
1564.png,0.8469958414989723,0.15300415850102767,0.9999999999999999,-0.9999999999999999,1,1,1,0.058604468835750656,0.5,0.0032693903215385233,0.0,0.038106385745870774,0.06357411089021425,0.11802744824377764,0.15300415850102767,0.15300415850102767,0.1250370077963091,0.09972774024402542,0.04279447951214288,0.0,0.038106385745870774,0.027843494085532328,0.058604468835750656,0.04279447951214288
1574.png,0.935375191424196,0.064624808575804,0.9999999999999999,-0.9999999999999999,1,1,1,0.027812500000000018,0.5,0.003665600472873132,0.0,0.009860050890585281,0.021174972138194526,0.047574187470560525,0.064624808575804,0.064624808575804,0.054811205846528654,0.0504496265813138,0.024214167543991527,0.0,0.009860050890585281,0.011235955056179803,0.027812500000000018,0.024214167543991527
1575.png,0.8738078783690394,0.1261921216309606,0.9999999999999999,-0.9999999999999999,1,1,1,0.04439312291506292,0.75,0.003818704977960685,0.0,0.03506097560975607,0.05985444824001185,0.0823051241109014,0.1261921216309606,0.1261921216309606,0.09256530475552582,0.06781880073317625,0.04439312291506292,0.0,0.03506097560975607,0.024845612523337612,0.023587493143170546,0.04439312291506292
1577.png,0.8681466770692957,0.1318533229307043,0.9999999999999999,-0.9999999999999999,1,1,1,0.07118133935289694,0.25,0.003123825722015516,0.0,0.044041855380290484,0.06977096920976789,0.09958628841607564,0.1318533229307043,0.1318533229307043,0.12947968738998805,0.07357882465884935,0.044800107145248735,0.0,0.044041855380290484,0.07118133935289694,0.031098430813124134,0.044800107145248735
1579.png,0.9408512413936991,0.059148758606300866,0.8999999999999998,-0.9999999999999999,0,1,0,0.036029911624745115,0.0,0.012839513310100558,0.0,0.036029911624745115,0.05461274121067938,0.062278051624529596,0.059148758606300866,0.059148758606300866,0.05054593874833557,0.04163300479345078,0.023165397699659862,0.0,0.036029911624745115,0.019656550383410742,0.021684371919833523,0.023165397699659862
1583.png,0.8017287275688203,0.1982712724311797,0.9999999999999999,-0.9999999999999999,1,1,1,0.07220121361357845,0.5,0.007593127359012586,0.0,0.04143461795500114,0.10627400768245843,0.17139751949878534,0.1982712724311797,0.1982712724311797,0.1645577339390798,0.09925201380897586,0.04708320994965942,0.0,0.04143461795500114,0.06810469374727013,0.07220121361357845,0.04708320994965942
1585.png,0.9113362419581453,0.08866375804185467,0.9999999999999999,-0.9999999999999999,1,1,1,0.04713920905514524,0.0,0.014709104992453892,0.0,0.04713920905514524,0.07095880927656628,0.08844314369333994,0.08866375804185467,0.08866375804185467,0.07540888695903891,0.06955132859009727,0.03913630229419707,0.0,0.04713920905514524,0.02917232021709637,0.030575035063113654,0.03913630229419707
1587.png,0.8408302651939598,0.15916973480604024,0.9999999999999999,-0.9999999999999999,1,1,1,0.05220447614617252,0.25,0.010336334686011662,0.0,0.0521303396915922,0.10114396949414683,0.13716196645337964,0.15916973480604024,0.15916973480604024,0.11834518422753715,0.08370989888902758,0.045273987811798366,0.0,0.0521303396915922,0.05220447614617252,0.042860665844636214,0.045273987811798366
1588.png,0.8467393540423781,0.1532606459576219,0.9999999999999999,-0.9999999999999999,1,1,1,0.07100034258307641,0.25,0.011556325584560646,0.0,0.04668700220301647,0.10561441561691831,0.1353711790393013,0.1532606459576219,0.1532606459576219,0.12418190263057893,0.06182181016920962,0.02719283700878794,0.0,0.04668700220301647,0.07100034258307641,0.036775522212415424,0.02719283700878794
1590.png,0.9048059149722736,0.09519408502772642,0.9999999999999999,-0.9999999999999999,1,1,1,0.029902423670129075,0.25,0.004346035985743501,0.0,0.02969084787266607,0.05975723622782447,0.07507322336981659,0.09519408502772642,0.09519408502772642,0.06604361370716516,0.041191381495564006,0.02055546838223754,0.0,0.02969084787266607,0.029902423670129075,0.022990328206754396,0.02055546838223754
1591.png,0.8928854800317376,0.10711451996826238,0.9999999999999999,-0.9999999999999999,1,1,1,0.0440816326530612,0.25,0.006464866195332419,0.0,0.017504234895539206,0.05934308584046366,0.09760000000000002,0.10711451996826238,0.10711451996826238,0.09183407252804587,0.04854368932038833,0.009651076466221209,0.0,0.017504234895539206,0.0440816326530612,0.03888745815091421,0.009651076466221209
1596.png,0.8148486927357268,0.1851513072642732,0.9999999999999999,-0.9999999999999999,1,1,1,0.054280834632806085,0.5,0.00261155673685558,0.0,0.03949928106233613,0.09128391193205243,0.14384097667866647,0.1851513072642732,0.1851513072642732,0.14677132701421802,0.09632097334878331,0.0450238605712705,0.0,0.03949928106233613,0.05274936061381075,0.054280834632806085,0.0450238605712705
1600.png,0.5354629962508346,0.4645370037491654,0.9999999999999999,-0.9999999999999999,1,1,1,0.2062508419776371,0.0,0.06910335200954532,0.0,0.2062508419776371,0.38609792389995035,0.44997349979388723,0.4645370037491654,0.4645370037491654,0.33557466019883775,0.266726403823178,0.1113434396236278,0.0,0.2062508419776371,0.1877384724827006,0.16365496079099895,0.1113434396236278
1601.png,0.839925642879273,0.16007435712072704,0.9999999999999999,-0.9999999999999999,1,1,1,0.058032041043511895,0.0,0.00628074283371618,0.0,0.058032041043511895,0.0931409389247958,0.1197692657997268,0.16007435712072704,0.16007435712072704,0.10590774210952247,0.07284248303706609,0.0426943357713897,0.0,0.058032041043511895,0.0421371810957758,0.031047723532638516,0.0426943357713897
1619.png,0.7826406574076505,0.21735934259234946,0.9999999999999999,-0.9999999999999999,1,1,1,0.09183167732647335,0.5,0.006167524186345319,0.0,0.043883773765395206,0.10576811929256735,0.18048951398968915,0.21735934259234946,0.21735934259234946,0.17249500793610162,0.1398943262061133,0.05593334229270264,0.0,0.043883773765395206,0.06294654969702451,0.09183167732647335,0.05593334229270264
1628.png,0.8947005244272702,0.10529947557272978,0.9999999999999999,-0.9999999999999999,1,1,1,0.0498481082573875,0.75,0.006170279635997677,0.0,0.026936026936026924,0.040262582056892815,0.061121522271875506,0.10529947557272978,0.10529947557272978,0.08309977578475336,0.0705307262569832,0.0498481082573875,0.0,0.026936026936026924,0.015715344699777645,0.024230039410305104,0.0498481082573875
1629.png,0.8869699703570048,0.11303002964299524,0.9999999999999999,-0.9999999999999999,1,1,1,0.045458255121194835,0.75,0.0018742090798874122,0.0,0.0243189744556509,0.0525630291189878,0.0832919954904171,0.11303002964299524,0.11303002964299524,0.09422905431228501,0.07650342020227452,0.045458255121194835,0.0,0.0243189744556509,0.0287551676619201,0.041316495797949604,0.045458255121194835
1630.png,0.8809096665259604,0.11909033347403963,0.9999999999999999,-0.9999999999999999,1,1,1,0.05309857202273671,0.5,0.006557524661889458,0.0,0.039293346630574155,0.07205321558620292,0.10007656130372966,0.11909033347403963,0.11909033347403963,0.10721786521334575,0.09046180174880336,0.03959889491456048,0.0,0.039293346630574155,0.03758528969584829,0.05309857202273671,0.03959889491456048
1644.png,0.27124745656597277,0.7287525434340272,0.9999999999999999,-0.9999999999999999,1,1,1,0.543993770793516,0.0,0.124980561385335,0.0,0.543993770793516,0.5496980461811722,0.6243398051030276,0.7287525434340272,0.7287525434340272,0.41017082269782057,0.40249950406665347,0.20843728736674982,0.0,0.543993770793516,0.05571205007824731,0.19593410445145465,0.20843728736674982
1645.png,0.9298689353874454,0.07013106461255458,0.6,-0.7999999999999999,0,0,0,0.0761076955692177,0.25,0.010991441014841707,0.0,0.049126413155190174,0.03550821127385706,0.029677419354838697,0.07013106461255458,0.07013106461255458,0.11315789473684212,0.03737205427279222,0.06927502876869962,0.0,0.049126413155190174,0.0761076955692177,0.03642825410928474,0.06927502876869962
1646.png,0.7059001056284895,0.2940998943715105,0.9999999999999999,-0.8999999999999998,1,0,0,0.15663595373456185,0.25,0.0146870139495185,0.0,0.04314946619217086,0.11803588290840417,0.23462041884816753,0.2940998943715105,0.2940998943715105,0.3312606870822322,0.18418141592920356,0.06398310349111691,0.0,0.04314946619217086,0.15663595373456185,0.1216316808098854,0.06398310349111691
1647.png,0.6165987780040734,0.38340122199592663,0.7999999999999999,-0.9999999999999999,0,1,0,0.32866433216608304,0.0,0.09156389969828779,0.0,0.32866433216608304,0.313672008182748,0.3905849911364979,0.38340122199592663,0.38340122199592663,0.3539297233067391,0.3364583333333333,0.23114061557030774,0.0,0.32866433216608304,0.05351896793971134,0.12548849326964828,0.23114061557030774
1648.png,0.36900997324252005,0.63099002675748,0.8999999999999998,-0.9999999999999999,0,1,0,0.3393687301198923,0.25,0.10706893431143374,0.0,0.2443631931748934,0.602824162277261,0.6346423562412342,0.63099002675748,0.63099002675748,0.4369061956376288,0.14279894072112442,0.07353588727432847,0.0,0.2443631931748934,0.3393687301198923,0.06999809269502189,0.07353588727432847
1656.png,0.8486084027654671,0.15139159723453288,0.9999999999999999,-0.9999999999999999,1,1,1,0.11655273859998272,0.75,0.005343063559631611,0.0,0.0317204301075269,0.06455326308332598,0.12298901098901094,0.15139159723453288,0.15139159723453288,0.1423029448069124,0.13742919389978214,0.11655273859998272,0.0,0.0317204301075269,0.03584955518365185,0.05791839557399725,0.11655273859998272
1657.png,0.7683177356767861,0.23168226432321393,0.9999999999999999,-0.9999999999999999,1,1,1,0.1240629499081567,0.75,0.019027716261867035,0.0,0.05477150537634412,0.07979870596693028,0.11781460383221132,0.23168226432321393,0.23168226432321393,0.1830213196015208,0.1623823843243768,0.1240629499081567,0.0,0.05477150537634412,0.03512277429954269,0.04793237377199,0.1240629499081567
1665.png,0.8170672332138272,0.18293276678617276,0.9999999999999999,-0.9999999999999999,1,1,1,0.07991242474001092,0.0,0.02004264517968356,0.0,0.07991242474001092,0.13737818296133286,0.15732176837633316,0.18293276678617276,0.18293276678617276,0.1286262124971802,0.07659498844855162,0.045800858218758234,0.0,0.07991242474001092,0.06515866111085677,0.04015636105188347,0.045800858218758234
1666.png,0.7195634875525747,0.2804365124474253,0.9999999999999999,-0.9999999999999999,1,1,1,0.14589502018842526,0.0,0.02633108596596103,0.0,0.14589502018842526,0.18890593047034765,0.21750924784217018,0.2804365124474253,0.2804365124474253,0.14007900334244905,0.0963280412973605,0.06661612811522788,0.0,0.14589502018842526,0.04426966292134826,0.031106471816283898,0.06661612811522788
1678.png,0.8603847176668735,0.13961528233312648,0.9999999999999999,-0.9999999999999999,1,1,1,0.04511152104645311,0.0,0.004940840571073779,0.0,0.04511152104645311,0.07992469621769638,0.10909090909090913,0.13961528233312648,0.13961528233312648,0.0995718320123895,0.06677842972897452,0.03231341149556766,0.0,0.04511152104645311,0.034791776489193516,0.03579295154185025,0.03231341149556766
1684.png,0.7997542997542998,0.2002457002457002,0.9999999999999999,-0.9999999999999999,1,1,1,0.11552954381463965,0.5,0.012240738465847667,0.0,0.030336633663366364,0.06742461318375181,0.1414036111921938,0.2002457002457002,0.2002457002457002,0.19836036357155584,0.17691627730774084,0.06427390791027154,0.0,0.030336633663366364,0.05718100324241848,0.11552954381463965,0.06427390791027154
1685.png,0.8531099736311463,0.14689002636885373,0.8999999999999998,-0.9999999999999999,0,1,0,0.10284928276675187,0.75,0.011517237429580995,0.0,0.0724223509062194,0.07071988064155166,0.0910063094856165,0.14689002636885373,0.14689002636885373,0.13966480446927376,0.11329642178332366,0.10284928276675187,0.0,0.0724223509062194,0.03023032629558542,0.07877734537348391,0.10284928276675187
1686.png,0.298583317451242,0.701416682548758,0.9999999999999999,-0.9999999999999999,1,1,1,0.27492946115201977,0.25,0.03510796152709572,0.0,0.18601571466407696,0.4353395144434321,0.6063096023511065,0.701416682548758,0.701416682548758,0.5952811504348574,0.38304016802310314,0.16548295454545459,0.0,0.18601571466407696,0.27492946115201977,0.23228070175438598,0.16548295454545459
1689.png,0.8640400122486476,0.13595998775135243,0.3,-0.8999999999999998,0,0,0,0.13844369464361028,0.0,0.02796958256825175,0.0,0.13844369464361028,0.09308885754583918,0.09168463934819071,0.13595998775135243,0.13595998775135243,0.10726072607260728,0.05836881021734264,0.067373442883647,0.0,0.13844369464361028,0.0638569604086845,0.0666736390733671,0.067373442883647
1696.png,0.8438834369615702,0.1561165630384298,0.9999999999999999,-0.9999999999999999,1,1,1,0.05741334554893873,0.5,0.003787731058229493,0.0,0.025936360623135535,0.07417627008602501,0.11905128600030801,0.1561165630384298,0.1561165630384298,0.1382600136291361,0.09226654780476928,0.042761061946902656,0.0,0.025936360623135535,0.04983579638752056,0.05741334554893873,0.042761061946902656
1706.png,0.8551471585514716,0.1448528414485284,0.9999999999999999,-0.9999999999999999,1,1,1,0.06299212598425197,0.5,0.004627533293734221,0.0,0.04209958170287409,0.07013728421911103,0.12360178970917224,0.1448528414485284,0.1448528414485284,0.11045674649914927,0.08264136022143143,0.03467894879436462,0.0,0.04209958170287409,0.03501639344262297,0.06299212598425197,0.03467894879436462
1715.png,0.8884289564882557,0.1115710435117443,0.9999999999999999,-0.9999999999999999,1,1,1,0.05363695772382249,0.25,0.0017843011279741639,0.0,0.024677945056650663,0.05467980295566499,0.08827925365218647,0.1115710435117443,0.1115710435117443,0.11031469389758952,0.06429240862230556,0.027041917267343063,0.0,0.024677945056650663,0.05363695772382249,0.040413048580145494,0.027041917267343063
1716.png,0.739524348810872,0.26047565118912797,0.9999999999999999,-0.9999999999999999,1,1,1,0.16810422824054527,0.75,0.02036011193991405,0.0,0.067869222096956,0.09844482476374727,0.12809948882276645,0.26047565118912797,0.26047565118912797,0.20104905525421712,0.17414700490804802,0.16810422824054527,0.0,0.067869222096956,0.029884094400223438,0.042480883602378894,0.16810422824054527
1718.png,0.8190580105473723,0.18094198945262774,0.9999999999999999,-0.9999999999999999,1,1,1,0.06895569169397353,0.25,0.009928683181862408,0.0,0.05487114374935653,0.12020844991606039,0.14597680642283672,0.18094198945262774,0.18094198945262774,0.13840394380814702,0.0936057510404843,0.04083053010091642,0.0,0.05487114374935653,0.06895569169397353,0.054673590504451086,0.04083053010091642
1727.png,0.8780975405644149,0.12190245943558509,0.9999999999999999,-0.9999999999999999,1,1,1,0.07189276090845276,0.75,0.005295367314067656,0.0,0.02641852019972768,0.055117047831073296,0.10801240460113926,0.12190245943558509,0.12190245943558509,0.10080456544110772,0.07934669292250662,0.07189276090845276,0.0,0.02641852019972768,0.03056077091863274,0.06848774499057309,0.07189276090845276
1728.png,0.78859375,0.21140625000000002,0.9999999999999999,-0.9999999999999999,1,1,1,0.06417403697028123,0.25,0.002682361802493971,0.0,0.05295634555166695,0.11567502265176688,0.16188981580903605,0.21140625000000002,0.21140625000000002,0.16369863013698627,0.10356512021917019,0.05386058794912785,0.0,0.05295634555166695,0.06417403697028123,0.05019920318725102,0.05386058794912785
1729.png,0.746860617080516,0.253139382919484,0.9999999999999999,-0.9999999999999999,1,1,1,0.11553735030174161,0.25,0.015420723490990006,0.0,0.07603484367614288,0.1568608255832925,0.22391702257474067,0.253139382919484,0.253139382919484,0.20665681283188264,0.14022523361997818,0.06863432926091695,0.0,0.07603484367614288,0.11553735030174161,0.10412701865042684,0.06863432926091695
1730.png,0.8831444363798783,0.11685556362012173,0.9999999999999999,-0.7,1,0,0,0.10372960372960371,0.75,0.011641878839997722,0.0,0.060473269062226165,0.07671772707048874,0.0789816019327263,0.11685556362012173,0.11685556362012173,0.11623800835736564,0.13182089552238807,0.10372960372960371,0.0,0.060473269062226165,0.01734962532910278,0.03070351087972234,0.10372960372960371
1734.png,0.8943644046225119,0.10563559537748812,0.39999999999999997,-0.8999999999999998,0,0,0,0.11536626103555236,0.0,0.023384229275902134,0.0,0.11536626103555236,0.04071082390953151,0.0633698861239983,0.10563559537748812,0.10563559537748812,0.16806770098730606,0.06978649326711384,0.04581263485373077,0.0,0.11536626103555236,0.11518135959644482,0.024925753075944024,0.04581263485373077
1735.png,0.7894010775918165,0.21059892240818345,0.8999999999999998,-0.7,0,0,0,0.13130554512454629,0.75,0.015695082234840396,0.0,0.06883301564249189,0.12450807436558553,0.11486567883387544,0.21059892240818345,0.21059892240818345,0.15354845195014077,0.24775657840240772,0.13130554512454629,0.0,0.06883301564249189,0.11588706278971761,0.12025030643184309,0.13130554512454629
1736.png,0.9350585537630006,0.06494144623699938,0.9999999999999999,-0.9999999999999999,1,1,1,0.03903549447770005,0.25,0.008718098390428508,0.0,0.019235451667884096,0.05696949266812745,0.06479771697163006,0.06494144623699938,0.06494144623699938,0.04620678354907426,0.034805548463960556,0.02517162471395884,0.0,0.019235451667884096,0.03903549447770005,0.013095861707700385,0.02517162471395884
1740.png,0.7712020164889986,0.22879798351100145,0.9999999999999999,-0.9999999999999999,1,1,1,0.14342788653615657,0.0,0.04721136637636034,0.0,0.14342788653615657,0.21631372549019612,0.2195121951219512,0.22879798351100145,0.22879798351100145,0.13522071149189796,0.0584055459272097,0.0338641932096605,0.0,0.14342788653615657,0.08590778365340013,0.032522451826663135,0.0338641932096605
1744.png,0.8257276320517427,0.1742723679482573,0.9999999999999999,-0.9999999999999999,1,1,1,0.06135227888494188,0.5,0.003049040691778493,0.0,0.0404177141752079,0.08332802040165765,0.13899093803575802,0.1742723679482573,0.1742723679482573,0.14134380765339527,0.10409425625920476,0.052093973442288055,0.0,0.0404177141752079,0.044205193160227974,0.06135227888494188,0.052093973442288055
1746.png,0.9368178132601509,0.0631821867398491,0.8999999999999998,-0.8999999999999998,0,0,0,0.028044515103338608,0.0,0.004157870047373025,0.0,0.028044515103338608,0.025400295800913075,0.04503705580540951,0.0631821867398491,0.0631821867398491,0.03647044425406931,0.03946066303809992,0.018897829797610344,0.0,0.028044515103338608,0.017654476670870167,0.021102876523049874,0.018897829797610344
1752.png,0.8874942316566682,0.11250576834333181,0.9999999999999999,-0.7,1,0,0,0.10360861215000505,0.5,0.005907974109290415,0.0,0.01983821263482277,0.07289835590941995,0.07977315689981102,0.11250576834333181,0.11250576834333181,0.10100359082957366,0.127315727236894,0.043863615808989787,0.0,0.01983821263482277,0.07538413942456434,0.10360861215000505,0.043863615808989787
1769.png,0.818933724802177,0.18106627519782303,0.9999999999999999,-0.8999999999999998,1,0,0,0.09308510638297873,0.75,0.021160144026638204,0.0,0.025745602854957972,0.04785787147228837,0.09219521833629718,0.18106627519782303,0.18106627519782303,0.16328188464662874,0.1642582058439035,0.09308510638297873,0.0,0.025745602854957972,0.023670123787219777,0.07278320806885008,0.09308510638297873
1771.png,0.8204121687929342,0.17958783120706578,0.9999999999999999,-0.9999999999999999,1,1,1,0.06449602741860105,0.75,0.007913474713645141,0.0,0.029654036243822124,0.08085485307212825,0.1193054839264226,0.17958783120706578,0.17958783120706578,0.16389117889530092,0.118063374617983,0.06449602741860105,0.0,0.029654036243822124,0.05497664390945023,0.05405405405405406,0.06449602741860105
1773.png,0.7907168643630738,0.20928313563692624,0.9999999999999999,-0.8999999999999998,1,0,0,0.0901905267504276,0.75,0.013806765336708816,0.0,0.027458981552325068,0.08066627544802063,0.1367656197714996,0.20928313563692624,0.20928313563692624,0.21145194274028634,0.15192170231484026,0.0901905267504276,0.0,0.027458981552325068,0.06329794382475473,0.06319740312436595,0.0901905267504276
1774.png,0.9102913071176232,0.08970869288237682,0.9999999999999999,-0.9999999999999999,1,1,1,0.045406793509980115,0.0,0.01134666493848414,0.0,0.045406793509980115,0.07211231652839822,0.0737772539776076,0.08970869288237682,0.08970869288237682,0.05330442999277418,0.0323864264397038,0.02092331856173224,0.0,0.045406793509980115,0.02588942709203279,0.018036747766477457,0.02092331856173224
1776.png,0.8046269873624133,0.19537301263758666,0.9999999999999999,-0.9999999999999999,1,1,1,0.15295995212208868,0.75,0.0258235911819518,0.0,0.03771649266791377,0.05654726248951725,0.06967780788918998,0.19537301263758666,0.19537301263758666,0.16650846780236794,0.15839126117179747,0.15295995212208868,0.0,0.03771649266791377,0.021946509041961715,0.01641259272238771,0.15295995212208868
1789.png,0.8566166798210997,0.14338332017890032,0.8999999999999998,-0.8999999999999998,0,0,0,0.07101766532607034,0.5,0.011248770252298201,0.0,0.05772328620010736,0.04827847861140089,0.09658427650611578,0.14338332017890032,0.14338332017890032,0.16890186569010734,0.11311691739245189,0.04931101241316482,0.0,0.05772328620010736,0.05823761665470206,0.07101766532607034,0.04931101241316482
1796.png,0.9114074074074074,0.08859259259259256,0.9999999999999999,-0.9999999999999999,1,1,1,0.031921981949239786,0.25,0.005190108029679297,0.0,0.028246537228573176,0.0584716796875,0.07212121212121214,0.08859259259259256,0.08859259259259256,0.06729411764705884,0.04895851878226809,0.03106029351093298,0.0,0.028246537228573176,0.031921981949239786,0.028283563971837844,0.03106029351093298
1798.png,0.8181256436663233,0.18187435633367666,0.8999999999999998,-0.8999999999999998,0,0,0,0.08624386195449196,0.5,0.014886580060961685,0.0,0.07013630731102849,0.049829774063757326,0.1277479892761394,0.18187435633367666,0.18187435633367666,0.13180495421960392,0.13499716392512762,0.08104747843655291,0.0,0.07013630731102849,0.05440397984565337,0.08624386195449196,0.08104747843655291
1807.png,0.8319530046224961,0.1680469953775039,0.9999999999999999,-0.9999999999999999,1,1,1,0.06837893526283001,0.5,0.004606883577371668,0.0,0.05468327016783969,0.08671507902605724,0.13370656175921725,0.1680469953775039,0.1680469953775039,0.13242390497401635,0.10967446125630442,0.04491684490811476,0.0,0.05468327016783969,0.03638786387863879,0.06837893526283001,0.04491684490811476
1816.png,0.8688406952639133,0.13115930473608672,0.9999999999999999,-0.9999999999999999,1,1,1,0.06584533422126027,0.5,0.007576136717601334,0.0,0.02443317547462387,0.04687304695637684,0.10918690601900738,0.13115930473608672,0.13115930473608672,0.11215655267839497,0.08881462551602126,0.06328408140507391,0.0,0.02443317547462387,0.02527672228646949,0.06584533422126027,0.06328408140507391
1824.png,0.8020052135552437,0.19799478644475632,0.9999999999999999,-0.9999999999999999,1,1,1,0.09393338459670564,0.0,0.021733407680510318,0.0,0.09393338459670564,0.133096539889053,0.17862929358392743,0.19799478644475632,0.19799478644475632,0.13776904680560298,0.08331930651405484,0.044924129087411835,0.0,0.09393338459670564,0.06134760812303508,0.052430156907768866,0.044924129087411835
1825.png,0.9232032457496137,0.07679675425038635,0.9999999999999999,-0.9999999999999999,1,1,1,0.03558467741935489,0.0,0.006111443746617562,0.0,0.03558467741935489,0.03989949748743715,0.044926956173704236,0.07679675425038635,0.07679675425038635,0.044874202027788246,0.04250140423141735,0.033936229722170475,0.0,0.03558467741935489,0.006926829268292689,0.016757070902750915,0.033936229722170475
1826.png,0.8679976942828695,0.13200230571713045,0.9999999999999999,-0.9999999999999999,1,1,1,0.07103446437614946,0.0,0.016990527799344114,0.0,0.07103446437614946,0.09607056936647951,0.11585106382978727,0.13200230571713045,0.13200230571713045,0.09927239274065403,0.07146851582597025,0.03504477944039608,0.0,0.07103446437614946,0.03704969386302148,0.04193420080686405,0.03504477944039608
1827.png,0.9292161908262876,0.07078380917371241,0.9999999999999999,-0.9999999999999999,1,1,1,0.024447519604143042,0.0,0.005264637523877236,0.0,0.024447519604143042,0.0466854959295564,0.06136588584625535,0.07078380917371241,0.07078380917371241,0.04794906922395037,0.029264981834151826,0.015424878068123204,0.0,0.024447519604143042,0.023800745565523695,0.01515395776237305,0.015424878068123204
1829.png,0.8628899470428553,0.13711005295714473,0.9999999999999999,-0.9999999999999999,1,1,1,0.05389534125016315,0.75,0.00899538072494015,0.0,0.02192086197287757,0.049856315285316755,0.08891099855282203,0.13711005295714473,0.13711005295714473,0.11803293319648356,0.09929824561403511,0.05389534125016315,0.0,0.02192086197287757,0.03426192763368552,0.047012165233278336,0.05389534125016315
1834.png,0.3063857235003225,0.6936142764996776,0.9999999999999999,-0.9999999999999999,1,1,1,0.2891936628044455,0.5,0.02175797711818812,0.0,0.1285499678088562,0.3184021393949523,0.5557419927947491,0.6936142764996776,0.6936142764996776,0.6213630928656835,0.4831338411316648,0.22543823889115366,0.0,0.1285499678088562,0.19752722990874305,0.2891936628044455,0.22543823889115366
1835.png,0.9400550188727529,0.05994498112724711,0.8999999999999998,-0.9999999999999999,0,1,0,0.03565189259139434,0.0,0.011065406159671498,0.0,0.03565189259139434,0.046508648302370226,0.06308396159546359,0.05994498112724711,0.05994498112724711,0.04863022676628659,0.028871731655096378,0.022842970891528536,0.0,0.03565189259139434,0.025529959965872595,0.025423174955885197,0.022842970891528536
1843.png,0.5344566861093109,0.46554331389068915,0.9999999999999999,-0.9999999999999999,1,1,1,0.15085227272727275,0.5,0.020877964455313973,0.0,0.13645690834473323,0.26519492719586657,0.40105295757200377,0.46554331389068915,0.46554331389068915,0.3542156095014356,0.2249281500529421,0.08013444188926233,0.0,0.13645690834473323,0.13559509338048403,0.15085227272727275,0.08013444188926233
1847.png,0.9149932369160337,0.08500676308396626,0.9999999999999999,-0.9999999999999999,1,1,1,0.03203661327231122,0.0,0.0029119158411099687,0.0,0.03203661327231122,0.04104255664305412,0.06144124050767352,0.08500676308396626,0.08500676308396626,0.05671672077922074,0.04548889224724195,0.02689583436524845,0.0,0.03203661327231122,0.016172364747405577,0.02291880781089417,0.02689583436524845
1852.png,0.6167504406292839,0.38324955937071614,0.9999999999999999,-0.9999999999999999,1,1,1,0.13727584891262878,0.75,0.007816080552878435,0.0,0.09436302142051856,0.17709815078236135,0.26433276408880213,0.38324955937071614,0.38324955937071614,0.30237386670357813,0.22936455342021944,0.13727584891262878,0.0,0.09436302142051856,0.08873890763654546,0.09946786737617686,0.13727584891262878
1853.png,0.8079501352463836,0.1920498647536164,0.9999999999999999,-0.9999999999999999,1,1,1,0.07725616675625635,0.5,0.0051162997246489315,0.0,0.03833933488667651,0.08294039824960142,0.1468612317595226,0.1920498647536164,0.1920498647536164,0.1720342437831227,0.12970840963515984,0.053499566006470434,0.0,0.03833933488667651,0.04850883961219765,0.07725616675625635,0.053499566006470434
1858.png,0.7537862271445598,0.24621377285544022,0.9999999999999999,-0.9999999999999999,1,1,1,0.07673801828959004,0.25,0.005565289522635375,0.0,0.06687022097048023,0.14190436819622432,0.18094814155352767,0.24621377285544022,0.24621377285544022,0.18489108273419896,0.1154318990617923,0.07000556118944024,0.0,0.06687022097048023,0.07673801828959004,0.048408467630111196,0.07000556118944024
1863.png,0.8319977636973537,0.16800223630264632,0.9999999999999999,-0.9999999999999999,1,1,1,0.05438772105438772,0.5,0.0016792515772310556,0.0,0.043837324053394244,0.07901109989909183,0.12443220257079346,0.16800223630264632,0.16800223630264632,0.14314040222830704,0.1019357211825831,0.04800424346903598,0.0,0.043837324053394244,0.04212304227658925,0.05438772105438772,0.04800424346903598
1869.png,0.7981291142164222,0.2018708857835778,0.9999999999999999,-0.9999999999999999,1,1,1,0.06715406674439861,0.25,0.004496473253443512,0.0,0.05658303155716504,0.10850979070266298,0.16019587268275626,0.2018708857835778,0.2018708857835778,0.16617263457434195,0.10380632600660256,0.048981571290009684,0.0,0.05658303155716504,0.06715406674439861,0.05738615327656427,0.048981571290009684
1879.png,0.7872695072403375,0.2127304927596625,0.9999999999999999,-0.9999999999999999,1,1,1,0.06516483516483518,0.5,0.003781257055079745,0.0,0.045931243340250116,0.09876062913355199,0.1554975813902929,0.2127304927596625,0.2127304927596625,0.17842543929500454,0.1278488341491657,0.06508631795928888,0.0,0.045931243340250116,0.05682849364791287,0.06516483516483518,0.06508631795928888
1880.png,0.7779045248712365,0.2220954751287635,0.9999999999999999,-0.9999999999999999,1,1,1,0.06525673325999792,0.0,0.004358432941134982,0.0,0.06525673325999792,0.12284242761692654,0.16630699617124955,0.2220954751287635,0.2220954751287635,0.16703595168322494,0.10523180432421064,0.05996985734814764,0.0,0.06525673325999792,0.0632984274353161,0.04629825675771049,0.05996985734814764
1882.png,0.9070974057758199,0.09290259422418012,0.9999999999999999,-0.9999999999999999,1,1,1,0.05552364541451271,0.0,0.01854540533275515,0.0,0.05552364541451271,0.08523622047244095,0.09132105211309227,0.09290259422418012,0.09290259422418012,0.043694862480539665,0.021499625628409458,0.013276231263383287,0.0,0.05552364541451271,0.030688935281837137,0.010877759827679023,0.013276231263383287
1886.png,0.8290450699361077,0.17095493006389229,0.9999999999999999,-0.9999999999999999,1,1,1,0.046850324618354144,0.0,0.0009997562826412065,0.0,0.046850324618354144,0.08481365377917105,0.12843957560596908,0.17095493006389229,0.17095493006389229,0.12749074237347913,0.0901295064753238,0.044812342896766943,0.0,0.046850324618354144,0.03984347207399497,0.046420141620771016,0.044812342896766943
1890.png,0.8832976589529232,0.11670234104707677,0.9999999999999999,-0.9999999999999999,1,1,1,0.050498301876287566,0.75,0.009798408683639714,0.0,0.017872553311237604,0.03805541953871461,0.07013349530246438,0.11670234104707677,0.11670234104707677,0.10414147114945305,0.08859802995547161,0.050498301876287566,0.0,0.017872553311237604,0.021107517986513225,0.03903740545021239,0.050498301876287566
1894.png,0.8976112851328603,0.10238871486713974,0.9999999999999999,-0.9999999999999999,1,1,1,0.05009906594961788,0.0,0.01075096618115402,0.0,0.05009906594961788,0.07137450465292305,0.08586433260393878,0.10238871486713974,0.10238871486713974,0.0847457627118644,0.0699081284846843,0.03662134285650909,0.0,0.05009906594961788,0.0279208332371077,0.03770430906389299,0.03662134285650909
1900.png,0.8477552229959994,0.15224477700400063,0.9999999999999999,-0.9999999999999999,1,1,1,0.044016354193524676,0.5,0.0016482162910949282,0.0,0.034073954594943334,0.07432618532362778,0.11664122137404576,0.15224477700400063,0.15224477700400063,0.12327564126019974,0.08276972624798706,0.04267316394013232,0.0,0.034073954594943334,0.04318782041323599,0.044016354193524676,0.04267316394013232
1901.png,0.7842365782459703,0.21576342175402974,0.9999999999999999,-0.9999999999999999,1,1,1,0.06964151072726021,0.25,0.009921713077670768,0.0,0.06176868858720186,0.13106110211255473,0.18042390731964186,0.21576342175402974,0.21576342175402974,0.16077911418379265,0.0996143354341078,0.04335538184004806,0.0,0.06176868858720186,0.06964151072726021,0.059523422515522895,0.04335538184004806
1902.png,0.9012144330174819,0.09878556698251806,0.9999999999999999,-0.9999999999999999,1,1,1,0.0370665815783876,0.0,0.004774448148258082,0.0,0.0370665815783876,0.05719219159845523,0.07779181803822466,0.09878556698251806,0.09878556698251806,0.07132723514072237,0.05587849240577536,0.03275509248732733,0.0,0.0370665815783876,0.021707823007914184,0.026490326125348296,0.03275509248732733
1910.png,0.7561669100130639,0.2438330899869361,0.9999999999999999,-0.9999999999999999,1,1,1,0.08489054991991463,0.0,0.01722378277595471,0.0,0.08489054991991463,0.16520754716981134,0.20177045177045172,0.2438330899869361,0.2438330899869361,0.17790692812643727,0.10787563838365732,0.05846572855197463,0.0,0.08489054991991463,0.08482637038251817,0.05367934589406331,0.05846572855197463
1911.png,0.7693570451436389,0.2306429548563611,0.9999999999999999,-0.9999999999999999,1,1,1,0.07473258167100316,0.25,0.003633104854893654,0.0,0.06790171913023002,0.12276867030965388,0.17250486516541563,0.2306429548563611,0.2306429548563611,0.1783314099518023,0.12235159381561367,0.06605616605616604,0.0,0.06790171913023002,0.07473258167100316,0.05741039715854057,0.06605616605616604
1917.png,0.7769162822651879,0.22308371773481206,0.9999999999999999,-0.9999999999999999,1,1,1,0.08510638297872342,0.0,0.021968435197799174,0.0,0.08510638297872342,0.16394434361766486,0.1954170259948257,0.22308371773481206,0.22308371773481206,0.15458913750424697,0.08147211687034694,0.03935636188598801,0.0,0.08510638297872342,0.08165096455809784,0.04393202171920174,0.03935636188598801
1933.png,0.8023044108070754,0.19769558919292463,0.9999999999999999,-0.9999999999999999,1,1,1,0.09987822428871918,0.75,0.022755329670587264,0.0,0.024625811917537432,0.051901483720449115,0.10623943979846406,0.19769558919292463,0.19769558919292463,0.1820139430970903,0.16167500137385282,0.09987822428871918,0.0,0.024625811917537432,0.028629191550670452,0.06351911358734275,0.09987822428871918
1941.png,0.7827820226852071,0.21721797731479286,0.9999999999999999,-0.9999999999999999,1,1,1,0.07490226739640349,0.5,0.003932984966922737,0.0,0.06173679955750333,0.12058399423215571,0.16265586895504536,0.21721797731479286,0.21721797731479286,0.19542200262176057,0.13577714193165258,0.061448184233835246,0.0,0.06173679955750333,0.0697208303507516,0.07490226739640349,0.061448184233835246
1949.png,0.8791466042403767,0.12085339575962328,0.9999999999999999,-0.9999999999999999,1,1,1,0.05932146992666343,0.75,0.004723759029659169,0.0,0.025057530043467113,0.049009744459455606,0.08359402398821636,0.12085339575962328,0.12085339575962328,0.11510384397812679,0.10309699561463237,0.05932146992666343,0.0,0.025057530043467113,0.028641356603828605,0.04862719153159112,0.05932146992666343
1950.png,0.9701411509229099,0.029858849077090133,0.9999999999999999,-0.9999999999999999,1,1,1,0.014594594594594557,0.0,0.004454796041147712,0.0,0.014594594594594557,0.0228882833787466,0.029579375848032607,0.029858849077090133,0.029858849077090133,0.026446280991735516,0.02388888888888885,0.011341632088520015,0.0,0.014594594594594557,0.00829646017699115,0.012496528742016122,0.011341632088520015
1951.png,0.7128087306145893,0.28719126938541073,0.9999999999999999,-0.9999999999999999,1,1,1,0.08681310969190825,0.5,0.0054820434095476985,0.0,0.054583691807666535,0.13670444638186574,0.21869835523727077,0.28719126938541073,0.28719126938541073,0.23974828850010377,0.15888817065287653,0.07727299934159337,0.0,0.054583691807666535,0.08406231775389483,0.08681310969190825,0.07727299934159337
1955.png,0.5473820121640447,0.4526179878359553,0.9999999999999999,-0.9999999999999999,1,1,1,0.23892599154967975,0.75,0.030834160890107532,0.0,0.07561047366872609,0.17008,0.2790657036346692,0.4526179878359553,0.4526179878359553,0.42802937146470854,0.3548361469712016,0.23892599154967975,0.0,0.07561047366872609,0.10281397131282166,0.13490691489361706,0.23892599154967975
1957.png,0.8465355204016111,0.15346447959838894,0.9999999999999999,-0.9999999999999999,1,1,1,0.042936694021102007,0.0,0.0018750868912416618,0.0,0.042936694021102007,0.08127694365987814,0.11535851617281156,0.15346447959838894,0.15346447959838894,0.11544728214993816,0.07704574902820693,0.042367563409647535,0.0,0.042936694021102007,0.04238812682707438,0.03766594627971598,0.042367563409647535
1978.png,0.8209737389114969,0.17902626108850306,0.9999999999999999,-0.9999999999999999,1,1,1,0.06346472341835041,0.0,0.007673199259276953,0.0,0.06346472341835041,0.10229658375214712,0.14114408075864182,0.17902626108850306,0.17902626108850306,0.11786418005716981,0.07856548912314587,0.039680274050813535,0.0,0.06346472341835041,0.04160413039562949,0.03987267549003182,0.039680274050813535
1981.png,0.8703506907545164,0.12964930924548357,0.9999999999999999,-0.9999999999999999,1,1,1,0.04982131595543404,0.75,0.0035661881476100944,0.0,0.02560351133869787,0.0625,0.08853951179147701,0.12964930924548357,0.12964930924548357,0.11375464684014869,0.08027667155732554,0.04982131595543404,0.0,0.02560351133869787,0.04051128749613442,0.0318367346938776,0.04982131595543404
1984.png,0.8728287408440879,0.1271712591559121,0.9999999999999999,-0.9999999999999999,1,1,1,0.05136596471257826,0.25,0.012059694580552217,0.0,0.04931751148912822,0.09249415266850947,0.10924369747899154,0.1271712591559121,0.1271712591559121,0.0998459599495869,0.06168549087749786,0.025817063577200927,0.0,0.04931751148912822,0.05136596471257826,0.037435487388238764,0.025817063577200927
1986.png,0.6604429436885491,0.33955705631145094,0.9999999999999999,-0.9999999999999999,1,1,1,0.15332808536692033,0.0,0.051754314804480964,0.0,0.15332808536692033,0.28266862709060836,0.33211044603205253,0.33955705631145094,0.33955705631145094,0.21247058823529408,0.1110831551138508,0.04269360269360267,0.0,0.15332808536692033,0.14871684741758828,0.07210487982520031,0.04269360269360267
1988.png,0.8930731170973062,0.10692688290269381,0.9999999999999999,-0.9999999999999999,1,1,1,0.03562340966921118,0.0,0.004740845882033817,0.0,0.03562340966921118,0.06207865168539328,0.08639249240960534,0.10692688290269381,0.10692688290269381,0.07950727883538633,0.04923504867872042,0.020776380535811878,0.0,0.03562340966921118,0.030623926731539797,0.029888268156424536,0.020776380535811878
2002.png,0.7131084496209208,0.2868915503790792,0.9999999999999999,-0.9999999999999999,1,1,1,0.12265488656195467,0.25,0.016617616473397833,0.0,0.06906386182664448,0.18313798276168924,0.2559055118110236,0.2868915503790792,0.2868915503790792,0.22708549414728108,0.11519130167196634,0.04133333333333333,0.0,0.06906386182664448,0.12265488656195467,0.07735489691582853,0.04133333333333333
2003.png,0.6430839802399435,0.3569160197600565,0.9999999999999999,-0.9999999999999999,1,1,1,0.14398923444976075,0.0,0.03930252985107337,0.0,0.14398923444976075,0.27425926439202863,0.3136381800536622,0.3569160197600565,0.3569160197600565,0.23663366336633662,0.1117989352482357,0.05848356767014573,0.0,0.14398923444976075,0.13643702019702808,0.054994654947143395,0.05848356767014573
2006.png,0.8877251657572024,0.1122748342427976,0.9999999999999999,-0.9999999999999999,1,1,1,0.03661421980362001,0.5,0.00285182989920284,0.0,0.024347979323308233,0.050709819786686317,0.07909530275818766,0.1122748342427976,0.1122748342427976,0.09663354589945128,0.07091176514284869,0.03563792925495057,0.0,0.024347979323308233,0.02937545550548093,0.03661421980362001,0.03563792925495057
2007.png,0.8624648791147802,0.1375351208852198,0.9999999999999999,-0.9999999999999999,1,1,1,0.05598187648569741,0.25,0.008272402077458541,0.0,0.043060724023802566,0.09191702432045779,0.11268694337086205,0.1375351208852198,0.1375351208852198,0.1030309211756506,0.08025666655918484,0.03805144608823141,0.0,0.043060724023802566,0.05598187648569741,0.04395879645574374,0.03805144608823141
2008.png,0.9225786749815166,0.07742132501848342,0.9999999999999999,-0.9999999999999999,1,1,1,0.03176555409474535,0.0,0.007240586528749815,0.0,0.03176555409474535,0.05357425239906455,0.06699511367766431,0.07742132501848342,0.07742132501848342,0.0681853014011341,0.04481608530663017,0.01457375799708982,0.0,0.03176555409474535,0.02697057299934824,0.031750075633329655,0.01457375799708982
2009.png,0.856728606935732,0.14327139306426795,0.9999999999999999,-0.9999999999999999,1,1,1,0.0673740970890584,0.0,0.02124934878057827,0.0,0.0673740970890584,0.12080900499608738,0.1329707314141475,0.14327139306426795,0.14327139306426795,0.09171312601670956,0.05846714120178775,0.0333476550880788,0.0,0.0673740970890584,0.055181176319217706,0.025634115943005353,0.0333476550880788
2014.png,0.68109066434657,0.31890933565343005,0.9999999999999999,-0.9999999999999999,1,1,1,0.10376102512897323,0.75,0.0036599638922308665,0.0,0.0831761880859031,0.1584487852451023,0.2253369190330765,0.31890933565343005,0.31890933565343005,0.2569417146124433,0.17719936130509228,0.10376102512897323,0.0,0.0831761880859031,0.08523350057892709,0.07744237970499812,0.10376102512897323
2026.png,0.8690569974663062,0.13094300253369384,0.9999999999999999,-0.9999999999999999,1,1,1,0.06926295843038177,0.75,0.019023756095343312,0.0,0.05461998784620292,0.10689322608548679,0.13002007034556762,0.13094300253369384,0.13094300253369384,0.0970368324690335,0.08680065181966323,0.06926295843038177,0.0,0.05461998784620292,0.05497557705200651,0.03311196939805683,0.06926295843038177
2029.png,0.6855544252288911,0.3144455747711089,0.9999999999999999,-0.9999999999999999,1,1,1,0.13751902018009932,0.5,0.017611940155894346,0.0,0.0417335473515249,0.11397560514769167,0.22789950887797505,0.3144455747711089,0.3144455747711089,0.30047881010594946,0.2353941225679359,0.1046701913393756,0.0,0.0417335473515249,0.07678079744414323,0.13751902018009932,0.1046701913393756
2031.png,0.9180652847271861,0.08193471527281393,0.9999999999999999,-0.9999999999999999,1,1,1,0.0313519220255265,0.5,0.0019359198267410505,0.0,0.02099516268240298,0.042994104686476464,0.0685924046740467,0.08193471527281393,0.08193471527281393,0.06331793141896047,0.044666984581147706,0.019999455797121146,0.0,0.02099516268240298,0.02264321687126225,0.0313519220255265,0.019999455797121146
2039.png,0.8232016210739616,0.17679837892603845,0.9999999999999999,-0.9999999999999999,1,1,1,0.0606638892621959,0.0,0.007165704869453615,0.0,0.0606638892621959,0.09520492901151889,0.14515727446261095,0.17679837892603845,0.17679837892603845,0.12591849381768816,0.09184993531694696,0.04066526546650828,0.0,0.0606638892621959,0.04402409976180466,0.054090738441100905,0.04066526546650828
2055.png,0.8035340985287737,0.19646590147122633,0.9999999999999999,-0.9999999999999999,1,1,1,0.06814941545480468,0.75,0.0017185047124842923,0.0,0.05102135994776602,0.09617129377608424,0.14272344408048665,0.19646590147122633,0.19646590147122633,0.16024777807702661,0.1287180837062385,0.06814941545480468,0.0,0.05102135994776602,0.04646856538224142,0.061381177516466656,0.06814941545480468
2062.png,0.8853902556020009,0.11460974439799909,0.9999999999999999,-0.9999999999999999,1,1,1,0.04458487535786604,0.75,0.002608219425422953,0.0,0.031257651187464264,0.055364070799407195,0.0774622276589414,0.11460974439799909,0.11460974439799909,0.09585737662561367,0.06879870529667353,0.04458487535786604,0.0,0.031257651187464264,0.034583193839973214,0.03362783835574623,0.04458487535786604
2064.png,0.7482052803322456,0.25179471966775435,0.9999999999999999,-0.9999999999999999,1,1,1,0.08551465220565235,0.0,0.008651540122710476,0.0,0.08551465220565235,0.1408960709074204,0.19453905700211116,0.25179471966775435,0.25179471966775435,0.18134715025906734,0.136983553951063,0.0724107613856163,0.0,0.08551465220565235,0.06081823968520339,0.06867101572594625,0.0724107613856163
2065.png,0.8187397818337756,0.1812602181662244,0.9999999999999999,-0.9999999999999999,1,1,1,0.05415664260892805,0.5,0.003098088395772969,0.0,0.04817152931809132,0.09755960729312763,0.1416496326169825,0.1812602181662244,0.1812602181662244,0.13995004601025374,0.09634206495495734,0.04466228148754836,0.0,0.04817152931809132,0.05163028536866998,0.05415664260892805,0.04466228148754836
2066.png,0.804929598428244,0.19507040157175604,0.9999999999999999,-0.9999999999999999,1,1,1,0.061226786719189685,0.75,0.002641636451618923,0.0,0.05470141867370504,0.10474097534175741,0.14623421175736784,0.19507040157175604,0.19507040157175604,0.16004143850821373,0.11116276367017264,0.061226786719189685,0.0,0.05470141867370504,0.05334832182431348,0.051991486774095486,0.061226786719189685
2075.png,0.7666503318929033,0.23334966810709667,0.9999999999999999,-0.9999999999999999,1,1,1,0.11863366218440108,0.75,0.03135172312773883,0.0,0.019297814878467934,0.055680107714683125,0.11828796392879981,0.23334966810709667,0.23334966810709667,0.21534627133326245,0.18067150275498478,0.11863366218440108,0.0,0.019297814878467934,0.03647658593147762,0.06337827030732324,0.11863366218440108
2076.png,0.9322136048595582,0.06778639514044182,0.9999999999999999,-0.9999999999999999,1,1,1,0.0259449192782526,0.75,0.004476236844266035,0.0,0.020725016172700506,0.0416660122815008,0.06166974847779161,0.06778639514044182,0.06778639514044182,0.0510177688250002,0.03387347939376184,0.0259449192782526,0.0,0.020725016172700506,0.02225465158701201,0.020719656202725978,0.0259449192782526
2082.png,0.6836283185840708,0.3163716814159292,0.9999999999999999,-0.9999999999999999,1,1,1,0.09359685934750239,0.25,0.004494821841470209,0.0,0.0707614600209664,0.16149334138911964,0.248113909255127,0.3163716814159292,0.3163716814159292,0.2549442646530026,0.16518330495132216,0.07905247211127941,0.0,0.0707614600209664,0.09359685934750239,0.08995001073389153,0.07905247211127941
2108.png,0.7835622106705976,0.21643778932940239,0.9999999999999999,-0.9999999999999999,1,1,1,0.06979582778517535,0.75,0.003342353481464533,0.0,0.04859130024755398,0.1000438148094056,0.15930980152982133,0.21643778932940239,0.21643778932940239,0.17089384332174273,0.1257576960745388,0.06979582778517535,0.0,0.04859130024755398,0.05367592168950319,0.06335959233549127,0.06979582778517535
2110.png,0.842099492942305,0.15790050705769498,0.9999999999999999,-0.9999999999999999,1,1,1,0.058884016331468336,0.0,0.008784501872787065,0.0,0.058884016331468336,0.09757169219953721,0.12431756141947226,0.15790050705769498,0.15790050705769498,0.10832676648279482,0.06979358266911917,0.040848330968561,0.0,0.058884016331468336,0.039637218676520036,0.02995215058027334,0.040848330968561
2118.png,0.8728281500949043,0.12717184990509567,0.9999999999999999,-0.9999999999999999,1,1,1,0.047488622956345816,0.0,0.009298233962416946,0.0,0.047488622956345816,0.0836486961556755,0.10611162555770692,0.12717184990509567,0.12717184990509567,0.09220232893693991,0.05932135728542909,0.02706104468219006,0.0,0.047488622956345816,0.03899558654601887,0.03863265758057699,0.02706104468219006
2127.png,0.8157156791026579,0.18428432089734215,0.9999999999999999,-0.9999999999999999,1,1,1,0.06675160089851473,0.25,0.014697161048055695,0.0,0.06428635830853846,0.12979406763650103,0.1558318606412522,0.18428432089734215,0.18428432089734215,0.1371571072319202,0.0922961651113684,0.06213300559879831,0.0,0.06428635830853846,0.06675160089851473,0.03547907371999148,0.06213300559879831
2136.png,0.8804279343273994,0.11957206567260059,0.9999999999999999,-0.9999999999999999,1,1,1,0.03784021392725012,0.0,0.004626683257586894,0.0,0.03784021392725012,0.07045933521487813,0.09419196565470711,0.11957206567260059,0.11957206567260059,0.08558322738264401,0.055494035334977654,0.031056678438149632,0.0,0.03784021392725012,0.033375612425078915,0.02755915348674509,0.031056678438149632
2137.png,0.6143529540043978,0.3856470459956022,0.9999999999999999,-0.9999999999999999,1,1,1,0.17427536231884055,0.25,0.02673921795408924,0.0,0.08932998925116442,0.2551032233498336,0.3535699016673792,0.3856470459956022,0.3856470459956022,0.3109344894026975,0.15198259665776725,0.05618350145087747,0.0,0.08932998925116442,0.17427536231884055,0.10767305887731282,0.05618350145087747
2148.png,0.9384122463510146,0.06158775364898539,0.9999999999999999,-0.9999999999999999,1,1,1,0.03014416775884665,0.0,0.007001040702727101,0.0,0.03014416775884665,0.046139019395253555,0.05110364683301338,0.06158775364898539,0.06158775364898539,0.04096969696969699,0.03285118901691586,0.018918589039423894,0.0,0.03014416775884665,0.0160019694731659,0.014007685632825062,0.018918589039423894
2170.png,0.8575054805584401,0.14249451944155989,0.9999999999999999,-0.9999999999999999,1,1,1,0.0869463869463869,0.0,0.025208925176045782,0.0,0.0869463869463869,0.12113617376775276,0.13170384432842908,0.14249451944155989,0.14249451944155989,0.07309683120818078,0.050000000000000044,0.03179302355515512,0.0,0.0869463869463869,0.03524171361194817,0.02018446731720358,0.03179302355515512
2176.png,0.7929827556769677,0.20701724432303226,0.9999999999999999,-0.9999999999999999,1,1,1,0.05905648881538861,0.25,0.0034495985163571106,0.0,0.05334202392716725,0.11058954061493165,0.16384229452423504,0.20701724432303226,0.20701724432303226,0.15986505604527157,0.10331263397493973,0.05177914110429449,0.0,0.05334202392716725,0.05905648881538861,0.056606298510125774,0.05177914110429449
2178.png,0.794413977808953,0.20558602219104705,0.9999999999999999,-0.9999999999999999,1,1,1,0.06912555709236212,0.25,0.012288319022779737,0.0,0.05707589212029185,0.12497627032841863,0.18776846595175878,0.20558602219104705,0.20558602219104705,0.15114730746601435,0.09462595965006249,0.05704003853673745,0.0,0.05707589212029185,0.06912555709236212,0.06588241915965443,0.05704003853673745
2182.png,0.8386733819117017,0.1613266180882983,0.9999999999999999,-0.9999999999999999,1,1,1,0.09285766009317142,0.75,0.013260113169023414,0.0,0.05000792100121454,0.10465585004534916,0.1536267219310008,0.1613266180882983,0.1613266180882983,0.12092561638111154,0.10158081085124415,0.09285766009317142,0.0,0.05000792100121454,0.05844730886549243,0.05341036238668284,0.09285766009317142
2188.png,0.7622578330542932,0.23774216694570682,0.9999999999999999,-0.9999999999999999,1,1,1,0.08070380297762803,0.0,0.011266282561656593,0.0,0.08070380297762803,0.1410631127022529,0.19117774754696226,0.23774216694570682,0.23774216694570682,0.18282031991102676,0.12405955976050409,0.07321695397062578,0.0,0.08070380297762803,0.07231609204142775,0.06113735312410695,0.07321695397062578
2208.png,0.7986180529980182,0.20138194700198175,0.9999999999999999,-0.9999999999999999,1,1,1,0.0810663340868345,0.75,0.017074597505933542,0.0,0.028114411306816467,0.06472572785205544,0.12385979381443302,0.20138194700198175,0.20138194700198175,0.1800601327189596,0.14670565658411772,0.0810663340868345,0.0,0.028114411306816467,0.037651078909067937,0.06685642757934807,0.0810663340868345
2211.png,0.7671379829253393,0.2328620170746607,0.9999999999999999,-0.9999999999999999,1,1,1,0.0834171759794573,0.5,0.0037649561821566646,0.0,0.053534414981059264,0.1079050708553867,0.18026426674722928,0.2328620170746607,0.2328620170746607,0.19921422602729688,0.14517290557618723,0.06342826723449557,0.0,0.053534414981059264,0.06435826098615627,0.0834171759794573,0.06342826723449557
2213.png,0.7290947225694371,0.2709052774305629,0.9999999999999999,-0.9999999999999999,1,1,1,0.0878910871266585,0.75,0.013259792633103552,0.0,0.044223251171431,0.10824435769499241,0.1875913441139032,0.2709052774305629,0.2709052774305629,0.23277352432699427,0.1688215304089684,0.0878910871266585,0.0,0.044223251171431,0.06653688729160423,0.08217909226030196,0.0878910871266585
2214.png,0.824616285238644,0.17538371476135595,0.9999999999999999,-0.9999999999999999,1,1,1,0.0767984386220103,0.75,0.004863200779364729,0.0,0.05152576288144073,0.10042823594419115,0.12763799492880823,0.17538371476135595,0.17538371476135595,0.1567451335445903,0.11144208213873474,0.0767984386220103,0.0,0.05152576288144073,0.06388446946518178,0.03932751733868567,0.0767984386220103
2221.png,0.8717103908405749,0.1282896091594251,0.9999999999999999,-0.9999999999999999,1,1,1,0.044407607747338984,0.75,0.00784741938107919,0.0,0.02097264437689972,0.0472459270752521,0.08497874538158989,0.1282896091594251,0.1282896091594251,0.11136958418144804,0.083244805167212,0.044407607747338984,0.0,0.02097264437689972,0.02995463788518693,0.03852925521025263,0.044407607747338984
2226.png,0.6226230150950794,0.37737698490492055,0.9999999999999999,-0.9999999999999999,1,1,1,0.12622826908541196,0.75,0.00819384907902499,0.0,0.0844286376990877,0.1686639759908931,0.27200361827227504,0.37737698490492055,0.37737698490492055,0.3054994265741904,0.22911960483117977,0.12622826908541196,0.0,0.0844286376990877,0.08758412835097107,0.11184551935105014,0.12622826908541196
2227.png,0.7530544903237314,0.2469455096762686,0.9999999999999999,-0.9999999999999999,1,1,1,0.10344283006948829,0.0,0.02640923685918962,0.0,0.10344283006948829,0.1773527677142135,0.22166885102664924,0.2469455096762686,0.2469455096762686,0.15258002625467026,0.07817303469477388,0.02763703362505754,0.0,0.10344283006948829,0.0764276920162894,0.051820128479657335,0.02763703362505754
2237.png,0.8719002201027146,0.12809977989728538,0.9999999999999999,-0.9999999999999999,1,1,1,0.045559635522915864,0.0,0.010600033643263585,0.0,0.045559635522915864,0.08312200619892929,0.11646819634040084,0.12809977989728538,0.12809977989728538,0.0830246913580247,0.045461847389558274,0.015133876600698537,0.0,0.045559635522915864,0.03770516043176109,0.03367217280813217,0.015133876600698537
2241.png,0.8652964034241972,0.13470359657580278,0.9999999999999999,-0.9999999999999999,1,1,1,0.0667332032844894,0.5,0.008220311021858318,0.0,0.023304084035737804,0.049980285252008816,0.11438592439703821,0.13470359657580278,0.13470359657580278,0.11885457222068618,0.08944869831546709,0.036242094570239525,0.0,0.023304084035737804,0.032143824344311844,0.0667332032844894,0.036242094570239525
2244.png,0.6639822037000535,0.33601779629994655,0.9999999999999999,-0.9999999999999999,1,1,1,0.11400699249407109,0.0,0.010747072898489002,0.0,0.11400699249407109,0.17400600722903836,0.23427763523066447,0.33601779629994655,0.33601779629994655,0.23283941236068895,0.1783509626614168,0.11389687294386541,0.0,0.11400699249407109,0.06343864015612188,0.07301684532924957,0.11389687294386541
2245.png,0.6249787306448868,0.37502126935511315,0.9999999999999999,-0.9999999999999999,1,1,1,0.11848673263858478,0.5,0.00307263481092348,0.0,0.0920526014865638,0.1813963526491853,0.2888121281903665,0.37502126935511315,0.37502126935511315,0.2946275247362826,0.21386557917026117,0.10053214439810154,0.0,0.0920526014865638,0.08991993430507084,0.11848673263858478,0.10053214439810154
2246.png,0.8809829451677975,0.11901705483220248,0.9999999999999999,-0.9999999999999999,1,1,1,0.046667877247140055,0.75,0.005248306305833084,0.0,0.03452380952380951,0.07185744722060816,0.09838585703305147,0.11901705483220248,0.11901705483220248,0.10612015721504775,0.06695938529088918,0.046667877247140055,0.0,0.03452380952380951,0.041361567385711506,0.027027027027026973,0.046667877247140055
2248.png,0.7959104438980199,0.2040895561019801,0.9999999999999999,-0.9999999999999999,1,1,1,0.06882591093117407,0.75,0.0023934107158883667,0.0,0.05194333454413369,0.10026418417410998,0.14380165289256197,0.2040895561019801,0.2040895561019801,0.16689466484268123,0.12257142857142855,0.06882591093117407,0.0,0.05194333454413369,0.05151354221986193,0.05351639114597928,0.06882591093117407
2259.png,0.7899518973810796,0.21004810261892037,0.9999999999999999,-0.9999999999999999,1,1,1,0.06910356832027853,0.25,0.011285180827618058,0.0,0.06345733041575496,0.12916792840079405,0.17887279924992183,0.21004810261892037,0.21004810261892037,0.15708362128541808,0.09442436576721991,0.06132366273798728,0.0,0.06345733041575496,0.06910356832027853,0.05402046783625736,0.06132366273798728
2272.png,0.8748763600395648,0.12512363996043518,0.9999999999999999,-0.9999999999999999,1,1,1,0.035720045154007396,0.5,0.0006447393607871277,0.0,0.030702144700542888,0.06023468057366366,0.09416052207814218,0.12512363996043518,0.12512363996043518,0.09633432261169483,0.06525323910482916,0.031545014966612994,0.0,0.030702144700542888,0.03125,0.035720045154007396,0.031545014966612994
2277.png,0.880551888600264,0.11944811139973599,0.9999999999999999,-0.9999999999999999,1,1,1,0.051478061066678404,0.0,0.013727551177151465,0.0,0.051478061066678404,0.09471675827919868,0.10161510363948423,0.11944811139973599,0.11944811139973599,0.07563764291996478,0.06934273573817917,0.03661527680448495,0.0,0.051478061066678404,0.04419370004701462,0.033236588334425665,0.03661527680448495
2278.png,0.7545172290935003,0.24548277090649973,0.9999999999999999,-0.9999999999999999,1,1,1,0.0788404523992533,0.5,0.0043124335949485506,0.0,0.05239553236448313,0.11204005696173458,0.18599775730096046,0.24548277090649973,0.24548277090649973,0.2050079914757592,0.14789625360230552,0.07258264976385786,0.0,0.05239553236448313,0.06950028719126944,0.0788404523992533,0.07258264976385786
2293.png,0.9358660130718954,0.06413398692810457,0.9999999999999999,-0.9999999999999999,1,1,1,0.020054313766450838,0.0,0.0024069339004359146,0.0,0.020054313766450838,0.03685554918417344,0.05132578694371215,0.06413398692810457,0.06413398692810457,0.04716013942997743,0.03494857493731773,0.01689754909423047,0.0,0.020054313766450838,0.017323494007431828,0.0181290790427846,0.01689754909423047
2326.png,0.9432628841922794,0.05673711580772056,0.9999999999999999,-0.9999999999999999,1,1,1,0.0325955734406439,0.0,0.005244948149635831,0.0,0.0325955734406439,0.03569754202665598,0.043037298992460116,0.05673711580772056,0.05673711580772056,0.044167298284296885,0.032888399614696584,0.016038382453735456,0.0,0.0325955734406439,0.01405330564209073,0.01735298168296373,0.016038382453735456
2344.png,0.8011303622718429,0.19886963772815713,0.9999999999999999,-0.9999999999999999,1,1,1,0.07148148148148148,0.0,0.012367439038800554,0.0,0.07148148148148148,0.1258559830568302,0.16280418724792678,0.19886963772815713,0.19886963772815713,0.13721004896059075,0.0896254458977408,0.04546800135954476,0.0,0.07148148148148148,0.05596695284689046,0.04578817147530456,0.04546800135954476
2353.png,0.8068780123117056,0.19312198768829436,0.9999999999999999,-0.9999999999999999,1,1,1,0.08989842685494864,0.0,0.01689422794484201,0.0,0.08989842685494864,0.12992548623389744,0.15433020816780552,0.19312198768829436,0.19312198768829436,0.14084821812305526,0.11180593370689806,0.05476422188799435,0.0,0.08989842685494864,0.04764178290079457,0.059692588433464366,0.05476422188799435
2364.png,0.43845129926500376,0.5615487007349962,0.9999999999999999,-0.9999999999999999,1,1,1,0.2740607551812245,0.0,0.07421320727406497,0.0,0.2740607551812245,0.42761550716941055,0.5117128251221841,0.5615487007349962,0.5615487007349962,0.34056022894805305,0.1826162349626097,0.0766040497682362,0.0,0.2740607551812245,0.17611985934872343,0.10924197353574727,0.0766040497682362
2384.png,0.8966964976245718,0.10330350237542818,0.9999999999999999,-0.9999999999999999,1,1,1,0.03241491085899517,0.75,0.0018341671887409205,0.0,0.02848639455782309,0.04901749082271645,0.07360157016683022,0.10330350237542818,0.10330350237542818,0.0787605633802817,0.058769618513002664,0.03241491085899517,0.0,0.02848639455782309,0.020471054369359476,0.027234715787094577,0.03241491085899517
2386.png,0.8631021869406179,0.1368978130593821,0.9999999999999999,-0.9999999999999999,1,1,1,0.04705684556612055,0.0,0.008703414937167687,0.0,0.04705684556612055,0.08259970910204395,0.11920723960674706,0.1368978130593821,0.1368978130593821,0.10430771074231626,0.07742755256793865,0.03662089927680534,0.0,0.04705684556612055,0.04058591372302622,0.0466835526451268,0.03662089927680534
2388.png,0.7982298490733762,0.20177015092662376,0.9999999999999999,-0.9999999999999999,1,1,1,0.07007739432697668,0.25,0.0055027250992898845,0.0,0.04318771549425937,0.10656907254702119,0.16590241937031136,0.20177015092662376,0.20177015092662376,0.17032074298437405,0.10472745625841184,0.05233219567690561,0.0,0.04318771549425937,0.07007739432697668,0.06226265492634475,0.05233219567690561
2389.png,0.7872302590977082,0.21276974090229184,0.9999999999999999,-0.9999999999999999,1,1,1,0.06031840431858726,0.75,0.0021229771437886623,0.0,0.05541698704123921,0.10441276828881474,0.153159073935773,0.21276974090229184,0.21276974090229184,0.15935808321855283,0.10822624931356395,0.06031840431858726,0.0,0.05541698704123921,0.05106028698760956,0.04960677555958859,0.06031840431858726
2392.png,0.8162681227640746,0.18373187723592543,0.9999999999999999,-0.9999999999999999,1,1,1,0.060121941807517176,0.25,0.004461795587637341,0.0,0.048535987307082085,0.10352800775714177,0.145842798727851,0.18373187723592543,0.18373187723592543,0.1480023387253947,0.09301855520071145,0.0467228272036162,0.0,0.048535987307082085,0.060121941807517176,0.04806050256160044,0.0467228272036162
2395.png,0.7616269189372911,0.23837308106270894,0.9999999999999999,-0.9999999999999999,1,1,1,0.10338657474409918,0.0,0.02674744429022353,0.0,0.10338657474409918,0.18071679550245956,0.20719347279862232,0.23837308106270894,0.23837308106270894,0.1801953734050339,0.12934928790647948,0.06694401109377712,0.0,0.10338657474409918,0.08171378091872794,0.06292505323899156,0.06694401109377712
2399.png,0.774096301465457,0.22590369853454295,0.9999999999999999,-0.9999999999999999,1,1,1,0.07674522009782125,0.25,0.01219602941466279,0.0,0.06906845084920221,0.14324970459729058,0.18751753942863558,0.22590369853454295,0.22590369853454295,0.16958605927221204,0.11179153094462546,0.06515713188391281,0.0,0.06906845084920221,0.07674522009782125,0.05339408043528138,0.06515713188391281
2400.png,0.8124844918648754,0.18751550813512463,0.9999999999999999,-0.9999999999999999,1,1,1,0.0591674508940192,0.75,0.0032668909446248564,0.0,0.04043067457701599,0.09485157317615289,0.13184419794357494,0.18751550813512463,0.18751550813512463,0.14999632542073937,0.09786009990087652,0.0591674508940192,0.0,0.04043067457701599,0.05585346339138275,0.042353201371226334,0.0591674508940192
2401.png,0.8671038725237799,0.13289612747622015,0.9999999999999999,-0.9999999999999999,1,1,1,0.047795294215864925,0.0,0.010630432586498251,0.0,0.047795294215864925,0.09078685677469955,0.113914203156257,0.13289612747622015,0.13289612747622015,0.10621148119936297,0.07134692056765268,0.039740044247787654,0.0,0.047795294215864925,0.04654661108007052,0.03961897133703296,0.039740044247787654
2406.png,0.7294152197055909,0.27058478029440913,0.9999999999999999,-0.9999999999999999,1,1,1,0.08611077688204383,0.5,0.004286695140703234,0.0,0.06599280078536884,0.13930404165262011,0.21870701513067403,0.27058478029440913,0.27058478029440913,0.22329155475977325,0.15652642104453507,0.07901244259528206,0.0,0.06599280078536884,0.08010965580261953,0.08611077688204383,0.07901244259528206
2423.png,0.741958639548795,0.25804136045120496,0.9999999999999999,-0.9999999999999999,1,1,1,0.12165519199375396,0.0,0.02967659696031998,0.0,0.12165519199375396,0.19199882118912548,0.2217910122955279,0.25804136045120496,0.25804136045120496,0.15908010676026474,0.10513317375280218,0.06760394854920726,0.0,0.12165519199375396,0.07645986847317965,0.04842703470671805,0.06760394854920726
2424.png,0.7727789934354485,0.22722100656455146,0.9999999999999999,-0.9999999999999999,1,1,1,0.06785115351493454,0.25,0.006823569183831357,0.0,0.06599146696439251,0.13226486714466468,0.1766930216569268,0.22722100656455146,0.22722100656455146,0.17011743621185682,0.10739134818997675,0.05671272427304597,0.0,0.06599146696439251,0.06785115351493454,0.05084913112164302,0.05671272427304597
2430.png,0.6074299826598707,0.3925700173401293,0.9999999999999999,-0.9999999999999999,1,1,1,0.13947736315732873,0.0,0.02378397226621091,0.0,0.13947736315732873,0.2466329768480432,0.32166454733587657,0.3925700173401293,0.3925700173401293,0.26771977587134765,0.1632114041752596,0.08344906948136976,0.0,0.13947736315732873,0.11310711909514304,0.08314243363428109,0.08344906948136976
2442.png,0.8155387973804327,0.18446120261956733,0.9999999999999999,-0.9999999999999999,1,1,1,0.060479013059611564,0.0,0.009952405190631609,0.0,0.060479013059611564,0.11652086978255438,0.1494539470403431,0.18446120261956733,0.18446120261956733,0.13438837053456365,0.0882967887203131,0.04122774183198763,0.0,0.060479013059611564,0.05590191188694926,0.04830188679245284,0.04122774183198763
2459.png,0.8449674158624022,0.1550325841375978,0.9999999999999999,-0.9999999999999999,1,1,1,0.058810940948304635,0.5,0.006825171326241541,0.0,0.05362171084571321,0.08969046430354466,0.10918631851805016,0.1550325841375978,0.1550325841375978,0.14740415710585997,0.11168011515411547,0.05658840709952817,0.0,0.05362171084571321,0.05551285992417254,0.058810940948304635,0.05658840709952817
2472.png,0.8670904362900895,0.13290956370991047,0.9999999999999999,-0.9999999999999999,1,1,1,0.04765817584223497,0.0,0.009269946627675307,0.0,0.04765817584223497,0.08729595457771466,0.11075994828329261,0.13290956370991047,0.13290956370991047,0.09491937937328876,0.05398132024695268,0.026792876624418427,0.0,0.04765817584223497,0.04225772734060029,0.02737570799244804,0.026792876624418427
2474.png,0.8508165829145728,0.14918341708542715,0.9999999999999999,-0.9999999999999999,1,1,1,0.04687994931897366,0.25,0.002133722007528549,0.0,0.029209621993127155,0.07426761678543148,0.10962927681193935,0.14918341708542715,0.14918341708542715,0.12360609392178423,0.07818471337579613,0.043027061547058376,0.0,0.029209621993127155,0.04687994931897366,0.035665405361887115,0.043027061547058376
2486.png,0.8079867128827267,0.19201328711727328,0.9999999999999999,-0.9999999999999999,1,1,1,0.07753452787069848,0.75,0.009875642908954218,0.0,0.04546611247773347,0.07477062315771998,0.11840498049568537,0.19201328711727328,0.19201328711727328,0.14954916877993796,0.12487457181412409,0.07753452787069848,0.0,0.04546611247773347,0.03094863414437321,0.04860066205236235,0.07753452787069848
2489.png,0.6757665242523248,0.32423347574767525,0.9999999999999999,-0.9999999999999999,1,1,1,0.11803951343230534,0.25,0.021294618890926743,0.0,0.09865141417851708,0.2125322904189456,0.2816396034786839,0.32423347574767525,0.32423347574767525,0.23801400291431207,0.1257220454407264,0.051508140905321076,0.0,0.09865141417851708,0.11803951343230534,0.07687523082006731,0.051508140905321076
2503.png,0.9579339076972859,0.042066092302714075,0.9999999999999999,-0.9999999999999999,1,1,1,0.019708932957151815,0.0,0.00350614001649876,0.0,0.019708932957151815,0.02576528551813262,0.03515562006128048,0.042066092302714075,0.042066092302714075,0.036616812790097986,0.024255109578921408,0.013725008194034771,0.0,0.019708932957151815,0.014808559718246017,0.01382582729987325,0.013725008194034771
2504.png,0.7906209094530761,0.20937909054692394,0.9999999999999999,-0.9999999999999999,1,1,1,0.08055567690358656,0.75,0.017506680413300925,0.0,0.024995155977523775,0.07007790188755769,0.13146217588879983,0.20937909054692394,0.20937909054692394,0.18847264481869808,0.1426992056342642,0.08055567690358656,0.0,0.024995155977523775,0.04786180528047124,0.06281820617846345,0.08055567690358656
2511.png,0.8481400060347428,0.15185999396525718,0.9999999999999999,-0.9999999999999999,1,1,1,0.047107025082442244,0.0,0.007199910693005141,0.0,0.047107025082442244,0.09181727740009948,0.12486524193036974,0.15185999396525718,0.15185999396525718,0.10887855765959864,0.0653777063439539,0.030144801411753352,0.0,0.047107025082442244,0.04555446729785617,0.035425874077330666,0.030144801411753352
2520.png,0.841240257539817,0.15875974246018298,0.9999999999999999,-0.9999999999999999,1,1,1,0.06353446773912541,0.5,0.004155921859532019,0.0,0.052569695844549624,0.07789051582720696,0.12548030051040893,0.15875974246018298,0.15875974246018298,0.1325013817377898,0.0982387923147301,0.04202317773204811,0.0,0.052569695844549624,0.035849825926042134,0.06353446773912541,0.04202317773204811
2522.png,0.7959365198258509,0.2040634801741491,0.9999999999999999,-0.9999999999999999,1,1,1,0.0635360413242545,0.5,0.004240358602879068,0.0,0.04360571637962629,0.09040436753955772,0.1508833433276443,0.2040634801741491,0.2040634801741491,0.16584100023590465,0.12036992896982412,0.06121091151031266,0.0,0.04360571637962629,0.04746363297277134,0.0635360413242545,0.06121091151031266
2523.png,0.8192188468691879,0.1807811531308121,0.9999999999999999,-0.9999999999999999,1,1,1,0.06969658499428721,0.5,0.003379205482763781,0.0,0.04376648853412701,0.08440000000000003,0.14506251594794595,0.1807811531308121,0.1807811531308121,0.15102245012819715,0.10735439289239879,0.049632788438758624,0.0,0.04376648853412701,0.045959222125025234,0.06969658499428721,0.049632788438758624
2532.png,0.8255000998772936,0.17449990012270644,0.9999999999999999,-0.9999999999999999,1,1,1,0.06952491309385866,0.0,0.01711739508123372,0.0,0.06952491309385866,0.11826417380290222,0.1595477386934674,0.17449990012270644,0.17449990012270644,0.11452643273770946,0.07304540132691562,0.033984043456119495,0.0,0.06952491309385866,0.04914333224455858,0.045266686192196315,0.033984043456119495
2533.png,0.7931626782289669,0.2068373217710331,0.9999999999999999,-0.9999999999999999,1,1,1,0.07770961145194277,0.0,0.011754027149210877,0.0,0.07770961145194277,0.12591642546406223,0.16540008148659902,0.2068373217710331,0.2068373217710331,0.14895357779850438,0.09570599342611374,0.0768543342269884,0.0,0.07770961145194277,0.07502761492055399,0.042509593532282675,0.0768543342269884
2537.png,0.7326918304888472,0.26730816951115277,0.9999999999999999,-0.9999999999999999,1,1,1,0.09069232262178728,0.5,0.004664149818423091,0.0,0.06127803910274876,0.12902422317703466,0.21362301137189887,0.26730816951115277,0.26730816951115277,0.21469017958259184,0.1517403103838959,0.0631060719081008,0.0,0.06127803910274876,0.06822529224229545,0.09069232262178728,0.0631060719081008
2542.png,0.844600029792939,0.15539997020706098,0.9999999999999999,-0.9999999999999999,1,1,1,0.0506277723479438,0.0,0.005414573130965961,0.0,0.0506277723479438,0.08862782947022363,0.12091721914725384,0.15539997020706098,0.15539997020706098,0.1099023255124576,0.07820141211445564,0.04304040282939692,0.0,0.0506277723479438,0.03912978244561138,0.03958488218604439,0.04304040282939692
2545.png,0.8816256684491979,0.11837433155080213,0.9999999999999999,-0.9999999999999999,1,1,1,0.04618554853738299,0.25,0.007904401814480377,0.0,0.03563381457064174,0.07933747772029731,0.10211221410766602,0.11837433155080213,0.11837433155080213,0.09892046706322977,0.07979017117614573,0.04260048157066121,0.0,0.03563381457064174,0.04618554853738299,0.041745194119864326,0.04260048157066121
2555.png,0.8573758339510749,0.14262416604892514,0.9999999999999999,-0.9999999999999999,1,1,1,0.05212195838638811,0.75,0.004656283513680326,0.0,0.051786482310400284,0.07401120083768309,0.10251626557968174,0.14262416604892514,0.14262416604892514,0.09311798350813949,0.08155501817204758,0.05212195838638811,0.0,0.051786482310400284,0.02895215021199271,0.03764467247345182,0.05212195838638811
2556.png,0.9085929892891919,0.09140701071080815,0.9999999999999999,-0.9999999999999999,1,1,1,0.031129358416569608,0.5,0.0013517816572953256,0.0,0.028009640253938373,0.044199301883735664,0.06845844079453423,0.09140701071080815,0.09140701071080815,0.07096157404551906,0.057696171620222225,0.02983821129193276,0.0,0.028009640253938373,0.01860610853314637,0.031129358416569608,0.02983821129193276
2557.png,0.8964308342133052,0.10356916578669484,0.9999999999999999,-0.9999999999999999,1,1,1,0.044437829126333206,0.25,0.00419639327526633,0.0,0.021070874760558245,0.0607449856733524,0.08487702125023233,0.10356916578669484,0.10356916578669484,0.0877888068476752,0.05615837346174424,0.035171102661596954,0.0,0.021070874760558245,0.044437829126333206,0.027637139629273166,0.035171102661596954
2565.png,0.7796868387642827,0.22031316123571731,0.9999999999999999,-0.9999999999999999,1,1,1,0.08158280410356622,0.25,0.010125879511586677,0.0,0.052591521424765975,0.1330726196295693,0.1904614605888474,0.22031316123571731,0.22031316123571731,0.18239482975285737,0.121160022058585,0.08151254819725362,0.0,0.052591521424765975,0.08158280410356622,0.06505510131532177,0.08151254819725362
2575.png,0.9112445237708908,0.08875547622910918,0.9999999999999999,-0.9999999999999999,1,1,1,0.0453644689625623,0.0,0.01361169889772056,0.0,0.0453644689625623,0.07179178741319914,0.08403545245650512,0.08875547622910918,0.08875547622910918,0.05097994788716442,0.03253821213524777,0.018365100515613242,0.0,0.0453644689625623,0.027730033230205064,0.018228708750952505,0.018365100515613242
2577.png,0.8433162981083634,0.1566837018916366,0.9999999999999999,-0.9999999999999999,1,1,1,0.048734192816821564,0.5,0.0032497684607912915,0.0,0.041411234830476706,0.08662758655243252,0.12323557375850214,0.1566837018916366,0.1566837018916366,0.12636368083753236,0.08847802130525284,0.03977489507821441,0.0,0.041411234830476706,0.04669349328069239,0.048734192816821564,0.03977489507821441
2581.png,0.8322584360244155,0.16774156397558448,0.9999999999999999,-0.9999999999999999,1,1,1,0.06606334841628958,0.75,0.012482393104015211,0.0,0.025268835103372522,0.05948256322248491,0.10444898211744325,0.16774156397558448,0.16774156397558448,0.14382882244579853,0.11040380836400876,0.06606334841628958,0.0,0.025268835103372522,0.0349281079017687,0.04611369769579787,0.06606334841628958
2582.png,0.8498876639322849,0.15011233606771512,0.9999999999999999,-0.9999999999999999,1,1,1,0.045004757373929616,0.0,0.0031997082874393513,0.0,0.045004757373929616,0.07930424528301883,0.116858042881821,0.15011233606771512,0.15011233606771512,0.1059198592865388,0.07275320970042798,0.03494512014239093,0.0,0.045004757373929616,0.03483458724105948,0.03885322116448975,0.03494512014239093
2589.png,0.8202866593164277,0.17971334068357225,0.9999999999999999,-0.9999999999999999,1,1,1,0.06804281345565755,0.25,0.005992044778927364,0.0,0.040667361835245,0.1086556169429097,0.14168530947054436,0.17971334068357225,0.17971334068357225,0.14492753623188404,0.09593495934959351,0.05892047795632471,0.0,0.040667361835245,0.06804281345565755,0.040892193308550207,0.05892047795632471
2590.png,0.6554578375581996,0.34454216244180036,0.9999999999999999,-0.9999999999999999,1,1,1,0.11606247313368678,0.75,0.0035404817604975047,0.0,0.07716857088147056,0.17926479418240038,0.26014834794335806,0.34454216244180036,0.34454216244180036,0.28164920581277464,0.19557979740738118,0.11606247313368678,0.0,0.07716857088147056,0.10460893854748599,0.08833345694578354,0.11606247313368678
2591.png,0.6684350132625995,0.33156498673740054,0.9999999999999999,-0.9999999999999999,1,1,1,0.11819469742967015,0.25,0.0277754354144511,0.0,0.10544189513791102,0.2212453548445572,0.30953740719588807,0.33156498673740054,0.33156498673740054,0.23976608187134507,0.14237895995218175,0.047205919877519764,0.0,0.10544189513791102,0.11819469742967015,0.10258568851473238,0.047205919877519764
2592.png,0.6723642827840831,0.3276357172159169,0.9999999999999999,-0.9999999999999999,1,1,1,0.15891583452211122,0.25,0.029612258854738848,0.0,0.08888016598441095,0.24434476129445692,0.3062899428187017,0.3276357172159169,0.3276357172159169,0.24683689901081207,0.09460834181078337,0.026109401369998952,0.0,0.08888016598441095,0.15891583452211122,0.06876583423814697,0.026109401369998952
2593.png,0.8211904173870092,0.17880958261299085,0.9999999999999999,-0.9999999999999999,1,1,1,0.05253860445283709,0.25,0.004469806989659164,0.0,0.04943683071630689,0.10103921054929699,0.14008736760217821,0.17880958261299085,0.17880958261299085,0.13144597045866802,0.08269645978272044,0.0407108467856131,0.0,0.04943683071630689,0.05253860445283709,0.04247078685160055,0.0407108467856131
2594.png,0.7942450142450143,0.20575498575498574,0.9999999999999999,-0.9999999999999999,1,1,1,0.06407979945686237,0.0,0.009244728051321338,0.0,0.06407979945686237,0.12174766813942073,0.1690286512928022,0.20575498575498574,0.20575498575498574,0.14792758456407817,0.09782812793390494,0.041947010913305216,0.0,0.06407979945686237,0.060142247510668545,0.05691256244445131,0.041947010913305216
2602.png,0.8099612365223623,0.1900387634776377,0.9999999999999999,-0.9999999999999999,1,1,1,0.0769158688760132,0.75,0.004705920902372096,0.0,0.03959356604551756,0.08883684045515738,0.13309813420392114,0.1900387634776377,0.1900387634776377,0.17738410596026488,0.1371877090778545,0.0769158688760132,0.0,0.03959356604551756,0.06100516674495071,0.06370479808639373,0.0769158688760132
2605.png,0.7814022551157719,0.21859774488422812,0.9999999999999999,-0.9999999999999999,1,1,1,0.09429429429429426,0.5,0.00859415154268659,0.0,0.033652222847495805,0.09121918720852762,0.16784216776945637,0.21859774488422812,0.21859774488422812,0.20561787336608883,0.15387853676910468,0.06587267481122228,0.0,0.033652222847495805,0.06709962471054798,0.09429429429429426,0.06587267481122228
2608.png,0.8648417755312712,0.13515822446872883,0.9999999999999999,-0.9999999999999999,1,1,1,0.06479659379584246,0.75,0.00522349533578772,0.0,0.043185169580787885,0.06357145320961677,0.08865446416096134,0.13515822446872883,0.13515822446872883,0.10203934827176919,0.09239898276349257,0.06479659379584246,0.0,0.043185169580787885,0.03132295041984601,0.03199639477242,0.06479659379584246
2609.png,0.5098007582479632,0.4901992417520368,0.9999999999999999,-0.9999999999999999,1,1,1,0.17012078830260646,0.75,0.004772378461172117,0.0,0.13257993384785005,0.24505217704210147,0.3538651062519248,0.4901992417520368,0.4901992417520368,0.3881464703661759,0.2834008097165992,0.17012078830260646,0.0,0.13257993384785005,0.11769188894937399,0.12030848329048838,0.17012078830260646
2623.png,0.8396381416156937,0.16036185838430628,0.9999999999999999,-0.9999999999999999,1,1,1,0.06322411115977222,0.0,0.0072050887072253825,0.0,0.06322411115977222,0.08946637571910332,0.11666504334274863,0.16036185838430628,0.16036185838430628,0.10489650880327639,0.07443935423210035,0.051893463230672565,0.0,0.06322411115977222,0.03496700466763236,0.04627497293573468,0.051893463230672565
2656.png,0.7585199610516066,0.24148003894839343,0.9999999999999999,-0.9999999999999999,1,1,1,0.07149621212121215,0.75,0.003343368350084519,0.0,0.056440013886822404,0.11410678805865049,0.17495641472669465,0.24148003894839343,0.24148003894839343,0.19365495244062192,0.12871573706909023,0.07149621212121215,0.0,0.056440013886822404,0.0642429359153629,0.06618189770645966,0.07149621212121215
2660.png,0.8086657038106877,0.1913342961893123,0.9999999999999999,-0.9999999999999999,1,1,1,0.06773239696913691,0.25,0.009743508619579733,0.0,0.056680353013355944,0.12256973795435333,0.15646889641415784,0.1913342961893123,0.1913342961893123,0.1401815993873755,0.08125884787106608,0.04584311276673625,0.0,0.056680353013355944,0.06773239696913691,0.03938760675994912,0.04584311276673625
2680.png,0.8694925173480478,0.13050748265195222,0.9999999999999999,-0.9999999999999999,1,1,1,0.07814010723389297,0.0,0.020526749134389066,0.0,0.07814010723389297,0.10546155869203122,0.11479330372394947,0.13050748265195222,0.13050748265195222,0.07360799862092737,0.047627235213205,0.02120170954495937,0.0,0.07814010723389297,0.031136857349746583,0.02715528605325601,0.02120170954495937
2685.png,0.9345188284518828,0.06548117154811717,0.9999999999999999,-0.9999999999999999,1,1,1,0.028115910804696775,0.25,0.0025404811552796726,0.0,0.011779422495569736,0.038985939497230504,0.05097706032285476,0.06548117154811717,0.06548117154811717,0.056372289793759967,0.041081081081081106,0.024574261694330635,0.0,0.011779422495569736,0.028115910804696775,0.01669229079727652,0.024574261694330635
2701.png,0.890643861715898,0.10935613828410196,0.9999999999999999,-0.9999999999999999,1,1,1,0.03579388625662372,0.0,0.002463320053564777,0.0,0.03579388625662372,0.057514681146162205,0.0830422402911909,0.10935613828410196,0.10935613828410196,0.08537021581018245,0.060294095737548625,0.03243876054000383,0.0,0.03579388625662372,0.02745299714125815,0.02830160305573104,0.03243876054000383
2703.png,0.8414337788578372,0.1585662211421628,0.9999999999999999,-0.9999999999999999,1,1,1,0.0690960056061668,0.75,0.01176625933788169,0.0,0.03282122905027929,0.05573546957559228,0.09046133639796416,0.1585662211421628,0.1585662211421628,0.12640283520378026,0.10374764867602371,0.0690960056061668,0.0,0.03282122905027929,0.022956234516928187,0.034901838578996536,0.0690960056061668
2705.png,0.8547809523809524,0.14521904761904758,0.9999999999999999,-0.9999999999999999,1,1,1,0.064291247095275,0.0,0.014882595150678957,0.0,0.064291247095275,0.100212232297897,0.12773806778879415,0.14521904761904758,0.14521904761904758,0.08941831683168322,0.056144271897036746,0.02402333256581468,0.0,0.064291247095275,0.0385956663140159,0.033083232904404625,0.02402333256581468
2706.png,0.7664679810484487,0.2335320189515513,0.9999999999999999,-0.9999999999999999,1,1,1,0.08288538234784115,0.75,0.005544397165749193,0.0,0.07160839160839161,0.1270334755259923,0.17091988130563796,0.2335320189515513,0.2335320189515513,0.1759753925853974,0.13050063104753895,0.08288538234784115,0.0,0.07160839160839161,0.05733262081074886,0.05171430898281615,0.08288538234784115
2716.png,0.8896440594138387,0.11035594058616127,0.9999999999999999,-0.9999999999999999,1,1,1,0.03857022836630264,0.75,0.005904941962111143,0.0,0.018975007692570656,0.04171955657104176,0.07531463680507378,0.11035594058616127,0.11035594058616127,0.09254616270085303,0.07140178738828828,0.03857022836630264,0.0,0.018975007692570656,0.023285358474165463,0.0341840280583795,0.03857022836630264
2720.png,0.7969142636231044,0.20308573637689564,0.9999999999999999,-0.9999999999999999,1,1,1,0.08756551434467397,0.0,0.01728789128456918,0.0,0.08756551434467397,0.12913276152774722,0.17436978511576817,0.20308573637689564,0.20308573637689564,0.14322009291521487,0.09734287639549077,0.04137761031094833,0.0,0.08756551434467397,0.05634843918803667,0.05922756239554827,0.04137761031094833
2721.png,0.8231815701941184,0.17681842980588158,0.9999999999999999,-0.9999999999999999,1,1,1,0.08765837276751642,0.25,0.013829972647525734,0.0,0.08756760874533409,0.10434312488736708,0.14246677431374988,0.17681842980588158,0.17681842980588158,0.17237015947449708,0.086299606847552,0.04594707230673056,0.0,0.08756760874533409,0.08765837276751642,0.044883303411131115,0.04594707230673056
2723.png,0.5124795525302095,0.4875204474697905,0.9999999999999999,-0.9999999999999999,1,1,1,0.19937532535137947,0.5,0.030518393646111842,0.0,0.15736459709379125,0.2752281084025603,0.45127993393889343,0.4875204474697905,0.4875204474697905,0.35664059932969705,0.2452772231608048,0.04947439483074545,0.0,0.15736459709379125,0.12303908171631595,0.19937532535137947,0.04947439483074545
2740.png,0.8613349865674726,0.13866501343252735,0.9999999999999999,-0.9999999999999999,1,1,1,0.050496461681935334,0.0,0.00962853411424378,0.0,0.050496461681935334,0.09082195063503473,0.11482177840303986,0.13866501343252735,0.13866501343252735,0.09441062814133816,0.05401553130836523,0.028143865317575067,0.0,0.050496461681935334,0.04237993652115091,0.028181511428821415,0.028143865317575067
2752.png,0.6981221547799696,0.30187784522003036,0.9999999999999999,-0.9999999999999999,1,1,1,0.09301890323788131,0.5,0.008306275390159957,0.0,0.08266334503453743,0.1620385494936295,0.2496462502526784,0.30187784522003036,0.30187784522003036,0.2253277494537509,0.1505822159491884,0.06167510583547775,0.0,0.08266334503453743,0.0829263223526967,0.09301890323788131,0.06167510583547775
2754.png,0.8295622019939315,0.1704377980060685,0.9999999999999999,-0.9999999999999999,1,1,1,0.0770794511265458,0.0,0.020774403039438828,0.0,0.0770794511265458,0.12080821801511166,0.16164104306463944,0.1704377980060685,0.1704377980060685,0.10344202898550725,0.05756832833923542,0.03579540292541106,0.0,0.0770794511265458,0.055388160226869876,0.043996089236512326,0.03579540292541106
2766.png,0.7570629571203212,0.24293704287967877,0.9999999999999999,-0.9999999999999999,1,1,1,0.08782533403507575,0.0,0.011729365639227251,0.0,0.08782533403507575,0.14332174304150014,0.19190531543907852,0.24293704287967877,0.24293704287967877,0.17143916769143686,0.10752538045754634,0.05555103038201514,0.0,0.08782533403507575,0.0642956397641492,0.05309890281825114,0.05555103038201514
2768.png,0.7525798647114008,0.24742013528859919,0.9999999999999999,-0.9999999999999999,1,1,1,0.0786194191590811,0.25,0.0033941871596907757,0.0,0.05995884892920278,0.13022582671144967,0.19412409330480618,0.24742013528859919,0.24742013528859919,0.2062651665563644,0.12922094567826437,0.06186121570736958,0.0,0.05995884892920278,0.0786194191590811,0.06896467064398126,0.06186121570736958
2771.png,0.8938307839927753,0.10616921600722473,0.9999999999999999,-0.9999999999999999,1,1,1,0.037555267503595724,0.75,0.0022934074454857623,0.0,0.022676059197304088,0.05265654648956353,0.07245418109654067,0.10616921600722473,0.10616921600722473,0.08520063494407326,0.05939363369422279,0.037555267503595724,0.0,0.022676059197304088,0.029969584842790442,0.02448007738383129,0.037555267503595724
2781.png,0.9038007863695937,0.09619921363040629,0.9999999999999999,-0.9999999999999999,1,1,1,0.03089430894308942,0.0,0.005051486615655987,0.0,0.03089430894308942,0.05729233124920252,0.08136961333159742,0.09619921363040629,0.09619921363040629,0.06596234592983885,0.03944636678200697,0.015419436978356238,0.0,0.03089430894308942,0.02661396574440056,0.024189114898295783,0.015419436978356238
2782.png,0.8693982074263764,0.1306017925736236,0.9999999999999999,-0.9999999999999999,1,1,1,0.06125156630058226,0.25,0.0061318405086525415,0.0,0.030772703333082574,0.0882914646687234,0.10374223378124547,0.1306017925736236,0.1306017925736236,0.10998501177646136,0.050090693456118274,0.030765004807032037,0.0,0.030772703333082574,0.06125156630058226,0.02025782688766109,0.030765004807032037
2784.png,0.8188885021464207,0.18111149785357927,0.9999999999999999,-0.9999999999999999,1,1,1,0.05386468543685752,0.75,0.001746459651620702,0.0,0.04582244330157659,0.08537542873672466,0.1328262141603277,0.18111149785357927,0.18111149785357927,0.1437810945273632,0.10335625963092421,0.05386468543685752,0.0,0.04582244330157659,0.04347826086956519,0.05242748868999825,0.05386468543685752
2787.png,0.8591905822074476,0.1408094177925524,0.9999999999999999,-0.9999999999999999,1,1,1,0.04392002622091118,0.0,0.0051278127997021914,0.0,0.04392002622091118,0.07927979788288719,0.1136533665835412,0.1408094177925524,0.1408094177925524,0.10316949931097841,0.06937211947088051,0.034331628926223545,0.0,0.04392002622091118,0.03902360687329376,0.03916832288640881,0.034331628926223545
2794.png,0.7694362300868072,0.23056376991319283,0.9999999999999999,-0.9999999999999999,1,1,1,0.09966076831392678,0.75,0.015635471775123966,0.0,0.03782080144079247,0.08744647284201035,0.1424010217113666,0.23056376991319283,0.23056376991319283,0.2044252044252044,0.1591718825228695,0.09966076831392678,0.0,0.03782080144079247,0.053721830184384256,0.061733706173370595,0.09966076831392678
2801.png,0.8252140623630146,0.17478593763698536,0.9999999999999999,-0.9999999999999999,1,1,1,0.053924935512920324,0.0,0.007207437876297673,0.0,0.053924935512920324,0.1008769943697263,0.14341416595431977,0.17478593763698536,0.17478593763698536,0.12594692901433457,0.07892238141802366,0.037425170786675066,0.0,0.053924935512920324,0.051742999911297716,0.04339737813562772,0.037425170786675066
2807.png,0.835945938825513,0.16405406117448695,0.9999999999999999,-0.9999999999999999,1,1,1,0.0561349072512648,0.25,0.010578114090638668,0.0,0.0545794528698228,0.1096547151527516,0.13473749419234937,0.16405406117448695,0.16405406117448695,0.11488458477049612,0.07381578558553237,0.04099613413647396,0.0,0.0545794528698228,0.0561349072512648,0.03630220065846479,0.04099613413647396
2810.png,0.7890765950467443,0.21092340495325568,0.9999999999999999,-0.9999999999999999,1,1,1,0.07663130119289763,0.75,0.0027899752231859364,0.0,0.055494282231380976,0.11366416997403839,0.15520857608948968,0.21092340495325568,0.21092340495325568,0.17426317519447787,0.14055953887248696,0.07663130119289763,0.0,0.055494282231380976,0.060083141430152254,0.06793551679625354,0.07663130119289763
2816.png,0.8786856842300671,0.1213143157699329,0.7,-0.7,0,0,0,0.08007285483000537,0.25,0.021823651003988788,0.0,0.04715957061874321,0.12707324943530174,0.11685690862079834,0.1213143157699329,0.1213143157699329,0.1001000677878563,0.12313834403749346,0.053879237359883536,0.0,0.04715957061874321,0.08007285483000537,0.0693666217462231,0.053879237359883536
2825.png,0.8741715101458142,0.12582848985418582,0.9999999999999999,-0.9999999999999999,1,1,1,0.03907191643230212,0.0,0.0031343256497561424,0.0,0.03907191643230212,0.0665593399406349,0.09878310665712242,0.12582848985418582,0.12582848985418582,0.09453501486722038,0.06168147501412358,0.03435672514619881,0.0,0.03907191643230212,0.03556072638980223,0.03682719546742208,0.03435672514619881
2827.png,0.861117518675586,0.13888248132441405,0.9999999999999999,-0.9999999999999999,1,1,1,0.04235921172592749,0.25,0.004447167342955427,0.0,0.03854200888765924,0.07842357376312104,0.11359397605061794,0.13888248132441405,0.13888248132441405,0.10895151711478246,0.07447804175665951,0.03843641114982577,0.0,0.03854200888765924,0.04235921172592749,0.039700215646763515,0.03843641114982577
2835.png,0.5909639656118529,0.40903603438814706,0.9999999999999999,-0.9999999999999999,1,1,1,0.1448706771287417,0.5,0.011570938677067304,0.0,0.08131868131868136,0.16956445381102914,0.3048162230671736,0.40903603438814706,0.40903603438814706,0.35446000936295874,0.2559176093196015,0.11509333998192417,0.0,0.08131868131868136,0.10185264971994834,0.1448706771287417,0.11509333998192417
2846.png,0.5085694892245036,0.4914305107754964,0.9999999999999999,-0.9999999999999999,1,1,1,0.23676528599605517,0.75,0.01711791630160995,0.0,0.09340799185543391,0.2317163260280719,0.326431866771689,0.4914305107754964,0.4914305107754964,0.44204018547140644,0.3368597816960537,0.23676528599605517,0.0,0.09340799185543391,0.14482585818090699,0.11974253689934522,0.23676528599605517
2866.png,0.8301774354543152,0.16982256454568478,0.9999999999999999,-0.9999999999999999,1,1,1,0.05602132374591273,0.25,0.0037208843059550523,0.0,0.03645533851385763,0.09209689725330616,0.1327854273360115,0.16982256454568478,0.16982256454568478,0.13601978469595577,0.0831414322648093,0.040731163376157786,0.0,0.03645533851385763,0.05602132374591273,0.043381050553152,0.040731163376157786
2871.png,0.46882598124348734,0.5311740187565126,0.7,-0.9999999999999999,0,1,0,0.3772416041734594,0.0,0.1300997562908263,0.0,0.3772416041734594,0.563111354566085,0.5069068508493559,0.5311740187565126,0.5311740187565126,0.18632780646914926,0.07751175248715425,0.051451106044734685,0.0,0.3772416041734594,0.23424494649227112,0.12131260004573519,0.051451106044734685
2875.png,0.6171381809679682,0.38286181903203176,0.9999999999999999,-0.9999999999999999,1,1,1,0.1329620382818001,0.5,0.007641571459990598,0.0,0.09200656352555092,0.20221438131159508,0.3108618585459406,0.38286181903203176,0.38286181903203176,0.3150854594996284,0.21414766138384234,0.1116567429869253,0.0,0.09200656352555092,0.11900762372399531,0.1329620382818001,0.1116567429869253
2877.png,0.6250273531526462,0.37497264684735376,0.7,-0.9999999999999999,0,1,0,0.36967180019611234,0.25,0.06910555759812129,0.0,0.07990495270931375,0.38852425541845337,0.4118811321288206,0.37497264684735376,0.37497264684735376,0.3420418751158051,0.10579646017699118,0.07699952469429205,0.0,0.07990495270931375,0.36967180019611234,0.056733500761661615,0.07699952469429205
2878.png,0.8962472406181016,0.10375275938189843,0.9999999999999999,-0.9999999999999999,1,1,1,0.04293698772996135,0.5,0.004493240393724984,0.0,0.037038252083196666,0.05416012558869698,0.06873217570326873,0.10375275938189843,0.10375275938189843,0.09279599010983464,0.08341577102999609,0.04207937937244577,0.0,0.037038252083196666,0.022164441766813536,0.04293698772996135,0.04207937937244577
2882.png,0.8840203349545545,0.11597966504544555,0.9999999999999999,-0.9999999999999999,1,1,1,0.04489778267873168,0.5,0.005302124377726258,0.0,0.03390070634904574,0.04302175092890248,0.08034799857695751,0.11597966504544555,0.11597966504544555,0.11324019482184056,0.08243395351916838,0.038771198538228746,0.0,0.03390070634904574,0.03727754215791712,0.04489778267873168,0.038771198538228746
2883.png,0.880080877761589,0.11991912223841095,0.9999999999999999,-0.9999999999999999,1,1,1,0.040201240566848484,0.25,0.0038709230716479246,0.0,0.03157182821482374,0.06821015686334875,0.09945131363768356,0.11991912223841095,0.11991912223841095,0.0993303571428571,0.0643587536061142,0.03346081739782525,0.0,0.03157182821482374,0.040201240566848484,0.03616366856184172,0.03346081739782525
2884.png,0.7367492835322647,0.26325071646773535,0.9999999999999999,-0.9999999999999999,1,1,1,0.10617656570011857,0.5,0.009954254378095894,0.0,0.06158046814940488,0.1378204218355239,0.2367820346720958,0.26325071646773535,0.26325071646773535,0.2092913492009979,0.134211882500184,0.03625241203760721,0.0,0.06158046814940488,0.0793095123128923,0.10617656570011857,0.03625241203760721
2885.png,0.8079349856140527,0.19206501438594725,0.9999999999999999,-0.9999999999999999,1,1,1,0.0911952041963282,0.25,0.03360250539430867,0.0,0.0876911963315431,0.17692151143070345,0.19149734078821767,0.19206501438594725,0.19206501438594725,0.11964938996081631,0.06034395034089757,0.037452646667349265,0.0,0.0876911963315431,0.0911952041963282,0.03126163007071081,0.037452646667349265
2886.png,0.8488003074726843,0.1511996925273157,0.9999999999999999,-0.9999999999999999,1,1,1,0.05015158631880101,0.0,0.0074598341653649425,0.0,0.05015158631880101,0.08812870339502521,0.12581841990397202,0.1511996925273157,0.1511996925273157,0.11400265823774469,0.08025122121423589,0.039829937026412354,0.0,0.05015158631880101,0.04250084739276383,0.04268572259312686,0.039829937026412354
2891.png,0.6398412671722352,0.3601587328277648,0.9999999999999999,-0.9999999999999999,1,1,1,0.1371596675156469,0.25,0.018015175665815814,0.0,0.08403644954438072,0.21368524768872765,0.3205858130124969,0.3601587328277648,0.3601587328277648,0.29329210657011484,0.17410180949328358,0.053144248674974914,0.0,0.08403644954438072,0.1371596675156469,0.12643607449900807,0.053144248674974914
2895.png,0.5548130094084964,0.4451869905915036,0.9999999999999999,-0.9999999999999999,1,1,1,0.1780021984061555,0.25,0.012064577664084175,0.0,0.08039890565704699,0.23696308001723887,0.34894570455173257,0.4451869905915036,0.4451869905915036,0.39561192136968926,0.23473894231847015,0.11644779507133596,0.0,0.08039890565704699,0.1780021984061555,0.12290230842151106,0.11644779507133596
2897.png,0.851758955559843,0.14824104444015695,0.9999999999999999,-0.7,1,0,0,0.10720511330621729,0.5,0.010500765800436263,0.0,0.06592315331143539,0.09289617486338797,0.10631549917264205,0.14824104444015695,0.14824104444015695,0.175991309071157,0.1704583811516911,0.06573322594634778,0.0,0.06592315331143539,0.03261837312828819,0.10720511330621729,0.06573322594634778
2898.png,0.6167533093949301,0.3832466906050699,0.9999999999999999,-0.9999999999999999,1,1,1,0.13630158101026113,0.0,0.02950698208569454,0.0,0.13630158101026113,0.26536216958462067,0.32074119574119575,0.3832466906050699,0.3832466906050699,0.2747365715754305,0.2158816425120773,0.09965302993625436,0.0,0.13630158101026113,0.13390379278445885,0.11589380530973448,0.09965302993625436
2910.png,0.7651541964559591,0.23484580354404094,0.9999999999999999,-0.9999999999999999,1,1,1,0.0718059658027208,0.0,0.003540610158943469,0.0,0.0718059658027208,0.11585049316490748,0.17309822538713693,0.23484580354404094,0.23484580354404094,0.17458617083684036,0.12902448815736656,0.06650079167609135,0.0,0.0718059658027208,0.04914301639648844,0.06484102093373112,0.06650079167609135
2912.png,0.7604906391220142,0.2395093608779858,0.9999999999999999,-0.9999999999999999,1,1,1,0.07690098370072518,0.75,0.00770956907077196,0.0,0.06492774057102568,0.09777127053847401,0.16811798555667767,0.2395093608779858,0.2395093608779858,0.18657688966116426,0.14994509557851332,0.07690098370072518,0.0,0.06492774057102568,0.04562216430157351,0.0759003702457085,0.07690098370072518
2916.png,0.8850568688086378,0.11494313119136224,0.8999999999999998,-0.8999999999999998,0,0,0,0.06303784344219798,0.75,0.02022206083441591,0.0,0.06115955691727548,0.0960915818686402,0.11627386217320723,0.11494313119136224,0.11494313119136224,0.11636501983803471,0.09565774715590447,0.06303784344219798,0.0,0.06115955691727548,0.04116514203177657,0.033757925401268096,0.06303784344219798
2920.png,0.8306487256298188,0.16935127437018116,0.9999999999999999,-0.9999999999999999,1,1,1,0.05905951723859404,0.75,0.00312661137838407,0.0,0.040343922729049186,0.07956461399061787,0.11848531794368433,0.16935127437018116,0.16935127437018116,0.13853955119391503,0.10208168094761338,0.05905951723859404,0.0,0.040343922729049186,0.042229332329553504,0.04571585682863433,0.05905951723859404
2924.png,0.765776969928888,0.234223030071112,0.9999999999999999,-0.9999999999999999,1,1,1,0.07274694070718679,0.25,0.005949850004927948,0.0,0.07171952283968575,0.12770325759649603,0.18166101469512597,0.234223030071112,0.234223030071112,0.1861777595611186,0.121124233816714,0.06492900667657953,0.0,0.07171952283968575,0.07274694070718679,0.0612486009202835,0.06492900667657953
2927.png,0.7566191226290918,0.2433808773709082,0.9999999999999999,-0.9999999999999999,1,1,1,0.09963678073026194,0.75,0.014003764090304117,0.0,0.04691796994360953,0.09202356312689064,0.15611096253434154,0.2433808773709082,0.2433808773709082,0.21976344906524226,0.17716156758416046,0.09963678073026194,0.0,0.04691796994360953,0.05163417356766442,0.07891782924426727,0.09963678073026194
2933.png,0.5504516328263722,0.4495483671736278,0.9999999999999999,-0.9999999999999999,1,1,1,0.2132788271778968,0.0,0.05545061986312623,0.0,0.2132788271778968,0.3396169048342962,0.3986799180638798,0.4495483671736278,0.4495483671736278,0.27988194786030496,0.15471367568159422,0.06660842978816339,0.0,0.2132788271778968,0.14197530864197527,0.08578143360752055,0.06660842978816339
2940.png,0.8441846841323688,0.1558153158676312,0.9999999999999999,-0.9999999999999999,1,1,1,0.04655525982809028,0.25,0.0010270074430011045,0.0,0.037454355764214964,0.0809779577940184,0.11629622274861351,0.1558153158676312,0.1558153158676312,0.12640510159965412,0.08780624275608484,0.04337268476660383,0.0,0.037454355764214964,0.04655525982809028,0.04627024929673096,0.04337268476660383
2941.png,0.8344113665267274,0.16558863347327257,0.9999999999999999,-0.9999999999999999,1,1,1,0.06111087561640738,0.25,0.009630188034316256,0.0,0.05299198912716774,0.10923712119167772,0.13430478006264468,0.16558863347327257,0.16558863347327257,0.13157366807095983,0.08143486843081671,0.037529050153684684,0.0,0.05299198912716774,0.06111087561640738,0.04473863065512251,0.037529050153684684
2943.png,0.8339139330993668,0.1660860669006332,0.9999999999999999,-0.9999999999999999,1,1,1,0.06270090699425213,0.0,0.010327792590578543,0.0,0.06270090699425213,0.09864989828000736,0.13941725802958305,0.1660860669006332,0.1660860669006332,0.10966635312344386,0.07229537825974697,0.0331445603576751,0.0,0.06270090699425213,0.039066397122528795,0.04367058293184567,0.0331445603576751
2947.png,0.7564686344886699,0.24353136551133014,0.9999999999999999,-0.9999999999999999,1,1,1,0.08141643059490089,0.25,0.01210357810781385,0.0,0.07143455789914788,0.15065939962158648,0.20372098128533012,0.24353136551133014,0.24353136551133014,0.18029175509765472,0.1104535953744673,0.04758383945075262,0.0,0.07143455789914788,0.08141643059490089,0.06351016774696083,0.04758383945075262
2951.png,0.837052019467796,0.16294798053220405,0.9999999999999999,-0.9999999999999999,1,1,1,0.0829284415799042,0.0,0.014570774892117777,0.0,0.0829284415799042,0.10579303515431593,0.12855436852467483,0.16294798053220405,0.16294798053220405,0.14885276923596802,0.1091013397226066,0.051020744698393905,0.0,0.0829284415799042,0.05062663739998585,0.05998481397114652,0.051020744698393905
2955.png,0.8115892917655032,0.1884107082344968,0.9999999999999999,-0.9999999999999999,1,1,1,0.06637321904320626,0.25,0.0085058352071125,0.0,0.05692491962428292,0.11689535363052828,0.1513249651324965,0.1884107082344968,0.1884107082344968,0.13567895058640433,0.0743628656653933,0.04292511377741004,0.0,0.05692491962428292,0.06637321904320626,0.03798828649723285,0.04292511377741004
2957.png,0.8636178485465654,0.13638215145343457,0.9999999999999999,-0.9999999999999999,1,1,1,0.03815439219165928,0.25,0.0018268336540080755,0.0,0.036624527458233413,0.07438016528925617,0.10270270270270265,0.13638215145343457,0.13638215145343457,0.10110481174589325,0.06330097087378639,0.03484666780880585,0.0,0.036624527458233413,0.03815439219165928,0.033200434940195755,0.03484666780880585
2958.png,0.7225627385220308,0.2774372614779692,0.9999999999999999,-0.9999999999999999,1,1,1,0.1001283697047497,0.25,0.02002811676166851,0.0,0.08980146676288447,0.1858999947932034,0.2405950144692085,0.2774372614779692,0.2774372614779692,0.20643431635388743,0.12965099509662537,0.0719980332244583,0.0,0.08980146676288447,0.1001283697047497,0.07606321945441763,0.0719980332244583
2959.png,0.874473974750788,0.12552602524921197,0.9999999999999999,-0.9999999999999999,1,1,1,0.03696199111831555,0.0,0.001893406113633933,0.0,0.03696199111831555,0.06435742304368064,0.09185238359382653,0.12552602524921197,0.12552602524921197,0.0975735341443007,0.06849054510294983,0.03623538205204069,0.0,0.03696199111831555,0.03158070718047312,0.032608344375141374,0.03623538205204069
2961.png,0.6955716995974273,0.30442830040257274,0.9999999999999999,-0.9999999999999999,1,1,1,0.09993627867459642,0.25,0.005533238832944587,0.0,0.05823529411764705,0.1554156718037769,0.2349141168811658,0.30442830040257274,0.30442830040257274,0.25677946854417444,0.1620526383142089,0.0778097982708934,0.0,0.05823529411764705,0.09993627867459642,0.0856382734736939,0.0778097982708934
2968.png,0.7854295532646048,0.21457044673539516,0.9999999999999999,-0.9999999999999999,1,1,1,0.07712639783124364,0.5,0.00823586597944318,0.0,0.05659453979795159,0.11440191886536655,0.1920385413369905,0.21457044673539516,0.21457044673539516,0.15969746443207944,0.10542538030689685,0.03246992594578291,0.0,0.05659453979795159,0.058490566037735836,0.07712639783124364,0.03246992594578291
2969.png,0.8390746794065879,0.16092532059341214,0.9999999999999999,-0.9999999999999999,1,1,1,0.05752040419743487,0.75,0.002348312256819729,0.0,0.04078072698128332,0.07336264753529276,0.11660183875530405,0.16092532059341214,0.16092532059341214,0.1337747255006786,0.10469021893084052,0.05752040419743487,0.0,0.04078072698128332,0.03553943789664549,0.051250372768713026,0.05752040419743487
2977.png,0.8425720620842572,0.15742793791574283,0.8999999999999998,-0.9999999999999999,0,1,0,0.13249568272494494,0.0,0.027372997396366762,0.0,0.13249568272494494,0.09530782453683073,0.14520338659367238,0.15742793791574283,0.15742793791574283,0.10222562336585672,0.06748886605001714,0.033637048708638706,0.0,0.13249568272494494,0.07960632864083717,0.054909819639278545,0.033637048708638706
2978.png,0.6874766355140187,0.3125233644859813,0.9999999999999999,-0.9999999999999999,1,1,1,0.11621450103125497,0.75,0.010207064951454736,0.0,0.0631950506699055,0.14052702442777454,0.2140276468740182,0.3125233644859813,0.3125233644859813,0.2577888484383981,0.1871965194421784,0.11621450103125497,0.0,0.0631950506699055,0.08082083662194162,0.07854601954450668,0.11621450103125497
2979.png,0.5471214776863961,0.4528785223136039,0.9999999999999999,-0.9999999999999999,1,1,1,0.18993439083132635,0.5,0.010058093612883451,0.0,0.12624875854413742,0.22836752899197144,0.37499196399871426,0.4528785223136039,0.4528785223136039,0.36310131052342465,0.2830388692579505,0.08630712816384933,0.0,0.12624875854413742,0.10460927736528702,0.18993439083132635,0.08630712816384933
2980.png,0.7932050455759139,0.20679495442408613,0.9999999999999999,-0.9999999999999999,1,1,1,0.06885719137374768,0.0,0.005615808966448377,0.0,0.06885719137374768,0.10783605861117007,0.16157822648345332,0.20679495442408613,0.20679495442408613,0.1421239268383725,0.1218897343728117,0.06489833731532502,0.0,0.06885719137374768,0.04166845839604383,0.060272255060003554,0.06489833731532502
2981.png,0.6690610569522832,0.33093894304771676,0.9999999999999999,-0.9999999999999999,1,1,1,0.10695623775310259,0.5,0.008076333180833695,0.0,0.10137445957282054,0.16265100447173464,0.26712768232694095,0.33093894304771676,0.33093894304771676,0.23945710130877362,0.17515171948752528,0.07040704070407044,0.0,0.10137445957282054,0.10118093016474705,0.10695623775310259,0.07040704070407044
2982.png,0.7134901693374247,0.2865098306625753,0.9999999999999999,-0.9999999999999999,1,1,1,0.09894219766111245,0.75,0.0062321137052223415,0.0,0.084805308870889,0.15811373092926495,0.21175847127404224,0.2865098306625753,0.2865098306625753,0.22652286103621233,0.17366008462623417,0.09894219766111245,0.0,0.084805308870889,0.08848091422389015,0.07882904738799934,0.09894219766111245
2984.png,0.7595289138847899,0.24047108611521006,0.9999999999999999,-0.9999999999999999,1,1,1,0.09668131924629186,0.75,0.016619974209766186,0.0,0.02299628001352727,0.10187412941623397,0.15273634869422292,0.24047108611521006,0.24047108611521006,0.2246399191397367,0.1486116646738408,0.09668131924629186,0.0,0.02299628001352727,0.08252365124009209,0.05322226078907788,0.09668131924629186
2990.png,0.8180002482481579,0.18199975175184213,0.9999999999999999,-0.9999999999999999,1,1,1,0.06014046907045223,0.5,0.010068836474706733,0.0,0.026265486725663756,0.06922996333158726,0.12715999519697851,0.18199975175184213,0.18199975175184213,0.15778193260066575,0.11584866711748587,0.059589807333747635,0.0,0.026265486725663756,0.044243481939816975,0.06014046907045223,0.059589807333747635
2991.png,0.5880600291677774,0.41193997083222256,0.9999999999999999,-0.9999999999999999,1,1,1,0.14530493017953838,0.5,0.010824620403741653,0.0,0.08278486347128744,0.1837056434373664,0.3206136089273621,0.41193997083222256,0.41193997083222256,0.3404476114704763,0.2438494238944352,0.1032064795295684,0.0,0.08278486347128744,0.1035603872447276,0.14530493017953838,0.1032064795295684
3001.png,0.7676481662775811,0.23235183372241885,0.9999999999999999,-0.9999999999999999,1,1,1,0.08378835823092212,0.75,0.002838176819320859,0.0,0.046235761946485154,0.11567378038501741,0.17242732415552142,0.23235183372241885,0.23235183372241885,0.19901407811767557,0.1408819302624612,0.08378835823092212,0.0,0.046235761946485154,0.07179382979443938,0.06663162044946769,0.08378835823092212
3008.png,0.611468297527573,0.38853170247242697,0.9999999999999999,-0.9999999999999999,1,1,1,0.17247261626862986,0.75,0.04218782802520224,0.0,0.027283511269276417,0.1102994886778671,0.23427541363548576,0.38853170247242697,0.38853170247242697,0.36641221374045807,0.2937894582293349,0.17247261626862986,0.0,0.027283511269276417,0.08353050835305087,0.12883872883872882,0.17247261626862986
3015.png,0.8328689894785145,0.1671310105214855,0.9999999999999999,-0.9999999999999999,1,1,1,0.058791359037462354,0.75,0.005007863142624347,0.0,0.053824362606232246,0.09160072003532249,0.13031074885379523,0.1671310105214855,0.1671310105214855,0.12832036490474907,0.10125111095918504,0.058791359037462354,0.0,0.053824362606232246,0.04027826086956521,0.047960269599148675,0.058791359037462354
3016.png,0.8502780352177942,0.14972196478220579,0.9999999999999999,-0.9999999999999999,1,1,1,0.04957974020303457,0.75,0.006804664917587943,0.0,0.028851003732472513,0.0586962401947525,0.10301237865814394,0.14972196478220579,0.14972196478220579,0.12492533884677237,0.09511729711527672,0.04957974020303457,0.0,0.028851003732472513,0.03136194166240225,0.046176579239009974,0.04957974020303457
3018.png,0.610513208218447,0.389486791781553,0.9999999999999999,-0.9999999999999999,1,1,1,0.1282550748410909,0.0,0.029565560278705428,0.0,0.1282550748410909,0.2534192825112107,0.350383631713555,0.389486791781553,0.389486791781553,0.27464289332387803,0.15583970772919287,0.06303926020724104,0.0,0.1282550748410909,0.12793055379546314,0.10468403759455946,0.06303926020724104
3021.png,0.7209242618741977,0.27907573812580233,0.9999999999999999,-0.9999999999999999,1,1,1,0.09661686150034843,0.75,0.013608265955840249,0.0,0.04864978459598612,0.10936555891238675,0.19255693390112938,0.27907573812580233,0.27907573812580233,0.2465612104539202,0.18821087588210872,0.09661686150034843,0.0,0.04864978459598612,0.06439202186898851,0.09200860060920979,0.09661686150034843
3031.png,0.8290603325135848,0.1709396674864152,0.9999999999999999,-0.9999999999999999,1,1,1,0.0658501538484687,0.25,0.010608450562391458,0.0,0.0545998203247563,0.11615756482973538,0.13869436888708842,0.1709396674864152,0.1709396674864152,0.13393499546407228,0.0814440662658159,0.043098288040225086,0.0,0.0545998203247563,0.0658501538484687,0.04058296515488091,0.043098288040225086
3039.png,0.8932937478169752,0.10670625218302476,0.9999999999999999,-0.9999999999999999,1,1,1,0.04146063141879042,0.75,0.006868773813509111,0.0,0.01763052550890043,0.04126227368182078,0.06682271001627038,0.10670625218302476,0.10670625218302476,0.08930078272761666,0.06736082834041068,0.04146063141879042,0.0,0.01763052550890043,0.02465318165054331,0.0266693288456602,0.04146063141879042
3045.png,0.7463601085402504,0.25363989145974963,0.9999999999999999,-0.9999999999999999,1,1,1,0.08868956000212302,0.0,0.019247542843431564,0.0,0.08868956000212302,0.17169255186486798,0.21631543953979127,0.25363989145974963,0.25363989145974963,0.18127304793971466,0.10105255844652095,0.050754555808656066,0.0,0.08868956000212302,0.08696732513355698,0.0558284948637785,0.050754555808656066
3046.png,0.7051331698291812,0.2948668301708188,0.9999999999999999,-0.9999999999999999,1,1,1,0.11481728559780591,0.0,0.028128470991119637,0.0,0.11481728559780591,0.2119567418688485,0.256168572745172,0.2948668301708188,0.2948668301708188,0.1988055025211729,0.09021727142384472,0.042619542619542594,0.0,0.11481728559780591,0.11177142857142852,0.047857599658921335,0.042619542619542594
3047.png,0.8102893890675241,0.18971061093247588,0.9999999999999999,-0.9999999999999999,1,1,1,0.1228018671285559,0.0,0.028709759396806877,0.0,0.1228018671285559,0.13954340129410325,0.16576944496008905,0.18971061093247588,0.18971061093247588,0.14414025390793683,0.08218194868114126,0.038125833434355716,0.0,0.1228018671285559,0.07147936399579036,0.045307637060091,0.038125833434355716
3051.png,0.5863098529249143,0.41369014707508567,0.9999999999999999,-0.9999999999999999,1,1,1,0.13467151969440339,0.25,0.006686795952618235,0.0,0.09831323921074486,0.22994035020203962,0.31549701584688206,0.41369014707508567,0.41369014707508567,0.3287474679270763,0.20346710757051956,0.11337906419050803,0.0,0.09831323921074486,0.13467151969440339,0.09224890829694321,0.11337906419050803
3056.png,0.8862661977937281,0.11373380220627194,0.9999999999999999,-0.9999999999999999,1,1,1,0.0356085575597771,0.25,0.001970995123328412,0.0,0.02774276479177329,0.062106975501978745,0.08922456711270854,0.11373380220627194,0.11373380220627194,0.09169173692283905,0.06089736165481452,0.03028196751697132,0.0,0.02774276479177329,0.0356085575597771,0.03287415363063273,0.03028196751697132
3063.png,0.71904047976012,0.28095952023988,0.9999999999999999,-0.9999999999999999,1,1,1,0.10772257747171665,0.75,0.0077573044572645244,0.0,0.07529377629479184,0.13482983345401878,0.18263694079433046,0.28095952023988,0.28095952023988,0.21788068821353912,0.15134007382442627,0.10772257747171665,0.0,0.07529377629479184,0.06383638053920049,0.06251973476476158,0.10772257747171665
