image,from,to,transition,cosine_similarity,cosine_distance,l2_distance
7.png,H0,H1,H0->H1,0.9964525699615479,0.0035474300384521484,0.38827502727508545
13.png,H0,H1,H0->H1,0.9973558187484741,0.002644181251525879,0.4114254117012024
16.png,H0,H1,H0->H1,0.9976831078529358,0.002316892147064209,0.3404478132724762
25.png,H0,H1,H0->H1,0.9989755153656006,0.001024484634399414,0.2187187820672989
28.png,H0,H1,H0->H1,0.9979349970817566,0.002065002918243408,0.2959560453891754
32.png,H0,H1,H0->H1,0.9973968863487244,0.0026031136512756348,0.3690568506717682
41.png,H0,H1,H0->H1,0.9954133629798889,0.004586637020111084,0.41037827730178833
55.png,H0,H1,H0->H1,0.9972116947174072,0.0027883052825927734,0.28701770305633545
56.png,H0,H1,H0->H1,0.9973558187484741,0.002644181251525879,0.4114254117012024
66.png,H0,H1,H0->H1,0.9972116947174072,0.0027883052825927734,0.28701770305633545
67.png,H0,H1,H0->H1,0.9976831078529358,0.002316892147064209,0.3404478132724762
70.png,H0,H1,H0->H1,0.9971307516098022,0.002869248390197754,0.34501317143440247
86.png,H0,H1,H0->H1,0.9979349970817566,0.002065002918243408,0.2959560453891754
93.png,H0,H1,H0->H1,0.9971307516098022,0.002869248390197754,0.34501317143440247
99.png,H0,H1,H0->H1,0.9935758113861084,0.0064241886138916016,0.5193708539009094
100.png,H0,H1,H0->H1,0.9964274168014526,0.0035725831985473633,0.34586504101753235
102.png,H0,H1,H0->H1,0.9954179525375366,0.004582047462463379,0.48927509784698486
108.png,H0,H1,H0->H1,0.9963104724884033,0.0036895275115966797,0.4182146489620209
114.png,H0,H1,H0->H1,0.9954179525375366,0.004582047462463379,0.48927509784698486
117.png,H0,H1,H0->H1,0.9977368116378784,0.002263188362121582,0.32629409432411194
121.png,H0,H1,H0->H1,0.9933595061302185,0.006640493869781494,0.580235481262207
122.png,H0,H1,H0->H1,0.9973558187484741,0.002644181251525879,0.4114254117012024
124.png,H0,H1,H0->H1,0.9963104724884033,0.0036895275115966797,0.4182146489620209
128.png,H0,H1,H0->H1,0.9972116947174072,0.0027883052825927734,0.28701770305633545
131.png,H0,H1,H0->H1,0.9933595061302185,0.006640493869781494,0.580235481262207
138.png,H0,H1,H0->H1,0.996602475643158,0.003397524356842041,0.4420444667339325
150.png,H0,H1,H0->H1,0.9989755153656006,0.001024484634399414,0.2187187820672989
152.png,H0,H1,H0->H1,0.9979349970817566,0.002065002918243408,0.2959560453891754
156.png,H0,H1,H0->H1,0.9971307516098022,0.002869248390197754,0.34501317143440247
167.png,H0,H1,H0->H1,0.9954179525375366,0.004582047462463379,0.48927509784698486
169.png,H0,H1,H0->H1,0.9985060691833496,0.0014939308166503906,0.2779935896396637
174.png,H0,H1,H0->H1,0.9987772703170776,0.0012227296829223633,0.25288212299346924
183.png,H0,H1,H0->H1,0.9954179525375366,0.004582047462463379,0.48927509784698486
198.png,H0,H1,H0->H1,0.9975788593292236,0.002421140670776367,0.3451952040195465
211.png,H0,H1,H0->H1,0.9973558187484741,0.002644181251525879,0.4114254117012024
217.png,H0,H1,H0->H1,0.9987772703170776,0.0012227296829223633,0.25288212299346924
223.png,H0,H1,H0->H1,0.9935758113861084,0.0064241886138916016,0.5193708539009094
228.png,H0,H1,H0->H1,0.9976831078529358,0.002316892147064209,0.3404478132724762
233.png,H0,H1,H0->H1,0.9976831078529358,0.002316892147064209,0.3404478132724762
234.png,H0,H1,H0->H1,0.996602475643158,0.003397524356842041,0.4420444667339325
238.png,H0,H1,H0->H1,0.9935758113861084,0.0064241886138916016,0.5193708539009094
246.png,H0,H1,H0->H1,0.9987772703170776,0.0012227296829223633,0.25288212299346924
256.png,H0,H1,H0->H1,0.9963104724884033,0.0036895275115966797,0.4182146489620209
262.png,H0,H1,H0->H1,0.9973558187484741,0.002644181251525879,0.4114254117012024
263.png,H0,H1,H0->H1,0.9989755153656006,0.001024484634399414,0.2187187820672989
284.png,H0,H1,H0->H1,0.9933595061302185,0.006640493869781494,0.580235481262207
296.png,H0,H1,H0->H1,0.9975788593292236,0.002421140670776367,0.3451952040195465
304.png,H0,H1,H0->H1,0.996602475643158,0.003397524356842041,0.4420444667339325
311.png,H0,H1,H0->H1,0.9987772703170776,0.0012227296829223633,0.25288212299346924
321.png,H0,H1,H0->H1,0.9963104724884033,0.0036895275115966797,0.4182146489620209
323.png,H0,H1,H0->H1,0.9935758113861084,0.0064241886138916016,0.5193708539009094
324.png,H0,H1,H0->H1,0.9935758113861084,0.0064241886138916016,0.5193708539009094
332.png,H0,H1,H0->H1,0.9977368116378784,0.002263188362121582,0.32629409432411194
333.png,H0,H1,H0->H1,0.9963104724884033,0.0036895275115966797,0.4182146489620209
350.png,H0,H1,H0->H1,0.9976831078529358,0.002316892147064209,0.3404478132724762
351.png,H0,H1,H0->H1,0.9987772703170776,0.0012227296829223633,0.25288212299346924
354.png,H0,H1,H0->H1,0.996602475643158,0.003397524356842041,0.4420444667339325
404.png,H0,H1,H0->H1,0.9985060691833496,0.0014939308166503906,0.2779935896396637
415.png,H0,H1,H0->H1,0.9935758113861084,0.0064241886138916016,0.5193708539009094
429.png,H0,H1,H0->H1,0.9975788593292236,0.002421140670776367,0.3451952040195465
442.png,H0,H1,H0->H1,0.9935758113861084,0.0064241886138916016,0.5193708539009094
443.png,H0,H1,H0->H1,0.9979349970817566,0.002065002918243408,0.2959560453891754
445.png,H0,H1,H0->H1,0.9987772703170776,0.0012227296829223633,0.25288212299346924
452.png,H0,H1,H0->H1,0.996814489364624,0.0031855106353759766,0.3682970702648163
457.png,H0,H1,H0->H1,0.9972116947174072,0.0027883052825927734,0.28701770305633545
472.png,H0,H1,H0->H1,0.9933595061302185,0.006640493869781494,0.580235481262207
473.png,H0,H1,H0->H1,0.9973558187484741,0.002644181251525879,0.4114254117012024
475.png,H0,H1,H0->H1,0.9979349970817566,0.002065002918243408,0.2959560453891754
482.png,H0,H1,H0->H1,0.9975788593292236,0.002421140670776367,0.3451952040195465
483.png,H0,H1,H0->H1,0.9964525699615479,0.0035474300384521484,0.38827502727508545
484.png,H0,H1,H0->H1,0.9976831078529358,0.002316892147064209,0.3404478132724762
486.png,H0,H1,H0->H1,0.9987772703170776,0.0012227296829223633,0.25288212299346924
494.png,H0,H1,H0->H1,0.9973558187484741,0.002644181251525879,0.4114254117012024
500.png,H0,H1,H0->H1,0.9964525699615479,0.0035474300384521484,0.38827502727508545
506.png,H0,H1,H0->H1,0.9935758113861084,0.0064241886138916016,0.5193708539009094
507.png,H0,H1,H0->H1,0.9973968863487244,0.0026031136512756348,0.3690568506717682
518.png,H0,H1,H0->H1,0.9954133629798889,0.004586637020111084,0.41037827730178833
519.png,H0,H1,H0->H1,0.996814489364624,0.0031855106353759766,0.3682970702648163
543.png,H0,H1,H0->H1,0.9963104724884033,0.0036895275115966797,0.4182146489620209
550.png,H0,H1,H0->H1,0.9976831078529358,0.002316892147064209,0.3404478132724762
551.png,H0,H1,H0->H1,0.9971307516098022,0.002869248390197754,0.34501317143440247
558.png,H0,H1,H0->H1,0.9954179525375366,0.004582047462463379,0.48927509784698486
561.png,H0,H1,H0->H1,0.9933595061302185,0.006640493869781494,0.580235481262207
562.png,H0,H1,H0->H1,0.9933595061302185,0.006640493869781494,0.580235481262207
563.png,H0,H1,H0->H1,0.996814489364624,0.0031855106353759766,0.3682970702648163
579.png,H0,H1,H0->H1,0.9935758113861084,0.0064241886138916016,0.5193708539009094
581.png,H0,H1,H0->H1,0.9979349970817566,0.002065002918243408,0.2959560453891754
589.png,H0,H1,H0->H1,0.9963104724884033,0.0036895275115966797,0.4182146489620209
590.png,H0,H1,H0->H1,0.9975788593292236,0.002421140670776367,0.3451952040195465
592.png,H0,H1,H0->H1,0.9976831078529358,0.002316892147064209,0.3404478132724762
593.png,H0,H1,H0->H1,0.9935758113861084,0.0064241886138916016,0.5193708539009094
601.png,H0,H1,H0->H1,0.9987772703170776,0.0012227296829223633,0.25288212299346924
604.png,H0,H1,H0->H1,0.9973968863487244,0.0026031136512756348,0.3690568506717682
614.png,H0,H1,H0->H1,0.9989755153656006,0.001024484634399414,0.2187187820672989
616.png,H0,H1,H0->H1,0.9975788593292236,0.002421140670776367,0.3451952040195465
621.png,H0,H1,H0->H1,0.9935758113861084,0.0064241886138916016,0.5193708539009094
623.png,H0,H1,H0->H1,0.9933595061302185,0.006640493869781494,0.580235481262207
630.png,H0,H1,H0->H1,0.9972116947174072,0.0027883052825927734,0.28701770305633545
633.png,H0,H1,H0->H1,0.9963104724884033,0.0036895275115966797,0.4182146489620209
670.png,H0,H1,H0->H1,0.9985060691833496,0.0014939308166503906,0.2779935896396637
675.png,H0,H1,H0->H1,0.9975788593292236,0.002421140670776367,0.3451952040195465
681.png,H0,H1,H0->H1,0.9987772703170776,0.0012227296829223633,0.25288212299346924
687.png,H0,H1,H0->H1,0.9975788593292236,0.002421140670776367,0.3451952040195465
694.png,H0,H1,H0->H1,0.9954133629798889,0.004586637020111084,0.41037827730178833
695.png,H0,H1,H0->H1,0.9989755153656006,0.001024484634399414,0.2187187820672989
712.png,H0,H1,H0->H1,0.9978030920028687,0.0021969079971313477,0.44049185514450073
713.png,H0,H1,H0->H1,0.9980417490005493,0.0019582509994506836,0.3754900395870209
714.png,H0,H1,H0->H1,0.9966825842857361,0.003317415714263916,0.5024963021278381
723.png,H0,H1,H0->H1,0.9931697845458984,0.0068302154541015625,0.6304459571838379
727.png,H0,H1,H0->H1,0.9963610172271729,0.0036389827728271484,0.42046815156936646
729.png,H0,H1,H0->H1,0.9931697845458984,0.0068302154541015625,0.6304459571838379
761.png,H0,H1,H0->H1,0.9967575073242188,0.00324249267578125,0.4489583373069763
762.png,H0,H1,H0->H1,0.9931697845458984,0.0068302154541015625,0.6304459571838379
764.png,H0,H1,H0->H1,0.9962424039840698,0.0037575960159301758,0.5122106671333313
769.png,H0,H1,H0->H1,0.9889812469482422,0.011018753051757812,0.7957764863967896
776.png,H0,H1,H0->H1,0.9972769021987915,0.002723097801208496,0.37716296315193176
780.png,H0,H1,H0->H1,0.9963610172271729,0.0036389827728271484,0.42046815156936646
781.png,H0,H1,H0->H1,0.9943498373031616,0.005650162696838379,0.5001981258392334
782.png,H0,H1,H0->H1,0.9963610172271729,0.0036389827728271484,0.42046815156936646
794.png,H0,H1,H0->H1,0.9889812469482422,0.011018753051757812,0.7957764863967896
828.png,H0,H1,H0->H1,0.9967575073242188,0.00324249267578125,0.4489583373069763
837.png,H0,H1,H0->H1,0.9983810186386108,0.0016189813613891602,0.29390740394592285
847.png,H0,H1,H0->H1,0.9972769021987915,0.002723097801208496,0.37716296315193176
856.png,H0,H1,H0->H1,0.9889812469482422,0.011018753051757812,0.7957764863967896
865.png,H0,H1,H0->H1,0.9973365068435669,0.0026634931564331055,0.3828250467777252
867.png,H0,H1,H0->H1,0.9984531402587891,0.0015468597412109375,0.28618356585502625
868.png,H0,H1,H0->H1,0.9970033168792725,0.002996683120727539,0.43761733174324036
900.png,H0,H1,H0->H1,0.9972769021987915,0.002723097801208496,0.37716296315193176
915.png,H0,H1,H0->H1,0.9931697845458984,0.0068302154541015625,0.6304459571838379
921.png,H0,H1,H0->H1,0.9978030920028687,0.0021969079971313477,0.44049185514450073
922.png,H0,H1,H0->H1,0.9976207613945007,0.0023792386054992676,0.40762999653816223
929.png,H0,H1,H0->H1,0.9966520667076111,0.003347933292388916,0.45885345339775085
933.png,H0,H1,H0->H1,0.9966825842857361,0.003317415714263916,0.5024963021278381
935.png,H0,H1,H0->H1,0.9976207613945007,0.0023792386054992676,0.40762999653816223
939.png,H0,H1,H0->H1,0.9989310503005981,0.0010689496994018555,0.26318132877349854
942.png,H0,H1,H0->H1,0.9940119981765747,0.005988001823425293,0.7492122650146484
943.png,H0,H1,H0->H1,0.9978030920028687,0.0021969079971313477,0.44049185514450073
944.png,H0,H1,H0->H1,0.9989310503005981,0.0010689496994018555,0.26318132877349854
945.png,H0,H1,H0->H1,0.9966825842857361,0.003317415714263916,0.5024963021278381
954.png,H0,H1,H0->H1,0.9940119981765747,0.005988001823425293,0.7492122650146484
956.png,H0,H1,H0->H1,0.9982032775878906,0.001796722412109375,0.3607437014579773
958.png,H0,H1,H0->H1,0.9978030920028687,0.0021969079971313477,0.44049185514450073
960.png,H0,H1,H0->H1,0.9966825842857361,0.003317415714263916,0.5024963021278381
963.png,H0,H1,H0->H1,0.9940119981765747,0.005988001823425293,0.7492122650146484
982.png,H0,H1,H0->H1,0.9986743927001953,0.0013256072998046875,0.2911449372768402
992.png,H0,H1,H0->H1,0.9966825842857361,0.003317415714263916,0.5024963021278381
994.png,H0,H1,H0->H1,0.9986743927001953,0.0013256072998046875,0.2911449372768402
1004.png,H0,H1,H0->H1,0.9982113838195801,0.0017886161804199219,0.31634244322776794
1007.png,H0,H1,H0->H1,0.9940119981765747,0.005988001823425293,0.7492122650146484
1008.png,H0,H1,H0->H1,0.9982032775878906,0.001796722412109375,0.3607437014579773
1011.png,H0,H1,H0->H1,0.9989310503005981,0.0010689496994018555,0.26318132877349854
1015.png,H0,H1,H0->H1,0.9982032775878906,0.001796722412109375,0.3607437014579773
1016.png,H0,H1,H0->H1,0.9940119981765747,0.005988001823425293,0.7492122650146484
1023.png,H0,H1,H0->H1,0.9933748245239258,0.006625175476074219,0.658785879611969
1027.png,H0,H1,H0->H1,0.9977896809577942,0.0022103190422058105,0.3964006304740906
1029.png,H0,H1,H0->H1,0.9980226755142212,0.0019773244857788086,0.32274264097213745
1031.png,H0,H1,H0->H1,0.9986743927001953,0.0013256072998046875,0.2911449372768402
1035.png,H0,H1,H0->H1,0.9980226755142212,0.0019773244857788086,0.32274264097213745
1037.png,H0,H1,H0->H1,0.9982113838195801,0.0017886161804199219,0.31634244322776794
1039.png,H0,H1,H0->H1,0.9980417490005493,0.0019582509994506836,0.3754900395870209
1040.png,H0,H1,H0->H1,0.9972437620162964,0.0027562379837036133,0.4347512423992157
1041.png,H0,H1,H0->H1,0.9966520667076111,0.003347933292388916,0.45885345339775085
1047.png,H0,H1,H0->H1,0.9973010420799255,0.002698957920074463,0.43615567684173584
1053.png,H0,H1,H0->H1,0.9986743927001953,0.0013256072998046875,0.2911449372768402
1054.png,H0,H1,H0->H1,0.9980226755142212,0.0019773244857788086,0.32274264097213745
1057.png,H0,H1,H0->H1,0.9978030920028687,0.0021969079971313477,0.44049185514450073
1060.png,H0,H1,H0->H1,0.9972600936889648,0.0027399063110351562,0.45623159408569336
1061.png,H0,H1,H0->H1,0.9977896809577942,0.0022103190422058105,0.3964006304740906
1069.png,H0,H1,H0->H1,0.9986743927001953,0.0013256072998046875,0.2911449372768402
1072.png,H0,H1,H0->H1,0.9982113838195801,0.0017886161804199219,0.31634244322776794
1073.png,H0,H1,H0->H1,0.9982269406318665,0.001773059368133545,0.313340425491333
1074.png,H0,H1,H0->H1,0.9976186156272888,0.0023813843727111816,0.40402618050575256
1078.png,H0,H1,H0->H1,0.9989310503005981,0.0010689496994018555,0.26318132877349854
1084.png,H0,H1,H0->H1,0.9982113838195801,0.0017886161804199219,0.31634244322776794
1085.png,H0,H1,H0->H1,0.9973010420799255,0.002698957920074463,0.43615567684173584
1089.png,H0,H1,H0->H1,0.9976207613945007,0.0023792386054992676,0.40762999653816223
1092.png,H0,H1,H0->H1,0.9966825842857361,0.003317415714263916,0.5024963021278381
1093.png,H0,H1,H0->H1,0.9977896809577942,0.0022103190422058105,0.3964006304740906
1096.png,H0,H1,H0->H1,0.9978030920028687,0.0021969079971313477,0.44049185514450073
1103.png,H0,H1,H0->H1,0.9980226755142212,0.0019773244857788086,0.32274264097213745
1107.png,H0,H1,H0->H1,0.9977896809577942,0.0022103190422058105,0.3964006304740906
1111.png,H0,H1,H0->H1,0.9973010420799255,0.002698957920074463,0.43615567684173584
1113.png,H0,H1,H0->H1,0.9977896809577942,0.0022103190422058105,0.3964006304740906
1114.png,H0,H1,H0->H1,0.9972437620162964,0.0027562379837036133,0.4347512423992157
1118.png,H0,H1,H0->H1,0.9980417490005493,0.0019582509994506836,0.3754900395870209
1120.png,H0,H1,H0->H1,0.9973010420799255,0.002698957920074463,0.43615567684173584
1123.png,H0,H1,H0->H1,0.9977896809577942,0.0022103190422058105,0.3964006304740906
1124.png,H0,H1,H0->H1,0.9980226755142212,0.0019773244857788086,0.32274264097213745
1125.png,H0,H1,H0->H1,0.9973010420799255,0.002698957920074463,0.43615567684173584
1126.png,H0,H1,H0->H1,0.9966825842857361,0.003317415714263916,0.5024963021278381
1130.png,H0,H1,H0->H1,0.9989310503005981,0.0010689496994018555,0.26318132877349854
1134.png,H0,H1,H0->H1,0.9980226755142212,0.0019773244857788086,0.32274264097213745
1137.png,H0,H1,H0->H1,0.9972437620162964,0.0027562379837036133,0.4347512423992157
1138.png,H0,H1,H0->H1,0.9977896809577942,0.0022103190422058105,0.3964006304740906
1140.png,H0,H1,H0->H1,0.9986743927001953,0.0013256072998046875,0.2911449372768402
1144.png,H0,H1,H0->H1,0.9986743927001953,0.0013256072998046875,0.2911449372768402
1146.png,H0,H1,H0->H1,0.9972437620162964,0.0027562379837036133,0.4347512423992157
1148.png,H0,H1,H0->H1,0.9980226755142212,0.0019773244857788086,0.32274264097213745
1149.png,H0,H1,H0->H1,0.9980226755142212,0.0019773244857788086,0.32274264097213745
1150.png,H0,H1,H0->H1,0.9982032775878906,0.001796722412109375,0.3607437014579773
1156.png,H0,H1,H0->H1,0.9973010420799255,0.002698957920074463,0.43615567684173584
1160.png,H0,H1,H0->H1,0.9982113838195801,0.0017886161804199219,0.31634244322776794
1163.png,H0,H1,H0->H1,0.9966825842857361,0.003317415714263916,0.5024963021278381
1165.png,H0,H1,H0->H1,0.9970628619194031,0.002937138080596924,0.4555050730705261
1169.png,H0,H1,H0->H1,0.9977896809577942,0.0022103190422058105,0.3964006304740906
1170.png,H0,H1,H0->H1,0.9980831146240234,0.0019168853759765625,0.32700836658477783
1177.png,H0,H1,H0->H1,0.9982113838195801,0.0017886161804199219,0.31634244322776794
1178.png,H0,H1,H0->H1,0.9982113838195801,0.0017886161804199219,0.31634244322776794
1179.png,H0,H1,H0->H1,0.9977896809577942,0.0022103190422058105,0.3964006304740906
1189.png,H0,H1,H0->H1,0.9980417490005493,0.0019582509994506836,0.3754900395870209
1192.png,H0,H1,H0->H1,0.9940119981765747,0.005988001823425293,0.7492122650146484
1211.png,H0,H1,H0->H1,0.9989310503005981,0.0010689496994018555,0.26318132877349854
1223.png,H0,H1,H0->H1,0.9980226755142212,0.0019773244857788086,0.32274264097213745
1225.png,H0,H1,H0->H1,0.9976186156272888,0.0023813843727111816,0.40402618050575256
1239.png,H0,H1,H0->H1,0.9980831146240234,0.0019168853759765625,0.32700836658477783
1241.png,H0,H1,H0->H1,0.9973010420799255,0.002698957920074463,0.43615567684173584
1243.png,H0,H1,H0->H1,0.9977896809577942,0.0022103190422058105,0.3964006304740906
1246.png,H0,H1,H0->H1,0.9940119981765747,0.005988001823425293,0.7492122650146484
1247.png,H0,H1,H0->H1,0.9980417490005493,0.0019582509994506836,0.3754900395870209
1248.png,H0,H1,H0->H1,0.9982269406318665,0.001773059368133545,0.313340425491333
1249.png,H0,H1,H0->H1,0.9966825842857361,0.003317415714263916,0.5024963021278381
1250.png,H0,H1,H0->H1,0.9982032775878906,0.001796722412109375,0.3607437014579773
1251.png,H0,H1,H0->H1,0.9976207613945007,0.0023792386054992676,0.40762999653816223
1252.png,H0,H1,H0->H1,0.9986743927001953,0.0013256072998046875,0.2911449372768402
1253.png,H0,H1,H0->H1,0.9989310503005981,0.0010689496994018555,0.26318132877349854
1254.png,H0,H1,H0->H1,0.9980417490005493,0.0019582509994506836,0.3754900395870209
1267.png,H0,H1,H0->H1,0.9980226755142212,0.0019773244857788086,0.32274264097213745
1273.png,H0,H1,H0->H1,0.9966825842857361,0.003317415714263916,0.5024963021278381
1279.png,H0,H1,H0->H1,0.9980831146240234,0.0019168853759765625,0.32700836658477783
1280.png,H0,H1,H0->H1,0.9982032775878906,0.001796722412109375,0.3607437014579773
1281.png,H0,H1,H0->H1,0.9989310503005981,0.0010689496994018555,0.26318132877349854
1282.png,H0,H1,H0->H1,0.9972600936889648,0.0027399063110351562,0.45623159408569336
1283.png,H0,H1,H0->H1,0.9982113838195801,0.0017886161804199219,0.31634244322776794
1293.png,H0,H1,H0->H1,0.9966520667076111,0.003347933292388916,0.45885345339775085
1309.png,H0,H1,H0->H1,0.9973010420799255,0.002698957920074463,0.43615567684173584
1326.png,H0,H1,H0->H1,0.9986743927001953,0.0013256072998046875,0.2911449372768402
1331.png,H0,H1,H0->H1,0.9972437620162964,0.0027562379837036133,0.4347512423992157
1333.png,H0,H1,H0->H1,0.9989310503005981,0.0010689496994018555,0.26318132877349854
1334.png,H0,H1,H0->H1,0.9972600936889648,0.0027399063110351562,0.45623159408569336
1341.png,H0,H1,H0->H1,0.9982269406318665,0.001773059368133545,0.313340425491333
1345.png,H0,H1,H0->H1,0.9976207613945007,0.0023792386054992676,0.40762999653816223
1346.png,H0,H1,H0->H1,0.9982032775878906,0.001796722412109375,0.3607437014579773
1353.png,H0,H1,H0->H1,0.9940119981765747,0.005988001823425293,0.7492122650146484
1355.png,H0,H1,H0->H1,0.9976207613945007,0.0023792386054992676,0.40762999653816223
1361.png,H0,H1,H0->H1,0.9966520667076111,0.003347933292388916,0.45885345339775085
1364.png,H0,H1,H0->H1,0.9976207613945007,0.0023792386054992676,0.40762999653816223
1365.png,H0,H1,H0->H1,0.9982113838195801,0.0017886161804199219,0.31634244322776794
1367.png,H0,H1,H0->H1,0.9966825842857361,0.003317415714263916,0.5024963021278381
1368.png,H0,H1,H0->H1,0.9982113838195801,0.0017886161804199219,0.31634244322776794
1370.png,H0,H1,H0->H1,0.9972437620162964,0.0027562379837036133,0.4347512423992157
1371.png,H0,H1,H0->H1,0.9982269406318665,0.001773059368133545,0.313340425491333
1372.png,H0,H1,H0->H1,0.9982269406318665,0.001773059368133545,0.313340425491333
1373.png,H0,H1,H0->H1,0.9980226755142212,0.0019773244857788086,0.32274264097213745
1378.png,H0,H1,H0->H1,0.9989310503005981,0.0010689496994018555,0.26318132877349854
1380.png,H0,H1,H0->H1,0.9976186156272888,0.0023813843727111816,0.40402618050575256
1381.png,H0,H1,H0->H1,0.9973010420799255,0.002698957920074463,0.43615567684173584
1384.png,H0,H1,H0->H1,0.9966520667076111,0.003347933292388916,0.45885345339775085
1387.png,H0,H1,H0->H1,0.9982269406318665,0.001773059368133545,0.313340425491333
1388.png,H0,H1,H0->H1,0.9976186156272888,0.0023813843727111816,0.40402618050575256
1397.png,H0,H1,H0->H1,0.9978030920028687,0.0021969079971313477,0.44049185514450073
1398.png,H0,H1,H0->H1,0.9976207613945007,0.0023792386054992676,0.40762999653816223
1399.png,H0,H1,H0->H1,0.9986743927001953,0.0013256072998046875,0.2911449372768402
1401.png,H0,H1,H0->H1,0.9973010420799255,0.002698957920074463,0.43615567684173584
1402.png,H0,H1,H0->H1,0.9976186156272888,0.0023813843727111816,0.40402618050575256
1406.png,H0,H1,H0->H1,0.9973010420799255,0.002698957920074463,0.43615567684173584
1407.png,H0,H1,H0->H1,0.9972437620162964,0.0027562379837036133,0.4347512423992157
1410.png,H0,H1,H0->H1,0.9973010420799255,0.002698957920074463,0.43615567684173584
1411.png,H0,H1,H0->H1,0.9933748245239258,0.006625175476074219,0.658785879611969
1425.png,H0,H1,H0->H1,0.9973010420799255,0.002698957920074463,0.43615567684173584
1426.png,H0,H1,H0->H1,0.9982113838195801,0.0017886161804199219,0.31634244322776794
1435.png,H0,H1,H0->H1,0.9982269406318665,0.001773059368133545,0.313340425491333
1436.png,H0,H1,H0->H1,0.9966825842857361,0.003317415714263916,0.5024963021278381
1437.png,H0,H1,H0->H1,0.9970628619194031,0.002937138080596924,0.4555050730705261
1442.png,H0,H1,H0->H1,0.9966520667076111,0.003347933292388916,0.45885345339775085
1457.png,H0,H1,H0->H1,0.9980226755142212,0.0019773244857788086,0.32274264097213745
1458.png,H0,H1,H0->H1,0.9986743927001953,0.0013256072998046875,0.2911449372768402
1459.png,H0,H1,H0->H1,0.9989310503005981,0.0010689496994018555,0.26318132877349854
1461.png,H0,H1,H0->H1,0.9973010420799255,0.002698957920074463,0.43615567684173584
1464.png,H0,H1,H0->H1,0.9976186156272888,0.0023813843727111816,0.40402618050575256
1465.png,H0,H1,H0->H1,0.9940119981765747,0.005988001823425293,0.7492122650146484
1466.png,H0,H1,H0->H1,0.9980226755142212,0.0019773244857788086,0.32274264097213745
1472.png,H0,H1,H0->H1,0.9978030920028687,0.0021969079971313477,0.44049185514450073
1477.png,H0,H1,H0->H1,0.9973010420799255,0.002698957920074463,0.43615567684173584
1480.png,H0,H1,H0->H1,0.9972437620162964,0.0027562379837036133,0.4347512423992157
1481.png,H0,H1,H0->H1,0.9980226755142212,0.0019773244857788086,0.32274264097213745
1482.png,H0,H1,H0->H1,0.9970628619194031,0.002937138080596924,0.4555050730705261
1483.png,H0,H1,H0->H1,0.9986743927001953,0.0013256072998046875,0.2911449372768402
1484.png,H0,H1,H0->H1,0.9972437620162964,0.0027562379837036133,0.4347512423992157
1485.png,H0,H1,H0->H1,0.9982269406318665,0.001773059368133545,0.313340425491333
1488.png,H0,H1,H0->H1,0.9976186156272888,0.0023813843727111816,0.40402618050575256
1490.png,H0,H1,H0->H1,0.9982113838195801,0.0017886161804199219,0.31634244322776794
1491.png,H0,H1,H0->H1,0.9980831146240234,0.0019168853759765625,0.32700836658477783
1492.png,H0,H1,H0->H1,0.9972437620162964,0.0027562379837036133,0.4347512423992157
1493.png,H0,H1,H0->H1,0.9980417490005493,0.0019582509994506836,0.3754900395870209
1495.png,H0,H1,H0->H1,0.9972437620162964,0.0027562379837036133,0.4347512423992157
1496.png,H0,H1,H0->H1,0.9972437620162964,0.0027562379837036133,0.4347512423992157
1497.png,H0,H1,H0->H1,0.9972437620162964,0.0027562379837036133,0.4347512423992157
1498.png,H0,H1,H0->H1,0.9976186156272888,0.0023813843727111816,0.40402618050575256
1509.png,H0,H1,H0->H1,0.9980417490005493,0.0019582509994506836,0.3754900395870209
1519.png,H0,H1,H0->H1,0.9980226755142212,0.0019773244857788086,0.32274264097213745
1529.png,H0,H1,H0->H1,0.9980417490005493,0.0019582509994506836,0.3754900395870209
1533.png,H0,H1,H0->H1,0.9976186156272888,0.0023813843727111816,0.40402618050575256
1534.png,H0,H1,H0->H1,0.9933748245239258,0.006625175476074219,0.658785879611969
1535.png,H0,H1,H0->H1,0.9966520667076111,0.003347933292388916,0.45885345339775085
1536.png,H0,H1,H0->H1,0.9980226755142212,0.0019773244857788086,0.32274264097213745
1545.png,H0,H1,H0->H1,0.9980226755142212,0.0019773244857788086,0.32274264097213745
1546.png,H0,H1,H0->H1,0.9989310503005981,0.0010689496994018555,0.26318132877349854
1547.png,H0,H1,H0->H1,0.9972600936889648,0.0027399063110351562,0.45623159408569336
1548.png,H0,H1,H0->H1,0.9980417490005493,0.0019582509994506836,0.3754900395870209
1551.png,H0,H1,H0->H1,0.9966520667076111,0.003347933292388916,0.45885345339775085
1552.png,H0,H1,H0->H1,0.9976207613945007,0.0023792386054992676,0.40762999653816223
1555.png,H0,H1,H0->H1,0.9982032775878906,0.001796722412109375,0.3607437014579773
1559.png,H0,H1,H0->H1,0.9989310503005981,0.0010689496994018555,0.26318132877349854
1560.png,H0,H1,H0->H1,0.9980226755142212,0.0019773244857788086,0.32274264097213745
1563.png,H0,H1,H0->H1,0.9989310503005981,0.0010689496994018555,0.26318132877349854
1564.png,H0,H1,H0->H1,0.9966825842857361,0.003317415714263916,0.5024963021278381
1574.png,H0,H1,H0->H1,0.9940119981765747,0.005988001823425293,0.7492122650146484
1575.png,H0,H1,H0->H1,0.9966825842857361,0.003317415714263916,0.5024963021278381
1577.png,H0,H1,H0->H1,0.9966825842857361,0.003317415714263916,0.5024963021278381
1579.png,H0,H1,H0->H1,0.9989310503005981,0.0010689496994018555,0.26318132877349854
1583.png,H0,H1,H0->H1,0.9980417490005493,0.0019582509994506836,0.3754900395870209
1585.png,H0,H1,H0->H1,0.9978030920028687,0.0021969079971313477,0.44049185514450073
1587.png,H0,H1,H0->H1,0.9972600936889648,0.0027399063110351562,0.45623159408569336
1588.png,H0,H1,H0->H1,0.9972437620162964,0.0027562379837036133,0.4347512423992157
1590.png,H0,H1,H0->H1,0.9976207613945007,0.0023792386054992676,0.40762999653816223
1591.png,H0,H1,H0->H1,0.9966825842857361,0.003317415714263916,0.5024963021278381
1596.png,H0,H1,H0->H1,0.9940119981765747,0.005988001823425293,0.7492122650146484
1600.png,H0,H1,H0->H1,0.9980226755142212,0.0019773244857788086,0.32274264097213745
1601.png,H0,H1,H0->H1,0.9982032775878906,0.001796722412109375,0.3607437014579773
1619.png,H0,H1,H0->H1,0.9972437620162964,0.0027562379837036133,0.4347512423992157
1628.png,H0,H1,H0->H1,0.9976207613945007,0.0023792386054992676,0.40762999653816223
1629.png,H0,H1,H0->H1,0.9989310503005981,0.0010689496994018555,0.26318132877349854
1630.png,H0,H1,H0->H1,0.9973010420799255,0.002698957920074463,0.43615567684173584
1644.png,H0,H1,H0->H1,0.9986743927001953,0.0013256072998046875,0.2911449372768402
1645.png,H0,H1,H0->H1,0.9966520667076111,0.003347933292388916,0.45885345339775085
1646.png,H0,H1,H0->H1,0.9940119981765747,0.005988001823425293,0.7492122650146484
1647.png,H0,H1,H0->H1,0.9978030920028687,0.0021969079971313477,0.44049185514450073
1648.png,H0,H1,H0->H1,0.9980831146240234,0.0019168853759765625,0.32700836658477783
1656.png,H0,H1,H0->H1,0.9977896809577942,0.0022103190422058105,0.3964006304740906
1657.png,H0,H1,H0->H1,0.9982113838195801,0.0017886161804199219,0.31634244322776794
1665.png,H0,H1,H0->H1,0.9986743927001953,0.0013256072998046875,0.2911449372768402
1666.png,H0,H1,H0->H1,0.9980417490005493,0.0019582509994506836,0.3754900395870209
1678.png,H0,H1,H0->H1,0.9980417490005493,0.0019582509994506836,0.3754900395870209
1684.png,H0,H1,H0->H1,0.9989310503005981,0.0010689496994018555,0.26318132877349854
1685.png,H0,H1,H0->H1,0.9972437620162964,0.0027562379837036133,0.4347512423992157
1686.png,H0,H1,H0->H1,0.9980417490005493,0.0019582509994506836,0.3754900395870209
1689.png,H0,H1,H0->H1,0.9973010420799255,0.002698957920074463,0.43615567684173584
1696.png,H0,H1,H0->H1,0.9972600936889648,0.0027399063110351562,0.45623159408569336
1706.png,H0,H1,H0->H1,0.9972600936889648,0.0027399063110351562,0.45623159408569336
1715.png,H0,H1,H0->H1,0.9933748245239258,0.006625175476074219,0.658785879611969
1716.png,H0,H1,H0->H1,0.9976186156272888,0.0023813843727111816,0.40402618050575256
1718.png,H0,H1,H0->H1,0.9933748245239258,0.006625175476074219,0.658785879611969
1727.png,H0,H1,H0->H1,0.9966825842857361,0.003317415714263916,0.5024963021278381
1728.png,H0,H1,H0->H1,0.9976186156272888,0.0023813843727111816,0.40402618050575256
1729.png,H0,H1,H0->H1,0.9966520667076111,0.003347933292388916,0.45885345339775085
1730.png,H0,H1,H0->H1,0.9972437620162964,0.0027562379837036133,0.4347512423992157
1734.png,H0,H1,H0->H1,0.9982113838195801,0.0017886161804199219,0.31634244322776794
1735.png,H0,H1,H0->H1,0.9980831146240234,0.0019168853759765625,0.32700836658477783
1736.png,H0,H1,H0->H1,0.9980417490005493,0.0019582509994506836,0.3754900395870209
1740.png,H0,H1,H0->H1,0.9972437620162964,0.0027562379837036133,0.4347512423992157
1744.png,H0,H1,H0->H1,0.9978030920028687,0.0021969079971313477,0.44049185514450073
1746.png,H0,H1,H0->H1,0.9940119981765747,0.005988001823425293,0.7492122650146484
1752.png,H0,H1,H0->H1,0.9980226755142212,0.0019773244857788086,0.32274264097213745
1769.png,H0,H1,H0->H1,0.9980226755142212,0.0019773244857788086,0.32274264097213745
1771.png,H0,H1,H0->H1,0.9982269406318665,0.001773059368133545,0.313340425491333
1773.png,H0,H1,H0->H1,0.9973010420799255,0.002698957920074463,0.43615567684173584
1774.png,H0,H1,H0->H1,0.9977896809577942,0.0022103190422058105,0.3964006304740906
1776.png,H0,H1,H0->H1,0.9972437620162964,0.0027562379837036133,0.4347512423992157
1789.png,H0,H1,H0->H1,0.9978030920028687,0.0021969079971313477,0.44049185514450073
1796.png,H0,H1,H0->H1,0.9986743927001953,0.0013256072998046875,0.2911449372768402
1798.png,H0,H1,H0->H1,0.9982113838195801,0.0017886161804199219,0.31634244322776794
1807.png,H0,H1,H0->H1,0.9970628619194031,0.002937138080596924,0.4555050730705261
1816.png,H0,H1,H0->H1,0.9982269406318665,0.001773059368133545,0.313340425491333
1824.png,H0,H1,H0->H1,0.9982269406318665,0.001773059368133545,0.313340425491333
1825.png,H0,H1,H0->H1,0.9966825842857361,0.003317415714263916,0.5024963021278381
1826.png,H0,H1,H0->H1,0.9982269406318665,0.001773059368133545,0.313340425491333
1827.png,H0,H1,H0->H1,0.9966825842857361,0.003317415714263916,0.5024963021278381
1829.png,H0,H1,H0->H1,0.9980417490005493,0.0019582509994506836,0.3754900395870209
1834.png,H0,H1,H0->H1,0.9973010420799255,0.002698957920074463,0.43615567684173584
1835.png,H0,H1,H0->H1,0.9966825842857361,0.003317415714263916,0.5024963021278381
1843.png,H0,H1,H0->H1,0.9943498373031616,0.005650162696838379,0.5001981258392334
1847.png,H0,H1,H0->H1,0.9931697845458984,0.0068302154541015625,0.6304459571838379
1852.png,H0,H1,H0->H1,0.9983810186386108,0.0016189813613891602,0.29390740394592285
1853.png,H0,H1,H0->H1,0.9885544180870056,0.011445581912994385,0.8069457411766052
1858.png,H0,H1,H0->H1,0.9963610172271729,0.0036389827728271484,0.42046815156936646
1863.png,H0,H1,H0->H1,0.9885544180870056,0.011445581912994385,0.8069457411766052
1869.png,H0,H1,H0->H1,0.9967575073242188,0.00324249267578125,0.4489583373069763
1879.png,H0,H1,H0->H1,0.9966155290603638,0.0033844709396362305,0.452750027179718
1880.png,H0,H1,H0->H1,0.9963610172271729,0.0036389827728271484,0.42046815156936646
1882.png,H0,H1,H0->H1,0.9978047013282776,0.002195298671722412,0.30973073840141296
1886.png,H0,H1,H0->H1,0.9983810186386108,0.0016189813613891602,0.29390740394592285
1890.png,H0,H1,H0->H1,0.9978474378585815,0.002152562141418457,0.3671199083328247
1894.png,H0,H1,H0->H1,0.9962424039840698,0.0037575960159301758,0.5122106671333313
1900.png,H0,H1,H0->H1,0.9978047013282776,0.002195298671722412,0.30973073840141296
1901.png,H0,H1,H0->H1,0.9966155290603638,0.0033844709396362305,0.452750027179718
1902.png,H0,H1,H0->H1,0.9931697845458984,0.0068302154541015625,0.6304459571838379
1910.png,H0,H1,H0->H1,0.9984530806541443,0.0015469193458557129,0.3541925549507141
1911.png,H0,H1,H0->H1,0.9984531402587891,0.0015468597412109375,0.28618356585502625
1917.png,H0,H1,H0->H1,0.9978047013282776,0.002195298671722412,0.30973073840141296
1933.png,H0,H1,H0->H1,0.9889812469482422,0.011018753051757812,0.7957764863967896
1941.png,H0,H1,H0->H1,0.9970033168792725,0.002996683120727539,0.43761733174324036
1949.png,H0,H1,H0->H1,0.9970551133155823,0.0029448866844177246,0.4557614028453827
1950.png,H0,H1,H0->H1,0.9984159469604492,0.0015840530395507812,0.3081599473953247
1951.png,H0,H1,H0->H1,0.9984159469604492,0.0015840530395507812,0.3081599473953247
1955.png,H0,H1,H0->H1,0.9967684745788574,0.003231525421142578,0.4727573096752167
1957.png,H0,H1,H0->H1,0.9967575073242188,0.00324249267578125,0.4489583373069763
1978.png,H0,H1,H0->H1,0.9962424039840698,0.0037575960159301758,0.5122106671333313
1981.png,H0,H1,H0->H1,0.9963610172271729,0.0036389827728271484,0.42046815156936646
1984.png,H0,H1,H0->H1,0.9978047013282776,0.002195298671722412,0.30973073840141296
1986.png,H0,H1,H0->H1,0.9889812469482422,0.011018753051757812,0.7957764863967896
1988.png,H0,H1,H0->H1,0.9973365068435669,0.0026634931564331055,0.3828250467777252
2002.png,H0,H1,H0->H1,0.9984531402587891,0.0015468597412109375,0.28618356585502625
2003.png,H0,H1,H0->H1,0.9943498373031616,0.005650162696838379,0.5001981258392334
2006.png,H0,H1,H0->H1,0.9984530806541443,0.0015469193458557129,0.3541925549507141
2007.png,H0,H1,H0->H1,0.9978047013282776,0.002195298671722412,0.30973073840141296
2008.png,H0,H1,H0->H1,0.9978047013282776,0.002195298671722412,0.30973073840141296
2009.png,H0,H1,H0->H1,0.9968783855438232,0.003121614456176758,0.40636375546455383
2014.png,H0,H1,H0->H1,0.9889812469482422,0.011018753051757812,0.7957764863967896
2026.png,H0,H1,H0->H1,0.9966155290603638,0.0033844709396362305,0.452750027179718
2029.png,H0,H1,H0->H1,0.9967684745788574,0.003231525421142578,0.4727573096752167
2031.png,H0,H1,H0->H1,0.9885544180870056,0.011445581912994385,0.8069457411766052
2039.png,H0,H1,H0->H1,0.9983810186386108,0.0016189813613891602,0.29390740394592285
2055.png,H0,H1,H0->H1,0.9984159469604492,0.0015840530395507812,0.3081599473953247
2062.png,H0,H1,H0->H1,0.9967575073242188,0.00324249267578125,0.4489583373069763
2064.png,H0,H1,H0->H1,0.9978474378585815,0.002152562141418457,0.3671199083328247
2065.png,H0,H1,H0->H1,0.9973365068435669,0.0026634931564331055,0.3828250467777252
2066.png,H0,H1,H0->H1,0.9967684745788574,0.003231525421142578,0.4727573096752167
2075.png,H0,H1,H0->H1,0.9973365068435669,0.0026634931564331055,0.3828250467777252
2076.png,H0,H1,H0->H1,0.9931697845458984,0.0068302154541015625,0.6304459571838379
2082.png,H0,H1,H0->H1,0.9970551133155823,0.0029448866844177246,0.4557614028453827
2108.png,H0,H1,H0->H1,0.9967575073242188,0.00324249267578125,0.4489583373069763
2110.png,H0,H1,H0->H1,0.9967575073242188,0.00324249267578125,0.4489583373069763
2118.png,H0,H1,H0->H1,0.9967575073242188,0.00324249267578125,0.4489583373069763
2127.png,H0,H1,H0->H1,0.9885544180870056,0.011445581912994385,0.8069457411766052
2136.png,H0,H1,H0->H1,0.9968783855438232,0.003121614456176758,0.40636375546455383
2137.png,H0,H1,H0->H1,0.9970033168792725,0.002996683120727539,0.43761733174324036
2148.png,H0,H1,H0->H1,0.9885544180870056,0.011445581912994385,0.8069457411766052
2170.png,H0,H1,H0->H1,0.9984159469604492,0.0015840530395507812,0.3081599473953247
2176.png,H0,H1,H0->H1,0.9970033168792725,0.002996683120727539,0.43761733174324036
2178.png,H0,H1,H0->H1,0.9973365068435669,0.0026634931564331055,0.3828250467777252
2182.png,H0,H1,H0->H1,0.9966155290603638,0.0033844709396362305,0.452750027179718
2188.png,H0,H1,H0->H1,0.9983810186386108,0.0016189813613891602,0.29390740394592285
2208.png,H0,H1,H0->H1,0.9967684745788574,0.003231525421142578,0.4727573096752167
2211.png,H0,H1,H0->H1,0.9982179403305054,0.001782059669494629,0.30046021938323975
2213.png,H0,H1,H0->H1,0.9968783855438232,0.003121614456176758,0.40636375546455383
2214.png,H0,H1,H0->H1,0.9983810186386108,0.0016189813613891602,0.29390740394592285
2221.png,H0,H1,H0->H1,0.9885544180870056,0.011445581912994385,0.8069457411766052
2226.png,H0,H1,H0->H1,0.9889812469482422,0.011018753051757812,0.7957764863967896
2227.png,H0,H1,H0->H1,0.9943498373031616,0.005650162696838379,0.5001981258392334
2237.png,H0,H1,H0->H1,0.9931697845458984,0.0068302154541015625,0.6304459571838379
2241.png,H0,H1,H0->H1,0.9973365068435669,0.0026634931564331055,0.3828250467777252
2244.png,H0,H1,H0->H1,0.9973365068435669,0.0026634931564331055,0.3828250467777252
2245.png,H0,H1,H0->H1,0.9963610172271729,0.0036389827728271484,0.42046815156936646
2246.png,H0,H1,H0->H1,0.9978474378585815,0.002152562141418457,0.3671199083328247
2248.png,H0,H1,H0->H1,0.9943498373031616,0.005650162696838379,0.5001981258392334
2259.png,H0,H1,H0->H1,0.9966155290603638,0.0033844709396362305,0.452750027179718
2272.png,H0,H1,H0->H1,0.9984159469604492,0.0015840530395507812,0.3081599473953247
2277.png,H0,H1,H0->H1,0.9967575073242188,0.00324249267578125,0.4489583373069763
2278.png,H0,H1,H0->H1,0.9973365068435669,0.0026634931564331055,0.3828250467777252
2293.png,H0,H1,H0->H1,0.9931697845458984,0.0068302154541015625,0.6304459571838379
2326.png,H0,H1,H0->H1,0.9967575073242188,0.00324249267578125,0.4489583373069763
2344.png,H0,H1,H0->H1,0.9970033168792725,0.002996683120727539,0.43761733174324036
2353.png,H0,H1,H0->H1,0.9973365068435669,0.0026634931564331055,0.3828250467777252
2364.png,H0,H1,H0->H1,0.9970033168792725,0.002996683120727539,0.43761733174324036
2384.png,H0,H1,H0->H1,0.9984159469604492,0.0015840530395507812,0.3081599473953247
2386.png,H0,H1,H0->H1,0.9967575073242188,0.00324249267578125,0.4489583373069763
2388.png,H0,H1,H0->H1,0.9970033168792725,0.002996683120727539,0.43761733174324036
2389.png,H0,H1,H0->H1,0.9943498373031616,0.005650162696838379,0.5001981258392334
2392.png,H0,H1,H0->H1,0.9962424039840698,0.0037575960159301758,0.5122106671333313
2395.png,H0,H1,H0->H1,0.9943498373031616,0.005650162696838379,0.5001981258392334
2399.png,H0,H1,H0->H1,0.9983810186386108,0.0016189813613891602,0.29390740394592285
2400.png,H0,H1,H0->H1,0.9889812469482422,0.011018753051757812,0.7957764863967896
2401.png,H0,H1,H0->H1,0.9972769021987915,0.002723097801208496,0.37716296315193176
2406.png,H0,H1,H0->H1,0.9967684745788574,0.003231525421142578,0.4727573096752167
2423.png,H0,H1,H0->H1,0.9963610172271729,0.0036389827728271484,0.42046815156936646
2424.png,H0,H1,H0->H1,0.9984531402587891,0.0015468597412109375,0.28618356585502625
2430.png,H0,H1,H0->H1,0.9970033168792725,0.002996683120727539,0.43761733174324036
2442.png,H0,H1,H0->H1,0.9984530806541443,0.0015469193458557129,0.3541925549507141
2459.png,H0,H1,H0->H1,0.9970033168792725,0.002996683120727539,0.43761733174324036
2472.png,H0,H1,H0->H1,0.9984159469604492,0.0015840530395507812,0.3081599473953247
2474.png,H0,H1,H0->H1,0.9978047013282776,0.002195298671722412,0.30973073840141296
2486.png,H0,H1,H0->H1,0.9968783855438232,0.003121614456176758,0.40636375546455383
2489.png,H0,H1,H0->H1,0.9982179403305054,0.001782059669494629,0.30046021938323975
2503.png,H0,H1,H0->H1,0.9962424039840698,0.0037575960159301758,0.5122106671333313
2504.png,H0,H1,H0->H1,0.9889812469482422,0.011018753051757812,0.7957764863967896
2511.png,H0,H1,H0->H1,0.9962424039840698,0.0037575960159301758,0.5122106671333313
2520.png,H0,H1,H0->H1,0.9931697845458984,0.0068302154541015625,0.6304459571838379
2522.png,H0,H1,H0->H1,0.9967575073242188,0.00324249267578125,0.4489583373069763
2523.png,H0,H1,H0->H1,0.9984159469604492,0.0015840530395507812,0.3081599473953247
2532.png,H0,H1,H0->H1,0.9970033168792725,0.002996683120727539,0.43761733174324036
2533.png,H0,H1,H0->H1,0.9889812469482422,0.011018753051757812,0.7957764863967896
2537.png,H0,H1,H0->H1,0.9984530806541443,0.0015469193458557129,0.3541925549507141
2542.png,H0,H1,H0->H1,0.9967575073242188,0.00324249267578125,0.4489583373069763
2545.png,H0,H1,H0->H1,0.9967575073242188,0.00324249267578125,0.4489583373069763
2555.png,H0,H1,H0->H1,0.9982179403305054,0.001782059669494629,0.30046021938323975
2556.png,H0,H1,H0->H1,0.9970033168792725,0.002996683120727539,0.43761733174324036
2557.png,H0,H1,H0->H1,0.9973365068435669,0.0026634931564331055,0.3828250467777252
2565.png,H0,H1,H0->H1,0.9972769021987915,0.002723097801208496,0.37716296315193176
2575.png,H0,H1,H0->H1,0.9978047013282776,0.002195298671722412,0.30973073840141296
2577.png,H0,H1,H0->H1,0.9967684745788574,0.003231525421142578,0.4727573096752167
2581.png,H0,H1,H0->H1,0.9966155290603638,0.0033844709396362305,0.452750027179718
2582.png,H0,H1,H0->H1,0.9983810186386108,0.0016189813613891602,0.29390740394592285
2589.png,H0,H1,H0->H1,0.9967684745788574,0.003231525421142578,0.4727573096752167
2590.png,H0,H1,H0->H1,0.9984531402587891,0.0015468597412109375,0.28618356585502625
2591.png,H0,H1,H0->H1,0.9983810186386108,0.0016189813613891602,0.29390740394592285
2592.png,H0,H1,H0->H1,0.9966155290603638,0.0033844709396362305,0.452750027179718
2593.png,H0,H1,H0->H1,0.9962424039840698,0.0037575960159301758,0.5122106671333313
2594.png,H0,H1,H0->H1,0.9968783855438232,0.003121614456176758,0.40636375546455383
2602.png,H0,H1,H0->H1,0.9966155290603638,0.0033844709396362305,0.452750027179718
2605.png,H0,H1,H0->H1,0.9978047013282776,0.002195298671722412,0.30973073840141296
2608.png,H0,H1,H0->H1,0.9972769021987915,0.002723097801208496,0.37716296315193176
2609.png,H0,H1,H0->H1,0.9963610172271729,0.0036389827728271484,0.42046815156936646
2623.png,H0,H1,H0->H1,0.9983810186386108,0.0016189813613891602,0.29390740394592285
2656.png,H0,H1,H0->H1,0.9967684745788574,0.003231525421142578,0.4727573096752167
2660.png,H0,H1,H0->H1,0.9983810186386108,0.0016189813613891602,0.29390740394592285
2680.png,H0,H1,H0->H1,0.9967575073242188,0.00324249267578125,0.4489583373069763
2685.png,H0,H1,H0->H1,0.9984530806541443,0.0015469193458557129,0.3541925549507141
2701.png,H0,H1,H0->H1,0.9962424039840698,0.0037575960159301758,0.5122106671333313
2703.png,H0,H1,H0->H1,0.9963610172271729,0.0036389827728271484,0.42046815156936646
2705.png,H0,H1,H0->H1,0.9984159469604492,0.0015840530395507812,0.3081599473953247
2706.png,H0,H1,H0->H1,0.9984530806541443,0.0015469193458557129,0.3541925549507141
2716.png,H0,H1,H0->H1,0.9962424039840698,0.0037575960159301758,0.5122106671333313
2720.png,H0,H1,H0->H1,0.9963610172271729,0.0036389827728271484,0.42046815156936646
2721.png,H0,H1,H0->H1,0.9967684745788574,0.003231525421142578,0.4727573096752167
2723.png,H0,H1,H0->H1,0.9984531402587891,0.0015468597412109375,0.28618356585502625
2740.png,H0,H1,H0->H1,0.9967575073242188,0.00324249267578125,0.4489583373069763
2752.png,H0,H1,H0->H1,0.9967575073242188,0.00324249267578125,0.4489583373069763
2754.png,H0,H1,H0->H1,0.9963610172271729,0.0036389827728271484,0.42046815156936646
2766.png,H0,H1,H0->H1,0.9966155290603638,0.0033844709396362305,0.452750027179718
2768.png,H0,H1,H0->H1,0.9931697845458984,0.0068302154541015625,0.6304459571838379
2771.png,H0,H1,H0->H1,0.9970551133155823,0.0029448866844177246,0.4557614028453827
2781.png,H0,H1,H0->H1,0.9962424039840698,0.0037575960159301758,0.5122106671333313
2782.png,H0,H1,H0->H1,0.9931697845458984,0.0068302154541015625,0.6304459571838379
2784.png,H0,H1,H0->H1,0.9983810186386108,0.0016189813613891602,0.29390740394592285
2787.png,H0,H1,H0->H1,0.9962424039840698,0.0037575960159301758,0.5122106671333313
2794.png,H0,H1,H0->H1,0.9973365068435669,0.0026634931564331055,0.3828250467777252
2801.png,H0,H1,H0->H1,0.9984159469604492,0.0015840530395507812,0.3081599473953247
2807.png,H0,H1,H0->H1,0.9972769021987915,0.002723097801208496,0.37716296315193176
2810.png,H0,H1,H0->H1,0.9973365068435669,0.0026634931564331055,0.3828250467777252
2816.png,H0,H1,H0->H1,0.9889812469482422,0.011018753051757812,0.7957764863967896
2825.png,H0,H1,H0->H1,0.9962424039840698,0.0037575960159301758,0.5122106671333313
2827.png,H0,H1,H0->H1,0.9967575073242188,0.00324249267578125,0.4489583373069763
2835.png,H0,H1,H0->H1,0.9978047013282776,0.002195298671722412,0.30973073840141296
2846.png,H0,H1,H0->H1,0.9973365068435669,0.0026634931564331055,0.3828250467777252
2866.png,H0,H1,H0->H1,0.9984531402587891,0.0015468597412109375,0.28618356585502625
2871.png,H0,H1,H0->H1,0.9983810186386108,0.0016189813613891602,0.29390740394592285
2875.png,H0,H1,H0->H1,0.9967684745788574,0.003231525421142578,0.4727573096752167
2877.png,H0,H1,H0->H1,0.9970033168792725,0.002996683120727539,0.43761733174324036
2878.png,H0,H1,H0->H1,0.9962424039840698,0.0037575960159301758,0.5122106671333313
2882.png,H0,H1,H0->H1,0.9962424039840698,0.0037575960159301758,0.5122106671333313
2883.png,H0,H1,H0->H1,0.9966155290603638,0.0033844709396362305,0.452750027179718
2884.png,H0,H1,H0->H1,0.9966155290603638,0.0033844709396362305,0.452750027179718
2885.png,H0,H1,H0->H1,0.9970033168792725,0.002996683120727539,0.43761733174324036
2886.png,H0,H1,H0->H1,0.9970033168792725,0.002996683120727539,0.43761733174324036
2891.png,H0,H1,H0->H1,0.9963610172271729,0.0036389827728271484,0.42046815156936646
2895.png,H0,H1,H0->H1,0.9963610172271729,0.0036389827728271484,0.42046815156936646
2897.png,H0,H1,H0->H1,0.9968783855438232,0.003121614456176758,0.40636375546455383
2898.png,H0,H1,H0->H1,0.9973365068435669,0.0026634931564331055,0.3828250467777252
2910.png,H0,H1,H0->H1,0.9967684745788574,0.003231525421142578,0.4727573096752167
2912.png,H0,H1,H0->H1,0.9967684745788574,0.003231525421142578,0.4727573096752167
2916.png,H0,H1,H0->H1,0.9962424039840698,0.0037575960159301758,0.5122106671333313
2920.png,H0,H1,H0->H1,0.9967684745788574,0.003231525421142578,0.4727573096752167
2924.png,H0,H1,H0->H1,0.9970033168792725,0.002996683120727539,0.43761733174324036
2927.png,H0,H1,H0->H1,0.9885544180870056,0.011445581912994385,0.8069457411766052
2933.png,H0,H1,H0->H1,0.9970033168792725,0.002996683120727539,0.43761733174324036
2940.png,H0,H1,H0->H1,0.9972769021987915,0.002723097801208496,0.37716296315193176
2941.png,H0,H1,H0->H1,0.9972769021987915,0.002723097801208496,0.37716296315193176
2943.png,H0,H1,H0->H1,0.9970033168792725,0.002996683120727539,0.43761733174324036
2947.png,H0,H1,H0->H1,0.9982179403305054,0.001782059669494629,0.30046021938323975
2951.png,H0,H1,H0->H1,0.9970033168792725,0.002996683120727539,0.43761733174324036
2955.png,H0,H1,H0->H1,0.9885544180870056,0.011445581912994385,0.8069457411766052
2957.png,H0,H1,H0->H1,0.9967575073242188,0.00324249267578125,0.4489583373069763
2958.png,H0,H1,H0->H1,0.9967684745788574,0.003231525421142578,0.4727573096752167
2959.png,H0,H1,H0->H1,0.9967575073242188,0.00324249267578125,0.4489583373069763
2961.png,H0,H1,H0->H1,0.9963610172271729,0.0036389827728271484,0.42046815156936646
2968.png,H0,H1,H0->H1,0.9966155290603638,0.0033844709396362305,0.452750027179718
2969.png,H0,H1,H0->H1,0.9963610172271729,0.0036389827728271484,0.42046815156936646
2977.png,H0,H1,H0->H1,0.9962424039840698,0.0037575960159301758,0.5122106671333313
2978.png,H0,H1,H0->H1,0.9967684745788574,0.003231525421142578,0.4727573096752167
2979.png,H0,H1,H0->H1,0.9889812469482422,0.011018753051757812,0.7957764863967896
2980.png,H0,H1,H0->H1,0.9970033168792725,0.002996683120727539,0.43761733174324036
2981.png,H0,H1,H0->H1,0.9967684745788574,0.003231525421142578,0.4727573096752167
2982.png,H0,H1,H0->H1,0.9970551133155823,0.0029448866844177246,0.4557614028453827
2984.png,H0,H1,H0->H1,0.9966155290603638,0.0033844709396362305,0.452750027179718
2990.png,H0,H1,H0->H1,0.9984530806541443,0.0015469193458557129,0.3541925549507141
2991.png,H0,H1,H0->H1,0.9967684745788574,0.003231525421142578,0.4727573096752167
3001.png,H0,H1,H0->H1,0.9963610172271729,0.0036389827728271484,0.42046815156936646
3008.png,H0,H1,H0->H1,0.9982179403305054,0.001782059669494629,0.30046021938323975
3015.png,H0,H1,H0->H1,0.9968783855438232,0.003121614456176758,0.40636375546455383
3016.png,H0,H1,H0->H1,0.9967575073242188,0.00324249267578125,0.4489583373069763
3018.png,H0,H1,H0->H1,0.9967684745788574,0.003231525421142578,0.4727573096752167
3021.png,H0,H1,H0->H1,0.9885544180870056,0.011445581912994385,0.8069457411766052
3031.png,H0,H1,H0->H1,0.9984159469604492,0.0015840530395507812,0.3081599473953247
3039.png,H0,H1,H0->H1,0.9885544180870056,0.011445581912994385,0.8069457411766052
3045.png,H0,H1,H0->H1,0.9967684745788574,0.003231525421142578,0.4727573096752167
3046.png,H0,H1,H0->H1,0.9889812469482422,0.011018753051757812,0.7957764863967896
3047.png,H0,H1,H0->H1,0.9970033168792725,0.002996683120727539,0.43761733174324036
3051.png,H0,H1,H0->H1,0.9970033168792725,0.002996683120727539,0.43761733174324036
3056.png,H0,H1,H0->H1,0.9970033168792725,0.002996683120727539,0.43761733174324036
3063.png,H0,H1,H0->H1,0.9954133629798889,0.004586637020111084,0.41037827730178833
7.png,H1,H2,H1->H2,0.9999999403953552,5.960464477539063e-08,0.0
13.png,H1,H2,H1->H2,0.9969659447669983,0.003034055233001709,0.41189175844192505
16.png,H1,H2,H1->H2,0.9937366247177124,0.006263375282287598,0.6315036416053772
25.png,H1,H2,H1->H2,1.0,0.0,0.0
28.png,H1,H2,H1->H2,1.0,0.0,0.0
32.png,H1,H2,H1->H2,1.0,0.0,0.0
41.png,H1,H2,H1->H2,0.9638160467147827,0.036183953285217285,1.2450367212295532
55.png,H1,H2,H1->H2,0.9569269418716431,0.043073058128356934,1.2472668886184692
56.png,H1,H2,H1->H2,0.9969659447669983,0.003034055233001709,0.41189175844192505
66.png,H1,H2,H1->H2,0.9569269418716431,0.043073058128356934,1.2472668886184692
67.png,H1,H2,H1->H2,0.9937366247177124,0.006263375282287598,0.6315036416053772
70.png,H1,H2,H1->H2,0.9707013368606567,0.02929866313934326,1.1423516273498535
86.png,H1,H2,H1->H2,1.0,0.0,0.0
93.png,H1,H2,H1->H2,0.9707013368606567,0.02929866313934326,1.1423516273498535
99.png,H1,H2,H1->H2,0.9901973605155945,0.009802639484405518,0.7157571911811829
100.png,H1,H2,H1->H2,0.9679651260375977,0.032034873962402344,1.155426263809204
102.png,H1,H2,H1->H2,0.9713174104690552,0.028682589530944824,1.3068759441375732
108.png,H1,H2,H1->H2,1.0,0.0,0.0
114.png,H1,H2,H1->H2,0.9713174104690552,0.028682589530944824,1.3068759441375732
117.png,H1,H2,H1->H2,0.970349133014679,0.029650866985321045,1.1648482084274292
121.png,H1,H2,H1->H2,0.9934290051460266,0.006570994853973389,0.703538715839386
122.png,H1,H2,H1->H2,0.9969659447669983,0.003034055233001709,0.41189175844192505
124.png,H1,H2,H1->H2,1.0,0.0,0.0
128.png,H1,H2,H1->H2,0.9569269418716431,0.043073058128356934,1.2472668886184692
131.png,H1,H2,H1->H2,0.9934290051460266,0.006570994853973389,0.703538715839386
138.png,H1,H2,H1->H2,0.994351327419281,0.005648672580718994,0.6262884140014648
150.png,H1,H2,H1->H2,1.0,0.0,0.0
152.png,H1,H2,H1->H2,1.0,0.0,0.0
156.png,H1,H2,H1->H2,0.9707013368606567,0.02929866313934326,1.1423516273498535
167.png,H1,H2,H1->H2,0.9713174104690552,0.028682589530944824,1.3068759441375732
169.png,H1,H2,H1->H2,1.0,0.0,0.0
174.png,H1,H2,H1->H2,0.9999998807907104,1.1920928955078125e-07,0.0
183.png,H1,H2,H1->H2,0.9713174104690552,0.028682589530944824,1.3068759441375732
198.png,H1,H2,H1->H2,0.9999998807907104,1.1920928955078125e-07,0.0
211.png,H1,H2,H1->H2,0.9969659447669983,0.003034055233001709,0.41189175844192505
217.png,H1,H2,H1->H2,0.9999998807907104,1.1920928955078125e-07,0.0
223.png,H1,H2,H1->H2,0.9901973605155945,0.009802639484405518,0.7157571911811829
228.png,H1,H2,H1->H2,0.9937366247177124,0.006263375282287598,0.6315036416053772
233.png,H1,H2,H1->H2,0.9937366247177124,0.006263375282287598,0.6315036416053772
234.png,H1,H2,H1->H2,0.994351327419281,0.005648672580718994,0.6262884140014648
238.png,H1,H2,H1->H2,0.9901973605155945,0.009802639484405518,0.7157571911811829
246.png,H1,H2,H1->H2,0.9999998807907104,1.1920928955078125e-07,0.0
256.png,H1,H2,H1->H2,1.0,0.0,0.0
262.png,H1,H2,H1->H2,0.9969659447669983,0.003034055233001709,0.41189175844192505
263.png,H1,H2,H1->H2,1.0,0.0,0.0
284.png,H1,H2,H1->H2,0.9934290051460266,0.006570994853973389,0.703538715839386
296.png,H1,H2,H1->H2,0.9999998807907104,1.1920928955078125e-07,0.0
304.png,H1,H2,H1->H2,0.994351327419281,0.005648672580718994,0.6262884140014648
311.png,H1,H2,H1->H2,0.9999998807907104,1.1920928955078125e-07,0.0
321.png,H1,H2,H1->H2,1.0,0.0,0.0
323.png,H1,H2,H1->H2,0.9901973605155945,0.009802639484405518,0.7157571911811829
324.png,H1,H2,H1->H2,0.9901973605155945,0.009802639484405518,0.7157571911811829
332.png,H1,H2,H1->H2,0.970349133014679,0.029650866985321045,1.1648482084274292
333.png,H1,H2,H1->H2,1.0,0.0,0.0
350.png,H1,H2,H1->H2,0.9937366247177124,0.006263375282287598,0.6315036416053772
351.png,H1,H2,H1->H2,0.9999998807907104,1.1920928955078125e-07,0.0
354.png,H1,H2,H1->H2,0.994351327419281,0.005648672580718994,0.6262884140014648
404.png,H1,H2,H1->H2,1.0,0.0,0.0
415.png,H1,H2,H1->H2,0.9901973605155945,0.009802639484405518,0.7157571911811829
429.png,H1,H2,H1->H2,0.9999998807907104,1.1920928955078125e-07,0.0
442.png,H1,H2,H1->H2,0.9901973605155945,0.009802639484405518,0.7157571911811829
443.png,H1,H2,H1->H2,1.0,0.0,0.0
445.png,H1,H2,H1->H2,0.9999998807907104,1.1920928955078125e-07,0.0
452.png,H1,H2,H1->H2,0.9668151140213013,0.03318488597869873,1.2873841524124146
457.png,H1,H2,H1->H2,0.9569269418716431,0.043073058128356934,1.2472668886184692
472.png,H1,H2,H1->H2,0.9934290051460266,0.006570994853973389,0.703538715839386
473.png,H1,H2,H1->H2,0.9969659447669983,0.003034055233001709,0.41189175844192505
475.png,H1,H2,H1->H2,1.0,0.0,0.0
482.png,H1,H2,H1->H2,0.9999998807907104,1.1920928955078125e-07,0.0
483.png,H1,H2,H1->H2,0.9999999403953552,5.960464477539063e-08,0.0
484.png,H1,H2,H1->H2,0.9937366247177124,0.006263375282287598,0.6315036416053772
486.png,H1,H2,H1->H2,0.9999998807907104,1.1920928955078125e-07,0.0
494.png,H1,H2,H1->H2,0.9969659447669983,0.003034055233001709,0.41189175844192505
500.png,H1,H2,H1->H2,0.9999999403953552,5.960464477539063e-08,0.0
506.png,H1,H2,H1->H2,0.9901973605155945,0.009802639484405518,0.7157571911811829
507.png,H1,H2,H1->H2,1.0,0.0,0.0
518.png,H1,H2,H1->H2,0.9638160467147827,0.036183953285217285,1.2450367212295532
519.png,H1,H2,H1->H2,0.9668151140213013,0.03318488597869873,1.2873841524124146
543.png,H1,H2,H1->H2,1.0,0.0,0.0
550.png,H1,H2,H1->H2,0.9937366247177124,0.006263375282287598,0.6315036416053772
551.png,H1,H2,H1->H2,0.9707013368606567,0.02929866313934326,1.1423516273498535
558.png,H1,H2,H1->H2,0.9713174104690552,0.028682589530944824,1.3068759441375732
561.png,H1,H2,H1->H2,0.9934290051460266,0.006570994853973389,0.703538715839386
562.png,H1,H2,H1->H2,0.9934290051460266,0.006570994853973389,0.703538715839386
563.png,H1,H2,H1->H2,0.9668151140213013,0.03318488597869873,1.2873841524124146
579.png,H1,H2,H1->H2,0.9901973605155945,0.009802639484405518,0.7157571911811829
581.png,H1,H2,H1->H2,1.0,0.0,0.0
589.png,H1,H2,H1->H2,1.0,0.0,0.0
590.png,H1,H2,H1->H2,0.9999998807907104,1.1920928955078125e-07,0.0
592.png,H1,H2,H1->H2,0.9937366247177124,0.006263375282287598,0.6315036416053772
593.png,H1,H2,H1->H2,0.9901973605155945,0.009802639484405518,0.7157571911811829
601.png,H1,H2,H1->H2,0.9999998807907104,1.1920928955078125e-07,0.0
604.png,H1,H2,H1->H2,1.0,0.0,0.0
614.png,H1,H2,H1->H2,1.0,0.0,0.0
616.png,H1,H2,H1->H2,0.9999998807907104,1.1920928955078125e-07,0.0
621.png,H1,H2,H1->H2,0.9901973605155945,0.009802639484405518,0.7157571911811829
623.png,H1,H2,H1->H2,0.9934290051460266,0.006570994853973389,0.703538715839386
630.png,H1,H2,H1->H2,0.9569269418716431,0.043073058128356934,1.2472668886184692
633.png,H1,H2,H1->H2,1.0,0.0,0.0
670.png,H1,H2,H1->H2,1.0,0.0,0.0
675.png,H1,H2,H1->H2,0.9999998807907104,1.1920928955078125e-07,0.0
681.png,H1,H2,H1->H2,0.9999998807907104,1.1920928955078125e-07,0.0
687.png,H1,H2,H1->H2,0.9999998807907104,1.1920928955078125e-07,0.0
694.png,H1,H2,H1->H2,0.9638160467147827,0.036183953285217285,1.2450367212295532
695.png,H1,H2,H1->H2,1.0,0.0,0.0
712.png,H1,H2,H1->H2,0.9955729246139526,0.004427075386047363,0.5659756064414978
713.png,H1,H2,H1->H2,0.9775957465171814,0.022404253482818604,1.2241309881210327
714.png,H1,H2,H1->H2,1.0,0.0,0.0
723.png,H1,H2,H1->H2,1.0,0.0,0.0
727.png,H1,H2,H1->H2,0.9560011625289917,0.0439988374710083,1.6250309944152832
729.png,H1,H2,H1->H2,1.0,0.0,0.0
761.png,H1,H2,H1->H2,1.0000001192092896,-1.1920928955078125e-07,0.0
762.png,H1,H2,H1->H2,1.0,0.0,0.0
764.png,H1,H2,H1->H2,0.9999999403953552,5.960464477539063e-08,0.0
769.png,H1,H2,H1->H2,0.9943569898605347,0.005643010139465332,0.5728226900100708
776.png,H1,H2,H1->H2,1.0000001192092896,-1.1920928955078125e-07,0.0
780.png,H1,H2,H1->H2,0.9560011625289917,0.0439988374710083,1.6250309944152832
781.png,H1,H2,H1->H2,0.9650512933731079,0.03494870662689209,1.457067608833313
782.png,H1,H2,H1->H2,0.9560011625289917,0.0439988374710083,1.6250309944152832
794.png,H1,H2,H1->H2,0.9943569898605347,0.005643010139465332,0.5728226900100708
828.png,H1,H2,H1->H2,1.0000001192092896,-1.1920928955078125e-07,0.0
837.png,H1,H2,H1->H2,1.000000238418579,-2.384185791015625e-07,0.0
847.png,H1,H2,H1->H2,1.0000001192092896,-1.1920928955078125e-07,0.0
856.png,H1,H2,H1->H2,0.9943569898605347,0.005643010139465332,0.5728226900100708
865.png,H1,H2,H1->H2,1.0000001192092896,-1.1920928955078125e-07,0.0
867.png,H1,H2,H1->H2,0.9999998807907104,1.1920928955078125e-07,0.0
868.png,H1,H2,H1->H2,0.9930731058120728,0.006926894187927246,0.6657159924507141
900.png,H1,H2,H1->H2,1.0000001192092896,-1.1920928955078125e-07,0.0
915.png,H1,H2,H1->H2,1.0,0.0,0.0
921.png,H1,H2,H1->H2,0.9955729246139526,0.004427075386047363,0.5659756064414978
922.png,H1,H2,H1->H2,1.0000001192092896,-1.1920928955078125e-07,0.0
929.png,H1,H2,H1->H2,0.9746742844581604,0.0253257155418396,1.2774120569229126
933.png,H1,H2,H1->H2,1.0,0.0,0.0
935.png,H1,H2,H1->H2,1.0000001192092896,-1.1920928955078125e-07,0.0
939.png,H1,H2,H1->H2,1.0,0.0,0.0
942.png,H1,H2,H1->H2,0.9957756400108337,0.00422435998916626,0.6590310335159302
943.png,H1,H2,H1->H2,0.9955729246139526,0.004427075386047363,0.5659756064414978
944.png,H1,H2,H1->H2,1.0,0.0,0.0
945.png,H1,H2,H1->H2,1.0,0.0,0.0
954.png,H1,H2,H1->H2,0.9957756400108337,0.00422435998916626,0.6590310335159302
956.png,H1,H2,H1->H2,0.9960753321647644,0.003924667835235596,0.5374390482902527
958.png,H1,H2,H1->H2,0.9955729246139526,0.004427075386047363,0.5659756064414978
960.png,H1,H2,H1->H2,1.0,0.0,0.0
963.png,H1,H2,H1->H2,0.9957756400108337,0.00422435998916626,0.6590310335159302
982.png,H1,H2,H1->H2,1.0,0.0,0.0
992.png,H1,H2,H1->H2,1.0,0.0,0.0
994.png,H1,H2,H1->H2,1.0,0.0,0.0
1004.png,H1,H2,H1->H2,0.9703170657157898,0.029682934284210205,1.3094004392623901
1007.png,H1,H2,H1->H2,0.9957756400108337,0.00422435998916626,0.6590310335159302
1008.png,H1,H2,H1->H2,0.9960753321647644,0.003924667835235596,0.5374390482902527
1011.png,H1,H2,H1->H2,1.0,0.0,0.0
1015.png,H1,H2,H1->H2,0.9960753321647644,0.003924667835235596,0.5374390482902527
1016.png,H1,H2,H1->H2,0.9957756400108337,0.00422435998916626,0.6590310335159302
1023.png,H1,H2,H1->H2,0.9944970607757568,0.005502939224243164,0.5574552416801453
1027.png,H1,H2,H1->H2,0.9977408647537231,0.0022591352462768555,0.3804386854171753
1029.png,H1,H2,H1->H2,0.9775742888450623,0.022425711154937744,1.1447244882583618
1031.png,H1,H2,H1->H2,1.0,0.0,0.0
1035.png,H1,H2,H1->H2,0.9775742888450623,0.022425711154937744,1.1447244882583618
1037.png,H1,H2,H1->H2,0.9703170657157898,0.029682934284210205,1.3094004392623901
1039.png,H1,H2,H1->H2,0.9775957465171814,0.022404253482818604,1.2241309881210327
1040.png,H1,H2,H1->H2,1.0,0.0,0.0
1041.png,H1,H2,H1->H2,0.9746742844581604,0.0253257155418396,1.2774120569229126
1047.png,H1,H2,H1->H2,0.9740194082260132,0.025980591773986816,1.345094084739685
1053.png,H1,H2,H1->H2,1.0,0.0,0.0
1054.png,H1,H2,H1->H2,0.9775742888450623,0.022425711154937744,1.1447244882583618
1057.png,H1,H2,H1->H2,0.9955729246139526,0.004427075386047363,0.5659756064414978
1060.png,H1,H2,H1->H2,1.0,0.0,0.0
1061.png,H1,H2,H1->H2,0.9977408647537231,0.0022591352462768555,0.3804386854171753
1069.png,H1,H2,H1->H2,1.0,0.0,0.0
1072.png,H1,H2,H1->H2,0.9703170657157898,0.029682934284210205,1.3094004392623901
1073.png,H1,H2,H1->H2,1.0,0.0,0.0
1074.png,H1,H2,H1->H2,0.9766241312026978,0.023375868797302246,1.2295100688934326
1078.png,H1,H2,H1->H2,1.0,0.0,0.0
1084.png,H1,H2,H1->H2,0.9703170657157898,0.029682934284210205,1.3094004392623901
1085.png,H1,H2,H1->H2,0.9740194082260132,0.025980591773986816,1.345094084739685
1089.png,H1,H2,H1->H2,1.0000001192092896,-1.1920928955078125e-07,0.0
1092.png,H1,H2,H1->H2,1.0,0.0,0.0
1093.png,H1,H2,H1->H2,0.9977408647537231,0.0022591352462768555,0.3804386854171753
1096.png,H1,H2,H1->H2,0.9955729246139526,0.004427075386047363,0.5659756064414978
1103.png,H1,H2,H1->H2,0.9775742888450623,0.022425711154937744,1.1447244882583618
1107.png,H1,H2,H1->H2,0.9977408647537231,0.0022591352462768555,0.3804386854171753
1111.png,H1,H2,H1->H2,0.9740194082260132,0.025980591773986816,1.345094084739685
1113.png,H1,H2,H1->H2,0.9977408647537231,0.0022591352462768555,0.3804386854171753
1114.png,H1,H2,H1->H2,1.0,0.0,0.0
1118.png,H1,H2,H1->H2,0.9775957465171814,0.022404253482818604,1.2241309881210327
1120.png,H1,H2,H1->H2,0.9740194082260132,0.025980591773986816,1.345094084739685
1123.png,H1,H2,H1->H2,0.9977408647537231,0.0022591352462768555,0.3804386854171753
1124.png,H1,H2,H1->H2,0.9775742888450623,0.022425711154937744,1.1447244882583618
1125.png,H1,H2,H1->H2,0.9740194082260132,0.025980591773986816,1.345094084739685
1126.png,H1,H2,H1->H2,1.0,0.0,0.0
1130.png,H1,H2,H1->H2,1.0,0.0,0.0
1134.png,H1,H2,H1->H2,0.9775742888450623,0.022425711154937744,1.1447244882583618
1137.png,H1,H2,H1->H2,1.0,0.0,0.0
1138.png,H1,H2,H1->H2,0.9977408647537231,0.0022591352462768555,0.3804386854171753
1140.png,H1,H2,H1->H2,1.0,0.0,0.0
1144.png,H1,H2,H1->H2,1.0,0.0,0.0
1146.png,H1,H2,H1->H2,1.0,0.0,0.0
1148.png,H1,H2,H1->H2,0.9775742888450623,0.022425711154937744,1.1447244882583618
1149.png,H1,H2,H1->H2,0.9775742888450623,0.022425711154937744,1.1447244882583618
1150.png,H1,H2,H1->H2,0.9960753321647644,0.003924667835235596,0.5374390482902527
1156.png,H1,H2,H1->H2,0.9740194082260132,0.025980591773986816,1.345094084739685
1160.png,H1,H2,H1->H2,0.9703170657157898,0.029682934284210205,1.3094004392623901
1163.png,H1,H2,H1->H2,1.0,0.0,0.0
1165.png,H1,H2,H1->H2,0.9999999403953552,5.960464477539063e-08,0.0
1169.png,H1,H2,H1->H2,0.9977408647537231,0.0022591352462768555,0.3804386854171753
1170.png,H1,H2,H1->H2,0.9688926339149475,0.03110736608505249,1.3476765155792236
1177.png,H1,H2,H1->H2,0.9703170657157898,0.029682934284210205,1.3094004392623901
1178.png,H1,H2,H1->H2,0.9703170657157898,0.029682934284210205,1.3094004392623901
1179.png,H1,H2,H1->H2,0.9977408647537231,0.0022591352462768555,0.3804386854171753
1189.png,H1,H2,H1->H2,0.9775957465171814,0.022404253482818604,1.2241309881210327
1192.png,H1,H2,H1->H2,0.9957756400108337,0.00422435998916626,0.6590310335159302
1211.png,H1,H2,H1->H2,1.0,0.0,0.0
1223.png,H1,H2,H1->H2,0.9775742888450623,0.022425711154937744,1.1447244882583618
1225.png,H1,H2,H1->H2,0.9766241312026978,0.023375868797302246,1.2295100688934326
1239.png,H1,H2,H1->H2,0.9688926339149475,0.03110736608505249,1.3476765155792236
1241.png,H1,H2,H1->H2,0.9740194082260132,0.025980591773986816,1.345094084739685
1243.png,H1,H2,H1->H2,0.9977408647537231,0.0022591352462768555,0.3804386854171753
1246.png,H1,H2,H1->H2,0.9957756400108337,0.00422435998916626,0.6590310335159302
1247.png,H1,H2,H1->H2,0.9775957465171814,0.022404253482818604,1.2241309881210327
1248.png,H1,H2,H1->H2,1.0,0.0,0.0
1249.png,H1,H2,H1->H2,1.0,0.0,0.0
1250.png,H1,H2,H1->H2,0.9960753321647644,0.003924667835235596,0.5374390482902527
1251.png,H1,H2,H1->H2,1.0000001192092896,-1.1920928955078125e-07,0.0
1252.png,H1,H2,H1->H2,1.0,0.0,0.0
1253.png,H1,H2,H1->H2,1.0,0.0,0.0
1254.png,H1,H2,H1->H2,0.9775957465171814,0.022404253482818604,1.2241309881210327
1267.png,H1,H2,H1->H2,0.9775742888450623,0.022425711154937744,1.1447244882583618
1273.png,H1,H2,H1->H2,1.0,0.0,0.0
1279.png,H1,H2,H1->H2,0.9688926339149475,0.03110736608505249,1.3476765155792236
1280.png,H1,H2,H1->H2,0.9960753321647644,0.003924667835235596,0.5374390482902527
1281.png,H1,H2,H1->H2,1.0,0.0,0.0
1282.png,H1,H2,H1->H2,1.0,0.0,0.0
1283.png,H1,H2,H1->H2,0.9703170657157898,0.029682934284210205,1.3094004392623901
1293.png,H1,H2,H1->H2,0.9746742844581604,0.0253257155418396,1.2774120569229126
1309.png,H1,H2,H1->H2,0.9740194082260132,0.025980591773986816,1.345094084739685
1326.png,H1,H2,H1->H2,1.0,0.0,0.0
1331.png,H1,H2,H1->H2,1.0,0.0,0.0
1333.png,H1,H2,H1->H2,1.0,0.0,0.0
1334.png,H1,H2,H1->H2,1.0,0.0,0.0
1341.png,H1,H2,H1->H2,1.0,0.0,0.0
1345.png,H1,H2,H1->H2,1.0000001192092896,-1.1920928955078125e-07,0.0
1346.png,H1,H2,H1->H2,0.9960753321647644,0.003924667835235596,0.5374390482902527
1353.png,H1,H2,H1->H2,0.9957756400108337,0.00422435998916626,0.6590310335159302
1355.png,H1,H2,H1->H2,1.0000001192092896,-1.1920928955078125e-07,0.0
1361.png,H1,H2,H1->H2,0.9746742844581604,0.0253257155418396,1.2774120569229126
1364.png,H1,H2,H1->H2,1.0000001192092896,-1.1920928955078125e-07,0.0
1365.png,H1,H2,H1->H2,0.9703170657157898,0.029682934284210205,1.3094004392623901
1367.png,H1,H2,H1->H2,1.0,0.0,0.0
1368.png,H1,H2,H1->H2,0.9703170657157898,0.029682934284210205,1.3094004392623901
1370.png,H1,H2,H1->H2,1.0,0.0,0.0
1371.png,H1,H2,H1->H2,1.0,0.0,0.0
1372.png,H1,H2,H1->H2,1.0,0.0,0.0
1373.png,H1,H2,H1->H2,0.9775742888450623,0.022425711154937744,1.1447244882583618
1378.png,H1,H2,H1->H2,1.0,0.0,0.0
1380.png,H1,H2,H1->H2,0.9766241312026978,0.023375868797302246,1.2295100688934326
1381.png,H1,H2,H1->H2,0.9740194082260132,0.025980591773986816,1.345094084739685
1384.png,H1,H2,H1->H2,0.9746742844581604,0.0253257155418396,1.2774120569229126
1387.png,H1,H2,H1->H2,1.0,0.0,0.0
1388.png,H1,H2,H1->H2,0.9766241312026978,0.023375868797302246,1.2295100688934326
1397.png,H1,H2,H1->H2,0.9955729246139526,0.004427075386047363,0.5659756064414978
1398.png,H1,H2,H1->H2,1.0000001192092896,-1.1920928955078125e-07,0.0
1399.png,H1,H2,H1->H2,1.0,0.0,0.0
1401.png,H1,H2,H1->H2,0.9740194082260132,0.025980591773986816,1.345094084739685
1402.png,H1,H2,H1->H2,0.9766241312026978,0.023375868797302246,1.2295100688934326
1406.png,H1,H2,H1->H2,0.9740194082260132,0.025980591773986816,1.345094084739685
1407.png,H1,H2,H1->H2,1.0,0.0,0.0
1410.png,H1,H2,H1->H2,0.9740194082260132,0.025980591773986816,1.345094084739685
1411.png,H1,H2,H1->H2,0.9944970607757568,0.005502939224243164,0.5574552416801453
1425.png,H1,H2,H1->H2,0.9740194082260132,0.025980591773986816,1.345094084739685
1426.png,H1,H2,H1->H2,0.9703170657157898,0.029682934284210205,1.3094004392623901
1435.png,H1,H2,H1->H2,1.0,0.0,0.0
1436.png,H1,H2,H1->H2,1.0,0.0,0.0
1437.png,H1,H2,H1->H2,0.9999999403953552,5.960464477539063e-08,0.0
1442.png,H1,H2,H1->H2,0.9746742844581604,0.0253257155418396,1.2774120569229126
1457.png,H1,H2,H1->H2,0.9775742888450623,0.022425711154937744,1.1447244882583618
1458.png,H1,H2,H1->H2,1.0,0.0,0.0
1459.png,H1,H2,H1->H2,1.0,0.0,0.0
1461.png,H1,H2,H1->H2,0.9740194082260132,0.025980591773986816,1.345094084739685
1464.png,H1,H2,H1->H2,0.9766241312026978,0.023375868797302246,1.2295100688934326
1465.png,H1,H2,H1->H2,0.9957756400108337,0.00422435998916626,0.6590310335159302
1466.png,H1,H2,H1->H2,0.9775742888450623,0.022425711154937744,1.1447244882583618
1472.png,H1,H2,H1->H2,0.9955729246139526,0.004427075386047363,0.5659756064414978
1477.png,H1,H2,H1->H2,0.9740194082260132,0.025980591773986816,1.345094084739685
1480.png,H1,H2,H1->H2,1.0,0.0,0.0
1481.png,H1,H2,H1->H2,0.9775742888450623,0.022425711154937744,1.1447244882583618
1482.png,H1,H2,H1->H2,0.9999999403953552,5.960464477539063e-08,0.0
1483.png,H1,H2,H1->H2,1.0,0.0,0.0
1484.png,H1,H2,H1->H2,1.0,0.0,0.0
1485.png,H1,H2,H1->H2,1.0,0.0,0.0
1488.png,H1,H2,H1->H2,0.9766241312026978,0.023375868797302246,1.2295100688934326
1490.png,H1,H2,H1->H2,0.9703170657157898,0.029682934284210205,1.3094004392623901
1491.png,H1,H2,H1->H2,0.9688926339149475,0.03110736608505249,1.3476765155792236
1492.png,H1,H2,H1->H2,1.0,0.0,0.0
1493.png,H1,H2,H1->H2,0.9775957465171814,0.022404253482818604,1.2241309881210327
1495.png,H1,H2,H1->H2,1.0,0.0,0.0
1496.png,H1,H2,H1->H2,1.0,0.0,0.0
1497.png,H1,H2,H1->H2,1.0,0.0,0.0
1498.png,H1,H2,H1->H2,0.9766241312026978,0.023375868797302246,1.2295100688934326
1509.png,H1,H2,H1->H2,0.9775957465171814,0.022404253482818604,1.2241309881210327
1519.png,H1,H2,H1->H2,0.9775742888450623,0.022425711154937744,1.1447244882583618
1529.png,H1,H2,H1->H2,0.9775957465171814,0.022404253482818604,1.2241309881210327
1533.png,H1,H2,H1->H2,0.9766241312026978,0.023375868797302246,1.2295100688934326
1534.png,H1,H2,H1->H2,0.9944970607757568,0.005502939224243164,0.5574552416801453
1535.png,H1,H2,H1->H2,0.9746742844581604,0.0253257155418396,1.2774120569229126
1536.png,H1,H2,H1->H2,0.9775742888450623,0.022425711154937744,1.1447244882583618
1545.png,H1,H2,H1->H2,0.9775742888450623,0.022425711154937744,1.1447244882583618
1546.png,H1,H2,H1->H2,1.0,0.0,0.0
1547.png,H1,H2,H1->H2,1.0,0.0,0.0
1548.png,H1,H2,H1->H2,0.9775957465171814,0.022404253482818604,1.2241309881210327
1551.png,H1,H2,H1->H2,0.9746742844581604,0.0253257155418396,1.2774120569229126
1552.png,H1,H2,H1->H2,1.0000001192092896,-1.1920928955078125e-07,0.0
1555.png,H1,H2,H1->H2,0.9960753321647644,0.003924667835235596,0.5374390482902527
1559.png,H1,H2,H1->H2,1.0,0.0,0.0
1560.png,H1,H2,H1->H2,0.9775742888450623,0.022425711154937744,1.1447244882583618
1563.png,H1,H2,H1->H2,1.0,0.0,0.0
1564.png,H1,H2,H1->H2,1.0,0.0,0.0
1574.png,H1,H2,H1->H2,0.9957756400108337,0.00422435998916626,0.6590310335159302
1575.png,H1,H2,H1->H2,1.0,0.0,0.0
1577.png,H1,H2,H1->H2,1.0,0.0,0.0
1579.png,H1,H2,H1->H2,1.0,0.0,0.0
1583.png,H1,H2,H1->H2,0.9775957465171814,0.022404253482818604,1.2241309881210327
1585.png,H1,H2,H1->H2,0.9955729246139526,0.004427075386047363,0.5659756064414978
1587.png,H1,H2,H1->H2,1.0,0.0,0.0
1588.png,H1,H2,H1->H2,1.0,0.0,0.0
1590.png,H1,H2,H1->H2,1.0000001192092896,-1.1920928955078125e-07,0.0
1591.png,H1,H2,H1->H2,1.0,0.0,0.0
1596.png,H1,H2,H1->H2,0.9957756400108337,0.00422435998916626,0.6590310335159302
1600.png,H1,H2,H1->H2,0.9775742888450623,0.022425711154937744,1.1447244882583618
1601.png,H1,H2,H1->H2,0.9960753321647644,0.003924667835235596,0.5374390482902527
1619.png,H1,H2,H1->H2,1.0,0.0,0.0
1628.png,H1,H2,H1->H2,1.0000001192092896,-1.1920928955078125e-07,0.0
1629.png,H1,H2,H1->H2,1.0,0.0,0.0
1630.png,H1,H2,H1->H2,0.9740194082260132,0.025980591773986816,1.345094084739685
1644.png,H1,H2,H1->H2,1.0,0.0,0.0
1645.png,H1,H2,H1->H2,0.9746742844581604,0.0253257155418396,1.2774120569229126
1646.png,H1,H2,H1->H2,0.9957756400108337,0.00422435998916626,0.6590310335159302
1647.png,H1,H2,H1->H2,0.9955729246139526,0.004427075386047363,0.5659756064414978
1648.png,H1,H2,H1->H2,0.9688926339149475,0.03110736608505249,1.3476765155792236
1656.png,H1,H2,H1->H2,0.9977408647537231,0.0022591352462768555,0.3804386854171753
1657.png,H1,H2,H1->H2,0.9703170657157898,0.029682934284210205,1.3094004392623901
1665.png,H1,H2,H1->H2,1.0,0.0,0.0
1666.png,H1,H2,H1->H2,0.9775957465171814,0.022404253482818604,1.2241309881210327
1678.png,H1,H2,H1->H2,0.9775957465171814,0.022404253482818604,1.2241309881210327
1684.png,H1,H2,H1->H2,1.0,0.0,0.0
1685.png,H1,H2,H1->H2,1.0,0.0,0.0
1686.png,H1,H2,H1->H2,0.9775957465171814,0.022404253482818604,1.2241309881210327
1689.png,H1,H2,H1->H2,0.9740194082260132,0.025980591773986816,1.345094084739685
1696.png,H1,H2,H1->H2,1.0,0.0,0.0
1706.png,H1,H2,H1->H2,1.0,0.0,0.0
1715.png,H1,H2,H1->H2,0.9944970607757568,0.005502939224243164,0.5574552416801453
1716.png,H1,H2,H1->H2,0.9766241312026978,0.023375868797302246,1.2295100688934326
1718.png,H1,H2,H1->H2,0.9944970607757568,0.005502939224243164,0.5574552416801453
1727.png,H1,H2,H1->H2,1.0,0.0,0.0
1728.png,H1,H2,H1->H2,0.9766241312026978,0.023375868797302246,1.2295100688934326
1729.png,H1,H2,H1->H2,0.9746742844581604,0.0253257155418396,1.2774120569229126
1730.png,H1,H2,H1->H2,1.0,0.0,0.0
1734.png,H1,H2,H1->H2,0.9703170657157898,0.029682934284210205,1.3094004392623901
1735.png,H1,H2,H1->H2,0.9688926339149475,0.03110736608505249,1.3476765155792236
1736.png,H1,H2,H1->H2,0.9775957465171814,0.022404253482818604,1.2241309881210327
1740.png,H1,H2,H1->H2,1.0,0.0,0.0
1744.png,H1,H2,H1->H2,0.9955729246139526,0.004427075386047363,0.5659756064414978
1746.png,H1,H2,H1->H2,0.9957756400108337,0.00422435998916626,0.6590310335159302
1752.png,H1,H2,H1->H2,0.9775742888450623,0.022425711154937744,1.1447244882583618
1769.png,H1,H2,H1->H2,0.9775742888450623,0.022425711154937744,1.1447244882583618
1771.png,H1,H2,H1->H2,1.0,0.0,0.0
1773.png,H1,H2,H1->H2,0.9740194082260132,0.025980591773986816,1.345094084739685
1774.png,H1,H2,H1->H2,0.9977408647537231,0.0022591352462768555,0.3804386854171753
1776.png,H1,H2,H1->H2,1.0,0.0,0.0
1789.png,H1,H2,H1->H2,0.9955729246139526,0.004427075386047363,0.5659756064414978
1796.png,H1,H2,H1->H2,1.0,0.0,0.0
1798.png,H1,H2,H1->H2,0.9703170657157898,0.029682934284210205,1.3094004392623901
1807.png,H1,H2,H1->H2,0.9999999403953552,5.960464477539063e-08,0.0
1816.png,H1,H2,H1->H2,1.0,0.0,0.0
1824.png,H1,H2,H1->H2,1.0,0.0,0.0
1825.png,H1,H2,H1->H2,1.0,0.0,0.0
1826.png,H1,H2,H1->H2,1.0,0.0,0.0
1827.png,H1,H2,H1->H2,1.0,0.0,0.0
1829.png,H1,H2,H1->H2,0.9775957465171814,0.022404253482818604,1.2241309881210327
1834.png,H1,H2,H1->H2,0.9740194082260132,0.025980591773986816,1.345094084739685
1835.png,H1,H2,H1->H2,1.0,0.0,0.0
1843.png,H1,H2,H1->H2,0.9650512933731079,0.03494870662689209,1.457067608833313
1847.png,H1,H2,H1->H2,1.0,0.0,0.0
1852.png,H1,H2,H1->H2,1.000000238418579,-2.384185791015625e-07,0.0
1853.png,H1,H2,H1->H2,0.9938029050827026,0.006197094917297363,0.5946559906005859
1858.png,H1,H2,H1->H2,0.9560011625289917,0.0439988374710083,1.6250309944152832
1863.png,H1,H2,H1->H2,0.9938029050827026,0.006197094917297363,0.5946559906005859
1869.png,H1,H2,H1->H2,1.0000001192092896,-1.1920928955078125e-07,0.0
1879.png,H1,H2,H1->H2,0.9999998807907104,1.1920928955078125e-07,0.0
1880.png,H1,H2,H1->H2,0.9560011625289917,0.0439988374710083,1.6250309944152832
1882.png,H1,H2,H1->H2,0.9571695923805237,0.04283040761947632,1.5899196863174438
1886.png,H1,H2,H1->H2,1.000000238418579,-2.384185791015625e-07,0.0
1890.png,H1,H2,H1->H2,0.9946885108947754,0.005311489105224609,0.5634630918502808
1894.png,H1,H2,H1->H2,0.9999999403953552,5.960464477539063e-08,0.0
1900.png,H1,H2,H1->H2,0.9571695923805237,0.04283040761947632,1.5899196863174438
1901.png,H1,H2,H1->H2,0.9999998807907104,1.1920928955078125e-07,0.0
1902.png,H1,H2,H1->H2,1.0,0.0,0.0
1910.png,H1,H2,H1->H2,0.9978355765342712,0.0021644234657287598,0.387465238571167
1911.png,H1,H2,H1->H2,0.9999998807907104,1.1920928955078125e-07,0.0
1917.png,H1,H2,H1->H2,0.9571695923805237,0.04283040761947632,1.5899196863174438
1933.png,H1,H2,H1->H2,0.9943569898605347,0.005643010139465332,0.5728226900100708
1941.png,H1,H2,H1->H2,0.9930731058120728,0.006926894187927246,0.6657159924507141
1949.png,H1,H2,H1->H2,0.994621753692627,0.005378246307373047,0.6230281591415405
1950.png,H1,H2,H1->H2,0.9788179397583008,0.02118206024169922,1.0773435831069946
1951.png,H1,H2,H1->H2,0.9788179397583008,0.02118206024169922,1.0773435831069946
1955.png,H1,H2,H1->H2,0.9674844145774841,0.03251558542251587,1.327744483947754
1957.png,H1,H2,H1->H2,1.0000001192092896,-1.1920928955078125e-07,0.0
1978.png,H1,H2,H1->H2,0.9999999403953552,5.960464477539063e-08,0.0
1981.png,H1,H2,H1->H2,0.9560011625289917,0.0439988374710083,1.6250309944152832
1984.png,H1,H2,H1->H2,0.9571695923805237,0.04283040761947632,1.5899196863174438
1986.png,H1,H2,H1->H2,0.9943569898605347,0.005643010139465332,0.5728226900100708
1988.png,H1,H2,H1->H2,1.0000001192092896,-1.1920928955078125e-07,0.0
2002.png,H1,H2,H1->H2,0.9999998807907104,1.1920928955078125e-07,0.0
2003.png,H1,H2,H1->H2,0.9650512933731079,0.03494870662689209,1.457067608833313
2006.png,H1,H2,H1->H2,0.9978355765342712,0.0021644234657287598,0.387465238571167
2007.png,H1,H2,H1->H2,0.9571695923805237,0.04283040761947632,1.5899196863174438
2008.png,H1,H2,H1->H2,0.9571695923805237,0.04283040761947632,1.5899196863174438
2009.png,H1,H2,H1->H2,0.9613064527511597,0.03869354724884033,1.6519440412521362
2014.png,H1,H2,H1->H2,0.9943569898605347,0.005643010139465332,0.5728226900100708
2026.png,H1,H2,H1->H2,0.9999998807907104,1.1920928955078125e-07,0.0
2029.png,H1,H2,H1->H2,0.9674844145774841,0.03251558542251587,1.327744483947754
2031.png,H1,H2,H1->H2,0.9938029050827026,0.006197094917297363,0.5946559906005859
2039.png,H1,H2,H1->H2,1.000000238418579,-2.384185791015625e-07,0.0
2055.png,H1,H2,H1->H2,0.9788179397583008,0.02118206024169922,1.0773435831069946
2062.png,H1,H2,H1->H2,1.0000001192092896,-1.1920928955078125e-07,0.0
2064.png,H1,H2,H1->H2,0.9946885108947754,0.005311489105224609,0.5634630918502808
2065.png,H1,H2,H1->H2,1.0000001192092896,-1.1920928955078125e-07,0.0
2066.png,H1,H2,H1->H2,0.9674844145774841,0.03251558542251587,1.327744483947754
2075.png,H1,H2,H1->H2,1.0000001192092896,-1.1920928955078125e-07,0.0
2076.png,H1,H2,H1->H2,1.0,0.0,0.0
2082.png,H1,H2,H1->H2,0.994621753692627,0.005378246307373047,0.6230281591415405
2108.png,H1,H2,H1->H2,1.0000001192092896,-1.1920928955078125e-07,0.0
2110.png,H1,H2,H1->H2,1.0000001192092896,-1.1920928955078125e-07,0.0
2118.png,H1,H2,H1->H2,1.0000001192092896,-1.1920928955078125e-07,0.0
2127.png,H1,H2,H1->H2,0.9938029050827026,0.006197094917297363,0.5946559906005859
2136.png,H1,H2,H1->H2,0.9613064527511597,0.03869354724884033,1.6519440412521362
2137.png,H1,H2,H1->H2,0.9930731058120728,0.006926894187927246,0.6657159924507141
2148.png,H1,H2,H1->H2,0.9938029050827026,0.006197094917297363,0.5946559906005859
2170.png,H1,H2,H1->H2,0.9788179397583008,0.02118206024169922,1.0773435831069946
2176.png,H1,H2,H1->H2,0.9930731058120728,0.006926894187927246,0.6657159924507141
2178.png,H1,H2,H1->H2,1.0000001192092896,-1.1920928955078125e-07,0.0
2182.png,H1,H2,H1->H2,0.9999998807907104,1.1920928955078125e-07,0.0
2188.png,H1,H2,H1->H2,1.000000238418579,-2.384185791015625e-07,0.0
2208.png,H1,H2,H1->H2,0.9674844145774841,0.03251558542251587,1.327744483947754
2211.png,H1,H2,H1->H2,0.9716216325759888,0.02837836742401123,1.2209535837173462
2213.png,H1,H2,H1->H2,0.9613064527511597,0.03869354724884033,1.6519440412521362
2214.png,H1,H2,H1->H2,1.000000238418579,-2.384185791015625e-07,0.0
2221.png,H1,H2,H1->H2,0.9938029050827026,0.006197094917297363,0.5946559906005859
2226.png,H1,H2,H1->H2,0.9943569898605347,0.005643010139465332,0.5728226900100708
2227.png,H1,H2,H1->H2,0.9650512933731079,0.03494870662689209,1.457067608833313
2237.png,H1,H2,H1->H2,1.0,0.0,0.0
2241.png,H1,H2,H1->H2,1.0000001192092896,-1.1920928955078125e-07,0.0
2244.png,H1,H2,H1->H2,1.0000001192092896,-1.1920928955078125e-07,0.0
2245.png,H1,H2,H1->H2,0.9560011625289917,0.0439988374710083,1.6250309944152832
2246.png,H1,H2,H1->H2,0.9946885108947754,0.005311489105224609,0.5634630918502808
2248.png,H1,H2,H1->H2,0.9650512933731079,0.03494870662689209,1.457067608833313
2259.png,H1,H2,H1->H2,0.9999998807907104,1.1920928955078125e-07,0.0
2272.png,H1,H2,H1->H2,0.9788179397583008,0.02118206024169922,1.0773435831069946
2277.png,H1,H2,H1->H2,1.0000001192092896,-1.1920928955078125e-07,0.0
2278.png,H1,H2,H1->H2,1.0000001192092896,-1.1920928955078125e-07,0.0
2293.png,H1,H2,H1->H2,1.0,0.0,0.0
2326.png,H1,H2,H1->H2,1.0000001192092896,-1.1920928955078125e-07,0.0
2344.png,H1,H2,H1->H2,0.9930731058120728,0.006926894187927246,0.6657159924507141
2353.png,H1,H2,H1->H2,1.0000001192092896,-1.1920928955078125e-07,0.0
2364.png,H1,H2,H1->H2,0.9930731058120728,0.006926894187927246,0.6657159924507141
2384.png,H1,H2,H1->H2,0.9788179397583008,0.02118206024169922,1.0773435831069946
2386.png,H1,H2,H1->H2,1.0000001192092896,-1.1920928955078125e-07,0.0
2388.png,H1,H2,H1->H2,0.9930731058120728,0.006926894187927246,0.6657159924507141
2389.png,H1,H2,H1->H2,0.9650512933731079,0.03494870662689209,1.457067608833313
2392.png,H1,H2,H1->H2,0.9999999403953552,5.960464477539063e-08,0.0
2395.png,H1,H2,H1->H2,0.9650512933731079,0.03494870662689209,1.457067608833313
2399.png,H1,H2,H1->H2,1.000000238418579,-2.384185791015625e-07,0.0
2400.png,H1,H2,H1->H2,0.9943569898605347,0.005643010139465332,0.5728226900100708
2401.png,H1,H2,H1->H2,1.0000001192092896,-1.1920928955078125e-07,0.0
2406.png,H1,H2,H1->H2,0.9674844145774841,0.03251558542251587,1.327744483947754
2423.png,H1,H2,H1->H2,0.9560011625289917,0.0439988374710083,1.6250309944152832
2424.png,H1,H2,H1->H2,0.9999998807907104,1.1920928955078125e-07,0.0
2430.png,H1,H2,H1->H2,0.9930731058120728,0.006926894187927246,0.6657159924507141
2442.png,H1,H2,H1->H2,0.9978355765342712,0.0021644234657287598,0.387465238571167
2459.png,H1,H2,H1->H2,0.9930731058120728,0.006926894187927246,0.6657159924507141
2472.png,H1,H2,H1->H2,0.9788179397583008,0.02118206024169922,1.0773435831069946
2474.png,H1,H2,H1->H2,0.9571695923805237,0.04283040761947632,1.5899196863174438
2486.png,H1,H2,H1->H2,0.9613064527511597,0.03869354724884033,1.6519440412521362
2489.png,H1,H2,H1->H2,0.9716216325759888,0.02837836742401123,1.2209535837173462
2503.png,H1,H2,H1->H2,0.9999999403953552,5.960464477539063e-08,0.0
2504.png,H1,H2,H1->H2,0.9943569898605347,0.005643010139465332,0.5728226900100708
2511.png,H1,H2,H1->H2,0.9999999403953552,5.960464477539063e-08,0.0
2520.png,H1,H2,H1->H2,1.0,0.0,0.0
2522.png,H1,H2,H1->H2,1.0000001192092896,-1.1920928955078125e-07,0.0
2523.png,H1,H2,H1->H2,0.9788179397583008,0.02118206024169922,1.0773435831069946
2532.png,H1,H2,H1->H2,0.9930731058120728,0.006926894187927246,0.6657159924507141
2533.png,H1,H2,H1->H2,0.9943569898605347,0.005643010139465332,0.5728226900100708
2537.png,H1,H2,H1->H2,0.9978355765342712,0.0021644234657287598,0.387465238571167
2542.png,H1,H2,H1->H2,1.0000001192092896,-1.1920928955078125e-07,0.0
2545.png,H1,H2,H1->H2,1.0000001192092896,-1.1920928955078125e-07,0.0
2555.png,H1,H2,H1->H2,0.9716216325759888,0.02837836742401123,1.2209535837173462
2556.png,H1,H2,H1->H2,0.9930731058120728,0.006926894187927246,0.6657159924507141
2557.png,H1,H2,H1->H2,1.0000001192092896,-1.1920928955078125e-07,0.0
2565.png,H1,H2,H1->H2,1.0000001192092896,-1.1920928955078125e-07,0.0
2575.png,H1,H2,H1->H2,0.9571695923805237,0.04283040761947632,1.5899196863174438
2577.png,H1,H2,H1->H2,0.9674844145774841,0.03251558542251587,1.327744483947754
2581.png,H1,H2,H1->H2,0.9999998807907104,1.1920928955078125e-07,0.0
2582.png,H1,H2,H1->H2,1.000000238418579,-2.384185791015625e-07,0.0
2589.png,H1,H2,H1->H2,0.9674844145774841,0.03251558542251587,1.327744483947754
2590.png,H1,H2,H1->H2,0.9999998807907104,1.1920928955078125e-07,0.0
2591.png,H1,H2,H1->H2,1.000000238418579,-2.384185791015625e-07,0.0
2592.png,H1,H2,H1->H2,0.9999998807907104,1.1920928955078125e-07,0.0
2593.png,H1,H2,H1->H2,0.9999999403953552,5.960464477539063e-08,0.0
2594.png,H1,H2,H1->H2,0.9613064527511597,0.03869354724884033,1.6519440412521362
2602.png,H1,H2,H1->H2,0.9999998807907104,1.1920928955078125e-07,0.0
2605.png,H1,H2,H1->H2,0.9571695923805237,0.04283040761947632,1.5899196863174438
2608.png,H1,H2,H1->H2,1.0000001192092896,-1.1920928955078125e-07,0.0
2609.png,H1,H2,H1->H2,0.9560011625289917,0.0439988374710083,1.6250309944152832
2623.png,H1,H2,H1->H2,1.000000238418579,-2.384185791015625e-07,0.0
2656.png,H1,H2,H1->H2,0.9674844145774841,0.03251558542251587,1.327744483947754
2660.png,H1,H2,H1->H2,1.000000238418579,-2.384185791015625e-07,0.0
2680.png,H1,H2,H1->H2,1.0000001192092896,-1.1920928955078125e-07,0.0
2685.png,H1,H2,H1->H2,0.9978355765342712,0.0021644234657287598,0.387465238571167
2701.png,H1,H2,H1->H2,0.9999999403953552,5.960464477539063e-08,0.0
2703.png,H1,H2,H1->H2,0.9560011625289917,0.0439988374710083,1.6250309944152832
2705.png,H1,H2,H1->H2,0.9788179397583008,0.02118206024169922,1.0773435831069946
2706.png,H1,H2,H1->H2,0.9978355765342712,0.0021644234657287598,0.387465238571167
2716.png,H1,H2,H1->H2,0.9999999403953552,5.960464477539063e-08,0.0
2720.png,H1,H2,H1->H2,0.9560011625289917,0.0439988374710083,1.6250309944152832
2721.png,H1,H2,H1->H2,0.9674844145774841,0.03251558542251587,1.327744483947754
2723.png,H1,H2,H1->H2,0.9999998807907104,1.1920928955078125e-07,0.0
2740.png,H1,H2,H1->H2,1.0000001192092896,-1.1920928955078125e-07,0.0
2752.png,H1,H2,H1->H2,1.0000001192092896,-1.1920928955078125e-07,0.0
2754.png,H1,H2,H1->H2,0.9560011625289917,0.0439988374710083,1.6250309944152832
2766.png,H1,H2,H1->H2,0.9999998807907104,1.1920928955078125e-07,0.0
2768.png,H1,H2,H1->H2,1.0,0.0,0.0
2771.png,H1,H2,H1->H2,0.994621753692627,0.005378246307373047,0.6230281591415405
2781.png,H1,H2,H1->H2,0.9999999403953552,5.960464477539063e-08,0.0
2782.png,H1,H2,H1->H2,1.0,0.0,0.0
2784.png,H1,H2,H1->H2,1.000000238418579,-2.384185791015625e-07,0.0
2787.png,H1,H2,H1->H2,0.9999999403953552,5.960464477539063e-08,0.0
2794.png,H1,H2,H1->H2,1.0000001192092896,-1.1920928955078125e-07,0.0
2801.png,H1,H2,H1->H2,0.9788179397583008,0.02118206024169922,1.0773435831069946
2807.png,H1,H2,H1->H2,1.0000001192092896,-1.1920928955078125e-07,0.0
2810.png,H1,H2,H1->H2,1.0000001192092896,-1.1920928955078125e-07,0.0
2816.png,H1,H2,H1->H2,0.9943569898605347,0.005643010139465332,0.5728226900100708
2825.png,H1,H2,H1->H2,0.9999999403953552,5.960464477539063e-08,0.0
2827.png,H1,H2,H1->H2,1.0000001192092896,-1.1920928955078125e-07,0.0
2835.png,H1,H2,H1->H2,0.9571695923805237,0.04283040761947632,1.5899196863174438
2846.png,H1,H2,H1->H2,1.0000001192092896,-1.1920928955078125e-07,0.0
2866.png,H1,H2,H1->H2,0.9999998807907104,1.1920928955078125e-07,0.0
2871.png,H1,H2,H1->H2,1.000000238418579,-2.384185791015625e-07,0.0
2875.png,H1,H2,H1->H2,0.9674844145774841,0.03251558542251587,1.327744483947754
2877.png,H1,H2,H1->H2,0.9930731058120728,0.006926894187927246,0.6657159924507141
2878.png,H1,H2,H1->H2,0.9999999403953552,5.960464477539063e-08,0.0
2882.png,H1,H2,H1->H2,0.9999999403953552,5.960464477539063e-08,0.0
2883.png,H1,H2,H1->H2,0.9999998807907104,1.1920928955078125e-07,0.0
2884.png,H1,H2,H1->H2,0.9999998807907104,1.1920928955078125e-07,0.0
2885.png,H1,H2,H1->H2,0.9930731058120728,0.006926894187927246,0.6657159924507141
2886.png,H1,H2,H1->H2,0.9930731058120728,0.006926894187927246,0.6657159924507141
2891.png,H1,H2,H1->H2,0.9560011625289917,0.0439988374710083,1.6250309944152832
2895.png,H1,H2,H1->H2,0.9560011625289917,0.0439988374710083,1.6250309944152832
2897.png,H1,H2,H1->H2,0.9613064527511597,0.03869354724884033,1.6519440412521362
2898.png,H1,H2,H1->H2,1.0000001192092896,-1.1920928955078125e-07,0.0
2910.png,H1,H2,H1->H2,0.9674844145774841,0.03251558542251587,1.327744483947754
2912.png,H1,H2,H1->H2,0.9674844145774841,0.03251558542251587,1.327744483947754
2916.png,H1,H2,H1->H2,0.9999999403953552,5.960464477539063e-08,0.0
2920.png,H1,H2,H1->H2,0.9674844145774841,0.03251558542251587,1.327744483947754
2924.png,H1,H2,H1->H2,0.9930731058120728,0.006926894187927246,0.6657159924507141
2927.png,H1,H2,H1->H2,0.9938029050827026,0.006197094917297363,0.5946559906005859
2933.png,H1,H2,H1->H2,0.9930731058120728,0.006926894187927246,0.6657159924507141
2940.png,H1,H2,H1->H2,1.0000001192092896,-1.1920928955078125e-07,0.0
2941.png,H1,H2,H1->H2,1.0000001192092896,-1.1920928955078125e-07,0.0
2943.png,H1,H2,H1->H2,0.9930731058120728,0.006926894187927246,0.6657159924507141
2947.png,H1,H2,H1->H2,0.9716216325759888,0.02837836742401123,1.2209535837173462
2951.png,H1,H2,H1->H2,0.9930731058120728,0.006926894187927246,0.6657159924507141
2955.png,H1,H2,H1->H2,0.9938029050827026,0.006197094917297363,0.5946559906005859
2957.png,H1,H2,H1->H2,1.0000001192092896,-1.1920928955078125e-07,0.0
2958.png,H1,H2,H1->H2,0.9674844145774841,0.03251558542251587,1.327744483947754
2959.png,H1,H2,H1->H2,1.0000001192092896,-1.1920928955078125e-07,0.0
2961.png,H1,H2,H1->H2,0.9560011625289917,0.0439988374710083,1.6250309944152832
2968.png,H1,H2,H1->H2,0.9999998807907104,1.1920928955078125e-07,0.0
2969.png,H1,H2,H1->H2,0.9560011625289917,0.0439988374710083,1.6250309944152832
2977.png,H1,H2,H1->H2,0.9999999403953552,5.960464477539063e-08,0.0
2978.png,H1,H2,H1->H2,0.9674844145774841,0.03251558542251587,1.327744483947754
2979.png,H1,H2,H1->H2,0.9943569898605347,0.005643010139465332,0.5728226900100708
2980.png,H1,H2,H1->H2,0.9930731058120728,0.006926894187927246,0.6657159924507141
2981.png,H1,H2,H1->H2,0.9674844145774841,0.03251558542251587,1.327744483947754
2982.png,H1,H2,H1->H2,0.994621753692627,0.005378246307373047,0.6230281591415405
2984.png,H1,H2,H1->H2,0.9999998807907104,1.1920928955078125e-07,0.0
2990.png,H1,H2,H1->H2,0.9978355765342712,0.0021644234657287598,0.387465238571167
2991.png,H1,H2,H1->H2,0.9674844145774841,0.03251558542251587,1.327744483947754
3001.png,H1,H2,H1->H2,0.9560011625289917,0.0439988374710083,1.6250309944152832
3008.png,H1,H2,H1->H2,0.9716216325759888,0.02837836742401123,1.2209535837173462
3015.png,H1,H2,H1->H2,0.9613064527511597,0.03869354724884033,1.6519440412521362
3016.png,H1,H2,H1->H2,1.0000001192092896,-1.1920928955078125e-07,0.0
3018.png,H1,H2,H1->H2,0.9674844145774841,0.03251558542251587,1.327744483947754
3021.png,H1,H2,H1->H2,0.9938029050827026,0.006197094917297363,0.5946559906005859
3031.png,H1,H2,H1->H2,0.9788179397583008,0.02118206024169922,1.0773435831069946
3039.png,H1,H2,H1->H2,0.9938029050827026,0.006197094917297363,0.5946559906005859
3045.png,H1,H2,H1->H2,0.9674844145774841,0.03251558542251587,1.327744483947754
3046.png,H1,H2,H1->H2,0.9943569898605347,0.005643010139465332,0.5728226900100708
3047.png,H1,H2,H1->H2,0.9930731058120728,0.006926894187927246,0.6657159924507141
3051.png,H1,H2,H1->H2,0.9930731058120728,0.006926894187927246,0.6657159924507141
3056.png,H1,H2,H1->H2,0.9930731058120728,0.006926894187927246,0.6657159924507141
3063.png,H1,H2,H1->H2,0.9638160467147827,0.036183953285217285,1.2450367212295532
7.png,H2,L3,H2->L3,0.9959710240364075,0.004028975963592529,0.40952831506729126
13.png,H2,L3,H2->L3,0.9946542382240295,0.005345761775970459,0.5558902621269226
16.png,H2,L3,H2->L3,0.9946542382240295,0.005345761775970459,0.5558902621269226
25.png,H2,L3,H2->L3,0.9953579306602478,0.004642069339752197,0.5084601044654846
28.png,H2,L3,H2->L3,0.9960550665855408,0.0039449334144592285,0.41069430112838745
32.png,H2,L3,H2->L3,0.9956636428833008,0.004336357116699219,0.5271611213684082
41.png,H2,L3,H2->L3,0.9948930740356445,0.005106925964355469,0.5140195488929749
55.png,H2,L3,H2->L3,0.994988203048706,0.005011796951293945,0.4517836272716522
56.png,H2,L3,H2->L3,0.9946542382240295,0.005345761775970459,0.5558902621269226
66.png,H2,L3,H2->L3,0.994988203048706,0.005011796951293945,0.4517836272716522
67.png,H2,L3,H2->L3,0.9946542382240295,0.005345761775970459,0.5558902621269226
70.png,H2,L3,H2->L3,0.9959762096405029,0.00402379035949707,0.42574870586395264
86.png,H2,L3,H2->L3,0.9960550665855408,0.0039449334144592285,0.41069430112838745
93.png,H2,L3,H2->L3,0.9959762096405029,0.00402379035949707,0.42574870586395264
99.png,H2,L3,H2->L3,0.9948133230209351,0.005186676979064941,0.5403796434402466
100.png,H2,L3,H2->L3,0.9952985048294067,0.004701495170593262,0.48305293917655945
102.png,H2,L3,H2->L3,0.9958655834197998,0.004134416580200195,0.5115107893943787
108.png,H2,L3,H2->L3,0.9939671754837036,0.006032824516296387,0.5665413737297058
114.png,H2,L3,H2->L3,0.9958655834197998,0.004134416580200195,0.5115107893943787
117.png,H2,L3,H2->L3,0.9945400953292847,0.005459904670715332,0.5590053796768188
121.png,H2,L3,H2->L3,0.9958655834197998,0.004134416580200195,0.5115107893943787
122.png,H2,L3,H2->L3,0.9946542382240295,0.005345761775970459,0.5558902621269226
124.png,H2,L3,H2->L3,0.9939671754837036,0.006032824516296387,0.5665413737297058
128.png,H2,L3,H2->L3,0.994988203048706,0.005011796951293945,0.4517836272716522
131.png,H2,L3,H2->L3,0.9958655834197998,0.004134416580200195,0.5115107893943787
138.png,H2,L3,H2->L3,0.9957835674285889,0.004216432571411133,0.5262318253517151
150.png,H2,L3,H2->L3,0.9953579306602478,0.004642069339752197,0.5084601044654846
152.png,H2,L3,H2->L3,0.9960550665855408,0.0039449334144592285,0.41069430112838745
156.png,H2,L3,H2->L3,0.9959762096405029,0.00402379035949707,0.42574870586395264
167.png,H2,L3,H2->L3,0.9958655834197998,0.004134416580200195,0.5115107893943787
169.png,H2,L3,H2->L3,0.9965327978134155,0.0034672021865844727,0.47886577248573303
174.png,H2,L3,H2->L3,0.9944437146186829,0.005556285381317139,0.5831021666526794
183.png,H2,L3,H2->L3,0.9958655834197998,0.004134416580200195,0.5115107893943787
198.png,H2,L3,H2->L3,0.9960024952888489,0.003997504711151123,0.4904630482196808
211.png,H2,L3,H2->L3,0.9946542382240295,0.005345761775970459,0.5558902621269226
217.png,H2,L3,H2->L3,0.9944437146186829,0.005556285381317139,0.5831021666526794
223.png,H2,L3,H2->L3,0.9948133230209351,0.005186676979064941,0.5403796434402466
228.png,H2,L3,H2->L3,0.9946542382240295,0.005345761775970459,0.5558902621269226
233.png,H2,L3,H2->L3,0.9946542382240295,0.005345761775970459,0.5558902621269226
234.png,H2,L3,H2->L3,0.9957835674285889,0.004216432571411133,0.5262318253517151
238.png,H2,L3,H2->L3,0.9948133230209351,0.005186676979064941,0.5403796434402466
246.png,H2,L3,H2->L3,0.9944437146186829,0.005556285381317139,0.5831021666526794
256.png,H2,L3,H2->L3,0.9939671754837036,0.006032824516296387,0.5665413737297058
262.png,H2,L3,H2->L3,0.9946542382240295,0.005345761775970459,0.5558902621269226
263.png,H2,L3,H2->L3,0.9953579306602478,0.004642069339752197,0.5084601044654846
284.png,H2,L3,H2->L3,0.9958655834197998,0.004134416580200195,0.5115107893943787
296.png,H2,L3,H2->L3,0.9960024952888489,0.003997504711151123,0.4904630482196808
304.png,H2,L3,H2->L3,0.9957835674285889,0.004216432571411133,0.5262318253517151
311.png,H2,L3,H2->L3,0.9944437146186829,0.005556285381317139,0.5831021666526794
321.png,H2,L3,H2->L3,0.9939671754837036,0.006032824516296387,0.5665413737297058
323.png,H2,L3,H2->L3,0.9948133230209351,0.005186676979064941,0.5403796434402466
324.png,H2,L3,H2->L3,0.9948133230209351,0.005186676979064941,0.5403796434402466
332.png,H2,L3,H2->L3,0.9945400953292847,0.005459904670715332,0.5590053796768188
333.png,H2,L3,H2->L3,0.9939671754837036,0.006032824516296387,0.5665413737297058
350.png,H2,L3,H2->L3,0.9946542382240295,0.005345761775970459,0.5558902621269226
351.png,H2,L3,H2->L3,0.9944437146186829,0.005556285381317139,0.5831021666526794
354.png,H2,L3,H2->L3,0.9957835674285889,0.004216432571411133,0.5262318253517151
404.png,H2,L3,H2->L3,0.9965327978134155,0.0034672021865844727,0.47886577248573303
415.png,H2,L3,H2->L3,0.9948133230209351,0.005186676979064941,0.5403796434402466
429.png,H2,L3,H2->L3,0.9960024952888489,0.003997504711151123,0.4904630482196808
442.png,H2,L3,H2->L3,0.9948133230209351,0.005186676979064941,0.5403796434402466
443.png,H2,L3,H2->L3,0.9960550665855408,0.0039449334144592285,0.41069430112838745
445.png,H2,L3,H2->L3,0.9944437146186829,0.005556285381317139,0.5831021666526794
452.png,H2,L3,H2->L3,0.9943997859954834,0.0056002140045166016,0.583705723285675
457.png,H2,L3,H2->L3,0.994988203048706,0.005011796951293945,0.4517836272716522
472.png,H2,L3,H2->L3,0.9958655834197998,0.004134416580200195,0.5115107893943787
473.png,H2,L3,H2->L3,0.9946542382240295,0.005345761775970459,0.5558902621269226
475.png,H2,L3,H2->L3,0.9960550665855408,0.0039449334144592285,0.41069430112838745
482.png,H2,L3,H2->L3,0.9960024952888489,0.003997504711151123,0.4904630482196808
483.png,H2,L3,H2->L3,0.9959710240364075,0.004028975963592529,0.40952831506729126
484.png,H2,L3,H2->L3,0.9946542382240295,0.005345761775970459,0.5558902621269226
486.png,H2,L3,H2->L3,0.9944437146186829,0.005556285381317139,0.5831021666526794
494.png,H2,L3,H2->L3,0.9946542382240295,0.005345761775970459,0.5558902621269226
500.png,H2,L3,H2->L3,0.9959710240364075,0.004028975963592529,0.40952831506729126
506.png,H2,L3,H2->L3,0.9948133230209351,0.005186676979064941,0.5403796434402466
507.png,H2,L3,H2->L3,0.9956636428833008,0.004336357116699219,0.5271611213684082
518.png,H2,L3,H2->L3,0.9948930740356445,0.005106925964355469,0.5140195488929749
519.png,H2,L3,H2->L3,0.9943997859954834,0.0056002140045166016,0.583705723285675
543.png,H2,L3,H2->L3,0.9939671754837036,0.006032824516296387,0.5665413737297058
550.png,H2,L3,H2->L3,0.9946542382240295,0.005345761775970459,0.5558902621269226
551.png,H2,L3,H2->L3,0.9959762096405029,0.00402379035949707,0.42574870586395264
558.png,H2,L3,H2->L3,0.9958655834197998,0.004134416580200195,0.5115107893943787
561.png,H2,L3,H2->L3,0.9958655834197998,0.004134416580200195,0.5115107893943787
562.png,H2,L3,H2->L3,0.9958655834197998,0.004134416580200195,0.5115107893943787
563.png,H2,L3,H2->L3,0.9943997859954834,0.0056002140045166016,0.583705723285675
579.png,H2,L3,H2->L3,0.9948133230209351,0.005186676979064941,0.5403796434402466
581.png,H2,L3,H2->L3,0.9960550665855408,0.0039449334144592285,0.41069430112838745
589.png,H2,L3,H2->L3,0.9939671754837036,0.006032824516296387,0.5665413737297058
590.png,H2,L3,H2->L3,0.9960024952888489,0.003997504711151123,0.4904630482196808
592.png,H2,L3,H2->L3,0.9946542382240295,0.005345761775970459,0.5558902621269226
593.png,H2,L3,H2->L3,0.9948133230209351,0.005186676979064941,0.5403796434402466
601.png,H2,L3,H2->L3,0.9944437146186829,0.005556285381317139,0.5831021666526794
604.png,H2,L3,H2->L3,0.9956636428833008,0.004336357116699219,0.5271611213684082
614.png,H2,L3,H2->L3,0.9953579306602478,0.004642069339752197,0.5084601044654846
616.png,H2,L3,H2->L3,0.9960024952888489,0.003997504711151123,0.4904630482196808
621.png,H2,L3,H2->L3,0.9948133230209351,0.005186676979064941,0.5403796434402466
623.png,H2,L3,H2->L3,0.9958655834197998,0.004134416580200195,0.5115107893943787
630.png,H2,L3,H2->L3,0.994988203048706,0.005011796951293945,0.4517836272716522
633.png,H2,L3,H2->L3,0.9939671754837036,0.006032824516296387,0.5665413737297058
670.png,H2,L3,H2->L3,0.9965327978134155,0.0034672021865844727,0.47886577248573303
675.png,H2,L3,H2->L3,0.9960024952888489,0.003997504711151123,0.4904630482196808
681.png,H2,L3,H2->L3,0.9944437146186829,0.005556285381317139,0.5831021666526794
687.png,H2,L3,H2->L3,0.9960024952888489,0.003997504711151123,0.4904630482196808
694.png,H2,L3,H2->L3,0.9948930740356445,0.005106925964355469,0.5140195488929749
695.png,H2,L3,H2->L3,0.9953579306602478,0.004642069339752197,0.5084601044654846
712.png,H2,L3,H2->L3,0.9951485395431519,0.0048514604568481445,0.5886468887329102
713.png,H2,L3,H2->L3,0.9964956641197205,0.003504335880279541,0.49530029296875
714.png,H2,L3,H2->L3,0.9962245225906372,0.003775477409362793,0.5407865643501282
723.png,H2,L3,H2->L3,0.9955044984817505,0.004495501518249512,0.5718597173690796
727.png,H2,L3,H2->L3,0.9950097799301147,0.004990220069885254,0.647722065448761
729.png,H2,L3,H2->L3,0.9955044984817505,0.004495501518249512,0.5718597173690796
761.png,H2,L3,H2->L3,0.9952456951141357,0.004754304885864258,0.5546689629554749
762.png,H2,L3,H2->L3,0.9955044984817505,0.004495501518249512,0.5718597173690796
764.png,H2,L3,H2->L3,0.9926304817199707,0.007369518280029297,0.6987470388412476
769.png,H2,L3,H2->L3,0.995481014251709,0.004518985748291016,0.5312705039978027
776.png,H2,L3,H2->L3,0.9967363476753235,0.0032636523246765137,0.4350091516971588
780.png,H2,L3,H2->L3,0.9950097799301147,0.004990220069885254,0.647722065448761
781.png,H2,L3,H2->L3,0.995481014251709,0.004518985748291016,0.5312705039978027
782.png,H2,L3,H2->L3,0.9950097799301147,0.004990220069885254,0.647722065448761
794.png,H2,L3,H2->L3,0.995481014251709,0.004518985748291016,0.5312705039978027
828.png,H2,L3,H2->L3,0.9952456951141357,0.004754304885864258,0.5546689629554749
837.png,H2,L3,H2->L3,0.9953278303146362,0.0046721696853637695,0.5192326903343201
847.png,H2,L3,H2->L3,0.9967363476753235,0.0032636523246765137,0.4350091516971588
856.png,H2,L3,H2->L3,0.995481014251709,0.004518985748291016,0.5312705039978027
865.png,H2,L3,H2->L3,0.9940111637115479,0.0059888362884521484,0.6701392531394958
867.png,H2,L3,H2->L3,0.9961967468261719,0.003803253173828125,0.4740910530090332
868.png,H2,L3,H2->L3,0.9928463697433472,0.007153630256652832,0.7214391231536865
900.png,H2,L3,H2->L3,0.9967363476753235,0.0032636523246765137,0.4350091516971588
915.png,H2,L3,H2->L3,0.9955044984817505,0.004495501518249512,0.5718597173690796
921.png,H2,L3,H2->L3,0.9951485395431519,0.0048514604568481445,0.5886468887329102
922.png,H2,L3,H2->L3,0.9962112307548523,0.003788769245147705,0.5052059292793274
929.png,H2,L3,H2->L3,0.995448648929596,0.004551351070404053,0.5828102231025696
933.png,H2,L3,H2->L3,0.9962245225906372,0.003775477409362793,0.5407865643501282
935.png,H2,L3,H2->L3,0.9962112307548523,0.003788769245147705,0.5052059292793274
939.png,H2,L3,H2->L3,0.9962067604064941,0.0037932395935058594,0.5144044756889343
942.png,H2,L3,H2->L3,0.9958598017692566,0.004140198230743408,0.5612443089485168
943.png,H2,L3,H2->L3,0.9951485395431519,0.0048514604568481445,0.5886468887329102
944.png,H2,L3,H2->L3,0.9962067604064941,0.0037932395935058594,0.5144044756889343
945.png,H2,L3,H2->L3,0.9962245225906372,0.003775477409362793,0.5407865643501282
954.png,H2,L3,H2->L3,0.9958598017692566,0.004140198230743408,0.5612443089485168
956.png,H2,L3,H2->L3,0.9963277578353882,0.0036722421646118164,0.5153722763061523
958.png,H2,L3,H2->L3,0.9951485395431519,0.0048514604568481445,0.5886468887329102
960.png,H2,L3,H2->L3,0.9962245225906372,0.003775477409362793,0.5407865643501282
963.png,H2,L3,H2->L3,0.9958598017692566,0.004140198230743408,0.5612443089485168
982.png,H2,L3,H2->L3,0.9959031343460083,0.004096865653991699,0.5428081750869751
992.png,H2,L3,H2->L3,0.9962245225906372,0.003775477409362793,0.5407865643501282
994.png,H2,L3,H2->L3,0.9959031343460083,0.004096865653991699,0.5428081750869751
1004.png,H2,L3,H2->L3,0.9950451850891113,0.004954814910888672,0.6091259717941284
1007.png,H2,L3,H2->L3,0.9958598017692566,0.004140198230743408,0.5612443089485168
1008.png,H2,L3,H2->L3,0.9963277578353882,0.0036722421646118164,0.5153722763061523
1011.png,H2,L3,H2->L3,0.9962067604064941,0.0037932395935058594,0.5144044756889343
1015.png,H2,L3,H2->L3,0.9963277578353882,0.0036722421646118164,0.5153722763061523
1016.png,H2,L3,H2->L3,0.9958598017692566,0.004140198230743408,0.5612443089485168
1023.png,H2,L3,H2->L3,0.9950873851776123,0.004912614822387695,0.6064736843109131
1027.png,H2,L3,H2->L3,0.9945396780967712,0.00546032190322876,0.6218164563179016
1029.png,H2,L3,H2->L3,0.9948330521583557,0.005166947841644287,0.5555856823921204
1031.png,H2,L3,H2->L3,0.9959031343460083,0.004096865653991699,0.5428081750869751
1035.png,H2,L3,H2->L3,0.9948330521583557,0.005166947841644287,0.5555856823921204
1037.png,H2,L3,H2->L3,0.9950451850891113,0.004954814910888672,0.6091259717941284
1039.png,H2,L3,H2->L3,0.9964956641197205,0.003504335880279541,0.49530029296875
1040.png,H2,L3,H2->L3,0.9960159063339233,0.00398409366607666,0.5134053826332092
1041.png,H2,L3,H2->L3,0.995448648929596,0.004551351070404053,0.5828102231025696
1047.png,H2,L3,H2->L3,0.996565580368042,0.003434419631958008,0.5052238702774048
1053.png,H2,L3,H2->L3,0.9959031343460083,0.004096865653991699,0.5428081750869751
1054.png,H2,L3,H2->L3,0.9948330521583557,0.005166947841644287,0.5555856823921204
1057.png,H2,L3,H2->L3,0.9951485395431519,0.0048514604568481445,0.5886468887329102
1060.png,H2,L3,H2->L3,0.9956169724464417,0.00438302755355835,0.5988742709159851
1061.png,H2,L3,H2->L3,0.9945396780967712,0.00546032190322876,0.6218164563179016
1069.png,H2,L3,H2->L3,0.9959031343460083,0.004096865653991699,0.5428081750869751
1072.png,H2,L3,H2->L3,0.9950451850891113,0.004954814910888672,0.6091259717941284
1073.png,H2,L3,H2->L3,0.9953134655952454,0.004686534404754639,0.617392897605896
1074.png,H2,L3,H2->L3,0.9960159063339233,0.00398409366607666,0.5134053826332092
1078.png,H2,L3,H2->L3,0.9962067604064941,0.0037932395935058594,0.5144044756889343
1084.png,H2,L3,H2->L3,0.9950451850891113,0.004954814910888672,0.6091259717941284
1085.png,H2,L3,H2->L3,0.996565580368042,0.003434419631958008,0.5052238702774048
1089.png,H2,L3,H2->L3,0.9962112307548523,0.003788769245147705,0.5052059292793274
1092.png,H2,L3,H2->L3,0.9962245225906372,0.003775477409362793,0.5407865643501282
1093.png,H2,L3,H2->L3,0.9945396780967712,0.00546032190322876,0.6218164563179016
1096.png,H2,L3,H2->L3,0.9951485395431519,0.0048514604568481445,0.5886468887329102
1103.png,H2,L3,H2->L3,0.9948330521583557,0.005166947841644287,0.5555856823921204
1107.png,H2,L3,H2->L3,0.9945396780967712,0.00546032190322876,0.6218164563179016
1111.png,H2,L3,H2->L3,0.996565580368042,0.003434419631958008,0.5052238702774048
1113.png,H2,L3,H2->L3,0.9945396780967712,0.00546032190322876,0.6218164563179016
1114.png,H2,L3,H2->L3,0.9960159063339233,0.00398409366607666,0.5134053826332092
1118.png,H2,L3,H2->L3,0.9964956641197205,0.003504335880279541,0.49530029296875
1120.png,H2,L3,H2->L3,0.996565580368042,0.003434419631958008,0.5052238702774048
1123.png,H2,L3,H2->L3,0.9945396780967712,0.00546032190322876,0.6218164563179016
1124.png,H2,L3,H2->L3,0.9948330521583557,0.005166947841644287,0.5555856823921204
1125.png,H2,L3,H2->L3,0.996565580368042,0.003434419631958008,0.5052238702774048
1126.png,H2,L3,H2->L3,0.9962245225906372,0.003775477409362793,0.5407865643501282
1130.png,H2,L3,H2->L3,0.9962067604064941,0.0037932395935058594,0.5144044756889343
1134.png,H2,L3,H2->L3,0.9948330521583557,0.005166947841644287,0.5555856823921204
1137.png,H2,L3,H2->L3,0.9960159063339233,0.00398409366607666,0.5134053826332092
1138.png,H2,L3,H2->L3,0.9945396780967712,0.00546032190322876,0.6218164563179016
1140.png,H2,L3,H2->L3,0.9959031343460083,0.004096865653991699,0.5428081750869751
1144.png,H2,L3,H2->L3,0.9959031343460083,0.004096865653991699,0.5428081750869751
1146.png,H2,L3,H2->L3,0.9960159063339233,0.00398409366607666,0.5134053826332092
1148.png,H2,L3,H2->L3,0.9948330521583557,0.005166947841644287,0.5555856823921204
1149.png,H2,L3,H2->L3,0.9948330521583557,0.005166947841644287,0.5555856823921204
1150.png,H2,L3,H2->L3,0.9963277578353882,0.0036722421646118164,0.5153722763061523
1156.png,H2,L3,H2->L3,0.996565580368042,0.003434419631958008,0.5052238702774048
1160.png,H2,L3,H2->L3,0.9950451850891113,0.004954814910888672,0.6091259717941284
1163.png,H2,L3,H2->L3,0.9962245225906372,0.003775477409362793,0.5407865643501282
1165.png,H2,L3,H2->L3,0.9952588677406311,0.0047411322593688965,0.598629891872406
1169.png,H2,L3,H2->L3,0.9945396780967712,0.00546032190322876,0.6218164563179016
1170.png,H2,L3,H2->L3,0.9956398010253906,0.004360198974609375,0.5423537492752075
1177.png,H2,L3,H2->L3,0.9950451850891113,0.004954814910888672,0.6091259717941284
1178.png,H2,L3,H2->L3,0.9950451850891113,0.004954814910888672,0.6091259717941284
1179.png,H2,L3,H2->L3,0.9945396780967712,0.00546032190322876,0.6218164563179016
1189.png,H2,L3,H2->L3,0.9964956641197205,0.003504335880279541,0.49530029296875
1192.png,H2,L3,H2->L3,0.9958598017692566,0.004140198230743408,0.5612443089485168
1211.png,H2,L3,H2->L3,0.9962067604064941,0.0037932395935058594,0.5144044756889343
1223.png,H2,L3,H2->L3,0.9948330521583557,0.005166947841644287,0.5555856823921204
1225.png,H2,L3,H2->L3,0.9960159063339233,0.00398409366607666,0.5134053826332092
1239.png,H2,L3,H2->L3,0.9956398010253906,0.004360198974609375,0.5423537492752075
1241.png,H2,L3,H2->L3,0.996565580368042,0.003434419631958008,0.5052238702774048
1243.png,H2,L3,H2->L3,0.9945396780967712,0.00546032190322876,0.6218164563179016
1246.png,H2,L3,H2->L3,0.9958598017692566,0.004140198230743408,0.5612443089485168
1247.png,H2,L3,H2->L3,0.9964956641197205,0.003504335880279541,0.49530029296875
1248.png,H2,L3,H2->L3,0.9953134655952454,0.004686534404754639,0.617392897605896
1249.png,H2,L3,H2->L3,0.9962245225906372,0.003775477409362793,0.5407865643501282
1250.png,H2,L3,H2->L3,0.9963277578353882,0.0036722421646118164,0.5153722763061523
1251.png,H2,L3,H2->L3,0.9962112307548523,0.003788769245147705,0.5052059292793274
1252.png,H2,L3,H2->L3,0.9959031343460083,0.004096865653991699,0.5428081750869751
1253.png,H2,L3,H2->L3,0.9962067604064941,0.0037932395935058594,0.5144044756889343
1254.png,H2,L3,H2->L3,0.9964956641197205,0.003504335880279541,0.49530029296875
1267.png,H2,L3,H2->L3,0.9948330521583557,0.005166947841644287,0.5555856823921204
1273.png,H2,L3,H2->L3,0.9962245225906372,0.003775477409362793,0.5407865643501282
1279.png,H2,L3,H2->L3,0.9956398010253906,0.004360198974609375,0.5423537492752075
1280.png,H2,L3,H2->L3,0.9963277578353882,0.0036722421646118164,0.5153722763061523
1281.png,H2,L3,H2->L3,0.9962067604064941,0.0037932395935058594,0.5144044756889343
1282.png,H2,L3,H2->L3,0.9956169724464417,0.00438302755355835,0.5988742709159851
1283.png,H2,L3,H2->L3,0.9950451850891113,0.004954814910888672,0.6091259717941284
1293.png,H2,L3,H2->L3,0.995448648929596,0.004551351070404053,0.5828102231025696
1309.png,H2,L3,H2->L3,0.996565580368042,0.003434419631958008,0.5052238702774048
1326.png,H2,L3,H2->L3,0.9959031343460083,0.004096865653991699,0.5428081750869751
1331.png,H2,L3,H2->L3,0.9960159063339233,0.00398409366607666,0.5134053826332092
1333.png,H2,L3,H2->L3,0.9962067604064941,0.0037932395935058594,0.5144044756889343
1334.png,H2,L3,H2->L3,0.9956169724464417,0.00438302755355835,0.5988742709159851
1341.png,H2,L3,H2->L3,0.9953134655952454,0.004686534404754639,0.617392897605896
1345.png,H2,L3,H2->L3,0.9962112307548523,0.003788769245147705,0.5052059292793274
1346.png,H2,L3,H2->L3,0.9963277578353882,0.0036722421646118164,0.5153722763061523
1353.png,H2,L3,H2->L3,0.9958598017692566,0.004140198230743408,0.5612443089485168
1355.png,H2,L3,H2->L3,0.9962112307548523,0.003788769245147705,0.5052059292793274
1361.png,H2,L3,H2->L3,0.995448648929596,0.004551351070404053,0.5828102231025696
1364.png,H2,L3,H2->L3,0.9962112307548523,0.003788769245147705,0.5052059292793274
1365.png,H2,L3,H2->L3,0.9950451850891113,0.004954814910888672,0.6091259717941284
1367.png,H2,L3,H2->L3,0.9962245225906372,0.003775477409362793,0.5407865643501282
1368.png,H2,L3,H2->L3,0.9950451850891113,0.004954814910888672,0.6091259717941284
1370.png,H2,L3,H2->L3,0.9960159063339233,0.00398409366607666,0.5134053826332092
1371.png,H2,L3,H2->L3,0.9953134655952454,0.004686534404754639,0.617392897605896
1372.png,H2,L3,H2->L3,0.9953134655952454,0.004686534404754639,0.617392897605896
1373.png,H2,L3,H2->L3,0.9948330521583557,0.005166947841644287,0.5555856823921204
1378.png,H2,L3,H2->L3,0.9962067604064941,0.0037932395935058594,0.5144044756889343
1380.png,H2,L3,H2->L3,0.9960159063339233,0.00398409366607666,0.5134053826332092
1381.png,H2,L3,H2->L3,0.996565580368042,0.003434419631958008,0.5052238702774048
1384.png,H2,L3,H2->L3,0.995448648929596,0.004551351070404053,0.5828102231025696
1387.png,H2,L3,H2->L3,0.9953134655952454,0.004686534404754639,0.617392897605896
1388.png,H2,L3,H2->L3,0.9960159063339233,0.00398409366607666,0.5134053826332092
1397.png,H2,L3,H2->L3,0.9951485395431519,0.0048514604568481445,0.5886468887329102
1398.png,H2,L3,H2->L3,0.9962112307548523,0.003788769245147705,0.5052059292793274
1399.png,H2,L3,H2->L3,0.9959031343460083,0.004096865653991699,0.5428081750869751
1401.png,H2,L3,H2->L3,0.996565580368042,0.003434419631958008,0.5052238702774048
1402.png,H2,L3,H2->L3,0.9960159063339233,0.00398409366607666,0.5134053826332092
1406.png,H2,L3,H2->L3,0.996565580368042,0.003434419631958008,0.5052238702774048
1407.png,H2,L3,H2->L3,0.9960159063339233,0.00398409366607666,0.5134053826332092
1410.png,H2,L3,H2->L3,0.996565580368042,0.003434419631958008,0.5052238702774048
1411.png,H2,L3,H2->L3,0.9950873851776123,0.004912614822387695,0.6064736843109131
1425.png,H2,L3,H2->L3,0.996565580368042,0.003434419631958008,0.5052238702774048
1426.png,H2,L3,H2->L3,0.9950451850891113,0.004954814910888672,0.6091259717941284
1435.png,H2,L3,H2->L3,0.9953134655952454,0.004686534404754639,0.617392897605896
1436.png,H2,L3,H2->L3,0.9962245225906372,0.003775477409362793,0.5407865643501282
1437.png,H2,L3,H2->L3,0.9952588677406311,0.0047411322593688965,0.598629891872406
1442.png,H2,L3,H2->L3,0.995448648929596,0.004551351070404053,0.5828102231025696
1457.png,H2,L3,H2->L3,0.9948330521583557,0.005166947841644287,0.5555856823921204
1458.png,H2,L3,H2->L3,0.9959031343460083,0.004096865653991699,0.5428081750869751
1459.png,H2,L3,H2->L3,0.9962067604064941,0.0037932395935058594,0.5144044756889343
1461.png,H2,L3,H2->L3,0.996565580368042,0.003434419631958008,0.5052238702774048
1464.png,H2,L3,H2->L3,0.9960159063339233,0.00398409366607666,0.5134053826332092
1465.png,H2,L3,H2->L3,0.9958598017692566,0.004140198230743408,0.5612443089485168
1466.png,H2,L3,H2->L3,0.9948330521583557,0.005166947841644287,0.5555856823921204
1472.png,H2,L3,H2->L3,0.9951485395431519,0.0048514604568481445,0.5886468887329102
1477.png,H2,L3,H2->L3,0.996565580368042,0.003434419631958008,0.5052238702774048
1480.png,H2,L3,H2->L3,0.9960159063339233,0.00398409366607666,0.5134053826332092
1481.png,H2,L3,H2->L3,0.9948330521583557,0.005166947841644287,0.5555856823921204
1482.png,H2,L3,H2->L3,0.9952588677406311,0.0047411322593688965,0.598629891872406
1483.png,H2,L3,H2->L3,0.9959031343460083,0.004096865653991699,0.5428081750869751
1484.png,H2,L3,H2->L3,0.9960159063339233,0.00398409366607666,0.5134053826332092
1485.png,H2,L3,H2->L3,0.9953134655952454,0.004686534404754639,0.617392897605896
1488.png,H2,L3,H2->L3,0.9960159063339233,0.00398409366607666,0.5134053826332092
1490.png,H2,L3,H2->L3,0.9950451850891113,0.004954814910888672,0.6091259717941284
1491.png,H2,L3,H2->L3,0.9956398010253906,0.004360198974609375,0.5423537492752075
1492.png,H2,L3,H2->L3,0.9960159063339233,0.00398409366607666,0.5134053826332092
1493.png,H2,L3,H2->L3,0.9964956641197205,0.003504335880279541,0.49530029296875
1495.png,H2,L3,H2->L3,0.9960159063339233,0.00398409366607666,0.5134053826332092
1496.png,H2,L3,H2->L3,0.9960159063339233,0.00398409366607666,0.5134053826332092
1497.png,H2,L3,H2->L3,0.9960159063339233,0.00398409366607666,0.5134053826332092
1498.png,H2,L3,H2->L3,0.9960159063339233,0.00398409366607666,0.5134053826332092
1509.png,H2,L3,H2->L3,0.9964956641197205,0.003504335880279541,0.49530029296875
1519.png,H2,L3,H2->L3,0.9948330521583557,0.005166947841644287,0.5555856823921204
1529.png,H2,L3,H2->L3,0.9964956641197205,0.003504335880279541,0.49530029296875
1533.png,H2,L3,H2->L3,0.9960159063339233,0.00398409366607666,0.5134053826332092
1534.png,H2,L3,H2->L3,0.9950873851776123,0.004912614822387695,0.6064736843109131
1535.png,H2,L3,H2->L3,0.995448648929596,0.004551351070404053,0.5828102231025696
1536.png,H2,L3,H2->L3,0.9948330521583557,0.005166947841644287,0.5555856823921204
1545.png,H2,L3,H2->L3,0.9948330521583557,0.005166947841644287,0.5555856823921204
1546.png,H2,L3,H2->L3,0.9962067604064941,0.0037932395935058594,0.5144044756889343
1547.png,H2,L3,H2->L3,0.9956169724464417,0.00438302755355835,0.5988742709159851
1548.png,H2,L3,H2->L3,0.9964956641197205,0.003504335880279541,0.49530029296875
1551.png,H2,L3,H2->L3,0.995448648929596,0.004551351070404053,0.5828102231025696
1552.png,H2,L3,H2->L3,0.9962112307548523,0.003788769245147705,0.5052059292793274
1555.png,H2,L3,H2->L3,0.9963277578353882,0.0036722421646118164,0.5153722763061523
1559.png,H2,L3,H2->L3,0.9962067604064941,0.0037932395935058594,0.5144044756889343
1560.png,H2,L3,H2->L3,0.9948330521583557,0.005166947841644287,0.5555856823921204
1563.png,H2,L3,H2->L3,0.9962067604064941,0.0037932395935058594,0.5144044756889343
1564.png,H2,L3,H2->L3,0.9962245225906372,0.003775477409362793,0.5407865643501282
1574.png,H2,L3,H2->L3,0.9958598017692566,0.004140198230743408,0.5612443089485168
1575.png,H2,L3,H2->L3,0.9962245225906372,0.003775477409362793,0.5407865643501282
1577.png,H2,L3,H2->L3,0.9962245225906372,0.003775477409362793,0.5407865643501282
1579.png,H2,L3,H2->L3,0.9962067604064941,0.0037932395935058594,0.5144044756889343
1583.png,H2,L3,H2->L3,0.9964956641197205,0.003504335880279541,0.49530029296875
1585.png,H2,L3,H2->L3,0.9951485395431519,0.0048514604568481445,0.5886468887329102
1587.png,H2,L3,H2->L3,0.9956169724464417,0.00438302755355835,0.5988742709159851
1588.png,H2,L3,H2->L3,0.9960159063339233,0.00398409366607666,0.5134053826332092
1590.png,H2,L3,H2->L3,0.9962112307548523,0.003788769245147705,0.5052059292793274
1591.png,H2,L3,H2->L3,0.9962245225906372,0.003775477409362793,0.5407865643501282
1596.png,H2,L3,H2->L3,0.9958598017692566,0.004140198230743408,0.5612443089485168
1600.png,H2,L3,H2->L3,0.9948330521583557,0.005166947841644287,0.5555856823921204
1601.png,H2,L3,H2->L3,0.9963277578353882,0.0036722421646118164,0.5153722763061523
1619.png,H2,L3,H2->L3,0.9960159063339233,0.00398409366607666,0.5134053826332092
1628.png,H2,L3,H2->L3,0.9962112307548523,0.003788769245147705,0.5052059292793274
1629.png,H2,L3,H2->L3,0.9962067604064941,0.0037932395935058594,0.5144044756889343
1630.png,H2,L3,H2->L3,0.996565580368042,0.003434419631958008,0.5052238702774048
1644.png,H2,L3,H2->L3,0.9959031343460083,0.004096865653991699,0.5428081750869751
1645.png,H2,L3,H2->L3,0.995448648929596,0.004551351070404053,0.5828102231025696
1646.png,H2,L3,H2->L3,0.9958598017692566,0.004140198230743408,0.5612443089485168
1647.png,H2,L3,H2->L3,0.9951485395431519,0.0048514604568481445,0.5886468887329102
1648.png,H2,L3,H2->L3,0.9956398010253906,0.004360198974609375,0.5423537492752075
1656.png,H2,L3,H2->L3,0.9945396780967712,0.00546032190322876,0.6218164563179016
1657.png,H2,L3,H2->L3,0.9950451850891113,0.004954814910888672,0.6091259717941284
1665.png,H2,L3,H2->L3,0.9959031343460083,0.004096865653991699,0.5428081750869751
1666.png,H2,L3,H2->L3,0.9964956641197205,0.003504335880279541,0.49530029296875
1678.png,H2,L3,H2->L3,0.9964956641197205,0.003504335880279541,0.49530029296875
1684.png,H2,L3,H2->L3,0.9962067604064941,0.0037932395935058594,0.5144044756889343
1685.png,H2,L3,H2->L3,0.9960159063339233,0.00398409366607666,0.5134053826332092
1686.png,H2,L3,H2->L3,0.9964956641197205,0.003504335880279541,0.49530029296875
1689.png,H2,L3,H2->L3,0.996565580368042,0.003434419631958008,0.5052238702774048
1696.png,H2,L3,H2->L3,0.9956169724464417,0.00438302755355835,0.5988742709159851
1706.png,H2,L3,H2->L3,0.9956169724464417,0.00438302755355835,0.5988742709159851
1715.png,H2,L3,H2->L3,0.9950873851776123,0.004912614822387695,0.6064736843109131
1716.png,H2,L3,H2->L3,0.9960159063339233,0.00398409366607666,0.5134053826332092
1718.png,H2,L3,H2->L3,0.9950873851776123,0.004912614822387695,0.6064736843109131
1727.png,H2,L3,H2->L3,0.9962245225906372,0.003775477409362793,0.5407865643501282
1728.png,H2,L3,H2->L3,0.9960159063339233,0.00398409366607666,0.5134053826332092
1729.png,H2,L3,H2->L3,0.995448648929596,0.004551351070404053,0.5828102231025696
1730.png,H2,L3,H2->L3,0.9960159063339233,0.00398409366607666,0.5134053826332092
1734.png,H2,L3,H2->L3,0.9950451850891113,0.004954814910888672,0.6091259717941284
1735.png,H2,L3,H2->L3,0.9956398010253906,0.004360198974609375,0.5423537492752075
1736.png,H2,L3,H2->L3,0.9964956641197205,0.003504335880279541,0.49530029296875
1740.png,H2,L3,H2->L3,0.9960159063339233,0.00398409366607666,0.5134053826332092
1744.png,H2,L3,H2->L3,0.9951485395431519,0.0048514604568481445,0.5886468887329102
1746.png,H2,L3,H2->L3,0.9958598017692566,0.004140198230743408,0.5612443089485168
1752.png,H2,L3,H2->L3,0.9948330521583557,0.005166947841644287,0.5555856823921204
1769.png,H2,L3,H2->L3,0.9948330521583557,0.005166947841644287,0.5555856823921204
1771.png,H2,L3,H2->L3,0.9953134655952454,0.004686534404754639,0.617392897605896
1773.png,H2,L3,H2->L3,0.996565580368042,0.003434419631958008,0.5052238702774048
1774.png,H2,L3,H2->L3,0.9945396780967712,0.00546032190322876,0.6218164563179016
1776.png,H2,L3,H2->L3,0.9960159063339233,0.00398409366607666,0.5134053826332092
1789.png,H2,L3,H2->L3,0.9951485395431519,0.0048514604568481445,0.5886468887329102
1796.png,H2,L3,H2->L3,0.9959031343460083,0.004096865653991699,0.5428081750869751
1798.png,H2,L3,H2->L3,0.9950451850891113,0.004954814910888672,0.6091259717941284
1807.png,H2,L3,H2->L3,0.9952588677406311,0.0047411322593688965,0.598629891872406
1816.png,H2,L3,H2->L3,0.9953134655952454,0.004686534404754639,0.617392897605896
1824.png,H2,L3,H2->L3,0.9953134655952454,0.004686534404754639,0.617392897605896
1825.png,H2,L3,H2->L3,0.9962245225906372,0.003775477409362793,0.5407865643501282
1826.png,H2,L3,H2->L3,0.9953134655952454,0.004686534404754639,0.617392897605896
1827.png,H2,L3,H2->L3,0.9962245225906372,0.003775477409362793,0.5407865643501282
1829.png,H2,L3,H2->L3,0.9964956641197205,0.003504335880279541,0.49530029296875
1834.png,H2,L3,H2->L3,0.996565580368042,0.003434419631958008,0.5052238702774048
1835.png,H2,L3,H2->L3,0.9962245225906372,0.003775477409362793,0.5407865643501282
1843.png,H2,L3,H2->L3,0.995481014251709,0.004518985748291016,0.5312705039978027
1847.png,H2,L3,H2->L3,0.9955044984817505,0.004495501518249512,0.5718597173690796
1852.png,H2,L3,H2->L3,0.9953278303146362,0.0046721696853637695,0.5192326903343201
1853.png,H2,L3,H2->L3,0.9950653910636902,0.0049346089363098145,0.5984112620353699
1858.png,H2,L3,H2->L3,0.9950097799301147,0.004990220069885254,0.647722065448761
1863.png,H2,L3,H2->L3,0.9950653910636902,0.0049346089363098145,0.5984112620353699
1869.png,H2,L3,H2->L3,0.9952456951141357,0.004754304885864258,0.5546689629554749
1879.png,H2,L3,H2->L3,0.9948915243148804,0.005108475685119629,0.5949912071228027
1880.png,H2,L3,H2->L3,0.9950097799301147,0.004990220069885254,0.647722065448761
1882.png,H2,L3,H2->L3,0.9951076507568359,0.0048923492431640625,0.5957180261611938
1886.png,H2,L3,H2->L3,0.9953278303146362,0.0046721696853637695,0.5192326903343201
1890.png,H2,L3,H2->L3,0.9966006875038147,0.0033993124961853027,0.45752468705177307
1894.png,H2,L3,H2->L3,0.9926304817199707,0.007369518280029297,0.6987470388412476
1900.png,H2,L3,H2->L3,0.9951076507568359,0.0048923492431640625,0.5957180261611938
1901.png,H2,L3,H2->L3,0.9948915243148804,0.005108475685119629,0.5949912071228027
1902.png,H2,L3,H2->L3,0.9955044984817505,0.004495501518249512,0.5718597173690796
1910.png,H2,L3,H2->L3,0.9960064888000488,0.003993511199951172,0.5078809857368469
1911.png,H2,L3,H2->L3,0.9961967468261719,0.003803253173828125,0.4740910530090332
1917.png,H2,L3,H2->L3,0.9951076507568359,0.0048923492431640625,0.5957180261611938
1933.png,H2,L3,H2->L3,0.995481014251709,0.004518985748291016,0.5312705039978027
1941.png,H2,L3,H2->L3,0.9928463697433472,0.007153630256652832,0.7214391231536865
1949.png,H2,L3,H2->L3,0.9961212873458862,0.0038787126541137695,0.4916326105594635
1950.png,H2,L3,H2->L3,0.9957171678543091,0.004282832145690918,0.5177665948867798
1951.png,H2,L3,H2->L3,0.9957171678543091,0.004282832145690918,0.5177665948867798
1955.png,H2,L3,H2->L3,0.9952622652053833,0.004737734794616699,0.5714739561080933
1957.png,H2,L3,H2->L3,0.9952456951141357,0.004754304885864258,0.5546689629554749
1978.png,H2,L3,H2->L3,0.9926304817199707,0.007369518280029297,0.6987470388412476
1981.png,H2,L3,H2->L3,0.9950097799301147,0.004990220069885254,0.647722065448761
1984.png,H2,L3,H2->L3,0.9951076507568359,0.0048923492431640625,0.5957180261611938
1986.png,H2,L3,H2->L3,0.995481014251709,0.004518985748291016,0.5312705039978027
1988.png,H2,L3,H2->L3,0.9940111637115479,0.0059888362884521484,0.6701392531394958
2002.png,H2,L3,H2->L3,0.9961967468261719,0.003803253173828125,0.4740910530090332
2003.png,H2,L3,H2->L3,0.995481014251709,0.004518985748291016,0.5312705039978027
2006.png,H2,L3,H2->L3,0.9960064888000488,0.003993511199951172,0.5078809857368469
2007.png,H2,L3,H2->L3,0.9951076507568359,0.0048923492431640625,0.5957180261611938
2008.png,H2,L3,H2->L3,0.9951076507568359,0.0048923492431640625,0.5957180261611938
2009.png,H2,L3,H2->L3,0.9956015944480896,0.0043984055519104,0.5685548186302185
2014.png,H2,L3,H2->L3,0.995481014251709,0.004518985748291016,0.5312705039978027
2026.png,H2,L3,H2->L3,0.9948915243148804,0.005108475685119629,0.5949912071228027
2029.png,H2,L3,H2->L3,0.9952622652053833,0.004737734794616699,0.5714739561080933
2031.png,H2,L3,H2->L3,0.9950653910636902,0.0049346089363098145,0.5984112620353699
2039.png,H2,L3,H2->L3,0.9953278303146362,0.0046721696853637695,0.5192326903343201
2055.png,H2,L3,H2->L3,0.9957171678543091,0.004282832145690918,0.5177665948867798
2062.png,H2,L3,H2->L3,0.9952456951141357,0.004754304885864258,0.5546689629554749
2064.png,H2,L3,H2->L3,0.9966006875038147,0.0033993124961853027,0.45752468705177307
2065.png,H2,L3,H2->L3,0.9940111637115479,0.0059888362884521484,0.6701392531394958
2066.png,H2,L3,H2->L3,0.9952622652053833,0.004737734794616699,0.5714739561080933
2075.png,H2,L3,H2->L3,0.9940111637115479,0.0059888362884521484,0.6701392531394958
2076.png,H2,L3,H2->L3,0.9955044984817505,0.004495501518249512,0.5718597173690796
2082.png,H2,L3,H2->L3,0.9961212873458862,0.0038787126541137695,0.4916326105594635
2108.png,H2,L3,H2->L3,0.9952456951141357,0.004754304885864258,0.5546689629554749
2110.png,H2,L3,H2->L3,0.9952456951141357,0.004754304885864258,0.5546689629554749
2118.png,H2,L3,H2->L3,0.9952456951141357,0.004754304885864258,0.5546689629554749
2127.png,H2,L3,H2->L3,0.9950653910636902,0.0049346089363098145,0.5984112620353699
2136.png,H2,L3,H2->L3,0.9956015944480896,0.0043984055519104,0.5685548186302185
2137.png,H2,L3,H2->L3,0.9928463697433472,0.007153630256652832,0.7214391231536865
2148.png,H2,L3,H2->L3,0.9950653910636902,0.0049346089363098145,0.5984112620353699
2170.png,H2,L3,H2->L3,0.9957171678543091,0.004282832145690918,0.5177665948867798
2176.png,H2,L3,H2->L3,0.9928463697433472,0.007153630256652832,0.7214391231536865
2178.png,H2,L3,H2->L3,0.9940111637115479,0.0059888362884521484,0.6701392531394958
2182.png,H2,L3,H2->L3,0.9948915243148804,0.005108475685119629,0.5949912071228027
2188.png,H2,L3,H2->L3,0.9953278303146362,0.0046721696853637695,0.5192326903343201
2208.png,H2,L3,H2->L3,0.9952622652053833,0.004737734794616699,0.5714739561080933
2211.png,H2,L3,H2->L3,0.9957594871520996,0.004240512847900391,0.5176864266395569
2213.png,H2,L3,H2->L3,0.9956015944480896,0.0043984055519104,0.5685548186302185
2214.png,H2,L3,H2->L3,0.9953278303146362,0.0046721696853637695,0.5192326903343201
2221.png,H2,L3,H2->L3,0.9950653910636902,0.0049346089363098145,0.5984112620353699
2226.png,H2,L3,H2->L3,0.995481014251709,0.004518985748291016,0.5312705039978027
2227.png,H2,L3,H2->L3,0.995481014251709,0.004518985748291016,0.5312705039978027
2237.png,H2,L3,H2->L3,0.9955044984817505,0.004495501518249512,0.5718597173690796
2241.png,H2,L3,H2->L3,0.9940111637115479,0.0059888362884521484,0.6701392531394958
2244.png,H2,L3,H2->L3,0.9940111637115479,0.0059888362884521484,0.6701392531394958
2245.png,H2,L3,H2->L3,0.9950097799301147,0.004990220069885254,0.647722065448761
2246.png,H2,L3,H2->L3,0.9966006875038147,0.0033993124961853027,0.45752468705177307
2248.png,H2,L3,H2->L3,0.995481014251709,0.004518985748291016,0.5312705039978027
2259.png,H2,L3,H2->L3,0.9948915243148804,0.005108475685119629,0.5949912071228027
2272.png,H2,L3,H2->L3,0.9957171678543091,0.004282832145690918,0.5177665948867798
2277.png,H2,L3,H2->L3,0.9952456951141357,0.004754304885864258,0.5546689629554749
2278.png,H2,L3,H2->L3,0.9940111637115479,0.0059888362884521484,0.6701392531394958
2293.png,H2,L3,H2->L3,0.9955044984817505,0.004495501518249512,0.5718597173690796
2326.png,H2,L3,H2->L3,0.9952456951141357,0.004754304885864258,0.5546689629554749
2344.png,H2,L3,H2->L3,0.9928463697433472,0.007153630256652832,0.7214391231536865
2353.png,H2,L3,H2->L3,0.9940111637115479,0.0059888362884521484,0.6701392531394958
2364.png,H2,L3,H2->L3,0.9928463697433472,0.007153630256652832,0.7214391231536865
2384.png,H2,L3,H2->L3,0.9957171678543091,0.004282832145690918,0.5177665948867798
2386.png,H2,L3,H2->L3,0.9952456951141357,0.004754304885864258,0.5546689629554749
2388.png,H2,L3,H2->L3,0.9928463697433472,0.007153630256652832,0.7214391231536865
2389.png,H2,L3,H2->L3,0.995481014251709,0.004518985748291016,0.5312705039978027
2392.png,H2,L3,H2->L3,0.9926304817199707,0.007369518280029297,0.6987470388412476
2395.png,H2,L3,H2->L3,0.995481014251709,0.004518985748291016,0.5312705039978027
2399.png,H2,L3,H2->L3,0.9953278303146362,0.0046721696853637695,0.5192326903343201
2400.png,H2,L3,H2->L3,0.995481014251709,0.004518985748291016,0.5312705039978027
2401.png,H2,L3,H2->L3,0.9967363476753235,0.0032636523246765137,0.4350091516971588
2406.png,H2,L3,H2->L3,0.9952622652053833,0.004737734794616699,0.5714739561080933
2423.png,H2,L3,H2->L3,0.9950097799301147,0.004990220069885254,0.647722065448761
2424.png,H2,L3,H2->L3,0.9961967468261719,0.003803253173828125,0.4740910530090332
2430.png,H2,L3,H2->L3,0.9928463697433472,0.007153630256652832,0.7214391231536865
2442.png,H2,L3,H2->L3,0.9960064888000488,0.003993511199951172,0.5078809857368469
2459.png,H2,L3,H2->L3,0.9928463697433472,0.007153630256652832,0.7214391231536865
2472.png,H2,L3,H2->L3,0.9957171678543091,0.004282832145690918,0.5177665948867798
2474.png,H2,L3,H2->L3,0.9951076507568359,0.0048923492431640625,0.5957180261611938
2486.png,H2,L3,H2->L3,0.9956015944480896,0.0043984055519104,0.5685548186302185
2489.png,H2,L3,H2->L3,0.9957594871520996,0.004240512847900391,0.5176864266395569
2503.png,H2,L3,H2->L3,0.9926304817199707,0.007369518280029297,0.6987470388412476
2504.png,H2,L3,H2->L3,0.995481014251709,0.004518985748291016,0.5312705039978027
2511.png,H2,L3,H2->L3,0.9926304817199707,0.007369518280029297,0.6987470388412476
2520.png,H2,L3,H2->L3,0.9955044984817505,0.004495501518249512,0.5718597173690796
2522.png,H2,L3,H2->L3,0.9952456951141357,0.004754304885864258,0.5546689629554749
2523.png,H2,L3,H2->L3,0.9957171678543091,0.004282832145690918,0.5177665948867798
2532.png,H2,L3,H2->L3,0.9928463697433472,0.007153630256652832,0.7214391231536865
2533.png,H2,L3,H2->L3,0.995481014251709,0.004518985748291016,0.5312705039978027
2537.png,H2,L3,H2->L3,0.9960064888000488,0.003993511199951172,0.5078809857368469
2542.png,H2,L3,H2->L3,0.9952456951141357,0.004754304885864258,0.5546689629554749
2545.png,H2,L3,H2->L3,0.9952456951141357,0.004754304885864258,0.5546689629554749
2555.png,H2,L3,H2->L3,0.9957594871520996,0.004240512847900391,0.5176864266395569
2556.png,H2,L3,H2->L3,0.9928463697433472,0.007153630256652832,0.7214391231536865
2557.png,H2,L3,H2->L3,0.9940111637115479,0.0059888362884521484,0.6701392531394958
2565.png,H2,L3,H2->L3,0.9967363476753235,0.0032636523246765137,0.4350091516971588
2575.png,H2,L3,H2->L3,0.9951076507568359,0.0048923492431640625,0.5957180261611938
2577.png,H2,L3,H2->L3,0.9952622652053833,0.004737734794616699,0.5714739561080933
2581.png,H2,L3,H2->L3,0.9948915243148804,0.005108475685119629,0.5949912071228027
2582.png,H2,L3,H2->L3,0.9953278303146362,0.0046721696853637695,0.5192326903343201
2589.png,H2,L3,H2->L3,0.9952622652053833,0.004737734794616699,0.5714739561080933
2590.png,H2,L3,H2->L3,0.9961967468261719,0.003803253173828125,0.4740910530090332
2591.png,H2,L3,H2->L3,0.9953278303146362,0.0046721696853637695,0.5192326903343201
2592.png,H2,L3,H2->L3,0.9948915243148804,0.005108475685119629,0.5949912071228027
2593.png,H2,L3,H2->L3,0.9926304817199707,0.007369518280029297,0.6987470388412476
2594.png,H2,L3,H2->L3,0.9956015944480896,0.0043984055519104,0.5685548186302185
2602.png,H2,L3,H2->L3,0.9948915243148804,0.005108475685119629,0.5949912071228027
2605.png,H2,L3,H2->L3,0.9951076507568359,0.0048923492431640625,0.5957180261611938
2608.png,H2,L3,H2->L3,0.9967363476753235,0.0032636523246765137,0.4350091516971588
2609.png,H2,L3,H2->L3,0.9950097799301147,0.004990220069885254,0.647722065448761
2623.png,H2,L3,H2->L3,0.9953278303146362,0.0046721696853637695,0.5192326903343201
2656.png,H2,L3,H2->L3,0.9952622652053833,0.004737734794616699,0.5714739561080933
2660.png,H2,L3,H2->L3,0.9953278303146362,0.0046721696853637695,0.5192326903343201
2680.png,H2,L3,H2->L3,0.9952456951141357,0.004754304885864258,0.5546689629554749
2685.png,H2,L3,H2->L3,0.9960064888000488,0.003993511199951172,0.5078809857368469
2701.png,H2,L3,H2->L3,0.9926304817199707,0.007369518280029297,0.6987470388412476
2703.png,H2,L3,H2->L3,0.9950097799301147,0.004990220069885254,0.647722065448761
2705.png,H2,L3,H2->L3,0.9957171678543091,0.004282832145690918,0.5177665948867798
2706.png,H2,L3,H2->L3,0.9960064888000488,0.003993511199951172,0.5078809857368469
2716.png,H2,L3,H2->L3,0.9926304817199707,0.007369518280029297,0.6987470388412476
2720.png,H2,L3,H2->L3,0.9950097799301147,0.004990220069885254,0.647722065448761
2721.png,H2,L3,H2->L3,0.9952622652053833,0.004737734794616699,0.5714739561080933
2723.png,H2,L3,H2->L3,0.9961967468261719,0.003803253173828125,0.4740910530090332
2740.png,H2,L3,H2->L3,0.9952456951141357,0.004754304885864258,0.5546689629554749
2752.png,H2,L3,H2->L3,0.9952456951141357,0.004754304885864258,0.5546689629554749
2754.png,H2,L3,H2->L3,0.9950097799301147,0.004990220069885254,0.647722065448761
2766.png,H2,L3,H2->L3,0.9948915243148804,0.005108475685119629,0.5949912071228027
2768.png,H2,L3,H2->L3,0.9955044984817505,0.004495501518249512,0.5718597173690796
2771.png,H2,L3,H2->L3,0.9961212873458862,0.0038787126541137695,0.4916326105594635
2781.png,H2,L3,H2->L3,0.9926304817199707,0.007369518280029297,0.6987470388412476
2782.png,H2,L3,H2->L3,0.9955044984817505,0.004495501518249512,0.5718597173690796
2784.png,H2,L3,H2->L3,0.9953278303146362,0.0046721696853637695,0.5192326903343201
2787.png,H2,L3,H2->L3,0.9926304817199707,0.007369518280029297,0.6987470388412476
2794.png,H2,L3,H2->L3,0.9940111637115479,0.0059888362884521484,0.6701392531394958
2801.png,H2,L3,H2->L3,0.9957171678543091,0.004282832145690918,0.5177665948867798
2807.png,H2,L3,H2->L3,0.9967363476753235,0.0032636523246765137,0.4350091516971588
2810.png,H2,L3,H2->L3,0.9940111637115479,0.0059888362884521484,0.6701392531394958
2816.png,H2,L3,H2->L3,0.995481014251709,0.004518985748291016,0.5312705039978027
2825.png,H2,L3,H2->L3,0.9926304817199707,0.007369518280029297,0.6987470388412476
2827.png,H2,L3,H2->L3,0.9952456951141357,0.004754304885864258,0.5546689629554749
2835.png,H2,L3,H2->L3,0.9951076507568359,0.0048923492431640625,0.5957180261611938
2846.png,H2,L3,H2->L3,0.9940111637115479,0.0059888362884521484,0.6701392531394958
2866.png,H2,L3,H2->L3,0.9961967468261719,0.003803253173828125,0.4740910530090332
2871.png,H2,L3,H2->L3,0.9953278303146362,0.0046721696853637695,0.5192326903343201
2875.png,H2,L3,H2->L3,0.9952622652053833,0.004737734794616699,0.5714739561080933
2877.png,H2,L3,H2->L3,0.9928463697433472,0.007153630256652832,0.7214391231536865
2878.png,H2,L3,H2->L3,0.9926304817199707,0.007369518280029297,0.6987470388412476
2882.png,H2,L3,H2->L3,0.9926304817199707,0.007369518280029297,0.6987470388412476
2883.png,H2,L3,H2->L3,0.9948915243148804,0.005108475685119629,0.5949912071228027
2884.png,H2,L3,H2->L3,0.9948915243148804,0.005108475685119629,0.5949912071228027
2885.png,H2,L3,H2->L3,0.9928463697433472,0.007153630256652832,0.7214391231536865
2886.png,H2,L3,H2->L3,0.9928463697433472,0.007153630256652832,0.7214391231536865
2891.png,H2,L3,H2->L3,0.9950097799301147,0.004990220069885254,0.647722065448761
2895.png,H2,L3,H2->L3,0.9950097799301147,0.004990220069885254,0.647722065448761
2897.png,H2,L3,H2->L3,0.9956015944480896,0.0043984055519104,0.5685548186302185
2898.png,H2,L3,H2->L3,0.9940111637115479,0.0059888362884521484,0.6701392531394958
2910.png,H2,L3,H2->L3,0.9952622652053833,0.004737734794616699,0.5714739561080933
2912.png,H2,L3,H2->L3,0.9952622652053833,0.004737734794616699,0.5714739561080933
2916.png,H2,L3,H2->L3,0.9926304817199707,0.007369518280029297,0.6987470388412476
2920.png,H2,L3,H2->L3,0.9952622652053833,0.004737734794616699,0.5714739561080933
2924.png,H2,L3,H2->L3,0.9928463697433472,0.007153630256652832,0.7214391231536865
2927.png,H2,L3,H2->L3,0.9950653910636902,0.0049346089363098145,0.5984112620353699
2933.png,H2,L3,H2->L3,0.9928463697433472,0.007153630256652832,0.7214391231536865
2940.png,H2,L3,H2->L3,0.9967363476753235,0.0032636523246765137,0.4350091516971588
2941.png,H2,L3,H2->L3,0.9967363476753235,0.0032636523246765137,0.4350091516971588
2943.png,H2,L3,H2->L3,0.9928463697433472,0.007153630256652832,0.7214391231536865
2947.png,H2,L3,H2->L3,0.9957594871520996,0.004240512847900391,0.5176864266395569
2951.png,H2,L3,H2->L3,0.9928463697433472,0.007153630256652832,0.7214391231536865
2955.png,H2,L3,H2->L3,0.9950653910636902,0.0049346089363098145,0.5984112620353699
2957.png,H2,L3,H2->L3,0.9952456951141357,0.004754304885864258,0.5546689629554749
2958.png,H2,L3,H2->L3,0.9952622652053833,0.004737734794616699,0.5714739561080933
2959.png,H2,L3,H2->L3,0.9952456951141357,0.004754304885864258,0.5546689629554749
2961.png,H2,L3,H2->L3,0.9950097799301147,0.004990220069885254,0.647722065448761
2968.png,H2,L3,H2->L3,0.9948915243148804,0.005108475685119629,0.5949912071228027
2969.png,H2,L3,H2->L3,0.9950097799301147,0.004990220069885254,0.647722065448761
2977.png,H2,L3,H2->L3,0.9926304817199707,0.007369518280029297,0.6987470388412476
2978.png,H2,L3,H2->L3,0.9952622652053833,0.004737734794616699,0.5714739561080933
2979.png,H2,L3,H2->L3,0.995481014251709,0.004518985748291016,0.5312705039978027
2980.png,H2,L3,H2->L3,0.9928463697433472,0.007153630256652832,0.7214391231536865
2981.png,H2,L3,H2->L3,0.9952622652053833,0.004737734794616699,0.5714739561080933
2982.png,H2,L3,H2->L3,0.9961212873458862,0.0038787126541137695,0.4916326105594635
2984.png,H2,L3,H2->L3,0.9948915243148804,0.005108475685119629,0.5949912071228027
2990.png,H2,L3,H2->L3,0.9960064888000488,0.003993511199951172,0.5078809857368469
2991.png,H2,L3,H2->L3,0.9952622652053833,0.004737734794616699,0.5714739561080933
3001.png,H2,L3,H2->L3,0.9950097799301147,0.004990220069885254,0.647722065448761
3008.png,H2,L3,H2->L3,0.9957594871520996,0.004240512847900391,0.5176864266395569
3015.png,H2,L3,H2->L3,0.9956015944480896,0.0043984055519104,0.5685548186302185
3016.png,H2,L3,H2->L3,0.9952456951141357,0.004754304885864258,0.5546689629554749
3018.png,H2,L3,H2->L3,0.9952622652053833,0.004737734794616699,0.5714739561080933
3021.png,H2,L3,H2->L3,0.9950653910636902,0.0049346089363098145,0.5984112620353699
3031.png,H2,L3,H2->L3,0.9957171678543091,0.004282832145690918,0.5177665948867798
3039.png,H2,L3,H2->L3,0.9950653910636902,0.0049346089363098145,0.5984112620353699
3045.png,H2,L3,H2->L3,0.9952622652053833,0.004737734794616699,0.5714739561080933
3046.png,H2,L3,H2->L3,0.995481014251709,0.004518985748291016,0.5312705039978027
3047.png,H2,L3,H2->L3,0.9928463697433472,0.007153630256652832,0.7214391231536865
3051.png,H2,L3,H2->L3,0.9928463697433472,0.007153630256652832,0.7214391231536865
3056.png,H2,L3,H2->L3,0.9928463697433472,0.007153630256652832,0.7214391231536865
3063.png,H2,L3,H2->L3,0.9948930740356445,0.005106925964355469,0.5140195488929749
7.png,L3,L4,L3->L4,0.9057648777961731,0.0942351222038269,1.9085822105407715
13.png,L3,L4,L3->L4,0.9071593284606934,0.09284067153930664,2.237776041030884
16.png,L3,L4,L3->L4,0.9071593284606934,0.09284067153930664,2.237776041030884
25.png,L3,L4,L3->L4,0.8703774213790894,0.12962257862091064,2.4830574989318848
28.png,L3,L4,L3->L4,0.9061421751976013,0.09385782480239868,1.9821367263793945
32.png,L3,L4,L3->L4,0.8972270488739014,0.10277295112609863,2.2707197666168213
41.png,L3,L4,L3->L4,0.8996793031692505,0.10032069683074951,2.103429079055786
55.png,L3,L4,L3->L4,0.8918899893760681,0.10811001062393188,1.9774361848831177
56.png,L3,L4,L3->L4,0.9071593284606934,0.09284067153930664,2.237776041030884
66.png,L3,L4,L3->L4,0.8918899893760681,0.10811001062393188,1.9774361848831177
67.png,L3,L4,L3->L4,0.9071593284606934,0.09284067153930664,2.237776041030884
70.png,L3,L4,L3->L4,0.9105504155158997,0.08944958448410034,1.9632116556167603
86.png,L3,L4,L3->L4,0.9061421751976013,0.09385782480239868,1.9821367263793945
93.png,L3,L4,L3->L4,0.9105504155158997,0.08944958448410034,1.9632116556167603
99.png,L3,L4,L3->L4,0.8585757613182068,0.1414242386817932,2.628848075866699
100.png,L3,L4,L3->L4,0.8998154401779175,0.10018455982208252,2.047703504562378
102.png,L3,L4,L3->L4,0.895493745803833,0.10450625419616699,2.424879550933838
108.png,L3,L4,L3->L4,0.8831177949905396,0.11688220500946045,2.3673665523529053
114.png,L3,L4,L3->L4,0.895493745803833,0.10450625419616699,2.424879550933838
117.png,L3,L4,L3->L4,0.8618356585502625,0.13816434144973755,2.619983673095703
121.png,L3,L4,L3->L4,0.895493745803833,0.10450625419616699,2.424879550933838
122.png,L3,L4,L3->L4,0.9071593284606934,0.09284067153930664,2.237776041030884
124.png,L3,L4,L3->L4,0.8831177949905396,0.11688220500946045,2.3673665523529053
128.png,L3,L4,L3->L4,0.8918899893760681,0.10811001062393188,1.9774361848831177
131.png,L3,L4,L3->L4,0.895493745803833,0.10450625419616699,2.424879550933838
138.png,L3,L4,L3->L4,0.8846079707145691,0.11539202928543091,2.570164442062378
150.png,L3,L4,L3->L4,0.8703774213790894,0.12962257862091064,2.4830574989318848
152.png,L3,L4,L3->L4,0.9061421751976013,0.09385782480239868,1.9821367263793945
156.png,L3,L4,L3->L4,0.9105504155158997,0.08944958448410034,1.9632116556167603
167.png,L3,L4,L3->L4,0.895493745803833,0.10450625419616699,2.424879550933838
169.png,L3,L4,L3->L4,0.8411685228347778,0.15883147716522217,2.791093349456787
174.png,L3,L4,L3->L4,0.8644540905952454,0.13554590940475464,2.710322856903076
183.png,L3,L4,L3->L4,0.895493745803833,0.10450625419616699,2.424879550933838
198.png,L3,L4,L3->L4,0.8594886064529419,0.1405113935470581,2.6725049018859863
211.png,L3,L4,L3->L4,0.9071593284606934,0.09284067153930664,2.237776041030884
217.png,L3,L4,L3->L4,0.8644540905952454,0.13554590940475464,2.710322856903076
223.png,L3,L4,L3->L4,0.8585757613182068,0.1414242386817932,2.628848075866699
228.png,L3,L4,L3->L4,0.9071593284606934,0.09284067153930664,2.237776041030884
233.png,L3,L4,L3->L4,0.9071593284606934,0.09284067153930664,2.237776041030884
234.png,L3,L4,L3->L4,0.8846079707145691,0.11539202928543091,2.570164442062378
238.png,L3,L4,L3->L4,0.8585757613182068,0.1414242386817932,2.628848075866699
246.png,L3,L4,L3->L4,0.8644540905952454,0.13554590940475464,2.710322856903076
256.png,L3,L4,L3->L4,0.8831177949905396,0.11688220500946045,2.3673665523529053
262.png,L3,L4,L3->L4,0.9071593284606934,0.09284067153930664,2.237776041030884
263.png,L3,L4,L3->L4,0.8703774213790894,0.12962257862091064,2.4830574989318848
284.png,L3,L4,L3->L4,0.895493745803833,0.10450625419616699,2.424879550933838
296.png,L3,L4,L3->L4,0.8594886064529419,0.1405113935470581,2.6725049018859863
304.png,L3,L4,L3->L4,0.8846079707145691,0.11539202928543091,2.570164442062378
311.png,L3,L4,L3->L4,0.8644540905952454,0.13554590940475464,2.710322856903076
321.png,L3,L4,L3->L4,0.8831177949905396,0.11688220500946045,2.3673665523529053
323.png,L3,L4,L3->L4,0.8585757613182068,0.1414242386817932,2.628848075866699
324.png,L3,L4,L3->L4,0.8585757613182068,0.1414242386817932,2.628848075866699
332.png,L3,L4,L3->L4,0.8618356585502625,0.13816434144973755,2.619983673095703
333.png,L3,L4,L3->L4,0.8831177949905396,0.11688220500946045,2.3673665523529053
350.png,L3,L4,L3->L4,0.9071593284606934,0.09284067153930664,2.237776041030884
351.png,L3,L4,L3->L4,0.8644540905952454,0.13554590940475464,2.710322856903076
354.png,L3,L4,L3->L4,0.8846079707145691,0.11539202928543091,2.570164442062378
404.png,L3,L4,L3->L4,0.8411685228347778,0.15883147716522217,2.791093349456787
415.png,L3,L4,L3->L4,0.8585757613182068,0.1414242386817932,2.628848075866699
429.png,L3,L4,L3->L4,0.8594886064529419,0.1405113935470581,2.6725049018859863
442.png,L3,L4,L3->L4,0.8585757613182068,0.1414242386817932,2.628848075866699
443.png,L3,L4,L3->L4,0.9061421751976013,0.09385782480239868,1.9821367263793945
445.png,L3,L4,L3->L4,0.8644540905952454,0.13554590940475464,2.710322856903076
452.png,L3,L4,L3->L4,0.8854431509971619,0.11455684900283813,2.4108803272247314
457.png,L3,L4,L3->L4,0.8918899893760681,0.10811001062393188,1.9774361848831177
472.png,L3,L4,L3->L4,0.895493745803833,0.10450625419616699,2.424879550933838
473.png,L3,L4,L3->L4,0.9071593284606934,0.09284067153930664,2.237776041030884
475.png,L3,L4,L3->L4,0.9061421751976013,0.09385782480239868,1.9821367263793945
482.png,L3,L4,L3->L4,0.8594886064529419,0.1405113935470581,2.6725049018859863
483.png,L3,L4,L3->L4,0.9057648777961731,0.0942351222038269,1.9085822105407715
484.png,L3,L4,L3->L4,0.9071593284606934,0.09284067153930664,2.237776041030884
486.png,L3,L4,L3->L4,0.8644540905952454,0.13554590940475464,2.710322856903076
494.png,L3,L4,L3->L4,0.9071593284606934,0.09284067153930664,2.237776041030884
500.png,L3,L4,L3->L4,0.9057648777961731,0.0942351222038269,1.9085822105407715
506.png,L3,L4,L3->L4,0.8585757613182068,0.1414242386817932,2.628848075866699
507.png,L3,L4,L3->L4,0.8972270488739014,0.10277295112609863,2.2707197666168213
518.png,L3,L4,L3->L4,0.8996793031692505,0.10032069683074951,2.103429079055786
519.png,L3,L4,L3->L4,0.8854431509971619,0.11455684900283813,2.4108803272247314
543.png,L3,L4,L3->L4,0.8831177949905396,0.11688220500946045,2.3673665523529053
550.png,L3,L4,L3->L4,0.9071593284606934,0.09284067153930664,2.237776041030884
551.png,L3,L4,L3->L4,0.9105504155158997,0.08944958448410034,1.9632116556167603
558.png,L3,L4,L3->L4,0.895493745803833,0.10450625419616699,2.424879550933838
561.png,L3,L4,L3->L4,0.895493745803833,0.10450625419616699,2.424879550933838
562.png,L3,L4,L3->L4,0.895493745803833,0.10450625419616699,2.424879550933838
563.png,L3,L4,L3->L4,0.8854431509971619,0.11455684900283813,2.4108803272247314
579.png,L3,L4,L3->L4,0.8585757613182068,0.1414242386817932,2.628848075866699
581.png,L3,L4,L3->L4,0.9061421751976013,0.09385782480239868,1.9821367263793945
589.png,L3,L4,L3->L4,0.8831177949905396,0.11688220500946045,2.3673665523529053
590.png,L3,L4,L3->L4,0.8594886064529419,0.1405113935470581,2.6725049018859863
592.png,L3,L4,L3->L4,0.9071593284606934,0.09284067153930664,2.237776041030884
593.png,L3,L4,L3->L4,0.8585757613182068,0.1414242386817932,2.628848075866699
601.png,L3,L4,L3->L4,0.8644540905952454,0.13554590940475464,2.710322856903076
604.png,L3,L4,L3->L4,0.8972270488739014,0.10277295112609863,2.2707197666168213
614.png,L3,L4,L3->L4,0.8703774213790894,0.12962257862091064,2.4830574989318848
616.png,L3,L4,L3->L4,0.8594886064529419,0.1405113935470581,2.6725049018859863
621.png,L3,L4,L3->L4,0.8585757613182068,0.1414242386817932,2.628848075866699
623.png,L3,L4,L3->L4,0.895493745803833,0.10450625419616699,2.424879550933838
630.png,L3,L4,L3->L4,0.8918899893760681,0.10811001062393188,1.9774361848831177
633.png,L3,L4,L3->L4,0.8831177949905396,0.11688220500946045,2.3673665523529053
670.png,L3,L4,L3->L4,0.8411685228347778,0.15883147716522217,2.791093349456787
675.png,L3,L4,L3->L4,0.8594886064529419,0.1405113935470581,2.6725049018859863
681.png,L3,L4,L3->L4,0.8644540905952454,0.13554590940475464,2.710322856903076
687.png,L3,L4,L3->L4,0.8594886064529419,0.1405113935470581,2.6725049018859863
694.png,L3,L4,L3->L4,0.8996793031692505,0.10032069683074951,2.103429079055786
695.png,L3,L4,L3->L4,0.8703774213790894,0.12962257862091064,2.4830574989318848
712.png,L3,L4,L3->L4,0.9327714443206787,0.06722855567932129,2.153684377670288
713.png,L3,L4,L3->L4,0.9358693957328796,0.06413060426712036,2.0889949798583984
714.png,L3,L4,L3->L4,0.925510048866272,0.07448995113372803,2.238955020904541
723.png,L3,L4,L3->L4,0.8825926184654236,0.11740738153457642,2.6603832244873047
727.png,L3,L4,L3->L4,0.8622744083404541,0.1377255916595459,2.859273672103882
729.png,L3,L4,L3->L4,0.8825926184654236,0.11740738153457642,2.6603832244873047
761.png,L3,L4,L3->L4,0.8829153180122375,0.11708468198776245,2.456411838531494
762.png,L3,L4,L3->L4,0.8825926184654236,0.11740738153457642,2.6603832244873047
764.png,L3,L4,L3->L4,0.8642229437828064,0.1357770562171936,2.824101686477661
769.png,L3,L4,L3->L4,0.8734712600708008,0.12652873992919922,2.6751868724823
776.png,L3,L4,L3->L4,0.8804469108581543,0.1195530891418457,2.495072364807129
780.png,L3,L4,L3->L4,0.8622744083404541,0.1377255916595459,2.859273672103882
781.png,L3,L4,L3->L4,0.8734712600708008,0.12652873992919922,2.6751868724823
782.png,L3,L4,L3->L4,0.8622744083404541,0.1377255916595459,2.859273672103882
794.png,L3,L4,L3->L4,0.8734712600708008,0.12652873992919922,2.6751868724823
828.png,L3,L4,L3->L4,0.8829153180122375,0.11708468198776245,2.456411838531494
837.png,L3,L4,L3->L4,0.8810645937919617,0.11893540620803833,2.5363047122955322
847.png,L3,L4,L3->L4,0.8804469108581543,0.1195530891418457,2.495072364807129
856.png,L3,L4,L3->L4,0.8734712600708008,0.12652873992919922,2.6751868724823
865.png,L3,L4,L3->L4,0.8953015804290771,0.10469841957092285,2.509697437286377
867.png,L3,L4,L3->L4,0.9154425263404846,0.08455747365951538,2.180619955062866
868.png,L3,L4,L3->L4,0.8954007625579834,0.1045992374420166,2.5258359909057617
900.png,L3,L4,L3->L4,0.8804469108581543,0.1195530891418457,2.495072364807129
915.png,L3,L4,L3->L4,0.8825926184654236,0.11740738153457642,2.6603832244873047
921.png,L3,L4,L3->L4,0.9327714443206787,0.06722855567932129,2.153684377670288
922.png,L3,L4,L3->L4,0.9300180673599243,0.06998193264007568,2.056169271469116
929.png,L3,L4,L3->L4,0.9094891548156738,0.09051084518432617,2.443765878677368
933.png,L3,L4,L3->L4,0.925510048866272,0.07448995113372803,2.238955020904541
935.png,L3,L4,L3->L4,0.9300180673599243,0.06998193264007568,2.056169271469116
939.png,L3,L4,L3->L4,0.9263806939125061,0.0736193060874939,2.1374456882476807
942.png,L3,L4,L3->L4,0.9410602450370789,0.05893975496292114,2.1038155555725098
943.png,L3,L4,L3->L4,0.9327714443206787,0.06722855567932129,2.153684377670288
944.png,L3,L4,L3->L4,0.9263806939125061,0.0736193060874939,2.1374456882476807
945.png,L3,L4,L3->L4,0.925510048866272,0.07448995113372803,2.238955020904541
954.png,L3,L4,L3->L4,0.9410602450370789,0.05893975496292114,2.1038155555725098
956.png,L3,L4,L3->L4,0.9193821549415588,0.08061784505844116,2.2859885692596436
958.png,L3,L4,L3->L4,0.9327714443206787,0.06722855567932129,2.153684377670288
960.png,L3,L4,L3->L4,0.925510048866272,0.07448995113372803,2.238955020904541
963.png,L3,L4,L3->L4,0.9410602450370789,0.05893975496292114,2.1038155555725098
982.png,L3,L4,L3->L4,0.9333043694496155,0.06669563055038452,2.091517448425293
992.png,L3,L4,L3->L4,0.925510048866272,0.07448995113372803,2.238955020904541
994.png,L3,L4,L3->L4,0.9333043694496155,0.06669563055038452,2.091517448425293
1004.png,L3,L4,L3->L4,0.9249104857444763,0.07508951425552368,2.174788236618042
1007.png,L3,L4,L3->L4,0.9410602450370789,0.05893975496292114,2.1038155555725098
1008.png,L3,L4,L3->L4,0.9193821549415588,0.08061784505844116,2.2859885692596436
1011.png,L3,L4,L3->L4,0.9263806939125061,0.0736193060874939,2.1374456882476807
1015.png,L3,L4,L3->L4,0.9193821549415588,0.08061784505844116,2.2859885692596436
1016.png,L3,L4,L3->L4,0.9410602450370789,0.05893975496292114,2.1038155555725098
1023.png,L3,L4,L3->L4,0.9349581599235535,0.06504184007644653,1.994166374206543
1027.png,L3,L4,L3->L4,0.9248570203781128,0.07514297962188721,2.21608304977417
1029.png,L3,L4,L3->L4,0.9174667596817017,0.08253324031829834,2.1712231636047363
1031.png,L3,L4,L3->L4,0.9333043694496155,0.06669563055038452,2.091517448425293
1035.png,L3,L4,L3->L4,0.9174667596817017,0.08253324031829834,2.1712231636047363
1037.png,L3,L4,L3->L4,0.9249104857444763,0.07508951425552368,2.174788236618042
1039.png,L3,L4,L3->L4,0.9358693957328796,0.06413060426712036,2.0889949798583984
1040.png,L3,L4,L3->L4,0.9141504764556885,0.08584952354431152,2.3437211513519287
1041.png,L3,L4,L3->L4,0.9094891548156738,0.09051084518432617,2.443765878677368
1047.png,L3,L4,L3->L4,0.9467079043388367,0.05329209566116333,1.9469926357269287
1053.png,L3,L4,L3->L4,0.9333043694496155,0.06669563055038452,2.091517448425293
1054.png,L3,L4,L3->L4,0.9174667596817017,0.08253324031829834,2.1712231636047363
1057.png,L3,L4,L3->L4,0.9327714443206787,0.06722855567932129,2.153684377670288
1060.png,L3,L4,L3->L4,0.9325345754623413,0.06746542453765869,2.1532907485961914
1061.png,L3,L4,L3->L4,0.9248570203781128,0.07514297962188721,2.21608304977417
1069.png,L3,L4,L3->L4,0.9333043694496155,0.06669563055038452,2.091517448425293
1072.png,L3,L4,L3->L4,0.9249104857444763,0.07508951425552368,2.174788236618042
1073.png,L3,L4,L3->L4,0.913175106048584,0.08682489395141602,2.316918134689331
1074.png,L3,L4,L3->L4,0.9141504764556885,0.08584952354431152,2.3437211513519287
1078.png,L3,L4,L3->L4,0.9263806939125061,0.0736193060874939,2.1374456882476807
1084.png,L3,L4,L3->L4,0.9249104857444763,0.07508951425552368,2.174788236618042
1085.png,L3,L4,L3->L4,0.9467079043388367,0.05329209566116333,1.9469926357269287
1089.png,L3,L4,L3->L4,0.9300180673599243,0.06998193264007568,2.056169271469116
1092.png,L3,L4,L3->L4,0.925510048866272,0.07448995113372803,2.238955020904541
1093.png,L3,L4,L3->L4,0.9248570203781128,0.07514297962188721,2.21608304977417
1096.png,L3,L4,L3->L4,0.9327714443206787,0.06722855567932129,2.153684377670288
1103.png,L3,L4,L3->L4,0.9174667596817017,0.08253324031829834,2.1712231636047363
1107.png,L3,L4,L3->L4,0.9248570203781128,0.07514297962188721,2.21608304977417
1111.png,L3,L4,L3->L4,0.9467079043388367,0.05329209566116333,1.9469926357269287
1113.png,L3,L4,L3->L4,0.9248570203781128,0.07514297962188721,2.21608304977417
1114.png,L3,L4,L3->L4,0.9141504764556885,0.08584952354431152,2.3437211513519287
1118.png,L3,L4,L3->L4,0.9358693957328796,0.06413060426712036,2.0889949798583984
1120.png,L3,L4,L3->L4,0.9467079043388367,0.05329209566116333,1.9469926357269287
1123.png,L3,L4,L3->L4,0.9248570203781128,0.07514297962188721,2.21608304977417
1124.png,L3,L4,L3->L4,0.9174667596817017,0.08253324031829834,2.1712231636047363
1125.png,L3,L4,L3->L4,0.9467079043388367,0.05329209566116333,1.9469926357269287
1126.png,L3,L4,L3->L4,0.925510048866272,0.07448995113372803,2.238955020904541
1130.png,L3,L4,L3->L4,0.9263806939125061,0.0736193060874939,2.1374456882476807
1134.png,L3,L4,L3->L4,0.9174667596817017,0.08253324031829834,2.1712231636047363
1137.png,L3,L4,L3->L4,0.9141504764556885,0.08584952354431152,2.3437211513519287
1138.png,L3,L4,L3->L4,0.9248570203781128,0.07514297962188721,2.21608304977417
1140.png,L3,L4,L3->L4,0.9333043694496155,0.06669563055038452,2.091517448425293
1144.png,L3,L4,L3->L4,0.9333043694496155,0.06669563055038452,2.091517448425293
1146.png,L3,L4,L3->L4,0.9141504764556885,0.08584952354431152,2.3437211513519287
1148.png,L3,L4,L3->L4,0.9174667596817017,0.08253324031829834,2.1712231636047363
1149.png,L3,L4,L3->L4,0.9174667596817017,0.08253324031829834,2.1712231636047363
1150.png,L3,L4,L3->L4,0.9193821549415588,0.08061784505844116,2.2859885692596436
1156.png,L3,L4,L3->L4,0.9467079043388367,0.05329209566116333,1.9469926357269287
1160.png,L3,L4,L3->L4,0.9249104857444763,0.07508951425552368,2.174788236618042
1163.png,L3,L4,L3->L4,0.925510048866272,0.07448995113372803,2.238955020904541
1165.png,L3,L4,L3->L4,0.9279552102088928,0.07204478979110718,2.1333751678466797
1169.png,L3,L4,L3->L4,0.9248570203781128,0.07514297962188721,2.21608304977417
1170.png,L3,L4,L3->L4,0.9156328439712524,0.08436715602874756,2.293858528137207
1177.png,L3,L4,L3->L4,0.9249104857444763,0.07508951425552368,2.174788236618042
1178.png,L3,L4,L3->L4,0.9249104857444763,0.07508951425552368,2.174788236618042
1179.png,L3,L4,L3->L4,0.9248570203781128,0.07514297962188721,2.21608304977417
1189.png,L3,L4,L3->L4,0.9358693957328796,0.06413060426712036,2.0889949798583984
1192.png,L3,L4,L3->L4,0.9410602450370789,0.05893975496292114,2.1038155555725098
1211.png,L3,L4,L3->L4,0.9263806939125061,0.0736193060874939,2.1374456882476807
1223.png,L3,L4,L3->L4,0.9174667596817017,0.08253324031829834,2.1712231636047363
1225.png,L3,L4,L3->L4,0.9141504764556885,0.08584952354431152,2.3437211513519287
1239.png,L3,L4,L3->L4,0.9156328439712524,0.08436715602874756,2.293858528137207
1241.png,L3,L4,L3->L4,0.9467079043388367,0.05329209566116333,1.9469926357269287
1243.png,L3,L4,L3->L4,0.9248570203781128,0.07514297962188721,2.21608304977417
1246.png,L3,L4,L3->L4,0.9410602450370789,0.05893975496292114,2.1038155555725098
1247.png,L3,L4,L3->L4,0.9358693957328796,0.06413060426712036,2.0889949798583984
1248.png,L3,L4,L3->L4,0.913175106048584,0.08682489395141602,2.316918134689331
1249.png,L3,L4,L3->L4,0.925510048866272,0.07448995113372803,2.238955020904541
1250.png,L3,L4,L3->L4,0.9193821549415588,0.08061784505844116,2.2859885692596436
1251.png,L3,L4,L3->L4,0.9300180673599243,0.06998193264007568,2.056169271469116
1252.png,L3,L4,L3->L4,0.9333043694496155,0.06669563055038452,2.091517448425293
1253.png,L3,L4,L3->L4,0.9263806939125061,0.0736193060874939,2.1374456882476807
1254.png,L3,L4,L3->L4,0.9358693957328796,0.06413060426712036,2.0889949798583984
1267.png,L3,L4,L3->L4,0.9174667596817017,0.08253324031829834,2.1712231636047363
1273.png,L3,L4,L3->L4,0.925510048866272,0.07448995113372803,2.238955020904541
1279.png,L3,L4,L3->L4,0.9156328439712524,0.08436715602874756,2.293858528137207
1280.png,L3,L4,L3->L4,0.9193821549415588,0.08061784505844116,2.2859885692596436
1281.png,L3,L4,L3->L4,0.9263806939125061,0.0736193060874939,2.1374456882476807
1282.png,L3,L4,L3->L4,0.9325345754623413,0.06746542453765869,2.1532907485961914
1283.png,L3,L4,L3->L4,0.9249104857444763,0.07508951425552368,2.174788236618042
1293.png,L3,L4,L3->L4,0.9094891548156738,0.09051084518432617,2.443765878677368
1309.png,L3,L4,L3->L4,0.9467079043388367,0.05329209566116333,1.9469926357269287
1326.png,L3,L4,L3->L4,0.9333043694496155,0.06669563055038452,2.091517448425293
1331.png,L3,L4,L3->L4,0.9141504764556885,0.08584952354431152,2.3437211513519287
1333.png,L3,L4,L3->L4,0.9263806939125061,0.0736193060874939,2.1374456882476807
1334.png,L3,L4,L3->L4,0.9325345754623413,0.06746542453765869,2.1532907485961914
1341.png,L3,L4,L3->L4,0.913175106048584,0.08682489395141602,2.316918134689331
1345.png,L3,L4,L3->L4,0.9300180673599243,0.06998193264007568,2.056169271469116
1346.png,L3,L4,L3->L4,0.9193821549415588,0.08061784505844116,2.2859885692596436
1353.png,L3,L4,L3->L4,0.9410602450370789,0.05893975496292114,2.1038155555725098
1355.png,L3,L4,L3->L4,0.9300180673599243,0.06998193264007568,2.056169271469116
1361.png,L3,L4,L3->L4,0.9094891548156738,0.09051084518432617,2.443765878677368
1364.png,L3,L4,L3->L4,0.9300180673599243,0.06998193264007568,2.056169271469116
1365.png,L3,L4,L3->L4,0.9249104857444763,0.07508951425552368,2.174788236618042
1367.png,L3,L4,L3->L4,0.925510048866272,0.07448995113372803,2.238955020904541
1368.png,L3,L4,L3->L4,0.9249104857444763,0.07508951425552368,2.174788236618042
1370.png,L3,L4,L3->L4,0.9141504764556885,0.08584952354431152,2.3437211513519287
1371.png,L3,L4,L3->L4,0.913175106048584,0.08682489395141602,2.316918134689331
1372.png,L3,L4,L3->L4,0.913175106048584,0.08682489395141602,2.316918134689331
1373.png,L3,L4,L3->L4,0.9174667596817017,0.08253324031829834,2.1712231636047363
1378.png,L3,L4,L3->L4,0.9263806939125061,0.0736193060874939,2.1374456882476807
1380.png,L3,L4,L3->L4,0.9141504764556885,0.08584952354431152,2.3437211513519287
1381.png,L3,L4,L3->L4,0.9467079043388367,0.05329209566116333,1.9469926357269287
1384.png,L3,L4,L3->L4,0.9094891548156738,0.09051084518432617,2.443765878677368
1387.png,L3,L4,L3->L4,0.913175106048584,0.08682489395141602,2.316918134689331
1388.png,L3,L4,L3->L4,0.9141504764556885,0.08584952354431152,2.3437211513519287
1397.png,L3,L4,L3->L4,0.9327714443206787,0.06722855567932129,2.153684377670288
1398.png,L3,L4,L3->L4,0.9300180673599243,0.06998193264007568,2.056169271469116
1399.png,L3,L4,L3->L4,0.9333043694496155,0.06669563055038452,2.091517448425293
1401.png,L3,L4,L3->L4,0.9467079043388367,0.05329209566116333,1.9469926357269287
1402.png,L3,L4,L3->L4,0.9141504764556885,0.08584952354431152,2.3437211513519287
1406.png,L3,L4,L3->L4,0.9467079043388367,0.05329209566116333,1.9469926357269287
1407.png,L3,L4,L3->L4,0.9141504764556885,0.08584952354431152,2.3437211513519287
1410.png,L3,L4,L3->L4,0.9467079043388367,0.05329209566116333,1.9469926357269287
1411.png,L3,L4,L3->L4,0.9349581599235535,0.06504184007644653,1.994166374206543
1425.png,L3,L4,L3->L4,0.9467079043388367,0.05329209566116333,1.9469926357269287
1426.png,L3,L4,L3->L4,0.9249104857444763,0.07508951425552368,2.174788236618042
1435.png,L3,L4,L3->L4,0.913175106048584,0.08682489395141602,2.316918134689331
1436.png,L3,L4,L3->L4,0.925510048866272,0.07448995113372803,2.238955020904541
1437.png,L3,L4,L3->L4,0.9279552102088928,0.07204478979110718,2.1333751678466797
1442.png,L3,L4,L3->L4,0.9094891548156738,0.09051084518432617,2.443765878677368
1457.png,L3,L4,L3->L4,0.9174667596817017,0.08253324031829834,2.1712231636047363
1458.png,L3,L4,L3->L4,0.9333043694496155,0.06669563055038452,2.091517448425293
1459.png,L3,L4,L3->L4,0.9263806939125061,0.0736193060874939,2.1374456882476807
1461.png,L3,L4,L3->L4,0.9467079043388367,0.05329209566116333,1.9469926357269287
1464.png,L3,L4,L3->L4,0.9141504764556885,0.08584952354431152,2.3437211513519287
1465.png,L3,L4,L3->L4,0.9410602450370789,0.05893975496292114,2.1038155555725098
1466.png,L3,L4,L3->L4,0.9174667596817017,0.08253324031829834,2.1712231636047363
1472.png,L3,L4,L3->L4,0.9327714443206787,0.06722855567932129,2.153684377670288
1477.png,L3,L4,L3->L4,0.9467079043388367,0.05329209566116333,1.9469926357269287
1480.png,L3,L4,L3->L4,0.9141504764556885,0.08584952354431152,2.3437211513519287
1481.png,L3,L4,L3->L4,0.9174667596817017,0.08253324031829834,2.1712231636047363
1482.png,L3,L4,L3->L4,0.9279552102088928,0.07204478979110718,2.1333751678466797
1483.png,L3,L4,L3->L4,0.9333043694496155,0.06669563055038452,2.091517448425293
1484.png,L3,L4,L3->L4,0.9141504764556885,0.08584952354431152,2.3437211513519287
1485.png,L3,L4,L3->L4,0.913175106048584,0.08682489395141602,2.316918134689331
1488.png,L3,L4,L3->L4,0.9141504764556885,0.08584952354431152,2.3437211513519287
1490.png,L3,L4,L3->L4,0.9249104857444763,0.07508951425552368,2.174788236618042
1491.png,L3,L4,L3->L4,0.9156328439712524,0.08436715602874756,2.293858528137207
1492.png,L3,L4,L3->L4,0.9141504764556885,0.08584952354431152,2.3437211513519287
1493.png,L3,L4,L3->L4,0.9358693957328796,0.06413060426712036,2.0889949798583984
1495.png,L3,L4,L3->L4,0.9141504764556885,0.08584952354431152,2.3437211513519287
1496.png,L3,L4,L3->L4,0.9141504764556885,0.08584952354431152,2.3437211513519287
1497.png,L3,L4,L3->L4,0.9141504764556885,0.08584952354431152,2.3437211513519287
1498.png,L3,L4,L3->L4,0.9141504764556885,0.08584952354431152,2.3437211513519287
1509.png,L3,L4,L3->L4,0.9358693957328796,0.06413060426712036,2.0889949798583984
1519.png,L3,L4,L3->L4,0.9174667596817017,0.08253324031829834,2.1712231636047363
1529.png,L3,L4,L3->L4,0.9358693957328796,0.06413060426712036,2.0889949798583984
1533.png,L3,L4,L3->L4,0.9141504764556885,0.08584952354431152,2.3437211513519287
1534.png,L3,L4,L3->L4,0.9349581599235535,0.06504184007644653,1.994166374206543
1535.png,L3,L4,L3->L4,0.9094891548156738,0.09051084518432617,2.443765878677368
1536.png,L3,L4,L3->L4,0.9174667596817017,0.08253324031829834,2.1712231636047363
1545.png,L3,L4,L3->L4,0.9174667596817017,0.08253324031829834,2.1712231636047363
1546.png,L3,L4,L3->L4,0.9263806939125061,0.0736193060874939,2.1374456882476807
1547.png,L3,L4,L3->L4,0.9325345754623413,0.06746542453765869,2.1532907485961914
1548.png,L3,L4,L3->L4,0.9358693957328796,0.06413060426712036,2.0889949798583984
1551.png,L3,L4,L3->L4,0.9094891548156738,0.09051084518432617,2.443765878677368
1552.png,L3,L4,L3->L4,0.9300180673599243,0.06998193264007568,2.056169271469116
1555.png,L3,L4,L3->L4,0.9193821549415588,0.08061784505844116,2.2859885692596436
1559.png,L3,L4,L3->L4,0.9263806939125061,0.0736193060874939,2.1374456882476807
1560.png,L3,L4,L3->L4,0.9174667596817017,0.08253324031829834,2.1712231636047363
1563.png,L3,L4,L3->L4,0.9263806939125061,0.0736193060874939,2.1374456882476807
1564.png,L3,L4,L3->L4,0.925510048866272,0.07448995113372803,2.238955020904541
1574.png,L3,L4,L3->L4,0.9410602450370789,0.05893975496292114,2.1038155555725098
1575.png,L3,L4,L3->L4,0.925510048866272,0.07448995113372803,2.238955020904541
1577.png,L3,L4,L3->L4,0.925510048866272,0.07448995113372803,2.238955020904541
1579.png,L3,L4,L3->L4,0.9263806939125061,0.0736193060874939,2.1374456882476807
1583.png,L3,L4,L3->L4,0.9358693957328796,0.06413060426712036,2.0889949798583984
1585.png,L3,L4,L3->L4,0.9327714443206787,0.06722855567932129,2.153684377670288
1587.png,L3,L4,L3->L4,0.9325345754623413,0.06746542453765869,2.1532907485961914
1588.png,L3,L4,L3->L4,0.9141504764556885,0.08584952354431152,2.3437211513519287
1590.png,L3,L4,L3->L4,0.9300180673599243,0.06998193264007568,2.056169271469116
1591.png,L3,L4,L3->L4,0.925510048866272,0.07448995113372803,2.238955020904541
1596.png,L3,L4,L3->L4,0.9410602450370789,0.05893975496292114,2.1038155555725098
1600.png,L3,L4,L3->L4,0.9174667596817017,0.08253324031829834,2.1712231636047363
1601.png,L3,L4,L3->L4,0.9193821549415588,0.08061784505844116,2.2859885692596436
1619.png,L3,L4,L3->L4,0.9141504764556885,0.08584952354431152,2.3437211513519287
1628.png,L3,L4,L3->L4,0.9300180673599243,0.06998193264007568,2.056169271469116
1629.png,L3,L4,L3->L4,0.9263806939125061,0.0736193060874939,2.1374456882476807
1630.png,L3,L4,L3->L4,0.9467079043388367,0.05329209566116333,1.9469926357269287
1644.png,L3,L4,L3->L4,0.9333043694496155,0.06669563055038452,2.091517448425293
1645.png,L3,L4,L3->L4,0.9094891548156738,0.09051084518432617,2.443765878677368
1646.png,L3,L4,L3->L4,0.9410602450370789,0.05893975496292114,2.1038155555725098
1647.png,L3,L4,L3->L4,0.9327714443206787,0.06722855567932129,2.153684377670288
1648.png,L3,L4,L3->L4,0.9156328439712524,0.08436715602874756,2.293858528137207
1656.png,L3,L4,L3->L4,0.9248570203781128,0.07514297962188721,2.21608304977417
1657.png,L3,L4,L3->L4,0.9249104857444763,0.07508951425552368,2.174788236618042
1665.png,L3,L4,L3->L4,0.9333043694496155,0.06669563055038452,2.091517448425293
1666.png,L3,L4,L3->L4,0.9358693957328796,0.06413060426712036,2.0889949798583984
1678.png,L3,L4,L3->L4,0.9358693957328796,0.06413060426712036,2.0889949798583984
1684.png,L3,L4,L3->L4,0.9263806939125061,0.0736193060874939,2.1374456882476807
1685.png,L3,L4,L3->L4,0.9141504764556885,0.08584952354431152,2.3437211513519287
1686.png,L3,L4,L3->L4,0.9358693957328796,0.06413060426712036,2.0889949798583984
1689.png,L3,L4,L3->L4,0.9467079043388367,0.05329209566116333,1.9469926357269287
1696.png,L3,L4,L3->L4,0.9325345754623413,0.06746542453765869,2.1532907485961914
1706.png,L3,L4,L3->L4,0.9325345754623413,0.06746542453765869,2.1532907485961914
1715.png,L3,L4,L3->L4,0.9349581599235535,0.06504184007644653,1.994166374206543
1716.png,L3,L4,L3->L4,0.9141504764556885,0.08584952354431152,2.3437211513519287
1718.png,L3,L4,L3->L4,0.9349581599235535,0.06504184007644653,1.994166374206543
1727.png,L3,L4,L3->L4,0.925510048866272,0.07448995113372803,2.238955020904541
1728.png,L3,L4,L3->L4,0.9141504764556885,0.08584952354431152,2.3437211513519287
1729.png,L3,L4,L3->L4,0.9094891548156738,0.09051084518432617,2.443765878677368
1730.png,L3,L4,L3->L4,0.9141504764556885,0.08584952354431152,2.3437211513519287
1734.png,L3,L4,L3->L4,0.9249104857444763,0.07508951425552368,2.174788236618042
1735.png,L3,L4,L3->L4,0.9156328439712524,0.08436715602874756,2.293858528137207
1736.png,L3,L4,L3->L4,0.9358693957328796,0.06413060426712036,2.0889949798583984
1740.png,L3,L4,L3->L4,0.9141504764556885,0.08584952354431152,2.3437211513519287
1744.png,L3,L4,L3->L4,0.9327714443206787,0.06722855567932129,2.153684377670288
1746.png,L3,L4,L3->L4,0.9410602450370789,0.05893975496292114,2.1038155555725098
1752.png,L3,L4,L3->L4,0.9174667596817017,0.08253324031829834,2.1712231636047363
1769.png,L3,L4,L3->L4,0.9174667596817017,0.08253324031829834,2.1712231636047363
1771.png,L3,L4,L3->L4,0.913175106048584,0.08682489395141602,2.316918134689331
1773.png,L3,L4,L3->L4,0.9467079043388367,0.05329209566116333,1.9469926357269287
1774.png,L3,L4,L3->L4,0.9248570203781128,0.07514297962188721,2.21608304977417
1776.png,L3,L4,L3->L4,0.9141504764556885,0.08584952354431152,2.3437211513519287
1789.png,L3,L4,L3->L4,0.9327714443206787,0.06722855567932129,2.153684377670288
1796.png,L3,L4,L3->L4,0.9333043694496155,0.06669563055038452,2.091517448425293
1798.png,L3,L4,L3->L4,0.9249104857444763,0.07508951425552368,2.174788236618042
1807.png,L3,L4,L3->L4,0.9279552102088928,0.07204478979110718,2.1333751678466797
1816.png,L3,L4,L3->L4,0.913175106048584,0.08682489395141602,2.316918134689331
1824.png,L3,L4,L3->L4,0.913175106048584,0.08682489395141602,2.316918134689331
1825.png,L3,L4,L3->L4,0.925510048866272,0.07448995113372803,2.238955020904541
1826.png,L3,L4,L3->L4,0.913175106048584,0.08682489395141602,2.316918134689331
1827.png,L3,L4,L3->L4,0.925510048866272,0.07448995113372803,2.238955020904541
1829.png,L3,L4,L3->L4,0.9358693957328796,0.06413060426712036,2.0889949798583984
1834.png,L3,L4,L3->L4,0.9467079043388367,0.05329209566116333,1.9469926357269287
1835.png,L3,L4,L3->L4,0.925510048866272,0.07448995113372803,2.238955020904541
1843.png,L3,L4,L3->L4,0.8734712600708008,0.12652873992919922,2.6751868724823
1847.png,L3,L4,L3->L4,0.8825926184654236,0.11740738153457642,2.6603832244873047
1852.png,L3,L4,L3->L4,0.8810645937919617,0.11893540620803833,2.5363047122955322
1853.png,L3,L4,L3->L4,0.851682186126709,0.14831781387329102,2.9321413040161133
1858.png,L3,L4,L3->L4,0.8622744083404541,0.1377255916595459,2.859273672103882
1863.png,L3,L4,L3->L4,0.851682186126709,0.14831781387329102,2.9321413040161133
1869.png,L3,L4,L3->L4,0.8829153180122375,0.11708468198776245,2.456411838531494
1879.png,L3,L4,L3->L4,0.9086366891860962,0.09136331081390381,2.372887134552002
1880.png,L3,L4,L3->L4,0.8622744083404541,0.1377255916595459,2.859273672103882
1882.png,L3,L4,L3->L4,0.8475977182388306,0.15240228176116943,2.917428731918335
1886.png,L3,L4,L3->L4,0.8810645937919617,0.11893540620803833,2.5363047122955322
1890.png,L3,L4,L3->L4,0.8614219427108765,0.13857805728912354,2.7780656814575195
1894.png,L3,L4,L3->L4,0.8642229437828064,0.1357770562171936,2.824101686477661
1900.png,L3,L4,L3->L4,0.8475977182388306,0.15240228176116943,2.917428731918335
1901.png,L3,L4,L3->L4,0.9086366891860962,0.09136331081390381,2.372887134552002
1902.png,L3,L4,L3->L4,0.8825926184654236,0.11740738153457642,2.6603832244873047
1910.png,L3,L4,L3->L4,0.9067450165748596,0.09325498342514038,2.468143939971924
1911.png,L3,L4,L3->L4,0.9154425263404846,0.08455747365951538,2.180619955062866
1917.png,L3,L4,L3->L4,0.8475977182388306,0.15240228176116943,2.917428731918335
1933.png,L3,L4,L3->L4,0.8734712600708008,0.12652873992919922,2.6751868724823
1941.png,L3,L4,L3->L4,0.8954007625579834,0.1045992374420166,2.5258359909057617
1949.png,L3,L4,L3->L4,0.8729239106178284,0.12707608938217163,2.7632806301116943
1950.png,L3,L4,L3->L4,0.9109150767326355,0.0890849232673645,2.3434557914733887
1951.png,L3,L4,L3->L4,0.9109150767326355,0.0890849232673645,2.3434557914733887
1955.png,L3,L4,L3->L4,0.8388777375221252,0.16112226247787476,3.0348029136657715
1957.png,L3,L4,L3->L4,0.8829153180122375,0.11708468198776245,2.456411838531494
1978.png,L3,L4,L3->L4,0.8642229437828064,0.1357770562171936,2.824101686477661
1981.png,L3,L4,L3->L4,0.8622744083404541,0.1377255916595459,2.859273672103882
1984.png,L3,L4,L3->L4,0.8475977182388306,0.15240228176116943,2.917428731918335
1986.png,L3,L4,L3->L4,0.8734712600708008,0.12652873992919922,2.6751868724823
1988.png,L3,L4,L3->L4,0.8953015804290771,0.10469841957092285,2.509697437286377
2002.png,L3,L4,L3->L4,0.9154425263404846,0.08455747365951538,2.180619955062866
2003.png,L3,L4,L3->L4,0.8734712600708008,0.12652873992919922,2.6751868724823
2006.png,L3,L4,L3->L4,0.9067450165748596,0.09325498342514038,2.468143939971924
2007.png,L3,L4,L3->L4,0.8475977182388306,0.15240228176116943,2.917428731918335
2008.png,L3,L4,L3->L4,0.8475977182388306,0.15240228176116943,2.917428731918335
2009.png,L3,L4,L3->L4,0.8627445697784424,0.13725543022155762,2.92038893699646
2014.png,L3,L4,L3->L4,0.8734712600708008,0.12652873992919922,2.6751868724823
2026.png,L3,L4,L3->L4,0.9086366891860962,0.09136331081390381,2.372887134552002
2029.png,L3,L4,L3->L4,0.8388777375221252,0.16112226247787476,3.0348029136657715
2031.png,L3,L4,L3->L4,0.851682186126709,0.14831781387329102,2.9321413040161133
2039.png,L3,L4,L3->L4,0.8810645937919617,0.11893540620803833,2.5363047122955322
2055.png,L3,L4,L3->L4,0.9109150767326355,0.0890849232673645,2.3434557914733887
2062.png,L3,L4,L3->L4,0.8829153180122375,0.11708468198776245,2.456411838531494
2064.png,L3,L4,L3->L4,0.8614219427108765,0.13857805728912354,2.7780656814575195
2065.png,L3,L4,L3->L4,0.8953015804290771,0.10469841957092285,2.509697437286377
2066.png,L3,L4,L3->L4,0.8388777375221252,0.16112226247787476,3.0348029136657715
2075.png,L3,L4,L3->L4,0.8953015804290771,0.10469841957092285,2.509697437286377
2076.png,L3,L4,L3->L4,0.8825926184654236,0.11740738153457642,2.6603832244873047
2082.png,L3,L4,L3->L4,0.8729239106178284,0.12707608938217163,2.7632806301116943
2108.png,L3,L4,L3->L4,0.8829153180122375,0.11708468198776245,2.456411838531494
2110.png,L3,L4,L3->L4,0.8829153180122375,0.11708468198776245,2.456411838531494
2118.png,L3,L4,L3->L4,0.8829153180122375,0.11708468198776245,2.456411838531494
2127.png,L3,L4,L3->L4,0.851682186126709,0.14831781387329102,2.9321413040161133
2136.png,L3,L4,L3->L4,0.8627445697784424,0.13725543022155762,2.92038893699646
2137.png,L3,L4,L3->L4,0.8954007625579834,0.1045992374420166,2.5258359909057617
2148.png,L3,L4,L3->L4,0.851682186126709,0.14831781387329102,2.9321413040161133
2170.png,L3,L4,L3->L4,0.9109150767326355,0.0890849232673645,2.3434557914733887
2176.png,L3,L4,L3->L4,0.8954007625579834,0.1045992374420166,2.5258359909057617
2178.png,L3,L4,L3->L4,0.8953015804290771,0.10469841957092285,2.509697437286377
2182.png,L3,L4,L3->L4,0.9086366891860962,0.09136331081390381,2.372887134552002
2188.png,L3,L4,L3->L4,0.8810645937919617,0.11893540620803833,2.5363047122955322
2208.png,L3,L4,L3->L4,0.8388777375221252,0.16112226247787476,3.0348029136657715
2211.png,L3,L4,L3->L4,0.8976148962974548,0.10238510370254517,2.3882336616516113
2213.png,L3,L4,L3->L4,0.8627445697784424,0.13725543022155762,2.92038893699646
2214.png,L3,L4,L3->L4,0.8810645937919617,0.11893540620803833,2.5363047122955322
2221.png,L3,L4,L3->L4,0.851682186126709,0.14831781387329102,2.9321413040161133
2226.png,L3,L4,L3->L4,0.8734712600708008,0.12652873992919922,2.6751868724823
2227.png,L3,L4,L3->L4,0.8734712600708008,0.12652873992919922,2.6751868724823
2237.png,L3,L4,L3->L4,0.8825926184654236,0.11740738153457642,2.6603832244873047
2241.png,L3,L4,L3->L4,0.8953015804290771,0.10469841957092285,2.509697437286377
2244.png,L3,L4,L3->L4,0.8953015804290771,0.10469841957092285,2.509697437286377
2245.png,L3,L4,L3->L4,0.8622744083404541,0.1377255916595459,2.859273672103882
2246.png,L3,L4,L3->L4,0.8614219427108765,0.13857805728912354,2.7780656814575195
2248.png,L3,L4,L3->L4,0.8734712600708008,0.12652873992919922,2.6751868724823
2259.png,L3,L4,L3->L4,0.9086366891860962,0.09136331081390381,2.372887134552002
2272.png,L3,L4,L3->L4,0.9109150767326355,0.0890849232673645,2.3434557914733887
2277.png,L3,L4,L3->L4,0.8829153180122375,0.11708468198776245,2.456411838531494
2278.png,L3,L4,L3->L4,0.8953015804290771,0.10469841957092285,2.509697437286377
2293.png,L3,L4,L3->L4,0.8825926184654236,0.11740738153457642,2.6603832244873047
2326.png,L3,L4,L3->L4,0.8829153180122375,0.11708468198776245,2.456411838531494
2344.png,L3,L4,L3->L4,0.8954007625579834,0.1045992374420166,2.5258359909057617
2353.png,L3,L4,L3->L4,0.8953015804290771,0.10469841957092285,2.509697437286377
2364.png,L3,L4,L3->L4,0.8954007625579834,0.1045992374420166,2.5258359909057617
2384.png,L3,L4,L3->L4,0.9109150767326355,0.0890849232673645,2.3434557914733887
2386.png,L3,L4,L3->L4,0.8829153180122375,0.11708468198776245,2.456411838531494
2388.png,L3,L4,L3->L4,0.8954007625579834,0.1045992374420166,2.5258359909057617
2389.png,L3,L4,L3->L4,0.8734712600708008,0.12652873992919922,2.6751868724823
2392.png,L3,L4,L3->L4,0.8642229437828064,0.1357770562171936,2.824101686477661
2395.png,L3,L4,L3->L4,0.8734712600708008,0.12652873992919922,2.6751868724823
2399.png,L3,L4,L3->L4,0.8810645937919617,0.11893540620803833,2.5363047122955322
2400.png,L3,L4,L3->L4,0.8734712600708008,0.12652873992919922,2.6751868724823
2401.png,L3,L4,L3->L4,0.8804469108581543,0.1195530891418457,2.495072364807129
2406.png,L3,L4,L3->L4,0.8388777375221252,0.16112226247787476,3.0348029136657715
2423.png,L3,L4,L3->L4,0.8622744083404541,0.1377255916595459,2.859273672103882
2424.png,L3,L4,L3->L4,0.9154425263404846,0.08455747365951538,2.180619955062866
2430.png,L3,L4,L3->L4,0.8954007625579834,0.1045992374420166,2.5258359909057617
2442.png,L3,L4,L3->L4,0.9067450165748596,0.09325498342514038,2.468143939971924
2459.png,L3,L4,L3->L4,0.8954007625579834,0.1045992374420166,2.5258359909057617
2472.png,L3,L4,L3->L4,0.9109150767326355,0.0890849232673645,2.3434557914733887
2474.png,L3,L4,L3->L4,0.8475977182388306,0.15240228176116943,2.917428731918335
2486.png,L3,L4,L3->L4,0.8627445697784424,0.13725543022155762,2.92038893699646
2489.png,L3,L4,L3->L4,0.8976148962974548,0.10238510370254517,2.3882336616516113
2503.png,L3,L4,L3->L4,0.8642229437828064,0.1357770562171936,2.824101686477661
2504.png,L3,L4,L3->L4,0.8734712600708008,0.12652873992919922,2.6751868724823
2511.png,L3,L4,L3->L4,0.8642229437828064,0.1357770562171936,2.824101686477661
2520.png,L3,L4,L3->L4,0.8825926184654236,0.11740738153457642,2.6603832244873047
2522.png,L3,L4,L3->L4,0.8829153180122375,0.11708468198776245,2.456411838531494
2523.png,L3,L4,L3->L4,0.9109150767326355,0.0890849232673645,2.3434557914733887
2532.png,L3,L4,L3->L4,0.8954007625579834,0.1045992374420166,2.5258359909057617
2533.png,L3,L4,L3->L4,0.8734712600708008,0.12652873992919922,2.6751868724823
2537.png,L3,L4,L3->L4,0.9067450165748596,0.09325498342514038,2.468143939971924
2542.png,L3,L4,L3->L4,0.8829153180122375,0.11708468198776245,2.456411838531494
2545.png,L3,L4,L3->L4,0.8829153180122375,0.11708468198776245,2.456411838531494
2555.png,L3,L4,L3->L4,0.8976148962974548,0.10238510370254517,2.3882336616516113
2556.png,L3,L4,L3->L4,0.8954007625579834,0.1045992374420166,2.5258359909057617
2557.png,L3,L4,L3->L4,0.8953015804290771,0.10469841957092285,2.509697437286377
2565.png,L3,L4,L3->L4,0.8804469108581543,0.1195530891418457,2.495072364807129
2575.png,L3,L4,L3->L4,0.8475977182388306,0.15240228176116943,2.917428731918335
2577.png,L3,L4,L3->L4,0.8388777375221252,0.16112226247787476,3.0348029136657715
2581.png,L3,L4,L3->L4,0.9086366891860962,0.09136331081390381,2.372887134552002
2582.png,L3,L4,L3->L4,0.8810645937919617,0.11893540620803833,2.5363047122955322
2589.png,L3,L4,L3->L4,0.8388777375221252,0.16112226247787476,3.0348029136657715
2590.png,L3,L4,L3->L4,0.9154425263404846,0.08455747365951538,2.180619955062866
2591.png,L3,L4,L3->L4,0.8810645937919617,0.11893540620803833,2.5363047122955322
2592.png,L3,L4,L3->L4,0.9086366891860962,0.09136331081390381,2.372887134552002
2593.png,L3,L4,L3->L4,0.8642229437828064,0.1357770562171936,2.824101686477661
2594.png,L3,L4,L3->L4,0.8627445697784424,0.13725543022155762,2.92038893699646
2602.png,L3,L4,L3->L4,0.9086366891860962,0.09136331081390381,2.372887134552002
2605.png,L3,L4,L3->L4,0.8475977182388306,0.15240228176116943,2.917428731918335
2608.png,L3,L4,L3->L4,0.8804469108581543,0.1195530891418457,2.495072364807129
2609.png,L3,L4,L3->L4,0.8622744083404541,0.1377255916595459,2.859273672103882
2623.png,L3,L4,L3->L4,0.8810645937919617,0.11893540620803833,2.5363047122955322
2656.png,L3,L4,L3->L4,0.8388777375221252,0.16112226247787476,3.0348029136657715
2660.png,L3,L4,L3->L4,0.8810645937919617,0.11893540620803833,2.5363047122955322
2680.png,L3,L4,L3->L4,0.8829153180122375,0.11708468198776245,2.456411838531494
2685.png,L3,L4,L3->L4,0.9067450165748596,0.09325498342514038,2.468143939971924
2701.png,L3,L4,L3->L4,0.8642229437828064,0.1357770562171936,2.824101686477661
2703.png,L3,L4,L3->L4,0.8622744083404541,0.1377255916595459,2.859273672103882
2705.png,L3,L4,L3->L4,0.9109150767326355,0.0890849232673645,2.3434557914733887
2706.png,L3,L4,L3->L4,0.9067450165748596,0.09325498342514038,2.468143939971924
2716.png,L3,L4,L3->L4,0.8642229437828064,0.1357770562171936,2.824101686477661
2720.png,L3,L4,L3->L4,0.8622744083404541,0.1377255916595459,2.859273672103882
2721.png,L3,L4,L3->L4,0.8388777375221252,0.16112226247787476,3.0348029136657715
2723.png,L3,L4,L3->L4,0.9154425263404846,0.08455747365951538,2.180619955062866
2740.png,L3,L4,L3->L4,0.8829153180122375,0.11708468198776245,2.456411838531494
2752.png,L3,L4,L3->L4,0.8829153180122375,0.11708468198776245,2.456411838531494
2754.png,L3,L4,L3->L4,0.8622744083404541,0.1377255916595459,2.859273672103882
2766.png,L3,L4,L3->L4,0.9086366891860962,0.09136331081390381,2.372887134552002
2768.png,L3,L4,L3->L4,0.8825926184654236,0.11740738153457642,2.6603832244873047
2771.png,L3,L4,L3->L4,0.8729239106178284,0.12707608938217163,2.7632806301116943
2781.png,L3,L4,L3->L4,0.8642229437828064,0.1357770562171936,2.824101686477661
2782.png,L3,L4,L3->L4,0.8825926184654236,0.11740738153457642,2.6603832244873047
2784.png,L3,L4,L3->L4,0.8810645937919617,0.11893540620803833,2.5363047122955322
2787.png,L3,L4,L3->L4,0.8642229437828064,0.1357770562171936,2.824101686477661
2794.png,L3,L4,L3->L4,0.8953015804290771,0.10469841957092285,2.509697437286377
2801.png,L3,L4,L3->L4,0.9109150767326355,0.0890849232673645,2.3434557914733887
2807.png,L3,L4,L3->L4,0.8804469108581543,0.1195530891418457,2.495072364807129
2810.png,L3,L4,L3->L4,0.8953015804290771,0.10469841957092285,2.509697437286377
2816.png,L3,L4,L3->L4,0.8734712600708008,0.12652873992919922,2.6751868724823
2825.png,L3,L4,L3->L4,0.8642229437828064,0.1357770562171936,2.824101686477661
2827.png,L3,L4,L3->L4,0.8829153180122375,0.11708468198776245,2.456411838531494
2835.png,L3,L4,L3->L4,0.8475977182388306,0.15240228176116943,2.917428731918335
2846.png,L3,L4,L3->L4,0.8953015804290771,0.10469841957092285,2.509697437286377
2866.png,L3,L4,L3->L4,0.9154425263404846,0.08455747365951538,2.180619955062866
2871.png,L3,L4,L3->L4,0.8810645937919617,0.11893540620803833,2.5363047122955322
2875.png,L3,L4,L3->L4,0.8388777375221252,0.16112226247787476,3.0348029136657715
2877.png,L3,L4,L3->L4,0.8954007625579834,0.1045992374420166,2.5258359909057617
2878.png,L3,L4,L3->L4,0.8642229437828064,0.1357770562171936,2.824101686477661
2882.png,L3,L4,L3->L4,0.8642229437828064,0.1357770562171936,2.824101686477661
2883.png,L3,L4,L3->L4,0.9086366891860962,0.09136331081390381,2.372887134552002
2884.png,L3,L4,L3->L4,0.9086366891860962,0.09136331081390381,2.372887134552002
2885.png,L3,L4,L3->L4,0.8954007625579834,0.1045992374420166,2.5258359909057617
2886.png,L3,L4,L3->L4,0.8954007625579834,0.1045992374420166,2.5258359909057617
2891.png,L3,L4,L3->L4,0.8622744083404541,0.1377255916595459,2.859273672103882
2895.png,L3,L4,L3->L4,0.8622744083404541,0.1377255916595459,2.859273672103882
2897.png,L3,L4,L3->L4,0.8627445697784424,0.13725543022155762,2.92038893699646
2898.png,L3,L4,L3->L4,0.8953015804290771,0.10469841957092285,2.509697437286377
2910.png,L3,L4,L3->L4,0.8388777375221252,0.16112226247787476,3.0348029136657715
2912.png,L3,L4,L3->L4,0.8388777375221252,0.16112226247787476,3.0348029136657715
2916.png,L3,L4,L3->L4,0.8642229437828064,0.1357770562171936,2.824101686477661
2920.png,L3,L4,L3->L4,0.8388777375221252,0.16112226247787476,3.0348029136657715
2924.png,L3,L4,L3->L4,0.8954007625579834,0.1045992374420166,2.5258359909057617
2927.png,L3,L4,L3->L4,0.851682186126709,0.14831781387329102,2.9321413040161133
2933.png,L3,L4,L3->L4,0.8954007625579834,0.1045992374420166,2.5258359909057617
2940.png,L3,L4,L3->L4,0.8804469108581543,0.1195530891418457,2.495072364807129
2941.png,L3,L4,L3->L4,0.8804469108581543,0.1195530891418457,2.495072364807129
2943.png,L3,L4,L3->L4,0.8954007625579834,0.1045992374420166,2.5258359909057617
2947.png,L3,L4,L3->L4,0.8976148962974548,0.10238510370254517,2.3882336616516113
2951.png,L3,L4,L3->L4,0.8954007625579834,0.1045992374420166,2.5258359909057617
2955.png,L3,L4,L3->L4,0.851682186126709,0.14831781387329102,2.9321413040161133
2957.png,L3,L4,L3->L4,0.8829153180122375,0.11708468198776245,2.456411838531494
2958.png,L3,L4,L3->L4,0.8388777375221252,0.16112226247787476,3.0348029136657715
2959.png,L3,L4,L3->L4,0.8829153180122375,0.11708468198776245,2.456411838531494
2961.png,L3,L4,L3->L4,0.8622744083404541,0.1377255916595459,2.859273672103882
2968.png,L3,L4,L3->L4,0.9086366891860962,0.09136331081390381,2.372887134552002
2969.png,L3,L4,L3->L4,0.8622744083404541,0.1377255916595459,2.859273672103882
2977.png,L3,L4,L3->L4,0.8642229437828064,0.1357770562171936,2.824101686477661
2978.png,L3,L4,L3->L4,0.8388777375221252,0.16112226247787476,3.0348029136657715
2979.png,L3,L4,L3->L4,0.8734712600708008,0.12652873992919922,2.6751868724823
2980.png,L3,L4,L3->L4,0.8954007625579834,0.1045992374420166,2.5258359909057617
2981.png,L3,L4,L3->L4,0.8388777375221252,0.16112226247787476,3.0348029136657715
2982.png,L3,L4,L3->L4,0.8729239106178284,0.12707608938217163,2.7632806301116943
2984.png,L3,L4,L3->L4,0.9086366891860962,0.09136331081390381,2.372887134552002
2990.png,L3,L4,L3->L4,0.9067450165748596,0.09325498342514038,2.468143939971924
2991.png,L3,L4,L3->L4,0.8388777375221252,0.16112226247787476,3.0348029136657715
3001.png,L3,L4,L3->L4,0.8622744083404541,0.1377255916595459,2.859273672103882
3008.png,L3,L4,L3->L4,0.8976148962974548,0.10238510370254517,2.3882336616516113
3015.png,L3,L4,L3->L4,0.8627445697784424,0.13725543022155762,2.92038893699646
3016.png,L3,L4,L3->L4,0.8829153180122375,0.11708468198776245,2.456411838531494
3018.png,L3,L4,L3->L4,0.8388777375221252,0.16112226247787476,3.0348029136657715
3021.png,L3,L4,L3->L4,0.851682186126709,0.14831781387329102,2.9321413040161133
3031.png,L3,L4,L3->L4,0.9109150767326355,0.0890849232673645,2.3434557914733887
3039.png,L3,L4,L3->L4,0.851682186126709,0.14831781387329102,2.9321413040161133
3045.png,L3,L4,L3->L4,0.8388777375221252,0.16112226247787476,3.0348029136657715
3046.png,L3,L4,L3->L4,0.8734712600708008,0.12652873992919922,2.6751868724823
3047.png,L3,L4,L3->L4,0.8954007625579834,0.1045992374420166,2.5258359909057617
3051.png,L3,L4,L3->L4,0.8954007625579834,0.1045992374420166,2.5258359909057617
3056.png,L3,L4,L3->L4,0.8954007625579834,0.1045992374420166,2.5258359909057617
3063.png,L3,L4,L3->L4,0.8996793031692505,0.10032069683074951,2.103429079055786
7.png,L4,L5,L4->L5,0.8223651051521301,0.17763489484786987,2.96376895904541
13.png,L4,L5,L4->L5,0.8812128901481628,0.11878710985183716,2.471853256225586
16.png,L4,L5,L4->L5,0.8812128901481628,0.11878710985183716,2.471853256225586
25.png,L4,L5,L4->L5,0.8396821022033691,0.16031789779663086,2.8630566596984863
28.png,L4,L5,L4->L5,0.8252628445625305,0.17473715543746948,2.9491984844207764
32.png,L4,L5,L4->L5,0.8857505917549133,0.11424940824508667,2.423738956451416
41.png,L4,L5,L4->L5,0.8471682071685791,0.1528317928314209,2.7691147327423096
55.png,L4,L5,L4->L5,0.7992974519729614,0.20070254802703857,3.146881103515625
56.png,L4,L5,L4->L5,0.8812128901481628,0.11878710985183716,2.471853256225586
66.png,L4,L5,L4->L5,0.7992974519729614,0.20070254802703857,3.146881103515625
67.png,L4,L5,L4->L5,0.8812128901481628,0.11878710985183716,2.471853256225586
70.png,L4,L5,L4->L5,0.8422785401344299,0.15772145986557007,2.811345100402832
86.png,L4,L5,L4->L5,0.8252628445625305,0.17473715543746948,2.9491984844207764
93.png,L4,L5,L4->L5,0.8422785401344299,0.15772145986557007,2.811345100402832
99.png,L4,L5,L4->L5,0.81787109375,0.18212890625,3.042416572570801
100.png,L4,L5,L4->L5,0.8166587948799133,0.18334120512008667,3.010911464691162
102.png,L4,L5,L4->L5,0.8733046054840088,0.1266953945159912,2.561824321746826
108.png,L4,L5,L4->L5,0.8302258253097534,0.16977417469024658,2.9049837589263916
114.png,L4,L5,L4->L5,0.8733046054840088,0.1266953945159912,2.561824321746826
117.png,L4,L5,L4->L5,0.8175022006034851,0.1824977993965149,3.056408166885376
121.png,L4,L5,L4->L5,0.8733046054840088,0.1266953945159912,2.561824321746826
122.png,L4,L5,L4->L5,0.8812128901481628,0.11878710985183716,2.471853256225586
124.png,L4,L5,L4->L5,0.8302258253097534,0.16977417469024658,2.9049837589263916
128.png,L4,L5,L4->L5,0.7992974519729614,0.20070254802703857,3.146881103515625
131.png,L4,L5,L4->L5,0.8733046054840088,0.1266953945159912,2.561824321746826
138.png,L4,L5,L4->L5,0.8534528017044067,0.14654719829559326,2.8017683029174805
150.png,L4,L5,L4->L5,0.8396821022033691,0.16031789779663086,2.8630566596984863
152.png,L4,L5,L4->L5,0.8252628445625305,0.17473715543746948,2.9491984844207764
156.png,L4,L5,L4->L5,0.8422785401344299,0.15772145986557007,2.811345100402832
167.png,L4,L5,L4->L5,0.8733046054840088,0.1266953945159912,2.561824321746826
169.png,L4,L5,L4->L5,0.8100981712341309,0.18990182876586914,3.05562686920166
174.png,L4,L5,L4->L5,0.8423253297805786,0.1576746702194214,2.8868675231933594
183.png,L4,L5,L4->L5,0.8733046054840088,0.1266953945159912,2.561824321746826
198.png,L4,L5,L4->L5,0.7959959506988525,0.20400404930114746,3.274394989013672
211.png,L4,L5,L4->L5,0.8812128901481628,0.11878710985183716,2.471853256225586
217.png,L4,L5,L4->L5,0.8423253297805786,0.1576746702194214,2.8868675231933594
223.png,L4,L5,L4->L5,0.81787109375,0.18212890625,3.042416572570801
228.png,L4,L5,L4->L5,0.8812128901481628,0.11878710985183716,2.471853256225586
233.png,L4,L5,L4->L5,0.8812128901481628,0.11878710985183716,2.471853256225586
234.png,L4,L5,L4->L5,0.8534528017044067,0.14654719829559326,2.8017683029174805
238.png,L4,L5,L4->L5,0.81787109375,0.18212890625,3.042416572570801
246.png,L4,L5,L4->L5,0.8423253297805786,0.1576746702194214,2.8868675231933594
256.png,L4,L5,L4->L5,0.8302258253097534,0.16977417469024658,2.9049837589263916
262.png,L4,L5,L4->L5,0.8812128901481628,0.11878710985183716,2.471853256225586
263.png,L4,L5,L4->L5,0.8396821022033691,0.16031789779663086,2.8630566596984863
284.png,L4,L5,L4->L5,0.8733046054840088,0.1266953945159912,2.561824321746826
296.png,L4,L5,L4->L5,0.7959959506988525,0.20400404930114746,3.274394989013672
304.png,L4,L5,L4->L5,0.8534528017044067,0.14654719829559326,2.8017683029174805
311.png,L4,L5,L4->L5,0.8423253297805786,0.1576746702194214,2.8868675231933594
321.png,L4,L5,L4->L5,0.8302258253097534,0.16977417469024658,2.9049837589263916
323.png,L4,L5,L4->L5,0.81787109375,0.18212890625,3.042416572570801
324.png,L4,L5,L4->L5,0.81787109375,0.18212890625,3.042416572570801
332.png,L4,L5,L4->L5,0.8175022006034851,0.1824977993965149,3.056408166885376
333.png,L4,L5,L4->L5,0.8302258253097534,0.16977417469024658,2.9049837589263916
350.png,L4,L5,L4->L5,0.8812128901481628,0.11878710985183716,2.471853256225586
351.png,L4,L5,L4->L5,0.8423253297805786,0.1576746702194214,2.8868675231933594
354.png,L4,L5,L4->L5,0.8534528017044067,0.14654719829559326,2.8017683029174805
404.png,L4,L5,L4->L5,0.8100981712341309,0.18990182876586914,3.05562686920166
415.png,L4,L5,L4->L5,0.81787109375,0.18212890625,3.042416572570801
429.png,L4,L5,L4->L5,0.7959959506988525,0.20400404930114746,3.274394989013672
442.png,L4,L5,L4->L5,0.81787109375,0.18212890625,3.042416572570801
443.png,L4,L5,L4->L5,0.8252628445625305,0.17473715543746948,2.9491984844207764
445.png,L4,L5,L4->L5,0.8423253297805786,0.1576746702194214,2.8868675231933594
452.png,L4,L5,L4->L5,0.8550695180892944,0.14493048191070557,2.7040538787841797
457.png,L4,L5,L4->L5,0.7992974519729614,0.20070254802703857,3.146881103515625
472.png,L4,L5,L4->L5,0.8733046054840088,0.1266953945159912,2.561824321746826
473.png,L4,L5,L4->L5,0.8812128901481628,0.11878710985183716,2.471853256225586
475.png,L4,L5,L4->L5,0.8252628445625305,0.17473715543746948,2.9491984844207764
482.png,L4,L5,L4->L5,0.7959959506988525,0.20400404930114746,3.274394989013672
483.png,L4,L5,L4->L5,0.8223651051521301,0.17763489484786987,2.96376895904541
484.png,L4,L5,L4->L5,0.8812128901481628,0.11878710985183716,2.471853256225586
486.png,L4,L5,L4->L5,0.8423253297805786,0.1576746702194214,2.8868675231933594
494.png,L4,L5,L4->L5,0.8812128901481628,0.11878710985183716,2.471853256225586
500.png,L4,L5,L4->L5,0.8223651051521301,0.17763489484786987,2.96376895904541
506.png,L4,L5,L4->L5,0.81787109375,0.18212890625,3.042416572570801
507.png,L4,L5,L4->L5,0.8857505917549133,0.11424940824508667,2.423738956451416
518.png,L4,L5,L4->L5,0.8471682071685791,0.1528317928314209,2.7691147327423096
519.png,L4,L5,L4->L5,0.8550695180892944,0.14493048191070557,2.7040538787841797
543.png,L4,L5,L4->L5,0.8302258253097534,0.16977417469024658,2.9049837589263916
550.png,L4,L5,L4->L5,0.8812128901481628,0.11878710985183716,2.471853256225586
551.png,L4,L5,L4->L5,0.8422785401344299,0.15772145986557007,2.811345100402832
558.png,L4,L5,L4->L5,0.8733046054840088,0.1266953945159912,2.561824321746826
561.png,L4,L5,L4->L5,0.8733046054840088,0.1266953945159912,2.561824321746826
562.png,L4,L5,L4->L5,0.8733046054840088,0.1266953945159912,2.561824321746826
563.png,L4,L5,L4->L5,0.8550695180892944,0.14493048191070557,2.7040538787841797
579.png,L4,L5,L4->L5,0.81787109375,0.18212890625,3.042416572570801
581.png,L4,L5,L4->L5,0.8252628445625305,0.17473715543746948,2.9491984844207764
589.png,L4,L5,L4->L5,0.8302258253097534,0.16977417469024658,2.9049837589263916
590.png,L4,L5,L4->L5,0.7959959506988525,0.20400404930114746,3.274394989013672
592.png,L4,L5,L4->L5,0.8812128901481628,0.11878710985183716,2.471853256225586
593.png,L4,L5,L4->L5,0.81787109375,0.18212890625,3.042416572570801
601.png,L4,L5,L4->L5,0.8423253297805786,0.1576746702194214,2.8868675231933594
604.png,L4,L5,L4->L5,0.8857505917549133,0.11424940824508667,2.423738956451416
614.png,L4,L5,L4->L5,0.8396821022033691,0.16031789779663086,2.8630566596984863
616.png,L4,L5,L4->L5,0.7959959506988525,0.20400404930114746,3.274394989013672
621.png,L4,L5,L4->L5,0.81787109375,0.18212890625,3.042416572570801
623.png,L4,L5,L4->L5,0.8733046054840088,0.1266953945159912,2.561824321746826
630.png,L4,L5,L4->L5,0.7992974519729614,0.20070254802703857,3.146881103515625
633.png,L4,L5,L4->L5,0.8302258253097534,0.16977417469024658,2.9049837589263916
670.png,L4,L5,L4->L5,0.8100981712341309,0.18990182876586914,3.05562686920166
675.png,L4,L5,L4->L5,0.7959959506988525,0.20400404930114746,3.274394989013672
681.png,L4,L5,L4->L5,0.8423253297805786,0.1576746702194214,2.8868675231933594
687.png,L4,L5,L4->L5,0.7959959506988525,0.20400404930114746,3.274394989013672
694.png,L4,L5,L4->L5,0.8471682071685791,0.1528317928314209,2.7691147327423096
695.png,L4,L5,L4->L5,0.8396821022033691,0.16031789779663086,2.8630566596984863
712.png,L4,L5,L4->L5,0.9028648138046265,0.09713518619537354,2.581062078475952
713.png,L4,L5,L4->L5,0.9008336067199707,0.0991663932800293,2.6101438999176025
714.png,L4,L5,L4->L5,0.8897703289985657,0.11022967100143433,2.7411906719207764
723.png,L4,L5,L4->L5,0.8292040824890137,0.17079591751098633,3.153939723968506
727.png,L4,L5,L4->L5,0.8239091634750366,0.17609083652496338,3.196920394897461
729.png,L4,L5,L4->L5,0.8292040824890137,0.17079591751098633,3.153939723968506
761.png,L4,L5,L4->L5,0.8366446495056152,0.16335535049438477,3.08967661857605
762.png,L4,L5,L4->L5,0.8292040824890137,0.17079591751098633,3.153939723968506
764.png,L4,L5,L4->L5,0.7990031242370605,0.20099687576293945,3.391354560852051
769.png,L4,L5,L4->L5,0.7884819507598877,0.2115180492401123,3.4919843673706055
776.png,L4,L5,L4->L5,0.752550482749939,0.24744951725006104,3.714998960494995
780.png,L4,L5,L4->L5,0.8239091634750366,0.17609083652496338,3.196920394897461
781.png,L4,L5,L4->L5,0.7884819507598877,0.2115180492401123,3.4919843673706055
782.png,L4,L5,L4->L5,0.8239091634750366,0.17609083652496338,3.196920394897461
794.png,L4,L5,L4->L5,0.7884819507598877,0.2115180492401123,3.4919843673706055
828.png,L4,L5,L4->L5,0.8366446495056152,0.16335535049438477,3.08967661857605
837.png,L4,L5,L4->L5,0.752550482749939,0.24744951725006104,3.714998960494995
847.png,L4,L5,L4->L5,0.752550482749939,0.24744951725006104,3.714998960494995
856.png,L4,L5,L4->L5,0.7884819507598877,0.2115180492401123,3.4919843673706055
865.png,L4,L5,L4->L5,0.8088327050209045,0.19116729497909546,3.316411256790161
867.png,L4,L5,L4->L5,0.8475507497787476,0.15244925022125244,3.0397088527679443
868.png,L4,L5,L4->L5,0.8088327050209045,0.19116729497909546,3.316411256790161
900.png,L4,L5,L4->L5,0.752550482749939,0.24744951725006104,3.714998960494995
915.png,L4,L5,L4->L5,0.8292040824890137,0.17079591751098633,3.153939723968506
921.png,L4,L5,L4->L5,0.9028648138046265,0.09713518619537354,2.581062078475952
922.png,L4,L5,L4->L5,0.9012663960456848,0.09873360395431519,2.614668607711792
929.png,L4,L5,L4->L5,0.8624897003173828,0.1375102996826172,3.0415098667144775
933.png,L4,L5,L4->L5,0.8897703289985657,0.11022967100143433,2.7411906719207764
935.png,L4,L5,L4->L5,0.9012663960456848,0.09873360395431519,2.614668607711792
939.png,L4,L5,L4->L5,0.8871703147888184,0.11282968521118164,2.7724385261535645
942.png,L4,L5,L4->L5,0.9258400797843933,0.07415992021560669,2.2686851024627686
943.png,L4,L5,L4->L5,0.9028648138046265,0.09713518619537354,2.581062078475952
944.png,L4,L5,L4->L5,0.8871703147888184,0.11282968521118164,2.7724385261535645
945.png,L4,L5,L4->L5,0.8897703289985657,0.11022967100143433,2.7411906719207764
954.png,L4,L5,L4->L5,0.9258400797843933,0.07415992021560669,2.2686851024627686
956.png,L4,L5,L4->L5,0.8870761394500732,0.11292386054992676,2.7720088958740234
958.png,L4,L5,L4->L5,0.9028648138046265,0.09713518619537354,2.581062078475952
960.png,L4,L5,L4->L5,0.8897703289985657,0.11022967100143433,2.7411906719207764
963.png,L4,L5,L4->L5,0.9258400797843933,0.07415992021560669,2.2686851024627686
982.png,L4,L5,L4->L5,0.9008336067199707,0.0991663932800293,2.6101438999176025
992.png,L4,L5,L4->L5,0.8897703289985657,0.11022967100143433,2.7411906719207764
994.png,L4,L5,L4->L5,0.9008336067199707,0.0991663932800293,2.6101438999176025
1004.png,L4,L5,L4->L5,0.88271164894104,0.11728835105895996,2.841559886932373
1007.png,L4,L5,L4->L5,0.9258400797843933,0.07415992021560669,2.2686851024627686
1008.png,L4,L5,L4->L5,0.8870761394500732,0.11292386054992676,2.7720088958740234
1011.png,L4,L5,L4->L5,0.8871703147888184,0.11282968521118164,2.7724385261535645
1015.png,L4,L5,L4->L5,0.8870761394500732,0.11292386054992676,2.7720088958740234
1016.png,L4,L5,L4->L5,0.9258400797843933,0.07415992021560669,2.2686851024627686
1023.png,L4,L5,L4->L5,0.8974173069000244,0.10258269309997559,2.6951141357421875
1027.png,L4,L5,L4->L5,0.8797001838684082,0.1202998161315918,2.859039545059204
1029.png,L4,L5,L4->L5,0.8913028240203857,0.10869717597961426,2.741002082824707
1031.png,L4,L5,L4->L5,0.9008336067199707,0.0991663932800293,2.6101438999176025
1035.png,L4,L5,L4->L5,0.8913028240203857,0.10869717597961426,2.741002082824707
1037.png,L4,L5,L4->L5,0.88271164894104,0.11728835105895996,2.841559886932373
1039.png,L4,L5,L4->L5,0.9008336067199707,0.0991663932800293,2.6101438999176025
1040.png,L4,L5,L4->L5,0.8645091652870178,0.13549083471298218,3.021120071411133
1041.png,L4,L5,L4->L5,0.8624897003173828,0.1375102996826172,3.0415098667144775
1047.png,L4,L5,L4->L5,0.9230789542198181,0.07692104578018188,2.313498020172119
1053.png,L4,L5,L4->L5,0.9008336067199707,0.0991663932800293,2.6101438999176025
1054.png,L4,L5,L4->L5,0.8913028240203857,0.10869717597961426,2.741002082824707
1057.png,L4,L5,L4->L5,0.9028648138046265,0.09713518619537354,2.581062078475952
1060.png,L4,L5,L4->L5,0.8669386506080627,0.13306134939193726,3.0203323364257812
1061.png,L4,L5,L4->L5,0.8797001838684082,0.1202998161315918,2.859039545059204
1069.png,L4,L5,L4->L5,0.9008336067199707,0.0991663932800293,2.6101438999176025
1072.png,L4,L5,L4->L5,0.88271164894104,0.11728835105895996,2.841559886932373
1073.png,L4,L5,L4->L5,0.844972550868988,0.15502744913101196,3.2391862869262695
1074.png,L4,L5,L4->L5,0.8645091652870178,0.13549083471298218,3.021120071411133
1078.png,L4,L5,L4->L5,0.8871703147888184,0.11282968521118164,2.7724385261535645
1084.png,L4,L5,L4->L5,0.88271164894104,0.11728835105895996,2.841559886932373
1085.png,L4,L5,L4->L5,0.9230789542198181,0.07692104578018188,2.313498020172119
1089.png,L4,L5,L4->L5,0.9012663960456848,0.09873360395431519,2.614668607711792
1092.png,L4,L5,L4->L5,0.8897703289985657,0.11022967100143433,2.7411906719207764
1093.png,L4,L5,L4->L5,0.8797001838684082,0.1202998161315918,2.859039545059204
1096.png,L4,L5,L4->L5,0.9028648138046265,0.09713518619537354,2.581062078475952
1103.png,L4,L5,L4->L5,0.8913028240203857,0.10869717597961426,2.741002082824707
1107.png,L4,L5,L4->L5,0.8797001838684082,0.1202998161315918,2.859039545059204
1111.png,L4,L5,L4->L5,0.9230789542198181,0.07692104578018188,2.313498020172119
1113.png,L4,L5,L4->L5,0.8797001838684082,0.1202998161315918,2.859039545059204
1114.png,L4,L5,L4->L5,0.8645091652870178,0.13549083471298218,3.021120071411133
1118.png,L4,L5,L4->L5,0.9008336067199707,0.0991663932800293,2.6101438999176025
1120.png,L4,L5,L4->L5,0.9230789542198181,0.07692104578018188,2.313498020172119
1123.png,L4,L5,L4->L5,0.8797001838684082,0.1202998161315918,2.859039545059204
1124.png,L4,L5,L4->L5,0.8913028240203857,0.10869717597961426,2.741002082824707
1125.png,L4,L5,L4->L5,0.9230789542198181,0.07692104578018188,2.313498020172119
1126.png,L4,L5,L4->L5,0.8897703289985657,0.11022967100143433,2.7411906719207764
1130.png,L4,L5,L4->L5,0.8871703147888184,0.11282968521118164,2.7724385261535645
1134.png,L4,L5,L4->L5,0.8913028240203857,0.10869717597961426,2.741002082824707
1137.png,L4,L5,L4->L5,0.8645091652870178,0.13549083471298218,3.021120071411133
1138.png,L4,L5,L4->L5,0.8797001838684082,0.1202998161315918,2.859039545059204
1140.png,L4,L5,L4->L5,0.9008336067199707,0.0991663932800293,2.6101438999176025
1144.png,L4,L5,L4->L5,0.9008336067199707,0.0991663932800293,2.6101438999176025
1146.png,L4,L5,L4->L5,0.8645091652870178,0.13549083471298218,3.021120071411133
1148.png,L4,L5,L4->L5,0.8913028240203857,0.10869717597961426,2.741002082824707
1149.png,L4,L5,L4->L5,0.8913028240203857,0.10869717597961426,2.741002082824707
1150.png,L4,L5,L4->L5,0.8870761394500732,0.11292386054992676,2.7720088958740234
1156.png,L4,L5,L4->L5,0.9230789542198181,0.07692104578018188,2.313498020172119
1160.png,L4,L5,L4->L5,0.88271164894104,0.11728835105895996,2.841559886932373
1163.png,L4,L5,L4->L5,0.8897703289985657,0.11022967100143433,2.7411906719207764
1165.png,L4,L5,L4->L5,0.869825541973114,0.130174458026886,2.97825288772583
1169.png,L4,L5,L4->L5,0.8797001838684082,0.1202998161315918,2.859039545059204
1170.png,L4,L5,L4->L5,0.8717851638793945,0.12821483612060547,2.998198986053467
1177.png,L4,L5,L4->L5,0.88271164894104,0.11728835105895996,2.841559886932373
1178.png,L4,L5,L4->L5,0.88271164894104,0.11728835105895996,2.841559886932373
1179.png,L4,L5,L4->L5,0.8797001838684082,0.1202998161315918,2.859039545059204
1189.png,L4,L5,L4->L5,0.9008336067199707,0.0991663932800293,2.6101438999176025
1192.png,L4,L5,L4->L5,0.9258400797843933,0.07415992021560669,2.2686851024627686
1211.png,L4,L5,L4->L5,0.8871703147888184,0.11282968521118164,2.7724385261535645
1223.png,L4,L5,L4->L5,0.8913028240203857,0.10869717597961426,2.741002082824707
1225.png,L4,L5,L4->L5,0.8645091652870178,0.13549083471298218,3.021120071411133
1239.png,L4,L5,L4->L5,0.8717851638793945,0.12821483612060547,2.998198986053467
1241.png,L4,L5,L4->L5,0.9230789542198181,0.07692104578018188,2.313498020172119
1243.png,L4,L5,L4->L5,0.8797001838684082,0.1202998161315918,2.859039545059204
1246.png,L4,L5,L4->L5,0.9258400797843933,0.07415992021560669,2.2686851024627686
1247.png,L4,L5,L4->L5,0.9008336067199707,0.0991663932800293,2.6101438999176025
1248.png,L4,L5,L4->L5,0.844972550868988,0.15502744913101196,3.2391862869262695
1249.png,L4,L5,L4->L5,0.8897703289985657,0.11022967100143433,2.7411906719207764
1250.png,L4,L5,L4->L5,0.8870761394500732,0.11292386054992676,2.7720088958740234
1251.png,L4,L5,L4->L5,0.9012663960456848,0.09873360395431519,2.614668607711792
1252.png,L4,L5,L4->L5,0.9008336067199707,0.0991663932800293,2.6101438999176025
1253.png,L4,L5,L4->L5,0.8871703147888184,0.11282968521118164,2.7724385261535645
1254.png,L4,L5,L4->L5,0.9008336067199707,0.0991663932800293,2.6101438999176025
1267.png,L4,L5,L4->L5,0.8913028240203857,0.10869717597961426,2.741002082824707
1273.png,L4,L5,L4->L5,0.8897703289985657,0.11022967100143433,2.7411906719207764
1279.png,L4,L5,L4->L5,0.8717851638793945,0.12821483612060547,2.998198986053467
1280.png,L4,L5,L4->L5,0.8870761394500732,0.11292386054992676,2.7720088958740234
1281.png,L4,L5,L4->L5,0.8871703147888184,0.11282968521118164,2.7724385261535645
1282.png,L4,L5,L4->L5,0.8669386506080627,0.13306134939193726,3.0203323364257812
1283.png,L4,L5,L4->L5,0.88271164894104,0.11728835105895996,2.841559886932373
1293.png,L4,L5,L4->L5,0.8624897003173828,0.1375102996826172,3.0415098667144775
1309.png,L4,L5,L4->L5,0.9230789542198181,0.07692104578018188,2.313498020172119
1326.png,L4,L5,L4->L5,0.9008336067199707,0.0991663932800293,2.6101438999176025
1331.png,L4,L5,L4->L5,0.8645091652870178,0.13549083471298218,3.021120071411133
1333.png,L4,L5,L4->L5,0.8871703147888184,0.11282968521118164,2.7724385261535645
1334.png,L4,L5,L4->L5,0.8669386506080627,0.13306134939193726,3.0203323364257812
1341.png,L4,L5,L4->L5,0.844972550868988,0.15502744913101196,3.2391862869262695
1345.png,L4,L5,L4->L5,0.9012663960456848,0.09873360395431519,2.614668607711792
1346.png,L4,L5,L4->L5,0.8870761394500732,0.11292386054992676,2.7720088958740234
1353.png,L4,L5,L4->L5,0.9258400797843933,0.07415992021560669,2.2686851024627686
1355.png,L4,L5,L4->L5,0.9012663960456848,0.09873360395431519,2.614668607711792
1361.png,L4,L5,L4->L5,0.8624897003173828,0.1375102996826172,3.0415098667144775
1364.png,L4,L5,L4->L5,0.9012663960456848,0.09873360395431519,2.614668607711792
1365.png,L4,L5,L4->L5,0.88271164894104,0.11728835105895996,2.841559886932373
1367.png,L4,L5,L4->L5,0.8897703289985657,0.11022967100143433,2.7411906719207764
1368.png,L4,L5,L4->L5,0.88271164894104,0.11728835105895996,2.841559886932373
1370.png,L4,L5,L4->L5,0.8645091652870178,0.13549083471298218,3.021120071411133
1371.png,L4,L5,L4->L5,0.844972550868988,0.15502744913101196,3.2391862869262695
1372.png,L4,L5,L4->L5,0.844972550868988,0.15502744913101196,3.2391862869262695
1373.png,L4,L5,L4->L5,0.8913028240203857,0.10869717597961426,2.741002082824707
1378.png,L4,L5,L4->L5,0.8871703147888184,0.11282968521118164,2.7724385261535645
1380.png,L4,L5,L4->L5,0.8645091652870178,0.13549083471298218,3.021120071411133
1381.png,L4,L5,L4->L5,0.9230789542198181,0.07692104578018188,2.313498020172119
1384.png,L4,L5,L4->L5,0.8624897003173828,0.1375102996826172,3.0415098667144775
1387.png,L4,L5,L4->L5,0.844972550868988,0.15502744913101196,3.2391862869262695
1388.png,L4,L5,L4->L5,0.8645091652870178,0.13549083471298218,3.021120071411133
1397.png,L4,L5,L4->L5,0.9028648138046265,0.09713518619537354,2.581062078475952
1398.png,L4,L5,L4->L5,0.9012663960456848,0.09873360395431519,2.614668607711792
1399.png,L4,L5,L4->L5,0.9008336067199707,0.0991663932800293,2.6101438999176025
1401.png,L4,L5,L4->L5,0.9230789542198181,0.07692104578018188,2.313498020172119
1402.png,L4,L5,L4->L5,0.8645091652870178,0.13549083471298218,3.021120071411133
1406.png,L4,L5,L4->L5,0.9230789542198181,0.07692104578018188,2.313498020172119
1407.png,L4,L5,L4->L5,0.8645091652870178,0.13549083471298218,3.021120071411133
1410.png,L4,L5,L4->L5,0.9230789542198181,0.07692104578018188,2.313498020172119
1411.png,L4,L5,L4->L5,0.8974173069000244,0.10258269309997559,2.6951141357421875
1425.png,L4,L5,L4->L5,0.9230789542198181,0.07692104578018188,2.313498020172119
1426.png,L4,L5,L4->L5,0.88271164894104,0.11728835105895996,2.841559886932373
1435.png,L4,L5,L4->L5,0.844972550868988,0.15502744913101196,3.2391862869262695
1436.png,L4,L5,L4->L5,0.8897703289985657,0.11022967100143433,2.7411906719207764
1437.png,L4,L5,L4->L5,0.869825541973114,0.130174458026886,2.97825288772583
1442.png,L4,L5,L4->L5,0.8624897003173828,0.1375102996826172,3.0415098667144775
1457.png,L4,L5,L4->L5,0.8913028240203857,0.10869717597961426,2.741002082824707
1458.png,L4,L5,L4->L5,0.9008336067199707,0.0991663932800293,2.6101438999176025
1459.png,L4,L5,L4->L5,0.8871703147888184,0.11282968521118164,2.7724385261535645
1461.png,L4,L5,L4->L5,0.9230789542198181,0.07692104578018188,2.313498020172119
1464.png,L4,L5,L4->L5,0.8645091652870178,0.13549083471298218,3.021120071411133
1465.png,L4,L5,L4->L5,0.9258400797843933,0.07415992021560669,2.2686851024627686
1466.png,L4,L5,L4->L5,0.8913028240203857,0.10869717597961426,2.741002082824707
1472.png,L4,L5,L4->L5,0.9028648138046265,0.09713518619537354,2.581062078475952
1477.png,L4,L5,L4->L5,0.9230789542198181,0.07692104578018188,2.313498020172119
1480.png,L4,L5,L4->L5,0.8645091652870178,0.13549083471298218,3.021120071411133
1481.png,L4,L5,L4->L5,0.8913028240203857,0.10869717597961426,2.741002082824707
1482.png,L4,L5,L4->L5,0.869825541973114,0.130174458026886,2.97825288772583
1483.png,L4,L5,L4->L5,0.9008336067199707,0.0991663932800293,2.6101438999176025
1484.png,L4,L5,L4->L5,0.8645091652870178,0.13549083471298218,3.021120071411133
1485.png,L4,L5,L4->L5,0.844972550868988,0.15502744913101196,3.2391862869262695
1488.png,L4,L5,L4->L5,0.8645091652870178,0.13549083471298218,3.021120071411133
1490.png,L4,L5,L4->L5,0.88271164894104,0.11728835105895996,2.841559886932373
1491.png,L4,L5,L4->L5,0.8717851638793945,0.12821483612060547,2.998198986053467
1492.png,L4,L5,L4->L5,0.8645091652870178,0.13549083471298218,3.021120071411133
1493.png,L4,L5,L4->L5,0.9008336067199707,0.0991663932800293,2.6101438999176025
1495.png,L4,L5,L4->L5,0.8645091652870178,0.13549083471298218,3.021120071411133
1496.png,L4,L5,L4->L5,0.8645091652870178,0.13549083471298218,3.021120071411133
1497.png,L4,L5,L4->L5,0.8645091652870178,0.13549083471298218,3.021120071411133
1498.png,L4,L5,L4->L5,0.8645091652870178,0.13549083471298218,3.021120071411133
1509.png,L4,L5,L4->L5,0.9008336067199707,0.0991663932800293,2.6101438999176025
1519.png,L4,L5,L4->L5,0.8913028240203857,0.10869717597961426,2.741002082824707
1529.png,L4,L5,L4->L5,0.9008336067199707,0.0991663932800293,2.6101438999176025
1533.png,L4,L5,L4->L5,0.8645091652870178,0.13549083471298218,3.021120071411133
1534.png,L4,L5,L4->L5,0.8974173069000244,0.10258269309997559,2.6951141357421875
1535.png,L4,L5,L4->L5,0.8624897003173828,0.1375102996826172,3.0415098667144775
1536.png,L4,L5,L4->L5,0.8913028240203857,0.10869717597961426,2.741002082824707
1545.png,L4,L5,L4->L5,0.8913028240203857,0.10869717597961426,2.741002082824707
1546.png,L4,L5,L4->L5,0.8871703147888184,0.11282968521118164,2.7724385261535645
1547.png,L4,L5,L4->L5,0.8669386506080627,0.13306134939193726,3.0203323364257812
1548.png,L4,L5,L4->L5,0.9008336067199707,0.0991663932800293,2.6101438999176025
1551.png,L4,L5,L4->L5,0.8624897003173828,0.1375102996826172,3.0415098667144775
1552.png,L4,L5,L4->L5,0.9012663960456848,0.09873360395431519,2.614668607711792
1555.png,L4,L5,L4->L5,0.8870761394500732,0.11292386054992676,2.7720088958740234
1559.png,L4,L5,L4->L5,0.8871703147888184,0.11282968521118164,2.7724385261535645
1560.png,L4,L5,L4->L5,0.8913028240203857,0.10869717597961426,2.741002082824707
1563.png,L4,L5,L4->L5,0.8871703147888184,0.11282968521118164,2.7724385261535645
1564.png,L4,L5,L4->L5,0.8897703289985657,0.11022967100143433,2.7411906719207764
1574.png,L4,L5,L4->L5,0.9258400797843933,0.07415992021560669,2.2686851024627686
1575.png,L4,L5,L4->L5,0.8897703289985657,0.11022967100143433,2.7411906719207764
1577.png,L4,L5,L4->L5,0.8897703289985657,0.11022967100143433,2.7411906719207764
1579.png,L4,L5,L4->L5,0.8871703147888184,0.11282968521118164,2.7724385261535645
1583.png,L4,L5,L4->L5,0.9008336067199707,0.0991663932800293,2.6101438999176025
1585.png,L4,L5,L4->L5,0.9028648138046265,0.09713518619537354,2.581062078475952
1587.png,L4,L5,L4->L5,0.8669386506080627,0.13306134939193726,3.0203323364257812
1588.png,L4,L5,L4->L5,0.8645091652870178,0.13549083471298218,3.021120071411133
1590.png,L4,L5,L4->L5,0.9012663960456848,0.09873360395431519,2.614668607711792
1591.png,L4,L5,L4->L5,0.8897703289985657,0.11022967100143433,2.7411906719207764
1596.png,L4,L5,L4->L5,0.9258400797843933,0.07415992021560669,2.2686851024627686
1600.png,L4,L5,L4->L5,0.8913028240203857,0.10869717597961426,2.741002082824707
1601.png,L4,L5,L4->L5,0.8870761394500732,0.11292386054992676,2.7720088958740234
1619.png,L4,L5,L4->L5,0.8645091652870178,0.13549083471298218,3.021120071411133
1628.png,L4,L5,L4->L5,0.9012663960456848,0.09873360395431519,2.614668607711792
1629.png,L4,L5,L4->L5,0.8871703147888184,0.11282968521118164,2.7724385261535645
1630.png,L4,L5,L4->L5,0.9230789542198181,0.07692104578018188,2.313498020172119
1644.png,L4,L5,L4->L5,0.9008336067199707,0.0991663932800293,2.6101438999176025
1645.png,L4,L5,L4->L5,0.8624897003173828,0.1375102996826172,3.0415098667144775
1646.png,L4,L5,L4->L5,0.9258400797843933,0.07415992021560669,2.2686851024627686
1647.png,L4,L5,L4->L5,0.9028648138046265,0.09713518619537354,2.581062078475952
1648.png,L4,L5,L4->L5,0.8717851638793945,0.12821483612060547,2.998198986053467
1656.png,L4,L5,L4->L5,0.8797001838684082,0.1202998161315918,2.859039545059204
1657.png,L4,L5,L4->L5,0.88271164894104,0.11728835105895996,2.841559886932373
1665.png,L4,L5,L4->L5,0.9008336067199707,0.0991663932800293,2.6101438999176025
1666.png,L4,L5,L4->L5,0.9008336067199707,0.0991663932800293,2.6101438999176025
1678.png,L4,L5,L4->L5,0.9008336067199707,0.0991663932800293,2.6101438999176025
1684.png,L4,L5,L4->L5,0.8871703147888184,0.11282968521118164,2.7724385261535645
1685.png,L4,L5,L4->L5,0.8645091652870178,0.13549083471298218,3.021120071411133
1686.png,L4,L5,L4->L5,0.9008336067199707,0.0991663932800293,2.6101438999176025
1689.png,L4,L5,L4->L5,0.9230789542198181,0.07692104578018188,2.313498020172119
1696.png,L4,L5,L4->L5,0.8669386506080627,0.13306134939193726,3.0203323364257812
1706.png,L4,L5,L4->L5,0.8669386506080627,0.13306134939193726,3.0203323364257812
1715.png,L4,L5,L4->L5,0.8974173069000244,0.10258269309997559,2.6951141357421875
1716.png,L4,L5,L4->L5,0.8645091652870178,0.13549083471298218,3.021120071411133
1718.png,L4,L5,L4->L5,0.8974173069000244,0.10258269309997559,2.6951141357421875
1727.png,L4,L5,L4->L5,0.8897703289985657,0.11022967100143433,2.7411906719207764
1728.png,L4,L5,L4->L5,0.8645091652870178,0.13549083471298218,3.021120071411133
1729.png,L4,L5,L4->L5,0.8624897003173828,0.1375102996826172,3.0415098667144775
1730.png,L4,L5,L4->L5,0.8645091652870178,0.13549083471298218,3.021120071411133
1734.png,L4,L5,L4->L5,0.88271164894104,0.11728835105895996,2.841559886932373
1735.png,L4,L5,L4->L5,0.8717851638793945,0.12821483612060547,2.998198986053467
1736.png,L4,L5,L4->L5,0.9008336067199707,0.0991663932800293,2.6101438999176025
1740.png,L4,L5,L4->L5,0.8645091652870178,0.13549083471298218,3.021120071411133
1744.png,L4,L5,L4->L5,0.9028648138046265,0.09713518619537354,2.581062078475952
1746.png,L4,L5,L4->L5,0.9258400797843933,0.07415992021560669,2.2686851024627686
1752.png,L4,L5,L4->L5,0.8913028240203857,0.10869717597961426,2.741002082824707
1769.png,L4,L5,L4->L5,0.8913028240203857,0.10869717597961426,2.741002082824707
1771.png,L4,L5,L4->L5,0.844972550868988,0.15502744913101196,3.2391862869262695
1773.png,L4,L5,L4->L5,0.9230789542198181,0.07692104578018188,2.313498020172119
1774.png,L4,L5,L4->L5,0.8797001838684082,0.1202998161315918,2.859039545059204
1776.png,L4,L5,L4->L5,0.8645091652870178,0.13549083471298218,3.021120071411133
1789.png,L4,L5,L4->L5,0.9028648138046265,0.09713518619537354,2.581062078475952
1796.png,L4,L5,L4->L5,0.9008336067199707,0.0991663932800293,2.6101438999176025
1798.png,L4,L5,L4->L5,0.88271164894104,0.11728835105895996,2.841559886932373
1807.png,L4,L5,L4->L5,0.869825541973114,0.130174458026886,2.97825288772583
1816.png,L4,L5,L4->L5,0.844972550868988,0.15502744913101196,3.2391862869262695
1824.png,L4,L5,L4->L5,0.844972550868988,0.15502744913101196,3.2391862869262695
1825.png,L4,L5,L4->L5,0.8897703289985657,0.11022967100143433,2.7411906719207764
1826.png,L4,L5,L4->L5,0.844972550868988,0.15502744913101196,3.2391862869262695
1827.png,L4,L5,L4->L5,0.8897703289985657,0.11022967100143433,2.7411906719207764
1829.png,L4,L5,L4->L5,0.9008336067199707,0.0991663932800293,2.6101438999176025
1834.png,L4,L5,L4->L5,0.9230789542198181,0.07692104578018188,2.313498020172119
1835.png,L4,L5,L4->L5,0.8897703289985657,0.11022967100143433,2.7411906719207764
1843.png,L4,L5,L4->L5,0.7884819507598877,0.2115180492401123,3.4919843673706055
1847.png,L4,L5,L4->L5,0.8292040824890137,0.17079591751098633,3.153939723968506
1852.png,L4,L5,L4->L5,0.752550482749939,0.24744951725006104,3.714998960494995
1853.png,L4,L5,L4->L5,0.8062642812728882,0.19373571872711182,3.338904619216919
1858.png,L4,L5,L4->L5,0.8239091634750366,0.17609083652496338,3.196920394897461
1863.png,L4,L5,L4->L5,0.8062642812728882,0.19373571872711182,3.338904619216919
1869.png,L4,L5,L4->L5,0.8366446495056152,0.16335535049438477,3.08967661857605
1879.png,L4,L5,L4->L5,0.8437063694000244,0.15629363059997559,3.0513699054718018
1880.png,L4,L5,L4->L5,0.8239091634750366,0.17609083652496338,3.196920394897461
1882.png,L4,L5,L4->L5,0.8062642812728882,0.19373571872711182,3.338904619216919
1886.png,L4,L5,L4->L5,0.752550482749939,0.24744951725006104,3.714998960494995
1890.png,L4,L5,L4->L5,0.7975805401802063,0.2024194598197937,3.415008544921875
1894.png,L4,L5,L4->L5,0.7990031242370605,0.20099687576293945,3.391354560852051
1900.png,L4,L5,L4->L5,0.8062642812728882,0.19373571872711182,3.338904619216919
1901.png,L4,L5,L4->L5,0.8437063694000244,0.15629363059997559,3.0513699054718018
1902.png,L4,L5,L4->L5,0.8292040824890137,0.17079591751098633,3.153939723968506
1910.png,L4,L5,L4->L5,0.8578532934188843,0.14214670658111572,2.9940502643585205
1911.png,L4,L5,L4->L5,0.8475507497787476,0.15244925022125244,3.0397088527679443
1917.png,L4,L5,L4->L5,0.8062642812728882,0.19373571872711182,3.338904619216919
1933.png,L4,L5,L4->L5,0.7884819507598877,0.2115180492401123,3.4919843673706055
1941.png,L4,L5,L4->L5,0.8088327050209045,0.19116729497909546,3.316411256790161
1949.png,L4,L5,L4->L5,0.82361900806427,0.17638099193572998,3.2350656986236572
1950.png,L4,L5,L4->L5,0.8578532934188843,0.14214670658111572,2.9940502643585205
1951.png,L4,L5,L4->L5,0.8578532934188843,0.14214670658111572,2.9940502643585205
1955.png,L4,L5,L4->L5,0.7620322108268738,0.23796778917312622,3.661679744720459
1957.png,L4,L5,L4->L5,0.8366446495056152,0.16335535049438477,3.08967661857605
1978.png,L4,L5,L4->L5,0.7990031242370605,0.20099687576293945,3.391354560852051
1981.png,L4,L5,L4->L5,0.8239091634750366,0.17609083652496338,3.196920394897461
1984.png,L4,L5,L4->L5,0.8062642812728882,0.19373571872711182,3.338904619216919
1986.png,L4,L5,L4->L5,0.7884819507598877,0.2115180492401123,3.4919843673706055
1988.png,L4,L5,L4->L5,0.8088327050209045,0.19116729497909546,3.316411256790161
2002.png,L4,L5,L4->L5,0.8475507497787476,0.15244925022125244,3.0397088527679443
2003.png,L4,L5,L4->L5,0.7884819507598877,0.2115180492401123,3.4919843673706055
2006.png,L4,L5,L4->L5,0.8578532934188843,0.14214670658111572,2.9940502643585205
2007.png,L4,L5,L4->L5,0.8062642812728882,0.19373571872711182,3.338904619216919
2008.png,L4,L5,L4->L5,0.8062642812728882,0.19373571872711182,3.338904619216919
2009.png,L4,L5,L4->L5,0.8239091634750366,0.17609083652496338,3.196920394897461
2014.png,L4,L5,L4->L5,0.7884819507598877,0.2115180492401123,3.4919843673706055
2026.png,L4,L5,L4->L5,0.8437063694000244,0.15629363059997559,3.0513699054718018
2029.png,L4,L5,L4->L5,0.7620322108268738,0.23796778917312622,3.661679744720459
2031.png,L4,L5,L4->L5,0.8062642812728882,0.19373571872711182,3.338904619216919
2039.png,L4,L5,L4->L5,0.752550482749939,0.24744951725006104,3.714998960494995
2055.png,L4,L5,L4->L5,0.8578532934188843,0.14214670658111572,2.9940502643585205
2062.png,L4,L5,L4->L5,0.8366446495056152,0.16335535049438477,3.08967661857605
2064.png,L4,L5,L4->L5,0.7975805401802063,0.2024194598197937,3.415008544921875
2065.png,L4,L5,L4->L5,0.8088327050209045,0.19116729497909546,3.316411256790161
2066.png,L4,L5,L4->L5,0.7620322108268738,0.23796778917312622,3.661679744720459
2075.png,L4,L5,L4->L5,0.8088327050209045,0.19116729497909546,3.316411256790161
2076.png,L4,L5,L4->L5,0.8292040824890137,0.17079591751098633,3.153939723968506
2082.png,L4,L5,L4->L5,0.82361900806427,0.17638099193572998,3.2350656986236572
2108.png,L4,L5,L4->L5,0.8366446495056152,0.16335535049438477,3.08967661857605
2110.png,L4,L5,L4->L5,0.8366446495056152,0.16335535049438477,3.08967661857605
2118.png,L4,L5,L4->L5,0.8366446495056152,0.16335535049438477,3.08967661857605
2127.png,L4,L5,L4->L5,0.8062642812728882,0.19373571872711182,3.338904619216919
2136.png,L4,L5,L4->L5,0.8239091634750366,0.17609083652496338,3.196920394897461
2137.png,L4,L5,L4->L5,0.8088327050209045,0.19116729497909546,3.316411256790161
2148.png,L4,L5,L4->L5,0.8062642812728882,0.19373571872711182,3.338904619216919
2170.png,L4,L5,L4->L5,0.8578532934188843,0.14214670658111572,2.9940502643585205
2176.png,L4,L5,L4->L5,0.8088327050209045,0.19116729497909546,3.316411256790161
2178.png,L4,L5,L4->L5,0.8088327050209045,0.19116729497909546,3.316411256790161
2182.png,L4,L5,L4->L5,0.8437063694000244,0.15629363059997559,3.0513699054718018
2188.png,L4,L5,L4->L5,0.752550482749939,0.24744951725006104,3.714998960494995
2208.png,L4,L5,L4->L5,0.7620322108268738,0.23796778917312622,3.661679744720459
2211.png,L4,L5,L4->L5,0.8319109082221985,0.1680890917778015,3.14530086517334
2213.png,L4,L5,L4->L5,0.8239091634750366,0.17609083652496338,3.196920394897461
2214.png,L4,L5,L4->L5,0.752550482749939,0.24744951725006104,3.714998960494995
2221.png,L4,L5,L4->L5,0.8062642812728882,0.19373571872711182,3.338904619216919
2226.png,L4,L5,L4->L5,0.7884819507598877,0.2115180492401123,3.4919843673706055
2227.png,L4,L5,L4->L5,0.7884819507598877,0.2115180492401123,3.4919843673706055
2237.png,L4,L5,L4->L5,0.8292040824890137,0.17079591751098633,3.153939723968506
2241.png,L4,L5,L4->L5,0.8088327050209045,0.19116729497909546,3.316411256790161
2244.png,L4,L5,L4->L5,0.8088327050209045,0.19116729497909546,3.316411256790161
2245.png,L4,L5,L4->L5,0.8239091634750366,0.17609083652496338,3.196920394897461
2246.png,L4,L5,L4->L5,0.7975805401802063,0.2024194598197937,3.415008544921875
2248.png,L4,L5,L4->L5,0.7884819507598877,0.2115180492401123,3.4919843673706055
2259.png,L4,L5,L4->L5,0.8437063694000244,0.15629363059997559,3.0513699054718018
2272.png,L4,L5,L4->L5,0.8578532934188843,0.14214670658111572,2.9940502643585205
2277.png,L4,L5,L4->L5,0.8366446495056152,0.16335535049438477,3.08967661857605
2278.png,L4,L5,L4->L5,0.8088327050209045,0.19116729497909546,3.316411256790161
2293.png,L4,L5,L4->L5,0.8292040824890137,0.17079591751098633,3.153939723968506
2326.png,L4,L5,L4->L5,0.8366446495056152,0.16335535049438477,3.08967661857605
2344.png,L4,L5,L4->L5,0.8088327050209045,0.19116729497909546,3.316411256790161
2353.png,L4,L5,L4->L5,0.8088327050209045,0.19116729497909546,3.316411256790161
2364.png,L4,L5,L4->L5,0.8088327050209045,0.19116729497909546,3.316411256790161
2384.png,L4,L5,L4->L5,0.8578532934188843,0.14214670658111572,2.9940502643585205
2386.png,L4,L5,L4->L5,0.8366446495056152,0.16335535049438477,3.08967661857605
2388.png,L4,L5,L4->L5,0.8088327050209045,0.19116729497909546,3.316411256790161
2389.png,L4,L5,L4->L5,0.7884819507598877,0.2115180492401123,3.4919843673706055
2392.png,L4,L5,L4->L5,0.7990031242370605,0.20099687576293945,3.391354560852051
2395.png,L4,L5,L4->L5,0.7884819507598877,0.2115180492401123,3.4919843673706055
2399.png,L4,L5,L4->L5,0.752550482749939,0.24744951725006104,3.714998960494995
2400.png,L4,L5,L4->L5,0.7884819507598877,0.2115180492401123,3.4919843673706055
2401.png,L4,L5,L4->L5,0.752550482749939,0.24744951725006104,3.714998960494995
2406.png,L4,L5,L4->L5,0.7620322108268738,0.23796778917312622,3.661679744720459
2423.png,L4,L5,L4->L5,0.8239091634750366,0.17609083652496338,3.196920394897461
2424.png,L4,L5,L4->L5,0.8475507497787476,0.15244925022125244,3.0397088527679443
2430.png,L4,L5,L4->L5,0.8088327050209045,0.19116729497909546,3.316411256790161
2442.png,L4,L5,L4->L5,0.8578532934188843,0.14214670658111572,2.9940502643585205
2459.png,L4,L5,L4->L5,0.8088327050209045,0.19116729497909546,3.316411256790161
2472.png,L4,L5,L4->L5,0.8578532934188843,0.14214670658111572,2.9940502643585205
2474.png,L4,L5,L4->L5,0.8062642812728882,0.19373571872711182,3.338904619216919
2486.png,L4,L5,L4->L5,0.8239091634750366,0.17609083652496338,3.196920394897461
2489.png,L4,L5,L4->L5,0.8319109082221985,0.1680890917778015,3.14530086517334
2503.png,L4,L5,L4->L5,0.7990031242370605,0.20099687576293945,3.391354560852051
2504.png,L4,L5,L4->L5,0.7884819507598877,0.2115180492401123,3.4919843673706055
2511.png,L4,L5,L4->L5,0.7990031242370605,0.20099687576293945,3.391354560852051
2520.png,L4,L5,L4->L5,0.8292040824890137,0.17079591751098633,3.153939723968506
2522.png,L4,L5,L4->L5,0.8366446495056152,0.16335535049438477,3.08967661857605
2523.png,L4,L5,L4->L5,0.8578532934188843,0.14214670658111572,2.9940502643585205
2532.png,L4,L5,L4->L5,0.8088327050209045,0.19116729497909546,3.316411256790161
2533.png,L4,L5,L4->L5,0.7884819507598877,0.2115180492401123,3.4919843673706055
2537.png,L4,L5,L4->L5,0.8578532934188843,0.14214670658111572,2.9940502643585205
2542.png,L4,L5,L4->L5,0.8366446495056152,0.16335535049438477,3.08967661857605
2545.png,L4,L5,L4->L5,0.8366446495056152,0.16335535049438477,3.08967661857605
2555.png,L4,L5,L4->L5,0.8319109082221985,0.1680890917778015,3.14530086517334
2556.png,L4,L5,L4->L5,0.8088327050209045,0.19116729497909546,3.316411256790161
2557.png,L4,L5,L4->L5,0.8088327050209045,0.19116729497909546,3.316411256790161
2565.png,L4,L5,L4->L5,0.752550482749939,0.24744951725006104,3.714998960494995
2575.png,L4,L5,L4->L5,0.8062642812728882,0.19373571872711182,3.338904619216919
2577.png,L4,L5,L4->L5,0.7620322108268738,0.23796778917312622,3.661679744720459
2581.png,L4,L5,L4->L5,0.8437063694000244,0.15629363059997559,3.0513699054718018
2582.png,L4,L5,L4->L5,0.752550482749939,0.24744951725006104,3.714998960494995
2589.png,L4,L5,L4->L5,0.7620322108268738,0.23796778917312622,3.661679744720459
2590.png,L4,L5,L4->L5,0.8475507497787476,0.15244925022125244,3.0397088527679443
2591.png,L4,L5,L4->L5,0.752550482749939,0.24744951725006104,3.714998960494995
2592.png,L4,L5,L4->L5,0.8437063694000244,0.15629363059997559,3.0513699054718018
2593.png,L4,L5,L4->L5,0.7990031242370605,0.20099687576293945,3.391354560852051
2594.png,L4,L5,L4->L5,0.8239091634750366,0.17609083652496338,3.196920394897461
2602.png,L4,L5,L4->L5,0.8437063694000244,0.15629363059997559,3.0513699054718018
2605.png,L4,L5,L4->L5,0.8062642812728882,0.19373571872711182,3.338904619216919
2608.png,L4,L5,L4->L5,0.752550482749939,0.24744951725006104,3.714998960494995
2609.png,L4,L5,L4->L5,0.8239091634750366,0.17609083652496338,3.196920394897461
2623.png,L4,L5,L4->L5,0.752550482749939,0.24744951725006104,3.714998960494995
2656.png,L4,L5,L4->L5,0.7620322108268738,0.23796778917312622,3.661679744720459
2660.png,L4,L5,L4->L5,0.752550482749939,0.24744951725006104,3.714998960494995
2680.png,L4,L5,L4->L5,0.8366446495056152,0.16335535049438477,3.08967661857605
2685.png,L4,L5,L4->L5,0.8578532934188843,0.14214670658111572,2.9940502643585205
2701.png,L4,L5,L4->L5,0.7990031242370605,0.20099687576293945,3.391354560852051
2703.png,L4,L5,L4->L5,0.8239091634750366,0.17609083652496338,3.196920394897461
2705.png,L4,L5,L4->L5,0.8578532934188843,0.14214670658111572,2.9940502643585205
2706.png,L4,L5,L4->L5,0.8578532934188843,0.14214670658111572,2.9940502643585205
2716.png,L4,L5,L4->L5,0.7990031242370605,0.20099687576293945,3.391354560852051
2720.png,L4,L5,L4->L5,0.8239091634750366,0.17609083652496338,3.196920394897461
2721.png,L4,L5,L4->L5,0.7620322108268738,0.23796778917312622,3.661679744720459
2723.png,L4,L5,L4->L5,0.8475507497787476,0.15244925022125244,3.0397088527679443
2740.png,L4,L5,L4->L5,0.8366446495056152,0.16335535049438477,3.08967661857605
2752.png,L4,L5,L4->L5,0.8366446495056152,0.16335535049438477,3.08967661857605
2754.png,L4,L5,L4->L5,0.8239091634750366,0.17609083652496338,3.196920394897461
2766.png,L4,L5,L4->L5,0.8437063694000244,0.15629363059997559,3.0513699054718018
2768.png,L4,L5,L4->L5,0.8292040824890137,0.17079591751098633,3.153939723968506
2771.png,L4,L5,L4->L5,0.82361900806427,0.17638099193572998,3.2350656986236572
2781.png,L4,L5,L4->L5,0.7990031242370605,0.20099687576293945,3.391354560852051
2782.png,L4,L5,L4->L5,0.8292040824890137,0.17079591751098633,3.153939723968506
2784.png,L4,L5,L4->L5,0.752550482749939,0.24744951725006104,3.714998960494995
2787.png,L4,L5,L4->L5,0.7990031242370605,0.20099687576293945,3.391354560852051
2794.png,L4,L5,L4->L5,0.8088327050209045,0.19116729497909546,3.316411256790161
2801.png,L4,L5,L4->L5,0.8578532934188843,0.14214670658111572,2.9940502643585205
2807.png,L4,L5,L4->L5,0.752550482749939,0.24744951725006104,3.714998960494995
2810.png,L4,L5,L4->L5,0.8088327050209045,0.19116729497909546,3.316411256790161
2816.png,L4,L5,L4->L5,0.7884819507598877,0.2115180492401123,3.4919843673706055
2825.png,L4,L5,L4->L5,0.7990031242370605,0.20099687576293945,3.391354560852051
2827.png,L4,L5,L4->L5,0.8366446495056152,0.16335535049438477,3.08967661857605
2835.png,L4,L5,L4->L5,0.8062642812728882,0.19373571872711182,3.338904619216919
2846.png,L4,L5,L4->L5,0.8088327050209045,0.19116729497909546,3.316411256790161
2866.png,L4,L5,L4->L5,0.8475507497787476,0.15244925022125244,3.0397088527679443
2871.png,L4,L5,L4->L5,0.752550482749939,0.24744951725006104,3.714998960494995
2875.png,L4,L5,L4->L5,0.7620322108268738,0.23796778917312622,3.661679744720459
2877.png,L4,L5,L4->L5,0.8088327050209045,0.19116729497909546,3.316411256790161
2878.png,L4,L5,L4->L5,0.7990031242370605,0.20099687576293945,3.391354560852051
2882.png,L4,L5,L4->L5,0.7990031242370605,0.20099687576293945,3.391354560852051
2883.png,L4,L5,L4->L5,0.8437063694000244,0.15629363059997559,3.0513699054718018
2884.png,L4,L5,L4->L5,0.8437063694000244,0.15629363059997559,3.0513699054718018
2885.png,L4,L5,L4->L5,0.8088327050209045,0.19116729497909546,3.316411256790161
2886.png,L4,L5,L4->L5,0.8088327050209045,0.19116729497909546,3.316411256790161
2891.png,L4,L5,L4->L5,0.8239091634750366,0.17609083652496338,3.196920394897461
2895.png,L4,L5,L4->L5,0.8239091634750366,0.17609083652496338,3.196920394897461
2897.png,L4,L5,L4->L5,0.8239091634750366,0.17609083652496338,3.196920394897461
2898.png,L4,L5,L4->L5,0.8088327050209045,0.19116729497909546,3.316411256790161
2910.png,L4,L5,L4->L5,0.7620322108268738,0.23796778917312622,3.661679744720459
2912.png,L4,L5,L4->L5,0.7620322108268738,0.23796778917312622,3.661679744720459
2916.png,L4,L5,L4->L5,0.7990031242370605,0.20099687576293945,3.391354560852051
2920.png,L4,L5,L4->L5,0.7620322108268738,0.23796778917312622,3.661679744720459
2924.png,L4,L5,L4->L5,0.8088327050209045,0.19116729497909546,3.316411256790161
2927.png,L4,L5,L4->L5,0.8062642812728882,0.19373571872711182,3.338904619216919
2933.png,L4,L5,L4->L5,0.8088327050209045,0.19116729497909546,3.316411256790161
2940.png,L4,L5,L4->L5,0.752550482749939,0.24744951725006104,3.714998960494995
2941.png,L4,L5,L4->L5,0.752550482749939,0.24744951725006104,3.714998960494995
2943.png,L4,L5,L4->L5,0.8088327050209045,0.19116729497909546,3.316411256790161
2947.png,L4,L5,L4->L5,0.8319109082221985,0.1680890917778015,3.14530086517334
2951.png,L4,L5,L4->L5,0.8088327050209045,0.19116729497909546,3.316411256790161
2955.png,L4,L5,L4->L5,0.8062642812728882,0.19373571872711182,3.338904619216919
2957.png,L4,L5,L4->L5,0.8366446495056152,0.16335535049438477,3.08967661857605
2958.png,L4,L5,L4->L5,0.7620322108268738,0.23796778917312622,3.661679744720459
2959.png,L4,L5,L4->L5,0.8366446495056152,0.16335535049438477,3.08967661857605
2961.png,L4,L5,L4->L5,0.8239091634750366,0.17609083652496338,3.196920394897461
2968.png,L4,L5,L4->L5,0.8437063694000244,0.15629363059997559,3.0513699054718018
2969.png,L4,L5,L4->L5,0.8239091634750366,0.17609083652496338,3.196920394897461
2977.png,L4,L5,L4->L5,0.7990031242370605,0.20099687576293945,3.391354560852051
2978.png,L4,L5,L4->L5,0.7620322108268738,0.23796778917312622,3.661679744720459
2979.png,L4,L5,L4->L5,0.7884819507598877,0.2115180492401123,3.4919843673706055
2980.png,L4,L5,L4->L5,0.8088327050209045,0.19116729497909546,3.316411256790161
2981.png,L4,L5,L4->L5,0.7620322108268738,0.23796778917312622,3.661679744720459
2982.png,L4,L5,L4->L5,0.82361900806427,0.17638099193572998,3.2350656986236572
2984.png,L4,L5,L4->L5,0.8437063694000244,0.15629363059997559,3.0513699054718018
2990.png,L4,L5,L4->L5,0.8578532934188843,0.14214670658111572,2.9940502643585205
2991.png,L4,L5,L4->L5,0.7620322108268738,0.23796778917312622,3.661679744720459
3001.png,L4,L5,L4->L5,0.8239091634750366,0.17609083652496338,3.196920394897461
3008.png,L4,L5,L4->L5,0.8319109082221985,0.1680890917778015,3.14530086517334
3015.png,L4,L5,L4->L5,0.8239091634750366,0.17609083652496338,3.196920394897461
3016.png,L4,L5,L4->L5,0.8366446495056152,0.16335535049438477,3.08967661857605
3018.png,L4,L5,L4->L5,0.7620322108268738,0.23796778917312622,3.661679744720459
3021.png,L4,L5,L4->L5,0.8062642812728882,0.19373571872711182,3.338904619216919
3031.png,L4,L5,L4->L5,0.8578532934188843,0.14214670658111572,2.9940502643585205
3039.png,L4,L5,L4->L5,0.8062642812728882,0.19373571872711182,3.338904619216919
3045.png,L4,L5,L4->L5,0.7620322108268738,0.23796778917312622,3.661679744720459
3046.png,L4,L5,L4->L5,0.7884819507598877,0.2115180492401123,3.4919843673706055
3047.png,L4,L5,L4->L5,0.8088327050209045,0.19116729497909546,3.316411256790161
3051.png,L4,L5,L4->L5,0.8088327050209045,0.19116729497909546,3.316411256790161
3056.png,L4,L5,L4->L5,0.8088327050209045,0.19116729497909546,3.316411256790161
3063.png,L4,L5,L4->L5,0.8471682071685791,0.1528317928314209,2.7691147327423096
