image,condition,cosine_to_H0,cosine_distance_to_H0,l2_to_H0,token_count
7.png,H0,1.0000001192092896,-1.1920928955078125e-07,0.0,19
13.png,H0,0.9999998807907104,1.1920928955078125e-07,0.0,20
16.png,H0,1.0,0.0,0.0,21
25.png,H0,1.0000001192092896,-1.1920928955078125e-07,0.0,21
28.png,H0,0.9999999403953552,5.960464477539063e-08,0.0,21
32.png,H0,0.9999998807907104,1.1920928955078125e-07,0.0,23
41.png,H0,0.9999997615814209,2.384185791015625e-07,0.0,22
55.png,H0,0.9999999403953552,5.960464477539063e-08,0.0,21
56.png,H0,0.9999998807907104,1.1920928955078125e-07,0.0,20
66.png,H0,0.9999999403953552,5.960464477539063e-08,0.0,21
67.png,H0,1.0,0.0,0.0,21
70.png,H0,1.0,0.0,0.0,23
86.png,H0,0.9999999403953552,5.960464477539063e-08,0.0,21
93.png,H0,1.0,0.0,0.0,23
99.png,H0,1.0,0.0,0.0,22
100.png,H0,1.0,0.0,0.0,20
102.png,H0,1.0,0.0,0.0,22
108.png,H0,1.0000001192092896,-1.1920928955078125e-07,0.0,22
114.png,H0,1.0,0.0,0.0,22
117.png,H0,0.9999999403953552,5.960464477539063e-08,0.0,19
121.png,H0,1.0000001192092896,-1.1920928955078125e-07,0.0,23
122.png,H0,0.9999998807907104,1.1920928955078125e-07,0.0,20
124.png,H0,1.0000001192092896,-1.1920928955078125e-07,0.0,22
128.png,H0,0.9999999403953552,5.960464477539063e-08,0.0,21
131.png,H0,1.0000001192092896,-1.1920928955078125e-07,0.0,23
138.png,H0,1.0,0.0,0.0,23
150.png,H0,1.0000001192092896,-1.1920928955078125e-07,0.0,21
152.png,H0,0.9999999403953552,5.960464477539063e-08,0.0,21
156.png,H0,1.0,0.0,0.0,23
167.png,H0,1.0,0.0,0.0,22
169.png,H0,0.9999999403953552,5.960464477539063e-08,0.0,21
174.png,H0,1.0,0.0,0.0,19
183.png,H0,1.0,0.0,0.0,22
198.png,H0,1.0,0.0,0.0,20
211.png,H0,0.9999998807907104,1.1920928955078125e-07,0.0,20
217.png,H0,1.0,0.0,0.0,19
223.png,H0,1.0,0.0,0.0,22
228.png,H0,1.0,0.0,0.0,21
233.png,H0,1.0,0.0,0.0,21
234.png,H0,1.0,0.0,0.0,23
238.png,H0,1.0,0.0,0.0,22
246.png,H0,1.0,0.0,0.0,19
256.png,H0,1.0000001192092896,-1.1920928955078125e-07,0.0,22
262.png,H0,0.9999998807907104,1.1920928955078125e-07,0.0,20
263.png,H0,1.0000001192092896,-1.1920928955078125e-07,0.0,21
284.png,H0,1.0000001192092896,-1.1920928955078125e-07,0.0,23
296.png,H0,1.0,0.0,0.0,20
304.png,H0,1.0,0.0,0.0,23
311.png,H0,1.0,0.0,0.0,19
321.png,H0,1.0000001192092896,-1.1920928955078125e-07,0.0,22
323.png,H0,1.0,0.0,0.0,22
324.png,H0,1.0,0.0,0.0,22
332.png,H0,0.9999999403953552,5.960464477539063e-08,0.0,19
333.png,H0,1.0000001192092896,-1.1920928955078125e-07,0.0,22
350.png,H0,1.0,0.0,0.0,21
351.png,H0,1.0,0.0,0.0,19
354.png,H0,1.0,0.0,0.0,23
404.png,H0,0.9999999403953552,5.960464477539063e-08,0.0,21
415.png,H0,1.0,0.0,0.0,22
429.png,H0,1.0,0.0,0.0,20
442.png,H0,1.0,0.0,0.0,22
443.png,H0,0.9999999403953552,5.960464477539063e-08,0.0,21
445.png,H0,1.0,0.0,0.0,19
452.png,H0,1.0000001192092896,-1.1920928955078125e-07,0.0,23
457.png,H0,0.9999999403953552,5.960464477539063e-08,0.0,21
472.png,H0,1.0000001192092896,-1.1920928955078125e-07,0.0,23
473.png,H0,0.9999998807907104,1.1920928955078125e-07,0.0,20
475.png,H0,0.9999999403953552,5.960464477539063e-08,0.0,21
482.png,H0,1.0,0.0,0.0,20
483.png,H0,1.0000001192092896,-1.1920928955078125e-07,0.0,19
484.png,H0,1.0,0.0,0.0,21
486.png,H0,1.0,0.0,0.0,19
494.png,H0,0.9999998807907104,1.1920928955078125e-07,0.0,20
500.png,H0,1.0000001192092896,-1.1920928955078125e-07,0.0,19
506.png,H0,1.0,0.0,0.0,22
507.png,H0,0.9999998807907104,1.1920928955078125e-07,0.0,23
518.png,H0,0.9999997615814209,2.384185791015625e-07,0.0,22
519.png,H0,1.0000001192092896,-1.1920928955078125e-07,0.0,23
543.png,H0,1.0000001192092896,-1.1920928955078125e-07,0.0,22
550.png,H0,1.0,0.0,0.0,21
551.png,H0,1.0,0.0,0.0,23
558.png,H0,1.0,0.0,0.0,22
561.png,H0,1.0000001192092896,-1.1920928955078125e-07,0.0,23
562.png,H0,1.0000001192092896,-1.1920928955078125e-07,0.0,23
563.png,H0,1.0000001192092896,-1.1920928955078125e-07,0.0,23
579.png,H0,1.0,0.0,0.0,22
581.png,H0,0.9999999403953552,5.960464477539063e-08,0.0,21
589.png,H0,1.0000001192092896,-1.1920928955078125e-07,0.0,22
590.png,H0,1.0,0.0,0.0,20
592.png,H0,1.0,0.0,0.0,21
593.png,H0,1.0,0.0,0.0,22
601.png,H0,1.0,0.0,0.0,19
604.png,H0,0.9999998807907104,1.1920928955078125e-07,0.0,23
614.png,H0,1.0000001192092896,-1.1920928955078125e-07,0.0,21
616.png,H0,1.0,0.0,0.0,20
621.png,H0,1.0,0.0,0.0,22
623.png,H0,1.0000001192092896,-1.1920928955078125e-07,0.0,23
630.png,H0,0.9999999403953552,5.960464477539063e-08,0.0,21
633.png,H0,1.0000001192092896,-1.1920928955078125e-07,0.0,22
670.png,H0,0.9999999403953552,5.960464477539063e-08,0.0,21
675.png,H0,1.0,0.0,0.0,20
681.png,H0,1.0,0.0,0.0,19
687.png,H0,1.0,0.0,0.0,20
694.png,H0,0.9999997615814209,2.384185791015625e-07,0.0,22
695.png,H0,1.0000001192092896,-1.1920928955078125e-07,0.0,21
712.png,H0,1.0,0.0,0.0,23
713.png,H0,1.0,0.0,0.0,23
714.png,H0,0.9999998807907104,1.1920928955078125e-07,0.0,20
723.png,H0,1.0,0.0,0.0,19
727.png,H0,1.0,0.0,0.0,20
729.png,H0,1.0,0.0,0.0,19
761.png,H0,1.0,0.0,0.0,18
762.png,H0,1.0,0.0,0.0,19
764.png,H0,1.000000238418579,-2.384185791015625e-07,0.0,18
769.png,H0,1.0000001192092896,-1.1920928955078125e-07,0.0,19
776.png,H0,1.0,0.0,0.0,21
780.png,H0,1.0,0.0,0.0,20
781.png,H0,0.9999999403953552,5.960464477539063e-08,0.0,18
782.png,H0,1.0,0.0,0.0,20
794.png,H0,1.0000001192092896,-1.1920928955078125e-07,0.0,19
828.png,H0,1.0,0.0,0.0,18
837.png,H0,0.9999998807907104,1.1920928955078125e-07,0.0,20
847.png,H0,1.0,0.0,0.0,21
856.png,H0,1.0000001192092896,-1.1920928955078125e-07,0.0,19
865.png,H0,0.9999999403953552,5.960464477539063e-08,0.0,18
867.png,H0,0.9999999403953552,5.960464477539063e-08,0.0,17
868.png,H0,1.0,0.0,0.0,20
900.png,H0,1.0,0.0,0.0,21
915.png,H0,1.0,0.0,0.0,19
921.png,H0,1.0,0.0,0.0,23
922.png,H0,1.0,0.0,0.0,23
929.png,H0,0.9999999403953552,5.960464477539063e-08,0.0,22
933.png,H0,0.9999998807907104,1.1920928955078125e-07,0.0,20
935.png,H0,1.0,0.0,0.0,23
939.png,H0,0.9999998211860657,1.7881393432617188e-07,0.0,23
942.png,H0,0.9999999403953552,5.960464477539063e-08,0.0,21
943.png,H0,1.0,0.0,0.0,23
944.png,H0,0.9999998211860657,1.7881393432617188e-07,0.0,23
945.png,H0,0.9999998807907104,1.1920928955078125e-07,0.0,20
954.png,H0,0.9999999403953552,5.960464477539063e-08,0.0,21
956.png,H0,0.9999999403953552,5.960464477539063e-08,0.0,24
958.png,H0,1.0,0.0,0.0,23
960.png,H0,0.9999998807907104,1.1920928955078125e-07,0.0,20
963.png,H0,0.9999999403953552,5.960464477539063e-08,0.0,21
982.png,H0,1.0,0.0,0.0,22
992.png,H0,0.9999998807907104,1.1920928955078125e-07,0.0,20
994.png,H0,1.0,0.0,0.0,22
1004.png,H0,1.0000001192092896,-1.1920928955078125e-07,0.0,26
1007.png,H0,0.9999999403953552,5.960464477539063e-08,0.0,21
1008.png,H0,0.9999999403953552,5.960464477539063e-08,0.0,24
1011.png,H0,0.9999998211860657,1.7881393432617188e-07,0.0,23
1015.png,H0,0.9999999403953552,5.960464477539063e-08,0.0,24
1016.png,H0,0.9999999403953552,5.960464477539063e-08,0.0,21
1023.png,H0,1.000000238418579,-2.384185791015625e-07,0.0,20
1027.png,H0,1.0,0.0,0.0,20
1029.png,H0,0.9999998807907104,1.1920928955078125e-07,0.0,23
1031.png,H0,1.0,0.0,0.0,22
1035.png,H0,0.9999998807907104,1.1920928955078125e-07,0.0,23
1037.png,H0,1.0000001192092896,-1.1920928955078125e-07,0.0,26
1039.png,H0,1.0,0.0,0.0,23
1040.png,H0,1.0,0.0,0.0,22
1041.png,H0,0.9999999403953552,5.960464477539063e-08,0.0,22
1047.png,H0,0.9999999403953552,5.960464477539063e-08,0.0,21
1053.png,H0,1.0,0.0,0.0,22
1054.png,H0,0.9999998807907104,1.1920928955078125e-07,0.0,23
1057.png,H0,1.0,0.0,0.0,23
1060.png,H0,0.9999998211860657,1.7881393432617188e-07,0.0,20
1061.png,H0,1.0,0.0,0.0,20
1069.png,H0,1.0,0.0,0.0,22
1072.png,H0,1.0000001192092896,-1.1920928955078125e-07,0.0,26
1073.png,H0,1.0,0.0,0.0,20
1074.png,H0,1.0,0.0,0.0,23
1078.png,H0,0.9999998211860657,1.7881393432617188e-07,0.0,23
1084.png,H0,1.0000001192092896,-1.1920928955078125e-07,0.0,26
1085.png,H0,0.9999999403953552,5.960464477539063e-08,0.0,21
1089.png,H0,1.0,0.0,0.0,23
1092.png,H0,0.9999998807907104,1.1920928955078125e-07,0.0,20
1093.png,H0,1.0,0.0,0.0,20
1096.png,H0,1.0,0.0,0.0,23
1103.png,H0,0.9999998807907104,1.1920928955078125e-07,0.0,23
1107.png,H0,1.0,0.0,0.0,20
1111.png,H0,0.9999999403953552,5.960464477539063e-08,0.0,21
1113.png,H0,1.0,0.0,0.0,20
1114.png,H0,1.0,0.0,0.0,22
1118.png,H0,1.0,0.0,0.0,23
1120.png,H0,0.9999999403953552,5.960464477539063e-08,0.0,21
1123.png,H0,1.0,0.0,0.0,20
1124.png,H0,0.9999998807907104,1.1920928955078125e-07,0.0,23
1125.png,H0,0.9999999403953552,5.960464477539063e-08,0.0,21
1126.png,H0,0.9999998807907104,1.1920928955078125e-07,0.0,20
1130.png,H0,0.9999998211860657,1.7881393432617188e-07,0.0,23
1134.png,H0,0.9999998807907104,1.1920928955078125e-07,0.0,23
1137.png,H0,1.0,0.0,0.0,22
1138.png,H0,1.0,0.0,0.0,20
1140.png,H0,1.0,0.0,0.0,22
1144.png,H0,1.0,0.0,0.0,22
1146.png,H0,1.0,0.0,0.0,22
1148.png,H0,0.9999998807907104,1.1920928955078125e-07,0.0,23
1149.png,H0,0.9999998807907104,1.1920928955078125e-07,0.0,23
1150.png,H0,0.9999999403953552,5.960464477539063e-08,0.0,24
1156.png,H0,0.9999999403953552,5.960464477539063e-08,0.0,21
1160.png,H0,1.0000001192092896,-1.1920928955078125e-07,0.0,26
1163.png,H0,0.9999998807907104,1.1920928955078125e-07,0.0,20
1165.png,H0,1.0,0.0,0.0,21
1169.png,H0,1.0,0.0,0.0,20
1170.png,H0,1.0,0.0,0.0,19
1177.png,H0,1.0000001192092896,-1.1920928955078125e-07,0.0,26
1178.png,H0,1.0000001192092896,-1.1920928955078125e-07,0.0,26
1179.png,H0,1.0,0.0,0.0,20
1189.png,H0,1.0,0.0,0.0,23
1192.png,H0,0.9999999403953552,5.960464477539063e-08,0.0,21
1211.png,H0,0.9999998211860657,1.7881393432617188e-07,0.0,23
1223.png,H0,0.9999998807907104,1.1920928955078125e-07,0.0,23
1225.png,H0,1.0,0.0,0.0,23
1239.png,H0,1.0,0.0,0.0,19
1241.png,H0,0.9999999403953552,5.960464477539063e-08,0.0,21
1243.png,H0,1.0,0.0,0.0,20
1246.png,H0,0.9999999403953552,5.960464477539063e-08,0.0,21
1247.png,H0,1.0,0.0,0.0,23
1248.png,H0,1.0,0.0,0.0,20
1249.png,H0,0.9999998807907104,1.1920928955078125e-07,0.0,20
1250.png,H0,0.9999999403953552,5.960464477539063e-08,0.0,24
1251.png,H0,1.0,0.0,0.0,23
1252.png,H0,1.0,0.0,0.0,22
1253.png,H0,0.9999998211860657,1.7881393432617188e-07,0.0,23
1254.png,H0,1.0,0.0,0.0,23
1267.png,H0,0.9999998807907104,1.1920928955078125e-07,0.0,23
1273.png,H0,0.9999998807907104,1.1920928955078125e-07,0.0,20
1279.png,H0,1.0,0.0,0.0,19
1280.png,H0,0.9999999403953552,5.960464477539063e-08,0.0,24
1281.png,H0,0.9999998211860657,1.7881393432617188e-07,0.0,23
1282.png,H0,0.9999998211860657,1.7881393432617188e-07,0.0,20
1283.png,H0,1.0000001192092896,-1.1920928955078125e-07,0.0,26
1293.png,H0,0.9999999403953552,5.960464477539063e-08,0.0,22
1309.png,H0,0.9999999403953552,5.960464477539063e-08,0.0,21
1326.png,H0,1.0,0.0,0.0,22
1331.png,H0,1.0,0.0,0.0,22
1333.png,H0,0.9999998211860657,1.7881393432617188e-07,0.0,23
1334.png,H0,0.9999998211860657,1.7881393432617188e-07,0.0,20
1341.png,H0,1.0,0.0,0.0,20
1345.png,H0,1.0,0.0,0.0,23
1346.png,H0,0.9999999403953552,5.960464477539063e-08,0.0,24
1353.png,H0,0.9999999403953552,5.960464477539063e-08,0.0,21
1355.png,H0,1.0,0.0,0.0,23
1361.png,H0,0.9999999403953552,5.960464477539063e-08,0.0,22
1364.png,H0,1.0,0.0,0.0,23
1365.png,H0,1.0000001192092896,-1.1920928955078125e-07,0.0,26
1367.png,H0,0.9999998807907104,1.1920928955078125e-07,0.0,20
1368.png,H0,1.0000001192092896,-1.1920928955078125e-07,0.0,26
1370.png,H0,1.0,0.0,0.0,22
1371.png,H0,1.0,0.0,0.0,20
1372.png,H0,1.0,0.0,0.0,20
1373.png,H0,0.9999998807907104,1.1920928955078125e-07,0.0,23
1378.png,H0,0.9999998211860657,1.7881393432617188e-07,0.0,23
1380.png,H0,1.0,0.0,0.0,23
1381.png,H0,0.9999999403953552,5.960464477539063e-08,0.0,21
1384.png,H0,0.9999999403953552,5.960464477539063e-08,0.0,22
1387.png,H0,1.0,0.0,0.0,20
1388.png,H0,1.0,0.0,0.0,23
1397.png,H0,1.0,0.0,0.0,23
1398.png,H0,1.0,0.0,0.0,23
1399.png,H0,1.0,0.0,0.0,22
1401.png,H0,0.9999999403953552,5.960464477539063e-08,0.0,21
1402.png,H0,1.0,0.0,0.0,23
1406.png,H0,0.9999999403953552,5.960464477539063e-08,0.0,21
1407.png,H0,1.0,0.0,0.0,22
1410.png,H0,0.9999999403953552,5.960464477539063e-08,0.0,21
1411.png,H0,1.000000238418579,-2.384185791015625e-07,0.0,20
1425.png,H0,0.9999999403953552,5.960464477539063e-08,0.0,21
1426.png,H0,1.0000001192092896,-1.1920928955078125e-07,0.0,26
1435.png,H0,1.0,0.0,0.0,20
1436.png,H0,0.9999998807907104,1.1920928955078125e-07,0.0,20
1437.png,H0,1.0,0.0,0.0,21
1442.png,H0,0.9999999403953552,5.960464477539063e-08,0.0,22
1457.png,H0,0.9999998807907104,1.1920928955078125e-07,0.0,23
1458.png,H0,1.0,0.0,0.0,22
1459.png,H0,0.9999998211860657,1.7881393432617188e-07,0.0,23
1461.png,H0,0.9999999403953552,5.960464477539063e-08,0.0,21
1464.png,H0,1.0,0.0,0.0,23
1465.png,H0,0.9999999403953552,5.960464477539063e-08,0.0,21
1466.png,H0,0.9999998807907104,1.1920928955078125e-07,0.0,23
1472.png,H0,1.0,0.0,0.0,23
1477.png,H0,0.9999999403953552,5.960464477539063e-08,0.0,21
1480.png,H0,1.0,0.0,0.0,22
1481.png,H0,0.9999998807907104,1.1920928955078125e-07,0.0,23
1482.png,H0,1.0,0.0,0.0,21
1483.png,H0,1.0,0.0,0.0,22
1484.png,H0,1.0,0.0,0.0,22
1485.png,H0,1.0,0.0,0.0,20
1488.png,H0,1.0,0.0,0.0,23
1490.png,H0,1.0000001192092896,-1.1920928955078125e-07,0.0,26
1491.png,H0,1.0,0.0,0.0,19
1492.png,H0,1.0,0.0,0.0,22
1493.png,H0,1.0,0.0,0.0,23
1495.png,H0,1.0,0.0,0.0,22
1496.png,H0,1.0,0.0,0.0,22
1497.png,H0,1.0,0.0,0.0,22
1498.png,H0,1.0,0.0,0.0,23
1509.png,H0,1.0,0.0,0.0,23
1519.png,H0,0.9999998807907104,1.1920928955078125e-07,0.0,23
1529.png,H0,1.0,0.0,0.0,23
1533.png,H0,1.0,0.0,0.0,23
1534.png,H0,1.000000238418579,-2.384185791015625e-07,0.0,20
1535.png,H0,0.9999999403953552,5.960464477539063e-08,0.0,22
1536.png,H0,0.9999998807907104,1.1920928955078125e-07,0.0,23
1545.png,H0,0.9999998807907104,1.1920928955078125e-07,0.0,23
1546.png,H0,0.9999998211860657,1.7881393432617188e-07,0.0,23
1547.png,H0,0.9999998211860657,1.7881393432617188e-07,0.0,20
1548.png,H0,1.0,0.0,0.0,23
1551.png,H0,0.9999999403953552,5.960464477539063e-08,0.0,22
1552.png,H0,1.0,0.0,0.0,23
1555.png,H0,0.9999999403953552,5.960464477539063e-08,0.0,24
1559.png,H0,0.9999998211860657,1.7881393432617188e-07,0.0,23
1560.png,H0,0.9999998807907104,1.1920928955078125e-07,0.0,23
1563.png,H0,0.9999998211860657,1.7881393432617188e-07,0.0,23
1564.png,H0,0.9999998807907104,1.1920928955078125e-07,0.0,20
1574.png,H0,0.9999999403953552,5.960464477539063e-08,0.0,21
1575.png,H0,0.9999998807907104,1.1920928955078125e-07,0.0,20
1577.png,H0,0.9999998807907104,1.1920928955078125e-07,0.0,20
1579.png,H0,0.9999998211860657,1.7881393432617188e-07,0.0,23
1583.png,H0,1.0,0.0,0.0,23
1585.png,H0,1.0,0.0,0.0,23
1587.png,H0,0.9999998211860657,1.7881393432617188e-07,0.0,20
1588.png,H0,1.0,0.0,0.0,22
1590.png,H0,1.0,0.0,0.0,23
1591.png,H0,0.9999998807907104,1.1920928955078125e-07,0.0,20
1596.png,H0,0.9999999403953552,5.960464477539063e-08,0.0,21
1600.png,H0,0.9999998807907104,1.1920928955078125e-07,0.0,23
1601.png,H0,0.9999999403953552,5.960464477539063e-08,0.0,24
1619.png,H0,1.0,0.0,0.0,22
1628.png,H0,1.0,0.0,0.0,23
1629.png,H0,0.9999998211860657,1.7881393432617188e-07,0.0,23
1630.png,H0,0.9999999403953552,5.960464477539063e-08,0.0,21
1644.png,H0,1.0,0.0,0.0,22
1645.png,H0,0.9999999403953552,5.960464477539063e-08,0.0,22
1646.png,H0,0.9999999403953552,5.960464477539063e-08,0.0,21
1647.png,H0,1.0,0.0,0.0,23
1648.png,H0,1.0,0.0,0.0,19
1656.png,H0,1.0,0.0,0.0,20
1657.png,H0,1.0000001192092896,-1.1920928955078125e-07,0.0,26
1665.png,H0,1.0,0.0,0.0,22
1666.png,H0,1.0,0.0,0.0,23
1678.png,H0,1.0,0.0,0.0,23
1684.png,H0,0.9999998211860657,1.7881393432617188e-07,0.0,23
1685.png,H0,1.0,0.0,0.0,22
1686.png,H0,1.0,0.0,0.0,23
1689.png,H0,0.9999999403953552,5.960464477539063e-08,0.0,21
1696.png,H0,0.9999998211860657,1.7881393432617188e-07,0.0,20
1706.png,H0,0.9999998211860657,1.7881393432617188e-07,0.0,20
1715.png,H0,1.000000238418579,-2.384185791015625e-07,0.0,20
1716.png,H0,1.0,0.0,0.0,23
1718.png,H0,1.000000238418579,-2.384185791015625e-07,0.0,20
1727.png,H0,0.9999998807907104,1.1920928955078125e-07,0.0,20
1728.png,H0,1.0,0.0,0.0,23
1729.png,H0,0.9999999403953552,5.960464477539063e-08,0.0,22
1730.png,H0,1.0,0.0,0.0,22
1734.png,H0,1.0000001192092896,-1.1920928955078125e-07,0.0,26
1735.png,H0,1.0,0.0,0.0,19
1736.png,H0,1.0,0.0,0.0,23
1740.png,H0,1.0,0.0,0.0,22
1744.png,H0,1.0,0.0,0.0,23
1746.png,H0,0.9999999403953552,5.960464477539063e-08,0.0,21
1752.png,H0,0.9999998807907104,1.1920928955078125e-07,0.0,23
1769.png,H0,0.9999998807907104,1.1920928955078125e-07,0.0,23
1771.png,H0,1.0,0.0,0.0,20
1773.png,H0,0.9999999403953552,5.960464477539063e-08,0.0,21
1774.png,H0,1.0,0.0,0.0,20
1776.png,H0,1.0,0.0,0.0,22
1789.png,H0,1.0,0.0,0.0,23
1796.png,H0,1.0,0.0,0.0,22
1798.png,H0,1.0000001192092896,-1.1920928955078125e-07,0.0,26
1807.png,H0,1.0,0.0,0.0,21
1816.png,H0,1.0,0.0,0.0,20
1824.png,H0,1.0,0.0,0.0,20
1825.png,H0,0.9999998807907104,1.1920928955078125e-07,0.0,20
1826.png,H0,1.0,0.0,0.0,20
1827.png,H0,0.9999998807907104,1.1920928955078125e-07,0.0,20
1829.png,H0,1.0,0.0,0.0,23
1834.png,H0,0.9999999403953552,5.960464477539063e-08,0.0,21
1835.png,H0,0.9999998807907104,1.1920928955078125e-07,0.0,20
1843.png,H0,0.9999999403953552,5.960464477539063e-08,0.0,18
1847.png,H0,1.0,0.0,0.0,19
1852.png,H0,0.9999998807907104,1.1920928955078125e-07,0.0,20
1853.png,H0,1.0,0.0,0.0,19
1858.png,H0,1.0,0.0,0.0,20
1863.png,H0,1.0,0.0,0.0,19
1869.png,H0,1.0,0.0,0.0,18
1879.png,H0,1.0000001192092896,-1.1920928955078125e-07,0.0,18
1880.png,H0,1.0,0.0,0.0,20
1882.png,H0,1.0,0.0,0.0,18
1886.png,H0,0.9999998807907104,1.1920928955078125e-07,0.0,20
1890.png,H0,1.0,0.0,0.0,19
1894.png,H0,1.000000238418579,-2.384185791015625e-07,0.0,18
1900.png,H0,1.0,0.0,0.0,18
1901.png,H0,1.0000001192092896,-1.1920928955078125e-07,0.0,18
1902.png,H0,1.0,0.0,0.0,19
1910.png,H0,1.0,0.0,0.0,19
1911.png,H0,0.9999999403953552,5.960464477539063e-08,0.0,17
1917.png,H0,1.0,0.0,0.0,18
1933.png,H0,1.0000001192092896,-1.1920928955078125e-07,0.0,19
1941.png,H0,1.0,0.0,0.0,20
1949.png,H0,1.0,0.0,0.0,21
1950.png,H0,1.0,0.0,0.0,19
1951.png,H0,1.0,0.0,0.0,19
1955.png,H0,1.0,0.0,0.0,18
1957.png,H0,1.0,0.0,0.0,18
1978.png,H0,1.000000238418579,-2.384185791015625e-07,0.0,18
1981.png,H0,1.0,0.0,0.0,20
1984.png,H0,1.0,0.0,0.0,18
1986.png,H0,1.0000001192092896,-1.1920928955078125e-07,0.0,19
1988.png,H0,0.9999999403953552,5.960464477539063e-08,0.0,18
2002.png,H0,0.9999999403953552,5.960464477539063e-08,0.0,17
2003.png,H0,0.9999999403953552,5.960464477539063e-08,0.0,18
2006.png,H0,1.0,0.0,0.0,19
2007.png,H0,1.0,0.0,0.0,18
2008.png,H0,1.0,0.0,0.0,18
2009.png,H0,1.0000001192092896,-1.1920928955078125e-07,0.0,20
2014.png,H0,1.0000001192092896,-1.1920928955078125e-07,0.0,19
2026.png,H0,1.0000001192092896,-1.1920928955078125e-07,0.0,18
2029.png,H0,1.0,0.0,0.0,18
2031.png,H0,1.0,0.0,0.0,19
2039.png,H0,0.9999998807907104,1.1920928955078125e-07,0.0,20
2055.png,H0,1.0,0.0,0.0,19
2062.png,H0,1.0,0.0,0.0,18
2064.png,H0,1.0,0.0,0.0,19
2065.png,H0,0.9999999403953552,5.960464477539063e-08,0.0,18
2066.png,H0,1.0,0.0,0.0,18
2075.png,H0,0.9999999403953552,5.960464477539063e-08,0.0,18
2076.png,H0,1.0,0.0,0.0,19
2082.png,H0,1.0,0.0,0.0,21
2108.png,H0,1.0,0.0,0.0,18
2110.png,H0,1.0,0.0,0.0,18
2118.png,H0,1.0,0.0,0.0,18
2127.png,H0,1.0,0.0,0.0,19
2136.png,H0,1.0000001192092896,-1.1920928955078125e-07,0.0,20
2137.png,H0,1.0,0.0,0.0,20
2148.png,H0,1.0,0.0,0.0,19
2170.png,H0,1.0,0.0,0.0,19
2176.png,H0,1.0,0.0,0.0,20
2178.png,H0,0.9999999403953552,5.960464477539063e-08,0.0,18
2182.png,H0,1.0000001192092896,-1.1920928955078125e-07,0.0,18
2188.png,H0,0.9999998807907104,1.1920928955078125e-07,0.0,20
2208.png,H0,1.0,0.0,0.0,18
2211.png,H0,1.0,0.0,0.0,20
2213.png,H0,1.0000001192092896,-1.1920928955078125e-07,0.0,20
2214.png,H0,0.9999998807907104,1.1920928955078125e-07,0.0,20
2221.png,H0,1.0,0.0,0.0,19
2226.png,H0,1.0000001192092896,-1.1920928955078125e-07,0.0,19
2227.png,H0,0.9999999403953552,5.960464477539063e-08,0.0,18
2237.png,H0,1.0,0.0,0.0,19
2241.png,H0,0.9999999403953552,5.960464477539063e-08,0.0,18
2244.png,H0,0.9999999403953552,5.960464477539063e-08,0.0,18
2245.png,H0,1.0,0.0,0.0,20
2246.png,H0,1.0,0.0,0.0,19
2248.png,H0,0.9999999403953552,5.960464477539063e-08,0.0,18
2259.png,H0,1.0000001192092896,-1.1920928955078125e-07,0.0,18
2272.png,H0,1.0,0.0,0.0,19
2277.png,H0,1.0,0.0,0.0,18
2278.png,H0,0.9999999403953552,5.960464477539063e-08,0.0,18
2293.png,H0,1.0,0.0,0.0,19
2326.png,H0,1.0,0.0,0.0,18
2344.png,H0,1.0,0.0,0.0,20
2353.png,H0,0.9999999403953552,5.960464477539063e-08,0.0,18
2364.png,H0,1.0,0.0,0.0,20
2384.png,H0,1.0,0.0,0.0,19
2386.png,H0,1.0,0.0,0.0,18
2388.png,H0,1.0,0.0,0.0,20
2389.png,H0,0.9999999403953552,5.960464477539063e-08,0.0,18
2392.png,H0,1.000000238418579,-2.384185791015625e-07,0.0,18
2395.png,H0,0.9999999403953552,5.960464477539063e-08,0.0,18
2399.png,H0,0.9999998807907104,1.1920928955078125e-07,0.0,20
2400.png,H0,1.0000001192092896,-1.1920928955078125e-07,0.0,19
2401.png,H0,1.0,0.0,0.0,21
2406.png,H0,1.0,0.0,0.0,18
2423.png,H0,1.0,0.0,0.0,20
2424.png,H0,0.9999999403953552,5.960464477539063e-08,0.0,17
2430.png,H0,1.0,0.0,0.0,20
2442.png,H0,1.0,0.0,0.0,19
2459.png,H0,1.0,0.0,0.0,20
2472.png,H0,1.0,0.0,0.0,19
2474.png,H0,1.0,0.0,0.0,18
2486.png,H0,1.0000001192092896,-1.1920928955078125e-07,0.0,20
2489.png,H0,1.0,0.0,0.0,20
2503.png,H0,1.000000238418579,-2.384185791015625e-07,0.0,18
2504.png,H0,1.0000001192092896,-1.1920928955078125e-07,0.0,19
2511.png,H0,1.000000238418579,-2.384185791015625e-07,0.0,18
2520.png,H0,1.0,0.0,0.0,19
2522.png,H0,1.0,0.0,0.0,18
2523.png,H0,1.0,0.0,0.0,19
2532.png,H0,1.0,0.0,0.0,20
2533.png,H0,1.0000001192092896,-1.1920928955078125e-07,0.0,19
2537.png,H0,1.0,0.0,0.0,19
2542.png,H0,1.0,0.0,0.0,18
2545.png,H0,1.0,0.0,0.0,18
2555.png,H0,1.0,0.0,0.0,20
2556.png,H0,1.0,0.0,0.0,20
2557.png,H0,0.9999999403953552,5.960464477539063e-08,0.0,18
2565.png,H0,1.0,0.0,0.0,21
2575.png,H0,1.0,0.0,0.0,18
2577.png,H0,1.0,0.0,0.0,18
2581.png,H0,1.0000001192092896,-1.1920928955078125e-07,0.0,18
2582.png,H0,0.9999998807907104,1.1920928955078125e-07,0.0,20
2589.png,H0,1.0,0.0,0.0,18
2590.png,H0,0.9999999403953552,5.960464477539063e-08,0.0,17
2591.png,H0,0.9999998807907104,1.1920928955078125e-07,0.0,20
2592.png,H0,1.0000001192092896,-1.1920928955078125e-07,0.0,18
2593.png,H0,1.000000238418579,-2.384185791015625e-07,0.0,18
2594.png,H0,1.0000001192092896,-1.1920928955078125e-07,0.0,20
2602.png,H0,1.0000001192092896,-1.1920928955078125e-07,0.0,18
2605.png,H0,1.0,0.0,0.0,18
2608.png,H0,1.0,0.0,0.0,21
2609.png,H0,1.0,0.0,0.0,20
2623.png,H0,0.9999998807907104,1.1920928955078125e-07,0.0,20
2656.png,H0,1.0,0.0,0.0,18
2660.png,H0,0.9999998807907104,1.1920928955078125e-07,0.0,20
2680.png,H0,1.0,0.0,0.0,18
2685.png,H0,1.0,0.0,0.0,19
2701.png,H0,1.000000238418579,-2.384185791015625e-07,0.0,18
2703.png,H0,1.0,0.0,0.0,20
2705.png,H0,1.0,0.0,0.0,19
2706.png,H0,1.0,0.0,0.0,19
2716.png,H0,1.000000238418579,-2.384185791015625e-07,0.0,18
2720.png,H0,1.0,0.0,0.0,20
2721.png,H0,1.0,0.0,0.0,18
2723.png,H0,0.9999999403953552,5.960464477539063e-08,0.0,17
2740.png,H0,1.0,0.0,0.0,18
2752.png,H0,1.0,0.0,0.0,18
2754.png,H0,1.0,0.0,0.0,20
2766.png,H0,1.0000001192092896,-1.1920928955078125e-07,0.0,18
2768.png,H0,1.0,0.0,0.0,19
2771.png,H0,1.0,0.0,0.0,21
2781.png,H0,1.000000238418579,-2.384185791015625e-07,0.0,18
2782.png,H0,1.0,0.0,0.0,19
2784.png,H0,0.9999998807907104,1.1920928955078125e-07,0.0,20
2787.png,H0,1.000000238418579,-2.384185791015625e-07,0.0,18
2794.png,H0,0.9999999403953552,5.960464477539063e-08,0.0,18
2801.png,H0,1.0,0.0,0.0,19
2807.png,H0,1.0,0.0,0.0,21
2810.png,H0,0.9999999403953552,5.960464477539063e-08,0.0,18
2816.png,H0,1.0000001192092896,-1.1920928955078125e-07,0.0,19
2825.png,H0,1.000000238418579,-2.384185791015625e-07,0.0,18
2827.png,H0,1.0,0.0,0.0,18
2835.png,H0,1.0,0.0,0.0,18
2846.png,H0,0.9999999403953552,5.960464477539063e-08,0.0,18
2866.png,H0,0.9999999403953552,5.960464477539063e-08,0.0,17
2871.png,H0,0.9999998807907104,1.1920928955078125e-07,0.0,20
2875.png,H0,1.0,0.0,0.0,18
2877.png,H0,1.0,0.0,0.0,20
2878.png,H0,1.000000238418579,-2.384185791015625e-07,0.0,18
2882.png,H0,1.000000238418579,-2.384185791015625e-07,0.0,18
2883.png,H0,1.0000001192092896,-1.1920928955078125e-07,0.0,18
2884.png,H0,1.0000001192092896,-1.1920928955078125e-07,0.0,18
2885.png,H0,1.0,0.0,0.0,20
2886.png,H0,1.0,0.0,0.0,20
2891.png,H0,1.0,0.0,0.0,20
2895.png,H0,1.0,0.0,0.0,20
2897.png,H0,1.0000001192092896,-1.1920928955078125e-07,0.0,20
2898.png,H0,0.9999999403953552,5.960464477539063e-08,0.0,18
2910.png,H0,1.0,0.0,0.0,18
2912.png,H0,1.0,0.0,0.0,18
2916.png,H0,1.000000238418579,-2.384185791015625e-07,0.0,18
2920.png,H0,1.0,0.0,0.0,18
2924.png,H0,1.0,0.0,0.0,20
2927.png,H0,1.0,0.0,0.0,19
2933.png,H0,1.0,0.0,0.0,20
2940.png,H0,1.0,0.0,0.0,21
2941.png,H0,1.0,0.0,0.0,21
2943.png,H0,1.0,0.0,0.0,20
2947.png,H0,1.0,0.0,0.0,20
2951.png,H0,1.0,0.0,0.0,20
2955.png,H0,1.0,0.0,0.0,19
2957.png,H0,1.0,0.0,0.0,18
2958.png,H0,1.0,0.0,0.0,18
2959.png,H0,1.0,0.0,0.0,18
2961.png,H0,1.0,0.0,0.0,20
2968.png,H0,1.0000001192092896,-1.1920928955078125e-07,0.0,18
2969.png,H0,1.0,0.0,0.0,20
2977.png,H0,1.000000238418579,-2.384185791015625e-07,0.0,18
2978.png,H0,1.0,0.0,0.0,18
2979.png,H0,1.0000001192092896,-1.1920928955078125e-07,0.0,19
2980.png,H0,1.0,0.0,0.0,20
2981.png,H0,1.0,0.0,0.0,18
2982.png,H0,1.0,0.0,0.0,21
2984.png,H0,1.0000001192092896,-1.1920928955078125e-07,0.0,18
2990.png,H0,1.0,0.0,0.0,19
2991.png,H0,1.0,0.0,0.0,18
3001.png,H0,1.0,0.0,0.0,20
3008.png,H0,1.0,0.0,0.0,20
3015.png,H0,1.0000001192092896,-1.1920928955078125e-07,0.0,20
3016.png,H0,1.0,0.0,0.0,18
3018.png,H0,1.0,0.0,0.0,18
3021.png,H0,1.0,0.0,0.0,19
3031.png,H0,1.0,0.0,0.0,19
3039.png,H0,1.0,0.0,0.0,19
3045.png,H0,1.0,0.0,0.0,18
3046.png,H0,1.0000001192092896,-1.1920928955078125e-07,0.0,19
3047.png,H0,1.0,0.0,0.0,20
3051.png,H0,1.0,0.0,0.0,20
3056.png,H0,1.0,0.0,0.0,20
3063.png,H0,0.9999997615814209,2.384185791015625e-07,0.0,22
7.png,H1,0.9964525699615479,0.0035474300384521484,0.38827502727508545,19
13.png,H1,0.9973558187484741,0.002644181251525879,0.4114254117012024,20
16.png,H1,0.9976831078529358,0.002316892147064209,0.3404478132724762,21
25.png,H1,0.9989755153656006,0.001024484634399414,0.2187187820672989,21
28.png,H1,0.9979349970817566,0.002065002918243408,0.2959560453891754,21
32.png,H1,0.9973968863487244,0.0026031136512756348,0.3690568506717682,23
41.png,H1,0.9954133629798889,0.004586637020111084,0.41037827730178833,22
55.png,H1,0.9972116947174072,0.0027883052825927734,0.28701770305633545,21
56.png,H1,0.9973558187484741,0.002644181251525879,0.4114254117012024,20
66.png,H1,0.9972116947174072,0.0027883052825927734,0.28701770305633545,21
67.png,H1,0.9976831078529358,0.002316892147064209,0.3404478132724762,21
70.png,H1,0.9971307516098022,0.002869248390197754,0.34501317143440247,23
86.png,H1,0.9979349970817566,0.002065002918243408,0.2959560453891754,21
93.png,H1,0.9971307516098022,0.002869248390197754,0.34501317143440247,23
99.png,H1,0.9935758113861084,0.0064241886138916016,0.5193708539009094,22
100.png,H1,0.9964274168014526,0.0035725831985473633,0.34586504101753235,20
102.png,H1,0.9954179525375366,0.004582047462463379,0.48927509784698486,22
108.png,H1,0.9963104724884033,0.0036895275115966797,0.4182146489620209,22
114.png,H1,0.9954179525375366,0.004582047462463379,0.48927509784698486,22
117.png,H1,0.9977368116378784,0.002263188362121582,0.32629409432411194,19
121.png,H1,0.9933595061302185,0.006640493869781494,0.580235481262207,23
122.png,H1,0.9973558187484741,0.002644181251525879,0.4114254117012024,20
124.png,H1,0.9963104724884033,0.0036895275115966797,0.4182146489620209,22
128.png,H1,0.9972116947174072,0.0027883052825927734,0.28701770305633545,21
131.png,H1,0.9933595061302185,0.006640493869781494,0.580235481262207,23
138.png,H1,0.996602475643158,0.003397524356842041,0.4420444667339325,23
150.png,H1,0.9989755153656006,0.001024484634399414,0.2187187820672989,21
152.png,H1,0.9979349970817566,0.002065002918243408,0.2959560453891754,21
156.png,H1,0.9971307516098022,0.002869248390197754,0.34501317143440247,23
167.png,H1,0.9954179525375366,0.004582047462463379,0.48927509784698486,22
169.png,H1,0.9985060691833496,0.0014939308166503906,0.2779935896396637,21
174.png,H1,0.9987772703170776,0.0012227296829223633,0.25288212299346924,19
183.png,H1,0.9954179525375366,0.004582047462463379,0.48927509784698486,22
198.png,H1,0.9975788593292236,0.002421140670776367,0.3451952040195465,20
211.png,H1,0.9973558187484741,0.002644181251525879,0.4114254117012024,20
217.png,H1,0.9987772703170776,0.0012227296829223633,0.25288212299346924,19
223.png,H1,0.9935758113861084,0.0064241886138916016,0.5193708539009094,22
228.png,H1,0.9976831078529358,0.002316892147064209,0.3404478132724762,21
233.png,H1,0.9976831078529358,0.002316892147064209,0.3404478132724762,21
234.png,H1,0.996602475643158,0.003397524356842041,0.4420444667339325,23
238.png,H1,0.9935758113861084,0.0064241886138916016,0.5193708539009094,22
246.png,H1,0.9987772703170776,0.0012227296829223633,0.25288212299346924,19
256.png,H1,0.9963104724884033,0.0036895275115966797,0.4182146489620209,22
262.png,H1,0.9973558187484741,0.002644181251525879,0.4114254117012024,20
263.png,H1,0.9989755153656006,0.001024484634399414,0.2187187820672989,21
284.png,H1,0.9933595061302185,0.006640493869781494,0.580235481262207,23
296.png,H1,0.9975788593292236,0.002421140670776367,0.3451952040195465,20
304.png,H1,0.996602475643158,0.003397524356842041,0.4420444667339325,23
311.png,H1,0.9987772703170776,0.0012227296829223633,0.25288212299346924,19
321.png,H1,0.9963104724884033,0.0036895275115966797,0.4182146489620209,22
323.png,H1,0.9935758113861084,0.0064241886138916016,0.5193708539009094,22
324.png,H1,0.9935758113861084,0.0064241886138916016,0.5193708539009094,22
332.png,H1,0.9977368116378784,0.002263188362121582,0.32629409432411194,19
333.png,H1,0.9963104724884033,0.0036895275115966797,0.4182146489620209,22
350.png,H1,0.9976831078529358,0.002316892147064209,0.3404478132724762,21
351.png,H1,0.9987772703170776,0.0012227296829223633,0.25288212299346924,19
354.png,H1,0.996602475643158,0.003397524356842041,0.4420444667339325,23
404.png,H1,0.9985060691833496,0.0014939308166503906,0.2779935896396637,21
415.png,H1,0.9935758113861084,0.0064241886138916016,0.5193708539009094,22
429.png,H1,0.9975788593292236,0.002421140670776367,0.3451952040195465,20
442.png,H1,0.9935758113861084,0.0064241886138916016,0.5193708539009094,22
443.png,H1,0.9979349970817566,0.002065002918243408,0.2959560453891754,21
445.png,H1,0.9987772703170776,0.0012227296829223633,0.25288212299346924,19
452.png,H1,0.996814489364624,0.0031855106353759766,0.3682970702648163,23
457.png,H1,0.9972116947174072,0.0027883052825927734,0.28701770305633545,21
472.png,H1,0.9933595061302185,0.006640493869781494,0.580235481262207,23
473.png,H1,0.9973558187484741,0.002644181251525879,0.4114254117012024,20
475.png,H1,0.9979349970817566,0.002065002918243408,0.2959560453891754,21
482.png,H1,0.9975788593292236,0.002421140670776367,0.3451952040195465,20
483.png,H1,0.9964525699615479,0.0035474300384521484,0.38827502727508545,19
484.png,H1,0.9976831078529358,0.002316892147064209,0.3404478132724762,21
486.png,H1,0.9987772703170776,0.0012227296829223633,0.25288212299346924,19
494.png,H1,0.9973558187484741,0.002644181251525879,0.4114254117012024,20
500.png,H1,0.9964525699615479,0.0035474300384521484,0.38827502727508545,19
506.png,H1,0.9935758113861084,0.0064241886138916016,0.5193708539009094,22
507.png,H1,0.9973968863487244,0.0026031136512756348,0.3690568506717682,23
518.png,H1,0.9954133629798889,0.004586637020111084,0.41037827730178833,22
519.png,H1,0.996814489364624,0.0031855106353759766,0.3682970702648163,23
543.png,H1,0.9963104724884033,0.0036895275115966797,0.4182146489620209,22
550.png,H1,0.9976831078529358,0.002316892147064209,0.3404478132724762,21
551.png,H1,0.9971307516098022,0.002869248390197754,0.34501317143440247,23
558.png,H1,0.9954179525375366,0.004582047462463379,0.48927509784698486,22
561.png,H1,0.9933595061302185,0.006640493869781494,0.580235481262207,23
562.png,H1,0.9933595061302185,0.006640493869781494,0.580235481262207,23
563.png,H1,0.996814489364624,0.0031855106353759766,0.3682970702648163,23
579.png,H1,0.9935758113861084,0.0064241886138916016,0.5193708539009094,22
581.png,H1,0.9979349970817566,0.002065002918243408,0.2959560453891754,21
589.png,H1,0.9963104724884033,0.0036895275115966797,0.4182146489620209,22
590.png,H1,0.9975788593292236,0.002421140670776367,0.3451952040195465,20
592.png,H1,0.9976831078529358,0.002316892147064209,0.3404478132724762,21
593.png,H1,0.9935758113861084,0.0064241886138916016,0.5193708539009094,22
601.png,H1,0.9987772703170776,0.0012227296829223633,0.25288212299346924,19
604.png,H1,0.9973968863487244,0.0026031136512756348,0.3690568506717682,23
614.png,H1,0.9989755153656006,0.001024484634399414,0.2187187820672989,21
616.png,H1,0.9975788593292236,0.002421140670776367,0.3451952040195465,20
621.png,H1,0.9935758113861084,0.0064241886138916016,0.5193708539009094,22
623.png,H1,0.9933595061302185,0.006640493869781494,0.580235481262207,23
630.png,H1,0.9972116947174072,0.0027883052825927734,0.28701770305633545,21
633.png,H1,0.9963104724884033,0.0036895275115966797,0.4182146489620209,22
670.png,H1,0.9985060691833496,0.0014939308166503906,0.2779935896396637,21
675.png,H1,0.9975788593292236,0.002421140670776367,0.3451952040195465,20
681.png,H1,0.9987772703170776,0.0012227296829223633,0.25288212299346924,19
687.png,H1,0.9975788593292236,0.002421140670776367,0.3451952040195465,20
694.png,H1,0.9954133629798889,0.004586637020111084,0.41037827730178833,22
695.png,H1,0.9989755153656006,0.001024484634399414,0.2187187820672989,21
712.png,H1,0.9978030920028687,0.0021969079971313477,0.44049185514450073,23
713.png,H1,0.9980417490005493,0.0019582509994506836,0.3754900395870209,23
714.png,H1,0.9966825842857361,0.003317415714263916,0.5024963021278381,20
723.png,H1,0.9931697845458984,0.0068302154541015625,0.6304459571838379,19
727.png,H1,0.9963610172271729,0.0036389827728271484,0.42046815156936646,20
729.png,H1,0.9931697845458984,0.0068302154541015625,0.6304459571838379,19
761.png,H1,0.9967575073242188,0.00324249267578125,0.4489583373069763,18
762.png,H1,0.9931697845458984,0.0068302154541015625,0.6304459571838379,19
764.png,H1,0.9962424039840698,0.0037575960159301758,0.5122106671333313,18
769.png,H1,0.9889812469482422,0.011018753051757812,0.7957764863967896,19
776.png,H1,0.9972769021987915,0.002723097801208496,0.37716296315193176,21
780.png,H1,0.9963610172271729,0.0036389827728271484,0.42046815156936646,20
781.png,H1,0.9943498373031616,0.005650162696838379,0.5001981258392334,18
782.png,H1,0.9963610172271729,0.0036389827728271484,0.42046815156936646,20
794.png,H1,0.9889812469482422,0.011018753051757812,0.7957764863967896,19
828.png,H1,0.9967575073242188,0.00324249267578125,0.4489583373069763,18
837.png,H1,0.9983810186386108,0.0016189813613891602,0.29390740394592285,20
847.png,H1,0.9972769021987915,0.002723097801208496,0.37716296315193176,21
856.png,H1,0.9889812469482422,0.011018753051757812,0.7957764863967896,19
865.png,H1,0.9973365068435669,0.0026634931564331055,0.3828250467777252,18
867.png,H1,0.9984531402587891,0.0015468597412109375,0.28618356585502625,17
868.png,H1,0.9970033168792725,0.002996683120727539,0.43761733174324036,20
900.png,H1,0.9972769021987915,0.002723097801208496,0.37716296315193176,21
915.png,H1,0.9931697845458984,0.0068302154541015625,0.6304459571838379,19
921.png,H1,0.9978030920028687,0.0021969079971313477,0.44049185514450073,23
922.png,H1,0.9976207613945007,0.0023792386054992676,0.40762999653816223,23
929.png,H1,0.9966520667076111,0.003347933292388916,0.45885345339775085,22
933.png,H1,0.9966825842857361,0.003317415714263916,0.5024963021278381,20
935.png,H1,0.9976207613945007,0.0023792386054992676,0.40762999653816223,23
939.png,H1,0.9989310503005981,0.0010689496994018555,0.26318132877349854,23
942.png,H1,0.9940119981765747,0.005988001823425293,0.7492122650146484,21
943.png,H1,0.9978030920028687,0.0021969079971313477,0.44049185514450073,23
944.png,H1,0.9989310503005981,0.0010689496994018555,0.26318132877349854,23
945.png,H1,0.9966825842857361,0.003317415714263916,0.5024963021278381,20
954.png,H1,0.9940119981765747,0.005988001823425293,0.7492122650146484,21
956.png,H1,0.9982032775878906,0.001796722412109375,0.3607437014579773,24
958.png,H1,0.9978030920028687,0.0021969079971313477,0.44049185514450073,23
960.png,H1,0.9966825842857361,0.003317415714263916,0.5024963021278381,20
963.png,H1,0.9940119981765747,0.005988001823425293,0.7492122650146484,21
982.png,H1,0.9986743927001953,0.0013256072998046875,0.2911449372768402,22
992.png,H1,0.9966825842857361,0.003317415714263916,0.5024963021278381,20
994.png,H1,0.9986743927001953,0.0013256072998046875,0.2911449372768402,22
1004.png,H1,0.9982113838195801,0.0017886161804199219,0.31634244322776794,26
1007.png,H1,0.9940119981765747,0.005988001823425293,0.7492122650146484,21
1008.png,H1,0.9982032775878906,0.001796722412109375,0.3607437014579773,24
1011.png,H1,0.9989310503005981,0.0010689496994018555,0.26318132877349854,23
1015.png,H1,0.9982032775878906,0.001796722412109375,0.3607437014579773,24
1016.png,H1,0.9940119981765747,0.005988001823425293,0.7492122650146484,21
1023.png,H1,0.9933748245239258,0.006625175476074219,0.658785879611969,20
1027.png,H1,0.9977896809577942,0.0022103190422058105,0.3964006304740906,20
1029.png,H1,0.9980226755142212,0.0019773244857788086,0.32274264097213745,23
1031.png,H1,0.9986743927001953,0.0013256072998046875,0.2911449372768402,22
1035.png,H1,0.9980226755142212,0.0019773244857788086,0.32274264097213745,23
1037.png,H1,0.9982113838195801,0.0017886161804199219,0.31634244322776794,26
1039.png,H1,0.9980417490005493,0.0019582509994506836,0.3754900395870209,23
1040.png,H1,0.9972437620162964,0.0027562379837036133,0.4347512423992157,22
1041.png,H1,0.9966520667076111,0.003347933292388916,0.45885345339775085,22
1047.png,H1,0.9973010420799255,0.002698957920074463,0.43615567684173584,21
1053.png,H1,0.9986743927001953,0.0013256072998046875,0.2911449372768402,22
1054.png,H1,0.9980226755142212,0.0019773244857788086,0.32274264097213745,23
1057.png,H1,0.9978030920028687,0.0021969079971313477,0.44049185514450073,23
1060.png,H1,0.9972600936889648,0.0027399063110351562,0.45623159408569336,20
1061.png,H1,0.9977896809577942,0.0022103190422058105,0.3964006304740906,20
1069.png,H1,0.9986743927001953,0.0013256072998046875,0.2911449372768402,22
1072.png,H1,0.9982113838195801,0.0017886161804199219,0.31634244322776794,26
1073.png,H1,0.9982269406318665,0.001773059368133545,0.313340425491333,20
1074.png,H1,0.9976186156272888,0.0023813843727111816,0.40402618050575256,23
1078.png,H1,0.9989310503005981,0.0010689496994018555,0.26318132877349854,23
1084.png,H1,0.9982113838195801,0.0017886161804199219,0.31634244322776794,26
1085.png,H1,0.9973010420799255,0.002698957920074463,0.43615567684173584,21
1089.png,H1,0.9976207613945007,0.0023792386054992676,0.40762999653816223,23
1092.png,H1,0.9966825842857361,0.003317415714263916,0.5024963021278381,20
1093.png,H1,0.9977896809577942,0.0022103190422058105,0.3964006304740906,20
1096.png,H1,0.9978030920028687,0.0021969079971313477,0.44049185514450073,23
1103.png,H1,0.9980226755142212,0.0019773244857788086,0.32274264097213745,23
1107.png,H1,0.9977896809577942,0.0022103190422058105,0.3964006304740906,20
1111.png,H1,0.9973010420799255,0.002698957920074463,0.43615567684173584,21
1113.png,H1,0.9977896809577942,0.0022103190422058105,0.3964006304740906,20
1114.png,H1,0.9972437620162964,0.0027562379837036133,0.4347512423992157,22
1118.png,H1,0.9980417490005493,0.0019582509994506836,0.3754900395870209,23
1120.png,H1,0.9973010420799255,0.002698957920074463,0.43615567684173584,21
1123.png,H1,0.9977896809577942,0.0022103190422058105,0.3964006304740906,20
1124.png,H1,0.9980226755142212,0.0019773244857788086,0.32274264097213745,23
1125.png,H1,0.9973010420799255,0.002698957920074463,0.43615567684173584,21
1126.png,H1,0.9966825842857361,0.003317415714263916,0.5024963021278381,20
1130.png,H1,0.9989310503005981,0.0010689496994018555,0.26318132877349854,23
1134.png,H1,0.9980226755142212,0.0019773244857788086,0.32274264097213745,23
1137.png,H1,0.9972437620162964,0.0027562379837036133,0.4347512423992157,22
1138.png,H1,0.9977896809577942,0.0022103190422058105,0.3964006304740906,20
1140.png,H1,0.9986743927001953,0.0013256072998046875,0.2911449372768402,22
1144.png,H1,0.9986743927001953,0.0013256072998046875,0.2911449372768402,22
1146.png,H1,0.9972437620162964,0.0027562379837036133,0.4347512423992157,22
1148.png,H1,0.9980226755142212,0.0019773244857788086,0.32274264097213745,23
1149.png,H1,0.9980226755142212,0.0019773244857788086,0.32274264097213745,23
1150.png,H1,0.9982032775878906,0.001796722412109375,0.3607437014579773,24
1156.png,H1,0.9973010420799255,0.002698957920074463,0.43615567684173584,21
1160.png,H1,0.9982113838195801,0.0017886161804199219,0.31634244322776794,26
1163.png,H1,0.9966825842857361,0.003317415714263916,0.5024963021278381,20
1165.png,H1,0.9970628619194031,0.002937138080596924,0.4555050730705261,21
1169.png,H1,0.9977896809577942,0.0022103190422058105,0.3964006304740906,20
1170.png,H1,0.9980831146240234,0.0019168853759765625,0.32700836658477783,19
1177.png,H1,0.9982113838195801,0.0017886161804199219,0.31634244322776794,26
1178.png,H1,0.9982113838195801,0.0017886161804199219,0.31634244322776794,26
1179.png,H1,0.9977896809577942,0.0022103190422058105,0.3964006304740906,20
1189.png,H1,0.9980417490005493,0.0019582509994506836,0.3754900395870209,23
1192.png,H1,0.9940119981765747,0.005988001823425293,0.7492122650146484,21
1211.png,H1,0.9989310503005981,0.0010689496994018555,0.26318132877349854,23
1223.png,H1,0.9980226755142212,0.0019773244857788086,0.32274264097213745,23
1225.png,H1,0.9976186156272888,0.0023813843727111816,0.40402618050575256,23
1239.png,H1,0.9980831146240234,0.0019168853759765625,0.32700836658477783,19
1241.png,H1,0.9973010420799255,0.002698957920074463,0.43615567684173584,21
1243.png,H1,0.9977896809577942,0.0022103190422058105,0.3964006304740906,20
1246.png,H1,0.9940119981765747,0.005988001823425293,0.7492122650146484,21
1247.png,H1,0.9980417490005493,0.0019582509994506836,0.3754900395870209,23
1248.png,H1,0.9982269406318665,0.001773059368133545,0.313340425491333,20
1249.png,H1,0.9966825842857361,0.003317415714263916,0.5024963021278381,20
1250.png,H1,0.9982032775878906,0.001796722412109375,0.3607437014579773,24
1251.png,H1,0.9976207613945007,0.0023792386054992676,0.40762999653816223,23
1252.png,H1,0.9986743927001953,0.0013256072998046875,0.2911449372768402,22
1253.png,H1,0.9989310503005981,0.0010689496994018555,0.26318132877349854,23
1254.png,H1,0.9980417490005493,0.0019582509994506836,0.3754900395870209,23
1267.png,H1,0.9980226755142212,0.0019773244857788086,0.32274264097213745,23
1273.png,H1,0.9966825842857361,0.003317415714263916,0.5024963021278381,20
1279.png,H1,0.9980831146240234,0.0019168853759765625,0.32700836658477783,19
1280.png,H1,0.9982032775878906,0.001796722412109375,0.3607437014579773,24
1281.png,H1,0.9989310503005981,0.0010689496994018555,0.26318132877349854,23
1282.png,H1,0.9972600936889648,0.0027399063110351562,0.45623159408569336,20
1283.png,H1,0.9982113838195801,0.0017886161804199219,0.31634244322776794,26
1293.png,H1,0.9966520667076111,0.003347933292388916,0.45885345339775085,22
1309.png,H1,0.9973010420799255,0.002698957920074463,0.43615567684173584,21
1326.png,H1,0.9986743927001953,0.0013256072998046875,0.2911449372768402,22
1331.png,H1,0.9972437620162964,0.0027562379837036133,0.4347512423992157,22
1333.png,H1,0.9989310503005981,0.0010689496994018555,0.26318132877349854,23
1334.png,H1,0.9972600936889648,0.0027399063110351562,0.45623159408569336,20
1341.png,H1,0.9982269406318665,0.001773059368133545,0.313340425491333,20
1345.png,H1,0.9976207613945007,0.0023792386054992676,0.40762999653816223,23
1346.png,H1,0.9982032775878906,0.001796722412109375,0.3607437014579773,24
1353.png,H1,0.9940119981765747,0.005988001823425293,0.7492122650146484,21
1355.png,H1,0.9976207613945007,0.0023792386054992676,0.40762999653816223,23
1361.png,H1,0.9966520667076111,0.003347933292388916,0.45885345339775085,22
1364.png,H1,0.9976207613945007,0.0023792386054992676,0.40762999653816223,23
1365.png,H1,0.9982113838195801,0.0017886161804199219,0.31634244322776794,26
1367.png,H1,0.9966825842857361,0.003317415714263916,0.5024963021278381,20
1368.png,H1,0.9982113838195801,0.0017886161804199219,0.31634244322776794,26
1370.png,H1,0.9972437620162964,0.0027562379837036133,0.4347512423992157,22
1371.png,H1,0.9982269406318665,0.001773059368133545,0.313340425491333,20
1372.png,H1,0.9982269406318665,0.001773059368133545,0.313340425491333,20
1373.png,H1,0.9980226755142212,0.0019773244857788086,0.32274264097213745,23
1378.png,H1,0.9989310503005981,0.0010689496994018555,0.26318132877349854,23
1380.png,H1,0.9976186156272888,0.0023813843727111816,0.40402618050575256,23
1381.png,H1,0.9973010420799255,0.002698957920074463,0.43615567684173584,21
1384.png,H1,0.9966520667076111,0.003347933292388916,0.45885345339775085,22
1387.png,H1,0.9982269406318665,0.001773059368133545,0.313340425491333,20
1388.png,H1,0.9976186156272888,0.0023813843727111816,0.40402618050575256,23
1397.png,H1,0.9978030920028687,0.0021969079971313477,0.44049185514450073,23
1398.png,H1,0.9976207613945007,0.0023792386054992676,0.40762999653816223,23
1399.png,H1,0.9986743927001953,0.0013256072998046875,0.2911449372768402,22
1401.png,H1,0.9973010420799255,0.002698957920074463,0.43615567684173584,21
1402.png,H1,0.9976186156272888,0.0023813843727111816,0.40402618050575256,23
1406.png,H1,0.9973010420799255,0.002698957920074463,0.43615567684173584,21
1407.png,H1,0.9972437620162964,0.0027562379837036133,0.4347512423992157,22
1410.png,H1,0.9973010420799255,0.002698957920074463,0.43615567684173584,21
1411.png,H1,0.9933748245239258,0.006625175476074219,0.658785879611969,20
1425.png,H1,0.9973010420799255,0.002698957920074463,0.43615567684173584,21
1426.png,H1,0.9982113838195801,0.0017886161804199219,0.31634244322776794,26
1435.png,H1,0.9982269406318665,0.001773059368133545,0.313340425491333,20
1436.png,H1,0.9966825842857361,0.003317415714263916,0.5024963021278381,20
1437.png,H1,0.9970628619194031,0.002937138080596924,0.4555050730705261,21
1442.png,H1,0.9966520667076111,0.003347933292388916,0.45885345339775085,22
1457.png,H1,0.9980226755142212,0.0019773244857788086,0.32274264097213745,23
1458.png,H1,0.9986743927001953,0.0013256072998046875,0.2911449372768402,22
1459.png,H1,0.9989310503005981,0.0010689496994018555,0.26318132877349854,23
1461.png,H1,0.9973010420799255,0.002698957920074463,0.43615567684173584,21
1464.png,H1,0.9976186156272888,0.0023813843727111816,0.40402618050575256,23
1465.png,H1,0.9940119981765747,0.005988001823425293,0.7492122650146484,21
1466.png,H1,0.9980226755142212,0.0019773244857788086,0.32274264097213745,23
1472.png,H1,0.9978030920028687,0.0021969079971313477,0.44049185514450073,23
1477.png,H1,0.9973010420799255,0.002698957920074463,0.43615567684173584,21
1480.png,H1,0.9972437620162964,0.0027562379837036133,0.4347512423992157,22
1481.png,H1,0.9980226755142212,0.0019773244857788086,0.32274264097213745,23
1482.png,H1,0.9970628619194031,0.002937138080596924,0.4555050730705261,21
1483.png,H1,0.9986743927001953,0.0013256072998046875,0.2911449372768402,22
1484.png,H1,0.9972437620162964,0.0027562379837036133,0.4347512423992157,22
1485.png,H1,0.9982269406318665,0.001773059368133545,0.313340425491333,20
1488.png,H1,0.9976186156272888,0.0023813843727111816,0.40402618050575256,23
1490.png,H1,0.9982113838195801,0.0017886161804199219,0.31634244322776794,26
1491.png,H1,0.9980831146240234,0.0019168853759765625,0.32700836658477783,19
1492.png,H1,0.9972437620162964,0.0027562379837036133,0.4347512423992157,22
1493.png,H1,0.9980417490005493,0.0019582509994506836,0.3754900395870209,23
1495.png,H1,0.9972437620162964,0.0027562379837036133,0.4347512423992157,22
1496.png,H1,0.9972437620162964,0.0027562379837036133,0.4347512423992157,22
1497.png,H1,0.9972437620162964,0.0027562379837036133,0.4347512423992157,22
1498.png,H1,0.9976186156272888,0.0023813843727111816,0.40402618050575256,23
1509.png,H1,0.9980417490005493,0.0019582509994506836,0.3754900395870209,23
1519.png,H1,0.9980226755142212,0.0019773244857788086,0.32274264097213745,23
1529.png,H1,0.9980417490005493,0.0019582509994506836,0.3754900395870209,23
1533.png,H1,0.9976186156272888,0.0023813843727111816,0.40402618050575256,23
1534.png,H1,0.9933748245239258,0.006625175476074219,0.658785879611969,20
1535.png,H1,0.9966520667076111,0.003347933292388916,0.45885345339775085,22
1536.png,H1,0.9980226755142212,0.0019773244857788086,0.32274264097213745,23
1545.png,H1,0.9980226755142212,0.0019773244857788086,0.32274264097213745,23
1546.png,H1,0.9989310503005981,0.0010689496994018555,0.26318132877349854,23
1547.png,H1,0.9972600936889648,0.0027399063110351562,0.45623159408569336,20
1548.png,H1,0.9980417490005493,0.0019582509994506836,0.3754900395870209,23
1551.png,H1,0.9966520667076111,0.003347933292388916,0.45885345339775085,22
1552.png,H1,0.9976207613945007,0.0023792386054992676,0.40762999653816223,23
1555.png,H1,0.9982032775878906,0.001796722412109375,0.3607437014579773,24
1559.png,H1,0.9989310503005981,0.0010689496994018555,0.26318132877349854,23
1560.png,H1,0.9980226755142212,0.0019773244857788086,0.32274264097213745,23
1563.png,H1,0.9989310503005981,0.0010689496994018555,0.26318132877349854,23
1564.png,H1,0.9966825842857361,0.003317415714263916,0.5024963021278381,20
1574.png,H1,0.9940119981765747,0.005988001823425293,0.7492122650146484,21
1575.png,H1,0.9966825842857361,0.003317415714263916,0.5024963021278381,20
1577.png,H1,0.9966825842857361,0.003317415714263916,0.5024963021278381,20
1579.png,H1,0.9989310503005981,0.0010689496994018555,0.26318132877349854,23
1583.png,H1,0.9980417490005493,0.0019582509994506836,0.3754900395870209,23
1585.png,H1,0.9978030920028687,0.0021969079971313477,0.44049185514450073,23
1587.png,H1,0.9972600936889648,0.0027399063110351562,0.45623159408569336,20
1588.png,H1,0.9972437620162964,0.0027562379837036133,0.4347512423992157,22
1590.png,H1,0.9976207613945007,0.0023792386054992676,0.40762999653816223,23
1591.png,H1,0.9966825842857361,0.003317415714263916,0.5024963021278381,20
1596.png,H1,0.9940119981765747,0.005988001823425293,0.7492122650146484,21
1600.png,H1,0.9980226755142212,0.0019773244857788086,0.32274264097213745,23
1601.png,H1,0.9982032775878906,0.001796722412109375,0.3607437014579773,24
1619.png,H1,0.9972437620162964,0.0027562379837036133,0.4347512423992157,22
1628.png,H1,0.9976207613945007,0.0023792386054992676,0.40762999653816223,23
1629.png,H1,0.9989310503005981,0.0010689496994018555,0.26318132877349854,23
1630.png,H1,0.9973010420799255,0.002698957920074463,0.43615567684173584,21
1644.png,H1,0.9986743927001953,0.0013256072998046875,0.2911449372768402,22
1645.png,H1,0.9966520667076111,0.003347933292388916,0.45885345339775085,22
1646.png,H1,0.9940119981765747,0.005988001823425293,0.7492122650146484,21
1647.png,H1,0.9978030920028687,0.0021969079971313477,0.44049185514450073,23
1648.png,H1,0.9980831146240234,0.0019168853759765625,0.32700836658477783,19
1656.png,H1,0.9977896809577942,0.0022103190422058105,0.3964006304740906,20
1657.png,H1,0.9982113838195801,0.0017886161804199219,0.31634244322776794,26
1665.png,H1,0.9986743927001953,0.0013256072998046875,0.2911449372768402,22
1666.png,H1,0.9980417490005493,0.0019582509994506836,0.3754900395870209,23
1678.png,H1,0.9980417490005493,0.0019582509994506836,0.3754900395870209,23
1684.png,H1,0.9989310503005981,0.0010689496994018555,0.26318132877349854,23
1685.png,H1,0.9972437620162964,0.0027562379837036133,0.4347512423992157,22
1686.png,H1,0.9980417490005493,0.0019582509994506836,0.3754900395870209,23
1689.png,H1,0.9973010420799255,0.002698957920074463,0.43615567684173584,21
1696.png,H1,0.9972600936889648,0.0027399063110351562,0.45623159408569336,20
1706.png,H1,0.9972600936889648,0.0027399063110351562,0.45623159408569336,20
1715.png,H1,0.9933748245239258,0.006625175476074219,0.658785879611969,20
1716.png,H1,0.9976186156272888,0.0023813843727111816,0.40402618050575256,23
1718.png,H1,0.9933748245239258,0.006625175476074219,0.658785879611969,20
1727.png,H1,0.9966825842857361,0.003317415714263916,0.5024963021278381,20
1728.png,H1,0.9976186156272888,0.0023813843727111816,0.40402618050575256,23
1729.png,H1,0.9966520667076111,0.003347933292388916,0.45885345339775085,22
1730.png,H1,0.9972437620162964,0.0027562379837036133,0.4347512423992157,22
1734.png,H1,0.9982113838195801,0.0017886161804199219,0.31634244322776794,26
1735.png,H1,0.9980831146240234,0.0019168853759765625,0.32700836658477783,19
1736.png,H1,0.9980417490005493,0.0019582509994506836,0.3754900395870209,23
1740.png,H1,0.9972437620162964,0.0027562379837036133,0.4347512423992157,22
1744.png,H1,0.9978030920028687,0.0021969079971313477,0.44049185514450073,23
1746.png,H1,0.9940119981765747,0.005988001823425293,0.7492122650146484,21
1752.png,H1,0.9980226755142212,0.0019773244857788086,0.32274264097213745,23
1769.png,H1,0.9980226755142212,0.0019773244857788086,0.32274264097213745,23
1771.png,H1,0.9982269406318665,0.001773059368133545,0.313340425491333,20
1773.png,H1,0.9973010420799255,0.002698957920074463,0.43615567684173584,21
1774.png,H1,0.9977896809577942,0.0022103190422058105,0.3964006304740906,20
1776.png,H1,0.9972437620162964,0.0027562379837036133,0.4347512423992157,22
1789.png,H1,0.9978030920028687,0.0021969079971313477,0.44049185514450073,23
1796.png,H1,0.9986743927001953,0.0013256072998046875,0.2911449372768402,22
1798.png,H1,0.9982113838195801,0.0017886161804199219,0.31634244322776794,26
1807.png,H1,0.9970628619194031,0.002937138080596924,0.4555050730705261,21
1816.png,H1,0.9982269406318665,0.001773059368133545,0.313340425491333,20
1824.png,H1,0.9982269406318665,0.001773059368133545,0.313340425491333,20
1825.png,H1,0.9966825842857361,0.003317415714263916,0.5024963021278381,20
1826.png,H1,0.9982269406318665,0.001773059368133545,0.313340425491333,20
1827.png,H1,0.9966825842857361,0.003317415714263916,0.5024963021278381,20
1829.png,H1,0.9980417490005493,0.0019582509994506836,0.3754900395870209,23
1834.png,H1,0.9973010420799255,0.002698957920074463,0.43615567684173584,21
1835.png,H1,0.9966825842857361,0.003317415714263916,0.5024963021278381,20
1843.png,H1,0.9943498373031616,0.005650162696838379,0.5001981258392334,18
1847.png,H1,0.9931697845458984,0.0068302154541015625,0.6304459571838379,19
1852.png,H1,0.9983810186386108,0.0016189813613891602,0.29390740394592285,20
1853.png,H1,0.9885544180870056,0.011445581912994385,0.8069457411766052,19
1858.png,H1,0.9963610172271729,0.0036389827728271484,0.42046815156936646,20
1863.png,H1,0.9885544180870056,0.011445581912994385,0.8069457411766052,19
1869.png,H1,0.9967575073242188,0.00324249267578125,0.4489583373069763,18
1879.png,H1,0.9966155290603638,0.0033844709396362305,0.452750027179718,18
1880.png,H1,0.9963610172271729,0.0036389827728271484,0.42046815156936646,20
1882.png,H1,0.9978047013282776,0.002195298671722412,0.30973073840141296,18
1886.png,H1,0.9983810186386108,0.0016189813613891602,0.29390740394592285,20
1890.png,H1,0.9978474378585815,0.002152562141418457,0.3671199083328247,19
1894.png,H1,0.9962424039840698,0.0037575960159301758,0.5122106671333313,18
1900.png,H1,0.9978047013282776,0.002195298671722412,0.30973073840141296,18
1901.png,H1,0.9966155290603638,0.0033844709396362305,0.452750027179718,18
1902.png,H1,0.9931697845458984,0.0068302154541015625,0.6304459571838379,19
1910.png,H1,0.9984530806541443,0.0015469193458557129,0.3541925549507141,19
1911.png,H1,0.9984531402587891,0.0015468597412109375,0.28618356585502625,17
1917.png,H1,0.9978047013282776,0.002195298671722412,0.30973073840141296,18
1933.png,H1,0.9889812469482422,0.011018753051757812,0.7957764863967896,19
1941.png,H1,0.9970033168792725,0.002996683120727539,0.43761733174324036,20
1949.png,H1,0.9970551133155823,0.0029448866844177246,0.4557614028453827,21
1950.png,H1,0.9984159469604492,0.0015840530395507812,0.3081599473953247,19
1951.png,H1,0.9984159469604492,0.0015840530395507812,0.3081599473953247,19
1955.png,H1,0.9967684745788574,0.003231525421142578,0.4727573096752167,18
1957.png,H1,0.9967575073242188,0.00324249267578125,0.4489583373069763,18
1978.png,H1,0.9962424039840698,0.0037575960159301758,0.5122106671333313,18
1981.png,H1,0.9963610172271729,0.0036389827728271484,0.42046815156936646,20
1984.png,H1,0.9978047013282776,0.002195298671722412,0.30973073840141296,18
1986.png,H1,0.9889812469482422,0.011018753051757812,0.7957764863967896,19
1988.png,H1,0.9973365068435669,0.0026634931564331055,0.3828250467777252,18
2002.png,H1,0.9984531402587891,0.0015468597412109375,0.28618356585502625,17
2003.png,H1,0.9943498373031616,0.005650162696838379,0.5001981258392334,18
2006.png,H1,0.9984530806541443,0.0015469193458557129,0.3541925549507141,19
2007.png,H1,0.9978047013282776,0.002195298671722412,0.30973073840141296,18
2008.png,H1,0.9978047013282776,0.002195298671722412,0.30973073840141296,18
2009.png,H1,0.9968783855438232,0.003121614456176758,0.40636375546455383,20
2014.png,H1,0.9889812469482422,0.011018753051757812,0.7957764863967896,19
2026.png,H1,0.9966155290603638,0.0033844709396362305,0.452750027179718,18
2029.png,H1,0.9967684745788574,0.003231525421142578,0.4727573096752167,18
2031.png,H1,0.9885544180870056,0.011445581912994385,0.8069457411766052,19
2039.png,H1,0.9983810186386108,0.0016189813613891602,0.29390740394592285,20
2055.png,H1,0.9984159469604492,0.0015840530395507812,0.3081599473953247,19
2062.png,H1,0.9967575073242188,0.00324249267578125,0.4489583373069763,18
2064.png,H1,0.9978474378585815,0.002152562141418457,0.3671199083328247,19
2065.png,H1,0.9973365068435669,0.0026634931564331055,0.3828250467777252,18
2066.png,H1,0.9967684745788574,0.003231525421142578,0.4727573096752167,18
2075.png,H1,0.9973365068435669,0.0026634931564331055,0.3828250467777252,18
2076.png,H1,0.9931697845458984,0.0068302154541015625,0.6304459571838379,19
2082.png,H1,0.9970551133155823,0.0029448866844177246,0.4557614028453827,21
2108.png,H1,0.9967575073242188,0.00324249267578125,0.4489583373069763,18
2110.png,H1,0.9967575073242188,0.00324249267578125,0.4489583373069763,18
2118.png,H1,0.9967575073242188,0.00324249267578125,0.4489583373069763,18
2127.png,H1,0.9885544180870056,0.011445581912994385,0.8069457411766052,19
2136.png,H1,0.9968783855438232,0.003121614456176758,0.40636375546455383,20
2137.png,H1,0.9970033168792725,0.002996683120727539,0.43761733174324036,20
2148.png,H1,0.9885544180870056,0.011445581912994385,0.8069457411766052,19
2170.png,H1,0.9984159469604492,0.0015840530395507812,0.3081599473953247,19
2176.png,H1,0.9970033168792725,0.002996683120727539,0.43761733174324036,20
2178.png,H1,0.9973365068435669,0.0026634931564331055,0.3828250467777252,18
2182.png,H1,0.9966155290603638,0.0033844709396362305,0.452750027179718,18
2188.png,H1,0.9983810186386108,0.0016189813613891602,0.29390740394592285,20
2208.png,H1,0.9967684745788574,0.003231525421142578,0.4727573096752167,18
2211.png,H1,0.9982179403305054,0.001782059669494629,0.30046021938323975,20
2213.png,H1,0.9968783855438232,0.003121614456176758,0.40636375546455383,20
2214.png,H1,0.9983810186386108,0.0016189813613891602,0.29390740394592285,20
2221.png,H1,0.9885544180870056,0.011445581912994385,0.8069457411766052,19
2226.png,H1,0.9889812469482422,0.011018753051757812,0.7957764863967896,19
2227.png,H1,0.9943498373031616,0.005650162696838379,0.5001981258392334,18
2237.png,H1,0.9931697845458984,0.0068302154541015625,0.6304459571838379,19
2241.png,H1,0.9973365068435669,0.0026634931564331055,0.3828250467777252,18
2244.png,H1,0.9973365068435669,0.0026634931564331055,0.3828250467777252,18
2245.png,H1,0.9963610172271729,0.0036389827728271484,0.42046815156936646,20
2246.png,H1,0.9978474378585815,0.002152562141418457,0.3671199083328247,19
2248.png,H1,0.9943498373031616,0.005650162696838379,0.5001981258392334,18
2259.png,H1,0.9966155290603638,0.0033844709396362305,0.452750027179718,18
2272.png,H1,0.9984159469604492,0.0015840530395507812,0.3081599473953247,19
2277.png,H1,0.9967575073242188,0.00324249267578125,0.4489583373069763,18
2278.png,H1,0.9973365068435669,0.0026634931564331055,0.3828250467777252,18
2293.png,H1,0.9931697845458984,0.0068302154541015625,0.6304459571838379,19
2326.png,H1,0.9967575073242188,0.00324249267578125,0.4489583373069763,18
2344.png,H1,0.9970033168792725,0.002996683120727539,0.43761733174324036,20
2353.png,H1,0.9973365068435669,0.0026634931564331055,0.3828250467777252,18
2364.png,H1,0.9970033168792725,0.002996683120727539,0.43761733174324036,20
2384.png,H1,0.9984159469604492,0.0015840530395507812,0.3081599473953247,19
2386.png,H1,0.9967575073242188,0.00324249267578125,0.4489583373069763,18
2388.png,H1,0.9970033168792725,0.002996683120727539,0.43761733174324036,20
2389.png,H1,0.9943498373031616,0.005650162696838379,0.5001981258392334,18
2392.png,H1,0.9962424039840698,0.0037575960159301758,0.5122106671333313,18
2395.png,H1,0.9943498373031616,0.005650162696838379,0.5001981258392334,18
2399.png,H1,0.9983810186386108,0.0016189813613891602,0.29390740394592285,20
2400.png,H1,0.9889812469482422,0.011018753051757812,0.7957764863967896,19
2401.png,H1,0.9972769021987915,0.002723097801208496,0.37716296315193176,21
2406.png,H1,0.9967684745788574,0.003231525421142578,0.4727573096752167,18
2423.png,H1,0.9963610172271729,0.0036389827728271484,0.42046815156936646,20
2424.png,H1,0.9984531402587891,0.0015468597412109375,0.28618356585502625,17
2430.png,H1,0.9970033168792725,0.002996683120727539,0.43761733174324036,20
2442.png,H1,0.9984530806541443,0.0015469193458557129,0.3541925549507141,19
2459.png,H1,0.9970033168792725,0.002996683120727539,0.43761733174324036,20
2472.png,H1,0.9984159469604492,0.0015840530395507812,0.3081599473953247,19
2474.png,H1,0.9978047013282776,0.002195298671722412,0.30973073840141296,18
2486.png,H1,0.9968783855438232,0.003121614456176758,0.40636375546455383,20
2489.png,H1,0.9982179403305054,0.001782059669494629,0.30046021938323975,20
2503.png,H1,0.9962424039840698,0.0037575960159301758,0.5122106671333313,18
2504.png,H1,0.9889812469482422,0.011018753051757812,0.7957764863967896,19
2511.png,H1,0.9962424039840698,0.0037575960159301758,0.5122106671333313,18
2520.png,H1,0.9931697845458984,0.0068302154541015625,0.6304459571838379,19
2522.png,H1,0.9967575073242188,0.00324249267578125,0.4489583373069763,18
2523.png,H1,0.9984159469604492,0.0015840530395507812,0.3081599473953247,19
2532.png,H1,0.9970033168792725,0.002996683120727539,0.43761733174324036,20
2533.png,H1,0.9889812469482422,0.011018753051757812,0.7957764863967896,19
2537.png,H1,0.9984530806541443,0.0015469193458557129,0.3541925549507141,19
2542.png,H1,0.9967575073242188,0.00324249267578125,0.4489583373069763,18
2545.png,H1,0.9967575073242188,0.00324249267578125,0.4489583373069763,18
2555.png,H1,0.9982179403305054,0.001782059669494629,0.30046021938323975,20
2556.png,H1,0.9970033168792725,0.002996683120727539,0.43761733174324036,20
2557.png,H1,0.9973365068435669,0.0026634931564331055,0.3828250467777252,18
2565.png,H1,0.9972769021987915,0.002723097801208496,0.37716296315193176,21
2575.png,H1,0.9978047013282776,0.002195298671722412,0.30973073840141296,18
2577.png,H1,0.9967684745788574,0.003231525421142578,0.4727573096752167,18
2581.png,H1,0.9966155290603638,0.0033844709396362305,0.452750027179718,18
2582.png,H1,0.9983810186386108,0.0016189813613891602,0.29390740394592285,20
2589.png,H1,0.9967684745788574,0.003231525421142578,0.4727573096752167,18
2590.png,H1,0.9984531402587891,0.0015468597412109375,0.28618356585502625,17
2591.png,H1,0.9983810186386108,0.0016189813613891602,0.29390740394592285,20
2592.png,H1,0.9966155290603638,0.0033844709396362305,0.452750027179718,18
2593.png,H1,0.9962424039840698,0.0037575960159301758,0.5122106671333313,18
2594.png,H1,0.9968783855438232,0.003121614456176758,0.40636375546455383,20
2602.png,H1,0.9966155290603638,0.0033844709396362305,0.452750027179718,18
2605.png,H1,0.9978047013282776,0.002195298671722412,0.30973073840141296,18
2608.png,H1,0.9972769021987915,0.002723097801208496,0.37716296315193176,21
2609.png,H1,0.9963610172271729,0.0036389827728271484,0.42046815156936646,20
2623.png,H1,0.9983810186386108,0.0016189813613891602,0.29390740394592285,20
2656.png,H1,0.9967684745788574,0.003231525421142578,0.4727573096752167,18
2660.png,H1,0.9983810186386108,0.0016189813613891602,0.29390740394592285,20
2680.png,H1,0.9967575073242188,0.00324249267578125,0.4489583373069763,18
2685.png,H1,0.9984530806541443,0.0015469193458557129,0.3541925549507141,19
2701.png,H1,0.9962424039840698,0.0037575960159301758,0.5122106671333313,18
2703.png,H1,0.9963610172271729,0.0036389827728271484,0.42046815156936646,20
2705.png,H1,0.9984159469604492,0.0015840530395507812,0.3081599473953247,19
2706.png,H1,0.9984530806541443,0.0015469193458557129,0.3541925549507141,19
2716.png,H1,0.9962424039840698,0.0037575960159301758,0.5122106671333313,18
2720.png,H1,0.9963610172271729,0.0036389827728271484,0.42046815156936646,20
2721.png,H1,0.9967684745788574,0.003231525421142578,0.4727573096752167,18
2723.png,H1,0.9984531402587891,0.0015468597412109375,0.28618356585502625,17
2740.png,H1,0.9967575073242188,0.00324249267578125,0.4489583373069763,18
2752.png,H1,0.9967575073242188,0.00324249267578125,0.4489583373069763,18
2754.png,H1,0.9963610172271729,0.0036389827728271484,0.42046815156936646,20
2766.png,H1,0.9966155290603638,0.0033844709396362305,0.452750027179718,18
2768.png,H1,0.9931697845458984,0.0068302154541015625,0.6304459571838379,19
2771.png,H1,0.9970551133155823,0.0029448866844177246,0.4557614028453827,21
2781.png,H1,0.9962424039840698,0.0037575960159301758,0.5122106671333313,18
2782.png,H1,0.9931697845458984,0.0068302154541015625,0.6304459571838379,19
2784.png,H1,0.9983810186386108,0.0016189813613891602,0.29390740394592285,20
2787.png,H1,0.9962424039840698,0.0037575960159301758,0.5122106671333313,18
2794.png,H1,0.9973365068435669,0.0026634931564331055,0.3828250467777252,18
2801.png,H1,0.9984159469604492,0.0015840530395507812,0.3081599473953247,19
2807.png,H1,0.9972769021987915,0.002723097801208496,0.37716296315193176,21
2810.png,H1,0.9973365068435669,0.0026634931564331055,0.3828250467777252,18
2816.png,H1,0.9889812469482422,0.011018753051757812,0.7957764863967896,19
2825.png,H1,0.9962424039840698,0.0037575960159301758,0.5122106671333313,18
2827.png,H1,0.9967575073242188,0.00324249267578125,0.4489583373069763,18
2835.png,H1,0.9978047013282776,0.002195298671722412,0.30973073840141296,18
2846.png,H1,0.9973365068435669,0.0026634931564331055,0.3828250467777252,18
2866.png,H1,0.9984531402587891,0.0015468597412109375,0.28618356585502625,17
2871.png,H1,0.9983810186386108,0.0016189813613891602,0.29390740394592285,20
2875.png,H1,0.9967684745788574,0.003231525421142578,0.4727573096752167,18
2877.png,H1,0.9970033168792725,0.002996683120727539,0.43761733174324036,20
2878.png,H1,0.9962424039840698,0.0037575960159301758,0.5122106671333313,18
2882.png,H1,0.9962424039840698,0.0037575960159301758,0.5122106671333313,18
2883.png,H1,0.9966155290603638,0.0033844709396362305,0.452750027179718,18
2884.png,H1,0.9966155290603638,0.0033844709396362305,0.452750027179718,18
2885.png,H1,0.9970033168792725,0.002996683120727539,0.43761733174324036,20
2886.png,H1,0.9970033168792725,0.002996683120727539,0.43761733174324036,20
2891.png,H1,0.9963610172271729,0.0036389827728271484,0.42046815156936646,20
2895.png,H1,0.9963610172271729,0.0036389827728271484,0.42046815156936646,20
2897.png,H1,0.9968783855438232,0.003121614456176758,0.40636375546455383,20
2898.png,H1,0.9973365068435669,0.0026634931564331055,0.3828250467777252,18
2910.png,H1,0.9967684745788574,0.003231525421142578,0.4727573096752167,18
2912.png,H1,0.9967684745788574,0.003231525421142578,0.4727573096752167,18
2916.png,H1,0.9962424039840698,0.0037575960159301758,0.5122106671333313,18
2920.png,H1,0.9967684745788574,0.003231525421142578,0.4727573096752167,18
2924.png,H1,0.9970033168792725,0.002996683120727539,0.43761733174324036,20
2927.png,H1,0.9885544180870056,0.011445581912994385,0.8069457411766052,19
2933.png,H1,0.9970033168792725,0.002996683120727539,0.43761733174324036,20
2940.png,H1,0.9972769021987915,0.002723097801208496,0.37716296315193176,21
2941.png,H1,0.9972769021987915,0.002723097801208496,0.37716296315193176,21
2943.png,H1,0.9970033168792725,0.002996683120727539,0.43761733174324036,20
2947.png,H1,0.9982179403305054,0.001782059669494629,0.30046021938323975,20
2951.png,H1,0.9970033168792725,0.002996683120727539,0.43761733174324036,20
2955.png,H1,0.9885544180870056,0.011445581912994385,0.8069457411766052,19
2957.png,H1,0.9967575073242188,0.00324249267578125,0.4489583373069763,18
2958.png,H1,0.9967684745788574,0.003231525421142578,0.4727573096752167,18
2959.png,H1,0.9967575073242188,0.00324249267578125,0.4489583373069763,18
2961.png,H1,0.9963610172271729,0.0036389827728271484,0.42046815156936646,20
2968.png,H1,0.9966155290603638,0.0033844709396362305,0.452750027179718,18
2969.png,H1,0.9963610172271729,0.0036389827728271484,0.42046815156936646,20
2977.png,H1,0.9962424039840698,0.0037575960159301758,0.5122106671333313,18
2978.png,H1,0.9967684745788574,0.003231525421142578,0.4727573096752167,18
2979.png,H1,0.9889812469482422,0.011018753051757812,0.7957764863967896,19
2980.png,H1,0.9970033168792725,0.002996683120727539,0.43761733174324036,20
2981.png,H1,0.9967684745788574,0.003231525421142578,0.4727573096752167,18
2982.png,H1,0.9970551133155823,0.0029448866844177246,0.4557614028453827,21
2984.png,H1,0.9966155290603638,0.0033844709396362305,0.452750027179718,18
2990.png,H1,0.9984530806541443,0.0015469193458557129,0.3541925549507141,19
2991.png,H1,0.9967684745788574,0.003231525421142578,0.4727573096752167,18
3001.png,H1,0.9963610172271729,0.0036389827728271484,0.42046815156936646,20
3008.png,H1,0.9982179403305054,0.001782059669494629,0.30046021938323975,20
3015.png,H1,0.9968783855438232,0.003121614456176758,0.40636375546455383,20
3016.png,H1,0.9967575073242188,0.00324249267578125,0.4489583373069763,18
3018.png,H1,0.9967684745788574,0.003231525421142578,0.4727573096752167,18
3021.png,H1,0.9885544180870056,0.011445581912994385,0.8069457411766052,19
3031.png,H1,0.9984159469604492,0.0015840530395507812,0.3081599473953247,19
3039.png,H1,0.9885544180870056,0.011445581912994385,0.8069457411766052,19
3045.png,H1,0.9967684745788574,0.003231525421142578,0.4727573096752167,18
3046.png,H1,0.9889812469482422,0.011018753051757812,0.7957764863967896,19
3047.png,H1,0.9970033168792725,0.002996683120727539,0.43761733174324036,20
3051.png,H1,0.9970033168792725,0.002996683120727539,0.43761733174324036,20
3056.png,H1,0.9970033168792725,0.002996683120727539,0.43761733174324036,20
3063.png,H1,0.9954133629798889,0.004586637020111084,0.41037827730178833,22
7.png,H2,0.9964525699615479,0.0035474300384521484,0.38827502727508545,19
13.png,H2,0.9941459894180298,0.005854010581970215,0.6064625382423401,19
16.png,H2,0.9919753074645996,0.00802469253540039,0.6841842532157898,19
25.png,H2,0.9989755153656006,0.001024484634399414,0.2187187820672989,21
28.png,H2,0.9979349970817566,0.002065002918243408,0.2959560453891754,21
32.png,H2,0.9973968863487244,0.0026031136512756348,0.3690568506717682,23
41.png,H2,0.9562930464744568,0.04370695352554321,1.3514946699142456,21
55.png,H2,0.9516478180885315,0.048352181911468506,1.3183501958847046,20
56.png,H2,0.9941459894180298,0.005854010581970215,0.6064625382423401,19
66.png,H2,0.9516478180885315,0.048352181911468506,1.3183501958847046,20
67.png,H2,0.9919753074645996,0.00802469253540039,0.6841842532157898,19
70.png,H2,0.9678539037704468,0.03214609622955322,1.194766879081726,22
86.png,H2,0.9979349970817566,0.002065002918243408,0.2959560453891754,21
93.png,H2,0.9678539037704468,0.03214609622955322,1.194766879081726,22
99.png,H2,0.9842419028282166,0.015758097171783447,0.8849047422409058,20
100.png,H2,0.9653676748275757,0.034632325172424316,1.1886334419250488,19
102.png,H2,0.9623692035675049,0.03763079643249512,1.4473339319229126,21
108.png,H2,0.9963104724884033,0.0036895275115966797,0.4182146489620209,22
114.png,H2,0.9623692035675049,0.03763079643249512,1.4473339319229126,21
117.png,H2,0.9680685997009277,0.031931400299072266,1.1989232301712036,18
121.png,H2,0.9892412424087524,0.010758757591247559,0.8088658452033997,21
122.png,H2,0.9941459894180298,0.005854010581970215,0.6064625382423401,19
124.png,H2,0.9963104724884033,0.0036895275115966797,0.4182146489620209,22
128.png,H2,0.9516478180885315,0.048352181911468506,1.3183501958847046,20
131.png,H2,0.9892412424087524,0.010758757591247559,0.8088658452033997,21
138.png,H2,0.9923138618469238,0.007686138153076172,0.6659952402114868,21
150.png,H2,0.9989755153656006,0.001024484634399414,0.2187187820672989,21
152.png,H2,0.9979349970817566,0.002065002918243408,0.2959560453891754,21
156.png,H2,0.9678539037704468,0.03214609622955322,1.194766879081726,22
167.png,H2,0.9623692035675049,0.03763079643249512,1.4473339319229126,21
169.png,H2,0.9985060691833496,0.0014939308166503906,0.2779935896396637,21
174.png,H2,0.9987772703170776,0.0012227296829223633,0.25288212299346924,19
183.png,H2,0.9623692035675049,0.03763079643249512,1.4473339319229126,21
198.png,H2,0.9975788593292236,0.002421140670776367,0.3451952040195465,20
211.png,H2,0.9941459894180298,0.005854010581970215,0.6064625382423401,19
217.png,H2,0.9987772703170776,0.0012227296829223633,0.25288212299346924,19
223.png,H2,0.9842419028282166,0.015758097171783447,0.8849047422409058,20
228.png,H2,0.9919753074645996,0.00802469253540039,0.6841842532157898,19
233.png,H2,0.9919753074645996,0.00802469253540039,0.6841842532157898,19
234.png,H2,0.9923138618469238,0.007686138153076172,0.6659952402114868,21
238.png,H2,0.9842419028282166,0.015758097171783447,0.8849047422409058,20
246.png,H2,0.9987772703170776,0.0012227296829223633,0.25288212299346924,19
256.png,H2,0.9963104724884033,0.0036895275115966797,0.4182146489620209,22
262.png,H2,0.9941459894180298,0.005854010581970215,0.6064625382423401,19
263.png,H2,0.9989755153656006,0.001024484634399414,0.2187187820672989,21
284.png,H2,0.9892412424087524,0.010758757591247559,0.8088658452033997,21
296.png,H2,0.9975788593292236,0.002421140670776367,0.3451952040195465,20
304.png,H2,0.9923138618469238,0.007686138153076172,0.6659952402114868,21
311.png,H2,0.9987772703170776,0.0012227296829223633,0.25288212299346924,19
321.png,H2,0.9963104724884033,0.0036895275115966797,0.4182146489620209,22
323.png,H2,0.9842419028282166,0.015758097171783447,0.8849047422409058,20
324.png,H2,0.9842419028282166,0.015758097171783447,0.8849047422409058,20
332.png,H2,0.9680685997009277,0.031931400299072266,1.1989232301712036,18
333.png,H2,0.9963104724884033,0.0036895275115966797,0.4182146489620209,22
350.png,H2,0.9919753074645996,0.00802469253540039,0.6841842532157898,19
351.png,H2,0.9987772703170776,0.0012227296829223633,0.25288212299346924,19
354.png,H2,0.9923138618469238,0.007686138153076172,0.6659952402114868,21
404.png,H2,0.9985060691833496,0.0014939308166503906,0.2779935896396637,21
415.png,H2,0.9842419028282166,0.015758097171783447,0.8849047422409058,20
429.png,H2,0.9975788593292236,0.002421140670776367,0.3451952040195465,20
442.png,H2,0.9842419028282166,0.015758097171783447,0.8849047422409058,20
443.png,H2,0.9979349970817566,0.002065002918243408,0.2959560453891754,21
445.png,H2,0.9987772703170776,0.0012227296829223633,0.25288212299346924,19
452.png,H2,0.9672651290893555,0.03273487091064453,1.2725229263305664,22
457.png,H2,0.9516478180885315,0.048352181911468506,1.3183501958847046,20
472.png,H2,0.9892412424087524,0.010758757591247559,0.8088658452033997,21
473.png,H2,0.9941459894180298,0.005854010581970215,0.6064625382423401,19
475.png,H2,0.9979349970817566,0.002065002918243408,0.2959560453891754,21
482.png,H2,0.9975788593292236,0.002421140670776367,0.3451952040195465,20
483.png,H2,0.9964525699615479,0.0035474300384521484,0.38827502727508545,19
484.png,H2,0.9919753074645996,0.00802469253540039,0.6841842532157898,19
486.png,H2,0.9987772703170776,0.0012227296829223633,0.25288212299346924,19
494.png,H2,0.9941459894180298,0.005854010581970215,0.6064625382423401,19
500.png,H2,0.9964525699615479,0.0035474300384521484,0.38827502727508545,19
506.png,H2,0.9842419028282166,0.015758097171783447,0.8849047422409058,20
507.png,H2,0.9973968863487244,0.0026031136512756348,0.3690568506717682,23
518.png,H2,0.9562930464744568,0.04370695352554321,1.3514946699142456,21
519.png,H2,0.9672651290893555,0.03273487091064453,1.2725229263305664,22
543.png,H2,0.9963104724884033,0.0036895275115966797,0.4182146489620209,22
550.png,H2,0.9919753074645996,0.00802469253540039,0.6841842532157898,19
551.png,H2,0.9678539037704468,0.03214609622955322,1.194766879081726,22
558.png,H2,0.9623692035675049,0.03763079643249512,1.4473339319229126,21
561.png,H2,0.9892412424087524,0.010758757591247559,0.8088658452033997,21
562.png,H2,0.9892412424087524,0.010758757591247559,0.8088658452033997,21
563.png,H2,0.9672651290893555,0.03273487091064453,1.2725229263305664,22
579.png,H2,0.9842419028282166,0.015758097171783447,0.8849047422409058,20
581.png,H2,0.9979349970817566,0.002065002918243408,0.2959560453891754,21
589.png,H2,0.9963104724884033,0.0036895275115966797,0.4182146489620209,22
590.png,H2,0.9975788593292236,0.002421140670776367,0.3451952040195465,20
592.png,H2,0.9919753074645996,0.00802469253540039,0.6841842532157898,19
593.png,H2,0.9842419028282166,0.015758097171783447,0.8849047422409058,20
601.png,H2,0.9987772703170776,0.0012227296829223633,0.25288212299346924,19
604.png,H2,0.9973968863487244,0.0026031136512756348,0.3690568506717682,23
614.png,H2,0.9989755153656006,0.001024484634399414,0.2187187820672989,21
616.png,H2,0.9975788593292236,0.002421140670776367,0.3451952040195465,20
621.png,H2,0.9842419028282166,0.015758097171783447,0.8849047422409058,20
623.png,H2,0.9892412424087524,0.010758757591247559,0.8088658452033997,21
630.png,H2,0.9516478180885315,0.048352181911468506,1.3183501958847046,20
633.png,H2,0.9963104724884033,0.0036895275115966797,0.4182146489620209,22
670.png,H2,0.9985060691833496,0.0014939308166503906,0.2779935896396637,21
675.png,H2,0.9975788593292236,0.002421140670776367,0.3451952040195465,20
681.png,H2,0.9987772703170776,0.0012227296829223633,0.25288212299346924,19
687.png,H2,0.9975788593292236,0.002421140670776367,0.3451952040195465,20
694.png,H2,0.9562930464744568,0.04370695352554321,1.3514946699142456,21
695.png,H2,0.9989755153656006,0.001024484634399414,0.2187187820672989,21
712.png,H2,0.9936605095863342,0.0063394904136657715,0.6706337332725525,21
713.png,H2,0.9762822389602661,0.023717761039733887,1.2658226490020752,22
714.png,H2,0.9966825842857361,0.003317415714263916,0.5024963021278381,20
723.png,H2,0.9931697845458984,0.0068302154541015625,0.6304459571838379,19
727.png,H2,0.9487501382827759,0.05124986171722412,1.694504737854004,19
729.png,H2,0.9931697845458984,0.0068302154541015625,0.6304459571838379,19
761.png,H2,0.9967575073242188,0.00324249267578125,0.4489583373069763,18
762.png,H2,0.9931697845458984,0.0068302154541015625,0.6304459571838379,19
764.png,H2,0.9962424039840698,0.0037575960159301758,0.5122106671333313,18
769.png,H2,0.981621503829956,0.018378496170043945,0.9962011575698853,17
776.png,H2,0.9972769021987915,0.002723097801208496,0.37716296315193176,21
780.png,H2,0.9487501382827759,0.05124986171722412,1.694504737854004,19
781.png,H2,0.9547986388206482,0.04520136117935181,1.5730326175689697,17
782.png,H2,0.9487501382827759,0.05124986171722412,1.694504737854004,19
794.png,H2,0.981621503829956,0.018378496170043945,0.9962011575698853,17
828.png,H2,0.9967575073242188,0.00324249267578125,0.4489583373069763,18
837.png,H2,0.9983810186386108,0.0016189813613891602,0.29390740394592285,20
847.png,H2,0.9972769021987915,0.002723097801208496,0.37716296315193176,21
856.png,H2,0.981621503829956,0.018378496170043945,0.9962011575698853,17
865.png,H2,0.9973365068435669,0.0026634931564331055,0.3828250467777252,18
867.png,H2,0.9984531402587891,0.0015468597412109375,0.28618356585502625,17
868.png,H2,0.9909453988075256,0.009054601192474365,0.7093296647071838,18
900.png,H2,0.9972769021987915,0.002723097801208496,0.37716296315193176,21
915.png,H2,0.9931697845458984,0.0068302154541015625,0.6304459571838379,19
921.png,H2,0.9936605095863342,0.0063394904136657715,0.6706337332725525,21
922.png,H2,0.9976207613945007,0.0023792386054992676,0.40762999653816223,23
929.png,H2,0.971076250076294,0.028923749923706055,1.3474974632263184,21
933.png,H2,0.9966825842857361,0.003317415714263916,0.5024963021278381,20
935.png,H2,0.9976207613945007,0.0023792386054992676,0.40762999653816223,23
939.png,H2,0.9989310503005981,0.0010689496994018555,0.26318132877349854,23
942.png,H2,0.99209064245224,0.00790935754776001,0.7709053754806519,19
943.png,H2,0.9936605095863342,0.0063394904136657715,0.6706337332725525,21
944.png,H2,0.9989310503005981,0.0010689496994018555,0.26318132877349854,23
945.png,H2,0.9966825842857361,0.003317415714263916,0.5024963021278381,20
954.png,H2,0.99209064245224,0.00790935754776001,0.7709053754806519,19
956.png,H2,0.9941561222076416,0.0058438777923583984,0.6113137006759644,22
958.png,H2,0.9936605095863342,0.0063394904136657715,0.6706337332725525,21
960.png,H2,0.9966825842857361,0.003317415714263916,0.5024963021278381,20
963.png,H2,0.99209064245224,0.00790935754776001,0.7709053754806519,19
982.png,H2,0.9986743927001953,0.0013256072998046875,0.2911449372768402,22
992.png,H2,0.9966825842857361,0.003317415714263916,0.5024963021278381,20
994.png,H2,0.9986743927001953,0.0013256072998046875,0.2911449372768402,22
1004.png,H2,0.9694190621376038,0.03058093786239624,1.328048586845398,25
1007.png,H2,0.99209064245224,0.00790935754776001,0.7709053754806519,19
1008.png,H2,0.9941561222076416,0.0058438777923583984,0.6113137006759644,22
1011.png,H2,0.9989310503005981,0.0010689496994018555,0.26318132877349854,23
1015.png,H2,0.9941561222076416,0.0058438777923583984,0.6113137006759644,22
1016.png,H2,0.99209064245224,0.00790935754776001,0.7709053754806519,19
1023.png,H2,0.9867792725563049,0.013220727443695068,0.8812841176986694,18
1027.png,H2,0.9946538209915161,0.005346179008483887,0.5991485714912415,19
1029.png,H2,0.974136471748352,0.02586352825164795,1.223113775253296,22
1031.png,H2,0.9986743927001953,0.0013256072998046875,0.2911449372768402,22
1035.png,H2,0.974136471748352,0.02586352825164795,1.223113775253296,22
1037.png,H2,0.9694190621376038,0.03058093786239624,1.328048586845398,25
1039.png,H2,0.9762822389602661,0.023717761039733887,1.2658226490020752,22
1040.png,H2,0.9972437620162964,0.0027562379837036133,0.4347512423992157,22
1041.png,H2,0.971076250076294,0.028923749923706055,1.3474974632263184,21
1047.png,H2,0.969791054725647,0.030208945274353027,1.4316266775131226,20
1053.png,H2,0.9986743927001953,0.0013256072998046875,0.2911449372768402,22
1054.png,H2,0.974136471748352,0.02586352825164795,1.223113775253296,22
1057.png,H2,0.9936605095863342,0.0063394904136657715,0.6706337332725525,21
1060.png,H2,0.9972600936889648,0.0027399063110351562,0.45623159408569336,20
1061.png,H2,0.9946538209915161,0.005346179008483887,0.5991485714912415,19
1069.png,H2,0.9986743927001953,0.0013256072998046875,0.2911449372768402,22
1072.png,H2,0.9694190621376038,0.03058093786239624,1.328048586845398,25
1073.png,H2,0.9982269406318665,0.001773059368133545,0.313340425491333,20
1074.png,H2,0.9744799733161926,0.025520026683807373,1.2918565273284912,22
1078.png,H2,0.9989310503005981,0.0010689496994018555,0.26318132877349854,23
1084.png,H2,0.9694190621376038,0.03058093786239624,1.328048586845398,25
1085.png,H2,0.969791054725647,0.030208945274353027,1.4316266775131226,20
1089.png,H2,0.9976207613945007,0.0023792386054992676,0.40762999653816223,23
1092.png,H2,0.9966825842857361,0.003317415714263916,0.5024963021278381,20
1093.png,H2,0.9946538209915161,0.005346179008483887,0.5991485714912415,19
1096.png,H2,0.9936605095863342,0.0063394904136657715,0.6706337332725525,21
1103.png,H2,0.974136471748352,0.02586352825164795,1.223113775253296,22
1107.png,H2,0.9946538209915161,0.005346179008483887,0.5991485714912415,19
1111.png,H2,0.969791054725647,0.030208945274353027,1.4316266775131226,20
1113.png,H2,0.9946538209915161,0.005346179008483887,0.5991485714912415,19
1114.png,H2,0.9972437620162964,0.0027562379837036133,0.4347512423992157,22
1118.png,H2,0.9762822389602661,0.023717761039733887,1.2658226490020752,22
1120.png,H2,0.969791054725647,0.030208945274353027,1.4316266775131226,20
1123.png,H2,0.9946538209915161,0.005346179008483887,0.5991485714912415,19
1124.png,H2,0.974136471748352,0.02586352825164795,1.223113775253296,22
1125.png,H2,0.969791054725647,0.030208945274353027,1.4316266775131226,20
1126.png,H2,0.9966825842857361,0.003317415714263916,0.5024963021278381,20
1130.png,H2,0.9989310503005981,0.0010689496994018555,0.26318132877349854,23
1134.png,H2,0.974136471748352,0.02586352825164795,1.223113775253296,22
1137.png,H2,0.9972437620162964,0.0027562379837036133,0.4347512423992157,22
1138.png,H2,0.9946538209915161,0.005346179008483887,0.5991485714912415,19
1140.png,H2,0.9986743927001953,0.0013256072998046875,0.2911449372768402,22
1144.png,H2,0.9986743927001953,0.0013256072998046875,0.2911449372768402,22
1146.png,H2,0.9972437620162964,0.0027562379837036133,0.4347512423992157,22
1148.png,H2,0.974136471748352,0.02586352825164795,1.223113775253296,22
1149.png,H2,0.974136471748352,0.02586352825164795,1.223113775253296,22
1150.png,H2,0.9941561222076416,0.0058438777923583984,0.6113137006759644,22
1156.png,H2,0.969791054725647,0.030208945274353027,1.4316266775131226,20
1160.png,H2,0.9694190621376038,0.03058093786239624,1.328048586845398,25
1163.png,H2,0.9966825842857361,0.003317415714263916,0.5024963021278381,20
1165.png,H2,0.9970628619194031,0.002937138080596924,0.4555050730705261,21
1169.png,H2,0.9946538209915161,0.005346179008483887,0.5991485714912415,19
1170.png,H2,0.9643381834030151,0.03566181659698486,1.4332932233810425,18
1177.png,H2,0.9694190621376038,0.03058093786239624,1.328048586845398,25
1178.png,H2,0.9694190621376038,0.03058093786239624,1.328048586845398,25
1179.png,H2,0.9946538209915161,0.005346179008483887,0.5991485714912415,19
1189.png,H2,0.9762822389602661,0.023717761039733887,1.2658226490020752,22
1192.png,H2,0.99209064245224,0.00790935754776001,0.7709053754806519,19
1211.png,H2,0.9989310503005981,0.0010689496994018555,0.26318132877349854,23
1223.png,H2,0.974136471748352,0.02586352825164795,1.223113775253296,22
1225.png,H2,0.9744799733161926,0.025520026683807373,1.2918565273284912,22
1239.png,H2,0.9643381834030151,0.03566181659698486,1.4332932233810425,18
1241.png,H2,0.969791054725647,0.030208945274353027,1.4316266775131226,20
1243.png,H2,0.9946538209915161,0.005346179008483887,0.5991485714912415,19
1246.png,H2,0.99209064245224,0.00790935754776001,0.7709053754806519,19
1247.png,H2,0.9762822389602661,0.023717761039733887,1.2658226490020752,22
1248.png,H2,0.9982269406318665,0.001773059368133545,0.313340425491333,20
1249.png,H2,0.9966825842857361,0.003317415714263916,0.5024963021278381,20
1250.png,H2,0.9941561222076416,0.0058438777923583984,0.6113137006759644,22
1251.png,H2,0.9976207613945007,0.0023792386054992676,0.40762999653816223,23
1252.png,H2,0.9986743927001953,0.0013256072998046875,0.2911449372768402,22
1253.png,H2,0.9989310503005981,0.0010689496994018555,0.26318132877349854,23
1254.png,H2,0.9762822389602661,0.023717761039733887,1.2658226490020752,22
1267.png,H2,0.974136471748352,0.02586352825164795,1.223113775253296,22
1273.png,H2,0.9966825842857361,0.003317415714263916,0.5024963021278381,20
1279.png,H2,0.9643381834030151,0.03566181659698486,1.4332932233810425,18
1280.png,H2,0.9941561222076416,0.0058438777923583984,0.6113137006759644,22
1281.png,H2,0.9989310503005981,0.0010689496994018555,0.26318132877349854,23
1282.png,H2,0.9972600936889648,0.0027399063110351562,0.45623159408569336,20
1283.png,H2,0.9694190621376038,0.03058093786239624,1.328048586845398,25
1293.png,H2,0.971076250076294,0.028923749923706055,1.3474974632263184,21
1309.png,H2,0.969791054725647,0.030208945274353027,1.4316266775131226,20
1326.png,H2,0.9986743927001953,0.0013256072998046875,0.2911449372768402,22
1331.png,H2,0.9972437620162964,0.0027562379837036133,0.4347512423992157,22
1333.png,H2,0.9989310503005981,0.0010689496994018555,0.26318132877349854,23
1334.png,H2,0.9972600936889648,0.0027399063110351562,0.45623159408569336,20
1341.png,H2,0.9982269406318665,0.001773059368133545,0.313340425491333,20
1345.png,H2,0.9976207613945007,0.0023792386054992676,0.40762999653816223,23
1346.png,H2,0.9941561222076416,0.0058438777923583984,0.6113137006759644,22
1353.png,H2,0.99209064245224,0.00790935754776001,0.7709053754806519,19
1355.png,H2,0.9976207613945007,0.0023792386054992676,0.40762999653816223,23
1361.png,H2,0.971076250076294,0.028923749923706055,1.3474974632263184,21
1364.png,H2,0.9976207613945007,0.0023792386054992676,0.40762999653816223,23
1365.png,H2,0.9694190621376038,0.03058093786239624,1.328048586845398,25
1367.png,H2,0.9966825842857361,0.003317415714263916,0.5024963021278381,20
1368.png,H2,0.9694190621376038,0.03058093786239624,1.328048586845398,25
1370.png,H2,0.9972437620162964,0.0027562379837036133,0.4347512423992157,22
1371.png,H2,0.9982269406318665,0.001773059368133545,0.313340425491333,20
1372.png,H2,0.9982269406318665,0.001773059368133545,0.313340425491333,20
1373.png,H2,0.974136471748352,0.02586352825164795,1.223113775253296,22
1378.png,H2,0.9989310503005981,0.0010689496994018555,0.26318132877349854,23
1380.png,H2,0.9744799733161926,0.025520026683807373,1.2918565273284912,22
1381.png,H2,0.969791054725647,0.030208945274353027,1.4316266775131226,20
1384.png,H2,0.971076250076294,0.028923749923706055,1.3474974632263184,21
1387.png,H2,0.9982269406318665,0.001773059368133545,0.313340425491333,20
1388.png,H2,0.9744799733161926,0.025520026683807373,1.2918565273284912,22
1397.png,H2,0.9936605095863342,0.0063394904136657715,0.6706337332725525,21
1398.png,H2,0.9976207613945007,0.0023792386054992676,0.40762999653816223,23
1399.png,H2,0.9986743927001953,0.0013256072998046875,0.2911449372768402,22
1401.png,H2,0.969791054725647,0.030208945274353027,1.4316266775131226,20
1402.png,H2,0.9744799733161926,0.025520026683807373,1.2918565273284912,22
1406.png,H2,0.969791054725647,0.030208945274353027,1.4316266775131226,20
1407.png,H2,0.9972437620162964,0.0027562379837036133,0.4347512423992157,22
1410.png,H2,0.969791054725647,0.030208945274353027,1.4316266775131226,20
1411.png,H2,0.9867792725563049,0.013220727443695068,0.8812841176986694,18
1425.png,H2,0.969791054725647,0.030208945274353027,1.4316266775131226,20
1426.png,H2,0.9694190621376038,0.03058093786239624,1.328048586845398,25
1435.png,H2,0.9982269406318665,0.001773059368133545,0.313340425491333,20
1436.png,H2,0.9966825842857361,0.003317415714263916,0.5024963021278381,20
1437.png,H2,0.9970628619194031,0.002937138080596924,0.4555050730705261,21
1442.png,H2,0.971076250076294,0.028923749923706055,1.3474974632263184,21
1457.png,H2,0.974136471748352,0.02586352825164795,1.223113775253296,22
1458.png,H2,0.9986743927001953,0.0013256072998046875,0.2911449372768402,22
1459.png,H2,0.9989310503005981,0.0010689496994018555,0.26318132877349854,23
1461.png,H2,0.969791054725647,0.030208945274353027,1.4316266775131226,20
1464.png,H2,0.9744799733161926,0.025520026683807373,1.2918565273284912,22
1465.png,H2,0.99209064245224,0.00790935754776001,0.7709053754806519,19
1466.png,H2,0.974136471748352,0.02586352825164795,1.223113775253296,22
1472.png,H2,0.9936605095863342,0.0063394904136657715,0.6706337332725525,21
1477.png,H2,0.969791054725647,0.030208945274353027,1.4316266775131226,20
1480.png,H2,0.9972437620162964,0.0027562379837036133,0.4347512423992157,22
1481.png,H2,0.974136471748352,0.02586352825164795,1.223113775253296,22
1482.png,H2,0.9970628619194031,0.002937138080596924,0.4555050730705261,21
1483.png,H2,0.9986743927001953,0.0013256072998046875,0.2911449372768402,22
1484.png,H2,0.9972437620162964,0.0027562379837036133,0.4347512423992157,22
1485.png,H2,0.9982269406318665,0.001773059368133545,0.313340425491333,20
1488.png,H2,0.9744799733161926,0.025520026683807373,1.2918565273284912,22
1490.png,H2,0.9694190621376038,0.03058093786239624,1.328048586845398,25
1491.png,H2,0.9643381834030151,0.03566181659698486,1.4332932233810425,18
1492.png,H2,0.9972437620162964,0.0027562379837036133,0.4347512423992157,22
1493.png,H2,0.9762822389602661,0.023717761039733887,1.2658226490020752,22
1495.png,H2,0.9972437620162964,0.0027562379837036133,0.4347512423992157,22
1496.png,H2,0.9972437620162964,0.0027562379837036133,0.4347512423992157,22
1497.png,H2,0.9972437620162964,0.0027562379837036133,0.4347512423992157,22
1498.png,H2,0.9744799733161926,0.025520026683807373,1.2918565273284912,22
1509.png,H2,0.9762822389602661,0.023717761039733887,1.2658226490020752,22
1519.png,H2,0.974136471748352,0.02586352825164795,1.223113775253296,22
1529.png,H2,0.9762822389602661,0.023717761039733887,1.2658226490020752,22
1533.png,H2,0.9744799733161926,0.025520026683807373,1.2918565273284912,22
1534.png,H2,0.9867792725563049,0.013220727443695068,0.8812841176986694,18
1535.png,H2,0.971076250076294,0.028923749923706055,1.3474974632263184,21
1536.png,H2,0.974136471748352,0.02586352825164795,1.223113775253296,22
1545.png,H2,0.974136471748352,0.02586352825164795,1.223113775253296,22
1546.png,H2,0.9989310503005981,0.0010689496994018555,0.26318132877349854,23
1547.png,H2,0.9972600936889648,0.0027399063110351562,0.45623159408569336,20
1548.png,H2,0.9762822389602661,0.023717761039733887,1.2658226490020752,22
1551.png,H2,0.971076250076294,0.028923749923706055,1.3474974632263184,21
1552.png,H2,0.9976207613945007,0.0023792386054992676,0.40762999653816223,23
1555.png,H2,0.9941561222076416,0.0058438777923583984,0.6113137006759644,22
1559.png,H2,0.9989310503005981,0.0010689496994018555,0.26318132877349854,23
1560.png,H2,0.974136471748352,0.02586352825164795,1.223113775253296,22
1563.png,H2,0.9989310503005981,0.0010689496994018555,0.26318132877349854,23
1564.png,H2,0.9966825842857361,0.003317415714263916,0.5024963021278381,20
1574.png,H2,0.99209064245224,0.00790935754776001,0.7709053754806519,19
1575.png,H2,0.9966825842857361,0.003317415714263916,0.5024963021278381,20
1577.png,H2,0.9966825842857361,0.003317415714263916,0.5024963021278381,20
1579.png,H2,0.9989310503005981,0.0010689496994018555,0.26318132877349854,23
1583.png,H2,0.9762822389602661,0.023717761039733887,1.2658226490020752,22
1585.png,H2,0.9936605095863342,0.0063394904136657715,0.6706337332725525,21
1587.png,H2,0.9972600936889648,0.0027399063110351562,0.45623159408569336,20
1588.png,H2,0.9972437620162964,0.0027562379837036133,0.4347512423992157,22
1590.png,H2,0.9976207613945007,0.0023792386054992676,0.40762999653816223,23
1591.png,H2,0.9966825842857361,0.003317415714263916,0.5024963021278381,20
1596.png,H2,0.99209064245224,0.00790935754776001,0.7709053754806519,19
1600.png,H2,0.974136471748352,0.02586352825164795,1.223113775253296,22
1601.png,H2,0.9941561222076416,0.0058438777923583984,0.6113137006759644,22
1619.png,H2,0.9972437620162964,0.0027562379837036133,0.4347512423992157,22
1628.png,H2,0.9976207613945007,0.0023792386054992676,0.40762999653816223,23
1629.png,H2,0.9989310503005981,0.0010689496994018555,0.26318132877349854,23
1630.png,H2,0.969791054725647,0.030208945274353027,1.4316266775131226,20
1644.png,H2,0.9986743927001953,0.0013256072998046875,0.2911449372768402,22
1645.png,H2,0.971076250076294,0.028923749923706055,1.3474974632263184,21
1646.png,H2,0.99209064245224,0.00790935754776001,0.7709053754806519,19
1647.png,H2,0.9936605095863342,0.0063394904136657715,0.6706337332725525,21
1648.png,H2,0.9643381834030151,0.03566181659698486,1.4332932233810425,18
1656.png,H2,0.9946538209915161,0.005346179008483887,0.5991485714912415,19
1657.png,H2,0.9694190621376038,0.03058093786239624,1.328048586845398,25
1665.png,H2,0.9986743927001953,0.0013256072998046875,0.2911449372768402,22
1666.png,H2,0.9762822389602661,0.023717761039733887,1.2658226490020752,22
1678.png,H2,0.9762822389602661,0.023717761039733887,1.2658226490020752,22
1684.png,H2,0.9989310503005981,0.0010689496994018555,0.26318132877349854,23
1685.png,H2,0.9972437620162964,0.0027562379837036133,0.4347512423992157,22
1686.png,H2,0.9762822389602661,0.023717761039733887,1.2658226490020752,22
1689.png,H2,0.969791054725647,0.030208945274353027,1.4316266775131226,20
1696.png,H2,0.9972600936889648,0.0027399063110351562,0.45623159408569336,20
1706.png,H2,0.9972600936889648,0.0027399063110351562,0.45623159408569336,20
1715.png,H2,0.9867792725563049,0.013220727443695068,0.8812841176986694,18
1716.png,H2,0.9744799733161926,0.025520026683807373,1.2918565273284912,22
1718.png,H2,0.9867792725563049,0.013220727443695068,0.8812841176986694,18
1727.png,H2,0.9966825842857361,0.003317415714263916,0.5024963021278381,20
1728.png,H2,0.9744799733161926,0.025520026683807373,1.2918565273284912,22
1729.png,H2,0.971076250076294,0.028923749923706055,1.3474974632263184,21
1730.png,H2,0.9972437620162964,0.0027562379837036133,0.4347512423992157,22
1734.png,H2,0.9694190621376038,0.03058093786239624,1.328048586845398,25
1735.png,H2,0.9643381834030151,0.03566181659698486,1.4332932233810425,18
1736.png,H2,0.9762822389602661,0.023717761039733887,1.2658226490020752,22
1740.png,H2,0.9972437620162964,0.0027562379837036133,0.4347512423992157,22
1744.png,H2,0.9936605095863342,0.0063394904136657715,0.6706337332725525,21
1746.png,H2,0.99209064245224,0.00790935754776001,0.7709053754806519,19
1752.png,H2,0.974136471748352,0.02586352825164795,1.223113775253296,22
1769.png,H2,0.974136471748352,0.02586352825164795,1.223113775253296,22
1771.png,H2,0.9982269406318665,0.001773059368133545,0.313340425491333,20
1773.png,H2,0.969791054725647,0.030208945274353027,1.4316266775131226,20
1774.png,H2,0.9946538209915161,0.005346179008483887,0.5991485714912415,19
1776.png,H2,0.9972437620162964,0.0027562379837036133,0.4347512423992157,22
1789.png,H2,0.9936605095863342,0.0063394904136657715,0.6706337332725525,21
1796.png,H2,0.9986743927001953,0.0013256072998046875,0.2911449372768402,22
1798.png,H2,0.9694190621376038,0.03058093786239624,1.328048586845398,25
1807.png,H2,0.9970628619194031,0.002937138080596924,0.4555050730705261,21
1816.png,H2,0.9982269406318665,0.001773059368133545,0.313340425491333,20
1824.png,H2,0.9982269406318665,0.001773059368133545,0.313340425491333,20
1825.png,H2,0.9966825842857361,0.003317415714263916,0.5024963021278381,20
1826.png,H2,0.9982269406318665,0.001773059368133545,0.313340425491333,20
1827.png,H2,0.9966825842857361,0.003317415714263916,0.5024963021278381,20
1829.png,H2,0.9762822389602661,0.023717761039733887,1.2658226490020752,22
1834.png,H2,0.969791054725647,0.030208945274353027,1.4316266775131226,20
1835.png,H2,0.9966825842857361,0.003317415714263916,0.5024963021278381,20
1843.png,H2,0.9547986388206482,0.04520136117935181,1.5730326175689697,17
1847.png,H2,0.9931697845458984,0.0068302154541015625,0.6304459571838379,19
1852.png,H2,0.9983810186386108,0.0016189813613891602,0.29390740394592285,20
1853.png,H2,0.9827526211738586,0.017247378826141357,0.9872213006019592,17
1858.png,H2,0.9487501382827759,0.05124986171722412,1.694504737854004,19
1863.png,H2,0.9827526211738586,0.017247378826141357,0.9872213006019592,17
1869.png,H2,0.9967575073242188,0.00324249267578125,0.4489583373069763,18
1879.png,H2,0.9966155290603638,0.0033844709396362305,0.452750027179718,18
1880.png,H2,0.9487501382827759,0.05124986171722412,1.694504737854004,19
1882.png,H2,0.95438152551651,0.04561847448348999,1.6079357862472534,17
1886.png,H2,0.9983810186386108,0.0016189813613891602,0.29390740394592285,20
1890.png,H2,0.9919548630714417,0.00804513692855835,0.6673717498779297,17
1894.png,H2,0.9962424039840698,0.0037575960159301758,0.5122106671333313,18
1900.png,H2,0.95438152551651,0.04561847448348999,1.6079357862472534,17
1901.png,H2,0.9966155290603638,0.0033844709396362305,0.452750027179718,18
1902.png,H2,0.9931697845458984,0.0068302154541015625,0.6304459571838379,19
1910.png,H2,0.9954389333724976,0.004561066627502441,0.617931067943573,18
1911.png,H2,0.9984531402587891,0.0015468597412109375,0.28618356585502625,17
1917.png,H2,0.95438152551651,0.04561847448348999,1.6079357862472534,17
1933.png,H2,0.981621503829956,0.018378496170043945,0.9962011575698853,17
1941.png,H2,0.9909453988075256,0.009054601192474365,0.7093296647071838,18
1949.png,H2,0.9932333827018738,0.006766617298126221,0.6291923522949219,19
1950.png,H2,0.9792047739028931,0.020795226097106934,1.051705002784729,18
1951.png,H2,0.9792047739028931,0.020795226097106934,1.051705002784729,18
1955.png,H2,0.9633442759513855,0.0366557240486145,1.4209890365600586,17
1957.png,H2,0.9967575073242188,0.00324249267578125,0.4489583373069763,18
1978.png,H2,0.9962424039840698,0.0037575960159301758,0.5122106671333313,18
1981.png,H2,0.9487501382827759,0.05124986171722412,1.694504737854004,19
1984.png,H2,0.95438152551651,0.04561847448348999,1.6079357862472534,17
1986.png,H2,0.981621503829956,0.018378496170043945,0.9962011575698853,17
1988.png,H2,0.9973365068435669,0.0026634931564331055,0.3828250467777252,18
2002.png,H2,0.9984531402587891,0.0015468597412109375,0.28618356585502625,17
2003.png,H2,0.9547986388206482,0.04520136117935181,1.5730326175689697,17
2006.png,H2,0.9954389333724976,0.004561066627502441,0.617931067943573,18
2007.png,H2,0.95438152551651,0.04561847448348999,1.6079357862472534,17
2008.png,H2,0.95438152551651,0.04561847448348999,1.6079357862472534,17
2009.png,H2,0.9618527293205261,0.03814727067947388,1.5874567031860352,19
2014.png,H2,0.981621503829956,0.018378496170043945,0.9962011575698853,17
2026.png,H2,0.9966155290603638,0.0033844709396362305,0.452750027179718,18
2029.png,H2,0.9633442759513855,0.0366557240486145,1.4209890365600586,17
2031.png,H2,0.9827526211738586,0.017247378826141357,0.9872213006019592,17
2039.png,H2,0.9983810186386108,0.0016189813613891602,0.29390740394592285,20
2055.png,H2,0.9792047739028931,0.020795226097106934,1.051705002784729,18
2062.png,H2,0.9967575073242188,0.00324249267578125,0.4489583373069763,18
2064.png,H2,0.9919548630714417,0.00804513692855835,0.6673717498779297,17
2065.png,H2,0.9973365068435669,0.0026634931564331055,0.3828250467777252,18
2066.png,H2,0.9633442759513855,0.0366557240486145,1.4209890365600586,17
2075.png,H2,0.9973365068435669,0.0026634931564331055,0.3828250467777252,18
2076.png,H2,0.9931697845458984,0.0068302154541015625,0.6304459571838379,19
2082.png,H2,0.9932333827018738,0.006766617298126221,0.6291923522949219,19
2108.png,H2,0.9967575073242188,0.00324249267578125,0.4489583373069763,18
2110.png,H2,0.9967575073242188,0.00324249267578125,0.4489583373069763,18
2118.png,H2,0.9967575073242188,0.00324249267578125,0.4489583373069763,18
2127.png,H2,0.9827526211738586,0.017247378826141357,0.9872213006019592,17
2136.png,H2,0.9618527293205261,0.03814727067947388,1.5874567031860352,19
2137.png,H2,0.9909453988075256,0.009054601192474365,0.7093296647071838,18
2148.png,H2,0.9827526211738586,0.017247378826141357,0.9872213006019592,17
2170.png,H2,0.9792047739028931,0.020795226097106934,1.051705002784729,18
2176.png,H2,0.9909453988075256,0.009054601192474365,0.7093296647071838,18
2178.png,H2,0.9973365068435669,0.0026634931564331055,0.3828250467777252,18
2182.png,H2,0.9966155290603638,0.0033844709396362305,0.452750027179718,18
2188.png,H2,0.9983810186386108,0.0016189813613891602,0.29390740394592285,20
2208.png,H2,0.9633442759513855,0.0366557240486145,1.4209890365600586,17
2211.png,H2,0.9717812538146973,0.028218746185302734,1.2150973081588745,19
2213.png,H2,0.9618527293205261,0.03814727067947388,1.5874567031860352,19
2214.png,H2,0.9983810186386108,0.0016189813613891602,0.29390740394592285,20
2221.png,H2,0.9827526211738586,0.017247378826141357,0.9872213006019592,17
2226.png,H2,0.981621503829956,0.018378496170043945,0.9962011575698853,17
2227.png,H2,0.9547986388206482,0.04520136117935181,1.5730326175689697,17
2237.png,H2,0.9931697845458984,0.0068302154541015625,0.6304459571838379,19
2241.png,H2,0.9973365068435669,0.0026634931564331055,0.3828250467777252,18
2244.png,H2,0.9973365068435669,0.0026634931564331055,0.3828250467777252,18
2245.png,H2,0.9487501382827759,0.05124986171722412,1.694504737854004,19
2246.png,H2,0.9919548630714417,0.00804513692855835,0.6673717498779297,17
2248.png,H2,0.9547986388206482,0.04520136117935181,1.5730326175689697,17
2259.png,H2,0.9966155290603638,0.0033844709396362305,0.452750027179718,18
2272.png,H2,0.9792047739028931,0.020795226097106934,1.051705002784729,18
2277.png,H2,0.9967575073242188,0.00324249267578125,0.4489583373069763,18
2278.png,H2,0.9973365068435669,0.0026634931564331055,0.3828250467777252,18
2293.png,H2,0.9931697845458984,0.0068302154541015625,0.6304459571838379,19
2326.png,H2,0.9967575073242188,0.00324249267578125,0.4489583373069763,18
2344.png,H2,0.9909453988075256,0.009054601192474365,0.7093296647071838,18
2353.png,H2,0.9973365068435669,0.0026634931564331055,0.3828250467777252,18
2364.png,H2,0.9909453988075256,0.009054601192474365,0.7093296647071838,18
2384.png,H2,0.9792047739028931,0.020795226097106934,1.051705002784729,18
2386.png,H2,0.9967575073242188,0.00324249267578125,0.4489583373069763,18
2388.png,H2,0.9909453988075256,0.009054601192474365,0.7093296647071838,18
2389.png,H2,0.9547986388206482,0.04520136117935181,1.5730326175689697,17
2392.png,H2,0.9962424039840698,0.0037575960159301758,0.5122106671333313,18
2395.png,H2,0.9547986388206482,0.04520136117935181,1.5730326175689697,17
2399.png,H2,0.9983810186386108,0.0016189813613891602,0.29390740394592285,20
2400.png,H2,0.981621503829956,0.018378496170043945,0.9962011575698853,17
2401.png,H2,0.9972769021987915,0.002723097801208496,0.37716296315193176,21
2406.png,H2,0.9633442759513855,0.0366557240486145,1.4209890365600586,17
2423.png,H2,0.9487501382827759,0.05124986171722412,1.694504737854004,19
2424.png,H2,0.9984531402587891,0.0015468597412109375,0.28618356585502625,17
2430.png,H2,0.9909453988075256,0.009054601192474365,0.7093296647071838,18
2442.png,H2,0.9954389333724976,0.004561066627502441,0.617931067943573,18
2459.png,H2,0.9909453988075256,0.009054601192474365,0.7093296647071838,18
2472.png,H2,0.9792047739028931,0.020795226097106934,1.051705002784729,18
2474.png,H2,0.95438152551651,0.04561847448348999,1.6079357862472534,17
2486.png,H2,0.9618527293205261,0.03814727067947388,1.5874567031860352,19
2489.png,H2,0.9717812538146973,0.028218746185302734,1.2150973081588745,19
2503.png,H2,0.9962424039840698,0.0037575960159301758,0.5122106671333313,18
2504.png,H2,0.981621503829956,0.018378496170043945,0.9962011575698853,17
2511.png,H2,0.9962424039840698,0.0037575960159301758,0.5122106671333313,18
2520.png,H2,0.9931697845458984,0.0068302154541015625,0.6304459571838379,19
2522.png,H2,0.9967575073242188,0.00324249267578125,0.4489583373069763,18
2523.png,H2,0.9792047739028931,0.020795226097106934,1.051705002784729,18
2532.png,H2,0.9909453988075256,0.009054601192474365,0.7093296647071838,18
2533.png,H2,0.981621503829956,0.018378496170043945,0.9962011575698853,17
2537.png,H2,0.9954389333724976,0.004561066627502441,0.617931067943573,18
2542.png,H2,0.9967575073242188,0.00324249267578125,0.4489583373069763,18
2545.png,H2,0.9967575073242188,0.00324249267578125,0.4489583373069763,18
2555.png,H2,0.9717812538146973,0.028218746185302734,1.2150973081588745,19
2556.png,H2,0.9909453988075256,0.009054601192474365,0.7093296647071838,18
2557.png,H2,0.9973365068435669,0.0026634931564331055,0.3828250467777252,18
2565.png,H2,0.9972769021987915,0.002723097801208496,0.37716296315193176,21
2575.png,H2,0.95438152551651,0.04561847448348999,1.6079357862472534,17
2577.png,H2,0.9633442759513855,0.0366557240486145,1.4209890365600586,17
2581.png,H2,0.9966155290603638,0.0033844709396362305,0.452750027179718,18
2582.png,H2,0.9983810186386108,0.0016189813613891602,0.29390740394592285,20
2589.png,H2,0.9633442759513855,0.0366557240486145,1.4209890365600586,17
2590.png,H2,0.9984531402587891,0.0015468597412109375,0.28618356585502625,17
2591.png,H2,0.9983810186386108,0.0016189813613891602,0.29390740394592285,20
2592.png,H2,0.9966155290603638,0.0033844709396362305,0.452750027179718,18
2593.png,H2,0.9962424039840698,0.0037575960159301758,0.5122106671333313,18
2594.png,H2,0.9618527293205261,0.03814727067947388,1.5874567031860352,19
2602.png,H2,0.9966155290603638,0.0033844709396362305,0.452750027179718,18
2605.png,H2,0.95438152551651,0.04561847448348999,1.6079357862472534,17
2608.png,H2,0.9972769021987915,0.002723097801208496,0.37716296315193176,21
2609.png,H2,0.9487501382827759,0.05124986171722412,1.694504737854004,19
2623.png,H2,0.9983810186386108,0.0016189813613891602,0.29390740394592285,20
2656.png,H2,0.9633442759513855,0.0366557240486145,1.4209890365600586,17
2660.png,H2,0.9983810186386108,0.0016189813613891602,0.29390740394592285,20
2680.png,H2,0.9967575073242188,0.00324249267578125,0.4489583373069763,18
2685.png,H2,0.9954389333724976,0.004561066627502441,0.617931067943573,18
2701.png,H2,0.9962424039840698,0.0037575960159301758,0.5122106671333313,18
2703.png,H2,0.9487501382827759,0.05124986171722412,1.694504737854004,19
2705.png,H2,0.9792047739028931,0.020795226097106934,1.051705002784729,18
2706.png,H2,0.9954389333724976,0.004561066627502441,0.617931067943573,18
2716.png,H2,0.9962424039840698,0.0037575960159301758,0.5122106671333313,18
2720.png,H2,0.9487501382827759,0.05124986171722412,1.694504737854004,19
2721.png,H2,0.9633442759513855,0.0366557240486145,1.4209890365600586,17
2723.png,H2,0.9984531402587891,0.0015468597412109375,0.28618356585502625,17
2740.png,H2,0.9967575073242188,0.00324249267578125,0.4489583373069763,18
2752.png,H2,0.9967575073242188,0.00324249267578125,0.4489583373069763,18
2754.png,H2,0.9487501382827759,0.05124986171722412,1.694504737854004,19
2766.png,H2,0.9966155290603638,0.0033844709396362305,0.452750027179718,18
2768.png,H2,0.9931697845458984,0.0068302154541015625,0.6304459571838379,19
2771.png,H2,0.9932333827018738,0.006766617298126221,0.6291923522949219,19
2781.png,H2,0.9962424039840698,0.0037575960159301758,0.5122106671333313,18
2782.png,H2,0.9931697845458984,0.0068302154541015625,0.6304459571838379,19
2784.png,H2,0.9983810186386108,0.0016189813613891602,0.29390740394592285,20
2787.png,H2,0.9962424039840698,0.0037575960159301758,0.5122106671333313,18
2794.png,H2,0.9973365068435669,0.0026634931564331055,0.3828250467777252,18
2801.png,H2,0.9792047739028931,0.020795226097106934,1.051705002784729,18
2807.png,H2,0.9972769021987915,0.002723097801208496,0.37716296315193176,21
2810.png,H2,0.9973365068435669,0.0026634931564331055,0.3828250467777252,18
2816.png,H2,0.981621503829956,0.018378496170043945,0.9962011575698853,17
2825.png,H2,0.9962424039840698,0.0037575960159301758,0.5122106671333313,18
2827.png,H2,0.9967575073242188,0.00324249267578125,0.4489583373069763,18
2835.png,H2,0.95438152551651,0.04561847448348999,1.6079357862472534,17
2846.png,H2,0.9973365068435669,0.0026634931564331055,0.3828250467777252,18
2866.png,H2,0.9984531402587891,0.0015468597412109375,0.28618356585502625,17
2871.png,H2,0.9983810186386108,0.0016189813613891602,0.29390740394592285,20
2875.png,H2,0.9633442759513855,0.0366557240486145,1.4209890365600586,17
2877.png,H2,0.9909453988075256,0.009054601192474365,0.7093296647071838,18
2878.png,H2,0.9962424039840698,0.0037575960159301758,0.5122106671333313,18
2882.png,H2,0.9962424039840698,0.0037575960159301758,0.5122106671333313,18
2883.png,H2,0.9966155290603638,0.0033844709396362305,0.452750027179718,18
2884.png,H2,0.9966155290603638,0.0033844709396362305,0.452750027179718,18
2885.png,H2,0.9909453988075256,0.009054601192474365,0.7093296647071838,18
2886.png,H2,0.9909453988075256,0.009054601192474365,0.7093296647071838,18
2891.png,H2,0.9487501382827759,0.05124986171722412,1.694504737854004,19
2895.png,H2,0.9487501382827759,0.05124986171722412,1.694504737854004,19
2897.png,H2,0.9618527293205261,0.03814727067947388,1.5874567031860352,19
2898.png,H2,0.9973365068435669,0.0026634931564331055,0.3828250467777252,18
2910.png,H2,0.9633442759513855,0.0366557240486145,1.4209890365600586,17
2912.png,H2,0.9633442759513855,0.0366557240486145,1.4209890365600586,17
2916.png,H2,0.9962424039840698,0.0037575960159301758,0.5122106671333313,18
2920.png,H2,0.9633442759513855,0.0366557240486145,1.4209890365600586,17
2924.png,H2,0.9909453988075256,0.009054601192474365,0.7093296647071838,18
2927.png,H2,0.9827526211738586,0.017247378826141357,0.9872213006019592,17
2933.png,H2,0.9909453988075256,0.009054601192474365,0.7093296647071838,18
2940.png,H2,0.9972769021987915,0.002723097801208496,0.37716296315193176,21
2941.png,H2,0.9972769021987915,0.002723097801208496,0.37716296315193176,21
2943.png,H2,0.9909453988075256,0.009054601192474365,0.7093296647071838,18
2947.png,H2,0.9717812538146973,0.028218746185302734,1.2150973081588745,19
2951.png,H2,0.9909453988075256,0.009054601192474365,0.7093296647071838,18
2955.png,H2,0.9827526211738586,0.017247378826141357,0.9872213006019592,17
2957.png,H2,0.9967575073242188,0.00324249267578125,0.4489583373069763,18
2958.png,H2,0.9633442759513855,0.0366557240486145,1.4209890365600586,17
2959.png,H2,0.9967575073242188,0.00324249267578125,0.4489583373069763,18
2961.png,H2,0.9487501382827759,0.05124986171722412,1.694504737854004,19
2968.png,H2,0.9966155290603638,0.0033844709396362305,0.452750027179718,18
2969.png,H2,0.9487501382827759,0.05124986171722412,1.694504737854004,19
2977.png,H2,0.9962424039840698,0.0037575960159301758,0.5122106671333313,18
2978.png,H2,0.9633442759513855,0.0366557240486145,1.4209890365600586,17
2979.png,H2,0.981621503829956,0.018378496170043945,0.9962011575698853,17
2980.png,H2,0.9909453988075256,0.009054601192474365,0.7093296647071838,18
2981.png,H2,0.9633442759513855,0.0366557240486145,1.4209890365600586,17
2982.png,H2,0.9932333827018738,0.006766617298126221,0.6291923522949219,19
2984.png,H2,0.9966155290603638,0.0033844709396362305,0.452750027179718,18
2990.png,H2,0.9954389333724976,0.004561066627502441,0.617931067943573,18
2991.png,H2,0.9633442759513855,0.0366557240486145,1.4209890365600586,17
3001.png,H2,0.9487501382827759,0.05124986171722412,1.694504737854004,19
3008.png,H2,0.9717812538146973,0.028218746185302734,1.2150973081588745,19
3015.png,H2,0.9618527293205261,0.03814727067947388,1.5874567031860352,19
3016.png,H2,0.9967575073242188,0.00324249267578125,0.4489583373069763,18
3018.png,H2,0.9633442759513855,0.0366557240486145,1.4209890365600586,17
3021.png,H2,0.9827526211738586,0.017247378826141357,0.9872213006019592,17
3031.png,H2,0.9792047739028931,0.020795226097106934,1.051705002784729,18
3039.png,H2,0.9827526211738586,0.017247378826141357,0.9872213006019592,17
3045.png,H2,0.9633442759513855,0.0366557240486145,1.4209890365600586,17
3046.png,H2,0.981621503829956,0.018378496170043945,0.9962011575698853,17
3047.png,H2,0.9909453988075256,0.009054601192474365,0.7093296647071838,18
3051.png,H2,0.9909453988075256,0.009054601192474365,0.7093296647071838,18
3056.png,H2,0.9909453988075256,0.009054601192474365,0.7093296647071838,18
3063.png,H2,0.9562930464744568,0.04370695352554321,1.3514946699142456,21
7.png,L3,0.9930886626243591,0.006911337375640869,0.5275254845619202,18
13.png,L3,0.9920626282691956,0.007937371730804443,0.6801795363426208,18
16.png,L3,0.9861947894096375,0.013805210590362549,0.9214111566543579,18
25.png,L3,0.9949527382850647,0.005047261714935303,0.5192530155181885,20
28.png,L3,0.9940283894538879,0.0059716105461120605,0.5047814846038818,20
32.png,L3,0.9948846697807312,0.005115330219268799,0.5318642854690552,22
41.png,L3,0.9603333473205566,0.03966665267944336,1.3788384199142456,20
55.png,L3,0.9576194882392883,0.04238051176071167,1.3124713897705078,19
56.png,L3,0.9920626282691956,0.007937371730804443,0.6801795363426208,18
66.png,L3,0.9576194882392883,0.04238051176071167,1.3124713897705078,19
67.png,L3,0.9861947894096375,0.013805210590362549,0.9214111566543579,18
70.png,L3,0.9691073894500732,0.030892610549926758,1.1627131700515747,21
86.png,L3,0.9940283894538879,0.0059716105461120605,0.5047814846038818,20
93.png,L3,0.9691073894500732,0.030892610549926758,1.1627131700515747,21
99.png,L3,0.9817147254943848,0.018285274505615234,1.0370268821716309,19
100.png,L3,0.9716721177101135,0.028327882289886475,1.1881752014160156,18
102.png,L3,0.9661534428596497,0.03384655714035034,1.4413223266601562,20
108.png,L3,0.9892317056655884,0.010768294334411621,0.7426525950431824,21
114.png,L3,0.9661534428596497,0.03384655714035034,1.4413223266601562,20
117.png,L3,0.965610921382904,0.03438907861709595,1.3216838836669922,17
121.png,L3,0.9849494099617004,0.01505059003829956,1.0077862739562988,20
122.png,L3,0.9920626282691956,0.007937371730804443,0.6801795363426208,18
124.png,L3,0.9892317056655884,0.010768294334411621,0.7426525950431824,21
128.png,L3,0.9576194882392883,0.04238051176071167,1.3124713897705078,19
131.png,L3,0.9849494099617004,0.01505059003829956,1.0077862739562988,20
138.png,L3,0.9911101460456848,0.008889853954315186,0.7846436500549316,20
150.png,L3,0.9949527382850647,0.005047261714935303,0.5192530155181885,20
152.png,L3,0.9940283894538879,0.0059716105461120605,0.5047814846038818,20
156.png,L3,0.9691073894500732,0.030892610549926758,1.1627131700515747,21
167.png,L3,0.9661534428596497,0.03384655714035034,1.4413223266601562,20
169.png,L3,0.9952768683433533,0.0047231316566467285,0.5214333534240723,20
174.png,L3,0.9945311546325684,0.005468845367431641,0.5791088938713074,18
183.png,L3,0.9661534428596497,0.03384655714035034,1.4413223266601562,20
198.png,L3,0.994976282119751,0.0050237178802490234,0.5203079581260681,19
211.png,L3,0.9920626282691956,0.007937371730804443,0.6801795363426208,18
217.png,L3,0.9945311546325684,0.005468845367431641,0.5791088938713074,18
223.png,L3,0.9817147254943848,0.018285274505615234,1.0370268821716309,19
228.png,L3,0.9861947894096375,0.013805210590362549,0.9214111566543579,18
233.png,L3,0.9861947894096375,0.013805210590362549,0.9214111566543579,18
234.png,L3,0.9911101460456848,0.008889853954315186,0.7846436500549316,20
238.png,L3,0.9817147254943848,0.018285274505615234,1.0370268821716309,19
246.png,L3,0.9945311546325684,0.005468845367431641,0.5791088938713074,18
256.png,L3,0.9892317056655884,0.010768294334411621,0.7426525950431824,21
262.png,L3,0.9920626282691956,0.007937371730804443,0.6801795363426208,18
263.png,L3,0.9949527382850647,0.005047261714935303,0.5192530155181885,20
284.png,L3,0.9849494099617004,0.01505059003829956,1.0077862739562988,20
296.png,L3,0.994976282119751,0.0050237178802490234,0.5203079581260681,19
304.png,L3,0.9911101460456848,0.008889853954315186,0.7846436500549316,20
311.png,L3,0.9945311546325684,0.005468845367431641,0.5791088938713074,18
321.png,L3,0.9892317056655884,0.010768294334411621,0.7426525950431824,21
323.png,L3,0.9817147254943848,0.018285274505615234,1.0370268821716309,19
324.png,L3,0.9817147254943848,0.018285274505615234,1.0370268821716309,19
332.png,L3,0.965610921382904,0.03438907861709595,1.3216838836669922,17
333.png,L3,0.9892317056655884,0.010768294334411621,0.7426525950431824,21
350.png,L3,0.9861947894096375,0.013805210590362549,0.9214111566543579,18
351.png,L3,0.9945311546325684,0.005468845367431641,0.5791088938713074,18
354.png,L3,0.9911101460456848,0.008889853954315186,0.7846436500549316,20
404.png,L3,0.9952768683433533,0.0047231316566467285,0.5214333534240723,20
415.png,L3,0.9817147254943848,0.018285274505615234,1.0370268821716309,19
429.png,L3,0.994976282119751,0.0050237178802490234,0.5203079581260681,19
442.png,L3,0.9817147254943848,0.018285274505615234,1.0370268821716309,19
443.png,L3,0.9940283894538879,0.0059716105461120605,0.5047814846038818,20
445.png,L3,0.9945311546325684,0.005468845367431641,0.5791088938713074,18
452.png,L3,0.9679976105690002,0.032002389430999756,1.3667409420013428,21
457.png,L3,0.9576194882392883,0.04238051176071167,1.3124713897705078,19
472.png,L3,0.9849494099617004,0.01505059003829956,1.0077862739562988,20
473.png,L3,0.9920626282691956,0.007937371730804443,0.6801795363426208,18
475.png,L3,0.9940283894538879,0.0059716105461120605,0.5047814846038818,20
482.png,L3,0.994976282119751,0.0050237178802490234,0.5203079581260681,19
483.png,L3,0.9930886626243591,0.006911337375640869,0.5275254845619202,18
484.png,L3,0.9861947894096375,0.013805210590362549,0.9214111566543579,18
486.png,L3,0.9945311546325684,0.005468845367431641,0.5791088938713074,18
494.png,L3,0.9920626282691956,0.007937371730804443,0.6801795363426208,18
500.png,L3,0.9930886626243591,0.006911337375640869,0.5275254845619202,18
506.png,L3,0.9817147254943848,0.018285274505615234,1.0370268821716309,19
507.png,L3,0.9948846697807312,0.005115330219268799,0.5318642854690552,22
518.png,L3,0.9603333473205566,0.03966665267944336,1.3788384199142456,20
519.png,L3,0.9679976105690002,0.032002389430999756,1.3667409420013428,21
543.png,L3,0.9892317056655884,0.010768294334411621,0.7426525950431824,21
550.png,L3,0.9861947894096375,0.013805210590362549,0.9214111566543579,18
551.png,L3,0.9691073894500732,0.030892610549926758,1.1627131700515747,21
558.png,L3,0.9661534428596497,0.03384655714035034,1.4413223266601562,20
561.png,L3,0.9849494099617004,0.01505059003829956,1.0077862739562988,20
562.png,L3,0.9849494099617004,0.01505059003829956,1.0077862739562988,20
563.png,L3,0.9679976105690002,0.032002389430999756,1.3667409420013428,21
579.png,L3,0.9817147254943848,0.018285274505615234,1.0370268821716309,19
581.png,L3,0.9940283894538879,0.0059716105461120605,0.5047814846038818,20
589.png,L3,0.9892317056655884,0.010768294334411621,0.7426525950431824,21
590.png,L3,0.994976282119751,0.0050237178802490234,0.5203079581260681,19
592.png,L3,0.9861947894096375,0.013805210590362549,0.9214111566543579,18
593.png,L3,0.9817147254943848,0.018285274505615234,1.0370268821716309,19
601.png,L3,0.9945311546325684,0.005468845367431641,0.5791088938713074,18
604.png,L3,0.9948846697807312,0.005115330219268799,0.5318642854690552,22
614.png,L3,0.9949527382850647,0.005047261714935303,0.5192530155181885,20
616.png,L3,0.994976282119751,0.0050237178802490234,0.5203079581260681,19
621.png,L3,0.9817147254943848,0.018285274505615234,1.0370268821716309,19
623.png,L3,0.9849494099617004,0.01505059003829956,1.0077862739562988,20
630.png,L3,0.9576194882392883,0.04238051176071167,1.3124713897705078,19
633.png,L3,0.9892317056655884,0.010768294334411621,0.7426525950431824,21
670.png,L3,0.9952768683433533,0.0047231316566467285,0.5214333534240723,20
675.png,L3,0.994976282119751,0.0050237178802490234,0.5203079581260681,19
681.png,L3,0.9945311546325684,0.005468845367431641,0.5791088938713074,18
687.png,L3,0.994976282119751,0.0050237178802490234,0.5203079581260681,19
694.png,L3,0.9603333473205566,0.03966665267944336,1.3788384199142456,20
695.png,L3,0.9949527382850647,0.005047261714935303,0.5192530155181885,20
712.png,L3,0.9901575446128845,0.009842455387115479,0.8366796970367432,20
713.png,L3,0.9745538234710693,0.025446176528930664,1.321725606918335,21
714.png,L3,0.9934662580490112,0.0065337419509887695,0.6723179221153259,19
723.png,L3,0.9879564046859741,0.012043595314025879,0.8772003650665283,18
727.png,L3,0.9520153999328613,0.04798460006713867,1.8450289964675903,18
729.png,L3,0.9879564046859741,0.012043595314025879,0.8772003650665283,18
761.png,L3,0.9925826191902161,0.0074173808097839355,0.6362360119819641,17
762.png,L3,0.9879564046859741,0.012043595314025879,0.8772003650665283,18
764.png,L3,0.9898390173912048,0.010160982608795166,0.7942003607749939,17
769.png,L3,0.984372079372406,0.015627920627593994,0.9421043395996094,16
776.png,L3,0.9957217574119568,0.004278242588043213,0.48446983098983765,20
780.png,L3,0.9520153999328613,0.04798460006713867,1.8450289964675903,18
781.png,L3,0.9591804146766663,0.04081958532333374,1.6056851148605347,16
782.png,L3,0.9520153999328613,0.04798460006713867,1.8450289964675903,18
794.png,L3,0.984372079372406,0.015627920627593994,0.9421043395996094,16
828.png,L3,0.9925826191902161,0.0074173808097839355,0.6362360119819641,17
837.png,L3,0.9953300952911377,0.004669904708862305,0.5146380066871643,19
847.png,L3,0.9957217574119568,0.004278242588043213,0.48446983098983765,20
856.png,L3,0.984372079372406,0.015627920627593994,0.9421043395996094,16
865.png,L3,0.9935383200645447,0.006461679935455322,0.7038486003875732,17
867.png,L3,0.9952496290206909,0.004750370979309082,0.5182440876960754,16
868.png,L3,0.983069658279419,0.016930341720581055,1.0695478916168213,17
900.png,L3,0.9957217574119568,0.004278242588043213,0.48446983098983765,20
915.png,L3,0.9879564046859741,0.012043595314025879,0.8772003650665283,18
921.png,L3,0.9901575446128845,0.009842455387115479,0.8366796970367432,20
922.png,L3,0.9943191409111023,0.005680859088897705,0.5956631898880005,22
929.png,L3,0.9710608720779419,0.028939127922058105,1.4154561758041382,20
933.png,L3,0.9934662580490112,0.0065337419509887695,0.6723179221153259,19
935.png,L3,0.9943191409111023,0.005680859088897705,0.5956631898880005,22
939.png,L3,0.9956895112991333,0.004310488700866699,0.5324376225471497,22
942.png,L3,0.9872030019760132,0.012796998023986816,0.9848537445068359,18
943.png,L3,0.9901575446128845,0.009842455387115479,0.8366796970367432,20
944.png,L3,0.9956895112991333,0.004310488700866699,0.5324376225471497,22
945.png,L3,0.9934662580490112,0.0065337419509887695,0.6723179221153259,19
954.png,L3,0.9872030019760132,0.012796998023986816,0.9848537445068359,18
956.png,L3,0.9908304810523987,0.009169518947601318,0.8042911887168884,21
958.png,L3,0.9901575446128845,0.009842455387115479,0.8366796970367432,20
960.png,L3,0.9934662580490112,0.0065337419509887695,0.6723179221153259,19
963.png,L3,0.9872030019760132,0.012796998023986816,0.9848537445068359,18
982.png,L3,0.9961060285568237,0.0038939714431762695,0.5369898676872253,21
992.png,L3,0.9934662580490112,0.0065337419509887695,0.6723179221153259,19
994.png,L3,0.9961060285568237,0.0038939714431762695,0.5369898676872253,21
1004.png,L3,0.969419002532959,0.030580997467041016,1.412535309791565,24
1007.png,L3,0.9872030019760132,0.012796998023986816,0.9848537445068359,18
1008.png,L3,0.9908304810523987,0.009169518947601318,0.8042911887168884,21
1011.png,L3,0.9956895112991333,0.004310488700866699,0.5324376225471497,22
1015.png,L3,0.9908304810523987,0.009169518947601318,0.8042911887168884,21
1016.png,L3,0.9872030019760132,0.012796998023986816,0.9848537445068359,18
1023.png,L3,0.9832178950309753,0.016782104969024658,1.0143183469772339,17
1027.png,L3,0.9921773672103882,0.007822632789611816,0.7274078130722046,18
1029.png,L3,0.970856785774231,0.029143214225769043,1.3183315992355347,21
1031.png,L3,0.9961060285568237,0.0038939714431762695,0.5369898676872253,21
1035.png,L3,0.970856785774231,0.029143214225769043,1.3183315992355347,21
1037.png,L3,0.969419002532959,0.030580997467041016,1.412535309791565,24
1039.png,L3,0.9745538234710693,0.025446176528930664,1.321725606918335,21
1040.png,L3,0.9928140640258789,0.007185935974121094,0.6937265396118164,21
1041.png,L3,0.9710608720779419,0.028939127922058105,1.4154561758041382,20
1047.png,L3,0.9695755243301392,0.03042447566986084,1.4727892875671387,19
1053.png,L3,0.9961060285568237,0.0038939714431762695,0.5369898676872253,21
1054.png,L3,0.970856785774231,0.029143214225769043,1.3183315992355347,21
1057.png,L3,0.9901575446128845,0.009842455387115479,0.8366796970367432,20
1060.png,L3,0.9934349060058594,0.006565093994140625,0.6600213050842285,19
1061.png,L3,0.9921773672103882,0.007822632789611816,0.7274078130722046,18
1069.png,L3,0.9961060285568237,0.0038939714431762695,0.5369898676872253,21
1072.png,L3,0.969419002532959,0.030580997467041016,1.412535309791565,24
1073.png,L3,0.994838297367096,0.005161702632904053,0.6331391930580139,19
1074.png,L3,0.972895085811615,0.02710491418838501,1.3361934423446655,21
1078.png,L3,0.9956895112991333,0.004310488700866699,0.5324376225471497,22
1084.png,L3,0.969419002532959,0.030580997467041016,1.412535309791565,24
1085.png,L3,0.9695755243301392,0.03042447566986084,1.4727892875671387,19
1089.png,L3,0.9943191409111023,0.005680859088897705,0.5956631898880005,22
1092.png,L3,0.9934662580490112,0.0065337419509887695,0.6723179221153259,19
1093.png,L3,0.9921773672103882,0.007822632789611816,0.7274078130722046,18
1096.png,L3,0.9901575446128845,0.009842455387115479,0.8366796970367432,20
1103.png,L3,0.970856785774231,0.029143214225769043,1.3183315992355347,21
1107.png,L3,0.9921773672103882,0.007822632789611816,0.7274078130722046,18
1111.png,L3,0.9695755243301392,0.03042447566986084,1.4727892875671387,19
1113.png,L3,0.9921773672103882,0.007822632789611816,0.7274078130722046,18
1114.png,L3,0.9928140640258789,0.007185935974121094,0.6937265396118164,21
1118.png,L3,0.9745538234710693,0.025446176528930664,1.321725606918335,21
1120.png,L3,0.9695755243301392,0.03042447566986084,1.4727892875671387,19
1123.png,L3,0.9921773672103882,0.007822632789611816,0.7274078130722046,18
1124.png,L3,0.970856785774231,0.029143214225769043,1.3183315992355347,21
1125.png,L3,0.9695755243301392,0.03042447566986084,1.4727892875671387,19
1126.png,L3,0.9934662580490112,0.0065337419509887695,0.6723179221153259,19
1130.png,L3,0.9956895112991333,0.004310488700866699,0.5324376225471497,22
1134.png,L3,0.970856785774231,0.029143214225769043,1.3183315992355347,21
1137.png,L3,0.9928140640258789,0.007185935974121094,0.6937265396118164,21
1138.png,L3,0.9921773672103882,0.007822632789611816,0.7274078130722046,18
1140.png,L3,0.9961060285568237,0.0038939714431762695,0.5369898676872253,21
1144.png,L3,0.9961060285568237,0.0038939714431762695,0.5369898676872253,21
1146.png,L3,0.9928140640258789,0.007185935974121094,0.6937265396118164,21
1148.png,L3,0.970856785774231,0.029143214225769043,1.3183315992355347,21
1149.png,L3,0.970856785774231,0.029143214225769043,1.3183315992355347,21
1150.png,L3,0.9908304810523987,0.009169518947601318,0.8042911887168884,21
1156.png,L3,0.9695755243301392,0.03042447566986084,1.4727892875671387,19
1160.png,L3,0.969419002532959,0.030580997467041016,1.412535309791565,24
1163.png,L3,0.9934662580490112,0.0065337419509887695,0.6723179221153259,19
1165.png,L3,0.9933277368545532,0.006672263145446777,0.6536849737167358,20
1169.png,L3,0.9921773672103882,0.007822632789611816,0.7274078130722046,18
1170.png,L3,0.9677700996398926,0.03222990036010742,1.4263993501663208,17
1177.png,L3,0.969419002532959,0.030580997467041016,1.412535309791565,24
1178.png,L3,0.969419002532959,0.030580997467041016,1.412535309791565,24
1179.png,L3,0.9921773672103882,0.007822632789611816,0.7274078130722046,18
1189.png,L3,0.9745538234710693,0.025446176528930664,1.321725606918335,21
1192.png,L3,0.9872030019760132,0.012796998023986816,0.9848537445068359,18
1211.png,L3,0.9956895112991333,0.004310488700866699,0.5324376225471497,22
1223.png,L3,0.970856785774231,0.029143214225769043,1.3183315992355347,21
1225.png,L3,0.972895085811615,0.02710491418838501,1.3361934423446655,21
1239.png,L3,0.9677700996398926,0.03222990036010742,1.4263993501663208,17
1241.png,L3,0.9695755243301392,0.03042447566986084,1.4727892875671387,19
1243.png,L3,0.9921773672103882,0.007822632789611816,0.7274078130722046,18
1246.png,L3,0.9872030019760132,0.012796998023986816,0.9848537445068359,18
1247.png,L3,0.9745538234710693,0.025446176528930664,1.321725606918335,21
1248.png,L3,0.994838297367096,0.005161702632904053,0.6331391930580139,19
1249.png,L3,0.9934662580490112,0.0065337419509887695,0.6723179221153259,19
1250.png,L3,0.9908304810523987,0.009169518947601318,0.8042911887168884,21
1251.png,L3,0.9943191409111023,0.005680859088897705,0.5956631898880005,22
1252.png,L3,0.9961060285568237,0.0038939714431762695,0.5369898676872253,21
1253.png,L3,0.9956895112991333,0.004310488700866699,0.5324376225471497,22
1254.png,L3,0.9745538234710693,0.025446176528930664,1.321725606918335,21
1267.png,L3,0.970856785774231,0.029143214225769043,1.3183315992355347,21
1273.png,L3,0.9934662580490112,0.0065337419509887695,0.6723179221153259,19
1279.png,L3,0.9677700996398926,0.03222990036010742,1.4263993501663208,17
1280.png,L3,0.9908304810523987,0.009169518947601318,0.8042911887168884,21
1281.png,L3,0.9956895112991333,0.004310488700866699,0.5324376225471497,22
1282.png,L3,0.9934349060058594,0.006565093994140625,0.6600213050842285,19
1283.png,L3,0.969419002532959,0.030580997467041016,1.412535309791565,24
1293.png,L3,0.9710608720779419,0.028939127922058105,1.4154561758041382,20
1309.png,L3,0.9695755243301392,0.03042447566986084,1.4727892875671387,19
1326.png,L3,0.9961060285568237,0.0038939714431762695,0.5369898676872253,21
1331.png,L3,0.9928140640258789,0.007185935974121094,0.6937265396118164,21
1333.png,L3,0.9956895112991333,0.004310488700866699,0.5324376225471497,22
1334.png,L3,0.9934349060058594,0.006565093994140625,0.6600213050842285,19
1341.png,L3,0.994838297367096,0.005161702632904053,0.6331391930580139,19
1345.png,L3,0.9943191409111023,0.005680859088897705,0.5956631898880005,22
1346.png,L3,0.9908304810523987,0.009169518947601318,0.8042911887168884,21
1353.png,L3,0.9872030019760132,0.012796998023986816,0.9848537445068359,18
1355.png,L3,0.9943191409111023,0.005680859088897705,0.5956631898880005,22
1361.png,L3,0.9710608720779419,0.028939127922058105,1.4154561758041382,20
1364.png,L3,0.9943191409111023,0.005680859088897705,0.5956631898880005,22
1365.png,L3,0.969419002532959,0.030580997467041016,1.412535309791565,24
1367.png,L3,0.9934662580490112,0.0065337419509887695,0.6723179221153259,19
1368.png,L3,0.969419002532959,0.030580997467041016,1.412535309791565,24
1370.png,L3,0.9928140640258789,0.007185935974121094,0.6937265396118164,21
1371.png,L3,0.994838297367096,0.005161702632904053,0.6331391930580139,19
1372.png,L3,0.994838297367096,0.005161702632904053,0.6331391930580139,19
1373.png,L3,0.970856785774231,0.029143214225769043,1.3183315992355347,21
1378.png,L3,0.9956895112991333,0.004310488700866699,0.5324376225471497,22
1380.png,L3,0.972895085811615,0.02710491418838501,1.3361934423446655,21
1381.png,L3,0.9695755243301392,0.03042447566986084,1.4727892875671387,19
1384.png,L3,0.9710608720779419,0.028939127922058105,1.4154561758041382,20
1387.png,L3,0.994838297367096,0.005161702632904053,0.6331391930580139,19
1388.png,L3,0.972895085811615,0.02710491418838501,1.3361934423446655,21
1397.png,L3,0.9901575446128845,0.009842455387115479,0.8366796970367432,20
1398.png,L3,0.9943191409111023,0.005680859088897705,0.5956631898880005,22
1399.png,L3,0.9961060285568237,0.0038939714431762695,0.5369898676872253,21
1401.png,L3,0.9695755243301392,0.03042447566986084,1.4727892875671387,19
1402.png,L3,0.972895085811615,0.02710491418838501,1.3361934423446655,21
1406.png,L3,0.9695755243301392,0.03042447566986084,1.4727892875671387,19
1407.png,L3,0.9928140640258789,0.007185935974121094,0.6937265396118164,21
1410.png,L3,0.9695755243301392,0.03042447566986084,1.4727892875671387,19
1411.png,L3,0.9832178950309753,0.016782104969024658,1.0143183469772339,17
1425.png,L3,0.9695755243301392,0.03042447566986084,1.4727892875671387,19
1426.png,L3,0.969419002532959,0.030580997467041016,1.412535309791565,24
1435.png,L3,0.994838297367096,0.005161702632904053,0.6331391930580139,19
1436.png,L3,0.9934662580490112,0.0065337419509887695,0.6723179221153259,19
1437.png,L3,0.9933277368545532,0.006672263145446777,0.6536849737167358,20
1442.png,L3,0.9710608720779419,0.028939127922058105,1.4154561758041382,20
1457.png,L3,0.970856785774231,0.029143214225769043,1.3183315992355347,21
1458.png,L3,0.9961060285568237,0.0038939714431762695,0.5369898676872253,21
1459.png,L3,0.9956895112991333,0.004310488700866699,0.5324376225471497,22
1461.png,L3,0.9695755243301392,0.03042447566986084,1.4727892875671387,19
1464.png,L3,0.972895085811615,0.02710491418838501,1.3361934423446655,21
1465.png,L3,0.9872030019760132,0.012796998023986816,0.9848537445068359,18
1466.png,L3,0.970856785774231,0.029143214225769043,1.3183315992355347,21
1472.png,L3,0.9901575446128845,0.009842455387115479,0.8366796970367432,20
1477.png,L3,0.9695755243301392,0.03042447566986084,1.4727892875671387,19
1480.png,L3,0.9928140640258789,0.007185935974121094,0.6937265396118164,21
1481.png,L3,0.970856785774231,0.029143214225769043,1.3183315992355347,21
1482.png,L3,0.9933277368545532,0.006672263145446777,0.6536849737167358,20
1483.png,L3,0.9961060285568237,0.0038939714431762695,0.5369898676872253,21
1484.png,L3,0.9928140640258789,0.007185935974121094,0.6937265396118164,21
1485.png,L3,0.994838297367096,0.005161702632904053,0.6331391930580139,19
1488.png,L3,0.972895085811615,0.02710491418838501,1.3361934423446655,21
1490.png,L3,0.969419002532959,0.030580997467041016,1.412535309791565,24
1491.png,L3,0.9677700996398926,0.03222990036010742,1.4263993501663208,17
1492.png,L3,0.9928140640258789,0.007185935974121094,0.6937265396118164,21
1493.png,L3,0.9745538234710693,0.025446176528930664,1.321725606918335,21
1495.png,L3,0.9928140640258789,0.007185935974121094,0.6937265396118164,21
1496.png,L3,0.9928140640258789,0.007185935974121094,0.6937265396118164,21
1497.png,L3,0.9928140640258789,0.007185935974121094,0.6937265396118164,21
1498.png,L3,0.972895085811615,0.02710491418838501,1.3361934423446655,21
1509.png,L3,0.9745538234710693,0.025446176528930664,1.321725606918335,21
1519.png,L3,0.970856785774231,0.029143214225769043,1.3183315992355347,21
1529.png,L3,0.9745538234710693,0.025446176528930664,1.321725606918335,21
1533.png,L3,0.972895085811615,0.02710491418838501,1.3361934423446655,21
1534.png,L3,0.9832178950309753,0.016782104969024658,1.0143183469772339,17
1535.png,L3,0.9710608720779419,0.028939127922058105,1.4154561758041382,20
1536.png,L3,0.970856785774231,0.029143214225769043,1.3183315992355347,21
1545.png,L3,0.970856785774231,0.029143214225769043,1.3183315992355347,21
1546.png,L3,0.9956895112991333,0.004310488700866699,0.5324376225471497,22
1547.png,L3,0.9934349060058594,0.006565093994140625,0.6600213050842285,19
1548.png,L3,0.9745538234710693,0.025446176528930664,1.321725606918335,21
1551.png,L3,0.9710608720779419,0.028939127922058105,1.4154561758041382,20
1552.png,L3,0.9943191409111023,0.005680859088897705,0.5956631898880005,22
1555.png,L3,0.9908304810523987,0.009169518947601318,0.8042911887168884,21
1559.png,L3,0.9956895112991333,0.004310488700866699,0.5324376225471497,22
1560.png,L3,0.970856785774231,0.029143214225769043,1.3183315992355347,21
1563.png,L3,0.9956895112991333,0.004310488700866699,0.5324376225471497,22
1564.png,L3,0.9934662580490112,0.0065337419509887695,0.6723179221153259,19
1574.png,L3,0.9872030019760132,0.012796998023986816,0.9848537445068359,18
1575.png,L3,0.9934662580490112,0.0065337419509887695,0.6723179221153259,19
1577.png,L3,0.9934662580490112,0.0065337419509887695,0.6723179221153259,19
1579.png,L3,0.9956895112991333,0.004310488700866699,0.5324376225471497,22
1583.png,L3,0.9745538234710693,0.025446176528930664,1.321725606918335,21
1585.png,L3,0.9901575446128845,0.009842455387115479,0.8366796970367432,20
1587.png,L3,0.9934349060058594,0.006565093994140625,0.6600213050842285,19
1588.png,L3,0.9928140640258789,0.007185935974121094,0.6937265396118164,21
1590.png,L3,0.9943191409111023,0.005680859088897705,0.5956631898880005,22
1591.png,L3,0.9934662580490112,0.0065337419509887695,0.6723179221153259,19
1596.png,L3,0.9872030019760132,0.012796998023986816,0.9848537445068359,18
1600.png,L3,0.970856785774231,0.029143214225769043,1.3183315992355347,21
1601.png,L3,0.9908304810523987,0.009169518947601318,0.8042911887168884,21
1619.png,L3,0.9928140640258789,0.007185935974121094,0.6937265396118164,21
1628.png,L3,0.9943191409111023,0.005680859088897705,0.5956631898880005,22
1629.png,L3,0.9956895112991333,0.004310488700866699,0.5324376225471497,22
1630.png,L3,0.9695755243301392,0.03042447566986084,1.4727892875671387,19
1644.png,L3,0.9961060285568237,0.0038939714431762695,0.5369898676872253,21
1645.png,L3,0.9710608720779419,0.028939127922058105,1.4154561758041382,20
1646.png,L3,0.9872030019760132,0.012796998023986816,0.9848537445068359,18
1647.png,L3,0.9901575446128845,0.009842455387115479,0.8366796970367432,20
1648.png,L3,0.9677700996398926,0.03222990036010742,1.4263993501663208,17
1656.png,L3,0.9921773672103882,0.007822632789611816,0.7274078130722046,18
1657.png,L3,0.969419002532959,0.030580997467041016,1.412535309791565,24
1665.png,L3,0.9961060285568237,0.0038939714431762695,0.5369898676872253,21
1666.png,L3,0.9745538234710693,0.025446176528930664,1.321725606918335,21
1678.png,L3,0.9745538234710693,0.025446176528930664,1.321725606918335,21
1684.png,L3,0.9956895112991333,0.004310488700866699,0.5324376225471497,22
1685.png,L3,0.9928140640258789,0.007185935974121094,0.6937265396118164,21
1686.png,L3,0.9745538234710693,0.025446176528930664,1.321725606918335,21
1689.png,L3,0.9695755243301392,0.03042447566986084,1.4727892875671387,19
1696.png,L3,0.9934349060058594,0.006565093994140625,0.6600213050842285,19
1706.png,L3,0.9934349060058594,0.006565093994140625,0.6600213050842285,19
1715.png,L3,0.9832178950309753,0.016782104969024658,1.0143183469772339,17
1716.png,L3,0.972895085811615,0.02710491418838501,1.3361934423446655,21
1718.png,L3,0.9832178950309753,0.016782104969024658,1.0143183469772339,17
1727.png,L3,0.9934662580490112,0.0065337419509887695,0.6723179221153259,19
1728.png,L3,0.972895085811615,0.02710491418838501,1.3361934423446655,21
1729.png,L3,0.9710608720779419,0.028939127922058105,1.4154561758041382,20
1730.png,L3,0.9928140640258789,0.007185935974121094,0.6937265396118164,21
1734.png,L3,0.969419002532959,0.030580997467041016,1.412535309791565,24
1735.png,L3,0.9677700996398926,0.03222990036010742,1.4263993501663208,17
1736.png,L3,0.9745538234710693,0.025446176528930664,1.321725606918335,21
1740.png,L3,0.9928140640258789,0.007185935974121094,0.6937265396118164,21
1744.png,L3,0.9901575446128845,0.009842455387115479,0.8366796970367432,20
1746.png,L3,0.9872030019760132,0.012796998023986816,0.9848537445068359,18
1752.png,L3,0.970856785774231,0.029143214225769043,1.3183315992355347,21
1769.png,L3,0.970856785774231,0.029143214225769043,1.3183315992355347,21
1771.png,L3,0.994838297367096,0.005161702632904053,0.6331391930580139,19
1773.png,L3,0.9695755243301392,0.03042447566986084,1.4727892875671387,19
1774.png,L3,0.9921773672103882,0.007822632789611816,0.7274078130722046,18
1776.png,L3,0.9928140640258789,0.007185935974121094,0.6937265396118164,21
1789.png,L3,0.9901575446128845,0.009842455387115479,0.8366796970367432,20
1796.png,L3,0.9961060285568237,0.0038939714431762695,0.5369898676872253,21
1798.png,L3,0.969419002532959,0.030580997467041016,1.412535309791565,24
1807.png,L3,0.9933277368545532,0.006672263145446777,0.6536849737167358,20
1816.png,L3,0.994838297367096,0.005161702632904053,0.6331391930580139,19
1824.png,L3,0.994838297367096,0.005161702632904053,0.6331391930580139,19
1825.png,L3,0.9934662580490112,0.0065337419509887695,0.6723179221153259,19
1826.png,L3,0.994838297367096,0.005161702632904053,0.6331391930580139,19
1827.png,L3,0.9934662580490112,0.0065337419509887695,0.6723179221153259,19
1829.png,L3,0.9745538234710693,0.025446176528930664,1.321725606918335,21
1834.png,L3,0.9695755243301392,0.03042447566986084,1.4727892875671387,19
1835.png,L3,0.9934662580490112,0.0065337419509887695,0.6723179221153259,19
1843.png,L3,0.9591804146766663,0.04081958532333374,1.6056851148605347,16
1847.png,L3,0.9879564046859741,0.012043595314025879,0.8772003650665283,18
1852.png,L3,0.9953300952911377,0.004669904708862305,0.5146380066871643,19
1853.png,L3,0.9811374545097351,0.018862545490264893,1.082906723022461,16
1858.png,L3,0.9520153999328613,0.04798460006713867,1.8450289964675903,18
1863.png,L3,0.9811374545097351,0.018862545490264893,1.082906723022461,16
1869.png,L3,0.9925826191902161,0.0074173808097839355,0.6362360119819641,17
1879.png,L3,0.9908636808395386,0.009136319160461426,0.7441688179969788,17
1880.png,L3,0.9520153999328613,0.04798460006713867,1.8450289964675903,18
1882.png,L3,0.9543783068656921,0.04562169313430786,1.7700843811035156,16
1886.png,L3,0.9953300952911377,0.004669904708862305,0.5146380066871643,19
1890.png,L3,0.9898890256881714,0.010110974311828613,0.7734435796737671,16
1894.png,L3,0.9898390173912048,0.010160982608795166,0.7942003607749939,17
1900.png,L3,0.9543783068656921,0.04562169313430786,1.7700843811035156,16
1901.png,L3,0.9908636808395386,0.009136319160461426,0.7441688179969788,17
1902.png,L3,0.9879564046859741,0.012043595314025879,0.8772003650665283,18
1910.png,L3,0.9933651089668274,0.006634891033172607,0.6619601845741272,17
1911.png,L3,0.9952496290206909,0.004750370979309082,0.5182440876960754,16
1917.png,L3,0.9543783068656921,0.04562169313430786,1.7700843811035156,16
1933.png,L3,0.984372079372406,0.015627920627593994,0.9421043395996094,16
1941.png,L3,0.983069658279419,0.016930341720581055,1.0695478916168213,17
1949.png,L3,0.9910657405853271,0.008934259414672852,0.7475690841674805,18
1950.png,L3,0.9805166125297546,0.01948338747024536,1.07892644405365,17
1951.png,L3,0.9805166125297546,0.01948338747024536,1.07892644405365,17
1955.png,L3,0.967028796672821,0.032971203327178955,1.3958834409713745,16
1957.png,L3,0.9925826191902161,0.0074173808097839355,0.6362360119819641,17
1978.png,L3,0.9898390173912048,0.010160982608795166,0.7942003607749939,17
1981.png,L3,0.9520153999328613,0.04798460006713867,1.8450289964675903,18
1984.png,L3,0.9543783068656921,0.04562169313430786,1.7700843811035156,16
1986.png,L3,0.984372079372406,0.015627920627593994,0.9421043395996094,16
1988.png,L3,0.9935383200645447,0.006461679935455322,0.7038486003875732,17
2002.png,L3,0.9952496290206909,0.004750370979309082,0.5182440876960754,16
2003.png,L3,0.9591804146766663,0.04081958532333374,1.6056851148605347,16
2006.png,L3,0.9933651089668274,0.006634891033172607,0.6619601845741272,17
2007.png,L3,0.9543783068656921,0.04562169313430786,1.7700843811035156,16
2008.png,L3,0.9543783068656921,0.04562169313430786,1.7700843811035156,16
2009.png,L3,0.9651477336883545,0.03485226631164551,1.6611942052841187,18
2014.png,L3,0.984372079372406,0.015627920627593994,0.9421043395996094,16
2026.png,L3,0.9908636808395386,0.009136319160461426,0.7441688179969788,17
2029.png,L3,0.967028796672821,0.032971203327178955,1.3958834409713745,16
2031.png,L3,0.9811374545097351,0.018862545490264893,1.082906723022461,16
2039.png,L3,0.9953300952911377,0.004669904708862305,0.5146380066871643,19
2055.png,L3,0.9805166125297546,0.01948338747024536,1.07892644405365,17
2062.png,L3,0.9925826191902161,0.0074173808097839355,0.6362360119819641,17
2064.png,L3,0.9898890256881714,0.010110974311828613,0.7734435796737671,16
2065.png,L3,0.9935383200645447,0.006461679935455322,0.7038486003875732,17
2066.png,L3,0.967028796672821,0.032971203327178955,1.3958834409713745,16
2075.png,L3,0.9935383200645447,0.006461679935455322,0.7038486003875732,17
2076.png,L3,0.9879564046859741,0.012043595314025879,0.8772003650665283,18
2082.png,L3,0.9910657405853271,0.008934259414672852,0.7475690841674805,18
2108.png,L3,0.9925826191902161,0.0074173808097839355,0.6362360119819641,17
2110.png,L3,0.9925826191902161,0.0074173808097839355,0.6362360119819641,17
2118.png,L3,0.9925826191902161,0.0074173808097839355,0.6362360119819641,17
2127.png,L3,0.9811374545097351,0.018862545490264893,1.082906723022461,16
2136.png,L3,0.9651477336883545,0.03485226631164551,1.6611942052841187,18
2137.png,L3,0.983069658279419,0.016930341720581055,1.0695478916168213,17
2148.png,L3,0.9811374545097351,0.018862545490264893,1.082906723022461,16
2170.png,L3,0.9805166125297546,0.01948338747024536,1.07892644405365,17
2176.png,L3,0.983069658279419,0.016930341720581055,1.0695478916168213,17
2178.png,L3,0.9935383200645447,0.006461679935455322,0.7038486003875732,17
2182.png,L3,0.9908636808395386,0.009136319160461426,0.7441688179969788,17
2188.png,L3,0.9953300952911377,0.004669904708862305,0.5146380066871643,19
2208.png,L3,0.967028796672821,0.032971203327178955,1.3958834409713745,16
2211.png,L3,0.9736620187759399,0.02633798122406006,1.236548662185669,18
2213.png,L3,0.9651477336883545,0.03485226631164551,1.6611942052841187,18
2214.png,L3,0.9953300952911377,0.004669904708862305,0.5146380066871643,19
2221.png,L3,0.9811374545097351,0.018862545490264893,1.082906723022461,16
2226.png,L3,0.984372079372406,0.015627920627593994,0.9421043395996094,16
2227.png,L3,0.9591804146766663,0.04081958532333374,1.6056851148605347,16
2237.png,L3,0.9879564046859741,0.012043595314025879,0.8772003650665283,18
2241.png,L3,0.9935383200645447,0.006461679935455322,0.7038486003875732,17
2244.png,L3,0.9935383200645447,0.006461679935455322,0.7038486003875732,17
2245.png,L3,0.9520153999328613,0.04798460006713867,1.8450289964675903,18
2246.png,L3,0.9898890256881714,0.010110974311828613,0.7734435796737671,16
2248.png,L3,0.9591804146766663,0.04081958532333374,1.6056851148605347,16
2259.png,L3,0.9908636808395386,0.009136319160461426,0.7441688179969788,17
2272.png,L3,0.9805166125297546,0.01948338747024536,1.07892644405365,17
2277.png,L3,0.9925826191902161,0.0074173808097839355,0.6362360119819641,17
2278.png,L3,0.9935383200645447,0.006461679935455322,0.7038486003875732,17
2293.png,L3,0.9879564046859741,0.012043595314025879,0.8772003650665283,18
2326.png,L3,0.9925826191902161,0.0074173808097839355,0.6362360119819641,17
2344.png,L3,0.983069658279419,0.016930341720581055,1.0695478916168213,17
2353.png,L3,0.9935383200645447,0.006461679935455322,0.7038486003875732,17
2364.png,L3,0.983069658279419,0.016930341720581055,1.0695478916168213,17
2384.png,L3,0.9805166125297546,0.01948338747024536,1.07892644405365,17
2386.png,L3,0.9925826191902161,0.0074173808097839355,0.6362360119819641,17
2388.png,L3,0.983069658279419,0.016930341720581055,1.0695478916168213,17
2389.png,L3,0.9591804146766663,0.04081958532333374,1.6056851148605347,16
2392.png,L3,0.9898390173912048,0.010160982608795166,0.7942003607749939,17
2395.png,L3,0.9591804146766663,0.04081958532333374,1.6056851148605347,16
2399.png,L3,0.9953300952911377,0.004669904708862305,0.5146380066871643,19
2400.png,L3,0.984372079372406,0.015627920627593994,0.9421043395996094,16
2401.png,L3,0.9957217574119568,0.004278242588043213,0.48446983098983765,20
2406.png,L3,0.967028796672821,0.032971203327178955,1.3958834409713745,16
2423.png,L3,0.9520153999328613,0.04798460006713867,1.8450289964675903,18
2424.png,L3,0.9952496290206909,0.004750370979309082,0.5182440876960754,16
2430.png,L3,0.983069658279419,0.016930341720581055,1.0695478916168213,17
2442.png,L3,0.9933651089668274,0.006634891033172607,0.6619601845741272,17
2459.png,L3,0.983069658279419,0.016930341720581055,1.0695478916168213,17
2472.png,L3,0.9805166125297546,0.01948338747024536,1.07892644405365,17
2474.png,L3,0.9543783068656921,0.04562169313430786,1.7700843811035156,16
2486.png,L3,0.9651477336883545,0.03485226631164551,1.6611942052841187,18
2489.png,L3,0.9736620187759399,0.02633798122406006,1.236548662185669,18
2503.png,L3,0.9898390173912048,0.010160982608795166,0.7942003607749939,17
2504.png,L3,0.984372079372406,0.015627920627593994,0.9421043395996094,16
2511.png,L3,0.9898390173912048,0.010160982608795166,0.7942003607749939,17
2520.png,L3,0.9879564046859741,0.012043595314025879,0.8772003650665283,18
2522.png,L3,0.9925826191902161,0.0074173808097839355,0.6362360119819641,17
2523.png,L3,0.9805166125297546,0.01948338747024536,1.07892644405365,17
2532.png,L3,0.983069658279419,0.016930341720581055,1.0695478916168213,17
2533.png,L3,0.984372079372406,0.015627920627593994,0.9421043395996094,16
2537.png,L3,0.9933651089668274,0.006634891033172607,0.6619601845741272,17
2542.png,L3,0.9925826191902161,0.0074173808097839355,0.6362360119819641,17
2545.png,L3,0.9925826191902161,0.0074173808097839355,0.6362360119819641,17
2555.png,L3,0.9736620187759399,0.02633798122406006,1.236548662185669,18
2556.png,L3,0.983069658279419,0.016930341720581055,1.0695478916168213,17
2557.png,L3,0.9935383200645447,0.006461679935455322,0.7038486003875732,17
2565.png,L3,0.9957217574119568,0.004278242588043213,0.48446983098983765,20
2575.png,L3,0.9543783068656921,0.04562169313430786,1.7700843811035156,16
2577.png,L3,0.967028796672821,0.032971203327178955,1.3958834409713745,16
2581.png,L3,0.9908636808395386,0.009136319160461426,0.7441688179969788,17
2582.png,L3,0.9953300952911377,0.004669904708862305,0.5146380066871643,19
2589.png,L3,0.967028796672821,0.032971203327178955,1.3958834409713745,16
2590.png,L3,0.9952496290206909,0.004750370979309082,0.5182440876960754,16
2591.png,L3,0.9953300952911377,0.004669904708862305,0.5146380066871643,19
2592.png,L3,0.9908636808395386,0.009136319160461426,0.7441688179969788,17
2593.png,L3,0.9898390173912048,0.010160982608795166,0.7942003607749939,17
2594.png,L3,0.9651477336883545,0.03485226631164551,1.6611942052841187,18
2602.png,L3,0.9908636808395386,0.009136319160461426,0.7441688179969788,17
2605.png,L3,0.9543783068656921,0.04562169313430786,1.7700843811035156,16
2608.png,L3,0.9957217574119568,0.004278242588043213,0.48446983098983765,20
2609.png,L3,0.9520153999328613,0.04798460006713867,1.8450289964675903,18
2623.png,L3,0.9953300952911377,0.004669904708862305,0.5146380066871643,19
2656.png,L3,0.967028796672821,0.032971203327178955,1.3958834409713745,16
2660.png,L3,0.9953300952911377,0.004669904708862305,0.5146380066871643,19
2680.png,L3,0.9925826191902161,0.0074173808097839355,0.6362360119819641,17
2685.png,L3,0.9933651089668274,0.006634891033172607,0.6619601845741272,17
2701.png,L3,0.9898390173912048,0.010160982608795166,0.7942003607749939,17
2703.png,L3,0.9520153999328613,0.04798460006713867,1.8450289964675903,18
2705.png,L3,0.9805166125297546,0.01948338747024536,1.07892644405365,17
2706.png,L3,0.9933651089668274,0.006634891033172607,0.6619601845741272,17
2716.png,L3,0.9898390173912048,0.010160982608795166,0.7942003607749939,17
2720.png,L3,0.9520153999328613,0.04798460006713867,1.8450289964675903,18
2721.png,L3,0.967028796672821,0.032971203327178955,1.3958834409713745,16
2723.png,L3,0.9952496290206909,0.004750370979309082,0.5182440876960754,16
2740.png,L3,0.9925826191902161,0.0074173808097839355,0.6362360119819641,17
2752.png,L3,0.9925826191902161,0.0074173808097839355,0.6362360119819641,17
2754.png,L3,0.9520153999328613,0.04798460006713867,1.8450289964675903,18
2766.png,L3,0.9908636808395386,0.009136319160461426,0.7441688179969788,17
2768.png,L3,0.9879564046859741,0.012043595314025879,0.8772003650665283,18
2771.png,L3,0.9910657405853271,0.008934259414672852,0.7475690841674805,18
2781.png,L3,0.9898390173912048,0.010160982608795166,0.7942003607749939,17
2782.png,L3,0.9879564046859741,0.012043595314025879,0.8772003650665283,18
2784.png,L3,0.9953300952911377,0.004669904708862305,0.5146380066871643,19
2787.png,L3,0.9898390173912048,0.010160982608795166,0.7942003607749939,17
2794.png,L3,0.9935383200645447,0.006461679935455322,0.7038486003875732,17
2801.png,L3,0.9805166125297546,0.01948338747024536,1.07892644405365,17
2807.png,L3,0.9957217574119568,0.004278242588043213,0.48446983098983765,20
2810.png,L3,0.9935383200645447,0.006461679935455322,0.7038486003875732,17
2816.png,L3,0.984372079372406,0.015627920627593994,0.9421043395996094,16
2825.png,L3,0.9898390173912048,0.010160982608795166,0.7942003607749939,17
2827.png,L3,0.9925826191902161,0.0074173808097839355,0.6362360119819641,17
2835.png,L3,0.9543783068656921,0.04562169313430786,1.7700843811035156,16
2846.png,L3,0.9935383200645447,0.006461679935455322,0.7038486003875732,17
2866.png,L3,0.9952496290206909,0.004750370979309082,0.5182440876960754,16
2871.png,L3,0.9953300952911377,0.004669904708862305,0.5146380066871643,19
2875.png,L3,0.967028796672821,0.032971203327178955,1.3958834409713745,16
2877.png,L3,0.983069658279419,0.016930341720581055,1.0695478916168213,17
2878.png,L3,0.9898390173912048,0.010160982608795166,0.7942003607749939,17
2882.png,L3,0.9898390173912048,0.010160982608795166,0.7942003607749939,17
2883.png,L3,0.9908636808395386,0.009136319160461426,0.7441688179969788,17
2884.png,L3,0.9908636808395386,0.009136319160461426,0.7441688179969788,17
2885.png,L3,0.983069658279419,0.016930341720581055,1.0695478916168213,17
2886.png,L3,0.983069658279419,0.016930341720581055,1.0695478916168213,17
2891.png,L3,0.9520153999328613,0.04798460006713867,1.8450289964675903,18
2895.png,L3,0.9520153999328613,0.04798460006713867,1.8450289964675903,18
2897.png,L3,0.9651477336883545,0.03485226631164551,1.6611942052841187,18
2898.png,L3,0.9935383200645447,0.006461679935455322,0.7038486003875732,17
2910.png,L3,0.967028796672821,0.032971203327178955,1.3958834409713745,16
2912.png,L3,0.967028796672821,0.032971203327178955,1.3958834409713745,16
2916.png,L3,0.9898390173912048,0.010160982608795166,0.7942003607749939,17
2920.png,L3,0.967028796672821,0.032971203327178955,1.3958834409713745,16
2924.png,L3,0.983069658279419,0.016930341720581055,1.0695478916168213,17
2927.png,L3,0.9811374545097351,0.018862545490264893,1.082906723022461,16
2933.png,L3,0.983069658279419,0.016930341720581055,1.0695478916168213,17
2940.png,L3,0.9957217574119568,0.004278242588043213,0.48446983098983765,20
2941.png,L3,0.9957217574119568,0.004278242588043213,0.48446983098983765,20
2943.png,L3,0.983069658279419,0.016930341720581055,1.0695478916168213,17
2947.png,L3,0.9736620187759399,0.02633798122406006,1.236548662185669,18
2951.png,L3,0.983069658279419,0.016930341720581055,1.0695478916168213,17
2955.png,L3,0.9811374545097351,0.018862545490264893,1.082906723022461,16
2957.png,L3,0.9925826191902161,0.0074173808097839355,0.6362360119819641,17
2958.png,L3,0.967028796672821,0.032971203327178955,1.3958834409713745,16
2959.png,L3,0.9925826191902161,0.0074173808097839355,0.6362360119819641,17
2961.png,L3,0.9520153999328613,0.04798460006713867,1.8450289964675903,18
2968.png,L3,0.9908636808395386,0.009136319160461426,0.7441688179969788,17
2969.png,L3,0.9520153999328613,0.04798460006713867,1.8450289964675903,18
2977.png,L3,0.9898390173912048,0.010160982608795166,0.7942003607749939,17
2978.png,L3,0.967028796672821,0.032971203327178955,1.3958834409713745,16
2979.png,L3,0.984372079372406,0.015627920627593994,0.9421043395996094,16
2980.png,L3,0.983069658279419,0.016930341720581055,1.0695478916168213,17
2981.png,L3,0.967028796672821,0.032971203327178955,1.3958834409713745,16
2982.png,L3,0.9910657405853271,0.008934259414672852,0.7475690841674805,18
2984.png,L3,0.9908636808395386,0.009136319160461426,0.7441688179969788,17
2990.png,L3,0.9933651089668274,0.006634891033172607,0.6619601845741272,17
2991.png,L3,0.967028796672821,0.032971203327178955,1.3958834409713745,16
3001.png,L3,0.9520153999328613,0.04798460006713867,1.8450289964675903,18
3008.png,L3,0.9736620187759399,0.02633798122406006,1.236548662185669,18
3015.png,L3,0.9651477336883545,0.03485226631164551,1.6611942052841187,18
3016.png,L3,0.9925826191902161,0.0074173808097839355,0.6362360119819641,17
3018.png,L3,0.967028796672821,0.032971203327178955,1.3958834409713745,16
3021.png,L3,0.9811374545097351,0.018862545490264893,1.082906723022461,16
3031.png,L3,0.9805166125297546,0.01948338747024536,1.07892644405365,17
3039.png,L3,0.9811374545097351,0.018862545490264893,1.082906723022461,16
3045.png,L3,0.967028796672821,0.032971203327178955,1.3958834409713745,16
3046.png,L3,0.984372079372406,0.015627920627593994,0.9421043395996094,16
3047.png,L3,0.983069658279419,0.016930341720581055,1.0695478916168213,17
3051.png,L3,0.983069658279419,0.016930341720581055,1.0695478916168213,17
3056.png,L3,0.983069658279419,0.016930341720581055,1.0695478916168213,17
3063.png,L3,0.9603333473205566,0.03966665267944336,1.3788384199142456,20
7.png,L4,0.8874890804290771,0.11251091957092285,2.0858020782470703,15
13.png,L4,0.8858078718185425,0.11419212818145752,2.506071090698242,15
16.png,L4,0.8976689577102661,0.10233104228973389,2.218302011489868,15
25.png,L4,0.8690319061279297,0.1309680938720703,2.3925411701202393,17
28.png,L4,0.8950525522232056,0.10494744777679443,2.090528726577759,17
32.png,L4,0.8855113387107849,0.11448866128921509,2.3430118560791016,18
41.png,L4,0.8985050916671753,0.10149490833282471,1.9912701845169067,17
55.png,L4,0.9047458171844482,0.09525418281555176,1.6702364683151245,16
56.png,L4,0.8858078718185425,0.11419212818145752,2.506071090698242,15
66.png,L4,0.9047458171844482,0.09525418281555176,1.6702364683151245,16
67.png,L4,0.8976689577102661,0.10233104228973389,2.218302011489868,15
70.png,L4,0.9094754457473755,0.09052455425262451,1.9334239959716797,18
86.png,L4,0.8950525522232056,0.10494744777679443,2.090528726577759,17
93.png,L4,0.9094754457473755,0.09052455425262451,1.9334239959716797,18
99.png,L4,0.8444696664810181,0.15553033351898193,2.617194414138794,16
100.png,L4,0.9020066261291504,0.09799337387084961,1.9128077030181885,15
102.png,L4,0.8846415281295776,0.11535847187042236,2.364701271057129,17
108.png,L4,0.8764902353286743,0.12350976467132568,2.3451669216156006,18
114.png,L4,0.8846415281295776,0.11535847187042236,2.364701271057129,17
117.png,L4,0.8816254138946533,0.11837458610534668,2.2093734741210938,14
121.png,L4,0.8869308233261108,0.11306917667388916,2.3580050468444824,17
122.png,L4,0.8858078718185425,0.11419212818145752,2.506071090698242,15
124.png,L4,0.8764902353286743,0.12350976467132568,2.3451669216156006,18
128.png,L4,0.9047458171844482,0.09525418281555176,1.6702364683151245,16
131.png,L4,0.8869308233261108,0.11306917667388916,2.3580050468444824,17
138.png,L4,0.8745297789573669,0.12547022104263306,2.5731194019317627,17
150.png,L4,0.8690319061279297,0.1309680938720703,2.3925411701202393,17
152.png,L4,0.8950525522232056,0.10494744777679443,2.090528726577759,17
156.png,L4,0.9094754457473755,0.09052455425262451,1.9334239959716797,18
167.png,L4,0.8846415281295776,0.11535847187042236,2.364701271057129,17
169.png,L4,0.8367235660552979,0.16327643394470215,2.7379202842712402,17
174.png,L4,0.8622931241989136,0.13770687580108643,2.6701366901397705,15
183.png,L4,0.8846415281295776,0.11535847187042236,2.364701271057129,17
198.png,L4,0.8417037725448608,0.15829622745513916,2.7976152896881104,15
211.png,L4,0.8858078718185425,0.11419212818145752,2.506071090698242,15
217.png,L4,0.8622931241989136,0.13770687580108643,2.6701366901397705,15
223.png,L4,0.8444696664810181,0.15553033351898193,2.617194414138794,16
228.png,L4,0.8976689577102661,0.10233104228973389,2.218302011489868,15
233.png,L4,0.8976689577102661,0.10233104228973389,2.218302011489868,15
234.png,L4,0.8745297789573669,0.12547022104263306,2.5731194019317627,17
238.png,L4,0.8444696664810181,0.15553033351898193,2.617194414138794,16
246.png,L4,0.8622931241989136,0.13770687580108643,2.6701366901397705,15
256.png,L4,0.8764902353286743,0.12350976467132568,2.3451669216156006,18
262.png,L4,0.8858078718185425,0.11419212818145752,2.506071090698242,15
263.png,L4,0.8690319061279297,0.1309680938720703,2.3925411701202393,17
284.png,L4,0.8869308233261108,0.11306917667388916,2.3580050468444824,17
296.png,L4,0.8417037725448608,0.15829622745513916,2.7976152896881104,15
304.png,L4,0.8745297789573669,0.12547022104263306,2.5731194019317627,17
311.png,L4,0.8622931241989136,0.13770687580108643,2.6701366901397705,15
321.png,L4,0.8764902353286743,0.12350976467132568,2.3451669216156006,18
323.png,L4,0.8444696664810181,0.15553033351898193,2.617194414138794,16
324.png,L4,0.8444696664810181,0.15553033351898193,2.617194414138794,16
332.png,L4,0.8816254138946533,0.11837458610534668,2.2093734741210938,14
333.png,L4,0.8764902353286743,0.12350976467132568,2.3451669216156006,18
350.png,L4,0.8976689577102661,0.10233104228973389,2.218302011489868,15
351.png,L4,0.8622931241989136,0.13770687580108643,2.6701366901397705,15
354.png,L4,0.8745297789573669,0.12547022104263306,2.5731194019317627,17
404.png,L4,0.8367235660552979,0.16327643394470215,2.7379202842712402,17
415.png,L4,0.8444696664810181,0.15553033351898193,2.617194414138794,16
429.png,L4,0.8417037725448608,0.15829622745513916,2.7976152896881104,15
442.png,L4,0.8444696664810181,0.15553033351898193,2.617194414138794,16
443.png,L4,0.8950525522232056,0.10494744777679443,2.090528726577759,17
445.png,L4,0.8622931241989136,0.13770687580108643,2.6701366901397705,15
452.png,L4,0.9003959894180298,0.09960401058197021,2.051445484161377,18
457.png,L4,0.9047458171844482,0.09525418281555176,1.6702364683151245,16
472.png,L4,0.8869308233261108,0.11306917667388916,2.3580050468444824,17
473.png,L4,0.8858078718185425,0.11419212818145752,2.506071090698242,15
475.png,L4,0.8950525522232056,0.10494744777679443,2.090528726577759,17
482.png,L4,0.8417037725448608,0.15829622745513916,2.7976152896881104,15
483.png,L4,0.8874890804290771,0.11251091957092285,2.0858020782470703,15
484.png,L4,0.8976689577102661,0.10233104228973389,2.218302011489868,15
486.png,L4,0.8622931241989136,0.13770687580108643,2.6701366901397705,15
494.png,L4,0.8858078718185425,0.11419212818145752,2.506071090698242,15
500.png,L4,0.8874890804290771,0.11251091957092285,2.0858020782470703,15
506.png,L4,0.8444696664810181,0.15553033351898193,2.617194414138794,16
507.png,L4,0.8855113387107849,0.11448866128921509,2.3430118560791016,18
518.png,L4,0.8985050916671753,0.10149490833282471,1.9912701845169067,17
519.png,L4,0.9003959894180298,0.09960401058197021,2.051445484161377,18
543.png,L4,0.8764902353286743,0.12350976467132568,2.3451669216156006,18
550.png,L4,0.8976689577102661,0.10233104228973389,2.218302011489868,15
551.png,L4,0.9094754457473755,0.09052455425262451,1.9334239959716797,18
558.png,L4,0.8846415281295776,0.11535847187042236,2.364701271057129,17
561.png,L4,0.8869308233261108,0.11306917667388916,2.3580050468444824,17
562.png,L4,0.8869308233261108,0.11306917667388916,2.3580050468444824,17
563.png,L4,0.9003959894180298,0.09960401058197021,2.051445484161377,18
579.png,L4,0.8444696664810181,0.15553033351898193,2.617194414138794,16
581.png,L4,0.8950525522232056,0.10494744777679443,2.090528726577759,17
589.png,L4,0.8764902353286743,0.12350976467132568,2.3451669216156006,18
590.png,L4,0.8417037725448608,0.15829622745513916,2.7976152896881104,15
592.png,L4,0.8976689577102661,0.10233104228973389,2.218302011489868,15
593.png,L4,0.8444696664810181,0.15553033351898193,2.617194414138794,16
601.png,L4,0.8622931241989136,0.13770687580108643,2.6701366901397705,15
604.png,L4,0.8855113387107849,0.11448866128921509,2.3430118560791016,18
614.png,L4,0.8690319061279297,0.1309680938720703,2.3925411701202393,17
616.png,L4,0.8417037725448608,0.15829622745513916,2.7976152896881104,15
621.png,L4,0.8444696664810181,0.15553033351898193,2.617194414138794,16
623.png,L4,0.8869308233261108,0.11306917667388916,2.3580050468444824,17
630.png,L4,0.9047458171844482,0.09525418281555176,1.6702364683151245,16
633.png,L4,0.8764902353286743,0.12350976467132568,2.3451669216156006,18
670.png,L4,0.8367235660552979,0.16327643394470215,2.7379202842712402,17
675.png,L4,0.8417037725448608,0.15829622745513916,2.7976152896881104,15
681.png,L4,0.8622931241989136,0.13770687580108643,2.6701366901397705,15
687.png,L4,0.8417037725448608,0.15829622745513916,2.7976152896881104,15
694.png,L4,0.8985050916671753,0.10149490833282471,1.9912701845169067,17
695.png,L4,0.8690319061279297,0.1309680938720703,2.3925411701202393,17
712.png,L4,0.9183429479598999,0.0816570520401001,2.358928680419922,17
713.png,L4,0.9521395564079285,0.04786044359207153,1.795115351676941,18
714.png,L4,0.9118795394897461,0.0881204605102539,2.4099693298339844,15
723.png,L4,0.8724130392074585,0.1275869607925415,2.6445696353912354,15
727.png,L4,0.8670508861541748,0.1329491138458252,2.390178680419922,15
729.png,L4,0.8724130392074585,0.1275869607925415,2.6445696353912354,15
761.png,L4,0.8647768497467041,0.1352231502532959,2.603976249694824,13
762.png,L4,0.8724130392074585,0.1275869607925415,2.6445696353912354,15
764.png,L4,0.8473992943763733,0.1526007056236267,2.9577553272247314,14
769.png,L4,0.8583993911743164,0.1416006088256836,2.7100002765655518,13
776.png,L4,0.8694266676902771,0.1305733323097229,2.534266948699951,16
780.png,L4,0.8670508861541748,0.1329491138458252,2.390178680419922,15
781.png,L4,0.8703897595405579,0.12961024045944214,2.257124900817871,13
782.png,L4,0.8670508861541748,0.1329491138458252,2.390178680419922,15
794.png,L4,0.8583993911743164,0.1416006088256836,2.7100002765655518,13
828.png,L4,0.8647768497467041,0.1352231502532959,2.603976249694824,13
837.png,L4,0.8722167015075684,0.12778329849243164,2.5465285778045654,16
847.png,L4,0.8694266676902771,0.1305733323097229,2.534266948699951,16
856.png,L4,0.8583993911743164,0.1416006088256836,2.7100002765655518,13
865.png,L4,0.8836826086044312,0.11631739139556885,2.4396235942840576,14
867.png,L4,0.909002423286438,0.09099757671356201,2.176992177963257,13
868.png,L4,0.8852561116218567,0.11474388837814331,2.4115493297576904,14
900.png,L4,0.8694266676902771,0.1305733323097229,2.534266948699951,16
915.png,L4,0.8724130392074585,0.1275869607925415,2.6445696353912354,15
921.png,L4,0.9183429479598999,0.0816570520401001,2.358928680419922,17
922.png,L4,0.922210693359375,0.077789306640625,2.1586222648620605,18
929.png,L4,0.9272383451461792,0.0727616548538208,2.0330216884613037,17
933.png,L4,0.9118795394897461,0.0881204605102539,2.4099693298339844,15
935.png,L4,0.922210693359375,0.077789306640625,2.1586222648620605,18
939.png,L4,0.9246020317077637,0.07539796829223633,2.1224772930145264,19
942.png,L4,0.9208049178123474,0.07919508218765259,2.393324613571167,15
943.png,L4,0.9183429479598999,0.0816570520401001,2.358928680419922,17
944.png,L4,0.9246020317077637,0.07539796829223633,2.1224772930145264,19
945.png,L4,0.9118795394897461,0.0881204605102539,2.4099693298339844,15
954.png,L4,0.9208049178123474,0.07919508218765259,2.393324613571167,15
956.png,L4,0.9118852615356445,0.08811473846435547,2.2955801486968994,18
958.png,L4,0.9183429479598999,0.0816570520401001,2.358928680419922,17
960.png,L4,0.9118795394897461,0.0881204605102539,2.4099693298339844,15
963.png,L4,0.9208049178123474,0.07919508218765259,2.393324613571167,15
982.png,L4,0.930533766746521,0.069466233253479,2.0599303245544434,18
992.png,L4,0.9118795394897461,0.0881204605102539,2.4099693298339844,15
994.png,L4,0.930533766746521,0.069466233253479,2.0599303245544434,18
1004.png,L4,0.9550691246986389,0.044930875301361084,1.5584220886230469,21
1007.png,L4,0.9208049178123474,0.07919508218765259,2.393324613571167,15
1008.png,L4,0.9118852615356445,0.08811473846435547,2.2955801486968994,18
1011.png,L4,0.9246020317077637,0.07539796829223633,2.1224772930145264,19
1015.png,L4,0.9118852615356445,0.08811473846435547,2.2955801486968994,18
1016.png,L4,0.9208049178123474,0.07919508218765259,2.393324613571167,15
1023.png,L4,0.9212381839752197,0.07876181602478027,2.1101784706115723,14
1027.png,L4,0.9081519842147827,0.09184801578521729,2.4214096069335938,15
1029.png,L4,0.9331026673316956,0.06689733266830444,1.8612637519836426,18
1031.png,L4,0.930533766746521,0.069466233253479,2.0599303245544434,18
1035.png,L4,0.9331026673316956,0.06689733266830444,1.8612637519836426,18
1037.png,L4,0.9550691246986389,0.044930875301361084,1.5584220886230469,21
1039.png,L4,0.9521395564079285,0.04786044359207153,1.795115351676941,18
1040.png,L4,0.9079459309577942,0.09205406904220581,2.4400908946990967,18
1041.png,L4,0.9272383451461792,0.0727616548538208,2.0330216884613037,17
1047.png,L4,0.9562438726425171,0.04375612735748291,1.6542609930038452,16
1053.png,L4,0.930533766746521,0.069466233253479,2.0599303245544434,18
1054.png,L4,0.9331026673316956,0.06689733266830444,1.8612637519836426,18
1057.png,L4,0.9183429479598999,0.0816570520401001,2.358928680419922,17
1060.png,L4,0.9168605208396912,0.08313947916030884,2.293438673019409,16
1061.png,L4,0.9081519842147827,0.09184801578521729,2.4214096069335938,15
1069.png,L4,0.930533766746521,0.069466233253479,2.0599303245544434,18
1072.png,L4,0.9550691246986389,0.044930875301361084,1.5584220886230469,21
1073.png,L4,0.9025633931159973,0.09743660688400269,2.2688920497894287,16
1074.png,L4,0.9317153692245483,0.06828463077545166,2.0973105430603027,18
1078.png,L4,0.9246020317077637,0.07539796829223633,2.1224772930145264,19
1084.png,L4,0.9550691246986389,0.044930875301361084,1.5584220886230469,21
1085.png,L4,0.9562438726425171,0.04375612735748291,1.6542609930038452,16
1089.png,L4,0.922210693359375,0.077789306640625,2.1586222648620605,18
1092.png,L4,0.9118795394897461,0.0881204605102539,2.4099693298339844,15
1093.png,L4,0.9081519842147827,0.09184801578521729,2.4214096069335938,15
1096.png,L4,0.9183429479598999,0.0816570520401001,2.358928680419922,17
1103.png,L4,0.9331026673316956,0.06689733266830444,1.8612637519836426,18
1107.png,L4,0.9081519842147827,0.09184801578521729,2.4214096069335938,15
1111.png,L4,0.9562438726425171,0.04375612735748291,1.6542609930038452,16
1113.png,L4,0.9081519842147827,0.09184801578521729,2.4214096069335938,15
1114.png,L4,0.9079459309577942,0.09205406904220581,2.4400908946990967,18
1118.png,L4,0.9521395564079285,0.04786044359207153,1.795115351676941,18
1120.png,L4,0.9562438726425171,0.04375612735748291,1.6542609930038452,16
1123.png,L4,0.9081519842147827,0.09184801578521729,2.4214096069335938,15
1124.png,L4,0.9331026673316956,0.06689733266830444,1.8612637519836426,18
1125.png,L4,0.9562438726425171,0.04375612735748291,1.6542609930038452,16
1126.png,L4,0.9118795394897461,0.0881204605102539,2.4099693298339844,15
1130.png,L4,0.9246020317077637,0.07539796829223633,2.1224772930145264,19
1134.png,L4,0.9331026673316956,0.06689733266830444,1.8612637519836426,18
1137.png,L4,0.9079459309577942,0.09205406904220581,2.4400908946990967,18
1138.png,L4,0.9081519842147827,0.09184801578521729,2.4214096069335938,15
1140.png,L4,0.930533766746521,0.069466233253479,2.0599303245544434,18
1144.png,L4,0.930533766746521,0.069466233253479,2.0599303245544434,18
1146.png,L4,0.9079459309577942,0.09205406904220581,2.4400908946990967,18
1148.png,L4,0.9331026673316956,0.06689733266830444,1.8612637519836426,18
1149.png,L4,0.9331026673316956,0.06689733266830444,1.8612637519836426,18
1150.png,L4,0.9118852615356445,0.08811473846435547,2.2955801486968994,18
1156.png,L4,0.9562438726425171,0.04375612735748291,1.6542609930038452,16
1160.png,L4,0.9550691246986389,0.044930875301361084,1.5584220886230469,21
1163.png,L4,0.9118795394897461,0.0881204605102539,2.4099693298339844,15
1165.png,L4,0.9173610210418701,0.08263897895812988,2.2241835594177246,17
1169.png,L4,0.9081519842147827,0.09184801578521729,2.4214096069335938,15
1170.png,L4,0.9277117252349854,0.07228827476501465,1.9365456104278564,14
1177.png,L4,0.9550691246986389,0.044930875301361084,1.5584220886230469,21
1178.png,L4,0.9550691246986389,0.044930875301361084,1.5584220886230469,21
1179.png,L4,0.9081519842147827,0.09184801578521729,2.4214096069335938,15
1189.png,L4,0.9521395564079285,0.04786044359207153,1.795115351676941,18
1192.png,L4,0.9208049178123474,0.07919508218765259,2.393324613571167,15
1211.png,L4,0.9246020317077637,0.07539796829223633,2.1224772930145264,19
1223.png,L4,0.9331026673316956,0.06689733266830444,1.8612637519836426,18
1225.png,L4,0.9317153692245483,0.06828463077545166,2.0973105430603027,18
1239.png,L4,0.9277117252349854,0.07228827476501465,1.9365456104278564,14
1241.png,L4,0.9562438726425171,0.04375612735748291,1.6542609930038452,16
1243.png,L4,0.9081519842147827,0.09184801578521729,2.4214096069335938,15
1246.png,L4,0.9208049178123474,0.07919508218765259,2.393324613571167,15
1247.png,L4,0.9521395564079285,0.04786044359207153,1.795115351676941,18
1248.png,L4,0.9025633931159973,0.09743660688400269,2.2688920497894287,16
1249.png,L4,0.9118795394897461,0.0881204605102539,2.4099693298339844,15
1250.png,L4,0.9118852615356445,0.08811473846435547,2.2955801486968994,18
1251.png,L4,0.922210693359375,0.077789306640625,2.1586222648620605,18
1252.png,L4,0.930533766746521,0.069466233253479,2.0599303245544434,18
1253.png,L4,0.9246020317077637,0.07539796829223633,2.1224772930145264,19
1254.png,L4,0.9521395564079285,0.04786044359207153,1.795115351676941,18
1267.png,L4,0.9331026673316956,0.06689733266830444,1.8612637519836426,18
1273.png,L4,0.9118795394897461,0.0881204605102539,2.4099693298339844,15
1279.png,L4,0.9277117252349854,0.07228827476501465,1.9365456104278564,14
1280.png,L4,0.9118852615356445,0.08811473846435547,2.2955801486968994,18
1281.png,L4,0.9246020317077637,0.07539796829223633,2.1224772930145264,19
1282.png,L4,0.9168605208396912,0.08313947916030884,2.293438673019409,16
1283.png,L4,0.9550691246986389,0.044930875301361084,1.5584220886230469,21
1293.png,L4,0.9272383451461792,0.0727616548538208,2.0330216884613037,17
1309.png,L4,0.9562438726425171,0.04375612735748291,1.6542609930038452,16
1326.png,L4,0.930533766746521,0.069466233253479,2.0599303245544434,18
1331.png,L4,0.9079459309577942,0.09205406904220581,2.4400908946990967,18
1333.png,L4,0.9246020317077637,0.07539796829223633,2.1224772930145264,19
1334.png,L4,0.9168605208396912,0.08313947916030884,2.293438673019409,16
1341.png,L4,0.9025633931159973,0.09743660688400269,2.2688920497894287,16
1345.png,L4,0.922210693359375,0.077789306640625,2.1586222648620605,18
1346.png,L4,0.9118852615356445,0.08811473846435547,2.2955801486968994,18
1353.png,L4,0.9208049178123474,0.07919508218765259,2.393324613571167,15
1355.png,L4,0.922210693359375,0.077789306640625,2.1586222648620605,18
1361.png,L4,0.9272383451461792,0.0727616548538208,2.0330216884613037,17
1364.png,L4,0.922210693359375,0.077789306640625,2.1586222648620605,18
1365.png,L4,0.9550691246986389,0.044930875301361084,1.5584220886230469,21
1367.png,L4,0.9118795394897461,0.0881204605102539,2.4099693298339844,15
1368.png,L4,0.9550691246986389,0.044930875301361084,1.5584220886230469,21
1370.png,L4,0.9079459309577942,0.09205406904220581,2.4400908946990967,18
1371.png,L4,0.9025633931159973,0.09743660688400269,2.2688920497894287,16
1372.png,L4,0.9025633931159973,0.09743660688400269,2.2688920497894287,16
1373.png,L4,0.9331026673316956,0.06689733266830444,1.8612637519836426,18
1378.png,L4,0.9246020317077637,0.07539796829223633,2.1224772930145264,19
1380.png,L4,0.9317153692245483,0.06828463077545166,2.0973105430603027,18
1381.png,L4,0.9562438726425171,0.04375612735748291,1.6542609930038452,16
1384.png,L4,0.9272383451461792,0.0727616548538208,2.0330216884613037,17
1387.png,L4,0.9025633931159973,0.09743660688400269,2.2688920497894287,16
1388.png,L4,0.9317153692245483,0.06828463077545166,2.0973105430603027,18
1397.png,L4,0.9183429479598999,0.0816570520401001,2.358928680419922,17
1398.png,L4,0.922210693359375,0.077789306640625,2.1586222648620605,18
1399.png,L4,0.930533766746521,0.069466233253479,2.0599303245544434,18
1401.png,L4,0.9562438726425171,0.04375612735748291,1.6542609930038452,16
1402.png,L4,0.9317153692245483,0.06828463077545166,2.0973105430603027,18
1406.png,L4,0.9562438726425171,0.04375612735748291,1.6542609930038452,16
1407.png,L4,0.9079459309577942,0.09205406904220581,2.4400908946990967,18
1410.png,L4,0.9562438726425171,0.04375612735748291,1.6542609930038452,16
1411.png,L4,0.9212381839752197,0.07876181602478027,2.1101784706115723,14
1425.png,L4,0.9562438726425171,0.04375612735748291,1.6542609930038452,16
1426.png,L4,0.9550691246986389,0.044930875301361084,1.5584220886230469,21
1435.png,L4,0.9025633931159973,0.09743660688400269,2.2688920497894287,16
1436.png,L4,0.9118795394897461,0.0881204605102539,2.4099693298339844,15
1437.png,L4,0.9173610210418701,0.08263897895812988,2.2241835594177246,17
1442.png,L4,0.9272383451461792,0.0727616548538208,2.0330216884613037,17
1457.png,L4,0.9331026673316956,0.06689733266830444,1.8612637519836426,18
1458.png,L4,0.930533766746521,0.069466233253479,2.0599303245544434,18
1459.png,L4,0.9246020317077637,0.07539796829223633,2.1224772930145264,19
1461.png,L4,0.9562438726425171,0.04375612735748291,1.6542609930038452,16
1464.png,L4,0.9317153692245483,0.06828463077545166,2.0973105430603027,18
1465.png,L4,0.9208049178123474,0.07919508218765259,2.393324613571167,15
1466.png,L4,0.9331026673316956,0.06689733266830444,1.8612637519836426,18
1472.png,L4,0.9183429479598999,0.0816570520401001,2.358928680419922,17
1477.png,L4,0.9562438726425171,0.04375612735748291,1.6542609930038452,16
1480.png,L4,0.9079459309577942,0.09205406904220581,2.4400908946990967,18
1481.png,L4,0.9331026673316956,0.06689733266830444,1.8612637519836426,18
1482.png,L4,0.9173610210418701,0.08263897895812988,2.2241835594177246,17
1483.png,L4,0.930533766746521,0.069466233253479,2.0599303245544434,18
1484.png,L4,0.9079459309577942,0.09205406904220581,2.4400908946990967,18
1485.png,L4,0.9025633931159973,0.09743660688400269,2.2688920497894287,16
1488.png,L4,0.9317153692245483,0.06828463077545166,2.0973105430603027,18
1490.png,L4,0.9550691246986389,0.044930875301361084,1.5584220886230469,21
1491.png,L4,0.9277117252349854,0.07228827476501465,1.9365456104278564,14
1492.png,L4,0.9079459309577942,0.09205406904220581,2.4400908946990967,18
1493.png,L4,0.9521395564079285,0.04786044359207153,1.795115351676941,18
1495.png,L4,0.9079459309577942,0.09205406904220581,2.4400908946990967,18
1496.png,L4,0.9079459309577942,0.09205406904220581,2.4400908946990967,18
1497.png,L4,0.9079459309577942,0.09205406904220581,2.4400908946990967,18
1498.png,L4,0.9317153692245483,0.06828463077545166,2.0973105430603027,18
1509.png,L4,0.9521395564079285,0.04786044359207153,1.795115351676941,18
1519.png,L4,0.9331026673316956,0.06689733266830444,1.8612637519836426,18
1529.png,L4,0.9521395564079285,0.04786044359207153,1.795115351676941,18
1533.png,L4,0.9317153692245483,0.06828463077545166,2.0973105430603027,18
1534.png,L4,0.9212381839752197,0.07876181602478027,2.1101784706115723,14
1535.png,L4,0.9272383451461792,0.0727616548538208,2.0330216884613037,17
1536.png,L4,0.9331026673316956,0.06689733266830444,1.8612637519836426,18
1545.png,L4,0.9331026673316956,0.06689733266830444,1.8612637519836426,18
1546.png,L4,0.9246020317077637,0.07539796829223633,2.1224772930145264,19
1547.png,L4,0.9168605208396912,0.08313947916030884,2.293438673019409,16
1548.png,L4,0.9521395564079285,0.04786044359207153,1.795115351676941,18
1551.png,L4,0.9272383451461792,0.0727616548538208,2.0330216884613037,17
1552.png,L4,0.922210693359375,0.077789306640625,2.1586222648620605,18
1555.png,L4,0.9118852615356445,0.08811473846435547,2.2955801486968994,18
1559.png,L4,0.9246020317077637,0.07539796829223633,2.1224772930145264,19
1560.png,L4,0.9331026673316956,0.06689733266830444,1.8612637519836426,18
1563.png,L4,0.9246020317077637,0.07539796829223633,2.1224772930145264,19
1564.png,L4,0.9118795394897461,0.0881204605102539,2.4099693298339844,15
1574.png,L4,0.9208049178123474,0.07919508218765259,2.393324613571167,15
1575.png,L4,0.9118795394897461,0.0881204605102539,2.4099693298339844,15
1577.png,L4,0.9118795394897461,0.0881204605102539,2.4099693298339844,15
1579.png,L4,0.9246020317077637,0.07539796829223633,2.1224772930145264,19
1583.png,L4,0.9521395564079285,0.04786044359207153,1.795115351676941,18
1585.png,L4,0.9183429479598999,0.0816570520401001,2.358928680419922,17
1587.png,L4,0.9168605208396912,0.08313947916030884,2.293438673019409,16
1588.png,L4,0.9079459309577942,0.09205406904220581,2.4400908946990967,18
1590.png,L4,0.922210693359375,0.077789306640625,2.1586222648620605,18
1591.png,L4,0.9118795394897461,0.0881204605102539,2.4099693298339844,15
1596.png,L4,0.9208049178123474,0.07919508218765259,2.393324613571167,15
1600.png,L4,0.9331026673316956,0.06689733266830444,1.8612637519836426,18
1601.png,L4,0.9118852615356445,0.08811473846435547,2.2955801486968994,18
1619.png,L4,0.9079459309577942,0.09205406904220581,2.4400908946990967,18
1628.png,L4,0.922210693359375,0.077789306640625,2.1586222648620605,18
1629.png,L4,0.9246020317077637,0.07539796829223633,2.1224772930145264,19
1630.png,L4,0.9562438726425171,0.04375612735748291,1.6542609930038452,16
1644.png,L4,0.930533766746521,0.069466233253479,2.0599303245544434,18
1645.png,L4,0.9272383451461792,0.0727616548538208,2.0330216884613037,17
1646.png,L4,0.9208049178123474,0.07919508218765259,2.393324613571167,15
1647.png,L4,0.9183429479598999,0.0816570520401001,2.358928680419922,17
1648.png,L4,0.9277117252349854,0.07228827476501465,1.9365456104278564,14
1656.png,L4,0.9081519842147827,0.09184801578521729,2.4214096069335938,15
1657.png,L4,0.9550691246986389,0.044930875301361084,1.5584220886230469,21
1665.png,L4,0.930533766746521,0.069466233253479,2.0599303245544434,18
1666.png,L4,0.9521395564079285,0.04786044359207153,1.795115351676941,18
1678.png,L4,0.9521395564079285,0.04786044359207153,1.795115351676941,18
1684.png,L4,0.9246020317077637,0.07539796829223633,2.1224772930145264,19
1685.png,L4,0.9079459309577942,0.09205406904220581,2.4400908946990967,18
1686.png,L4,0.9521395564079285,0.04786044359207153,1.795115351676941,18
1689.png,L4,0.9562438726425171,0.04375612735748291,1.6542609930038452,16
1696.png,L4,0.9168605208396912,0.08313947916030884,2.293438673019409,16
1706.png,L4,0.9168605208396912,0.08313947916030884,2.293438673019409,16
1715.png,L4,0.9212381839752197,0.07876181602478027,2.1101784706115723,14
1716.png,L4,0.9317153692245483,0.06828463077545166,2.0973105430603027,18
1718.png,L4,0.9212381839752197,0.07876181602478027,2.1101784706115723,14
1727.png,L4,0.9118795394897461,0.0881204605102539,2.4099693298339844,15
1728.png,L4,0.9317153692245483,0.06828463077545166,2.0973105430603027,18
1729.png,L4,0.9272383451461792,0.0727616548538208,2.0330216884613037,17
1730.png,L4,0.9079459309577942,0.09205406904220581,2.4400908946990967,18
1734.png,L4,0.9550691246986389,0.044930875301361084,1.5584220886230469,21
1735.png,L4,0.9277117252349854,0.07228827476501465,1.9365456104278564,14
1736.png,L4,0.9521395564079285,0.04786044359207153,1.795115351676941,18
1740.png,L4,0.9079459309577942,0.09205406904220581,2.4400908946990967,18
1744.png,L4,0.9183429479598999,0.0816570520401001,2.358928680419922,17
1746.png,L4,0.9208049178123474,0.07919508218765259,2.393324613571167,15
1752.png,L4,0.9331026673316956,0.06689733266830444,1.8612637519836426,18
1769.png,L4,0.9331026673316956,0.06689733266830444,1.8612637519836426,18
1771.png,L4,0.9025633931159973,0.09743660688400269,2.2688920497894287,16
1773.png,L4,0.9562438726425171,0.04375612735748291,1.6542609930038452,16
1774.png,L4,0.9081519842147827,0.09184801578521729,2.4214096069335938,15
1776.png,L4,0.9079459309577942,0.09205406904220581,2.4400908946990967,18
1789.png,L4,0.9183429479598999,0.0816570520401001,2.358928680419922,17
1796.png,L4,0.930533766746521,0.069466233253479,2.0599303245544434,18
1798.png,L4,0.9550691246986389,0.044930875301361084,1.5584220886230469,21
1807.png,L4,0.9173610210418701,0.08263897895812988,2.2241835594177246,17
1816.png,L4,0.9025633931159973,0.09743660688400269,2.2688920497894287,16
1824.png,L4,0.9025633931159973,0.09743660688400269,2.2688920497894287,16
1825.png,L4,0.9118795394897461,0.0881204605102539,2.4099693298339844,15
1826.png,L4,0.9025633931159973,0.09743660688400269,2.2688920497894287,16
1827.png,L4,0.9118795394897461,0.0881204605102539,2.4099693298339844,15
1829.png,L4,0.9521395564079285,0.04786044359207153,1.795115351676941,18
1834.png,L4,0.9562438726425171,0.04375612735748291,1.6542609930038452,16
1835.png,L4,0.9118795394897461,0.0881204605102539,2.4099693298339844,15
1843.png,L4,0.8703897595405579,0.12961024045944214,2.257124900817871,13
1847.png,L4,0.8724130392074585,0.1275869607925415,2.6445696353912354,15
1852.png,L4,0.8722167015075684,0.12778329849243164,2.5465285778045654,16
1853.png,L4,0.8374133706092834,0.16258662939071655,2.911275863647461,13
1858.png,L4,0.8670508861541748,0.1329491138458252,2.390178680419922,15
1863.png,L4,0.8374133706092834,0.16258662939071655,2.911275863647461,13
1869.png,L4,0.8647768497467041,0.1352231502532959,2.603976249694824,13
1879.png,L4,0.8980333209037781,0.10196667909622192,2.401667356491089,14
1880.png,L4,0.8670508861541748,0.1329491138458252,2.390178680419922,15
1882.png,L4,0.8500473499298096,0.14995265007019043,2.459855079650879,13
1886.png,L4,0.8722167015075684,0.12778329849243164,2.5465285778045654,16
1890.png,L4,0.8531601428985596,0.14683985710144043,2.7428781986236572,13
1894.png,L4,0.8473992943763733,0.1526007056236267,2.9577553272247314,14
1900.png,L4,0.8500473499298096,0.14995265007019043,2.459855079650879,13
1901.png,L4,0.8980333209037781,0.10196667909622192,2.401667356491089,14
1902.png,L4,0.8724130392074585,0.1275869607925415,2.6445696353912354,15
1910.png,L4,0.8972447514533997,0.10275524854660034,2.6748931407928467,14
1911.png,L4,0.909002423286438,0.09099757671356201,2.176992177963257,13
1917.png,L4,0.8500473499298096,0.14995265007019043,2.459855079650879,13
1933.png,L4,0.8583993911743164,0.1416006088256836,2.7100002765655518,13
1941.png,L4,0.8852561116218567,0.11474388837814331,2.4115493297576904,14
1949.png,L4,0.8592427968978882,0.14075720310211182,2.7513067722320557,15
1950.png,L4,0.9328065514564514,0.06719344854354858,1.8932636976242065,14
1951.png,L4,0.9328065514564514,0.06719344854354858,1.8932636976242065,14
1955.png,L4,0.8613402247428894,0.1386597752571106,2.71264386177063,13
1957.png,L4,0.8647768497467041,0.1352231502532959,2.603976249694824,13
1978.png,L4,0.8473992943763733,0.1526007056236267,2.9577553272247314,14
1981.png,L4,0.8670508861541748,0.1329491138458252,2.390178680419922,15
1984.png,L4,0.8500473499298096,0.14995265007019043,2.459855079650879,13
1986.png,L4,0.8583993911743164,0.1416006088256836,2.7100002765655518,13
1988.png,L4,0.8836826086044312,0.11631739139556885,2.4396235942840576,14
2002.png,L4,0.909002423286438,0.09099757671356201,2.176992177963257,13
2003.png,L4,0.8703897595405579,0.12961024045944214,2.257124900817871,13
2006.png,L4,0.8972447514533997,0.10275524854660034,2.6748931407928467,14
2007.png,L4,0.8500473499298096,0.14995265007019043,2.459855079650879,13
2008.png,L4,0.8500473499298096,0.14995265007019043,2.459855079650879,13
2009.png,L4,0.878219723701477,0.12178027629852295,2.329400062561035,15
2014.png,L4,0.8583993911743164,0.1416006088256836,2.7100002765655518,13
2026.png,L4,0.8980333209037781,0.10196667909622192,2.401667356491089,14
2029.png,L4,0.8613402247428894,0.1386597752571106,2.71264386177063,13
2031.png,L4,0.8374133706092834,0.16258662939071655,2.911275863647461,13
2039.png,L4,0.8722167015075684,0.12778329849243164,2.5465285778045654,16
2055.png,L4,0.9328065514564514,0.06719344854354858,1.8932636976242065,14
2062.png,L4,0.8647768497467041,0.1352231502532959,2.603976249694824,13
2064.png,L4,0.8531601428985596,0.14683985710144043,2.7428781986236572,13
2065.png,L4,0.8836826086044312,0.11631739139556885,2.4396235942840576,14
2066.png,L4,0.8613402247428894,0.1386597752571106,2.71264386177063,13
2075.png,L4,0.8836826086044312,0.11631739139556885,2.4396235942840576,14
2076.png,L4,0.8724130392074585,0.1275869607925415,2.6445696353912354,15
2082.png,L4,0.8592427968978882,0.14075720310211182,2.7513067722320557,15
2108.png,L4,0.8647768497467041,0.1352231502532959,2.603976249694824,13
2110.png,L4,0.8647768497467041,0.1352231502532959,2.603976249694824,13
2118.png,L4,0.8647768497467041,0.1352231502532959,2.603976249694824,13
2127.png,L4,0.8374133706092834,0.16258662939071655,2.911275863647461,13
2136.png,L4,0.878219723701477,0.12178027629852295,2.329400062561035,15
2137.png,L4,0.8852561116218567,0.11474388837814331,2.4115493297576904,14
2148.png,L4,0.8374133706092834,0.16258662939071655,2.911275863647461,13
2170.png,L4,0.9328065514564514,0.06719344854354858,1.8932636976242065,14
2176.png,L4,0.8852561116218567,0.11474388837814331,2.4115493297576904,14
2178.png,L4,0.8836826086044312,0.11631739139556885,2.4396235942840576,14
2182.png,L4,0.8980333209037781,0.10196667909622192,2.401667356491089,14
2188.png,L4,0.8722167015075684,0.12778329849243164,2.5465285778045654,16
2208.png,L4,0.8613402247428894,0.1386597752571106,2.71264386177063,13
2211.png,L4,0.901389479637146,0.098610520362854,2.157174825668335,15
2213.png,L4,0.878219723701477,0.12178027629852295,2.329400062561035,15
2214.png,L4,0.8722167015075684,0.12778329849243164,2.5465285778045654,16
2221.png,L4,0.8374133706092834,0.16258662939071655,2.911275863647461,13
2226.png,L4,0.8583993911743164,0.1416006088256836,2.7100002765655518,13
2227.png,L4,0.8703897595405579,0.12961024045944214,2.257124900817871,13
2237.png,L4,0.8724130392074585,0.1275869607925415,2.6445696353912354,15
2241.png,L4,0.8836826086044312,0.11631739139556885,2.4396235942840576,14
2244.png,L4,0.8836826086044312,0.11631739139556885,2.4396235942840576,14
2245.png,L4,0.8670508861541748,0.1329491138458252,2.390178680419922,15
2246.png,L4,0.8531601428985596,0.14683985710144043,2.7428781986236572,13
2248.png,L4,0.8703897595405579,0.12961024045944214,2.257124900817871,13
2259.png,L4,0.8980333209037781,0.10196667909622192,2.401667356491089,14
2272.png,L4,0.9328065514564514,0.06719344854354858,1.8932636976242065,14
2277.png,L4,0.8647768497467041,0.1352231502532959,2.603976249694824,13
2278.png,L4,0.8836826086044312,0.11631739139556885,2.4396235942840576,14
2293.png,L4,0.8724130392074585,0.1275869607925415,2.6445696353912354,15
2326.png,L4,0.8647768497467041,0.1352231502532959,2.603976249694824,13
2344.png,L4,0.8852561116218567,0.11474388837814331,2.4115493297576904,14
2353.png,L4,0.8836826086044312,0.11631739139556885,2.4396235942840576,14
2364.png,L4,0.8852561116218567,0.11474388837814331,2.4115493297576904,14
2384.png,L4,0.9328065514564514,0.06719344854354858,1.8932636976242065,14
2386.png,L4,0.8647768497467041,0.1352231502532959,2.603976249694824,13
2388.png,L4,0.8852561116218567,0.11474388837814331,2.4115493297576904,14
2389.png,L4,0.8703897595405579,0.12961024045944214,2.257124900817871,13
2392.png,L4,0.8473992943763733,0.1526007056236267,2.9577553272247314,14
2395.png,L4,0.8703897595405579,0.12961024045944214,2.257124900817871,13
2399.png,L4,0.8722167015075684,0.12778329849243164,2.5465285778045654,16
2400.png,L4,0.8583993911743164,0.1416006088256836,2.7100002765655518,13
2401.png,L4,0.8694266676902771,0.1305733323097229,2.534266948699951,16
2406.png,L4,0.8613402247428894,0.1386597752571106,2.71264386177063,13
2423.png,L4,0.8670508861541748,0.1329491138458252,2.390178680419922,15
2424.png,L4,0.909002423286438,0.09099757671356201,2.176992177963257,13
2430.png,L4,0.8852561116218567,0.11474388837814331,2.4115493297576904,14
2442.png,L4,0.8972447514533997,0.10275524854660034,2.6748931407928467,14
2459.png,L4,0.8852561116218567,0.11474388837814331,2.4115493297576904,14
2472.png,L4,0.9328065514564514,0.06719344854354858,1.8932636976242065,14
2474.png,L4,0.8500473499298096,0.14995265007019043,2.459855079650879,13
2486.png,L4,0.878219723701477,0.12178027629852295,2.329400062561035,15
2489.png,L4,0.901389479637146,0.098610520362854,2.157174825668335,15
2503.png,L4,0.8473992943763733,0.1526007056236267,2.9577553272247314,14
2504.png,L4,0.8583993911743164,0.1416006088256836,2.7100002765655518,13
2511.png,L4,0.8473992943763733,0.1526007056236267,2.9577553272247314,14
2520.png,L4,0.8724130392074585,0.1275869607925415,2.6445696353912354,15
2522.png,L4,0.8647768497467041,0.1352231502532959,2.603976249694824,13
2523.png,L4,0.9328065514564514,0.06719344854354858,1.8932636976242065,14
2532.png,L4,0.8852561116218567,0.11474388837814331,2.4115493297576904,14
2533.png,L4,0.8583993911743164,0.1416006088256836,2.7100002765655518,13
2537.png,L4,0.8972447514533997,0.10275524854660034,2.6748931407928467,14
2542.png,L4,0.8647768497467041,0.1352231502532959,2.603976249694824,13
2545.png,L4,0.8647768497467041,0.1352231502532959,2.603976249694824,13
2555.png,L4,0.901389479637146,0.098610520362854,2.157174825668335,15
2556.png,L4,0.8852561116218567,0.11474388837814331,2.4115493297576904,14
2557.png,L4,0.8836826086044312,0.11631739139556885,2.4396235942840576,14
2565.png,L4,0.8694266676902771,0.1305733323097229,2.534266948699951,16
2575.png,L4,0.8500473499298096,0.14995265007019043,2.459855079650879,13
2577.png,L4,0.8613402247428894,0.1386597752571106,2.71264386177063,13
2581.png,L4,0.8980333209037781,0.10196667909622192,2.401667356491089,14
2582.png,L4,0.8722167015075684,0.12778329849243164,2.5465285778045654,16
2589.png,L4,0.8613402247428894,0.1386597752571106,2.71264386177063,13
2590.png,L4,0.909002423286438,0.09099757671356201,2.176992177963257,13
2591.png,L4,0.8722167015075684,0.12778329849243164,2.5465285778045654,16
2592.png,L4,0.8980333209037781,0.10196667909622192,2.401667356491089,14
2593.png,L4,0.8473992943763733,0.1526007056236267,2.9577553272247314,14
2594.png,L4,0.878219723701477,0.12178027629852295,2.329400062561035,15
2602.png,L4,0.8980333209037781,0.10196667909622192,2.401667356491089,14
2605.png,L4,0.8500473499298096,0.14995265007019043,2.459855079650879,13
2608.png,L4,0.8694266676902771,0.1305733323097229,2.534266948699951,16
2609.png,L4,0.8670508861541748,0.1329491138458252,2.390178680419922,15
2623.png,L4,0.8722167015075684,0.12778329849243164,2.5465285778045654,16
2656.png,L4,0.8613402247428894,0.1386597752571106,2.71264386177063,13
2660.png,L4,0.8722167015075684,0.12778329849243164,2.5465285778045654,16
2680.png,L4,0.8647768497467041,0.1352231502532959,2.603976249694824,13
2685.png,L4,0.8972447514533997,0.10275524854660034,2.6748931407928467,14
2701.png,L4,0.8473992943763733,0.1526007056236267,2.9577553272247314,14
2703.png,L4,0.8670508861541748,0.1329491138458252,2.390178680419922,15
2705.png,L4,0.9328065514564514,0.06719344854354858,1.8932636976242065,14
2706.png,L4,0.8972447514533997,0.10275524854660034,2.6748931407928467,14
2716.png,L4,0.8473992943763733,0.1526007056236267,2.9577553272247314,14
2720.png,L4,0.8670508861541748,0.1329491138458252,2.390178680419922,15
2721.png,L4,0.8613402247428894,0.1386597752571106,2.71264386177063,13
2723.png,L4,0.909002423286438,0.09099757671356201,2.176992177963257,13
2740.png,L4,0.8647768497467041,0.1352231502532959,2.603976249694824,13
2752.png,L4,0.8647768497467041,0.1352231502532959,2.603976249694824,13
2754.png,L4,0.8670508861541748,0.1329491138458252,2.390178680419922,15
2766.png,L4,0.8980333209037781,0.10196667909622192,2.401667356491089,14
2768.png,L4,0.8724130392074585,0.1275869607925415,2.6445696353912354,15
2771.png,L4,0.8592427968978882,0.14075720310211182,2.7513067722320557,15
2781.png,L4,0.8473992943763733,0.1526007056236267,2.9577553272247314,14
2782.png,L4,0.8724130392074585,0.1275869607925415,2.6445696353912354,15
2784.png,L4,0.8722167015075684,0.12778329849243164,2.5465285778045654,16
2787.png,L4,0.8473992943763733,0.1526007056236267,2.9577553272247314,14
2794.png,L4,0.8836826086044312,0.11631739139556885,2.4396235942840576,14
2801.png,L4,0.9328065514564514,0.06719344854354858,1.8932636976242065,14
2807.png,L4,0.8694266676902771,0.1305733323097229,2.534266948699951,16
2810.png,L4,0.8836826086044312,0.11631739139556885,2.4396235942840576,14
2816.png,L4,0.8583993911743164,0.1416006088256836,2.7100002765655518,13
2825.png,L4,0.8473992943763733,0.1526007056236267,2.9577553272247314,14
2827.png,L4,0.8647768497467041,0.1352231502532959,2.603976249694824,13
2835.png,L4,0.8500473499298096,0.14995265007019043,2.459855079650879,13
2846.png,L4,0.8836826086044312,0.11631739139556885,2.4396235942840576,14
2866.png,L4,0.909002423286438,0.09099757671356201,2.176992177963257,13
2871.png,L4,0.8722167015075684,0.12778329849243164,2.5465285778045654,16
2875.png,L4,0.8613402247428894,0.1386597752571106,2.71264386177063,13
2877.png,L4,0.8852561116218567,0.11474388837814331,2.4115493297576904,14
2878.png,L4,0.8473992943763733,0.1526007056236267,2.9577553272247314,14
2882.png,L4,0.8473992943763733,0.1526007056236267,2.9577553272247314,14
2883.png,L4,0.8980333209037781,0.10196667909622192,2.401667356491089,14
2884.png,L4,0.8980333209037781,0.10196667909622192,2.401667356491089,14
2885.png,L4,0.8852561116218567,0.11474388837814331,2.4115493297576904,14
2886.png,L4,0.8852561116218567,0.11474388837814331,2.4115493297576904,14
2891.png,L4,0.8670508861541748,0.1329491138458252,2.390178680419922,15
2895.png,L4,0.8670508861541748,0.1329491138458252,2.390178680419922,15
2897.png,L4,0.878219723701477,0.12178027629852295,2.329400062561035,15
2898.png,L4,0.8836826086044312,0.11631739139556885,2.4396235942840576,14
2910.png,L4,0.8613402247428894,0.1386597752571106,2.71264386177063,13
2912.png,L4,0.8613402247428894,0.1386597752571106,2.71264386177063,13
2916.png,L4,0.8473992943763733,0.1526007056236267,2.9577553272247314,14
2920.png,L4,0.8613402247428894,0.1386597752571106,2.71264386177063,13
2924.png,L4,0.8852561116218567,0.11474388837814331,2.4115493297576904,14
2927.png,L4,0.8374133706092834,0.16258662939071655,2.911275863647461,13
2933.png,L4,0.8852561116218567,0.11474388837814331,2.4115493297576904,14
2940.png,L4,0.8694266676902771,0.1305733323097229,2.534266948699951,16
2941.png,L4,0.8694266676902771,0.1305733323097229,2.534266948699951,16
2943.png,L4,0.8852561116218567,0.11474388837814331,2.4115493297576904,14
2947.png,L4,0.901389479637146,0.098610520362854,2.157174825668335,15
2951.png,L4,0.8852561116218567,0.11474388837814331,2.4115493297576904,14
2955.png,L4,0.8374133706092834,0.16258662939071655,2.911275863647461,13
2957.png,L4,0.8647768497467041,0.1352231502532959,2.603976249694824,13
2958.png,L4,0.8613402247428894,0.1386597752571106,2.71264386177063,13
2959.png,L4,0.8647768497467041,0.1352231502532959,2.603976249694824,13
2961.png,L4,0.8670508861541748,0.1329491138458252,2.390178680419922,15
2968.png,L4,0.8980333209037781,0.10196667909622192,2.401667356491089,14
2969.png,L4,0.8670508861541748,0.1329491138458252,2.390178680419922,15
2977.png,L4,0.8473992943763733,0.1526007056236267,2.9577553272247314,14
2978.png,L4,0.8613402247428894,0.1386597752571106,2.71264386177063,13
2979.png,L4,0.8583993911743164,0.1416006088256836,2.7100002765655518,13
2980.png,L4,0.8852561116218567,0.11474388837814331,2.4115493297576904,14
2981.png,L4,0.8613402247428894,0.1386597752571106,2.71264386177063,13
2982.png,L4,0.8592427968978882,0.14075720310211182,2.7513067722320557,15
2984.png,L4,0.8980333209037781,0.10196667909622192,2.401667356491089,14
2990.png,L4,0.8972447514533997,0.10275524854660034,2.6748931407928467,14
2991.png,L4,0.8613402247428894,0.1386597752571106,2.71264386177063,13
3001.png,L4,0.8670508861541748,0.1329491138458252,2.390178680419922,15
3008.png,L4,0.901389479637146,0.098610520362854,2.157174825668335,15
3015.png,L4,0.878219723701477,0.12178027629852295,2.329400062561035,15
3016.png,L4,0.8647768497467041,0.1352231502532959,2.603976249694824,13
3018.png,L4,0.8613402247428894,0.1386597752571106,2.71264386177063,13
3021.png,L4,0.8374133706092834,0.16258662939071655,2.911275863647461,13
3031.png,L4,0.9328065514564514,0.06719344854354858,1.8932636976242065,14
3039.png,L4,0.8374133706092834,0.16258662939071655,2.911275863647461,13
3045.png,L4,0.8613402247428894,0.1386597752571106,2.71264386177063,13
3046.png,L4,0.8583993911743164,0.1416006088256836,2.7100002765655518,13
3047.png,L4,0.8852561116218567,0.11474388837814331,2.4115493297576904,14
3051.png,L4,0.8852561116218567,0.11474388837814331,2.4115493297576904,14
3056.png,L4,0.8852561116218567,0.11474388837814331,2.4115493297576904,14
3063.png,L4,0.8985050916671753,0.10149490833282471,1.9912701845169067,17
7.png,L5,0.9425945281982422,0.05740547180175781,1.789177417755127,10
13.png,L5,0.9605631828308105,0.03943681716918945,1.5017311573028564,10
16.png,L5,0.9671174883842468,0.032882511615753174,1.3262805938720703,10
25.png,L5,0.9615843892097473,0.038415610790252686,1.4436020851135254,10
28.png,L5,0.9475857019424438,0.05241429805755615,1.6963775157928467,10
32.png,L5,0.9766830801963806,0.023316919803619385,1.1236680746078491,10
41.png,L5,0.9113526344299316,0.08864736557006836,2.1952145099639893,10
55.png,L5,0.893865168094635,0.10613483190536499,2.482393503189087,10
56.png,L5,0.9605631828308105,0.03943681716918945,1.5017311573028564,10
66.png,L5,0.893865168094635,0.10613483190536499,2.482393503189087,10
67.png,L5,0.9671174883842468,0.032882511615753174,1.3262805938720703,10
70.png,L5,0.9365878105163574,0.06341218948364258,1.853406548500061,10
86.png,L5,0.9475857019424438,0.05241429805755615,1.6963775157928467,10
93.png,L5,0.9365878105163574,0.06341218948364258,1.853406548500061,10
99.png,L5,0.9652303457260132,0.034769654273986816,1.4350186586380005,10
100.png,L5,0.9157616496086121,0.08423835039138794,2.2004008293151855,10
102.png,L5,0.9276224374771118,0.07237756252288818,1.9487823247909546,10
108.png,L5,0.9511220455169678,0.04887795448303223,1.6106860637664795,10
114.png,L5,0.9276224374771118,0.07237756252288818,1.9487823247909546,10
117.png,L5,0.9340737462043762,0.06592625379562378,1.8776426315307617,10
121.png,L5,0.9633733034133911,0.03662669658660889,1.396828055381775,10
122.png,L5,0.9605631828308105,0.03943681716918945,1.5017311573028564,10
124.png,L5,0.9511220455169678,0.04887795448303223,1.6106860637664795,10
128.png,L5,0.893865168094635,0.10613483190536499,2.482393503189087,10
131.png,L5,0.9633733034133911,0.03662669658660889,1.396828055381775,10
138.png,L5,0.9754089713096619,0.024591028690338135,1.14927077293396,10
150.png,L5,0.9615843892097473,0.038415610790252686,1.4436020851135254,10
152.png,L5,0.9475857019424438,0.05241429805755615,1.6963775157928467,10
156.png,L5,0.9365878105163574,0.06341218948364258,1.853406548500061,10
167.png,L5,0.9276224374771118,0.07237756252288818,1.9487823247909546,10
169.png,L5,0.9692729115486145,0.030727088451385498,1.2825095653533936,10
174.png,L5,0.9805295467376709,0.0194704532623291,1.0228618383407593,10
183.png,L5,0.9276224374771118,0.07237756252288818,1.9487823247909546,10
198.png,L5,0.9590247869491577,0.040975213050842285,1.4784971475601196,10
211.png,L5,0.9605631828308105,0.03943681716918945,1.5017311573028564,10
217.png,L5,0.9805295467376709,0.0194704532623291,1.0228618383407593,10
223.png,L5,0.9652303457260132,0.034769654273986816,1.4350186586380005,10
228.png,L5,0.9671174883842468,0.032882511615753174,1.3262805938720703,10
233.png,L5,0.9671174883842468,0.032882511615753174,1.3262805938720703,10
234.png,L5,0.9754089713096619,0.024591028690338135,1.14927077293396,10
238.png,L5,0.9652303457260132,0.034769654273986816,1.4350186586380005,10
246.png,L5,0.9805295467376709,0.0194704532623291,1.0228618383407593,10
256.png,L5,0.9511220455169678,0.04887795448303223,1.6106860637664795,10
262.png,L5,0.9605631828308105,0.03943681716918945,1.5017311573028564,10
263.png,L5,0.9615843892097473,0.038415610790252686,1.4436020851135254,10
284.png,L5,0.9633733034133911,0.03662669658660889,1.396828055381775,10
296.png,L5,0.9590247869491577,0.040975213050842285,1.4784971475601196,10
304.png,L5,0.9754089713096619,0.024591028690338135,1.14927077293396,10
311.png,L5,0.9805295467376709,0.0194704532623291,1.0228618383407593,10
321.png,L5,0.9511220455169678,0.04887795448303223,1.6106860637664795,10
323.png,L5,0.9652303457260132,0.034769654273986816,1.4350186586380005,10
324.png,L5,0.9652303457260132,0.034769654273986816,1.4350186586380005,10
332.png,L5,0.9340737462043762,0.06592625379562378,1.8776426315307617,10
333.png,L5,0.9511220455169678,0.04887795448303223,1.6106860637664795,10
350.png,L5,0.9671174883842468,0.032882511615753174,1.3262805938720703,10
351.png,L5,0.9805295467376709,0.0194704532623291,1.0228618383407593,10
354.png,L5,0.9754089713096619,0.024591028690338135,1.14927077293396,10
404.png,L5,0.9692729115486145,0.030727088451385498,1.2825095653533936,10
415.png,L5,0.9652303457260132,0.034769654273986816,1.4350186586380005,10
429.png,L5,0.9590247869491577,0.040975213050842285,1.4784971475601196,10
442.png,L5,0.9652303457260132,0.034769654273986816,1.4350186586380005,10
443.png,L5,0.9475857019424438,0.05241429805755615,1.6963775157928467,10
445.png,L5,0.9805295467376709,0.0194704532623291,1.0228618383407593,10
452.png,L5,0.9450967907905579,0.05490320920944214,1.731490969657898,10
457.png,L5,0.893865168094635,0.10613483190536499,2.482393503189087,10
472.png,L5,0.9633733034133911,0.03662669658660889,1.396828055381775,10
473.png,L5,0.9605631828308105,0.03943681716918945,1.5017311573028564,10
475.png,L5,0.9475857019424438,0.05241429805755615,1.6963775157928467,10
482.png,L5,0.9590247869491577,0.040975213050842285,1.4784971475601196,10
483.png,L5,0.9425945281982422,0.05740547180175781,1.789177417755127,10
484.png,L5,0.9671174883842468,0.032882511615753174,1.3262805938720703,10
486.png,L5,0.9805295467376709,0.0194704532623291,1.0228618383407593,10
494.png,L5,0.9605631828308105,0.03943681716918945,1.5017311573028564,10
500.png,L5,0.9425945281982422,0.05740547180175781,1.789177417755127,10
506.png,L5,0.9652303457260132,0.034769654273986816,1.4350186586380005,10
507.png,L5,0.9766830801963806,0.023316919803619385,1.1236680746078491,10
518.png,L5,0.9113526344299316,0.08864736557006836,2.1952145099639893,10
519.png,L5,0.9450967907905579,0.05490320920944214,1.731490969657898,10
543.png,L5,0.9511220455169678,0.04887795448303223,1.6106860637664795,10
550.png,L5,0.9671174883842468,0.032882511615753174,1.3262805938720703,10
551.png,L5,0.9365878105163574,0.06341218948364258,1.853406548500061,10
558.png,L5,0.9276224374771118,0.07237756252288818,1.9487823247909546,10
561.png,L5,0.9633733034133911,0.03662669658660889,1.396828055381775,10
562.png,L5,0.9633733034133911,0.03662669658660889,1.396828055381775,10
563.png,L5,0.9450967907905579,0.05490320920944214,1.731490969657898,10
579.png,L5,0.9652303457260132,0.034769654273986816,1.4350186586380005,10
581.png,L5,0.9475857019424438,0.05241429805755615,1.6963775157928467,10
589.png,L5,0.9511220455169678,0.04887795448303223,1.6106860637664795,10
590.png,L5,0.9590247869491577,0.040975213050842285,1.4784971475601196,10
592.png,L5,0.9671174883842468,0.032882511615753174,1.3262805938720703,10
593.png,L5,0.9652303457260132,0.034769654273986816,1.4350186586380005,10
601.png,L5,0.9805295467376709,0.0194704532623291,1.0228618383407593,10
604.png,L5,0.9766830801963806,0.023316919803619385,1.1236680746078491,10
614.png,L5,0.9615843892097473,0.038415610790252686,1.4436020851135254,10
616.png,L5,0.9590247869491577,0.040975213050842285,1.4784971475601196,10
621.png,L5,0.9652303457260132,0.034769654273986816,1.4350186586380005,10
623.png,L5,0.9633733034133911,0.03662669658660889,1.396828055381775,10
630.png,L5,0.893865168094635,0.10613483190536499,2.482393503189087,10
633.png,L5,0.9511220455169678,0.04887795448303223,1.6106860637664795,10
670.png,L5,0.9692729115486145,0.030727088451385498,1.2825095653533936,10
675.png,L5,0.9590247869491577,0.040975213050842285,1.4784971475601196,10
681.png,L5,0.9805295467376709,0.0194704532623291,1.0228618383407593,10
687.png,L5,0.9590247869491577,0.040975213050842285,1.4784971475601196,10
694.png,L5,0.9113526344299316,0.08864736557006836,2.1952145099639893,10
695.png,L5,0.9615843892097473,0.038415610790252686,1.4436020851135254,10
712.png,L5,0.9716464877128601,0.028353512287139893,1.4250255823135376,10
713.png,L5,0.9499052166938782,0.050094783306121826,1.8791981935501099,10
714.png,L5,0.9838365316390991,0.01616346836090088,1.0756722688674927,10
723.png,L5,0.9712339043617249,0.028766095638275146,1.3450361490249634,10
727.png,L5,0.9191939234733582,0.08080607652664185,2.2765424251556396,10
729.png,L5,0.9712339043617249,0.028766095638275146,1.3450361490249634,10
761.png,L5,0.9641460180282593,0.03585398197174072,1.5200445652008057,10
762.png,L5,0.9712339043617249,0.028766095638275146,1.3450361490249634,10
764.png,L5,0.9713317155838013,0.02866828441619873,1.3431382179260254,10
769.png,L5,0.9395129084587097,0.06048709154129028,1.9334912300109863,10
776.png,L5,0.9363240003585815,0.06367599964141846,1.9886486530303955,10
780.png,L5,0.9191939234733582,0.08080607652664185,2.2765424251556396,10
781.png,L5,0.9090080857276917,0.09099191427230835,2.4126055240631104,10
782.png,L5,0.9191939234733582,0.08080607652664185,2.2765424251556396,10
794.png,L5,0.9395129084587097,0.06048709154129028,1.9334912300109863,10
828.png,L5,0.9641460180282593,0.03585398197174072,1.5200445652008057,10
837.png,L5,0.9385637044906616,0.06143629550933838,1.9509403705596924,10
847.png,L5,0.9363240003585815,0.06367599964141846,1.9886486530303955,10
856.png,L5,0.9395129084587097,0.06048709154129028,1.9334912300109863,10
865.png,L5,0.9422644376754761,0.057735562324523926,1.8913816213607788,10
867.png,L5,0.9588941335678101,0.04110586643218994,1.6245402097702026,10
868.png,L5,0.9373908042907715,0.06260919570922852,1.9668551683425903,10
900.png,L5,0.9363240003585815,0.06367599964141846,1.9886486530303955,10
915.png,L5,0.9712339043617249,0.028766095638275146,1.3450361490249634,10
921.png,L5,0.9716464877128601,0.028353512287139893,1.4250255823135376,10
922.png,L5,0.9658348560333252,0.034165143966674805,1.5706110000610352,10
929.png,L5,0.9472440481185913,0.05275595188140869,1.9411842823028564,10
933.png,L5,0.9838365316390991,0.01616346836090088,1.0756722688674927,10
935.png,L5,0.9658348560333252,0.034165143966674805,1.5706110000610352,10
939.png,L5,0.9678597450256348,0.032140254974365234,1.5287697315216064,10
942.png,L5,0.9833325743675232,0.016667425632476807,1.1149884462356567,10
943.png,L5,0.9716464877128601,0.028353512287139893,1.4250255823135376,10
944.png,L5,0.9678597450256348,0.032140254974365234,1.5287697315216064,10
945.png,L5,0.9838365316390991,0.01616346836090088,1.0756722688674927,10
954.png,L5,0.9833325743675232,0.016667425632476807,1.1149884462356567,10
956.png,L5,0.9678581953048706,0.032141804695129395,1.5275423526763916,10
958.png,L5,0.9716464877128601,0.028353512287139893,1.4250255823135376,10
960.png,L5,0.9838365316390991,0.01616346836090088,1.0756722688674927,10
963.png,L5,0.9833325743675232,0.016667425632476807,1.1149884462356567,10
982.png,L5,0.9653428792953491,0.03465712070465088,1.5759698152542114,10
992.png,L5,0.9838365316390991,0.01616346836090088,1.0756722688674927,10
994.png,L5,0.9653428792953491,0.03465712070465088,1.5759698152542114,10
1004.png,L5,0.9417587518692017,0.05824124813079834,2.0578718185424805,10
1007.png,L5,0.9833325743675232,0.016667425632476807,1.1149884462356567,10
1008.png,L5,0.9678581953048706,0.032141804695129395,1.5275423526763916,10
1011.png,L5,0.9678597450256348,0.032140254974365234,1.5287697315216064,10
1015.png,L5,0.9678581953048706,0.032141804695129395,1.5275423526763916,10
1016.png,L5,0.9833325743675232,0.016667425632476807,1.1149884462356567,10
1023.png,L5,0.9670189619064331,0.032981038093566895,1.5772080421447754,10
1027.png,L5,0.9640533924102783,0.03594660758972168,1.5952458381652832,10
1029.png,L5,0.9452683329582214,0.054731667041778564,2.032005548477173,10
1031.png,L5,0.9653428792953491,0.03465712070465088,1.5759698152542114,10
1035.png,L5,0.9452683329582214,0.054731667041778564,2.032005548477173,10
1037.png,L5,0.9417587518692017,0.05824124813079834,2.0578718185424805,10
1039.png,L5,0.9499052166938782,0.050094783306121826,1.8791981935501099,10
1040.png,L5,0.9625201225280762,0.03747987747192383,1.6282004117965698,10
1041.png,L5,0.9472440481185913,0.05275595188140869,1.9411842823028564,10
1047.png,L5,0.9477862119674683,0.05221378803253174,1.9147374629974365,10
1053.png,L5,0.9653428792953491,0.03465712070465088,1.5759698152542114,10
1054.png,L5,0.9452683329582214,0.054731667041778564,2.032005548477173,10
1057.png,L5,0.9716464877128601,0.028353512287139893,1.4250255823135376,10
1060.png,L5,0.9539214968681335,0.046078503131866455,1.8025307655334473,10
1061.png,L5,0.9640533924102783,0.03594660758972168,1.5952458381652832,10
1069.png,L5,0.9653428792953491,0.03465712070465088,1.5759698152542114,10
1072.png,L5,0.9417587518692017,0.05824124813079834,2.0578718185424805,10
1073.png,L5,0.9459906816482544,0.054009318351745605,1.9899464845657349,10
1074.png,L5,0.9488542675971985,0.051145732402801514,1.895382046699524,10
1078.png,L5,0.9678597450256348,0.032140254974365234,1.5287697315216064,10
1084.png,L5,0.9417587518692017,0.05824124813079834,2.0578718185424805,10
1085.png,L5,0.9477862119674683,0.05221378803253174,1.9147374629974365,10
1089.png,L5,0.9658348560333252,0.034165143966674805,1.5706110000610352,10
1092.png,L5,0.9838365316390991,0.01616346836090088,1.0756722688674927,10
1093.png,L5,0.9640533924102783,0.03594660758972168,1.5952458381652832,10
1096.png,L5,0.9716464877128601,0.028353512287139893,1.4250255823135376,10
1103.png,L5,0.9452683329582214,0.054731667041778564,2.032005548477173,10
1107.png,L5,0.9640533924102783,0.03594660758972168,1.5952458381652832,10
1111.png,L5,0.9477862119674683,0.05221378803253174,1.9147374629974365,10
1113.png,L5,0.9640533924102783,0.03594660758972168,1.5952458381652832,10
1114.png,L5,0.9625201225280762,0.03747987747192383,1.6282004117965698,10
1118.png,L5,0.9499052166938782,0.050094783306121826,1.8791981935501099,10
1120.png,L5,0.9477862119674683,0.05221378803253174,1.9147374629974365,10
1123.png,L5,0.9640533924102783,0.03594660758972168,1.5952458381652832,10
1124.png,L5,0.9452683329582214,0.054731667041778564,2.032005548477173,10
1125.png,L5,0.9477862119674683,0.05221378803253174,1.9147374629974365,10
1126.png,L5,0.9838365316390991,0.01616346836090088,1.0756722688674927,10
1130.png,L5,0.9678597450256348,0.032140254974365234,1.5287697315216064,10
1134.png,L5,0.9452683329582214,0.054731667041778564,2.032005548477173,10
1137.png,L5,0.9625201225280762,0.03747987747192383,1.6282004117965698,10
1138.png,L5,0.9640533924102783,0.03594660758972168,1.5952458381652832,10
1140.png,L5,0.9653428792953491,0.03465712070465088,1.5759698152542114,10
1144.png,L5,0.9653428792953491,0.03465712070465088,1.5759698152542114,10
1146.png,L5,0.9625201225280762,0.03747987747192383,1.6282004117965698,10
1148.png,L5,0.9452683329582214,0.054731667041778564,2.032005548477173,10
1149.png,L5,0.9452683329582214,0.054731667041778564,2.032005548477173,10
1150.png,L5,0.9678581953048706,0.032141804695129395,1.5275423526763916,10
1156.png,L5,0.9477862119674683,0.05221378803253174,1.9147374629974365,10
1160.png,L5,0.9417587518692017,0.05824124813079834,2.0578718185424805,10
1163.png,L5,0.9838365316390991,0.01616346836090088,1.0756722688674927,10
1165.png,L5,0.9553038477897644,0.044696152210235596,1.782710075378418,10
1169.png,L5,0.9640533924102783,0.03594660758972168,1.5952458381652832,10
1170.png,L5,0.9423933029174805,0.05760669708251953,2.0657761096954346,10
1177.png,L5,0.9417587518692017,0.05824124813079834,2.0578718185424805,10
1178.png,L5,0.9417587518692017,0.05824124813079834,2.0578718185424805,10
1179.png,L5,0.9640533924102783,0.03594660758972168,1.5952458381652832,10
1189.png,L5,0.9499052166938782,0.050094783306121826,1.8791981935501099,10
1192.png,L5,0.9833325743675232,0.016667425632476807,1.1149884462356567,10
1211.png,L5,0.9678597450256348,0.032140254974365234,1.5287697315216064,10
1223.png,L5,0.9452683329582214,0.054731667041778564,2.032005548477173,10
1225.png,L5,0.9488542675971985,0.051145732402801514,1.895382046699524,10
1239.png,L5,0.9423933029174805,0.05760669708251953,2.0657761096954346,10
1241.png,L5,0.9477862119674683,0.05221378803253174,1.9147374629974365,10
1243.png,L5,0.9640533924102783,0.03594660758972168,1.5952458381652832,10
1246.png,L5,0.9833325743675232,0.016667425632476807,1.1149884462356567,10
1247.png,L5,0.9499052166938782,0.050094783306121826,1.8791981935501099,10
1248.png,L5,0.9459906816482544,0.054009318351745605,1.9899464845657349,10
1249.png,L5,0.9838365316390991,0.01616346836090088,1.0756722688674927,10
1250.png,L5,0.9678581953048706,0.032141804695129395,1.5275423526763916,10
1251.png,L5,0.9658348560333252,0.034165143966674805,1.5706110000610352,10
1252.png,L5,0.9653428792953491,0.03465712070465088,1.5759698152542114,10
1253.png,L5,0.9678597450256348,0.032140254974365234,1.5287697315216064,10
1254.png,L5,0.9499052166938782,0.050094783306121826,1.8791981935501099,10
1267.png,L5,0.9452683329582214,0.054731667041778564,2.032005548477173,10
1273.png,L5,0.9838365316390991,0.01616346836090088,1.0756722688674927,10
1279.png,L5,0.9423933029174805,0.05760669708251953,2.0657761096954346,10
1280.png,L5,0.9678581953048706,0.032141804695129395,1.5275423526763916,10
1281.png,L5,0.9678597450256348,0.032140254974365234,1.5287697315216064,10
1282.png,L5,0.9539214968681335,0.046078503131866455,1.8025307655334473,10
1283.png,L5,0.9417587518692017,0.05824124813079834,2.0578718185424805,10
1293.png,L5,0.9472440481185913,0.05275595188140869,1.9411842823028564,10
1309.png,L5,0.9477862119674683,0.05221378803253174,1.9147374629974365,10
1326.png,L5,0.9653428792953491,0.03465712070465088,1.5759698152542114,10
1331.png,L5,0.9625201225280762,0.03747987747192383,1.6282004117965698,10
1333.png,L5,0.9678597450256348,0.032140254974365234,1.5287697315216064,10
1334.png,L5,0.9539214968681335,0.046078503131866455,1.8025307655334473,10
1341.png,L5,0.9459906816482544,0.054009318351745605,1.9899464845657349,10
1345.png,L5,0.9658348560333252,0.034165143966674805,1.5706110000610352,10
1346.png,L5,0.9678581953048706,0.032141804695129395,1.5275423526763916,10
1353.png,L5,0.9833325743675232,0.016667425632476807,1.1149884462356567,10
1355.png,L5,0.9658348560333252,0.034165143966674805,1.5706110000610352,10
1361.png,L5,0.9472440481185913,0.05275595188140869,1.9411842823028564,10
1364.png,L5,0.9658348560333252,0.034165143966674805,1.5706110000610352,10
1365.png,L5,0.9417587518692017,0.05824124813079834,2.0578718185424805,10
1367.png,L5,0.9838365316390991,0.01616346836090088,1.0756722688674927,10
1368.png,L5,0.9417587518692017,0.05824124813079834,2.0578718185424805,10
1370.png,L5,0.9625201225280762,0.03747987747192383,1.6282004117965698,10
1371.png,L5,0.9459906816482544,0.054009318351745605,1.9899464845657349,10
1372.png,L5,0.9459906816482544,0.054009318351745605,1.9899464845657349,10
1373.png,L5,0.9452683329582214,0.054731667041778564,2.032005548477173,10
1378.png,L5,0.9678597450256348,0.032140254974365234,1.5287697315216064,10
1380.png,L5,0.9488542675971985,0.051145732402801514,1.895382046699524,10
1381.png,L5,0.9477862119674683,0.05221378803253174,1.9147374629974365,10
1384.png,L5,0.9472440481185913,0.05275595188140869,1.9411842823028564,10
1387.png,L5,0.9459906816482544,0.054009318351745605,1.9899464845657349,10
1388.png,L5,0.9488542675971985,0.051145732402801514,1.895382046699524,10
1397.png,L5,0.9716464877128601,0.028353512287139893,1.4250255823135376,10
1398.png,L5,0.9658348560333252,0.034165143966674805,1.5706110000610352,10
1399.png,L5,0.9653428792953491,0.03465712070465088,1.5759698152542114,10
1401.png,L5,0.9477862119674683,0.05221378803253174,1.9147374629974365,10
1402.png,L5,0.9488542675971985,0.051145732402801514,1.895382046699524,10
1406.png,L5,0.9477862119674683,0.05221378803253174,1.9147374629974365,10
1407.png,L5,0.9625201225280762,0.03747987747192383,1.6282004117965698,10
1410.png,L5,0.9477862119674683,0.05221378803253174,1.9147374629974365,10
1411.png,L5,0.9670189619064331,0.032981038093566895,1.5772080421447754,10
1425.png,L5,0.9477862119674683,0.05221378803253174,1.9147374629974365,10
1426.png,L5,0.9417587518692017,0.05824124813079834,2.0578718185424805,10
1435.png,L5,0.9459906816482544,0.054009318351745605,1.9899464845657349,10
1436.png,L5,0.9838365316390991,0.01616346836090088,1.0756722688674927,10
1437.png,L5,0.9553038477897644,0.044696152210235596,1.782710075378418,10
1442.png,L5,0.9472440481185913,0.05275595188140869,1.9411842823028564,10
1457.png,L5,0.9452683329582214,0.054731667041778564,2.032005548477173,10
1458.png,L5,0.9653428792953491,0.03465712070465088,1.5759698152542114,10
1459.png,L5,0.9678597450256348,0.032140254974365234,1.5287697315216064,10
1461.png,L5,0.9477862119674683,0.05221378803253174,1.9147374629974365,10
1464.png,L5,0.9488542675971985,0.051145732402801514,1.895382046699524,10
1465.png,L5,0.9833325743675232,0.016667425632476807,1.1149884462356567,10
1466.png,L5,0.9452683329582214,0.054731667041778564,2.032005548477173,10
1472.png,L5,0.9716464877128601,0.028353512287139893,1.4250255823135376,10
1477.png,L5,0.9477862119674683,0.05221378803253174,1.9147374629974365,10
1480.png,L5,0.9625201225280762,0.03747987747192383,1.6282004117965698,10
1481.png,L5,0.9452683329582214,0.054731667041778564,2.032005548477173,10
1482.png,L5,0.9553038477897644,0.044696152210235596,1.782710075378418,10
1483.png,L5,0.9653428792953491,0.03465712070465088,1.5759698152542114,10
1484.png,L5,0.9625201225280762,0.03747987747192383,1.6282004117965698,10
1485.png,L5,0.9459906816482544,0.054009318351745605,1.9899464845657349,10
1488.png,L5,0.9488542675971985,0.051145732402801514,1.895382046699524,10
1490.png,L5,0.9417587518692017,0.05824124813079834,2.0578718185424805,10
1491.png,L5,0.9423933029174805,0.05760669708251953,2.0657761096954346,10
1492.png,L5,0.9625201225280762,0.03747987747192383,1.6282004117965698,10
1493.png,L5,0.9499052166938782,0.050094783306121826,1.8791981935501099,10
1495.png,L5,0.9625201225280762,0.03747987747192383,1.6282004117965698,10
1496.png,L5,0.9625201225280762,0.03747987747192383,1.6282004117965698,10
1497.png,L5,0.9625201225280762,0.03747987747192383,1.6282004117965698,10
1498.png,L5,0.9488542675971985,0.051145732402801514,1.895382046699524,10
1509.png,L5,0.9499052166938782,0.050094783306121826,1.8791981935501099,10
1519.png,L5,0.9452683329582214,0.054731667041778564,2.032005548477173,10
1529.png,L5,0.9499052166938782,0.050094783306121826,1.8791981935501099,10
1533.png,L5,0.9488542675971985,0.051145732402801514,1.895382046699524,10
1534.png,L5,0.9670189619064331,0.032981038093566895,1.5772080421447754,10
1535.png,L5,0.9472440481185913,0.05275595188140869,1.9411842823028564,10
1536.png,L5,0.9452683329582214,0.054731667041778564,2.032005548477173,10
1545.png,L5,0.9452683329582214,0.054731667041778564,2.032005548477173,10
1546.png,L5,0.9678597450256348,0.032140254974365234,1.5287697315216064,10
1547.png,L5,0.9539214968681335,0.046078503131866455,1.8025307655334473,10
1548.png,L5,0.9499052166938782,0.050094783306121826,1.8791981935501099,10
1551.png,L5,0.9472440481185913,0.05275595188140869,1.9411842823028564,10
1552.png,L5,0.9658348560333252,0.034165143966674805,1.5706110000610352,10
1555.png,L5,0.9678581953048706,0.032141804695129395,1.5275423526763916,10
1559.png,L5,0.9678597450256348,0.032140254974365234,1.5287697315216064,10
1560.png,L5,0.9452683329582214,0.054731667041778564,2.032005548477173,10
1563.png,L5,0.9678597450256348,0.032140254974365234,1.5287697315216064,10
1564.png,L5,0.9838365316390991,0.01616346836090088,1.0756722688674927,10
1574.png,L5,0.9833325743675232,0.016667425632476807,1.1149884462356567,10
1575.png,L5,0.9838365316390991,0.01616346836090088,1.0756722688674927,10
1577.png,L5,0.9838365316390991,0.01616346836090088,1.0756722688674927,10
1579.png,L5,0.9678597450256348,0.032140254974365234,1.5287697315216064,10
1583.png,L5,0.9499052166938782,0.050094783306121826,1.8791981935501099,10
1585.png,L5,0.9716464877128601,0.028353512287139893,1.4250255823135376,10
1587.png,L5,0.9539214968681335,0.046078503131866455,1.8025307655334473,10
1588.png,L5,0.9625201225280762,0.03747987747192383,1.6282004117965698,10
1590.png,L5,0.9658348560333252,0.034165143966674805,1.5706110000610352,10
1591.png,L5,0.9838365316390991,0.01616346836090088,1.0756722688674927,10
1596.png,L5,0.9833325743675232,0.016667425632476807,1.1149884462356567,10
1600.png,L5,0.9452683329582214,0.054731667041778564,2.032005548477173,10
1601.png,L5,0.9678581953048706,0.032141804695129395,1.5275423526763916,10
1619.png,L5,0.9625201225280762,0.03747987747192383,1.6282004117965698,10
1628.png,L5,0.9658348560333252,0.034165143966674805,1.5706110000610352,10
1629.png,L5,0.9678597450256348,0.032140254974365234,1.5287697315216064,10
1630.png,L5,0.9477862119674683,0.05221378803253174,1.9147374629974365,10
1644.png,L5,0.9653428792953491,0.03465712070465088,1.5759698152542114,10
1645.png,L5,0.9472440481185913,0.05275595188140869,1.9411842823028564,10
1646.png,L5,0.9833325743675232,0.016667425632476807,1.1149884462356567,10
1647.png,L5,0.9716464877128601,0.028353512287139893,1.4250255823135376,10
1648.png,L5,0.9423933029174805,0.05760669708251953,2.0657761096954346,10
1656.png,L5,0.9640533924102783,0.03594660758972168,1.5952458381652832,10
1657.png,L5,0.9417587518692017,0.05824124813079834,2.0578718185424805,10
1665.png,L5,0.9653428792953491,0.03465712070465088,1.5759698152542114,10
1666.png,L5,0.9499052166938782,0.050094783306121826,1.8791981935501099,10
1678.png,L5,0.9499052166938782,0.050094783306121826,1.8791981935501099,10
1684.png,L5,0.9678597450256348,0.032140254974365234,1.5287697315216064,10
1685.png,L5,0.9625201225280762,0.03747987747192383,1.6282004117965698,10
1686.png,L5,0.9499052166938782,0.050094783306121826,1.8791981935501099,10
1689.png,L5,0.9477862119674683,0.05221378803253174,1.9147374629974365,10
1696.png,L5,0.9539214968681335,0.046078503131866455,1.8025307655334473,10
1706.png,L5,0.9539214968681335,0.046078503131866455,1.8025307655334473,10
1715.png,L5,0.9670189619064331,0.032981038093566895,1.5772080421447754,10
1716.png,L5,0.9488542675971985,0.051145732402801514,1.895382046699524,10
1718.png,L5,0.9670189619064331,0.032981038093566895,1.5772080421447754,10
1727.png,L5,0.9838365316390991,0.01616346836090088,1.0756722688674927,10
1728.png,L5,0.9488542675971985,0.051145732402801514,1.895382046699524,10
1729.png,L5,0.9472440481185913,0.05275595188140869,1.9411842823028564,10
1730.png,L5,0.9625201225280762,0.03747987747192383,1.6282004117965698,10
1734.png,L5,0.9417587518692017,0.05824124813079834,2.0578718185424805,10
1735.png,L5,0.9423933029174805,0.05760669708251953,2.0657761096954346,10
1736.png,L5,0.9499052166938782,0.050094783306121826,1.8791981935501099,10
1740.png,L5,0.9625201225280762,0.03747987747192383,1.6282004117965698,10
1744.png,L5,0.9716464877128601,0.028353512287139893,1.4250255823135376,10
1746.png,L5,0.9833325743675232,0.016667425632476807,1.1149884462356567,10
1752.png,L5,0.9452683329582214,0.054731667041778564,2.032005548477173,10
1769.png,L5,0.9452683329582214,0.054731667041778564,2.032005548477173,10
1771.png,L5,0.9459906816482544,0.054009318351745605,1.9899464845657349,10
1773.png,L5,0.9477862119674683,0.05221378803253174,1.9147374629974365,10
1774.png,L5,0.9640533924102783,0.03594660758972168,1.5952458381652832,10
1776.png,L5,0.9625201225280762,0.03747987747192383,1.6282004117965698,10
1789.png,L5,0.9716464877128601,0.028353512287139893,1.4250255823135376,10
1796.png,L5,0.9653428792953491,0.03465712070465088,1.5759698152542114,10
1798.png,L5,0.9417587518692017,0.05824124813079834,2.0578718185424805,10
1807.png,L5,0.9553038477897644,0.044696152210235596,1.782710075378418,10
1816.png,L5,0.9459906816482544,0.054009318351745605,1.9899464845657349,10
1824.png,L5,0.9459906816482544,0.054009318351745605,1.9899464845657349,10
1825.png,L5,0.9838365316390991,0.01616346836090088,1.0756722688674927,10
1826.png,L5,0.9459906816482544,0.054009318351745605,1.9899464845657349,10
1827.png,L5,0.9838365316390991,0.01616346836090088,1.0756722688674927,10
1829.png,L5,0.9499052166938782,0.050094783306121826,1.8791981935501099,10
1834.png,L5,0.9477862119674683,0.05221378803253174,1.9147374629974365,10
1835.png,L5,0.9838365316390991,0.01616346836090088,1.0756722688674927,10
1843.png,L5,0.9090080857276917,0.09099191427230835,2.4126055240631104,10
1847.png,L5,0.9712339043617249,0.028766095638275146,1.3450361490249634,10
1852.png,L5,0.9385637044906616,0.06143629550933838,1.9509403705596924,10
1853.png,L5,0.9759514331817627,0.024048566818237305,1.2422749996185303,10
1858.png,L5,0.9191939234733582,0.08080607652664185,2.2765424251556396,10
1863.png,L5,0.9759514331817627,0.024048566818237305,1.2422749996185303,10
1869.png,L5,0.9641460180282593,0.03585398197174072,1.5200445652008057,10
1879.png,L5,0.9536730051040649,0.04632699489593506,1.6967430114746094,10
1880.png,L5,0.9191939234733582,0.08080607652664185,2.2765424251556396,10
1882.png,L5,0.9258587956428528,0.07414120435714722,2.232637405395508,10
1886.png,L5,0.9385637044906616,0.06143629550933838,1.9509403705596924,10
1890.png,L5,0.9554029107093811,0.044597089290618896,1.6726276874542236,10
1894.png,L5,0.9713317155838013,0.02866828441619873,1.3431382179260254,10
1900.png,L5,0.9258587956428528,0.07414120435714722,2.232637405395508,10
1901.png,L5,0.9536730051040649,0.04632699489593506,1.6967430114746094,10
1902.png,L5,0.9712339043617249,0.028766095638275146,1.3450361490249634,10
1910.png,L5,0.9657540917396545,0.03424590826034546,1.4761972427368164,10
1911.png,L5,0.9588941335678101,0.04110586643218994,1.6245402097702026,10
1917.png,L5,0.9258587956428528,0.07414120435714722,2.232637405395508,10
1933.png,L5,0.9395129084587097,0.06048709154129028,1.9334912300109863,10
1941.png,L5,0.9373908042907715,0.06260919570922852,1.9668551683425903,10
1949.png,L5,0.9646428227424622,0.03535717725753784,1.4914231300354004,10
1950.png,L5,0.947874128818512,0.05212587118148804,1.8297011852264404,10
1951.png,L5,0.947874128818512,0.05212587118148804,1.8297011852264404,10
1955.png,L5,0.9107054471969604,0.08929455280303955,2.332374095916748,10
1957.png,L5,0.9641460180282593,0.03585398197174072,1.5200445652008057,10
1978.png,L5,0.9713317155838013,0.02866828441619873,1.3431382179260254,10
1981.png,L5,0.9191939234733582,0.08080607652664185,2.2765424251556396,10
1984.png,L5,0.9258587956428528,0.07414120435714722,2.232637405395508,10
1986.png,L5,0.9395129084587097,0.06048709154129028,1.9334912300109863,10
1988.png,L5,0.9422644376754761,0.057735562324523926,1.8913816213607788,10
2002.png,L5,0.9588941335678101,0.04110586643218994,1.6245402097702026,10
2003.png,L5,0.9090080857276917,0.09099191427230835,2.4126055240631104,10
2006.png,L5,0.9657540917396545,0.03424590826034546,1.4761972427368164,10
2007.png,L5,0.9258587956428528,0.07414120435714722,2.232637405395508,10
2008.png,L5,0.9258587956428528,0.07414120435714722,2.232637405395508,10
2009.png,L5,0.9418888092041016,0.05811119079589844,1.9584583044052124,10
2014.png,L5,0.9395129084587097,0.06048709154129028,1.9334912300109863,10
2026.png,L5,0.9536730051040649,0.04632699489593506,1.6967430114746094,10
2029.png,L5,0.9107054471969604,0.08929455280303955,2.332374095916748,10
2031.png,L5,0.9759514331817627,0.024048566818237305,1.2422749996185303,10
2039.png,L5,0.9385637044906616,0.06143629550933838,1.9509403705596924,10
2055.png,L5,0.947874128818512,0.05212587118148804,1.8297011852264404,10
2062.png,L5,0.9641460180282593,0.03585398197174072,1.5200445652008057,10
2064.png,L5,0.9554029107093811,0.044597089290618896,1.6726276874542236,10
2065.png,L5,0.9422644376754761,0.057735562324523926,1.8913816213607788,10
2066.png,L5,0.9107054471969604,0.08929455280303955,2.332374095916748,10
2075.png,L5,0.9422644376754761,0.057735562324523926,1.8913816213607788,10
2076.png,L5,0.9712339043617249,0.028766095638275146,1.3450361490249634,10
2082.png,L5,0.9646428227424622,0.03535717725753784,1.4914231300354004,10
2108.png,L5,0.9641460180282593,0.03585398197174072,1.5200445652008057,10
2110.png,L5,0.9641460180282593,0.03585398197174072,1.5200445652008057,10
2118.png,L5,0.9641460180282593,0.03585398197174072,1.5200445652008057,10
2127.png,L5,0.9759514331817627,0.024048566818237305,1.2422749996185303,10
2136.png,L5,0.9418888092041016,0.05811119079589844,1.9584583044052124,10
2137.png,L5,0.9373908042907715,0.06260919570922852,1.9668551683425903,10
2148.png,L5,0.9759514331817627,0.024048566818237305,1.2422749996185303,10
2170.png,L5,0.947874128818512,0.05212587118148804,1.8297011852264404,10
2176.png,L5,0.9373908042907715,0.06260919570922852,1.9668551683425903,10
2178.png,L5,0.9422644376754761,0.057735562324523926,1.8913816213607788,10
2182.png,L5,0.9536730051040649,0.04632699489593506,1.6967430114746094,10
2188.png,L5,0.9385637044906616,0.06143629550933838,1.9509403705596924,10
2208.png,L5,0.9107054471969604,0.08929455280303955,2.332374095916748,10
2211.png,L5,0.9323763847351074,0.06762361526489258,2.0582282543182373,10
2213.png,L5,0.9418888092041016,0.05811119079589844,1.9584583044052124,10
2214.png,L5,0.9385637044906616,0.06143629550933838,1.9509403705596924,10
2221.png,L5,0.9759514331817627,0.024048566818237305,1.2422749996185303,10
2226.png,L5,0.9395129084587097,0.06048709154129028,1.9334912300109863,10
2227.png,L5,0.9090080857276917,0.09099191427230835,2.4126055240631104,10
2237.png,L5,0.9712339043617249,0.028766095638275146,1.3450361490249634,10
2241.png,L5,0.9422644376754761,0.057735562324523926,1.8913816213607788,10
2244.png,L5,0.9422644376754761,0.057735562324523926,1.8913816213607788,10
2245.png,L5,0.9191939234733582,0.08080607652664185,2.2765424251556396,10
2246.png,L5,0.9554029107093811,0.044597089290618896,1.6726276874542236,10
2248.png,L5,0.9090080857276917,0.09099191427230835,2.4126055240631104,10
2259.png,L5,0.9536730051040649,0.04632699489593506,1.6967430114746094,10
2272.png,L5,0.947874128818512,0.05212587118148804,1.8297011852264404,10
2277.png,L5,0.9641460180282593,0.03585398197174072,1.5200445652008057,10
2278.png,L5,0.9422644376754761,0.057735562324523926,1.8913816213607788,10
2293.png,L5,0.9712339043617249,0.028766095638275146,1.3450361490249634,10
2326.png,L5,0.9641460180282593,0.03585398197174072,1.5200445652008057,10
2344.png,L5,0.9373908042907715,0.06260919570922852,1.9668551683425903,10
2353.png,L5,0.9422644376754761,0.057735562324523926,1.8913816213607788,10
2364.png,L5,0.9373908042907715,0.06260919570922852,1.9668551683425903,10
2384.png,L5,0.947874128818512,0.05212587118148804,1.8297011852264404,10
2386.png,L5,0.9641460180282593,0.03585398197174072,1.5200445652008057,10
2388.png,L5,0.9373908042907715,0.06260919570922852,1.9668551683425903,10
2389.png,L5,0.9090080857276917,0.09099191427230835,2.4126055240631104,10
2392.png,L5,0.9713317155838013,0.02866828441619873,1.3431382179260254,10
2395.png,L5,0.9090080857276917,0.09099191427230835,2.4126055240631104,10
2399.png,L5,0.9385637044906616,0.06143629550933838,1.9509403705596924,10
2400.png,L5,0.9395129084587097,0.06048709154129028,1.9334912300109863,10
2401.png,L5,0.9363240003585815,0.06367599964141846,1.9886486530303955,10
2406.png,L5,0.9107054471969604,0.08929455280303955,2.332374095916748,10
2423.png,L5,0.9191939234733582,0.08080607652664185,2.2765424251556396,10
2424.png,L5,0.9588941335678101,0.04110586643218994,1.6245402097702026,10
2430.png,L5,0.9373908042907715,0.06260919570922852,1.9668551683425903,10
2442.png,L5,0.9657540917396545,0.03424590826034546,1.4761972427368164,10
2459.png,L5,0.9373908042907715,0.06260919570922852,1.9668551683425903,10
2472.png,L5,0.947874128818512,0.05212587118148804,1.8297011852264404,10
2474.png,L5,0.9258587956428528,0.07414120435714722,2.232637405395508,10
2486.png,L5,0.9418888092041016,0.05811119079589844,1.9584583044052124,10
2489.png,L5,0.9323763847351074,0.06762361526489258,2.0582282543182373,10
2503.png,L5,0.9713317155838013,0.02866828441619873,1.3431382179260254,10
2504.png,L5,0.9395129084587097,0.06048709154129028,1.9334912300109863,10
2511.png,L5,0.9713317155838013,0.02866828441619873,1.3431382179260254,10
2520.png,L5,0.9712339043617249,0.028766095638275146,1.3450361490249634,10
2522.png,L5,0.9641460180282593,0.03585398197174072,1.5200445652008057,10
2523.png,L5,0.947874128818512,0.05212587118148804,1.8297011852264404,10
2532.png,L5,0.9373908042907715,0.06260919570922852,1.9668551683425903,10
2533.png,L5,0.9395129084587097,0.06048709154129028,1.9334912300109863,10
2537.png,L5,0.9657540917396545,0.03424590826034546,1.4761972427368164,10
2542.png,L5,0.9641460180282593,0.03585398197174072,1.5200445652008057,10
2545.png,L5,0.9641460180282593,0.03585398197174072,1.5200445652008057,10
2555.png,L5,0.9323763847351074,0.06762361526489258,2.0582282543182373,10
2556.png,L5,0.9373908042907715,0.06260919570922852,1.9668551683425903,10
2557.png,L5,0.9422644376754761,0.057735562324523926,1.8913816213607788,10
2565.png,L5,0.9363240003585815,0.06367599964141846,1.9886486530303955,10
2575.png,L5,0.9258587956428528,0.07414120435714722,2.232637405395508,10
2577.png,L5,0.9107054471969604,0.08929455280303955,2.332374095916748,10
2581.png,L5,0.9536730051040649,0.04632699489593506,1.6967430114746094,10
2582.png,L5,0.9385637044906616,0.06143629550933838,1.9509403705596924,10
2589.png,L5,0.9107054471969604,0.08929455280303955,2.332374095916748,10
2590.png,L5,0.9588941335678101,0.04110586643218994,1.6245402097702026,10
2591.png,L5,0.9385637044906616,0.06143629550933838,1.9509403705596924,10
2592.png,L5,0.9536730051040649,0.04632699489593506,1.6967430114746094,10
2593.png,L5,0.9713317155838013,0.02866828441619873,1.3431382179260254,10
2594.png,L5,0.9418888092041016,0.05811119079589844,1.9584583044052124,10
2602.png,L5,0.9536730051040649,0.04632699489593506,1.6967430114746094,10
2605.png,L5,0.9258587956428528,0.07414120435714722,2.232637405395508,10
2608.png,L5,0.9363240003585815,0.06367599964141846,1.9886486530303955,10
2609.png,L5,0.9191939234733582,0.08080607652664185,2.2765424251556396,10
2623.png,L5,0.9385637044906616,0.06143629550933838,1.9509403705596924,10
2656.png,L5,0.9107054471969604,0.08929455280303955,2.332374095916748,10
2660.png,L5,0.9385637044906616,0.06143629550933838,1.9509403705596924,10
2680.png,L5,0.9641460180282593,0.03585398197174072,1.5200445652008057,10
2685.png,L5,0.9657540917396545,0.03424590826034546,1.4761972427368164,10
2701.png,L5,0.9713317155838013,0.02866828441619873,1.3431382179260254,10
2703.png,L5,0.9191939234733582,0.08080607652664185,2.2765424251556396,10
2705.png,L5,0.947874128818512,0.05212587118148804,1.8297011852264404,10
2706.png,L5,0.9657540917396545,0.03424590826034546,1.4761972427368164,10
2716.png,L5,0.9713317155838013,0.02866828441619873,1.3431382179260254,10
2720.png,L5,0.9191939234733582,0.08080607652664185,2.2765424251556396,10
2721.png,L5,0.9107054471969604,0.08929455280303955,2.332374095916748,10
2723.png,L5,0.9588941335678101,0.04110586643218994,1.6245402097702026,10
2740.png,L5,0.9641460180282593,0.03585398197174072,1.5200445652008057,10
2752.png,L5,0.9641460180282593,0.03585398197174072,1.5200445652008057,10
2754.png,L5,0.9191939234733582,0.08080607652664185,2.2765424251556396,10
2766.png,L5,0.9536730051040649,0.04632699489593506,1.6967430114746094,10
2768.png,L5,0.9712339043617249,0.028766095638275146,1.3450361490249634,10
2771.png,L5,0.9646428227424622,0.03535717725753784,1.4914231300354004,10
2781.png,L5,0.9713317155838013,0.02866828441619873,1.3431382179260254,10
2782.png,L5,0.9712339043617249,0.028766095638275146,1.3450361490249634,10
2784.png,L5,0.9385637044906616,0.06143629550933838,1.9509403705596924,10
2787.png,L5,0.9713317155838013,0.02866828441619873,1.3431382179260254,10
2794.png,L5,0.9422644376754761,0.057735562324523926,1.8913816213607788,10
2801.png,L5,0.947874128818512,0.05212587118148804,1.8297011852264404,10
2807.png,L5,0.9363240003585815,0.06367599964141846,1.9886486530303955,10
2810.png,L5,0.9422644376754761,0.057735562324523926,1.8913816213607788,10
2816.png,L5,0.9395129084587097,0.06048709154129028,1.9334912300109863,10
2825.png,L5,0.9713317155838013,0.02866828441619873,1.3431382179260254,10
2827.png,L5,0.9641460180282593,0.03585398197174072,1.5200445652008057,10
2835.png,L5,0.9258587956428528,0.07414120435714722,2.232637405395508,10
2846.png,L5,0.9422644376754761,0.057735562324523926,1.8913816213607788,10
2866.png,L5,0.9588941335678101,0.04110586643218994,1.6245402097702026,10
2871.png,L5,0.9385637044906616,0.06143629550933838,1.9509403705596924,10
2875.png,L5,0.9107054471969604,0.08929455280303955,2.332374095916748,10
2877.png,L5,0.9373908042907715,0.06260919570922852,1.9668551683425903,10
2878.png,L5,0.9713317155838013,0.02866828441619873,1.3431382179260254,10
2882.png,L5,0.9713317155838013,0.02866828441619873,1.3431382179260254,10
2883.png,L5,0.9536730051040649,0.04632699489593506,1.6967430114746094,10
2884.png,L5,0.9536730051040649,0.04632699489593506,1.6967430114746094,10
2885.png,L5,0.9373908042907715,0.06260919570922852,1.9668551683425903,10
2886.png,L5,0.9373908042907715,0.06260919570922852,1.9668551683425903,10
2891.png,L5,0.9191939234733582,0.08080607652664185,2.2765424251556396,10
2895.png,L5,0.9191939234733582,0.08080607652664185,2.2765424251556396,10
2897.png,L5,0.9418888092041016,0.05811119079589844,1.9584583044052124,10
2898.png,L5,0.9422644376754761,0.057735562324523926,1.8913816213607788,10
2910.png,L5,0.9107054471969604,0.08929455280303955,2.332374095916748,10
2912.png,L5,0.9107054471969604,0.08929455280303955,2.332374095916748,10
2916.png,L5,0.9713317155838013,0.02866828441619873,1.3431382179260254,10
2920.png,L5,0.9107054471969604,0.08929455280303955,2.332374095916748,10
2924.png,L5,0.9373908042907715,0.06260919570922852,1.9668551683425903,10
2927.png,L5,0.9759514331817627,0.024048566818237305,1.2422749996185303,10
2933.png,L5,0.9373908042907715,0.06260919570922852,1.9668551683425903,10
2940.png,L5,0.9363240003585815,0.06367599964141846,1.9886486530303955,10
2941.png,L5,0.9363240003585815,0.06367599964141846,1.9886486530303955,10
2943.png,L5,0.9373908042907715,0.06260919570922852,1.9668551683425903,10
2947.png,L5,0.9323763847351074,0.06762361526489258,2.0582282543182373,10
2951.png,L5,0.9373908042907715,0.06260919570922852,1.9668551683425903,10
2955.png,L5,0.9759514331817627,0.024048566818237305,1.2422749996185303,10
2957.png,L5,0.9641460180282593,0.03585398197174072,1.5200445652008057,10
2958.png,L5,0.9107054471969604,0.08929455280303955,2.332374095916748,10
2959.png,L5,0.9641460180282593,0.03585398197174072,1.5200445652008057,10
2961.png,L5,0.9191939234733582,0.08080607652664185,2.2765424251556396,10
2968.png,L5,0.9536730051040649,0.04632699489593506,1.6967430114746094,10
2969.png,L5,0.9191939234733582,0.08080607652664185,2.2765424251556396,10
2977.png,L5,0.9713317155838013,0.02866828441619873,1.3431382179260254,10
2978.png,L5,0.9107054471969604,0.08929455280303955,2.332374095916748,10
2979.png,L5,0.9395129084587097,0.06048709154129028,1.9334912300109863,10
2980.png,L5,0.9373908042907715,0.06260919570922852,1.9668551683425903,10
2981.png,L5,0.9107054471969604,0.08929455280303955,2.332374095916748,10
2982.png,L5,0.9646428227424622,0.03535717725753784,1.4914231300354004,10
2984.png,L5,0.9536730051040649,0.04632699489593506,1.6967430114746094,10
2990.png,L5,0.9657540917396545,0.03424590826034546,1.4761972427368164,10
2991.png,L5,0.9107054471969604,0.08929455280303955,2.332374095916748,10
3001.png,L5,0.9191939234733582,0.08080607652664185,2.2765424251556396,10
3008.png,L5,0.9323763847351074,0.06762361526489258,2.0582282543182373,10
3015.png,L5,0.9418888092041016,0.05811119079589844,1.9584583044052124,10
3016.png,L5,0.9641460180282593,0.03585398197174072,1.5200445652008057,10
3018.png,L5,0.9107054471969604,0.08929455280303955,2.332374095916748,10
3021.png,L5,0.9759514331817627,0.024048566818237305,1.2422749996185303,10
3031.png,L5,0.947874128818512,0.05212587118148804,1.8297011852264404,10
3039.png,L5,0.9759514331817627,0.024048566818237305,1.2422749996185303,10
3045.png,L5,0.9107054471969604,0.08929455280303955,2.332374095916748,10
3046.png,L5,0.9395129084587097,0.06048709154129028,1.9334912300109863,10
3047.png,L5,0.9373908042907715,0.06260919570922852,1.9668551683425903,10
3051.png,L5,0.9373908042907715,0.06260919570922852,1.9668551683425903,10
3056.png,L5,0.9373908042907715,0.06260919570922852,1.9668551683425903,10
3063.png,L5,0.9113526344299316,0.08864736557006836,2.1952145099639893,10
