image,H0_prompt,H0_tokens,H1_prompt,H1_tokens,H2_prompt,H2_tokens,L3_prompt,L3_tokens,L4_prompt,L4_tokens,L5_prompt,L5_tokens,cos_H0_H1,cos_H1_H2,cos_H2_L3,cos_L3_L4,cos_L4_L5,cos_H0_L5
7.png,"A brain MRI revealing a dural-based, homogenous mass suggestive of a meningioma tumor.",19,"A brain MRI demonstrating a dural-based, homogenous mass suggestive of a meningioma tumor.",19,"A brain MRI demonstrating a dural-based, homogenous mass suggestive of a meningioma tumor.",19,"Brain MRI demonstrates a dural-based, homogenous mass suggestive of a meningioma tumor.",18,"A dural-based, homogenous mass consistent with a meningioma tumor.",15,A brain MRI showing a meningioma tumor.,10,0.9964525699615479,0.9999999403953552,0.9959709644317627,0.9057649374008179,0.8223651051521301,0.9425945281982422
13.png,"A brain MRI scan showing a round, extra-axial mass suggestive of a meningioma tumor.",20,"A brain MRI scan demonstrating a round, extra-axial mass suggestive of a meningioma tumor.",20,"A brain MRI demonstrating a round, extra-axial mass suggestive of a meningioma tumor.",19,"Brain MRI demonstrates a round, extra-axial mass suggestive of a meningioma tumor.",18,"A round, extra-axial mass consistent with a meningioma tumor.",15,A brain MRI showing a meningioma tumor.,10,0.9973558783531189,0.9969658851623535,0.9946541786193848,0.9071592092514038,0.8812128901481628,0.9605631828308105
16.png,"A medical brain MRI scan identifying a round, extra-axial mass suggestive of a meningioma tumor.",21,"A medical brain MRI scan demonstrating a round, extra-axial mass suggestive of a meningioma tumor.",21,"A brain MRI demonstrating a round, extra-axial mass suggestive of a meningioma tumor.",19,"Brain MRI demonstrates a round, extra-axial mass suggestive of a meningioma tumor.",18,"A round, extra-axial mass consistent with a meningioma tumor.",15,A brain MRI showing a meningioma tumor.,10,0.997683048248291,0.9937366247177124,0.9946541786193848,0.9071592092514038,0.8812128901481628,0.9671173691749573
25.png,"A brain MRI displaying a sharply marginated, extra-axial mass indicative of a meningioma tumor.",21,"A brain MRI demonstrating a sharply marginated, extra-axial mass indicative of a meningioma tumor.",21,"A brain MRI demonstrating a sharply marginated, extra-axial mass indicative of a meningioma tumor.",21,"Brain MRI demonstrates a sharply marginated, extra-axial mass indicative of a meningioma tumor.",20,"A sharply marginated, extra-axial mass consistent with a meningioma tumor.",17,A brain MRI showing a meningioma tumor.,10,0.9989755153656006,1.0,0.995357871055603,0.8703773021697998,0.8396820425987244,0.9615844488143921
28.png,"A brain MRI identifying a dural-based, well-circumscribed mass suggestive of a meningioma tumor.",21,"A brain MRI demonstrating a dural-based, well-circumscribed mass suggestive of a meningioma tumor.",21,"A brain MRI demonstrating a dural-based, well-circumscribed mass suggestive of a meningioma tumor.",21,"Brain MRI demonstrates a dural-based, well-circumscribed mass suggestive of a meningioma tumor.",20,"A dural-based, well-circumscribed mass consistent with a meningioma tumor.",17,A brain MRI showing a meningioma tumor.,10,0.9979349970817566,1.0,0.9960551261901855,0.9061422348022461,0.8252628445625305,0.9475855827331543
32.png,"A brain MRI revealing a well-marginated, extra-axial mass potentially indicative of a meningioma tumor.",23,"A brain MRI demonstrating a well-marginated, extra-axial mass potentially indicative of a meningioma tumor.",23,"A brain MRI demonstrating a well-marginated, extra-axial mass potentially indicative of a meningioma tumor.",23,"Brain MRI demonstrates a well-marginated, extra-axial mass potentially indicative of a meningioma tumor.",22,"A well-marginated, extra-axial mass consistent with a meningioma tumor.",18,A brain MRI showing a meningioma tumor.,10,0.9973967671394348,1.0,0.9956636428833008,0.8972271084785461,0.8857506513595581,0.9766831398010254
41.png,"A brain imaging study revealing a well-defined, dural-based mass likely representing a meningioma tumor.",22,"A brain imaging study demonstrating a well-defined, dural-based mass likely representing a meningioma tumor.",22,"A brain MRI demonstrating a well-defined, dural-based mass likely representing a meningioma tumor.",21,"Brain MRI demonstrates a well-defined, dural-based mass likely representing a meningioma tumor.",20,"A well-defined, dural-based mass consistent with a meningioma tumor.",17,A brain MRI showing a meningioma tumor.,10,0.9954133033752441,0.9638161659240723,0.9948930740356445,0.8996793031692505,0.8471682071685791,0.9113525748252869
55.png,"A brain imaging study showing a sharply circumscribed, dural-based mass potentially indicating a meningioma tumor.",21,"A brain imaging study demonstrating a sharply circumscribed, dural-based mass potentially indicating a meningioma tumor.",21,"A brain MRI demonstrating a sharply circumscribed, dural-based mass potentially indicating a meningioma tumor.",20,"Brain MRI demonstrates a sharply circumscribed, dural-based mass potentially indicating a meningioma tumor.",19,"A sharply circumscribed, dural-based mass consistent with a meningioma tumor.",16,A brain MRI showing a meningioma tumor.,10,0.9972116351127625,0.9569269418716431,0.994988203048706,0.8918899297714233,0.7992974519729614,0.8938652276992798
56.png,"A brain MRI scan showing a round, extra-axial mass suggestive of a meningioma tumor.",20,"A brain MRI scan demonstrating a round, extra-axial mass suggestive of a meningioma tumor.",20,"A brain MRI demonstrating a round, extra-axial mass suggestive of a meningioma tumor.",19,"Brain MRI demonstrates a round, extra-axial mass suggestive of a meningioma tumor.",18,"A round, extra-axial mass consistent with a meningioma tumor.",15,A brain MRI showing a meningioma tumor.,10,0.9973558783531189,0.9969658851623535,0.9946541786193848,0.9071592092514038,0.8812128901481628,0.9605631828308105
66.png,"A brain imaging study showing a sharply circumscribed, dural-based mass potentially indicating a meningioma tumor.",21,"A brain imaging study demonstrating a sharply circumscribed, dural-based mass potentially indicating a meningioma tumor.",21,"A brain MRI demonstrating a sharply circumscribed, dural-based mass potentially indicating a meningioma tumor.",20,"Brain MRI demonstrates a sharply circumscribed, dural-based mass potentially indicating a meningioma tumor.",19,"A sharply circumscribed, dural-based mass consistent with a meningioma tumor.",16,A brain MRI showing a meningioma tumor.,10,0.9972116351127625,0.9569269418716431,0.994988203048706,0.8918899297714233,0.7992974519729614,0.8938652276992798
67.png,"A medical brain MRI scan identifying a round, extra-axial mass suggestive of a meningioma tumor.",21,"A medical brain MRI scan demonstrating a round, extra-axial mass suggestive of a meningioma tumor.",21,"A brain MRI demonstrating a round, extra-axial mass suggestive of a meningioma tumor.",19,"Brain MRI demonstrates a round, extra-axial mass suggestive of a meningioma tumor.",18,"A round, extra-axial mass consistent with a meningioma tumor.",15,A brain MRI showing a meningioma tumor.,10,0.997683048248291,0.9937366247177124,0.9946541786193848,0.9071592092514038,0.8812128901481628,0.9671173691749573
70.png,"A brain imaging scan showing a well-marginated, dural-based mass suggestive of a meningioma tumor.",23,"A brain imaging scan demonstrating a well-marginated, dural-based mass suggestive of a meningioma tumor.",23,"A brain MRI demonstrating a well-marginated, dural-based mass suggestive of a meningioma tumor.",22,"Brain MRI demonstrates a well-marginated, dural-based mass suggestive of a meningioma tumor.",21,"A well-marginated, dural-based mass consistent with a meningioma tumor.",18,A brain MRI showing a meningioma tumor.,10,0.9971307516098022,0.9707013368606567,0.9959762096405029,0.9105504751205444,0.8422784805297852,0.9365877509117126
86.png,"A brain MRI identifying a dural-based, well-circumscribed mass suggestive of a meningioma tumor.",21,"A brain MRI demonstrating a dural-based, well-circumscribed mass suggestive of a meningioma tumor.",21,"A brain MRI demonstrating a dural-based, well-circumscribed mass suggestive of a meningioma tumor.",21,"Brain MRI demonstrates a dural-based, well-circumscribed mass suggestive of a meningioma tumor.",20,"A dural-based, well-circumscribed mass consistent with a meningioma tumor.",17,A brain MRI showing a meningioma tumor.,10,0.9979349970817566,1.0,0.9960551261901855,0.9061422348022461,0.8252628445625305,0.9475855827331543
93.png,"A brain imaging scan showing a well-marginated, dural-based mass suggestive of a meningioma tumor.",23,"A brain imaging scan demonstrating a well-marginated, dural-based mass suggestive of a meningioma tumor.",23,"A brain MRI demonstrating a well-marginated, dural-based mass suggestive of a meningioma tumor.",22,"Brain MRI demonstrates a well-marginated, dural-based mass suggestive of a meningioma tumor.",21,"A well-marginated, dural-based mass consistent with a meningioma tumor.",18,A brain MRI showing a meningioma tumor.,10,0.9971307516098022,0.9707013368606567,0.9959762096405029,0.9105504751205444,0.8422784805297852,0.9365877509117126
99.png,"A medical brain MRI scan detecting a homogenous, well-marginated mass indicative of a meningioma tumor.",22,"A medical brain MRI scan demonstrating a homogenous, well-marginated mass indicative of a meningioma tumor.",22,"A brain MRI demonstrating a homogenous, well-marginated mass indicative of a meningioma tumor.",20,"Brain MRI demonstrates a homogenous, well-marginated mass indicative of a meningioma tumor.",19,"A homogenous, well-marginated mass consistent with a meningioma tumor.",16,A brain MRI showing a meningioma tumor.,10,0.9935758113861084,0.9901973605155945,0.9948133826255798,0.858575701713562,0.8178711533546448,0.9652304649353027
100.png,"A brain imaging study showing a homogenous, dural-based mass suggestive of a meningioma tumor.",20,"A brain imaging study demonstrating a homogenous, dural-based mass suggestive of a meningioma tumor.",20,"A brain MRI demonstrating a homogenous, dural-based mass suggestive of a meningioma tumor.",19,"Brain MRI demonstrates a homogenous, dural-based mass suggestive of a meningioma tumor.",18,"A homogenous, dural-based mass consistent with a meningioma tumor.",15,A brain MRI showing a meningioma tumor.,10,0.9964274168014526,0.9679650664329529,0.9952985048294067,0.8998153805732727,0.8166588544845581,0.9157617092132568
102.png,"A brain imaging study revealing a well-defined, extra-axial mass suggestive of a meningioma tumor.",22,"A brain imaging study demonstrating a well-defined, extra-axial mass suggestive of a meningioma tumor.",22,"A brain MRI demonstrating a well-defined, extra-axial mass suggestive of a meningioma tumor.",21,"Brain MRI demonstrates a well-defined, extra-axial mass suggestive of a meningioma tumor.",20,"A well-defined, extra-axial mass consistent with a meningioma tumor.",17,A brain MRI showing a meningioma tumor.,10,0.9954178333282471,0.9713173508644104,0.9958654642105103,0.8954936265945435,0.8733046650886536,0.927622377872467
108.png,"A brain MRI identifying a smoothly contoured, extra-axial mass indicative of a meningioma tumor.",22,"A brain MRI demonstrating a smoothly contoured, extra-axial mass indicative of a meningioma tumor.",22,"A brain MRI demonstrating a smoothly contoured, extra-axial mass indicative of a meningioma tumor.",22,"Brain MRI demonstrates a smoothly contoured, extra-axial mass indicative of a meningioma tumor.",21,"A smoothly contoured, extra-axial mass consistent with a meningioma tumor.",18,A brain MRI showing a meningioma tumor.,10,0.9963104724884033,1.0,0.9939670562744141,0.8831178545951843,0.8302258253097534,0.9511221051216125
114.png,"A brain imaging study revealing a well-defined, extra-axial mass suggestive of a meningioma tumor.",22,"A brain imaging study demonstrating a well-defined, extra-axial mass suggestive of a meningioma tumor.",22,"A brain MRI demonstrating a well-defined, extra-axial mass suggestive of a meningioma tumor.",21,"Brain MRI demonstrates a well-defined, extra-axial mass suggestive of a meningioma tumor.",20,"A well-defined, extra-axial mass consistent with a meningioma tumor.",17,A brain MRI showing a meningioma tumor.,10,0.9954178333282471,0.9713173508644104,0.9958654642105103,0.8954936265945435,0.8733046650886536,0.927622377872467
117.png,"A brain imaging scan showing a sharply defined, round mass suggestive of a meningioma tumor.",19,"A brain imaging scan demonstrating a sharply defined, round mass suggestive of a meningioma tumor.",19,"A brain MRI demonstrating a sharply defined, round mass suggestive of a meningioma tumor.",18,"Brain MRI demonstrates a sharply defined, round mass suggestive of a meningioma tumor.",17,"A sharply defined, round mass consistent with a meningioma tumor.",14,A brain MRI showing a meningioma tumor.,10,0.9977366924285889,0.970349133014679,0.9945400953292847,0.8618357181549072,0.8175021409988403,0.934073805809021
121.png,"A medical brain MRI scan detecting a well-defined, extra-axial mass suggestive of a meningioma tumor.",23,"A medical brain MRI scan demonstrating a well-defined, extra-axial mass suggestive of a meningioma tumor.",23,"A brain MRI demonstrating a well-defined, extra-axial mass suggestive of a meningioma tumor.",21,"Brain MRI demonstrates a well-defined, extra-axial mass suggestive of a meningioma tumor.",20,"A well-defined, extra-axial mass consistent with a meningioma tumor.",17,A brain MRI showing a meningioma tumor.,10,0.9933596849441528,0.9934290051460266,0.9958654642105103,0.8954936265945435,0.8733046650886536,0.9633733034133911
122.png,"A brain MRI scan showing a round, extra-axial mass suggestive of a meningioma tumor.",20,"A brain MRI scan demonstrating a round, extra-axial mass suggestive of a meningioma tumor.",20,"A brain MRI demonstrating a round, extra-axial mass suggestive of a meningioma tumor.",19,"Brain MRI demonstrates a round, extra-axial mass suggestive of a meningioma tumor.",18,"A round, extra-axial mass consistent with a meningioma tumor.",15,A brain MRI showing a meningioma tumor.,10,0.9973558783531189,0.9969658851623535,0.9946541786193848,0.9071592092514038,0.8812128901481628,0.9605631828308105
124.png,"A brain MRI identifying a smoothly contoured, extra-axial mass indicative of a meningioma tumor.",22,"A brain MRI demonstrating a smoothly contoured, extra-axial mass indicative of a meningioma tumor.",22,"A brain MRI demonstrating a smoothly contoured, extra-axial mass indicative of a meningioma tumor.",22,"Brain MRI demonstrates a smoothly contoured, extra-axial mass indicative of a meningioma tumor.",21,"A smoothly contoured, extra-axial mass consistent with a meningioma tumor.",18,A brain MRI showing a meningioma tumor.,10,0.9963104724884033,1.0,0.9939670562744141,0.8831178545951843,0.8302258253097534,0.9511221051216125
128.png,"A brain imaging study showing a sharply circumscribed, dural-based mass potentially indicating a meningioma tumor.",21,"A brain imaging study demonstrating a sharply circumscribed, dural-based mass potentially indicating a meningioma tumor.",21,"A brain MRI demonstrating a sharply circumscribed, dural-based mass potentially indicating a meningioma tumor.",20,"Brain MRI demonstrates a sharply circumscribed, dural-based mass potentially indicating a meningioma tumor.",19,"A sharply circumscribed, dural-based mass consistent with a meningioma tumor.",16,A brain MRI showing a meningioma tumor.,10,0.9972116351127625,0.9569269418716431,0.994988203048706,0.8918899297714233,0.7992974519729614,0.8938652276992798
131.png,"A medical brain MRI scan detecting a well-defined, extra-axial mass suggestive of a meningioma tumor.",23,"A medical brain MRI scan demonstrating a well-defined, extra-axial mass suggestive of a meningioma tumor.",23,"A brain MRI demonstrating a well-defined, extra-axial mass suggestive of a meningioma tumor.",21,"Brain MRI demonstrates a well-defined, extra-axial mass suggestive of a meningioma tumor.",20,"A well-defined, extra-axial mass consistent with a meningioma tumor.",17,A brain MRI showing a meningioma tumor.,10,0.9933596849441528,0.9934290051460266,0.9958654642105103,0.8954936265945435,0.8733046650886536,0.9633733034133911
138.png,"A medical brain MRI scan showing a well-circumscribed, extra-axial mass suggestive of a meningioma tumor.",23,"A medical brain MRI scan demonstrating a well-circumscribed, extra-axial mass suggestive of a meningioma tumor.",23,"A brain MRI demonstrating a well-circumscribed, extra-axial mass suggestive of a meningioma tumor.",21,"Brain MRI demonstrates a well-circumscribed, extra-axial mass suggestive of a meningioma tumor.",20,"A well-circumscribed, extra-axial mass consistent with a meningioma tumor.",17,A brain MRI showing a meningioma tumor.,10,0.996602475643158,0.994351327419281,0.9957835674285889,0.8846080303192139,0.8534528017044067,0.9754090905189514
150.png,"A brain MRI displaying a sharply marginated, extra-axial mass indicative of a meningioma tumor.",21,"A brain MRI demonstrating a sharply marginated, extra-axial mass indicative of a meningioma tumor.",21,"A brain MRI demonstrating a sharply marginated, extra-axial mass indicative of a meningioma tumor.",21,"Brain MRI demonstrates a sharply marginated, extra-axial mass indicative of a meningioma tumor.",20,"A sharply marginated, extra-axial mass consistent with a meningioma tumor.",17,A brain MRI showing a meningioma tumor.,10,0.9989755153656006,1.0,0.995357871055603,0.8703773021697998,0.8396820425987244,0.9615844488143921
152.png,"A brain MRI identifying a dural-based, well-circumscribed mass suggestive of a meningioma tumor.",21,"A brain MRI demonstrating a dural-based, well-circumscribed mass suggestive of a meningioma tumor.",21,"A brain MRI demonstrating a dural-based, well-circumscribed mass suggestive of a meningioma tumor.",21,"Brain MRI demonstrates a dural-based, well-circumscribed mass suggestive of a meningioma tumor.",20,"A dural-based, well-circumscribed mass consistent with a meningioma tumor.",17,A brain MRI showing a meningioma tumor.,10,0.9979349970817566,1.0,0.9960551261901855,0.9061422348022461,0.8252628445625305,0.9475855827331543
156.png,"A brain imaging scan showing a well-marginated, dural-based mass suggestive of a meningioma tumor.",23,"A brain imaging scan demonstrating a well-marginated, dural-based mass suggestive of a meningioma tumor.",23,"A brain MRI demonstrating a well-marginated, dural-based mass suggestive of a meningioma tumor.",22,"Brain MRI demonstrates a well-marginated, dural-based mass suggestive of a meningioma tumor.",21,"A well-marginated, dural-based mass consistent with a meningioma tumor.",18,A brain MRI showing a meningioma tumor.,10,0.9971307516098022,0.9707013368606567,0.9959762096405029,0.9105504751205444,0.8422784805297852,0.9365877509117126
167.png,"A brain imaging study revealing a well-defined, extra-axial mass suggestive of a meningioma tumor.",22,"A brain imaging study demonstrating a well-defined, extra-axial mass suggestive of a meningioma tumor.",22,"A brain MRI demonstrating a well-defined, extra-axial mass suggestive of a meningioma tumor.",21,"Brain MRI demonstrates a well-defined, extra-axial mass suggestive of a meningioma tumor.",20,"A well-defined, extra-axial mass consistent with a meningioma tumor.",17,A brain MRI showing a meningioma tumor.,10,0.9954178333282471,0.9713173508644104,0.9958654642105103,0.8954936265945435,0.8733046650886536,0.927622377872467
169.png,"A brain MRI displaying a well-circumscribed, sharply marginated mass indicative of a meningioma tumor.",21,"A brain MRI demonstrating a well-circumscribed, sharply marginated mass indicative of a meningioma tumor.",21,"A brain MRI demonstrating a well-circumscribed, sharply marginated mass indicative of a meningioma tumor.",21,"Brain MRI demonstrates a well-circumscribed, sharply marginated mass indicative of a meningioma tumor.",20,"A well-circumscribed, sharply marginated mass consistent with a meningioma tumor.",17,A brain MRI showing a meningioma tumor.,10,0.9985061287879944,1.0,0.9965327978134155,0.8411685228347778,0.8100981712341309,0.9692729115486145
174.png,"A brain MRI displaying a well-circumscribed, round mass suggestive of a meningioma tumor.",19,"A brain MRI demonstrating a well-circumscribed, round mass suggestive of a meningioma tumor.",19,"A brain MRI demonstrating a well-circumscribed, round mass suggestive of a meningioma tumor.",19,"Brain MRI demonstrates a well-circumscribed, round mass suggestive of a meningioma tumor.",18,"A well-circumscribed, round mass consistent with a meningioma tumor.",15,A brain MRI showing a meningioma tumor.,10,0.9987771511077881,0.9999998211860657,0.9944437742233276,0.8644541501998901,0.8423253297805786,0.9805294871330261
183.png,"A brain imaging study revealing a well-defined, extra-axial mass suggestive of a meningioma tumor.",22,"A brain imaging study demonstrating a well-defined, extra-axial mass suggestive of a meningioma tumor.",22,"A brain MRI demonstrating a well-defined, extra-axial mass suggestive of a meningioma tumor.",21,"Brain MRI demonstrates a well-defined, extra-axial mass suggestive of a meningioma tumor.",20,"A well-defined, extra-axial mass consistent with a meningioma tumor.",17,A brain MRI showing a meningioma tumor.,10,0.9954178333282471,0.9713173508644104,0.9958654642105103,0.8954936265945435,0.8733046650886536,0.927622377872467
198.png,"A brain MRI revealing a homogenous, well-circumscribed mass potentially indicative of a meningioma tumor.",20,"A brain MRI demonstrating a homogenous, well-circumscribed mass potentially indicative of a meningioma tumor.",20,"A brain MRI demonstrating a homogenous, well-circumscribed mass potentially indicative of a meningioma tumor.",20,"Brain MRI demonstrates a homogenous, well-circumscribed mass potentially indicative of a meningioma tumor.",19,"A homogenous, well-circumscribed mass consistent with a meningioma tumor.",15,A brain MRI showing a meningioma tumor.,10,0.9975788593292236,0.9999998807907104,0.9960024952888489,0.8594886064529419,0.7959959506988525,0.9590247273445129
211.png,"A brain MRI scan showing a round, extra-axial mass suggestive of a meningioma tumor.",20,"A brain MRI scan demonstrating a round, extra-axial mass suggestive of a meningioma tumor.",20,"A brain MRI demonstrating a round, extra-axial mass suggestive of a meningioma tumor.",19,"Brain MRI demonstrates a round, extra-axial mass suggestive of a meningioma tumor.",18,"A round, extra-axial mass consistent with a meningioma tumor.",15,A brain MRI showing a meningioma tumor.,10,0.9973558783531189,0.9969658851623535,0.9946541786193848,0.9071592092514038,0.8812128901481628,0.9605631828308105
217.png,"A brain MRI displaying a well-circumscribed, round mass suggestive of a meningioma tumor.",19,"A brain MRI demonstrating a well-circumscribed, round mass suggestive of a meningioma tumor.",19,"A brain MRI demonstrating a well-circumscribed, round mass suggestive of a meningioma tumor.",19,"Brain MRI demonstrates a well-circumscribed, round mass suggestive of a meningioma tumor.",18,"A well-circumscribed, round mass consistent with a meningioma tumor.",15,A brain MRI showing a meningioma tumor.,10,0.9987771511077881,0.9999998211860657,0.9944437742233276,0.8644541501998901,0.8423253297805786,0.9805294871330261
223.png,"A medical brain MRI scan detecting a homogenous, well-marginated mass indicative of a meningioma tumor.",22,"A medical brain MRI scan demonstrating a homogenous, well-marginated mass indicative of a meningioma tumor.",22,"A brain MRI demonstrating a homogenous, well-marginated mass indicative of a meningioma tumor.",20,"Brain MRI demonstrates a homogenous, well-marginated mass indicative of a meningioma tumor.",19,"A homogenous, well-marginated mass consistent with a meningioma tumor.",16,A brain MRI showing a meningioma tumor.,10,0.9935758113861084,0.9901973605155945,0.9948133826255798,0.858575701713562,0.8178711533546448,0.9652304649353027
228.png,"A medical brain MRI scan identifying a round, extra-axial mass suggestive of a meningioma tumor.",21,"A medical brain MRI scan demonstrating a round, extra-axial mass suggestive of a meningioma tumor.",21,"A brain MRI demonstrating a round, extra-axial mass suggestive of a meningioma tumor.",19,"Brain MRI demonstrates a round, extra-axial mass suggestive of a meningioma tumor.",18,"A round, extra-axial mass consistent with a meningioma tumor.",15,A brain MRI showing a meningioma tumor.,10,0.997683048248291,0.9937366247177124,0.9946541786193848,0.9071592092514038,0.8812128901481628,0.9671173691749573
233.png,"A medical brain MRI scan identifying a round, extra-axial mass suggestive of a meningioma tumor.",21,"A medical brain MRI scan demonstrating a round, extra-axial mass suggestive of a meningioma tumor.",21,"A brain MRI demonstrating a round, extra-axial mass suggestive of a meningioma tumor.",19,"Brain MRI demonstrates a round, extra-axial mass suggestive of a meningioma tumor.",18,"A round, extra-axial mass consistent with a meningioma tumor.",15,A brain MRI showing a meningioma tumor.,10,0.997683048248291,0.9937366247177124,0.9946541786193848,0.9071592092514038,0.8812128901481628,0.9671173691749573
234.png,"A medical brain MRI scan showing a well-circumscribed, extra-axial mass suggestive of a meningioma tumor.",23,"A medical brain MRI scan demonstrating a well-circumscribed, extra-axial mass suggestive of a meningioma tumor.",23,"A brain MRI demonstrating a well-circumscribed, extra-axial mass suggestive of a meningioma tumor.",21,"Brain MRI demonstrates a well-circumscribed, extra-axial mass suggestive of a meningioma tumor.",20,"A well-circumscribed, extra-axial mass consistent with a meningioma tumor.",17,A brain MRI showing a meningioma tumor.,10,0.996602475643158,0.994351327419281,0.9957835674285889,0.8846080303192139,0.8534528017044067,0.9754090905189514
238.png,"A medical brain MRI scan detecting a homogenous, well-marginated mass indicative of a meningioma tumor.",22,"A medical brain MRI scan demonstrating a homogenous, well-marginated mass indicative of a meningioma tumor.",22,"A brain MRI demonstrating a homogenous, well-marginated mass indicative of a meningioma tumor.",20,"Brain MRI demonstrates a homogenous, well-marginated mass indicative of a meningioma tumor.",19,"A homogenous, well-marginated mass consistent with a meningioma tumor.",16,A brain MRI showing a meningioma tumor.,10,0.9935758113861084,0.9901973605155945,0.9948133826255798,0.858575701713562,0.8178711533546448,0.9652304649353027
246.png,"A brain MRI displaying a well-circumscribed, round mass suggestive of a meningioma tumor.",19,"A brain MRI demonstrating a well-circumscribed, round mass suggestive of a meningioma tumor.",19,"A brain MRI demonstrating a well-circumscribed, round mass suggestive of a meningioma tumor.",19,"Brain MRI demonstrates a well-circumscribed, round mass suggestive of a meningioma tumor.",18,"A well-circumscribed, round mass consistent with a meningioma tumor.",15,A brain MRI showing a meningioma tumor.,10,0.9987771511077881,0.9999998211860657,0.9944437742233276,0.8644541501998901,0.8423253297805786,0.9805294871330261
256.png,"A brain MRI identifying a smoothly contoured, extra-axial mass indicative of a meningioma tumor.",22,"A brain MRI demonstrating a smoothly contoured, extra-axial mass indicative of a meningioma tumor.",22,"A brain MRI demonstrating a smoothly contoured, extra-axial mass indicative of a meningioma tumor.",22,"Brain MRI demonstrates a smoothly contoured, extra-axial mass indicative of a meningioma tumor.",21,"A smoothly contoured, extra-axial mass consistent with a meningioma tumor.",18,A brain MRI showing a meningioma tumor.,10,0.9963104724884033,1.0,0.9939670562744141,0.8831178545951843,0.8302258253097534,0.9511221051216125
262.png,"A brain MRI scan showing a round, extra-axial mass suggestive of a meningioma tumor.",20,"A brain MRI scan demonstrating a round, extra-axial mass suggestive of a meningioma tumor.",20,"A brain MRI demonstrating a round, extra-axial mass suggestive of a meningioma tumor.",19,"Brain MRI demonstrates a round, extra-axial mass suggestive of a meningioma tumor.",18,"A round, extra-axial mass consistent with a meningioma tumor.",15,A brain MRI showing a meningioma tumor.,10,0.9973558783531189,0.9969658851623535,0.9946541786193848,0.9071592092514038,0.8812128901481628,0.9605631828308105
263.png,"A brain MRI displaying a sharply marginated, extra-axial mass indicative of a meningioma tumor.",21,"A brain MRI demonstrating a sharply marginated, extra-axial mass indicative of a meningioma tumor.",21,"A brain MRI demonstrating a sharply marginated, extra-axial mass indicative of a meningioma tumor.",21,"Brain MRI demonstrates a sharply marginated, extra-axial mass indicative of a meningioma tumor.",20,"A sharply marginated, extra-axial mass consistent with a meningioma tumor.",17,A brain MRI showing a meningioma tumor.,10,0.9989755153656006,1.0,0.995357871055603,0.8703773021697998,0.8396820425987244,0.9615844488143921
284.png,"A medical brain MRI scan detecting a well-defined, extra-axial mass suggestive of a meningioma tumor.",23,"A medical brain MRI scan demonstrating a well-defined, extra-axial mass suggestive of a meningioma tumor.",23,"A brain MRI demonstrating a well-defined, extra-axial mass suggestive of a meningioma tumor.",21,"Brain MRI demonstrates a well-defined, extra-axial mass suggestive of a meningioma tumor.",20,"A well-defined, extra-axial mass consistent with a meningioma tumor.",17,A brain MRI showing a meningioma tumor.,10,0.9933596849441528,0.9934290051460266,0.9958654642105103,0.8954936265945435,0.8733046650886536,0.9633733034133911
296.png,"A brain MRI revealing a homogenous, well-circumscribed mass potentially indicative of a meningioma tumor.",20,"A brain MRI demonstrating a homogenous, well-circumscribed mass potentially indicative of a meningioma tumor.",20,"A brain MRI demonstrating a homogenous, well-circumscribed mass potentially indicative of a meningioma tumor.",20,"Brain MRI demonstrates a homogenous, well-circumscribed mass potentially indicative of a meningioma tumor.",19,"A homogenous, well-circumscribed mass consistent with a meningioma tumor.",15,A brain MRI showing a meningioma tumor.,10,0.9975788593292236,0.9999998807907104,0.9960024952888489,0.8594886064529419,0.7959959506988525,0.9590247273445129
304.png,"A medical brain MRI scan showing a well-circumscribed, extra-axial mass suggestive of a meningioma tumor.",23,"A medical brain MRI scan demonstrating a well-circumscribed, extra-axial mass suggestive of a meningioma tumor.",23,"A brain MRI demonstrating a well-circumscribed, extra-axial mass suggestive of a meningioma tumor.",21,"Brain MRI demonstrates a well-circumscribed, extra-axial mass suggestive of a meningioma tumor.",20,"A well-circumscribed, extra-axial mass consistent with a meningioma tumor.",17,A brain MRI showing a meningioma tumor.,10,0.996602475643158,0.994351327419281,0.9957835674285889,0.8846080303192139,0.8534528017044067,0.9754090905189514
311.png,"A brain MRI displaying a well-circumscribed, round mass suggestive of a meningioma tumor.",19,"A brain MRI demonstrating a well-circumscribed, round mass suggestive of a meningioma tumor.",19,"A brain MRI demonstrating a well-circumscribed, round mass suggestive of a meningioma tumor.",19,"Brain MRI demonstrates a well-circumscribed, round mass suggestive of a meningioma tumor.",18,"A well-circumscribed, round mass consistent with a meningioma tumor.",15,A brain MRI showing a meningioma tumor.,10,0.9987771511077881,0.9999998211860657,0.9944437742233276,0.8644541501998901,0.8423253297805786,0.9805294871330261
321.png,"A brain MRI identifying a smoothly contoured, extra-axial mass indicative of a meningioma tumor.",22,"A brain MRI demonstrating a smoothly contoured, extra-axial mass indicative of a meningioma tumor.",22,"A brain MRI demonstrating a smoothly contoured, extra-axial mass indicative of a meningioma tumor.",22,"Brain MRI demonstrates a smoothly contoured, extra-axial mass indicative of a meningioma tumor.",21,"A smoothly contoured, extra-axial mass consistent with a meningioma tumor.",18,A brain MRI showing a meningioma tumor.,10,0.9963104724884033,1.0,0.9939670562744141,0.8831178545951843,0.8302258253097534,0.9511221051216125
323.png,"A medical brain MRI scan detecting a homogenous, well-marginated mass indicative of a meningioma tumor.",22,"A medical brain MRI scan demonstrating a homogenous, well-marginated mass indicative of a meningioma tumor.",22,"A brain MRI demonstrating a homogenous, well-marginated mass indicative of a meningioma tumor.",20,"Brain MRI demonstrates a homogenous, well-marginated mass indicative of a meningioma tumor.",19,"A homogenous, well-marginated mass consistent with a meningioma tumor.",16,A brain MRI showing a meningioma tumor.,10,0.9935758113861084,0.9901973605155945,0.9948133826255798,0.858575701713562,0.8178711533546448,0.9652304649353027
324.png,"A medical brain MRI scan detecting a homogenous, well-marginated mass indicative of a meningioma tumor.",22,"A medical brain MRI scan demonstrating a homogenous, well-marginated mass indicative of a meningioma tumor.",22,"A brain MRI demonstrating a homogenous, well-marginated mass indicative of a meningioma tumor.",20,"Brain MRI demonstrates a homogenous, well-marginated mass indicative of a meningioma tumor.",19,"A homogenous, well-marginated mass consistent with a meningioma tumor.",16,A brain MRI showing a meningioma tumor.,10,0.9935758113861084,0.9901973605155945,0.9948133826255798,0.858575701713562,0.8178711533546448,0.9652304649353027
332.png,"A brain imaging scan showing a sharply defined, round mass suggestive of a meningioma tumor.",19,"A brain imaging scan demonstrating a sharply defined, round mass suggestive of a meningioma tumor.",19,"A brain MRI demonstrating a sharply defined, round mass suggestive of a meningioma tumor.",18,"Brain MRI demonstrates a sharply defined, round mass suggestive of a meningioma tumor.",17,"A sharply defined, round mass consistent with a meningioma tumor.",14,A brain MRI showing a meningioma tumor.,10,0.9977366924285889,0.970349133014679,0.9945400953292847,0.8618357181549072,0.8175021409988403,0.934073805809021
333.png,"A brain MRI identifying a smoothly contoured, extra-axial mass indicative of a meningioma tumor.",22,"A brain MRI demonstrating a smoothly contoured, extra-axial mass indicative of a meningioma tumor.",22,"A brain MRI demonstrating a smoothly contoured, extra-axial mass indicative of a meningioma tumor.",22,"Brain MRI demonstrates a smoothly contoured, extra-axial mass indicative of a meningioma tumor.",21,"A smoothly contoured, extra-axial mass consistent with a meningioma tumor.",18,A brain MRI showing a meningioma tumor.,10,0.9963104724884033,1.0,0.9939670562744141,0.8831178545951843,0.8302258253097534,0.9511221051216125
350.png,"A medical brain MRI scan identifying a round, extra-axial mass suggestive of a meningioma tumor.",21,"A medical brain MRI scan demonstrating a round, extra-axial mass suggestive of a meningioma tumor.",21,"A brain MRI demonstrating a round, extra-axial mass suggestive of a meningioma tumor.",19,"Brain MRI demonstrates a round, extra-axial mass suggestive of a meningioma tumor.",18,"A round, extra-axial mass consistent with a meningioma tumor.",15,A brain MRI showing a meningioma tumor.,10,0.997683048248291,0.9937366247177124,0.9946541786193848,0.9071592092514038,0.8812128901481628,0.9671173691749573
351.png,"A brain MRI displaying a well-circumscribed, round mass suggestive of a meningioma tumor.",19,"A brain MRI demonstrating a well-circumscribed, round mass suggestive of a meningioma tumor.",19,"A brain MRI demonstrating a well-circumscribed, round mass suggestive of a meningioma tumor.",19,"Brain MRI demonstrates a well-circumscribed, round mass suggestive of a meningioma tumor.",18,"A well-circumscribed, round mass consistent with a meningioma tumor.",15,A brain MRI showing a meningioma tumor.,10,0.9987771511077881,0.9999998211860657,0.9944437742233276,0.8644541501998901,0.8423253297805786,0.9805294871330261
354.png,"A medical brain MRI scan showing a well-circumscribed, extra-axial mass suggestive of a meningioma tumor.",23,"A medical brain MRI scan demonstrating a well-circumscribed, extra-axial mass suggestive of a meningioma tumor.",23,"A brain MRI demonstrating a well-circumscribed, extra-axial mass suggestive of a meningioma tumor.",21,"Brain MRI demonstrates a well-circumscribed, extra-axial mass suggestive of a meningioma tumor.",20,"A well-circumscribed, extra-axial mass consistent with a meningioma tumor.",17,A brain MRI showing a meningioma tumor.,10,0.996602475643158,0.994351327419281,0.9957835674285889,0.8846080303192139,0.8534528017044067,0.9754090905189514
404.png,"A brain MRI displaying a well-circumscribed, sharply marginated mass indicative of a meningioma tumor.",21,"A brain MRI demonstrating a well-circumscribed, sharply marginated mass indicative of a meningioma tumor.",21,"A brain MRI demonstrating a well-circumscribed, sharply marginated mass indicative of a meningioma tumor.",21,"Brain MRI demonstrates a well-circumscribed, sharply marginated mass indicative of a meningioma tumor.",20,"A well-circumscribed, sharply marginated mass consistent with a meningioma tumor.",17,A brain MRI showing a meningioma tumor.,10,0.9985061287879944,1.0,0.9965327978134155,0.8411685228347778,0.8100981712341309,0.9692729115486145
415.png,"A medical brain MRI scan detecting a homogenous, well-marginated mass indicative of a meningioma tumor.",22,"A medical brain MRI scan demonstrating a homogenous, well-marginated mass indicative of a meningioma tumor.",22,"A brain MRI demonstrating a homogenous, well-marginated mass indicative of a meningioma tumor.",20,"Brain MRI demonstrates a homogenous, well-marginated mass indicative of a meningioma tumor.",19,"A homogenous, well-marginated mass consistent with a meningioma tumor.",16,A brain MRI showing a meningioma tumor.,10,0.9935758113861084,0.9901973605155945,0.9948133826255798,0.858575701713562,0.8178711533546448,0.9652304649353027
429.png,"A brain MRI revealing a homogenous, well-circumscribed mass potentially indicative of a meningioma tumor.",20,"A brain MRI demonstrating a homogenous, well-circumscribed mass potentially indicative of a meningioma tumor.",20,"A brain MRI demonstrating a homogenous, well-circumscribed mass potentially indicative of a meningioma tumor.",20,"Brain MRI demonstrates a homogenous, well-circumscribed mass potentially indicative of a meningioma tumor.",19,"A homogenous, well-circumscribed mass consistent with a meningioma tumor.",15,A brain MRI showing a meningioma tumor.,10,0.9975788593292236,0.9999998807907104,0.9960024952888489,0.8594886064529419,0.7959959506988525,0.9590247273445129
442.png,"A medical brain MRI scan detecting a homogenous, well-marginated mass indicative of a meningioma tumor.",22,"A medical brain MRI scan demonstrating a homogenous, well-marginated mass indicative of a meningioma tumor.",22,"A brain MRI demonstrating a homogenous, well-marginated mass indicative of a meningioma tumor.",20,"Brain MRI demonstrates a homogenous, well-marginated mass indicative of a meningioma tumor.",19,"A homogenous, well-marginated mass consistent with a meningioma tumor.",16,A brain MRI showing a meningioma tumor.,10,0.9935758113861084,0.9901973605155945,0.9948133826255798,0.858575701713562,0.8178711533546448,0.9652304649353027
443.png,"A brain MRI identifying a dural-based, well-circumscribed mass suggestive of a meningioma tumor.",21,"A brain MRI demonstrating a dural-based, well-circumscribed mass suggestive of a meningioma tumor.",21,"A brain MRI demonstrating a dural-based, well-circumscribed mass suggestive of a meningioma tumor.",21,"Brain MRI demonstrates a dural-based, well-circumscribed mass suggestive of a meningioma tumor.",20,"A dural-based, well-circumscribed mass consistent with a meningioma tumor.",17,A brain MRI showing a meningioma tumor.,10,0.9979349970817566,1.0,0.9960551261901855,0.9061422348022461,0.8252628445625305,0.9475855827331543
445.png,"A brain MRI displaying a well-circumscribed, round mass suggestive of a meningioma tumor.",19,"A brain MRI demonstrating a well-circumscribed, round mass suggestive of a meningioma tumor.",19,"A brain MRI demonstrating a well-circumscribed, round mass suggestive of a meningioma tumor.",19,"Brain MRI demonstrates a well-circumscribed, round mass suggestive of a meningioma tumor.",18,"A well-circumscribed, round mass consistent with a meningioma tumor.",15,A brain MRI showing a meningioma tumor.,10,0.9987771511077881,0.9999998211860657,0.9944437742233276,0.8644541501998901,0.8423253297805786,0.9805294871330261
452.png,"A brain imaging scan showing a well-defined, smoothly contoured mass indicative of a meningioma tumor.",23,"A brain imaging scan demonstrating a well-defined, smoothly contoured mass indicative of a meningioma tumor.",23,"A brain MRI demonstrating a well-defined, smoothly contoured mass indicative of a meningioma tumor.",22,"Brain MRI demonstrates a well-defined, smoothly contoured mass indicative of a meningioma tumor.",21,"A well-defined, smoothly contoured mass consistent with a meningioma tumor.",18,A brain MRI showing a meningioma tumor.,10,0.9968146085739136,0.9668152332305908,0.9943997859954834,0.8854430913925171,0.8550695776939392,0.9450967311859131
457.png,"A brain imaging study showing a sharply circumscribed, dural-based mass potentially indicating a meningioma tumor.",21,"A brain imaging study demonstrating a sharply circumscribed, dural-based mass potentially indicating a meningioma tumor.",21,"A brain MRI demonstrating a sharply circumscribed, dural-based mass potentially indicating a meningioma tumor.",20,"Brain MRI demonstrates a sharply circumscribed, dural-based mass potentially indicating a meningioma tumor.",19,"A sharply circumscribed, dural-based mass consistent with a meningioma tumor.",16,A brain MRI showing a meningioma tumor.,10,0.9972116351127625,0.9569269418716431,0.994988203048706,0.8918899297714233,0.7992974519729614,0.8938652276992798
472.png,"A medical brain MRI scan detecting a well-defined, extra-axial mass suggestive of a meningioma tumor.",23,"A medical brain MRI scan demonstrating a well-defined, extra-axial mass suggestive of a meningioma tumor.",23,"A brain MRI demonstrating a well-defined, extra-axial mass suggestive of a meningioma tumor.",21,"Brain MRI demonstrates a well-defined, extra-axial mass suggestive of a meningioma tumor.",20,"A well-defined, extra-axial mass consistent with a meningioma tumor.",17,A brain MRI showing a meningioma tumor.,10,0.9933596849441528,0.9934290051460266,0.9958654642105103,0.8954936265945435,0.8733046650886536,0.9633733034133911
473.png,"A brain MRI scan showing a round, extra-axial mass suggestive of a meningioma tumor.",20,"A brain MRI scan demonstrating a round, extra-axial mass suggestive of a meningioma tumor.",20,"A brain MRI demonstrating a round, extra-axial mass suggestive of a meningioma tumor.",19,"Brain MRI demonstrates a round, extra-axial mass suggestive of a meningioma tumor.",18,"A round, extra-axial mass consistent with a meningioma tumor.",15,A brain MRI showing a meningioma tumor.,10,0.9973558783531189,0.9969658851623535,0.9946541786193848,0.9071592092514038,0.8812128901481628,0.9605631828308105
475.png,"A brain MRI identifying a dural-based, well-circumscribed mass suggestive of a meningioma tumor.",21,"A brain MRI demonstrating a dural-based, well-circumscribed mass suggestive of a meningioma tumor.",21,"A brain MRI demonstrating a dural-based, well-circumscribed mass suggestive of a meningioma tumor.",21,"Brain MRI demonstrates a dural-based, well-circumscribed mass suggestive of a meningioma tumor.",20,"A dural-based, well-circumscribed mass consistent with a meningioma tumor.",17,A brain MRI showing a meningioma tumor.,10,0.9979349970817566,1.0,0.9960551261901855,0.9061422348022461,0.8252628445625305,0.9475855827331543
482.png,"A brain MRI revealing a homogenous, well-circumscribed mass potentially indicative of a meningioma tumor.",20,"A brain MRI demonstrating a homogenous, well-circumscribed mass potentially indicative of a meningioma tumor.",20,"A brain MRI demonstrating a homogenous, well-circumscribed mass potentially indicative of a meningioma tumor.",20,"Brain MRI demonstrates a homogenous, well-circumscribed mass potentially indicative of a meningioma tumor.",19,"A homogenous, well-circumscribed mass consistent with a meningioma tumor.",15,A brain MRI showing a meningioma tumor.,10,0.9975788593292236,0.9999998807907104,0.9960024952888489,0.8594886064529419,0.7959959506988525,0.9590247273445129
483.png,"A brain MRI revealing a dural-based, homogenous mass suggestive of a meningioma tumor.",19,"A brain MRI demonstrating a dural-based, homogenous mass suggestive of a meningioma tumor.",19,"A brain MRI demonstrating a dural-based, homogenous mass suggestive of a meningioma tumor.",19,"Brain MRI demonstrates a dural-based, homogenous mass suggestive of a meningioma tumor.",18,"A dural-based, homogenous mass consistent with a meningioma tumor.",15,A brain MRI showing a meningioma tumor.,10,0.9964525699615479,0.9999999403953552,0.9959709644317627,0.9057649374008179,0.8223651051521301,0.9425945281982422
484.png,"A medical brain MRI scan identifying a round, extra-axial mass suggestive of a meningioma tumor.",21,"A medical brain MRI scan demonstrating a round, extra-axial mass suggestive of a meningioma tumor.",21,"A brain MRI demonstrating a round, extra-axial mass suggestive of a meningioma tumor.",19,"Brain MRI demonstrates a round, extra-axial mass suggestive of a meningioma tumor.",18,"A round, extra-axial mass consistent with a meningioma tumor.",15,A brain MRI showing a meningioma tumor.,10,0.997683048248291,0.9937366247177124,0.9946541786193848,0.9071592092514038,0.8812128901481628,0.9671173691749573
486.png,"A brain MRI displaying a well-circumscribed, round mass suggestive of a meningioma tumor.",19,"A brain MRI demonstrating a well-circumscribed, round mass suggestive of a meningioma tumor.",19,"A brain MRI demonstrating a well-circumscribed, round mass suggestive of a meningioma tumor.",19,"Brain MRI demonstrates a well-circumscribed, round mass suggestive of a meningioma tumor.",18,"A well-circumscribed, round mass consistent with a meningioma tumor.",15,A brain MRI showing a meningioma tumor.,10,0.9987771511077881,0.9999998211860657,0.9944437742233276,0.8644541501998901,0.8423253297805786,0.9805294871330261
494.png,"A brain MRI scan showing a round, extra-axial mass suggestive of a meningioma tumor.",20,"A brain MRI scan demonstrating a round, extra-axial mass suggestive of a meningioma tumor.",20,"A brain MRI demonstrating a round, extra-axial mass suggestive of a meningioma tumor.",19,"Brain MRI demonstrates a round, extra-axial mass suggestive of a meningioma tumor.",18,"A round, extra-axial mass consistent with a meningioma tumor.",15,A brain MRI showing a meningioma tumor.,10,0.9973558783531189,0.9969658851623535,0.9946541786193848,0.9071592092514038,0.8812128901481628,0.9605631828308105
500.png,"A brain MRI revealing a dural-based, homogenous mass suggestive of a meningioma tumor.",19,"A brain MRI demonstrating a dural-based, homogenous mass suggestive of a meningioma tumor.",19,"A brain MRI demonstrating a dural-based, homogenous mass suggestive of a meningioma tumor.",19,"Brain MRI demonstrates a dural-based, homogenous mass suggestive of a meningioma tumor.",18,"A dural-based, homogenous mass consistent with a meningioma tumor.",15,A brain MRI showing a meningioma tumor.,10,0.9964525699615479,0.9999999403953552,0.9959709644317627,0.9057649374008179,0.8223651051521301,0.9425945281982422
506.png,"A medical brain MRI scan detecting a homogenous, well-marginated mass indicative of a meningioma tumor.",22,"A medical brain MRI scan demonstrating a homogenous, well-marginated mass indicative of a meningioma tumor.",22,"A brain MRI demonstrating a homogenous, well-marginated mass indicative of a meningioma tumor.",20,"Brain MRI demonstrates a homogenous, well-marginated mass indicative of a meningioma tumor.",19,"A homogenous, well-marginated mass consistent with a meningioma tumor.",16,A brain MRI showing a meningioma tumor.,10,0.9935758113861084,0.9901973605155945,0.9948133826255798,0.858575701713562,0.8178711533546448,0.9652304649353027
507.png,"A brain MRI revealing a well-marginated, extra-axial mass potentially indicative of a meningioma tumor.",23,"A brain MRI demonstrating a well-marginated, extra-axial mass potentially indicative of a meningioma tumor.",23,"A brain MRI demonstrating a well-marginated, extra-axial mass potentially indicative of a meningioma tumor.",23,"Brain MRI demonstrates a well-marginated, extra-axial mass potentially indicative of a meningioma tumor.",22,"A well-marginated, extra-axial mass consistent with a meningioma tumor.",18,A brain MRI showing a meningioma tumor.,10,0.9973967671394348,1.0,0.9956636428833008,0.8972271084785461,0.8857506513595581,0.9766831398010254
518.png,"A brain imaging study revealing a well-defined, dural-based mass likely representing a meningioma tumor.",22,"A brain imaging study demonstrating a well-defined, dural-based mass likely representing a meningioma tumor.",22,"A brain MRI demonstrating a well-defined, dural-based mass likely representing a meningioma tumor.",21,"Brain MRI demonstrates a well-defined, dural-based mass likely representing a meningioma tumor.",20,"A well-defined, dural-based mass consistent with a meningioma tumor.",17,A brain MRI showing a meningioma tumor.,10,0.9954133033752441,0.9638161659240723,0.9948930740356445,0.8996793031692505,0.8471682071685791,0.9113525748252869
519.png,"A brain imaging scan showing a well-defined, smoothly contoured mass indicative of a meningioma tumor.",23,"A brain imaging scan demonstrating a well-defined, smoothly contoured mass indicative of a meningioma tumor.",23,"A brain MRI demonstrating a well-defined, smoothly contoured mass indicative of a meningioma tumor.",22,"Brain MRI demonstrates a well-defined, smoothly contoured mass indicative of a meningioma tumor.",21,"A well-defined, smoothly contoured mass consistent with a meningioma tumor.",18,A brain MRI showing a meningioma tumor.,10,0.9968146085739136,0.9668152332305908,0.9943997859954834,0.8854430913925171,0.8550695776939392,0.9450967311859131
543.png,"A brain MRI identifying a smoothly contoured, extra-axial mass indicative of a meningioma tumor.",22,"A brain MRI demonstrating a smoothly contoured, extra-axial mass indicative of a meningioma tumor.",22,"A brain MRI demonstrating a smoothly contoured, extra-axial mass indicative of a meningioma tumor.",22,"Brain MRI demonstrates a smoothly contoured, extra-axial mass indicative of a meningioma tumor.",21,"A smoothly contoured, extra-axial mass consistent with a meningioma tumor.",18,A brain MRI showing a meningioma tumor.,10,0.9963104724884033,1.0,0.9939670562744141,0.8831178545951843,0.8302258253097534,0.9511221051216125
550.png,"A medical brain MRI scan identifying a round, extra-axial mass suggestive of a meningioma tumor.",21,"A medical brain MRI scan demonstrating a round, extra-axial mass suggestive of a meningioma tumor.",21,"A brain MRI demonstrating a round, extra-axial mass suggestive of a meningioma tumor.",19,"Brain MRI demonstrates a round, extra-axial mass suggestive of a meningioma tumor.",18,"A round, extra-axial mass consistent with a meningioma tumor.",15,A brain MRI showing a meningioma tumor.,10,0.997683048248291,0.9937366247177124,0.9946541786193848,0.9071592092514038,0.8812128901481628,0.9671173691749573
551.png,"A brain imaging scan showing a well-marginated, dural-based mass suggestive of a meningioma tumor.",23,"A brain imaging scan demonstrating a well-marginated, dural-based mass suggestive of a meningioma tumor.",23,"A brain MRI demonstrating a well-marginated, dural-based mass suggestive of a meningioma tumor.",22,"Brain MRI demonstrates a well-marginated, dural-based mass suggestive of a meningioma tumor.",21,"A well-marginated, dural-based mass consistent with a meningioma tumor.",18,A brain MRI showing a meningioma tumor.,10,0.9971307516098022,0.9707013368606567,0.9959762096405029,0.9105504751205444,0.8422784805297852,0.9365877509117126
558.png,"A brain imaging study revealing a well-defined, extra-axial mass suggestive of a meningioma tumor.",22,"A brain imaging study demonstrating a well-defined, extra-axial mass suggestive of a meningioma tumor.",22,"A brain MRI demonstrating a well-defined, extra-axial mass suggestive of a meningioma tumor.",21,"Brain MRI demonstrates a well-defined, extra-axial mass suggestive of a meningioma tumor.",20,"A well-defined, extra-axial mass consistent with a meningioma tumor.",17,A brain MRI showing a meningioma tumor.,10,0.9954178333282471,0.9713173508644104,0.9958654642105103,0.8954936265945435,0.8733046650886536,0.927622377872467
561.png,"A medical brain MRI scan detecting a well-defined, extra-axial mass suggestive of a meningioma tumor.",23,"A medical brain MRI scan demonstrating a well-defined, extra-axial mass suggestive of a meningioma tumor.",23,"A brain MRI demonstrating a well-defined, extra-axial mass suggestive of a meningioma tumor.",21,"Brain MRI demonstrates a well-defined, extra-axial mass suggestive of a meningioma tumor.",20,"A well-defined, extra-axial mass consistent with a meningioma tumor.",17,A brain MRI showing a meningioma tumor.,10,0.9933596849441528,0.9934290051460266,0.9958654642105103,0.8954936265945435,0.8733046650886536,0.9633733034133911
562.png,"A medical brain MRI scan detecting a well-defined, extra-axial mass suggestive of a meningioma tumor.",23,"A medical brain MRI scan demonstrating a well-defined, extra-axial mass suggestive of a meningioma tumor.",23,"A brain MRI demonstrating a well-defined, extra-axial mass suggestive of a meningioma tumor.",21,"Brain MRI demonstrates a well-defined, extra-axial mass suggestive of a meningioma tumor.",20,"A well-defined, extra-axial mass consistent with a meningioma tumor.",17,A brain MRI showing a meningioma tumor.,10,0.9933596849441528,0.9934290051460266,0.9958654642105103,0.8954936265945435,0.8733046650886536,0.9633733034133911
563.png,"A brain imaging scan showing a well-defined, smoothly contoured mass indicative of a meningioma tumor.",23,"A brain imaging scan demonstrating a well-defined, smoothly contoured mass indicative of a meningioma tumor.",23,"A brain MRI demonstrating a well-defined, smoothly contoured mass indicative of a meningioma tumor.",22,"Brain MRI demonstrates a well-defined, smoothly contoured mass indicative of a meningioma tumor.",21,"A well-defined, smoothly contoured mass consistent with a meningioma tumor.",18,A brain MRI showing a meningioma tumor.,10,0.9968146085739136,0.9668152332305908,0.9943997859954834,0.8854430913925171,0.8550695776939392,0.9450967311859131
579.png,"A medical brain MRI scan detecting a homogenous, well-marginated mass indicative of a meningioma tumor.",22,"A medical brain MRI scan demonstrating a homogenous, well-marginated mass indicative of a meningioma tumor.",22,"A brain MRI demonstrating a homogenous, well-marginated mass indicative of a meningioma tumor.",20,"Brain MRI demonstrates a homogenous, well-marginated mass indicative of a meningioma tumor.",19,"A homogenous, well-marginated mass consistent with a meningioma tumor.",16,A brain MRI showing a meningioma tumor.,10,0.9935758113861084,0.9901973605155945,0.9948133826255798,0.858575701713562,0.8178711533546448,0.9652304649353027
581.png,"A brain MRI identifying a dural-based, well-circumscribed mass suggestive of a meningioma tumor.",21,"A brain MRI demonstrating a dural-based, well-circumscribed mass suggestive of a meningioma tumor.",21,"A brain MRI demonstrating a dural-based, well-circumscribed mass suggestive of a meningioma tumor.",21,"Brain MRI demonstrates a dural-based, well-circumscribed mass suggestive of a meningioma tumor.",20,"A dural-based, well-circumscribed mass consistent with a meningioma tumor.",17,A brain MRI showing a meningioma tumor.,10,0.9979349970817566,1.0,0.9960551261901855,0.9061422348022461,0.8252628445625305,0.9475855827331543
589.png,"A brain MRI identifying a smoothly contoured, extra-axial mass indicative of a meningioma tumor.",22,"A brain MRI demonstrating a smoothly contoured, extra-axial mass indicative of a meningioma tumor.",22,"A brain MRI demonstrating a smoothly contoured, extra-axial mass indicative of a meningioma tumor.",22,"Brain MRI demonstrates a smoothly contoured, extra-axial mass indicative of a meningioma tumor.",21,"A smoothly contoured, extra-axial mass consistent with a meningioma tumor.",18,A brain MRI showing a meningioma tumor.,10,0.9963104724884033,1.0,0.9939670562744141,0.8831178545951843,0.8302258253097534,0.9511221051216125
590.png,"A brain MRI revealing a homogenous, well-circumscribed mass potentially indicative of a meningioma tumor.",20,"A brain MRI demonstrating a homogenous, well-circumscribed mass potentially indicative of a meningioma tumor.",20,"A brain MRI demonstrating a homogenous, well-circumscribed mass potentially indicative of a meningioma tumor.",20,"Brain MRI demonstrates a homogenous, well-circumscribed mass potentially indicative of a meningioma tumor.",19,"A homogenous, well-circumscribed mass consistent with a meningioma tumor.",15,A brain MRI showing a meningioma tumor.,10,0.9975788593292236,0.9999998807907104,0.9960024952888489,0.8594886064529419,0.7959959506988525,0.9590247273445129
592.png,"A medical brain MRI scan identifying a round, extra-axial mass suggestive of a meningioma tumor.",21,"A medical brain MRI scan demonstrating a round, extra-axial mass suggestive of a meningioma tumor.",21,"A brain MRI demonstrating a round, extra-axial mass suggestive of a meningioma tumor.",19,"Brain MRI demonstrates a round, extra-axial mass suggestive of a meningioma tumor.",18,"A round, extra-axial mass consistent with a meningioma tumor.",15,A brain MRI showing a meningioma tumor.,10,0.997683048248291,0.9937366247177124,0.9946541786193848,0.9071592092514038,0.8812128901481628,0.9671173691749573
593.png,"A medical brain MRI scan detecting a homogenous, well-marginated mass indicative of a meningioma tumor.",22,"A medical brain MRI scan demonstrating a homogenous, well-marginated mass indicative of a meningioma tumor.",22,"A brain MRI demonstrating a homogenous, well-marginated mass indicative of a meningioma tumor.",20,"Brain MRI demonstrates a homogenous, well-marginated mass indicative of a meningioma tumor.",19,"A homogenous, well-marginated mass consistent with a meningioma tumor.",16,A brain MRI showing a meningioma tumor.,10,0.9935758113861084,0.9901973605155945,0.9948133826255798,0.858575701713562,0.8178711533546448,0.9652304649353027
601.png,"A brain MRI displaying a well-circumscribed, round mass suggestive of a meningioma tumor.",19,"A brain MRI demonstrating a well-circumscribed, round mass suggestive of a meningioma tumor.",19,"A brain MRI demonstrating a well-circumscribed, round mass suggestive of a meningioma tumor.",19,"Brain MRI demonstrates a well-circumscribed, round mass suggestive of a meningioma tumor.",18,"A well-circumscribed, round mass consistent with a meningioma tumor.",15,A brain MRI showing a meningioma tumor.,10,0.9987771511077881,0.9999998211860657,0.9944437742233276,0.8644541501998901,0.8423253297805786,0.9805294871330261
604.png,"A brain MRI revealing a well-marginated, extra-axial mass potentially indicative of a meningioma tumor.",23,"A brain MRI demonstrating a well-marginated, extra-axial mass potentially indicative of a meningioma tumor.",23,"A brain MRI demonstrating a well-marginated, extra-axial mass potentially indicative of a meningioma tumor.",23,"Brain MRI demonstrates a well-marginated, extra-axial mass potentially indicative of a meningioma tumor.",22,"A well-marginated, extra-axial mass consistent with a meningioma tumor.",18,A brain MRI showing a meningioma tumor.,10,0.9973967671394348,1.0,0.9956636428833008,0.8972271084785461,0.8857506513595581,0.9766831398010254
614.png,"A brain MRI displaying a sharply marginated, extra-axial mass indicative of a meningioma tumor.",21,"A brain MRI demonstrating a sharply marginated, extra-axial mass indicative of a meningioma tumor.",21,"A brain MRI demonstrating a sharply marginated, extra-axial mass indicative of a meningioma tumor.",21,"Brain MRI demonstrates a sharply marginated, extra-axial mass indicative of a meningioma tumor.",20,"A sharply marginated, extra-axial mass consistent with a meningioma tumor.",17,A brain MRI showing a meningioma tumor.,10,0.9989755153656006,1.0,0.995357871055603,0.8703773021697998,0.8396820425987244,0.9615844488143921
616.png,"A brain MRI revealing a homogenous, well-circumscribed mass potentially indicative of a meningioma tumor.",20,"A brain MRI demonstrating a homogenous, well-circumscribed mass potentially indicative of a meningioma tumor.",20,"A brain MRI demonstrating a homogenous, well-circumscribed mass potentially indicative of a meningioma tumor.",20,"Brain MRI demonstrates a homogenous, well-circumscribed mass potentially indicative of a meningioma tumor.",19,"A homogenous, well-circumscribed mass consistent with a meningioma tumor.",15,A brain MRI showing a meningioma tumor.,10,0.9975788593292236,0.9999998807907104,0.9960024952888489,0.8594886064529419,0.7959959506988525,0.9590247273445129
621.png,"A medical brain MRI scan detecting a homogenous, well-marginated mass indicative of a meningioma tumor.",22,"A medical brain MRI scan demonstrating a homogenous, well-marginated mass indicative of a meningioma tumor.",22,"A brain MRI demonstrating a homogenous, well-marginated mass indicative of a meningioma tumor.",20,"Brain MRI demonstrates a homogenous, well-marginated mass indicative of a meningioma tumor.",19,"A homogenous, well-marginated mass consistent with a meningioma tumor.",16,A brain MRI showing a meningioma tumor.,10,0.9935758113861084,0.9901973605155945,0.9948133826255798,0.858575701713562,0.8178711533546448,0.9652304649353027
623.png,"A medical brain MRI scan detecting a well-defined, extra-axial mass suggestive of a meningioma tumor.",23,"A medical brain MRI scan demonstrating a well-defined, extra-axial mass suggestive of a meningioma tumor.",23,"A brain MRI demonstrating a well-defined, extra-axial mass suggestive of a meningioma tumor.",21,"Brain MRI demonstrates a well-defined, extra-axial mass suggestive of a meningioma tumor.",20,"A well-defined, extra-axial mass consistent with a meningioma tumor.",17,A brain MRI showing a meningioma tumor.,10,0.9933596849441528,0.9934290051460266,0.9958654642105103,0.8954936265945435,0.8733046650886536,0.9633733034133911
630.png,"A brain imaging study showing a sharply circumscribed, dural-based mass potentially indicating a meningioma tumor.",21,"A brain imaging study demonstrating a sharply circumscribed, dural-based mass potentially indicating a meningioma tumor.",21,"A brain MRI demonstrating a sharply circumscribed, dural-based mass potentially indicating a meningioma tumor.",20,"Brain MRI demonstrates a sharply circumscribed, dural-based mass potentially indicating a meningioma tumor.",19,"A sharply circumscribed, dural-based mass consistent with a meningioma tumor.",16,A brain MRI showing a meningioma tumor.,10,0.9972116351127625,0.9569269418716431,0.994988203048706,0.8918899297714233,0.7992974519729614,0.8938652276992798
633.png,"A brain MRI identifying a smoothly contoured, extra-axial mass indicative of a meningioma tumor.",22,"A brain MRI demonstrating a smoothly contoured, extra-axial mass indicative of a meningioma tumor.",22,"A brain MRI demonstrating a smoothly contoured, extra-axial mass indicative of a meningioma tumor.",22,"Brain MRI demonstrates a smoothly contoured, extra-axial mass indicative of a meningioma tumor.",21,"A smoothly contoured, extra-axial mass consistent with a meningioma tumor.",18,A brain MRI showing a meningioma tumor.,10,0.9963104724884033,1.0,0.9939670562744141,0.8831178545951843,0.8302258253097534,0.9511221051216125
670.png,"A brain MRI displaying a well-circumscribed, sharply marginated mass indicative of a meningioma tumor.",21,"A brain MRI demonstrating a well-circumscribed, sharply marginated mass indicative of a meningioma tumor.",21,"A brain MRI demonstrating a well-circumscribed, sharply marginated mass indicative of a meningioma tumor.",21,"Brain MRI demonstrates a well-circumscribed, sharply marginated mass indicative of a meningioma tumor.",20,"A well-circumscribed, sharply marginated mass consistent with a meningioma tumor.",17,A brain MRI showing a meningioma tumor.,10,0.9985061287879944,1.0,0.9965327978134155,0.8411685228347778,0.8100981712341309,0.9692729115486145
675.png,"A brain MRI revealing a homogenous, well-circumscribed mass potentially indicative of a meningioma tumor.",20,"A brain MRI demonstrating a homogenous, well-circumscribed mass potentially indicative of a meningioma tumor.",20,"A brain MRI demonstrating a homogenous, well-circumscribed mass potentially indicative of a meningioma tumor.",20,"Brain MRI demonstrates a homogenous, well-circumscribed mass potentially indicative of a meningioma tumor.",19,"A homogenous, well-circumscribed mass consistent with a meningioma tumor.",15,A brain MRI showing a meningioma tumor.,10,0.9975788593292236,0.9999998807907104,0.9960024952888489,0.8594886064529419,0.7959959506988525,0.9590247273445129
681.png,"A brain MRI displaying a well-circumscribed, round mass suggestive of a meningioma tumor.",19,"A brain MRI demonstrating a well-circumscribed, round mass suggestive of a meningioma tumor.",19,"A brain MRI demonstrating a well-circumscribed, round mass suggestive of a meningioma tumor.",19,"Brain MRI demonstrates a well-circumscribed, round mass suggestive of a meningioma tumor.",18,"A well-circumscribed, round mass consistent with a meningioma tumor.",15,A brain MRI showing a meningioma tumor.,10,0.9987771511077881,0.9999998211860657,0.9944437742233276,0.8644541501998901,0.8423253297805786,0.9805294871330261
687.png,"A brain MRI revealing a homogenous, well-circumscribed mass potentially indicative of a meningioma tumor.",20,"A brain MRI demonstrating a homogenous, well-circumscribed mass potentially indicative of a meningioma tumor.",20,"A brain MRI demonstrating a homogenous, well-circumscribed mass potentially indicative of a meningioma tumor.",20,"Brain MRI demonstrates a homogenous, well-circumscribed mass potentially indicative of a meningioma tumor.",19,"A homogenous, well-circumscribed mass consistent with a meningioma tumor.",15,A brain MRI showing a meningioma tumor.,10,0.9975788593292236,0.9999998807907104,0.9960024952888489,0.8594886064529419,0.7959959506988525,0.9590247273445129
694.png,"A brain imaging study revealing a well-defined, dural-based mass likely representing a meningioma tumor.",22,"A brain imaging study demonstrating a well-defined, dural-based mass likely representing a meningioma tumor.",22,"A brain MRI demonstrating a well-defined, dural-based mass likely representing a meningioma tumor.",21,"Brain MRI demonstrates a well-defined, dural-based mass likely representing a meningioma tumor.",20,"A well-defined, dural-based mass consistent with a meningioma tumor.",17,A brain MRI showing a meningioma tumor.,10,0.9954133033752441,0.9638161659240723,0.9948930740356445,0.8996793031692505,0.8471682071685791,0.9113525748252869
695.png,"A brain MRI displaying a sharply marginated, extra-axial mass indicative of a meningioma tumor.",21,"A brain MRI demonstrating a sharply marginated, extra-axial mass indicative of a meningioma tumor.",21,"A brain MRI demonstrating a sharply marginated, extra-axial mass indicative of a meningioma tumor.",21,"Brain MRI demonstrates a sharply marginated, extra-axial mass indicative of a meningioma tumor.",20,"A sharply marginated, extra-axial mass consistent with a meningioma tumor.",17,A brain MRI showing a meningioma tumor.,10,0.9989755153656006,1.0,0.995357871055603,0.8703773021697998,0.8396820425987244,0.9615844488143921
712.png,"A medical brain MRI scan showing a well-defined, sellar mass suggestive of a pituitary tumor.",23,"A medical brain MRI scan demonstrating a well-defined, sellar mass suggestive of a pituitary tumor.",23,"A brain MRI demonstrating a well-defined, sellar mass suggestive of a pituitary tumor.",21,"Brain MRI demonstrates a well-defined, sellar mass suggestive of a pituitary tumor.",20,"A well-defined, sellar mass consistent with a pituitary tumor.",17,A brain MRI showing a pituitary tumor.,10,0.9978032112121582,0.9955729246139526,0.9951485991477966,0.9327714443206787,0.9028647541999817,0.9716464877128601
713.png,"A brain imaging scan showing a well-marginated, sellar mass suggestive of a pituitary tumor.",23,"A brain imaging scan demonstrating a well-marginated, sellar mass suggestive of a pituitary tumor.",23,"A brain MRI demonstrating a well-marginated, sellar mass suggestive of a pituitary tumor.",22,"Brain MRI demonstrates a well-marginated, sellar mass suggestive of a pituitary tumor.",21,"A well-marginated, sellar mass consistent with a pituitary tumor.",18,A brain MRI showing a pituitary tumor.,10,0.9980418086051941,0.9775957465171814,0.9964957237243652,0.9358693361282349,0.9008335471153259,0.9499051570892334
714.png,"A brain MRI revealing a well-circumscribed, pituitary mass potentially indicative of a pituitary tumor.",20,"A brain MRI demonstrating a well-circumscribed, pituitary mass potentially indicative of a pituitary tumor.",20,"A brain MRI demonstrating a well-circumscribed, pituitary mass potentially indicative of a pituitary tumor.",20,"Brain MRI demonstrates a well-circumscribed, pituitary mass potentially indicative of a pituitary tumor.",19,"A well-circumscribed, pituitary mass consistent with a pituitary tumor.",15,A brain MRI showing a pituitary tumor.,10,0.9966825246810913,1.0,0.996224582195282,0.925510048866272,0.8897703289985657,0.9838365316390991
723.png,"A brain MRI identifying an ill-defined, invasive mass indicative of a glioma tumor.",19,"A brain MRI demonstrating an ill-defined, invasive mass indicative of a glioma tumor.",19,"A brain MRI demonstrating an ill-defined, invasive mass indicative of a glioma tumor.",19,"Brain MRI demonstrates an ill-defined, invasive mass indicative of a glioma tumor.",18,"An ill-defined, invasive mass consistent with a glioma tumor.",15,A brain MRI showing a glioma tumor.,10,0.9931697845458984,1.0,0.9955044984817505,0.8825925588607788,0.8292040824890137,0.9712339043617249
727.png,"A brain imaging study revealing an irregularly shaped, invasive mass likely representing a glioma tumor.",20,"A brain imaging study demonstrating an irregularly shaped, invasive mass likely representing a glioma tumor.",20,"A brain MRI demonstrating an irregularly shaped, invasive mass likely representing a glioma tumor.",19,"Brain MRI demonstrates an irregularly shaped, invasive mass likely representing a glioma tumor.",18,"An irregularly shaped, invasive mass consistent with a glioma tumor.",15,A brain MRI showing a glioma tumor.,10,0.9963610172271729,0.9560011625289917,0.9950098991394043,0.8622744083404541,0.8239091038703918,0.9191939830780029
729.png,"A brain MRI identifying an ill-defined, invasive mass indicative of a glioma tumor.",19,"A brain MRI demonstrating an ill-defined, invasive mass indicative of a glioma tumor.",19,"A brain MRI demonstrating an ill-defined, invasive mass indicative of a glioma tumor.",19,"Brain MRI demonstrates an ill-defined, invasive mass indicative of a glioma tumor.",18,"An ill-defined, invasive mass consistent with a glioma tumor.",15,A brain MRI showing a glioma tumor.,10,0.9931697845458984,1.0,0.9955044984817505,0.8825925588607788,0.8292040824890137,0.9712339043617249
761.png,"A brain MRI revealing a heterogeneous, irregular mass potentially indicative of a glioma tumor.",18,"A brain MRI demonstrating a heterogeneous, irregular mass potentially indicative of a glioma tumor.",18,"A brain MRI demonstrating a heterogeneous, irregular mass potentially indicative of a glioma tumor.",18,"Brain MRI demonstrates a heterogeneous, irregular mass potentially indicative of a glioma tumor.",17,"A heterogeneous, irregular mass consistent with a glioma tumor.",13,A brain MRI showing a glioma tumor.,10,0.9967575073242188,1.000000238418579,0.995245635509491,0.8829152584075928,0.8366445302963257,0.9641460180282593
762.png,"A brain MRI identifying an ill-defined, invasive mass indicative of a glioma tumor.",19,"A brain MRI demonstrating an ill-defined, invasive mass indicative of a glioma tumor.",19,"A brain MRI demonstrating an ill-defined, invasive mass indicative of a glioma tumor.",19,"Brain MRI demonstrates an ill-defined, invasive mass indicative of a glioma tumor.",18,"An ill-defined, invasive mass consistent with a glioma tumor.",15,A brain MRI showing a glioma tumor.,10,0.9931697845458984,1.0,0.9955044984817505,0.8825925588607788,0.8292040824890137,0.9712339043617249
764.png,"A brain MRI revealing a poorly circumscribed, irregular mass suggestive of a glioma tumor.",18,"A brain MRI demonstrating a poorly circumscribed, irregular mass suggestive of a glioma tumor.",18,"A brain MRI demonstrating a poorly circumscribed, irregular mass suggestive of a glioma tumor.",18,"Brain MRI demonstrates a poorly circumscribed, irregular mass suggestive of a glioma tumor.",17,"A poorly circumscribed, irregular mass consistent with a glioma tumor.",14,A brain MRI showing a glioma tumor.,10,0.9962424039840698,0.9999998807907104,0.9926303625106812,0.8642229437828064,0.7990030646324158,0.9713317155838013
769.png,"A medical brain MRI scan detecting a diffuse, infiltrative mass suggestive of a glioma tumor.",19,"A medical brain MRI scan demonstrating a diffuse, infiltrative mass suggestive of a glioma tumor.",19,"A brain MRI demonstrating a diffuse, infiltrative mass suggestive of a glioma tumor.",17,"Brain MRI demonstrates a diffuse, infiltrative mass suggestive of a glioma tumor.",16,"A diffuse, infiltrative mass consistent with a glioma tumor.",13,A brain MRI showing a glioma tumor.,10,0.9889812469482422,0.9943569898605347,0.995481014251709,0.8734712600708008,0.7884819507598877,0.9395129680633545
776.png,A brain MRI revealing an infiltrative mass with indistinct margins potentially indicative of a glioma tumor.,21,A brain MRI demonstrating an infiltrative mass with indistinct margins potentially indicative of a glioma tumor.,21,A brain MRI demonstrating an infiltrative mass with indistinct margins potentially indicative of a glioma tumor.,21,Brain MRI demonstrates an infiltrative mass with indistinct margins potentially indicative of a glioma tumor.,20,An infiltrative mass with indistinct margins consistent with a glioma tumor.,16,A brain MRI showing a glioma tumor.,10,0.9972769618034363,1.0000001192092896,0.9967362880706787,0.8804469108581543,0.7525504231452942,0.9363240599632263
780.png,"A brain imaging study revealing an irregularly shaped, invasive mass likely representing a glioma tumor.",20,"A brain imaging study demonstrating an irregularly shaped, invasive mass likely representing a glioma tumor.",20,"A brain MRI demonstrating an irregularly shaped, invasive mass likely representing a glioma tumor.",19,"Brain MRI demonstrates an irregularly shaped, invasive mass likely representing a glioma tumor.",18,"An irregularly shaped, invasive mass consistent with a glioma tumor.",15,A brain MRI showing a glioma tumor.,10,0.9963610172271729,0.9560011625289917,0.9950098991394043,0.8622744083404541,0.8239091038703918,0.9191939830780029
781.png,"A brain imaging study revealing a diffuse, infiltrative mass suggestive of a glioma tumor.",18,"A brain imaging study demonstrating a diffuse, infiltrative mass suggestive of a glioma tumor.",18,"A brain MRI demonstrating a diffuse, infiltrative mass suggestive of a glioma tumor.",17,"Brain MRI demonstrates a diffuse, infiltrative mass suggestive of a glioma tumor.",16,"A diffuse, infiltrative mass consistent with a glioma tumor.",13,A brain MRI showing a glioma tumor.,10,0.9943498969078064,0.9650514125823975,0.995481014251709,0.8734712600708008,0.7884819507598877,0.9090080857276917
782.png,"A brain imaging study revealing an irregularly shaped, invasive mass likely representing a glioma tumor.",20,"A brain imaging study demonstrating an irregularly shaped, invasive mass likely representing a glioma tumor.",20,"A brain MRI demonstrating an irregularly shaped, invasive mass likely representing a glioma tumor.",19,"Brain MRI demonstrates an irregularly shaped, invasive mass likely representing a glioma tumor.",18,"An irregularly shaped, invasive mass consistent with a glioma tumor.",15,A brain MRI showing a glioma tumor.,10,0.9963610172271729,0.9560011625289917,0.9950098991394043,0.8622744083404541,0.8239091038703918,0.9191939830780029
794.png,"A medical brain MRI scan detecting a diffuse, infiltrative mass suggestive of a glioma tumor.",19,"A medical brain MRI scan demonstrating a diffuse, infiltrative mass suggestive of a glioma tumor.",19,"A brain MRI demonstrating a diffuse, infiltrative mass suggestive of a glioma tumor.",17,"Brain MRI demonstrates a diffuse, infiltrative mass suggestive of a glioma tumor.",16,"A diffuse, infiltrative mass consistent with a glioma tumor.",13,A brain MRI showing a glioma tumor.,10,0.9889812469482422,0.9943569898605347,0.995481014251709,0.8734712600708008,0.7884819507598877,0.9395129680633545
828.png,"A brain MRI revealing a heterogeneous, irregular mass potentially indicative of a glioma tumor.",18,"A brain MRI demonstrating a heterogeneous, irregular mass potentially indicative of a glioma tumor.",18,"A brain MRI demonstrating a heterogeneous, irregular mass potentially indicative of a glioma tumor.",18,"Brain MRI demonstrates a heterogeneous, irregular mass potentially indicative of a glioma tumor.",17,"A heterogeneous, irregular mass consistent with a glioma tumor.",13,A brain MRI showing a glioma tumor.,10,0.9967575073242188,1.000000238418579,0.995245635509491,0.8829152584075928,0.8366445302963257,0.9641460180282593
837.png,A brain MRI displaying an infiltrative mass with indistinct margins suggestive of a glioma tumor.,20,A brain MRI demonstrating an infiltrative mass with indistinct margins suggestive of a glioma tumor.,20,A brain MRI demonstrating an infiltrative mass with indistinct margins suggestive of a glioma tumor.,20,Brain MRI demonstrates an infiltrative mass with indistinct margins suggestive of a glioma tumor.,19,An infiltrative mass with indistinct margins consistent with a glioma tumor.,16,A brain MRI showing a glioma tumor.,10,0.9983808994293213,1.0000001192092896,0.9953278303146362,0.8810645341873169,0.7525504231452942,0.9385637044906616
847.png,A brain MRI revealing an infiltrative mass with indistinct margins potentially indicative of a glioma tumor.,21,A brain MRI demonstrating an infiltrative mass with indistinct margins potentially indicative of a glioma tumor.,21,A brain MRI demonstrating an infiltrative mass with indistinct margins potentially indicative of a glioma tumor.,21,Brain MRI demonstrates an infiltrative mass with indistinct margins potentially indicative of a glioma tumor.,20,An infiltrative mass with indistinct margins consistent with a glioma tumor.,16,A brain MRI showing a glioma tumor.,10,0.9972769618034363,1.0000001192092896,0.9967362880706787,0.8804469108581543,0.7525504231452942,0.9363240599632263
856.png,"A medical brain MRI scan detecting a diffuse, infiltrative mass suggestive of a glioma tumor.",19,"A medical brain MRI scan demonstrating a diffuse, infiltrative mass suggestive of a glioma tumor.",19,"A brain MRI demonstrating a diffuse, infiltrative mass suggestive of a glioma tumor.",17,"Brain MRI demonstrates a diffuse, infiltrative mass suggestive of a glioma tumor.",16,"A diffuse, infiltrative mass consistent with a glioma tumor.",13,A brain MRI showing a glioma tumor.,10,0.9889812469482422,0.9943569898605347,0.995481014251709,0.8734712600708008,0.7884819507598877,0.9395129680633545
865.png,"A brain MRI displaying a diffuse, poorly defined mass indicative of a glioma tumor.",18,"A brain MRI demonstrating a diffuse, poorly defined mass indicative of a glioma tumor.",18,"A brain MRI demonstrating a diffuse, poorly defined mass indicative of a glioma tumor.",18,"Brain MRI demonstrates a diffuse, poorly defined mass indicative of a glioma tumor.",17,"A diffuse, poorly defined mass consistent with a glioma tumor.",14,A brain MRI showing a glioma tumor.,10,0.9973365068435669,1.0000001192092896,0.9940112233161926,0.8953016400337219,0.8088327050209045,0.9422645568847656
867.png,"A brain MRI displaying a heterogeneous, infiltrative mass indicative of a glioma tumor.",17,"A brain MRI demonstrating a heterogeneous, infiltrative mass indicative of a glioma tumor.",17,"A brain MRI demonstrating a heterogeneous, infiltrative mass indicative of a glioma tumor.",17,"Brain MRI demonstrates a heterogeneous, infiltrative mass indicative of a glioma tumor.",16,"A heterogeneous, infiltrative mass consistent with a glioma tumor.",13,A brain MRI showing a glioma tumor.,10,0.9984531402587891,1.0,0.9961968660354614,0.9154424667358398,0.8475507497787476,0.9588941335678101
868.png,"A medical brain MRI scan identifying a diffuse, poorly defined mass suggestive of a glioma tumor.",20,"A medical brain MRI scan demonstrating a diffuse, poorly defined mass suggestive of a glioma tumor.",20,"A brain MRI demonstrating a diffuse, poorly defined mass suggestive of a glioma tumor.",18,"Brain MRI demonstrates a diffuse, poorly defined mass suggestive of a glioma tumor.",17,"A diffuse, poorly defined mass consistent with a glioma tumor.",14,A brain MRI showing a glioma tumor.,10,0.9970033168792725,0.9930731058120728,0.9928464293479919,0.8954007625579834,0.8088327050209045,0.9373908042907715
900.png,A brain MRI revealing an infiltrative mass with indistinct margins potentially indicative of a glioma tumor.,21,A brain MRI demonstrating an infiltrative mass with indistinct margins potentially indicative of a glioma tumor.,21,A brain MRI demonstrating an infiltrative mass with indistinct margins potentially indicative of a glioma tumor.,21,Brain MRI demonstrates an infiltrative mass with indistinct margins potentially indicative of a glioma tumor.,20,An infiltrative mass with indistinct margins consistent with a glioma tumor.,16,A brain MRI showing a glioma tumor.,10,0.9972769618034363,1.0000001192092896,0.9967362880706787,0.8804469108581543,0.7525504231452942,0.9363240599632263
915.png,"A brain MRI identifying an ill-defined, invasive mass indicative of a glioma tumor.",19,"A brain MRI demonstrating an ill-defined, invasive mass indicative of a glioma tumor.",19,"A brain MRI demonstrating an ill-defined, invasive mass indicative of a glioma tumor.",19,"Brain MRI demonstrates an ill-defined, invasive mass indicative of a glioma tumor.",18,"An ill-defined, invasive mass consistent with a glioma tumor.",15,A brain MRI showing a glioma tumor.,10,0.9931697845458984,1.0,0.9955044984817505,0.8825925588607788,0.8292040824890137,0.9712339043617249
921.png,"A medical brain MRI scan showing a well-defined, sellar mass suggestive of a pituitary tumor.",23,"A medical brain MRI scan demonstrating a well-defined, sellar mass suggestive of a pituitary tumor.",23,"A brain MRI demonstrating a well-defined, sellar mass suggestive of a pituitary tumor.",21,"Brain MRI demonstrates a well-defined, sellar mass suggestive of a pituitary tumor.",20,"A well-defined, sellar mass consistent with a pituitary tumor.",17,A brain MRI showing a pituitary tumor.,10,0.9978032112121582,0.9955729246139526,0.9951485991477966,0.9327714443206787,0.9028647541999817,0.9716464877128601
922.png,"A brain MRI revealing a well-defined, homogenous sellar mass potentially indicative of a pituitary tumor.",23,"A brain MRI demonstrating a well-defined, homogenous sellar mass potentially indicative of a pituitary tumor.",23,"A brain MRI demonstrating a well-defined, homogenous sellar mass potentially indicative of a pituitary tumor.",23,"Brain MRI demonstrates a well-defined, homogenous sellar mass potentially indicative of a pituitary tumor.",22,"A well-defined, homogenous sellar mass consistent with a pituitary tumor.",18,A brain MRI showing a pituitary tumor.,10,0.9976207613945007,1.0,0.9962112903594971,0.9300180673599243,0.9012664556503296,0.9658348560333252
929.png,"A brain imaging study revealing a well-circumscribed, sellar mass suggestive of a pituitary tumor.",22,"A brain imaging study demonstrating a well-circumscribed, sellar mass suggestive of a pituitary tumor.",22,"A brain MRI demonstrating a well-circumscribed, sellar mass suggestive of a pituitary tumor.",21,"Brain MRI demonstrates a well-circumscribed, sellar mass suggestive of a pituitary tumor.",20,"A well-circumscribed, sellar mass consistent with a pituitary tumor.",17,A brain MRI showing a pituitary tumor.,10,0.9966520071029663,0.9746743440628052,0.9954485893249512,0.9094892144203186,0.8624897003173828,0.9472439289093018
933.png,"A brain MRI revealing a well-circumscribed, pituitary mass potentially indicative of a pituitary tumor.",20,"A brain MRI demonstrating a well-circumscribed, pituitary mass potentially indicative of a pituitary tumor.",20,"A brain MRI demonstrating a well-circumscribed, pituitary mass potentially indicative of a pituitary tumor.",20,"Brain MRI demonstrates a well-circumscribed, pituitary mass potentially indicative of a pituitary tumor.",19,"A well-circumscribed, pituitary mass consistent with a pituitary tumor.",15,A brain MRI showing a pituitary tumor.,10,0.9966825246810913,1.0,0.996224582195282,0.925510048866272,0.8897703289985657,0.9838365316390991
935.png,"A brain MRI revealing a well-defined, homogenous sellar mass potentially indicative of a pituitary tumor.",23,"A brain MRI demonstrating a well-defined, homogenous sellar mass potentially indicative of a pituitary tumor.",23,"A brain MRI demonstrating a well-defined, homogenous sellar mass potentially indicative of a pituitary tumor.",23,"Brain MRI demonstrates a well-defined, homogenous sellar mass potentially indicative of a pituitary tumor.",22,"A well-defined, homogenous sellar mass consistent with a pituitary tumor.",18,A brain MRI showing a pituitary tumor.,10,0.9976207613945007,1.0,0.9962112903594971,0.9300180673599243,0.9012664556503296,0.9658348560333252
939.png,"A brain MRI displaying a homogenous, well-marginated sellar mass suggestive of a pituitary tumor.",23,"A brain MRI demonstrating a homogenous, well-marginated sellar mass suggestive of a pituitary tumor.",23,"A brain MRI demonstrating a homogenous, well-marginated sellar mass suggestive of a pituitary tumor.",23,"Brain MRI demonstrates a homogenous, well-marginated sellar mass suggestive of a pituitary tumor.",22,"A homogenous, well-marginated sellar mass consistent with a pituitary tumor.",19,A brain MRI showing a pituitary tumor.,10,0.9989311695098877,1.0,0.9962067604064941,0.9263808131217957,0.8871703147888184,0.9678598046302795
942.png,"A medical brain MRI scan detecting a well-defined, pituitary mass suggestive of a pituitary tumor.",21,"A medical brain MRI scan demonstrating a well-defined, pituitary mass suggestive of a pituitary tumor.",21,"A brain MRI demonstrating a well-defined, pituitary mass suggestive of a pituitary tumor.",19,"Brain MRI demonstrates a well-defined, pituitary mass suggestive of a pituitary tumor.",18,"A well-defined, pituitary mass consistent with a pituitary tumor.",15,A brain MRI showing a pituitary tumor.,10,0.9940119981765747,0.9957756996154785,0.9958597421646118,0.9410601854324341,0.9258400797843933,0.983332633972168
943.png,"A medical brain MRI scan showing a well-defined, sellar mass suggestive of a pituitary tumor.",23,"A medical brain MRI scan demonstrating a well-defined, sellar mass suggestive of a pituitary tumor.",23,"A brain MRI demonstrating a well-defined, sellar mass suggestive of a pituitary tumor.",21,"Brain MRI demonstrates a well-defined, sellar mass suggestive of a pituitary tumor.",20,"A well-defined, sellar mass consistent with a pituitary tumor.",17,A brain MRI showing a pituitary tumor.,10,0.9978032112121582,0.9955729246139526,0.9951485991477966,0.9327714443206787,0.9028647541999817,0.9716464877128601
944.png,"A brain MRI displaying a homogenous, well-marginated sellar mass suggestive of a pituitary tumor.",23,"A brain MRI demonstrating a homogenous, well-marginated sellar mass suggestive of a pituitary tumor.",23,"A brain MRI demonstrating a homogenous, well-marginated sellar mass suggestive of a pituitary tumor.",23,"Brain MRI demonstrates a homogenous, well-marginated sellar mass suggestive of a pituitary tumor.",22,"A homogenous, well-marginated sellar mass consistent with a pituitary tumor.",19,A brain MRI showing a pituitary tumor.,10,0.9989311695098877,1.0,0.9962067604064941,0.9263808131217957,0.8871703147888184,0.9678598046302795
945.png,"A brain MRI revealing a well-circumscribed, pituitary mass potentially indicative of a pituitary tumor.",20,"A brain MRI demonstrating a well-circumscribed, pituitary mass potentially indicative of a pituitary tumor.",20,"A brain MRI demonstrating a well-circumscribed, pituitary mass potentially indicative of a pituitary tumor.",20,"Brain MRI demonstrates a well-circumscribed, pituitary mass potentially indicative of a pituitary tumor.",19,"A well-circumscribed, pituitary mass consistent with a pituitary tumor.",15,A brain MRI showing a pituitary tumor.,10,0.9966825246810913,1.0,0.996224582195282,0.925510048866272,0.8897703289985657,0.9838365316390991
954.png,"A medical brain MRI scan detecting a well-defined, pituitary mass suggestive of a pituitary tumor.",21,"A medical brain MRI scan demonstrating a well-defined, pituitary mass suggestive of a pituitary tumor.",21,"A brain MRI demonstrating a well-defined, pituitary mass suggestive of a pituitary tumor.",19,"Brain MRI demonstrates a well-defined, pituitary mass suggestive of a pituitary tumor.",18,"A well-defined, pituitary mass consistent with a pituitary tumor.",15,A brain MRI showing a pituitary tumor.,10,0.9940119981765747,0.9957756996154785,0.9958597421646118,0.9410601854324341,0.9258400797843933,0.983332633972168
956.png,"A medical brain MRI scan identifying a homogenous, well-defined sellar mass suggestive of a pituitary tumor.",24,"A medical brain MRI scan demonstrating a homogenous, well-defined sellar mass suggestive of a pituitary tumor.",24,"A brain MRI demonstrating a homogenous, well-defined sellar mass suggestive of a pituitary tumor.",22,"Brain MRI demonstrates a homogenous, well-defined sellar mass suggestive of a pituitary tumor.",21,"A homogenous, well-defined sellar mass consistent with a pituitary tumor.",18,A brain MRI showing a pituitary tumor.,10,0.9982031583786011,0.9960752725601196,0.9963277578353882,0.9193822145462036,0.887076199054718,0.9678581953048706
958.png,"A medical brain MRI scan showing a well-defined, sellar mass suggestive of a pituitary tumor.",23,"A medical brain MRI scan demonstrating a well-defined, sellar mass suggestive of a pituitary tumor.",23,"A brain MRI demonstrating a well-defined, sellar mass suggestive of a pituitary tumor.",21,"Brain MRI demonstrates a well-defined, sellar mass suggestive of a pituitary tumor.",20,"A well-defined, sellar mass consistent with a pituitary tumor.",17,A brain MRI showing a pituitary tumor.,10,0.9978032112121582,0.9955729246139526,0.9951485991477966,0.9327714443206787,0.9028647541999817,0.9716464877128601
960.png,"A brain MRI revealing a well-circumscribed, pituitary mass potentially indicative of a pituitary tumor.",20,"A brain MRI demonstrating a well-circumscribed, pituitary mass potentially indicative of a pituitary tumor.",20,"A brain MRI demonstrating a well-circumscribed, pituitary mass potentially indicative of a pituitary tumor.",20,"Brain MRI demonstrates a well-circumscribed, pituitary mass potentially indicative of a pituitary tumor.",19,"A well-circumscribed, pituitary mass consistent with a pituitary tumor.",15,A brain MRI showing a pituitary tumor.,10,0.9966825246810913,1.0,0.996224582195282,0.925510048866272,0.8897703289985657,0.9838365316390991
963.png,"A medical brain MRI scan detecting a well-defined, pituitary mass suggestive of a pituitary tumor.",21,"A medical brain MRI scan demonstrating a well-defined, pituitary mass suggestive of a pituitary tumor.",21,"A brain MRI demonstrating a well-defined, pituitary mass suggestive of a pituitary tumor.",19,"Brain MRI demonstrates a well-defined, pituitary mass suggestive of a pituitary tumor.",18,"A well-defined, pituitary mass consistent with a pituitary tumor.",15,A brain MRI showing a pituitary tumor.,10,0.9940119981765747,0.9957756996154785,0.9958597421646118,0.9410601854324341,0.9258400797843933,0.983332633972168
982.png,"A brain MRI displaying a well-marginated, sellar mass indicative of a pituitary tumor.",22,"A brain MRI demonstrating a well-marginated, sellar mass indicative of a pituitary tumor.",22,"A brain MRI demonstrating a well-marginated, sellar mass indicative of a pituitary tumor.",22,"Brain MRI demonstrates a well-marginated, sellar mass indicative of a pituitary tumor.",21,"A well-marginated, sellar mass consistent with a pituitary tumor.",18,A brain MRI showing a pituitary tumor.,10,0.9986744523048401,0.9999999403953552,0.9959030151367188,0.9333043694496155,0.9008335471153259,0.9653428792953491
992.png,"A brain MRI revealing a well-circumscribed, pituitary mass potentially indicative of a pituitary tumor.",20,"A brain MRI demonstrating a well-circumscribed, pituitary mass potentially indicative of a pituitary tumor.",20,"A brain MRI demonstrating a well-circumscribed, pituitary mass potentially indicative of a pituitary tumor.",20,"Brain MRI demonstrates a well-circumscribed, pituitary mass potentially indicative of a pituitary tumor.",19,"A well-circumscribed, pituitary mass consistent with a pituitary tumor.",15,A brain MRI showing a pituitary tumor.,10,0.9966825246810913,1.0,0.996224582195282,0.925510048866272,0.8897703289985657,0.9838365316390991
994.png,"A brain MRI displaying a well-marginated, sellar mass indicative of a pituitary tumor.",22,"A brain MRI demonstrating a well-marginated, sellar mass indicative of a pituitary tumor.",22,"A brain MRI demonstrating a well-marginated, sellar mass indicative of a pituitary tumor.",22,"Brain MRI demonstrates a well-marginated, sellar mass indicative of a pituitary tumor.",21,"A well-marginated, sellar mass consistent with a pituitary tumor.",18,A brain MRI showing a pituitary tumor.,10,0.9986744523048401,0.9999999403953552,0.9959030151367188,0.9333043694496155,0.9008335471153259,0.9653428792953491
1004.png,"A brain imaging scan showing a well-circumscribed, smoothly contoured sellar mass indicative of a pituitary tumor.",26,"A brain imaging scan demonstrating a well-circumscribed, smoothly contoured sellar mass indicative of a pituitary tumor.",26,"A brain MRI demonstrating a well-circumscribed, smoothly contoured sellar mass indicative of a pituitary tumor.",25,"Brain MRI demonstrates a well-circumscribed, smoothly contoured sellar mass indicative of a pituitary tumor.",24,"A well-circumscribed, smoothly contoured sellar mass consistent with a pituitary tumor.",21,A brain MRI showing a pituitary tumor.,10,0.9982112646102905,0.9703171253204346,0.9950453042984009,0.9249104857444763,0.88271164894104,0.9417587518692017
1007.png,"A medical brain MRI scan detecting a well-defined, pituitary mass suggestive of a pituitary tumor.",21,"A medical brain MRI scan demonstrating a well-defined, pituitary mass suggestive of a pituitary tumor.",21,"A brain MRI demonstrating a well-defined, pituitary mass suggestive of a pituitary tumor.",19,"Brain MRI demonstrates a well-defined, pituitary mass suggestive of a pituitary tumor.",18,"A well-defined, pituitary mass consistent with a pituitary tumor.",15,A brain MRI showing a pituitary tumor.,10,0.9940119981765747,0.9957756996154785,0.9958597421646118,0.9410601854324341,0.9258400797843933,0.983332633972168
1008.png,"A medical brain MRI scan identifying a homogenous, well-defined sellar mass suggestive of a pituitary tumor.",24,"A medical brain MRI scan demonstrating a homogenous, well-defined sellar mass suggestive of a pituitary tumor.",24,"A brain MRI demonstrating a homogenous, well-defined sellar mass suggestive of a pituitary tumor.",22,"Brain MRI demonstrates a homogenous, well-defined sellar mass suggestive of a pituitary tumor.",21,"A homogenous, well-defined sellar mass consistent with a pituitary tumor.",18,A brain MRI showing a pituitary tumor.,10,0.9982031583786011,0.9960752725601196,0.9963277578353882,0.9193822145462036,0.887076199054718,0.9678581953048706
1011.png,"A brain MRI displaying a homogenous, well-marginated sellar mass suggestive of a pituitary tumor.",23,"A brain MRI demonstrating a homogenous, well-marginated sellar mass suggestive of a pituitary tumor.",23,"A brain MRI demonstrating a homogenous, well-marginated sellar mass suggestive of a pituitary tumor.",23,"Brain MRI demonstrates a homogenous, well-marginated sellar mass suggestive of a pituitary tumor.",22,"A homogenous, well-marginated sellar mass consistent with a pituitary tumor.",19,A brain MRI showing a pituitary tumor.,10,0.9989311695098877,1.0,0.9962067604064941,0.9263808131217957,0.8871703147888184,0.9678598046302795
1015.png,"A medical brain MRI scan identifying a homogenous, well-defined sellar mass suggestive of a pituitary tumor.",24,"A medical brain MRI scan demonstrating a homogenous, well-defined sellar mass suggestive of a pituitary tumor.",24,"A brain MRI demonstrating a homogenous, well-defined sellar mass suggestive of a pituitary tumor.",22,"Brain MRI demonstrates a homogenous, well-defined sellar mass suggestive of a pituitary tumor.",21,"A homogenous, well-defined sellar mass consistent with a pituitary tumor.",18,A brain MRI showing a pituitary tumor.,10,0.9982031583786011,0.9960752725601196,0.9963277578353882,0.9193822145462036,0.887076199054718,0.9678581953048706
1016.png,"A medical brain MRI scan detecting a well-defined, pituitary mass suggestive of a pituitary tumor.",21,"A medical brain MRI scan demonstrating a well-defined, pituitary mass suggestive of a pituitary tumor.",21,"A brain MRI demonstrating a well-defined, pituitary mass suggestive of a pituitary tumor.",19,"Brain MRI demonstrates a well-defined, pituitary mass suggestive of a pituitary tumor.",18,"A well-defined, pituitary mass consistent with a pituitary tumor.",15,A brain MRI showing a pituitary tumor.,10,0.9940119981765747,0.9957756996154785,0.9958597421646118,0.9410601854324341,0.9258400797843933,0.983332633972168
1023.png,"A medical brain MRI scan detecting a sharply defined, pituitary mass indicative of a pituitary tumor.",20,"A medical brain MRI scan demonstrating a sharply defined, pituitary mass indicative of a pituitary tumor.",20,"A brain MRI demonstrating a sharply defined, pituitary mass indicative of a pituitary tumor.",18,"Brain MRI demonstrates a sharply defined, pituitary mass indicative of a pituitary tumor.",17,"A sharply defined, pituitary mass consistent with a pituitary tumor.",14,A brain MRI showing a pituitary tumor.,10,0.9933748245239258,0.9944971799850464,0.9950873851776123,0.9349580407142639,0.8974173069000244,0.9670189619064331
1027.png,"A brain MRI scan showing a homogenous, sellar mass suggestive of a pituitary tumor.",20,"A brain MRI scan demonstrating a homogenous, sellar mass suggestive of a pituitary tumor.",20,"A brain MRI demonstrating a homogenous, sellar mass suggestive of a pituitary tumor.",19,"Brain MRI demonstrates a homogenous, sellar mass suggestive of a pituitary tumor.",18,"A homogenous, sellar mass consistent with a pituitary tumor.",15,A brain MRI showing a pituitary tumor.,10,0.997789740562439,0.9977408647537231,0.9945396780967712,0.9248570203781128,0.879700243473053,0.9640534520149231
1029.png,"A brain imaging study showing a round, well-circumscribed sellar mass potentially indicating a pituitary tumor.",23,"A brain imaging study demonstrating a round, well-circumscribed sellar mass potentially indicating a pituitary tumor.",23,"A brain MRI demonstrating a round, well-circumscribed sellar mass potentially indicating a pituitary tumor.",22,"Brain MRI demonstrates a round, well-circumscribed sellar mass potentially indicating a pituitary tumor.",21,"A round, well-circumscribed sellar mass consistent with a pituitary tumor.",18,A brain MRI showing a pituitary tumor.,10,0.9980226755142212,0.9775742292404175,0.9948329925537109,0.9174666404724121,0.8913028836250305,0.9452683925628662
1031.png,"A brain MRI displaying a well-marginated, sellar mass indicative of a pituitary tumor.",22,"A brain MRI demonstrating a well-marginated, sellar mass indicative of a pituitary tumor.",22,"A brain MRI demonstrating a well-marginated, sellar mass indicative of a pituitary tumor.",22,"Brain MRI demonstrates a well-marginated, sellar mass indicative of a pituitary tumor.",21,"A well-marginated, sellar mass consistent with a pituitary tumor.",18,A brain MRI showing a pituitary tumor.,10,0.9986744523048401,0.9999999403953552,0.9959030151367188,0.9333043694496155,0.9008335471153259,0.9653428792953491
1035.png,"A brain imaging study showing a round, well-circumscribed sellar mass potentially indicating a pituitary tumor.",23,"A brain imaging study demonstrating a round, well-circumscribed sellar mass potentially indicating a pituitary tumor.",23,"A brain MRI demonstrating a round, well-circumscribed sellar mass potentially indicating a pituitary tumor.",22,"Brain MRI demonstrates a round, well-circumscribed sellar mass potentially indicating a pituitary tumor.",21,"A round, well-circumscribed sellar mass consistent with a pituitary tumor.",18,A brain MRI showing a pituitary tumor.,10,0.9980226755142212,0.9775742292404175,0.9948329925537109,0.9174666404724121,0.8913028836250305,0.9452683925628662
1037.png,"A brain imaging scan showing a well-circumscribed, smoothly contoured sellar mass indicative of a pituitary tumor.",26,"A brain imaging scan demonstrating a well-circumscribed, smoothly contoured sellar mass indicative of a pituitary tumor.",26,"A brain MRI demonstrating a well-circumscribed, smoothly contoured sellar mass indicative of a pituitary tumor.",25,"Brain MRI demonstrates a well-circumscribed, smoothly contoured sellar mass indicative of a pituitary tumor.",24,"A well-circumscribed, smoothly contoured sellar mass consistent with a pituitary tumor.",21,A brain MRI showing a pituitary tumor.,10,0.9982112646102905,0.9703171253204346,0.9950453042984009,0.9249104857444763,0.88271164894104,0.9417587518692017
1039.png,"A brain imaging scan showing a well-marginated, sellar mass suggestive of a pituitary tumor.",23,"A brain imaging scan demonstrating a well-marginated, sellar mass suggestive of a pituitary tumor.",23,"A brain MRI demonstrating a well-marginated, sellar mass suggestive of a pituitary tumor.",22,"Brain MRI demonstrates a well-marginated, sellar mass suggestive of a pituitary tumor.",21,"A well-marginated, sellar mass consistent with a pituitary tumor.",18,A brain MRI showing a pituitary tumor.,10,0.9980418086051941,0.9775957465171814,0.9964957237243652,0.9358693361282349,0.9008335471153259,0.9499051570892334
1040.png,"A brain MRI identifying a smoothly contoured, sellar mass suggestive of a pituitary tumor.",22,"A brain MRI demonstrating a smoothly contoured, sellar mass suggestive of a pituitary tumor.",22,"A brain MRI demonstrating a smoothly contoured, sellar mass suggestive of a pituitary tumor.",22,"Brain MRI demonstrates a smoothly contoured, sellar mass suggestive of a pituitary tumor.",21,"A smoothly contoured, sellar mass consistent with a pituitary tumor.",18,A brain MRI showing a pituitary tumor.,10,0.9972438216209412,0.9999998807907104,0.9960159659385681,0.9141504764556885,0.8645092844963074,0.9625201225280762
1041.png,"A brain imaging study revealing a well-circumscribed, sellar mass suggestive of a pituitary tumor.",22,"A brain imaging study demonstrating a well-circumscribed, sellar mass suggestive of a pituitary tumor.",22,"A brain MRI demonstrating a well-circumscribed, sellar mass suggestive of a pituitary tumor.",21,"Brain MRI demonstrates a well-circumscribed, sellar mass suggestive of a pituitary tumor.",20,"A well-circumscribed, sellar mass consistent with a pituitary tumor.",17,A brain MRI showing a pituitary tumor.,10,0.9966520071029663,0.9746743440628052,0.9954485893249512,0.9094892144203186,0.8624897003173828,0.9472439289093018
1047.png,"A brain imaging study revealing a well-marginated, pituitary mass likely representing a pituitary tumor.",21,"A brain imaging study demonstrating a well-marginated, pituitary mass likely representing a pituitary tumor.",21,"A brain MRI demonstrating a well-marginated, pituitary mass likely representing a pituitary tumor.",20,"Brain MRI demonstrates a well-marginated, pituitary mass likely representing a pituitary tumor.",19,"A well-marginated, pituitary mass consistent with a pituitary tumor.",16,A brain MRI showing a pituitary tumor.,10,0.9973009824752808,0.9740194082260132,0.996565580368042,0.9467078447341919,0.9230790138244629,0.9477862119674683
1053.png,"A brain MRI displaying a well-marginated, sellar mass indicative of a pituitary tumor.",22,"A brain MRI demonstrating a well-marginated, sellar mass indicative of a pituitary tumor.",22,"A brain MRI demonstrating a well-marginated, sellar mass indicative of a pituitary tumor.",22,"Brain MRI demonstrates a well-marginated, sellar mass indicative of a pituitary tumor.",21,"A well-marginated, sellar mass consistent with a pituitary tumor.",18,A brain MRI showing a pituitary tumor.,10,0.9986744523048401,0.9999999403953552,0.9959030151367188,0.9333043694496155,0.9008335471153259,0.9653428792953491
1054.png,"A brain imaging study showing a round, well-circumscribed sellar mass potentially indicating a pituitary tumor.",23,"A brain imaging study demonstrating a round, well-circumscribed sellar mass potentially indicating a pituitary tumor.",23,"A brain MRI demonstrating a round, well-circumscribed sellar mass potentially indicating a pituitary tumor.",22,"Brain MRI demonstrates a round, well-circumscribed sellar mass potentially indicating a pituitary tumor.",21,"A round, well-circumscribed sellar mass consistent with a pituitary tumor.",18,A brain MRI showing a pituitary tumor.,10,0.9980226755142212,0.9775742292404175,0.9948329925537109,0.9174666404724121,0.8913028836250305,0.9452683925628662
1057.png,"A medical brain MRI scan showing a well-defined, sellar mass suggestive of a pituitary tumor.",23,"A medical brain MRI scan demonstrating a well-defined, sellar mass suggestive of a pituitary tumor.",23,"A brain MRI demonstrating a well-defined, sellar mass suggestive of a pituitary tumor.",21,"Brain MRI demonstrates a well-defined, sellar mass suggestive of a pituitary tumor.",20,"A well-defined, sellar mass consistent with a pituitary tumor.",17,A brain MRI showing a pituitary tumor.,10,0.9978032112121582,0.9955729246139526,0.9951485991477966,0.9327714443206787,0.9028647541999817,0.9716464877128601
1060.png,"A brain MRI revealing a sharply defined, sellar mass suggestive of a pituitary tumor.",20,"A brain MRI demonstrating a sharply defined, sellar mass suggestive of a pituitary tumor.",20,"A brain MRI demonstrating a sharply defined, sellar mass suggestive of a pituitary tumor.",20,"Brain MRI demonstrates a sharply defined, sellar mass suggestive of a pituitary tumor.",19,"A sharply defined, sellar mass consistent with a pituitary tumor.",16,A brain MRI showing a pituitary tumor.,10,0.9972600340843201,1.0000001192092896,0.9956168532371521,0.9325345754623413,0.8669387102127075,0.9539215564727783
1061.png,"A brain MRI scan showing a homogenous, sellar mass suggestive of a pituitary tumor.",20,"A brain MRI scan demonstrating a homogenous, sellar mass suggestive of a pituitary tumor.",20,"A brain MRI demonstrating a homogenous, sellar mass suggestive of a pituitary tumor.",19,"Brain MRI demonstrates a homogenous, sellar mass suggestive of a pituitary tumor.",18,"A homogenous, sellar mass consistent with a pituitary tumor.",15,A brain MRI showing a pituitary tumor.,10,0.997789740562439,0.9977408647537231,0.9945396780967712,0.9248570203781128,0.879700243473053,0.9640534520149231
1069.png,"A brain MRI displaying a well-marginated, sellar mass indicative of a pituitary tumor.",22,"A brain MRI demonstrating a well-marginated, sellar mass indicative of a pituitary tumor.",22,"A brain MRI demonstrating a well-marginated, sellar mass indicative of a pituitary tumor.",22,"Brain MRI demonstrates a well-marginated, sellar mass indicative of a pituitary tumor.",21,"A well-marginated, sellar mass consistent with a pituitary tumor.",18,A brain MRI showing a pituitary tumor.,10,0.9986744523048401,0.9999999403953552,0.9959030151367188,0.9333043694496155,0.9008335471153259,0.9653428792953491
1072.png,"A brain imaging scan showing a well-circumscribed, smoothly contoured sellar mass indicative of a pituitary tumor.",26,"A brain imaging scan demonstrating a well-circumscribed, smoothly contoured sellar mass indicative of a pituitary tumor.",26,"A brain MRI demonstrating a well-circumscribed, smoothly contoured sellar mass indicative of a pituitary tumor.",25,"Brain MRI demonstrates a well-circumscribed, smoothly contoured sellar mass indicative of a pituitary tumor.",24,"A well-circumscribed, smoothly contoured sellar mass consistent with a pituitary tumor.",21,A brain MRI showing a pituitary tumor.,10,0.9982112646102905,0.9703171253204346,0.9950453042984009,0.9249104857444763,0.88271164894104,0.9417587518692017
1073.png,"A brain MRI displaying a sharply circumscribed, sellar mass indicative of a pituitary tumor.",20,"A brain MRI demonstrating a sharply circumscribed, sellar mass indicative of a pituitary tumor.",20,"A brain MRI demonstrating a sharply circumscribed, sellar mass indicative of a pituitary tumor.",20,"Brain MRI demonstrates a sharply circumscribed, sellar mass indicative of a pituitary tumor.",19,"A sharply circumscribed, sellar mass consistent with a pituitary tumor.",16,A brain MRI showing a pituitary tumor.,10,0.9982268810272217,1.0000001192092896,0.9953135251998901,0.913175106048584,0.8449726104736328,0.9459905624389648
1074.png,"A brain imaging scan showing a smoothly contoured, sellar mass suggestive of a pituitary tumor.",23,"A brain imaging scan demonstrating a smoothly contoured, sellar mass suggestive of a pituitary tumor.",23,"A brain MRI demonstrating a smoothly contoured, sellar mass suggestive of a pituitary tumor.",22,"Brain MRI demonstrates a smoothly contoured, sellar mass suggestive of a pituitary tumor.",21,"A smoothly contoured, sellar mass consistent with a pituitary tumor.",18,A brain MRI showing a pituitary tumor.,10,0.9976186752319336,0.9766241312026978,0.9960159659385681,0.9141504764556885,0.8645092844963074,0.9488543272018433
1078.png,"A brain MRI displaying a homogenous, well-marginated sellar mass suggestive of a pituitary tumor.",23,"A brain MRI demonstrating a homogenous, well-marginated sellar mass suggestive of a pituitary tumor.",23,"A brain MRI demonstrating a homogenous, well-marginated sellar mass suggestive of a pituitary tumor.",23,"Brain MRI demonstrates a homogenous, well-marginated sellar mass suggestive of a pituitary tumor.",22,"A homogenous, well-marginated sellar mass consistent with a pituitary tumor.",19,A brain MRI showing a pituitary tumor.,10,0.9989311695098877,1.0,0.9962067604064941,0.9263808131217957,0.8871703147888184,0.9678598046302795
1084.png,"A brain imaging scan showing a well-circumscribed, smoothly contoured sellar mass indicative of a pituitary tumor.",26,"A brain imaging scan demonstrating a well-circumscribed, smoothly contoured sellar mass indicative of a pituitary tumor.",26,"A brain MRI demonstrating a well-circumscribed, smoothly contoured sellar mass indicative of a pituitary tumor.",25,"Brain MRI demonstrates a well-circumscribed, smoothly contoured sellar mass indicative of a pituitary tumor.",24,"A well-circumscribed, smoothly contoured sellar mass consistent with a pituitary tumor.",21,A brain MRI showing a pituitary tumor.,10,0.9982112646102905,0.9703171253204346,0.9950453042984009,0.9249104857444763,0.88271164894104,0.9417587518692017
1085.png,"A brain imaging study revealing a well-marginated, pituitary mass likely representing a pituitary tumor.",21,"A brain imaging study demonstrating a well-marginated, pituitary mass likely representing a pituitary tumor.",21,"A brain MRI demonstrating a well-marginated, pituitary mass likely representing a pituitary tumor.",20,"Brain MRI demonstrates a well-marginated, pituitary mass likely representing a pituitary tumor.",19,"A well-marginated, pituitary mass consistent with a pituitary tumor.",16,A brain MRI showing a pituitary tumor.,10,0.9973009824752808,0.9740194082260132,0.996565580368042,0.9467078447341919,0.9230790138244629,0.9477862119674683
1089.png,"A brain MRI revealing a well-defined, homogenous sellar mass potentially indicative of a pituitary tumor.",23,"A brain MRI demonstrating a well-defined, homogenous sellar mass potentially indicative of a pituitary tumor.",23,"A brain MRI demonstrating a well-defined, homogenous sellar mass potentially indicative of a pituitary tumor.",23,"Brain MRI demonstrates a well-defined, homogenous sellar mass potentially indicative of a pituitary tumor.",22,"A well-defined, homogenous sellar mass consistent with a pituitary tumor.",18,A brain MRI showing a pituitary tumor.,10,0.9976207613945007,1.0,0.9962112903594971,0.9300180673599243,0.9012664556503296,0.9658348560333252
1092.png,"A brain MRI revealing a well-circumscribed, pituitary mass potentially indicative of a pituitary tumor.",20,"A brain MRI demonstrating a well-circumscribed, pituitary mass potentially indicative of a pituitary tumor.",20,"A brain MRI demonstrating a well-circumscribed, pituitary mass potentially indicative of a pituitary tumor.",20,"Brain MRI demonstrates a well-circumscribed, pituitary mass potentially indicative of a pituitary tumor.",19,"A well-circumscribed, pituitary mass consistent with a pituitary tumor.",15,A brain MRI showing a pituitary tumor.,10,0.9966825246810913,1.0,0.996224582195282,0.925510048866272,0.8897703289985657,0.9838365316390991
1093.png,"A brain MRI scan showing a homogenous, sellar mass suggestive of a pituitary tumor.",20,"A brain MRI scan demonstrating a homogenous, sellar mass suggestive of a pituitary tumor.",20,"A brain MRI demonstrating a homogenous, sellar mass suggestive of a pituitary tumor.",19,"Brain MRI demonstrates a homogenous, sellar mass suggestive of a pituitary tumor.",18,"A homogenous, sellar mass consistent with a pituitary tumor.",15,A brain MRI showing a pituitary tumor.,10,0.997789740562439,0.9977408647537231,0.9945396780967712,0.9248570203781128,0.879700243473053,0.9640534520149231
1096.png,"A medical brain MRI scan showing a well-defined, sellar mass suggestive of a pituitary tumor.",23,"A medical brain MRI scan demonstrating a well-defined, sellar mass suggestive of a pituitary tumor.",23,"A brain MRI demonstrating a well-defined, sellar mass suggestive of a pituitary tumor.",21,"Brain MRI demonstrates a well-defined, sellar mass suggestive of a pituitary tumor.",20,"A well-defined, sellar mass consistent with a pituitary tumor.",17,A brain MRI showing a pituitary tumor.,10,0.9978032112121582,0.9955729246139526,0.9951485991477966,0.9327714443206787,0.9028647541999817,0.9716464877128601
1103.png,"A brain imaging study showing a round, well-circumscribed sellar mass potentially indicating a pituitary tumor.",23,"A brain imaging study demonstrating a round, well-circumscribed sellar mass potentially indicating a pituitary tumor.",23,"A brain MRI demonstrating a round, well-circumscribed sellar mass potentially indicating a pituitary tumor.",22,"Brain MRI demonstrates a round, well-circumscribed sellar mass potentially indicating a pituitary tumor.",21,"A round, well-circumscribed sellar mass consistent with a pituitary tumor.",18,A brain MRI showing a pituitary tumor.,10,0.9980226755142212,0.9775742292404175,0.9948329925537109,0.9174666404724121,0.8913028836250305,0.9452683925628662
1107.png,"A brain MRI scan showing a homogenous, sellar mass suggestive of a pituitary tumor.",20,"A brain MRI scan demonstrating a homogenous, sellar mass suggestive of a pituitary tumor.",20,"A brain MRI demonstrating a homogenous, sellar mass suggestive of a pituitary tumor.",19,"Brain MRI demonstrates a homogenous, sellar mass suggestive of a pituitary tumor.",18,"A homogenous, sellar mass consistent with a pituitary tumor.",15,A brain MRI showing a pituitary tumor.,10,0.997789740562439,0.9977408647537231,0.9945396780967712,0.9248570203781128,0.879700243473053,0.9640534520149231
1111.png,"A brain imaging study revealing a well-marginated, pituitary mass likely representing a pituitary tumor.",21,"A brain imaging study demonstrating a well-marginated, pituitary mass likely representing a pituitary tumor.",21,"A brain MRI demonstrating a well-marginated, pituitary mass likely representing a pituitary tumor.",20,"Brain MRI demonstrates a well-marginated, pituitary mass likely representing a pituitary tumor.",19,"A well-marginated, pituitary mass consistent with a pituitary tumor.",16,A brain MRI showing a pituitary tumor.,10,0.9973009824752808,0.9740194082260132,0.996565580368042,0.9467078447341919,0.9230790138244629,0.9477862119674683
1113.png,"A brain MRI scan showing a homogenous, sellar mass suggestive of a pituitary tumor.",20,"A brain MRI scan demonstrating a homogenous, sellar mass suggestive of a pituitary tumor.",20,"A brain MRI demonstrating a homogenous, sellar mass suggestive of a pituitary tumor.",19,"Brain MRI demonstrates a homogenous, sellar mass suggestive of a pituitary tumor.",18,"A homogenous, sellar mass consistent with a pituitary tumor.",15,A brain MRI showing a pituitary tumor.,10,0.997789740562439,0.9977408647537231,0.9945396780967712,0.9248570203781128,0.879700243473053,0.9640534520149231
1114.png,"A brain MRI identifying a smoothly contoured, sellar mass suggestive of a pituitary tumor.",22,"A brain MRI demonstrating a smoothly contoured, sellar mass suggestive of a pituitary tumor.",22,"A brain MRI demonstrating a smoothly contoured, sellar mass suggestive of a pituitary tumor.",22,"Brain MRI demonstrates a smoothly contoured, sellar mass suggestive of a pituitary tumor.",21,"A smoothly contoured, sellar mass consistent with a pituitary tumor.",18,A brain MRI showing a pituitary tumor.,10,0.9972438216209412,0.9999998807907104,0.9960159659385681,0.9141504764556885,0.8645092844963074,0.9625201225280762
1118.png,"A brain imaging scan showing a well-marginated, sellar mass suggestive of a pituitary tumor.",23,"A brain imaging scan demonstrating a well-marginated, sellar mass suggestive of a pituitary tumor.",23,"A brain MRI demonstrating a well-marginated, sellar mass suggestive of a pituitary tumor.",22,"Brain MRI demonstrates a well-marginated, sellar mass suggestive of a pituitary tumor.",21,"A well-marginated, sellar mass consistent with a pituitary tumor.",18,A brain MRI showing a pituitary tumor.,10,0.9980418086051941,0.9775957465171814,0.9964957237243652,0.9358693361282349,0.9008335471153259,0.9499051570892334
1120.png,"A brain imaging study revealing a well-marginated, pituitary mass likely representing a pituitary tumor.",21,"A brain imaging study demonstrating a well-marginated, pituitary mass likely representing a pituitary tumor.",21,"A brain MRI demonstrating a well-marginated, pituitary mass likely representing a pituitary tumor.",20,"Brain MRI demonstrates a well-marginated, pituitary mass likely representing a pituitary tumor.",19,"A well-marginated, pituitary mass consistent with a pituitary tumor.",16,A brain MRI showing a pituitary tumor.,10,0.9973009824752808,0.9740194082260132,0.996565580368042,0.9467078447341919,0.9230790138244629,0.9477862119674683
1123.png,"A brain MRI scan showing a homogenous, sellar mass suggestive of a pituitary tumor.",20,"A brain MRI scan demonstrating a homogenous, sellar mass suggestive of a pituitary tumor.",20,"A brain MRI demonstrating a homogenous, sellar mass suggestive of a pituitary tumor.",19,"Brain MRI demonstrates a homogenous, sellar mass suggestive of a pituitary tumor.",18,"A homogenous, sellar mass consistent with a pituitary tumor.",15,A brain MRI showing a pituitary tumor.,10,0.997789740562439,0.9977408647537231,0.9945396780967712,0.9248570203781128,0.879700243473053,0.9640534520149231
1124.png,"A brain imaging study showing a round, well-circumscribed sellar mass potentially indicating a pituitary tumor.",23,"A brain imaging study demonstrating a round, well-circumscribed sellar mass potentially indicating a pituitary tumor.",23,"A brain MRI demonstrating a round, well-circumscribed sellar mass potentially indicating a pituitary tumor.",22,"Brain MRI demonstrates a round, well-circumscribed sellar mass potentially indicating a pituitary tumor.",21,"A round, well-circumscribed sellar mass consistent with a pituitary tumor.",18,A brain MRI showing a pituitary tumor.,10,0.9980226755142212,0.9775742292404175,0.9948329925537109,0.9174666404724121,0.8913028836250305,0.9452683925628662
1125.png,"A brain imaging study revealing a well-marginated, pituitary mass likely representing a pituitary tumor.",21,"A brain imaging study demonstrating a well-marginated, pituitary mass likely representing a pituitary tumor.",21,"A brain MRI demonstrating a well-marginated, pituitary mass likely representing a pituitary tumor.",20,"Brain MRI demonstrates a well-marginated, pituitary mass likely representing a pituitary tumor.",19,"A well-marginated, pituitary mass consistent with a pituitary tumor.",16,A brain MRI showing a pituitary tumor.,10,0.9973009824752808,0.9740194082260132,0.996565580368042,0.9467078447341919,0.9230790138244629,0.9477862119674683
1126.png,"A brain MRI revealing a well-circumscribed, pituitary mass potentially indicative of a pituitary tumor.",20,"A brain MRI demonstrating a well-circumscribed, pituitary mass potentially indicative of a pituitary tumor.",20,"A brain MRI demonstrating a well-circumscribed, pituitary mass potentially indicative of a pituitary tumor.",20,"Brain MRI demonstrates a well-circumscribed, pituitary mass potentially indicative of a pituitary tumor.",19,"A well-circumscribed, pituitary mass consistent with a pituitary tumor.",15,A brain MRI showing a pituitary tumor.,10,0.9966825246810913,1.0,0.996224582195282,0.925510048866272,0.8897703289985657,0.9838365316390991
1130.png,"A brain MRI displaying a homogenous, well-marginated sellar mass suggestive of a pituitary tumor.",23,"A brain MRI demonstrating a homogenous, well-marginated sellar mass suggestive of a pituitary tumor.",23,"A brain MRI demonstrating a homogenous, well-marginated sellar mass suggestive of a pituitary tumor.",23,"Brain MRI demonstrates a homogenous, well-marginated sellar mass suggestive of a pituitary tumor.",22,"A homogenous, well-marginated sellar mass consistent with a pituitary tumor.",19,A brain MRI showing a pituitary tumor.,10,0.9989311695098877,1.0,0.9962067604064941,0.9263808131217957,0.8871703147888184,0.9678598046302795
1134.png,"A brain imaging study showing a round, well-circumscribed sellar mass potentially indicating a pituitary tumor.",23,"A brain imaging study demonstrating a round, well-circumscribed sellar mass potentially indicating a pituitary tumor.",23,"A brain MRI demonstrating a round, well-circumscribed sellar mass potentially indicating a pituitary tumor.",22,"Brain MRI demonstrates a round, well-circumscribed sellar mass potentially indicating a pituitary tumor.",21,"A round, well-circumscribed sellar mass consistent with a pituitary tumor.",18,A brain MRI showing a pituitary tumor.,10,0.9980226755142212,0.9775742292404175,0.9948329925537109,0.9174666404724121,0.8913028836250305,0.9452683925628662
1137.png,"A brain MRI identifying a smoothly contoured, sellar mass suggestive of a pituitary tumor.",22,"A brain MRI demonstrating a smoothly contoured, sellar mass suggestive of a pituitary tumor.",22,"A brain MRI demonstrating a smoothly contoured, sellar mass suggestive of a pituitary tumor.",22,"Brain MRI demonstrates a smoothly contoured, sellar mass suggestive of a pituitary tumor.",21,"A smoothly contoured, sellar mass consistent with a pituitary tumor.",18,A brain MRI showing a pituitary tumor.,10,0.9972438216209412,0.9999998807907104,0.9960159659385681,0.9141504764556885,0.8645092844963074,0.9625201225280762
1138.png,"A brain MRI scan showing a homogenous, sellar mass suggestive of a pituitary tumor.",20,"A brain MRI scan demonstrating a homogenous, sellar mass suggestive of a pituitary tumor.",20,"A brain MRI demonstrating a homogenous, sellar mass suggestive of a pituitary tumor.",19,"Brain MRI demonstrates a homogenous, sellar mass suggestive of a pituitary tumor.",18,"A homogenous, sellar mass consistent with a pituitary tumor.",15,A brain MRI showing a pituitary tumor.,10,0.997789740562439,0.9977408647537231,0.9945396780967712,0.9248570203781128,0.879700243473053,0.9640534520149231
1140.png,"A brain MRI displaying a well-marginated, sellar mass indicative of a pituitary tumor.",22,"A brain MRI demonstrating a well-marginated, sellar mass indicative of a pituitary tumor.",22,"A brain MRI demonstrating a well-marginated, sellar mass indicative of a pituitary tumor.",22,"Brain MRI demonstrates a well-marginated, sellar mass indicative of a pituitary tumor.",21,"A well-marginated, sellar mass consistent with a pituitary tumor.",18,A brain MRI showing a pituitary tumor.,10,0.9986744523048401,0.9999999403953552,0.9959030151367188,0.9333043694496155,0.9008335471153259,0.9653428792953491
1144.png,"A brain MRI displaying a well-marginated, sellar mass indicative of a pituitary tumor.",22,"A brain MRI demonstrating a well-marginated, sellar mass indicative of a pituitary tumor.",22,"A brain MRI demonstrating a well-marginated, sellar mass indicative of a pituitary tumor.",22,"Brain MRI demonstrates a well-marginated, sellar mass indicative of a pituitary tumor.",21,"A well-marginated, sellar mass consistent with a pituitary tumor.",18,A brain MRI showing a pituitary tumor.,10,0.9986744523048401,0.9999999403953552,0.9959030151367188,0.9333043694496155,0.9008335471153259,0.9653428792953491
1146.png,"A brain MRI identifying a smoothly contoured, sellar mass suggestive of a pituitary tumor.",22,"A brain MRI demonstrating a smoothly contoured, sellar mass suggestive of a pituitary tumor.",22,"A brain MRI demonstrating a smoothly contoured, sellar mass suggestive of a pituitary tumor.",22,"Brain MRI demonstrates a smoothly contoured, sellar mass suggestive of a pituitary tumor.",21,"A smoothly contoured, sellar mass consistent with a pituitary tumor.",18,A brain MRI showing a pituitary tumor.,10,0.9972438216209412,0.9999998807907104,0.9960159659385681,0.9141504764556885,0.8645092844963074,0.9625201225280762
1148.png,"A brain imaging study showing a round, well-circumscribed sellar mass potentially indicating a pituitary tumor.",23,"A brain imaging study demonstrating a round, well-circumscribed sellar mass potentially indicating a pituitary tumor.",23,"A brain MRI demonstrating a round, well-circumscribed sellar mass potentially indicating a pituitary tumor.",22,"Brain MRI demonstrates a round, well-circumscribed sellar mass potentially indicating a pituitary tumor.",21,"A round, well-circumscribed sellar mass consistent with a pituitary tumor.",18,A brain MRI showing a pituitary tumor.,10,0.9980226755142212,0.9775742292404175,0.9948329925537109,0.9174666404724121,0.8913028836250305,0.9452683925628662
1149.png,"A brain imaging study showing a round, well-circumscribed sellar mass potentially indicating a pituitary tumor.",23,"A brain imaging study demonstrating a round, well-circumscribed sellar mass potentially indicating a pituitary tumor.",23,"A brain MRI demonstrating a round, well-circumscribed sellar mass potentially indicating a pituitary tumor.",22,"Brain MRI demonstrates a round, well-circumscribed sellar mass potentially indicating a pituitary tumor.",21,"A round, well-circumscribed sellar mass consistent with a pituitary tumor.",18,A brain MRI showing a pituitary tumor.,10,0.9980226755142212,0.9775742292404175,0.9948329925537109,0.9174666404724121,0.8913028836250305,0.9452683925628662
1150.png,"A medical brain MRI scan identifying a homogenous, well-defined sellar mass suggestive of a pituitary tumor.",24,"A medical brain MRI scan demonstrating a homogenous, well-defined sellar mass suggestive of a pituitary tumor.",24,"A brain MRI demonstrating a homogenous, well-defined sellar mass suggestive of a pituitary tumor.",22,"Brain MRI demonstrates a homogenous, well-defined sellar mass suggestive of a pituitary tumor.",21,"A homogenous, well-defined sellar mass consistent with a pituitary tumor.",18,A brain MRI showing a pituitary tumor.,10,0.9982031583786011,0.9960752725601196,0.9963277578353882,0.9193822145462036,0.887076199054718,0.9678581953048706
1156.png,"A brain imaging study revealing a well-marginated, pituitary mass likely representing a pituitary tumor.",21,"A brain imaging study demonstrating a well-marginated, pituitary mass likely representing a pituitary tumor.",21,"A brain MRI demonstrating a well-marginated, pituitary mass likely representing a pituitary tumor.",20,"Brain MRI demonstrates a well-marginated, pituitary mass likely representing a pituitary tumor.",19,"A well-marginated, pituitary mass consistent with a pituitary tumor.",16,A brain MRI showing a pituitary tumor.,10,0.9973009824752808,0.9740194082260132,0.996565580368042,0.9467078447341919,0.9230790138244629,0.9477862119674683
1160.png,"A brain imaging scan showing a well-circumscribed, smoothly contoured sellar mass indicative of a pituitary tumor.",26,"A brain imaging scan demonstrating a well-circumscribed, smoothly contoured sellar mass indicative of a pituitary tumor.",26,"A brain MRI demonstrating a well-circumscribed, smoothly contoured sellar mass indicative of a pituitary tumor.",25,"Brain MRI demonstrates a well-circumscribed, smoothly contoured sellar mass indicative of a pituitary tumor.",24,"A well-circumscribed, smoothly contoured sellar mass consistent with a pituitary tumor.",21,A brain MRI showing a pituitary tumor.,10,0.9982112646102905,0.9703171253204346,0.9950453042984009,0.9249104857444763,0.88271164894104,0.9417587518692017
1163.png,"A brain MRI revealing a well-circumscribed, pituitary mass potentially indicative of a pituitary tumor.",20,"A brain MRI demonstrating a well-circumscribed, pituitary mass potentially indicative of a pituitary tumor.",20,"A brain MRI demonstrating a well-circumscribed, pituitary mass potentially indicative of a pituitary tumor.",20,"Brain MRI demonstrates a well-circumscribed, pituitary mass potentially indicative of a pituitary tumor.",19,"A well-circumscribed, pituitary mass consistent with a pituitary tumor.",15,A brain MRI showing a pituitary tumor.,10,0.9966825246810913,1.0,0.996224582195282,0.925510048866272,0.8897703289985657,0.9838365316390991
1165.png,"A brain MRI identifying a sharply marginated, sellar mass indicative of a pituitary tumor.",21,"A brain MRI demonstrating a sharply marginated, sellar mass indicative of a pituitary tumor.",21,"A brain MRI demonstrating a sharply marginated, sellar mass indicative of a pituitary tumor.",21,"Brain MRI demonstrates a sharply marginated, sellar mass indicative of a pituitary tumor.",20,"A sharply marginated, sellar mass consistent with a pituitary tumor.",17,A brain MRI showing a pituitary tumor.,10,0.9970628619194031,0.9999999403953552,0.9952588081359863,0.9279552102088928,0.8698254823684692,0.9553037881851196
1169.png,"A brain MRI scan showing a homogenous, sellar mass suggestive of a pituitary tumor.",20,"A brain MRI scan demonstrating a homogenous, sellar mass suggestive of a pituitary tumor.",20,"A brain MRI demonstrating a homogenous, sellar mass suggestive of a pituitary tumor.",19,"Brain MRI demonstrates a homogenous, sellar mass suggestive of a pituitary tumor.",18,"A homogenous, sellar mass consistent with a pituitary tumor.",15,A brain MRI showing a pituitary tumor.,10,0.997789740562439,0.9977408647537231,0.9945396780967712,0.9248570203781128,0.879700243473053,0.9640534520149231
1170.png,"A brain imaging study showing a sharply circumscribed, pituitary mass suggestive of a pituitary tumor.",19,"A brain imaging study demonstrating a sharply circumscribed, pituitary mass suggestive of a pituitary tumor.",19,"A brain MRI demonstrating a sharply circumscribed, pituitary mass suggestive of a pituitary tumor.",18,"Brain MRI demonstrates a sharply circumscribed, pituitary mass suggestive of a pituitary tumor.",17,"A sharply circumscribed, pituitary mass consistent with a pituitary tumor.",14,A brain MRI showing a pituitary tumor.,10,0.9980830550193787,0.9688925743103027,0.9956399202346802,0.9156328439712524,0.8717851042747498,0.9423933029174805
1177.png,"A brain imaging scan showing a well-circumscribed, smoothly contoured sellar mass indicative of a pituitary tumor.",26,"A brain imaging scan demonstrating a well-circumscribed, smoothly contoured sellar mass indicative of a pituitary tumor.",26,"A brain MRI demonstrating a well-circumscribed, smoothly contoured sellar mass indicative of a pituitary tumor.",25,"Brain MRI demonstrates a well-circumscribed, smoothly contoured sellar mass indicative of a pituitary tumor.",24,"A well-circumscribed, smoothly contoured sellar mass consistent with a pituitary tumor.",21,A brain MRI showing a pituitary tumor.,10,0.9982112646102905,0.9703171253204346,0.9950453042984009,0.9249104857444763,0.88271164894104,0.9417587518692017
1178.png,"A brain imaging scan showing a well-circumscribed, smoothly contoured sellar mass indicative of a pituitary tumor.",26,"A brain imaging scan demonstrating a well-circumscribed, smoothly contoured sellar mass indicative of a pituitary tumor.",26,"A brain MRI demonstrating a well-circumscribed, smoothly contoured sellar mass indicative of a pituitary tumor.",25,"Brain MRI demonstrates a well-circumscribed, smoothly contoured sellar mass indicative of a pituitary tumor.",24,"A well-circumscribed, smoothly contoured sellar mass consistent with a pituitary tumor.",21,A brain MRI showing a pituitary tumor.,10,0.9982112646102905,0.9703171253204346,0.9950453042984009,0.9249104857444763,0.88271164894104,0.9417587518692017
1179.png,"A brain MRI scan showing a homogenous, sellar mass suggestive of a pituitary tumor.",20,"A brain MRI scan demonstrating a homogenous, sellar mass suggestive of a pituitary tumor.",20,"A brain MRI demonstrating a homogenous, sellar mass suggestive of a pituitary tumor.",19,"Brain MRI demonstrates a homogenous, sellar mass suggestive of a pituitary tumor.",18,"A homogenous, sellar mass consistent with a pituitary tumor.",15,A brain MRI showing a pituitary tumor.,10,0.997789740562439,0.9977408647537231,0.9945396780967712,0.9248570203781128,0.879700243473053,0.9640534520149231
1189.png,"A brain imaging scan showing a well-marginated, sellar mass suggestive of a pituitary tumor.",23,"A brain imaging scan demonstrating a well-marginated, sellar mass suggestive of a pituitary tumor.",23,"A brain MRI demonstrating a well-marginated, sellar mass suggestive of a pituitary tumor.",22,"Brain MRI demonstrates a well-marginated, sellar mass suggestive of a pituitary tumor.",21,"A well-marginated, sellar mass consistent with a pituitary tumor.",18,A brain MRI showing a pituitary tumor.,10,0.9980418086051941,0.9775957465171814,0.9964957237243652,0.9358693361282349,0.9008335471153259,0.9499051570892334
1192.png,"A medical brain MRI scan detecting a well-defined, pituitary mass suggestive of a pituitary tumor.",21,"A medical brain MRI scan demonstrating a well-defined, pituitary mass suggestive of a pituitary tumor.",21,"A brain MRI demonstrating a well-defined, pituitary mass suggestive of a pituitary tumor.",19,"Brain MRI demonstrates a well-defined, pituitary mass suggestive of a pituitary tumor.",18,"A well-defined, pituitary mass consistent with a pituitary tumor.",15,A brain MRI showing a pituitary tumor.,10,0.9940119981765747,0.9957756996154785,0.9958597421646118,0.9410601854324341,0.9258400797843933,0.983332633972168
1211.png,"A brain MRI displaying a homogenous, well-marginated sellar mass suggestive of a pituitary tumor.",23,"A brain MRI demonstrating a homogenous, well-marginated sellar mass suggestive of a pituitary tumor.",23,"A brain MRI demonstrating a homogenous, well-marginated sellar mass suggestive of a pituitary tumor.",23,"Brain MRI demonstrates a homogenous, well-marginated sellar mass suggestive of a pituitary tumor.",22,"A homogenous, well-marginated sellar mass consistent with a pituitary tumor.",19,A brain MRI showing a pituitary tumor.,10,0.9989311695098877,1.0,0.9962067604064941,0.9263808131217957,0.8871703147888184,0.9678598046302795
1223.png,"A brain imaging study showing a round, well-circumscribed sellar mass potentially indicating a pituitary tumor.",23,"A brain imaging study demonstrating a round, well-circumscribed sellar mass potentially indicating a pituitary tumor.",23,"A brain MRI demonstrating a round, well-circumscribed sellar mass potentially indicating a pituitary tumor.",22,"Brain MRI demonstrates a round, well-circumscribed sellar mass potentially indicating a pituitary tumor.",21,"A round, well-circumscribed sellar mass consistent with a pituitary tumor.",18,A brain MRI showing a pituitary tumor.,10,0.9980226755142212,0.9775742292404175,0.9948329925537109,0.9174666404724121,0.8913028836250305,0.9452683925628662
1225.png,"A brain imaging scan showing a smoothly contoured, sellar mass suggestive of a pituitary tumor.",23,"A brain imaging scan demonstrating a smoothly contoured, sellar mass suggestive of a pituitary tumor.",23,"A brain MRI demonstrating a smoothly contoured, sellar mass suggestive of a pituitary tumor.",22,"Brain MRI demonstrates a smoothly contoured, sellar mass suggestive of a pituitary tumor.",21,"A smoothly contoured, sellar mass consistent with a pituitary tumor.",18,A brain MRI showing a pituitary tumor.,10,0.9976186752319336,0.9766241312026978,0.9960159659385681,0.9141504764556885,0.8645092844963074,0.9488543272018433
1239.png,"A brain imaging study showing a sharply circumscribed, pituitary mass suggestive of a pituitary tumor.",19,"A brain imaging study demonstrating a sharply circumscribed, pituitary mass suggestive of a pituitary tumor.",19,"A brain MRI demonstrating a sharply circumscribed, pituitary mass suggestive of a pituitary tumor.",18,"Brain MRI demonstrates a sharply circumscribed, pituitary mass suggestive of a pituitary tumor.",17,"A sharply circumscribed, pituitary mass consistent with a pituitary tumor.",14,A brain MRI showing a pituitary tumor.,10,0.9980830550193787,0.9688925743103027,0.9956399202346802,0.9156328439712524,0.8717851042747498,0.9423933029174805
1241.png,"A brain imaging study revealing a well-marginated, pituitary mass likely representing a pituitary tumor.",21,"A brain imaging study demonstrating a well-marginated, pituitary mass likely representing a pituitary tumor.",21,"A brain MRI demonstrating a well-marginated, pituitary mass likely representing a pituitary tumor.",20,"Brain MRI demonstrates a well-marginated, pituitary mass likely representing a pituitary tumor.",19,"A well-marginated, pituitary mass consistent with a pituitary tumor.",16,A brain MRI showing a pituitary tumor.,10,0.9973009824752808,0.9740194082260132,0.996565580368042,0.9467078447341919,0.9230790138244629,0.9477862119674683
1243.png,"A brain MRI scan showing a homogenous, sellar mass suggestive of a pituitary tumor.",20,"A brain MRI scan demonstrating a homogenous, sellar mass suggestive of a pituitary tumor.",20,"A brain MRI demonstrating a homogenous, sellar mass suggestive of a pituitary tumor.",19,"Brain MRI demonstrates a homogenous, sellar mass suggestive of a pituitary tumor.",18,"A homogenous, sellar mass consistent with a pituitary tumor.",15,A brain MRI showing a pituitary tumor.,10,0.997789740562439,0.9977408647537231,0.9945396780967712,0.9248570203781128,0.879700243473053,0.9640534520149231
1246.png,"A medical brain MRI scan detecting a well-defined, pituitary mass suggestive of a pituitary tumor.",21,"A medical brain MRI scan demonstrating a well-defined, pituitary mass suggestive of a pituitary tumor.",21,"A brain MRI demonstrating a well-defined, pituitary mass suggestive of a pituitary tumor.",19,"Brain MRI demonstrates a well-defined, pituitary mass suggestive of a pituitary tumor.",18,"A well-defined, pituitary mass consistent with a pituitary tumor.",15,A brain MRI showing a pituitary tumor.,10,0.9940119981765747,0.9957756996154785,0.9958597421646118,0.9410601854324341,0.9258400797843933,0.983332633972168
1247.png,"A brain imaging scan showing a well-marginated, sellar mass suggestive of a pituitary tumor.",23,"A brain imaging scan demonstrating a well-marginated, sellar mass suggestive of a pituitary tumor.",23,"A brain MRI demonstrating a well-marginated, sellar mass suggestive of a pituitary tumor.",22,"Brain MRI demonstrates a well-marginated, sellar mass suggestive of a pituitary tumor.",21,"A well-marginated, sellar mass consistent with a pituitary tumor.",18,A brain MRI showing a pituitary tumor.,10,0.9980418086051941,0.9775957465171814,0.9964957237243652,0.9358693361282349,0.9008335471153259,0.9499051570892334
1248.png,"A brain MRI displaying a sharply circumscribed, sellar mass indicative of a pituitary tumor.",20,"A brain MRI demonstrating a sharply circumscribed, sellar mass indicative of a pituitary tumor.",20,"A brain MRI demonstrating a sharply circumscribed, sellar mass indicative of a pituitary tumor.",20,"Brain MRI demonstrates a sharply circumscribed, sellar mass indicative of a pituitary tumor.",19,"A sharply circumscribed, sellar mass consistent with a pituitary tumor.",16,A brain MRI showing a pituitary tumor.,10,0.9982268810272217,1.0000001192092896,0.9953135251998901,0.913175106048584,0.8449726104736328,0.9459905624389648
1249.png,"A brain MRI revealing a well-circumscribed, pituitary mass potentially indicative of a pituitary tumor.",20,"A brain MRI demonstrating a well-circumscribed, pituitary mass potentially indicative of a pituitary tumor.",20,"A brain MRI demonstrating a well-circumscribed, pituitary mass potentially indicative of a pituitary tumor.",20,"Brain MRI demonstrates a well-circumscribed, pituitary mass potentially indicative of a pituitary tumor.",19,"A well-circumscribed, pituitary mass consistent with a pituitary tumor.",15,A brain MRI showing a pituitary tumor.,10,0.9966825246810913,1.0,0.996224582195282,0.925510048866272,0.8897703289985657,0.9838365316390991
1250.png,"A medical brain MRI scan identifying a homogenous, well-defined sellar mass suggestive of a pituitary tumor.",24,"A medical brain MRI scan demonstrating a homogenous, well-defined sellar mass suggestive of a pituitary tumor.",24,"A brain MRI demonstrating a homogenous, well-defined sellar mass suggestive of a pituitary tumor.",22,"Brain MRI demonstrates a homogenous, well-defined sellar mass suggestive of a pituitary tumor.",21,"A homogenous, well-defined sellar mass consistent with a pituitary tumor.",18,A brain MRI showing a pituitary tumor.,10,0.9982031583786011,0.9960752725601196,0.9963277578353882,0.9193822145462036,0.887076199054718,0.9678581953048706
1251.png,"A brain MRI revealing a well-defined, homogenous sellar mass potentially indicative of a pituitary tumor.",23,"A brain MRI demonstrating a well-defined, homogenous sellar mass potentially indicative of a pituitary tumor.",23,"A brain MRI demonstrating a well-defined, homogenous sellar mass potentially indicative of a pituitary tumor.",23,"Brain MRI demonstrates a well-defined, homogenous sellar mass potentially indicative of a pituitary tumor.",22,"A well-defined, homogenous sellar mass consistent with a pituitary tumor.",18,A brain MRI showing a pituitary tumor.,10,0.9976207613945007,1.0,0.9962112903594971,0.9300180673599243,0.9012664556503296,0.9658348560333252
1252.png,"A brain MRI displaying a well-marginated, sellar mass indicative of a pituitary tumor.",22,"A brain MRI demonstrating a well-marginated, sellar mass indicative of a pituitary tumor.",22,"A brain MRI demonstrating a well-marginated, sellar mass indicative of a pituitary tumor.",22,"Brain MRI demonstrates a well-marginated, sellar mass indicative of a pituitary tumor.",21,"A well-marginated, sellar mass consistent with a pituitary tumor.",18,A brain MRI showing a pituitary tumor.,10,0.9986744523048401,0.9999999403953552,0.9959030151367188,0.9333043694496155,0.9008335471153259,0.9653428792953491
1253.png,"A brain MRI displaying a homogenous, well-marginated sellar mass suggestive of a pituitary tumor.",23,"A brain MRI demonstrating a homogenous, well-marginated sellar mass suggestive of a pituitary tumor.",23,"A brain MRI demonstrating a homogenous, well-marginated sellar mass suggestive of a pituitary tumor.",23,"Brain MRI demonstrates a homogenous, well-marginated sellar mass suggestive of a pituitary tumor.",22,"A homogenous, well-marginated sellar mass consistent with a pituitary tumor.",19,A brain MRI showing a pituitary tumor.,10,0.9989311695098877,1.0,0.9962067604064941,0.9263808131217957,0.8871703147888184,0.9678598046302795
1254.png,"A brain imaging scan showing a well-marginated, sellar mass suggestive of a pituitary tumor.",23,"A brain imaging scan demonstrating a well-marginated, sellar mass suggestive of a pituitary tumor.",23,"A brain MRI demonstrating a well-marginated, sellar mass suggestive of a pituitary tumor.",22,"Brain MRI demonstrates a well-marginated, sellar mass suggestive of a pituitary tumor.",21,"A well-marginated, sellar mass consistent with a pituitary tumor.",18,A brain MRI showing a pituitary tumor.,10,0.9980418086051941,0.9775957465171814,0.9964957237243652,0.9358693361282349,0.9008335471153259,0.9499051570892334
1267.png,"A brain imaging study showing a round, well-circumscribed sellar mass potentially indicating a pituitary tumor.",23,"A brain imaging study demonstrating a round, well-circumscribed sellar mass potentially indicating a pituitary tumor.",23,"A brain MRI demonstrating a round, well-circumscribed sellar mass potentially indicating a pituitary tumor.",22,"Brain MRI demonstrates a round, well-circumscribed sellar mass potentially indicating a pituitary tumor.",21,"A round, well-circumscribed sellar mass consistent with a pituitary tumor.",18,A brain MRI showing a pituitary tumor.,10,0.9980226755142212,0.9775742292404175,0.9948329925537109,0.9174666404724121,0.8913028836250305,0.9452683925628662
1273.png,"A brain MRI revealing a well-circumscribed, pituitary mass potentially indicative of a pituitary tumor.",20,"A brain MRI demonstrating a well-circumscribed, pituitary mass potentially indicative of a pituitary tumor.",20,"A brain MRI demonstrating a well-circumscribed, pituitary mass potentially indicative of a pituitary tumor.",20,"Brain MRI demonstrates a well-circumscribed, pituitary mass potentially indicative of a pituitary tumor.",19,"A well-circumscribed, pituitary mass consistent with a pituitary tumor.",15,A brain MRI showing a pituitary tumor.,10,0.9966825246810913,1.0,0.996224582195282,0.925510048866272,0.8897703289985657,0.9838365316390991
1279.png,"A brain imaging study showing a sharply circumscribed, pituitary mass suggestive of a pituitary tumor.",19,"A brain imaging study demonstrating a sharply circumscribed, pituitary mass suggestive of a pituitary tumor.",19,"A brain MRI demonstrating a sharply circumscribed, pituitary mass suggestive of a pituitary tumor.",18,"Brain MRI demonstrates a sharply circumscribed, pituitary mass suggestive of a pituitary tumor.",17,"A sharply circumscribed, pituitary mass consistent with a pituitary tumor.",14,A brain MRI showing a pituitary tumor.,10,0.9980830550193787,0.9688925743103027,0.9956399202346802,0.9156328439712524,0.8717851042747498,0.9423933029174805
1280.png,"A medical brain MRI scan identifying a homogenous, well-defined sellar mass suggestive of a pituitary tumor.",24,"A medical brain MRI scan demonstrating a homogenous, well-defined sellar mass suggestive of a pituitary tumor.",24,"A brain MRI demonstrating a homogenous, well-defined sellar mass suggestive of a pituitary tumor.",22,"Brain MRI demonstrates a homogenous, well-defined sellar mass suggestive of a pituitary tumor.",21,"A homogenous, well-defined sellar mass consistent with a pituitary tumor.",18,A brain MRI showing a pituitary tumor.,10,0.9982031583786011,0.9960752725601196,0.9963277578353882,0.9193822145462036,0.887076199054718,0.9678581953048706
1281.png,"A brain MRI displaying a homogenous, well-marginated sellar mass suggestive of a pituitary tumor.",23,"A brain MRI demonstrating a homogenous, well-marginated sellar mass suggestive of a pituitary tumor.",23,"A brain MRI demonstrating a homogenous, well-marginated sellar mass suggestive of a pituitary tumor.",23,"Brain MRI demonstrates a homogenous, well-marginated sellar mass suggestive of a pituitary tumor.",22,"A homogenous, well-marginated sellar mass consistent with a pituitary tumor.",19,A brain MRI showing a pituitary tumor.,10,0.9989311695098877,1.0,0.9962067604064941,0.9263808131217957,0.8871703147888184,0.9678598046302795
1282.png,"A brain MRI revealing a sharply defined, sellar mass suggestive of a pituitary tumor.",20,"A brain MRI demonstrating a sharply defined, sellar mass suggestive of a pituitary tumor.",20,"A brain MRI demonstrating a sharply defined, sellar mass suggestive of a pituitary tumor.",20,"Brain MRI demonstrates a sharply defined, sellar mass suggestive of a pituitary tumor.",19,"A sharply defined, sellar mass consistent with a pituitary tumor.",16,A brain MRI showing a pituitary tumor.,10,0.9972600340843201,1.0000001192092896,0.9956168532371521,0.9325345754623413,0.8669387102127075,0.9539215564727783
1283.png,"A brain imaging scan showing a well-circumscribed, smoothly contoured sellar mass indicative of a pituitary tumor.",26,"A brain imaging scan demonstrating a well-circumscribed, smoothly contoured sellar mass indicative of a pituitary tumor.",26,"A brain MRI demonstrating a well-circumscribed, smoothly contoured sellar mass indicative of a pituitary tumor.",25,"Brain MRI demonstrates a well-circumscribed, smoothly contoured sellar mass indicative of a pituitary tumor.",24,"A well-circumscribed, smoothly contoured sellar mass consistent with a pituitary tumor.",21,A brain MRI showing a pituitary tumor.,10,0.9982112646102905,0.9703171253204346,0.9950453042984009,0.9249104857444763,0.88271164894104,0.9417587518692017
1293.png,"A brain imaging study revealing a well-circumscribed, sellar mass suggestive of a pituitary tumor.",22,"A brain imaging study demonstrating a well-circumscribed, sellar mass suggestive of a pituitary tumor.",22,"A brain MRI demonstrating a well-circumscribed, sellar mass suggestive of a pituitary tumor.",21,"Brain MRI demonstrates a well-circumscribed, sellar mass suggestive of a pituitary tumor.",20,"A well-circumscribed, sellar mass consistent with a pituitary tumor.",17,A brain MRI showing a pituitary tumor.,10,0.9966520071029663,0.9746743440628052,0.9954485893249512,0.9094892144203186,0.8624897003173828,0.9472439289093018
1309.png,"A brain imaging study revealing a well-marginated, pituitary mass likely representing a pituitary tumor.",21,"A brain imaging study demonstrating a well-marginated, pituitary mass likely representing a pituitary tumor.",21,"A brain MRI demonstrating a well-marginated, pituitary mass likely representing a pituitary tumor.",20,"Brain MRI demonstrates a well-marginated, pituitary mass likely representing a pituitary tumor.",19,"A well-marginated, pituitary mass consistent with a pituitary tumor.",16,A brain MRI showing a pituitary tumor.,10,0.9973009824752808,0.9740194082260132,0.996565580368042,0.9467078447341919,0.9230790138244629,0.9477862119674683
1326.png,"A brain MRI displaying a well-marginated, sellar mass indicative of a pituitary tumor.",22,"A brain MRI demonstrating a well-marginated, sellar mass indicative of a pituitary tumor.",22,"A brain MRI demonstrating a well-marginated, sellar mass indicative of a pituitary tumor.",22,"Brain MRI demonstrates a well-marginated, sellar mass indicative of a pituitary tumor.",21,"A well-marginated, sellar mass consistent with a pituitary tumor.",18,A brain MRI showing a pituitary tumor.,10,0.9986744523048401,0.9999999403953552,0.9959030151367188,0.9333043694496155,0.9008335471153259,0.9653428792953491
1331.png,"A brain MRI identifying a smoothly contoured, sellar mass suggestive of a pituitary tumor.",22,"A brain MRI demonstrating a smoothly contoured, sellar mass suggestive of a pituitary tumor.",22,"A brain MRI demonstrating a smoothly contoured, sellar mass suggestive of a pituitary tumor.",22,"Brain MRI demonstrates a smoothly contoured, sellar mass suggestive of a pituitary tumor.",21,"A smoothly contoured, sellar mass consistent with a pituitary tumor.",18,A brain MRI showing a pituitary tumor.,10,0.9972438216209412,0.9999998807907104,0.9960159659385681,0.9141504764556885,0.8645092844963074,0.9625201225280762
1333.png,"A brain MRI displaying a homogenous, well-marginated sellar mass suggestive of a pituitary tumor.",23,"A brain MRI demonstrating a homogenous, well-marginated sellar mass suggestive of a pituitary tumor.",23,"A brain MRI demonstrating a homogenous, well-marginated sellar mass suggestive of a pituitary tumor.",23,"Brain MRI demonstrates a homogenous, well-marginated sellar mass suggestive of a pituitary tumor.",22,"A homogenous, well-marginated sellar mass consistent with a pituitary tumor.",19,A brain MRI showing a pituitary tumor.,10,0.9989311695098877,1.0,0.9962067604064941,0.9263808131217957,0.8871703147888184,0.9678598046302795
1334.png,"A brain MRI revealing a sharply defined, sellar mass suggestive of a pituitary tumor.",20,"A brain MRI demonstrating a sharply defined, sellar mass suggestive of a pituitary tumor.",20,"A brain MRI demonstrating a sharply defined, sellar mass suggestive of a pituitary tumor.",20,"Brain MRI demonstrates a sharply defined, sellar mass suggestive of a pituitary tumor.",19,"A sharply defined, sellar mass consistent with a pituitary tumor.",16,A brain MRI showing a pituitary tumor.,10,0.9972600340843201,1.0000001192092896,0.9956168532371521,0.9325345754623413,0.8669387102127075,0.9539215564727783
1341.png,"A brain MRI displaying a sharply circumscribed, sellar mass indicative of a pituitary tumor.",20,"A brain MRI demonstrating a sharply circumscribed, sellar mass indicative of a pituitary tumor.",20,"A brain MRI demonstrating a sharply circumscribed, sellar mass indicative of a pituitary tumor.",20,"Brain MRI demonstrates a sharply circumscribed, sellar mass indicative of a pituitary tumor.",19,"A sharply circumscribed, sellar mass consistent with a pituitary tumor.",16,A brain MRI showing a pituitary tumor.,10,0.9982268810272217,1.0000001192092896,0.9953135251998901,0.913175106048584,0.8449726104736328,0.9459905624389648
1345.png,"A brain MRI revealing a well-defined, homogenous sellar mass potentially indicative of a pituitary tumor.",23,"A brain MRI demonstrating a well-defined, homogenous sellar mass potentially indicative of a pituitary tumor.",23,"A brain MRI demonstrating a well-defined, homogenous sellar mass potentially indicative of a pituitary tumor.",23,"Brain MRI demonstrates a well-defined, homogenous sellar mass potentially indicative of a pituitary tumor.",22,"A well-defined, homogenous sellar mass consistent with a pituitary tumor.",18,A brain MRI showing a pituitary tumor.,10,0.9976207613945007,1.0,0.9962112903594971,0.9300180673599243,0.9012664556503296,0.9658348560333252
1346.png,"A medical brain MRI scan identifying a homogenous, well-defined sellar mass suggestive of a pituitary tumor.",24,"A medical brain MRI scan demonstrating a homogenous, well-defined sellar mass suggestive of a pituitary tumor.",24,"A brain MRI demonstrating a homogenous, well-defined sellar mass suggestive of a pituitary tumor.",22,"Brain MRI demonstrates a homogenous, well-defined sellar mass suggestive of a pituitary tumor.",21,"A homogenous, well-defined sellar mass consistent with a pituitary tumor.",18,A brain MRI showing a pituitary tumor.,10,0.9982031583786011,0.9960752725601196,0.9963277578353882,0.9193822145462036,0.887076199054718,0.9678581953048706
1353.png,"A medical brain MRI scan detecting a well-defined, pituitary mass suggestive of a pituitary tumor.",21,"A medical brain MRI scan demonstrating a well-defined, pituitary mass suggestive of a pituitary tumor.",21,"A brain MRI demonstrating a well-defined, pituitary mass suggestive of a pituitary tumor.",19,"Brain MRI demonstrates a well-defined, pituitary mass suggestive of a pituitary tumor.",18,"A well-defined, pituitary mass consistent with a pituitary tumor.",15,A brain MRI showing a pituitary tumor.,10,0.9940119981765747,0.9957756996154785,0.9958597421646118,0.9410601854324341,0.9258400797843933,0.983332633972168
1355.png,"A brain MRI revealing a well-defined, homogenous sellar mass potentially indicative of a pituitary tumor.",23,"A brain MRI demonstrating a well-defined, homogenous sellar mass potentially indicative of a pituitary tumor.",23,"A brain MRI demonstrating a well-defined, homogenous sellar mass potentially indicative of a pituitary tumor.",23,"Brain MRI demonstrates a well-defined, homogenous sellar mass potentially indicative of a pituitary tumor.",22,"A well-defined, homogenous sellar mass consistent with a pituitary tumor.",18,A brain MRI showing a pituitary tumor.,10,0.9976207613945007,1.0,0.9962112903594971,0.9300180673599243,0.9012664556503296,0.9658348560333252
1361.png,"A brain imaging study revealing a well-circumscribed, sellar mass suggestive of a pituitary tumor.",22,"A brain imaging study demonstrating a well-circumscribed, sellar mass suggestive of a pituitary tumor.",22,"A brain MRI demonstrating a well-circumscribed, sellar mass suggestive of a pituitary tumor.",21,"Brain MRI demonstrates a well-circumscribed, sellar mass suggestive of a pituitary tumor.",20,"A well-circumscribed, sellar mass consistent with a pituitary tumor.",17,A brain MRI showing a pituitary tumor.,10,0.9966520071029663,0.9746743440628052,0.9954485893249512,0.9094892144203186,0.8624897003173828,0.9472439289093018
1364.png,"A brain MRI revealing a well-defined, homogenous sellar mass potentially indicative of a pituitary tumor.",23,"A brain MRI demonstrating a well-defined, homogenous sellar mass potentially indicative of a pituitary tumor.",23,"A brain MRI demonstrating a well-defined, homogenous sellar mass potentially indicative of a pituitary tumor.",23,"Brain MRI demonstrates a well-defined, homogenous sellar mass potentially indicative of a pituitary tumor.",22,"A well-defined, homogenous sellar mass consistent with a pituitary tumor.",18,A brain MRI showing a pituitary tumor.,10,0.9976207613945007,1.0,0.9962112903594971,0.9300180673599243,0.9012664556503296,0.9658348560333252
1365.png,"A brain imaging scan showing a well-circumscribed, smoothly contoured sellar mass indicative of a pituitary tumor.",26,"A brain imaging scan demonstrating a well-circumscribed, smoothly contoured sellar mass indicative of a pituitary tumor.",26,"A brain MRI demonstrating a well-circumscribed, smoothly contoured sellar mass indicative of a pituitary tumor.",25,"Brain MRI demonstrates a well-circumscribed, smoothly contoured sellar mass indicative of a pituitary tumor.",24,"A well-circumscribed, smoothly contoured sellar mass consistent with a pituitary tumor.",21,A brain MRI showing a pituitary tumor.,10,0.9982112646102905,0.9703171253204346,0.9950453042984009,0.9249104857444763,0.88271164894104,0.9417587518692017
1367.png,"A brain MRI revealing a well-circumscribed, pituitary mass potentially indicative of a pituitary tumor.",20,"A brain MRI demonstrating a well-circumscribed, pituitary mass potentially indicative of a pituitary tumor.",20,"A brain MRI demonstrating a well-circumscribed, pituitary mass potentially indicative of a pituitary tumor.",20,"Brain MRI demonstrates a well-circumscribed, pituitary mass potentially indicative of a pituitary tumor.",19,"A well-circumscribed, pituitary mass consistent with a pituitary tumor.",15,A brain MRI showing a pituitary tumor.,10,0.9966825246810913,1.0,0.996224582195282,0.925510048866272,0.8897703289985657,0.9838365316390991
1368.png,"A brain imaging scan showing a well-circumscribed, smoothly contoured sellar mass indicative of a pituitary tumor.",26,"A brain imaging scan demonstrating a well-circumscribed, smoothly contoured sellar mass indicative of a pituitary tumor.",26,"A brain MRI demonstrating a well-circumscribed, smoothly contoured sellar mass indicative of a pituitary tumor.",25,"Brain MRI demonstrates a well-circumscribed, smoothly contoured sellar mass indicative of a pituitary tumor.",24,"A well-circumscribed, smoothly contoured sellar mass consistent with a pituitary tumor.",21,A brain MRI showing a pituitary tumor.,10,0.9982112646102905,0.9703171253204346,0.9950453042984009,0.9249104857444763,0.88271164894104,0.9417587518692017
1370.png,"A brain MRI identifying a smoothly contoured, sellar mass suggestive of a pituitary tumor.",22,"A brain MRI demonstrating a smoothly contoured, sellar mass suggestive of a pituitary tumor.",22,"A brain MRI demonstrating a smoothly contoured, sellar mass suggestive of a pituitary tumor.",22,"Brain MRI demonstrates a smoothly contoured, sellar mass suggestive of a pituitary tumor.",21,"A smoothly contoured, sellar mass consistent with a pituitary tumor.",18,A brain MRI showing a pituitary tumor.,10,0.9972438216209412,0.9999998807907104,0.9960159659385681,0.9141504764556885,0.8645092844963074,0.9625201225280762
1371.png,"A brain MRI displaying a sharply circumscribed, sellar mass indicative of a pituitary tumor.",20,"A brain MRI demonstrating a sharply circumscribed, sellar mass indicative of a pituitary tumor.",20,"A brain MRI demonstrating a sharply circumscribed, sellar mass indicative of a pituitary tumor.",20,"Brain MRI demonstrates a sharply circumscribed, sellar mass indicative of a pituitary tumor.",19,"A sharply circumscribed, sellar mass consistent with a pituitary tumor.",16,A brain MRI showing a pituitary tumor.,10,0.9982268810272217,1.0000001192092896,0.9953135251998901,0.913175106048584,0.8449726104736328,0.9459905624389648
1372.png,"A brain MRI displaying a sharply circumscribed, sellar mass indicative of a pituitary tumor.",20,"A brain MRI demonstrating a sharply circumscribed, sellar mass indicative of a pituitary tumor.",20,"A brain MRI demonstrating a sharply circumscribed, sellar mass indicative of a pituitary tumor.",20,"Brain MRI demonstrates a sharply circumscribed, sellar mass indicative of a pituitary tumor.",19,"A sharply circumscribed, sellar mass consistent with a pituitary tumor.",16,A brain MRI showing a pituitary tumor.,10,0.9982268810272217,1.0000001192092896,0.9953135251998901,0.913175106048584,0.8449726104736328,0.9459905624389648
1373.png,"A brain imaging study showing a round, well-circumscribed sellar mass potentially indicating a pituitary tumor.",23,"A brain imaging study demonstrating a round, well-circumscribed sellar mass potentially indicating a pituitary tumor.",23,"A brain MRI demonstrating a round, well-circumscribed sellar mass potentially indicating a pituitary tumor.",22,"Brain MRI demonstrates a round, well-circumscribed sellar mass potentially indicating a pituitary tumor.",21,"A round, well-circumscribed sellar mass consistent with a pituitary tumor.",18,A brain MRI showing a pituitary tumor.,10,0.9980226755142212,0.9775742292404175,0.9948329925537109,0.9174666404724121,0.8913028836250305,0.9452683925628662
1378.png,"A brain MRI displaying a homogenous, well-marginated sellar mass suggestive of a pituitary tumor.",23,"A brain MRI demonstrating a homogenous, well-marginated sellar mass suggestive of a pituitary tumor.",23,"A brain MRI demonstrating a homogenous, well-marginated sellar mass suggestive of a pituitary tumor.",23,"Brain MRI demonstrates a homogenous, well-marginated sellar mass suggestive of a pituitary tumor.",22,"A homogenous, well-marginated sellar mass consistent with a pituitary tumor.",19,A brain MRI showing a pituitary tumor.,10,0.9989311695098877,1.0,0.9962067604064941,0.9263808131217957,0.8871703147888184,0.9678598046302795
1380.png,"A brain imaging scan showing a smoothly contoured, sellar mass suggestive of a pituitary tumor.",23,"A brain imaging scan demonstrating a smoothly contoured, sellar mass suggestive of a pituitary tumor.",23,"A brain MRI demonstrating a smoothly contoured, sellar mass suggestive of a pituitary tumor.",22,"Brain MRI demonstrates a smoothly contoured, sellar mass suggestive of a pituitary tumor.",21,"A smoothly contoured, sellar mass consistent with a pituitary tumor.",18,A brain MRI showing a pituitary tumor.,10,0.9976186752319336,0.9766241312026978,0.9960159659385681,0.9141504764556885,0.8645092844963074,0.9488543272018433
1381.png,"A brain imaging study revealing a well-marginated, pituitary mass likely representing a pituitary tumor.",21,"A brain imaging study demonstrating a well-marginated, pituitary mass likely representing a pituitary tumor.",21,"A brain MRI demonstrating a well-marginated, pituitary mass likely representing a pituitary tumor.",20,"Brain MRI demonstrates a well-marginated, pituitary mass likely representing a pituitary tumor.",19,"A well-marginated, pituitary mass consistent with a pituitary tumor.",16,A brain MRI showing a pituitary tumor.,10,0.9973009824752808,0.9740194082260132,0.996565580368042,0.9467078447341919,0.9230790138244629,0.9477862119674683
1384.png,"A brain imaging study revealing a well-circumscribed, sellar mass suggestive of a pituitary tumor.",22,"A brain imaging study demonstrating a well-circumscribed, sellar mass suggestive of a pituitary tumor.",22,"A brain MRI demonstrating a well-circumscribed, sellar mass suggestive of a pituitary tumor.",21,"Brain MRI demonstrates a well-circumscribed, sellar mass suggestive of a pituitary tumor.",20,"A well-circumscribed, sellar mass consistent with a pituitary tumor.",17,A brain MRI showing a pituitary tumor.,10,0.9966520071029663,0.9746743440628052,0.9954485893249512,0.9094892144203186,0.8624897003173828,0.9472439289093018
1387.png,"A brain MRI displaying a sharply circumscribed, sellar mass indicative of a pituitary tumor.",20,"A brain MRI demonstrating a sharply circumscribed, sellar mass indicative of a pituitary tumor.",20,"A brain MRI demonstrating a sharply circumscribed, sellar mass indicative of a pituitary tumor.",20,"Brain MRI demonstrates a sharply circumscribed, sellar mass indicative of a pituitary tumor.",19,"A sharply circumscribed, sellar mass consistent with a pituitary tumor.",16,A brain MRI showing a pituitary tumor.,10,0.9982268810272217,1.0000001192092896,0.9953135251998901,0.913175106048584,0.8449726104736328,0.9459905624389648
1388.png,"A brain imaging scan showing a smoothly contoured, sellar mass suggestive of a pituitary tumor.",23,"A brain imaging scan demonstrating a smoothly contoured, sellar mass suggestive of a pituitary tumor.",23,"A brain MRI demonstrating a smoothly contoured, sellar mass suggestive of a pituitary tumor.",22,"Brain MRI demonstrates a smoothly contoured, sellar mass suggestive of a pituitary tumor.",21,"A smoothly contoured, sellar mass consistent with a pituitary tumor.",18,A brain MRI showing a pituitary tumor.,10,0.9976186752319336,0.9766241312026978,0.9960159659385681,0.9141504764556885,0.8645092844963074,0.9488543272018433
1397.png,"A medical brain MRI scan showing a well-defined, sellar mass suggestive of a pituitary tumor.",23,"A medical brain MRI scan demonstrating a well-defined, sellar mass suggestive of a pituitary tumor.",23,"A brain MRI demonstrating a well-defined, sellar mass suggestive of a pituitary tumor.",21,"Brain MRI demonstrates a well-defined, sellar mass suggestive of a pituitary tumor.",20,"A well-defined, sellar mass consistent with a pituitary tumor.",17,A brain MRI showing a pituitary tumor.,10,0.9978032112121582,0.9955729246139526,0.9951485991477966,0.9327714443206787,0.9028647541999817,0.9716464877128601
1398.png,"A brain MRI revealing a well-defined, homogenous sellar mass potentially indicative of a pituitary tumor.",23,"A brain MRI demonstrating a well-defined, homogenous sellar mass potentially indicative of a pituitary tumor.",23,"A brain MRI demonstrating a well-defined, homogenous sellar mass potentially indicative of a pituitary tumor.",23,"Brain MRI demonstrates a well-defined, homogenous sellar mass potentially indicative of a pituitary tumor.",22,"A well-defined, homogenous sellar mass consistent with a pituitary tumor.",18,A brain MRI showing a pituitary tumor.,10,0.9976207613945007,1.0,0.9962112903594971,0.9300180673599243,0.9012664556503296,0.9658348560333252
1399.png,"A brain MRI displaying a well-marginated, sellar mass indicative of a pituitary tumor.",22,"A brain MRI demonstrating a well-marginated, sellar mass indicative of a pituitary tumor.",22,"A brain MRI demonstrating a well-marginated, sellar mass indicative of a pituitary tumor.",22,"Brain MRI demonstrates a well-marginated, sellar mass indicative of a pituitary tumor.",21,"A well-marginated, sellar mass consistent with a pituitary tumor.",18,A brain MRI showing a pituitary tumor.,10,0.9986744523048401,0.9999999403953552,0.9959030151367188,0.9333043694496155,0.9008335471153259,0.9653428792953491
1401.png,"A brain imaging study revealing a well-marginated, pituitary mass likely representing a pituitary tumor.",21,"A brain imaging study demonstrating a well-marginated, pituitary mass likely representing a pituitary tumor.",21,"A brain MRI demonstrating a well-marginated, pituitary mass likely representing a pituitary tumor.",20,"Brain MRI demonstrates a well-marginated, pituitary mass likely representing a pituitary tumor.",19,"A well-marginated, pituitary mass consistent with a pituitary tumor.",16,A brain MRI showing a pituitary tumor.,10,0.9973009824752808,0.9740194082260132,0.996565580368042,0.9467078447341919,0.9230790138244629,0.9477862119674683
1402.png,"A brain imaging scan showing a smoothly contoured, sellar mass suggestive of a pituitary tumor.",23,"A brain imaging scan demonstrating a smoothly contoured, sellar mass suggestive of a pituitary tumor.",23,"A brain MRI demonstrating a smoothly contoured, sellar mass suggestive of a pituitary tumor.",22,"Brain MRI demonstrates a smoothly contoured, sellar mass suggestive of a pituitary tumor.",21,"A smoothly contoured, sellar mass consistent with a pituitary tumor.",18,A brain MRI showing a pituitary tumor.,10,0.9976186752319336,0.9766241312026978,0.9960159659385681,0.9141504764556885,0.8645092844963074,0.9488543272018433
1406.png,"A brain imaging study revealing a well-marginated, pituitary mass likely representing a pituitary tumor.",21,"A brain imaging study demonstrating a well-marginated, pituitary mass likely representing a pituitary tumor.",21,"A brain MRI demonstrating a well-marginated, pituitary mass likely representing a pituitary tumor.",20,"Brain MRI demonstrates a well-marginated, pituitary mass likely representing a pituitary tumor.",19,"A well-marginated, pituitary mass consistent with a pituitary tumor.",16,A brain MRI showing a pituitary tumor.,10,0.9973009824752808,0.9740194082260132,0.996565580368042,0.9467078447341919,0.9230790138244629,0.9477862119674683
1407.png,"A brain MRI identifying a smoothly contoured, sellar mass suggestive of a pituitary tumor.",22,"A brain MRI demonstrating a smoothly contoured, sellar mass suggestive of a pituitary tumor.",22,"A brain MRI demonstrating a smoothly contoured, sellar mass suggestive of a pituitary tumor.",22,"Brain MRI demonstrates a smoothly contoured, sellar mass suggestive of a pituitary tumor.",21,"A smoothly contoured, sellar mass consistent with a pituitary tumor.",18,A brain MRI showing a pituitary tumor.,10,0.9972438216209412,0.9999998807907104,0.9960159659385681,0.9141504764556885,0.8645092844963074,0.9625201225280762
1410.png,"A brain imaging study revealing a well-marginated, pituitary mass likely representing a pituitary tumor.",21,"A brain imaging study demonstrating a well-marginated, pituitary mass likely representing a pituitary tumor.",21,"A brain MRI demonstrating a well-marginated, pituitary mass likely representing a pituitary tumor.",20,"Brain MRI demonstrates a well-marginated, pituitary mass likely representing a pituitary tumor.",19,"A well-marginated, pituitary mass consistent with a pituitary tumor.",16,A brain MRI showing a pituitary tumor.,10,0.9973009824752808,0.9740194082260132,0.996565580368042,0.9467078447341919,0.9230790138244629,0.9477862119674683
1411.png,"A medical brain MRI scan detecting a sharply defined, pituitary mass indicative of a pituitary tumor.",20,"A medical brain MRI scan demonstrating a sharply defined, pituitary mass indicative of a pituitary tumor.",20,"A brain MRI demonstrating a sharply defined, pituitary mass indicative of a pituitary tumor.",18,"Brain MRI demonstrates a sharply defined, pituitary mass indicative of a pituitary tumor.",17,"A sharply defined, pituitary mass consistent with a pituitary tumor.",14,A brain MRI showing a pituitary tumor.,10,0.9933748245239258,0.9944971799850464,0.9950873851776123,0.9349580407142639,0.8974173069000244,0.9670189619064331
1425.png,"A brain imaging study revealing a well-marginated, pituitary mass likely representing a pituitary tumor.",21,"A brain imaging study demonstrating a well-marginated, pituitary mass likely representing a pituitary tumor.",21,"A brain MRI demonstrating a well-marginated, pituitary mass likely representing a pituitary tumor.",20,"Brain MRI demonstrates a well-marginated, pituitary mass likely representing a pituitary tumor.",19,"A well-marginated, pituitary mass consistent with a pituitary tumor.",16,A brain MRI showing a pituitary tumor.,10,0.9973009824752808,0.9740194082260132,0.996565580368042,0.9467078447341919,0.9230790138244629,0.9477862119674683
1426.png,"A brain imaging scan showing a well-circumscribed, smoothly contoured sellar mass indicative of a pituitary tumor.",26,"A brain imaging scan demonstrating a well-circumscribed, smoothly contoured sellar mass indicative of a pituitary tumor.",26,"A brain MRI demonstrating a well-circumscribed, smoothly contoured sellar mass indicative of a pituitary tumor.",25,"Brain MRI demonstrates a well-circumscribed, smoothly contoured sellar mass indicative of a pituitary tumor.",24,"A well-circumscribed, smoothly contoured sellar mass consistent with a pituitary tumor.",21,A brain MRI showing a pituitary tumor.,10,0.9982112646102905,0.9703171253204346,0.9950453042984009,0.9249104857444763,0.88271164894104,0.9417587518692017
1435.png,"A brain MRI displaying a sharply circumscribed, sellar mass indicative of a pituitary tumor.",20,"A brain MRI demonstrating a sharply circumscribed, sellar mass indicative of a pituitary tumor.",20,"A brain MRI demonstrating a sharply circumscribed, sellar mass indicative of a pituitary tumor.",20,"Brain MRI demonstrates a sharply circumscribed, sellar mass indicative of a pituitary tumor.",19,"A sharply circumscribed, sellar mass consistent with a pituitary tumor.",16,A brain MRI showing a pituitary tumor.,10,0.9982268810272217,1.0000001192092896,0.9953135251998901,0.913175106048584,0.8449726104736328,0.9459905624389648
1436.png,"A brain MRI revealing a well-circumscribed, pituitary mass potentially indicative of a pituitary tumor.",20,"A brain MRI demonstrating a well-circumscribed, pituitary mass potentially indicative of a pituitary tumor.",20,"A brain MRI demonstrating a well-circumscribed, pituitary mass potentially indicative of a pituitary tumor.",20,"Brain MRI demonstrates a well-circumscribed, pituitary mass potentially indicative of a pituitary tumor.",19,"A well-circumscribed, pituitary mass consistent with a pituitary tumor.",15,A brain MRI showing a pituitary tumor.,10,0.9966825246810913,1.0,0.996224582195282,0.925510048866272,0.8897703289985657,0.9838365316390991
1437.png,"A brain MRI identifying a sharply marginated, sellar mass indicative of a pituitary tumor.",21,"A brain MRI demonstrating a sharply marginated, sellar mass indicative of a pituitary tumor.",21,"A brain MRI demonstrating a sharply marginated, sellar mass indicative of a pituitary tumor.",21,"Brain MRI demonstrates a sharply marginated, sellar mass indicative of a pituitary tumor.",20,"A sharply marginated, sellar mass consistent with a pituitary tumor.",17,A brain MRI showing a pituitary tumor.,10,0.9970628619194031,0.9999999403953552,0.9952588081359863,0.9279552102088928,0.8698254823684692,0.9553037881851196
1442.png,"A brain imaging study revealing a well-circumscribed, sellar mass suggestive of a pituitary tumor.",22,"A brain imaging study demonstrating a well-circumscribed, sellar mass suggestive of a pituitary tumor.",22,"A brain MRI demonstrating a well-circumscribed, sellar mass suggestive of a pituitary tumor.",21,"Brain MRI demonstrates a well-circumscribed, sellar mass suggestive of a pituitary tumor.",20,"A well-circumscribed, sellar mass consistent with a pituitary tumor.",17,A brain MRI showing a pituitary tumor.,10,0.9966520071029663,0.9746743440628052,0.9954485893249512,0.9094892144203186,0.8624897003173828,0.9472439289093018
1457.png,"A brain imaging study showing a round, well-circumscribed sellar mass potentially indicating a pituitary tumor.",23,"A brain imaging study demonstrating a round, well-circumscribed sellar mass potentially indicating a pituitary tumor.",23,"A brain MRI demonstrating a round, well-circumscribed sellar mass potentially indicating a pituitary tumor.",22,"Brain MRI demonstrates a round, well-circumscribed sellar mass potentially indicating a pituitary tumor.",21,"A round, well-circumscribed sellar mass consistent with a pituitary tumor.",18,A brain MRI showing a pituitary tumor.,10,0.9980226755142212,0.9775742292404175,0.9948329925537109,0.9174666404724121,0.8913028836250305,0.9452683925628662
1458.png,"A brain MRI displaying a well-marginated, sellar mass indicative of a pituitary tumor.",22,"A brain MRI demonstrating a well-marginated, sellar mass indicative of a pituitary tumor.",22,"A brain MRI demonstrating a well-marginated, sellar mass indicative of a pituitary tumor.",22,"Brain MRI demonstrates a well-marginated, sellar mass indicative of a pituitary tumor.",21,"A well-marginated, sellar mass consistent with a pituitary tumor.",18,A brain MRI showing a pituitary tumor.,10,0.9986744523048401,0.9999999403953552,0.9959030151367188,0.9333043694496155,0.9008335471153259,0.9653428792953491
1459.png,"A brain MRI displaying a homogenous, well-marginated sellar mass suggestive of a pituitary tumor.",23,"A brain MRI demonstrating a homogenous, well-marginated sellar mass suggestive of a pituitary tumor.",23,"A brain MRI demonstrating a homogenous, well-marginated sellar mass suggestive of a pituitary tumor.",23,"Brain MRI demonstrates a homogenous, well-marginated sellar mass suggestive of a pituitary tumor.",22,"A homogenous, well-marginated sellar mass consistent with a pituitary tumor.",19,A brain MRI showing a pituitary tumor.,10,0.9989311695098877,1.0,0.9962067604064941,0.9263808131217957,0.8871703147888184,0.9678598046302795
1461.png,"A brain imaging study revealing a well-marginated, pituitary mass likely representing a pituitary tumor.",21,"A brain imaging study demonstrating a well-marginated, pituitary mass likely representing a pituitary tumor.",21,"A brain MRI demonstrating a well-marginated, pituitary mass likely representing a pituitary tumor.",20,"Brain MRI demonstrates a well-marginated, pituitary mass likely representing a pituitary tumor.",19,"A well-marginated, pituitary mass consistent with a pituitary tumor.",16,A brain MRI showing a pituitary tumor.,10,0.9973009824752808,0.9740194082260132,0.996565580368042,0.9467078447341919,0.9230790138244629,0.9477862119674683
1464.png,"A brain imaging scan showing a smoothly contoured, sellar mass suggestive of a pituitary tumor.",23,"A brain imaging scan demonstrating a smoothly contoured, sellar mass suggestive of a pituitary tumor.",23,"A brain MRI demonstrating a smoothly contoured, sellar mass suggestive of a pituitary tumor.",22,"Brain MRI demonstrates a smoothly contoured, sellar mass suggestive of a pituitary tumor.",21,"A smoothly contoured, sellar mass consistent with a pituitary tumor.",18,A brain MRI showing a pituitary tumor.,10,0.9976186752319336,0.9766241312026978,0.9960159659385681,0.9141504764556885,0.8645092844963074,0.9488543272018433
1465.png,"A medical brain MRI scan detecting a well-defined, pituitary mass suggestive of a pituitary tumor.",21,"A medical brain MRI scan demonstrating a well-defined, pituitary mass suggestive of a pituitary tumor.",21,"A brain MRI demonstrating a well-defined, pituitary mass suggestive of a pituitary tumor.",19,"Brain MRI demonstrates a well-defined, pituitary mass suggestive of a pituitary tumor.",18,"A well-defined, pituitary mass consistent with a pituitary tumor.",15,A brain MRI showing a pituitary tumor.,10,0.9940119981765747,0.9957756996154785,0.9958597421646118,0.9410601854324341,0.9258400797843933,0.983332633972168
1466.png,"A brain imaging study showing a round, well-circumscribed sellar mass potentially indicating a pituitary tumor.",23,"A brain imaging study demonstrating a round, well-circumscribed sellar mass potentially indicating a pituitary tumor.",23,"A brain MRI demonstrating a round, well-circumscribed sellar mass potentially indicating a pituitary tumor.",22,"Brain MRI demonstrates a round, well-circumscribed sellar mass potentially indicating a pituitary tumor.",21,"A round, well-circumscribed sellar mass consistent with a pituitary tumor.",18,A brain MRI showing a pituitary tumor.,10,0.9980226755142212,0.9775742292404175,0.9948329925537109,0.9174666404724121,0.8913028836250305,0.9452683925628662
1472.png,"A medical brain MRI scan showing a well-defined, sellar mass suggestive of a pituitary tumor.",23,"A medical brain MRI scan demonstrating a well-defined, sellar mass suggestive of a pituitary tumor.",23,"A brain MRI demonstrating a well-defined, sellar mass suggestive of a pituitary tumor.",21,"Brain MRI demonstrates a well-defined, sellar mass suggestive of a pituitary tumor.",20,"A well-defined, sellar mass consistent with a pituitary tumor.",17,A brain MRI showing a pituitary tumor.,10,0.9978032112121582,0.9955729246139526,0.9951485991477966,0.9327714443206787,0.9028647541999817,0.9716464877128601
1477.png,"A brain imaging study revealing a well-marginated, pituitary mass likely representing a pituitary tumor.",21,"A brain imaging study demonstrating a well-marginated, pituitary mass likely representing a pituitary tumor.",21,"A brain MRI demonstrating a well-marginated, pituitary mass likely representing a pituitary tumor.",20,"Brain MRI demonstrates a well-marginated, pituitary mass likely representing a pituitary tumor.",19,"A well-marginated, pituitary mass consistent with a pituitary tumor.",16,A brain MRI showing a pituitary tumor.,10,0.9973009824752808,0.9740194082260132,0.996565580368042,0.9467078447341919,0.9230790138244629,0.9477862119674683
1480.png,"A brain MRI identifying a smoothly contoured, sellar mass suggestive of a pituitary tumor.",22,"A brain MRI demonstrating a smoothly contoured, sellar mass suggestive of a pituitary tumor.",22,"A brain MRI demonstrating a smoothly contoured, sellar mass suggestive of a pituitary tumor.",22,"Brain MRI demonstrates a smoothly contoured, sellar mass suggestive of a pituitary tumor.",21,"A smoothly contoured, sellar mass consistent with a pituitary tumor.",18,A brain MRI showing a pituitary tumor.,10,0.9972438216209412,0.9999998807907104,0.9960159659385681,0.9141504764556885,0.8645092844963074,0.9625201225280762
1481.png,"A brain imaging study showing a round, well-circumscribed sellar mass potentially indicating a pituitary tumor.",23,"A brain imaging study demonstrating a round, well-circumscribed sellar mass potentially indicating a pituitary tumor.",23,"A brain MRI demonstrating a round, well-circumscribed sellar mass potentially indicating a pituitary tumor.",22,"Brain MRI demonstrates a round, well-circumscribed sellar mass potentially indicating a pituitary tumor.",21,"A round, well-circumscribed sellar mass consistent with a pituitary tumor.",18,A brain MRI showing a pituitary tumor.,10,0.9980226755142212,0.9775742292404175,0.9948329925537109,0.9174666404724121,0.8913028836250305,0.9452683925628662
1482.png,"A brain MRI identifying a sharply marginated, sellar mass indicative of a pituitary tumor.",21,"A brain MRI demonstrating a sharply marginated, sellar mass indicative of a pituitary tumor.",21,"A brain MRI demonstrating a sharply marginated, sellar mass indicative of a pituitary tumor.",21,"Brain MRI demonstrates a sharply marginated, sellar mass indicative of a pituitary tumor.",20,"A sharply marginated, sellar mass consistent with a pituitary tumor.",17,A brain MRI showing a pituitary tumor.,10,0.9970628619194031,0.9999999403953552,0.9952588081359863,0.9279552102088928,0.8698254823684692,0.9553037881851196
1483.png,"A brain MRI displaying a well-marginated, sellar mass indicative of a pituitary tumor.",22,"A brain MRI demonstrating a well-marginated, sellar mass indicative of a pituitary tumor.",22,"A brain MRI demonstrating a well-marginated, sellar mass indicative of a pituitary tumor.",22,"Brain MRI demonstrates a well-marginated, sellar mass indicative of a pituitary tumor.",21,"A well-marginated, sellar mass consistent with a pituitary tumor.",18,A brain MRI showing a pituitary tumor.,10,0.9986744523048401,0.9999999403953552,0.9959030151367188,0.9333043694496155,0.9008335471153259,0.9653428792953491
1484.png,"A brain MRI identifying a smoothly contoured, sellar mass suggestive of a pituitary tumor.",22,"A brain MRI demonstrating a smoothly contoured, sellar mass suggestive of a pituitary tumor.",22,"A brain MRI demonstrating a smoothly contoured, sellar mass suggestive of a pituitary tumor.",22,"Brain MRI demonstrates a smoothly contoured, sellar mass suggestive of a pituitary tumor.",21,"A smoothly contoured, sellar mass consistent with a pituitary tumor.",18,A brain MRI showing a pituitary tumor.,10,0.9972438216209412,0.9999998807907104,0.9960159659385681,0.9141504764556885,0.8645092844963074,0.9625201225280762
1485.png,"A brain MRI displaying a sharply circumscribed, sellar mass indicative of a pituitary tumor.",20,"A brain MRI demonstrating a sharply circumscribed, sellar mass indicative of a pituitary tumor.",20,"A brain MRI demonstrating a sharply circumscribed, sellar mass indicative of a pituitary tumor.",20,"Brain MRI demonstrates a sharply circumscribed, sellar mass indicative of a pituitary tumor.",19,"A sharply circumscribed, sellar mass consistent with a pituitary tumor.",16,A brain MRI showing a pituitary tumor.,10,0.9982268810272217,1.0000001192092896,0.9953135251998901,0.913175106048584,0.8449726104736328,0.9459905624389648
1488.png,"A brain imaging scan showing a smoothly contoured, sellar mass suggestive of a pituitary tumor.",23,"A brain imaging scan demonstrating a smoothly contoured, sellar mass suggestive of a pituitary tumor.",23,"A brain MRI demonstrating a smoothly contoured, sellar mass suggestive of a pituitary tumor.",22,"Brain MRI demonstrates a smoothly contoured, sellar mass suggestive of a pituitary tumor.",21,"A smoothly contoured, sellar mass consistent with a pituitary tumor.",18,A brain MRI showing a pituitary tumor.,10,0.9976186752319336,0.9766241312026978,0.9960159659385681,0.9141504764556885,0.8645092844963074,0.9488543272018433
1490.png,"A brain imaging scan showing a well-circumscribed, smoothly contoured sellar mass indicative of a pituitary tumor.",26,"A brain imaging scan demonstrating a well-circumscribed, smoothly contoured sellar mass indicative of a pituitary tumor.",26,"A brain MRI demonstrating a well-circumscribed, smoothly contoured sellar mass indicative of a pituitary tumor.",25,"Brain MRI demonstrates a well-circumscribed, smoothly contoured sellar mass indicative of a pituitary tumor.",24,"A well-circumscribed, smoothly contoured sellar mass consistent with a pituitary tumor.",21,A brain MRI showing a pituitary tumor.,10,0.9982112646102905,0.9703171253204346,0.9950453042984009,0.9249104857444763,0.88271164894104,0.9417587518692017
1491.png,"A brain imaging study showing a sharply circumscribed, pituitary mass suggestive of a pituitary tumor.",19,"A brain imaging study demonstrating a sharply circumscribed, pituitary mass suggestive of a pituitary tumor.",19,"A brain MRI demonstrating a sharply circumscribed, pituitary mass suggestive of a pituitary tumor.",18,"Brain MRI demonstrates a sharply circumscribed, pituitary mass suggestive of a pituitary tumor.",17,"A sharply circumscribed, pituitary mass consistent with a pituitary tumor.",14,A brain MRI showing a pituitary tumor.,10,0.9980830550193787,0.9688925743103027,0.9956399202346802,0.9156328439712524,0.8717851042747498,0.9423933029174805
1492.png,"A brain MRI identifying a smoothly contoured, sellar mass suggestive of a pituitary tumor.",22,"A brain MRI demonstrating a smoothly contoured, sellar mass suggestive of a pituitary tumor.",22,"A brain MRI demonstrating a smoothly contoured, sellar mass suggestive of a pituitary tumor.",22,"Brain MRI demonstrates a smoothly contoured, sellar mass suggestive of a pituitary tumor.",21,"A smoothly contoured, sellar mass consistent with a pituitary tumor.",18,A brain MRI showing a pituitary tumor.,10,0.9972438216209412,0.9999998807907104,0.9960159659385681,0.9141504764556885,0.8645092844963074,0.9625201225280762
1493.png,"A brain imaging scan showing a well-marginated, sellar mass suggestive of a pituitary tumor.",23,"A brain imaging scan demonstrating a well-marginated, sellar mass suggestive of a pituitary tumor.",23,"A brain MRI demonstrating a well-marginated, sellar mass suggestive of a pituitary tumor.",22,"Brain MRI demonstrates a well-marginated, sellar mass suggestive of a pituitary tumor.",21,"A well-marginated, sellar mass consistent with a pituitary tumor.",18,A brain MRI showing a pituitary tumor.,10,0.9980418086051941,0.9775957465171814,0.9964957237243652,0.9358693361282349,0.9008335471153259,0.9499051570892334
1495.png,"A brain MRI identifying a smoothly contoured, sellar mass suggestive of a pituitary tumor.",22,"A brain MRI demonstrating a smoothly contoured, sellar mass suggestive of a pituitary tumor.",22,"A brain MRI demonstrating a smoothly contoured, sellar mass suggestive of a pituitary tumor.",22,"Brain MRI demonstrates a smoothly contoured, sellar mass suggestive of a pituitary tumor.",21,"A smoothly contoured, sellar mass consistent with a pituitary tumor.",18,A brain MRI showing a pituitary tumor.,10,0.9972438216209412,0.9999998807907104,0.9960159659385681,0.9141504764556885,0.8645092844963074,0.9625201225280762
1496.png,"A brain MRI identifying a smoothly contoured, sellar mass suggestive of a pituitary tumor.",22,"A brain MRI demonstrating a smoothly contoured, sellar mass suggestive of a pituitary tumor.",22,"A brain MRI demonstrating a smoothly contoured, sellar mass suggestive of a pituitary tumor.",22,"Brain MRI demonstrates a smoothly contoured, sellar mass suggestive of a pituitary tumor.",21,"A smoothly contoured, sellar mass consistent with a pituitary tumor.",18,A brain MRI showing a pituitary tumor.,10,0.9972438216209412,0.9999998807907104,0.9960159659385681,0.9141504764556885,0.8645092844963074,0.9625201225280762
1497.png,"A brain MRI identifying a smoothly contoured, sellar mass suggestive of a pituitary tumor.",22,"A brain MRI demonstrating a smoothly contoured, sellar mass suggestive of a pituitary tumor.",22,"A brain MRI demonstrating a smoothly contoured, sellar mass suggestive of a pituitary tumor.",22,"Brain MRI demonstrates a smoothly contoured, sellar mass suggestive of a pituitary tumor.",21,"A smoothly contoured, sellar mass consistent with a pituitary tumor.",18,A brain MRI showing a pituitary tumor.,10,0.9972438216209412,0.9999998807907104,0.9960159659385681,0.9141504764556885,0.8645092844963074,0.9625201225280762
1498.png,"A brain imaging scan showing a smoothly contoured, sellar mass suggestive of a pituitary tumor.",23,"A brain imaging scan demonstrating a smoothly contoured, sellar mass suggestive of a pituitary tumor.",23,"A brain MRI demonstrating a smoothly contoured, sellar mass suggestive of a pituitary tumor.",22,"Brain MRI demonstrates a smoothly contoured, sellar mass suggestive of a pituitary tumor.",21,"A smoothly contoured, sellar mass consistent with a pituitary tumor.",18,A brain MRI showing a pituitary tumor.,10,0.9976186752319336,0.9766241312026978,0.9960159659385681,0.9141504764556885,0.8645092844963074,0.9488543272018433
1509.png,"A brain imaging scan showing a well-marginated, sellar mass suggestive of a pituitary tumor.",23,"A brain imaging scan demonstrating a well-marginated, sellar mass suggestive of a pituitary tumor.",23,"A brain MRI demonstrating a well-marginated, sellar mass suggestive of a pituitary tumor.",22,"Brain MRI demonstrates a well-marginated, sellar mass suggestive of a pituitary tumor.",21,"A well-marginated, sellar mass consistent with a pituitary tumor.",18,A brain MRI showing a pituitary tumor.,10,0.9980418086051941,0.9775957465171814,0.9964957237243652,0.9358693361282349,0.9008335471153259,0.9499051570892334
1519.png,"A brain imaging study showing a round, well-circumscribed sellar mass potentially indicating a pituitary tumor.",23,"A brain imaging study demonstrating a round, well-circumscribed sellar mass potentially indicating a pituitary tumor.",23,"A brain MRI demonstrating a round, well-circumscribed sellar mass potentially indicating a pituitary tumor.",22,"Brain MRI demonstrates a round, well-circumscribed sellar mass potentially indicating a pituitary tumor.",21,"A round, well-circumscribed sellar mass consistent with a pituitary tumor.",18,A brain MRI showing a pituitary tumor.,10,0.9980226755142212,0.9775742292404175,0.9948329925537109,0.9174666404724121,0.8913028836250305,0.9452683925628662
1529.png,"A brain imaging scan showing a well-marginated, sellar mass suggestive of a pituitary tumor.",23,"A brain imaging scan demonstrating a well-marginated, sellar mass suggestive of a pituitary tumor.",23,"A brain MRI demonstrating a well-marginated, sellar mass suggestive of a pituitary tumor.",22,"Brain MRI demonstrates a well-marginated, sellar mass suggestive of a pituitary tumor.",21,"A well-marginated, sellar mass consistent with a pituitary tumor.",18,A brain MRI showing a pituitary tumor.,10,0.9980418086051941,0.9775957465171814,0.9964957237243652,0.9358693361282349,0.9008335471153259,0.9499051570892334
1533.png,"A brain imaging scan showing a smoothly contoured, sellar mass suggestive of a pituitary tumor.",23,"A brain imaging scan demonstrating a smoothly contoured, sellar mass suggestive of a pituitary tumor.",23,"A brain MRI demonstrating a smoothly contoured, sellar mass suggestive of a pituitary tumor.",22,"Brain MRI demonstrates a smoothly contoured, sellar mass suggestive of a pituitary tumor.",21,"A smoothly contoured, sellar mass consistent with a pituitary tumor.",18,A brain MRI showing a pituitary tumor.,10,0.9976186752319336,0.9766241312026978,0.9960159659385681,0.9141504764556885,0.8645092844963074,0.9488543272018433
1534.png,"A medical brain MRI scan detecting a sharply defined, pituitary mass indicative of a pituitary tumor.",20,"A medical brain MRI scan demonstrating a sharply defined, pituitary mass indicative of a pituitary tumor.",20,"A brain MRI demonstrating a sharply defined, pituitary mass indicative of a pituitary tumor.",18,"Brain MRI demonstrates a sharply defined, pituitary mass indicative of a pituitary tumor.",17,"A sharply defined, pituitary mass consistent with a pituitary tumor.",14,A brain MRI showing a pituitary tumor.,10,0.9933748245239258,0.9944971799850464,0.9950873851776123,0.9349580407142639,0.8974173069000244,0.9670189619064331
1535.png,"A brain imaging study revealing a well-circumscribed, sellar mass suggestive of a pituitary tumor.",22,"A brain imaging study demonstrating a well-circumscribed, sellar mass suggestive of a pituitary tumor.",22,"A brain MRI demonstrating a well-circumscribed, sellar mass suggestive of a pituitary tumor.",21,"Brain MRI demonstrates a well-circumscribed, sellar mass suggestive of a pituitary tumor.",20,"A well-circumscribed, sellar mass consistent with a pituitary tumor.",17,A brain MRI showing a pituitary tumor.,10,0.9966520071029663,0.9746743440628052,0.9954485893249512,0.9094892144203186,0.8624897003173828,0.9472439289093018
1536.png,"A brain imaging study showing a round, well-circumscribed sellar mass potentially indicating a pituitary tumor.",23,"A brain imaging study demonstrating a round, well-circumscribed sellar mass potentially indicating a pituitary tumor.",23,"A brain MRI demonstrating a round, well-circumscribed sellar mass potentially indicating a pituitary tumor.",22,"Brain MRI demonstrates a round, well-circumscribed sellar mass potentially indicating a pituitary tumor.",21,"A round, well-circumscribed sellar mass consistent with a pituitary tumor.",18,A brain MRI showing a pituitary tumor.,10,0.9980226755142212,0.9775742292404175,0.9948329925537109,0.9174666404724121,0.8913028836250305,0.9452683925628662
1545.png,"A brain imaging study showing a round, well-circumscribed sellar mass potentially indicating a pituitary tumor.",23,"A brain imaging study demonstrating a round, well-circumscribed sellar mass potentially indicating a pituitary tumor.",23,"A brain MRI demonstrating a round, well-circumscribed sellar mass potentially indicating a pituitary tumor.",22,"Brain MRI demonstrates a round, well-circumscribed sellar mass potentially indicating a pituitary tumor.",21,"A round, well-circumscribed sellar mass consistent with a pituitary tumor.",18,A brain MRI showing a pituitary tumor.,10,0.9980226755142212,0.9775742292404175,0.9948329925537109,0.9174666404724121,0.8913028836250305,0.9452683925628662
1546.png,"A brain MRI displaying a homogenous, well-marginated sellar mass suggestive of a pituitary tumor.",23,"A brain MRI demonstrating a homogenous, well-marginated sellar mass suggestive of a pituitary tumor.",23,"A brain MRI demonstrating a homogenous, well-marginated sellar mass suggestive of a pituitary tumor.",23,"Brain MRI demonstrates a homogenous, well-marginated sellar mass suggestive of a pituitary tumor.",22,"A homogenous, well-marginated sellar mass consistent with a pituitary tumor.",19,A brain MRI showing a pituitary tumor.,10,0.9989311695098877,1.0,0.9962067604064941,0.9263808131217957,0.8871703147888184,0.9678598046302795
1547.png,"A brain MRI revealing a sharply defined, sellar mass suggestive of a pituitary tumor.",20,"A brain MRI demonstrating a sharply defined, sellar mass suggestive of a pituitary tumor.",20,"A brain MRI demonstrating a sharply defined, sellar mass suggestive of a pituitary tumor.",20,"Brain MRI demonstrates a sharply defined, sellar mass suggestive of a pituitary tumor.",19,"A sharply defined, sellar mass consistent with a pituitary tumor.",16,A brain MRI showing a pituitary tumor.,10,0.9972600340843201,1.0000001192092896,0.9956168532371521,0.9325345754623413,0.8669387102127075,0.9539215564727783
1548.png,"A brain imaging scan showing a well-marginated, sellar mass suggestive of a pituitary tumor.",23,"A brain imaging scan demonstrating a well-marginated, sellar mass suggestive of a pituitary tumor.",23,"A brain MRI demonstrating a well-marginated, sellar mass suggestive of a pituitary tumor.",22,"Brain MRI demonstrates a well-marginated, sellar mass suggestive of a pituitary tumor.",21,"A well-marginated, sellar mass consistent with a pituitary tumor.",18,A brain MRI showing a pituitary tumor.,10,0.9980418086051941,0.9775957465171814,0.9964957237243652,0.9358693361282349,0.9008335471153259,0.9499051570892334
1551.png,"A brain imaging study revealing a well-circumscribed, sellar mass suggestive of a pituitary tumor.",22,"A brain imaging study demonstrating a well-circumscribed, sellar mass suggestive of a pituitary tumor.",22,"A brain MRI demonstrating a well-circumscribed, sellar mass suggestive of a pituitary tumor.",21,"Brain MRI demonstrates a well-circumscribed, sellar mass suggestive of a pituitary tumor.",20,"A well-circumscribed, sellar mass consistent with a pituitary tumor.",17,A brain MRI showing a pituitary tumor.,10,0.9966520071029663,0.9746743440628052,0.9954485893249512,0.9094892144203186,0.8624897003173828,0.9472439289093018
1552.png,"A brain MRI revealing a well-defined, homogenous sellar mass potentially indicative of a pituitary tumor.",23,"A brain MRI demonstrating a well-defined, homogenous sellar mass potentially indicative of a pituitary tumor.",23,"A brain MRI demonstrating a well-defined, homogenous sellar mass potentially indicative of a pituitary tumor.",23,"Brain MRI demonstrates a well-defined, homogenous sellar mass potentially indicative of a pituitary tumor.",22,"A well-defined, homogenous sellar mass consistent with a pituitary tumor.",18,A brain MRI showing a pituitary tumor.,10,0.9976207613945007,1.0,0.9962112903594971,0.9300180673599243,0.9012664556503296,0.9658348560333252
1555.png,"A medical brain MRI scan identifying a homogenous, well-defined sellar mass suggestive of a pituitary tumor.",24,"A medical brain MRI scan demonstrating a homogenous, well-defined sellar mass suggestive of a pituitary tumor.",24,"A brain MRI demonstrating a homogenous, well-defined sellar mass suggestive of a pituitary tumor.",22,"Brain MRI demonstrates a homogenous, well-defined sellar mass suggestive of a pituitary tumor.",21,"A homogenous, well-defined sellar mass consistent with a pituitary tumor.",18,A brain MRI showing a pituitary tumor.,10,0.9982031583786011,0.9960752725601196,0.9963277578353882,0.9193822145462036,0.887076199054718,0.9678581953048706
1559.png,"A brain MRI displaying a homogenous, well-marginated sellar mass suggestive of a pituitary tumor.",23,"A brain MRI demonstrating a homogenous, well-marginated sellar mass suggestive of a pituitary tumor.",23,"A brain MRI demonstrating a homogenous, well-marginated sellar mass suggestive of a pituitary tumor.",23,"Brain MRI demonstrates a homogenous, well-marginated sellar mass suggestive of a pituitary tumor.",22,"A homogenous, well-marginated sellar mass consistent with a pituitary tumor.",19,A brain MRI showing a pituitary tumor.,10,0.9989311695098877,1.0,0.9962067604064941,0.9263808131217957,0.8871703147888184,0.9678598046302795
1560.png,"A brain imaging study showing a round, well-circumscribed sellar mass potentially indicating a pituitary tumor.",23,"A brain imaging study demonstrating a round, well-circumscribed sellar mass potentially indicating a pituitary tumor.",23,"A brain MRI demonstrating a round, well-circumscribed sellar mass potentially indicating a pituitary tumor.",22,"Brain MRI demonstrates a round, well-circumscribed sellar mass potentially indicating a pituitary tumor.",21,"A round, well-circumscribed sellar mass consistent with a pituitary tumor.",18,A brain MRI showing a pituitary tumor.,10,0.9980226755142212,0.9775742292404175,0.9948329925537109,0.9174666404724121,0.8913028836250305,0.9452683925628662
1563.png,"A brain MRI displaying a homogenous, well-marginated sellar mass suggestive of a pituitary tumor.",23,"A brain MRI demonstrating a homogenous, well-marginated sellar mass suggestive of a pituitary tumor.",23,"A brain MRI demonstrating a homogenous, well-marginated sellar mass suggestive of a pituitary tumor.",23,"Brain MRI demonstrates a homogenous, well-marginated sellar mass suggestive of a pituitary tumor.",22,"A homogenous, well-marginated sellar mass consistent with a pituitary tumor.",19,A brain MRI showing a pituitary tumor.,10,0.9989311695098877,1.0,0.9962067604064941,0.9263808131217957,0.8871703147888184,0.9678598046302795
1564.png,"A brain MRI revealing a well-circumscribed, pituitary mass potentially indicative of a pituitary tumor.",20,"A brain MRI demonstrating a well-circumscribed, pituitary mass potentially indicative of a pituitary tumor.",20,"A brain MRI demonstrating a well-circumscribed, pituitary mass potentially indicative of a pituitary tumor.",20,"Brain MRI demonstrates a well-circumscribed, pituitary mass potentially indicative of a pituitary tumor.",19,"A well-circumscribed, pituitary mass consistent with a pituitary tumor.",15,A brain MRI showing a pituitary tumor.,10,0.9966825246810913,1.0,0.996224582195282,0.925510048866272,0.8897703289985657,0.9838365316390991
1574.png,"A medical brain MRI scan detecting a well-defined, pituitary mass suggestive of a pituitary tumor.",21,"A medical brain MRI scan demonstrating a well-defined, pituitary mass suggestive of a pituitary tumor.",21,"A brain MRI demonstrating a well-defined, pituitary mass suggestive of a pituitary tumor.",19,"Brain MRI demonstrates a well-defined, pituitary mass suggestive of a pituitary tumor.",18,"A well-defined, pituitary mass consistent with a pituitary tumor.",15,A brain MRI showing a pituitary tumor.,10,0.9940119981765747,0.9957756996154785,0.9958597421646118,0.9410601854324341,0.9258400797843933,0.983332633972168
1575.png,"A brain MRI revealing a well-circumscribed, pituitary mass potentially indicative of a pituitary tumor.",20,"A brain MRI demonstrating a well-circumscribed, pituitary mass potentially indicative of a pituitary tumor.",20,"A brain MRI demonstrating a well-circumscribed, pituitary mass potentially indicative of a pituitary tumor.",20,"Brain MRI demonstrates a well-circumscribed, pituitary mass potentially indicative of a pituitary tumor.",19,"A well-circumscribed, pituitary mass consistent with a pituitary tumor.",15,A brain MRI showing a pituitary tumor.,10,0.9966825246810913,1.0,0.996224582195282,0.925510048866272,0.8897703289985657,0.9838365316390991
1577.png,"A brain MRI revealing a well-circumscribed, pituitary mass potentially indicative of a pituitary tumor.",20,"A brain MRI demonstrating a well-circumscribed, pituitary mass potentially indicative of a pituitary tumor.",20,"A brain MRI demonstrating a well-circumscribed, pituitary mass potentially indicative of a pituitary tumor.",20,"Brain MRI demonstrates a well-circumscribed, pituitary mass potentially indicative of a pituitary tumor.",19,"A well-circumscribed, pituitary mass consistent with a pituitary tumor.",15,A brain MRI showing a pituitary tumor.,10,0.9966825246810913,1.0,0.996224582195282,0.925510048866272,0.8897703289985657,0.9838365316390991
1579.png,"A brain MRI displaying a homogenous, well-marginated sellar mass suggestive of a pituitary tumor.",23,"A brain MRI demonstrating a homogenous, well-marginated sellar mass suggestive of a pituitary tumor.",23,"A brain MRI demonstrating a homogenous, well-marginated sellar mass suggestive of a pituitary tumor.",23,"Brain MRI demonstrates a homogenous, well-marginated sellar mass suggestive of a pituitary tumor.",22,"A homogenous, well-marginated sellar mass consistent with a pituitary tumor.",19,A brain MRI showing a pituitary tumor.,10,0.9989311695098877,1.0,0.9962067604064941,0.9263808131217957,0.8871703147888184,0.9678598046302795
1583.png,"A brain imaging scan showing a well-marginated, sellar mass suggestive of a pituitary tumor.",23,"A brain imaging scan demonstrating a well-marginated, sellar mass suggestive of a pituitary tumor.",23,"A brain MRI demonstrating a well-marginated, sellar mass suggestive of a pituitary tumor.",22,"Brain MRI demonstrates a well-marginated, sellar mass suggestive of a pituitary tumor.",21,"A well-marginated, sellar mass consistent with a pituitary tumor.",18,A brain MRI showing a pituitary tumor.,10,0.9980418086051941,0.9775957465171814,0.9964957237243652,0.9358693361282349,0.9008335471153259,0.9499051570892334
1585.png,"A medical brain MRI scan showing a well-defined, sellar mass suggestive of a pituitary tumor.",23,"A medical brain MRI scan demonstrating a well-defined, sellar mass suggestive of a pituitary tumor.",23,"A brain MRI demonstrating a well-defined, sellar mass suggestive of a pituitary tumor.",21,"Brain MRI demonstrates a well-defined, sellar mass suggestive of a pituitary tumor.",20,"A well-defined, sellar mass consistent with a pituitary tumor.",17,A brain MRI showing a pituitary tumor.,10,0.9978032112121582,0.9955729246139526,0.9951485991477966,0.9327714443206787,0.9028647541999817,0.9716464877128601
1587.png,"A brain MRI revealing a sharply defined, sellar mass suggestive of a pituitary tumor.",20,"A brain MRI demonstrating a sharply defined, sellar mass suggestive of a pituitary tumor.",20,"A brain MRI demonstrating a sharply defined, sellar mass suggestive of a pituitary tumor.",20,"Brain MRI demonstrates a sharply defined, sellar mass suggestive of a pituitary tumor.",19,"A sharply defined, sellar mass consistent with a pituitary tumor.",16,A brain MRI showing a pituitary tumor.,10,0.9972600340843201,1.0000001192092896,0.9956168532371521,0.9325345754623413,0.8669387102127075,0.9539215564727783
1588.png,"A brain MRI identifying a smoothly contoured, sellar mass suggestive of a pituitary tumor.",22,"A brain MRI demonstrating a smoothly contoured, sellar mass suggestive of a pituitary tumor.",22,"A brain MRI demonstrating a smoothly contoured, sellar mass suggestive of a pituitary tumor.",22,"Brain MRI demonstrates a smoothly contoured, sellar mass suggestive of a pituitary tumor.",21,"A smoothly contoured, sellar mass consistent with a pituitary tumor.",18,A brain MRI showing a pituitary tumor.,10,0.9972438216209412,0.9999998807907104,0.9960159659385681,0.9141504764556885,0.8645092844963074,0.9625201225280762
1590.png,"A brain MRI revealing a well-defined, homogenous sellar mass potentially indicative of a pituitary tumor.",23,"A brain MRI demonstrating a well-defined, homogenous sellar mass potentially indicative of a pituitary tumor.",23,"A brain MRI demonstrating a well-defined, homogenous sellar mass potentially indicative of a pituitary tumor.",23,"Brain MRI demonstrates a well-defined, homogenous sellar mass potentially indicative of a pituitary tumor.",22,"A well-defined, homogenous sellar mass consistent with a pituitary tumor.",18,A brain MRI showing a pituitary tumor.,10,0.9976207613945007,1.0,0.9962112903594971,0.9300180673599243,0.9012664556503296,0.9658348560333252
1591.png,"A brain MRI revealing a well-circumscribed, pituitary mass potentially indicative of a pituitary tumor.",20,"A brain MRI demonstrating a well-circumscribed, pituitary mass potentially indicative of a pituitary tumor.",20,"A brain MRI demonstrating a well-circumscribed, pituitary mass potentially indicative of a pituitary tumor.",20,"Brain MRI demonstrates a well-circumscribed, pituitary mass potentially indicative of a pituitary tumor.",19,"A well-circumscribed, pituitary mass consistent with a pituitary tumor.",15,A brain MRI showing a pituitary tumor.,10,0.9966825246810913,1.0,0.996224582195282,0.925510048866272,0.8897703289985657,0.9838365316390991
1596.png,"A medical brain MRI scan detecting a well-defined, pituitary mass suggestive of a pituitary tumor.",21,"A medical brain MRI scan demonstrating a well-defined, pituitary mass suggestive of a pituitary tumor.",21,"A brain MRI demonstrating a well-defined, pituitary mass suggestive of a pituitary tumor.",19,"Brain MRI demonstrates a well-defined, pituitary mass suggestive of a pituitary tumor.",18,"A well-defined, pituitary mass consistent with a pituitary tumor.",15,A brain MRI showing a pituitary tumor.,10,0.9940119981765747,0.9957756996154785,0.9958597421646118,0.9410601854324341,0.9258400797843933,0.983332633972168
1600.png,"A brain imaging study showing a round, well-circumscribed sellar mass potentially indicating a pituitary tumor.",23,"A brain imaging study demonstrating a round, well-circumscribed sellar mass potentially indicating a pituitary tumor.",23,"A brain MRI demonstrating a round, well-circumscribed sellar mass potentially indicating a pituitary tumor.",22,"Brain MRI demonstrates a round, well-circumscribed sellar mass potentially indicating a pituitary tumor.",21,"A round, well-circumscribed sellar mass consistent with a pituitary tumor.",18,A brain MRI showing a pituitary tumor.,10,0.9980226755142212,0.9775742292404175,0.9948329925537109,0.9174666404724121,0.8913028836250305,0.9452683925628662
1601.png,"A medical brain MRI scan identifying a homogenous, well-defined sellar mass suggestive of a pituitary tumor.",24,"A medical brain MRI scan demonstrating a homogenous, well-defined sellar mass suggestive of a pituitary tumor.",24,"A brain MRI demonstrating a homogenous, well-defined sellar mass suggestive of a pituitary tumor.",22,"Brain MRI demonstrates a homogenous, well-defined sellar mass suggestive of a pituitary tumor.",21,"A homogenous, well-defined sellar mass consistent with a pituitary tumor.",18,A brain MRI showing a pituitary tumor.,10,0.9982031583786011,0.9960752725601196,0.9963277578353882,0.9193822145462036,0.887076199054718,0.9678581953048706
1619.png,"A brain MRI identifying a smoothly contoured, sellar mass suggestive of a pituitary tumor.",22,"A brain MRI demonstrating a smoothly contoured, sellar mass suggestive of a pituitary tumor.",22,"A brain MRI demonstrating a smoothly contoured, sellar mass suggestive of a pituitary tumor.",22,"Brain MRI demonstrates a smoothly contoured, sellar mass suggestive of a pituitary tumor.",21,"A smoothly contoured, sellar mass consistent with a pituitary tumor.",18,A brain MRI showing a pituitary tumor.,10,0.9972438216209412,0.9999998807907104,0.9960159659385681,0.9141504764556885,0.8645092844963074,0.9625201225280762
1628.png,"A brain MRI revealing a well-defined, homogenous sellar mass potentially indicative of a pituitary tumor.",23,"A brain MRI demonstrating a well-defined, homogenous sellar mass potentially indicative of a pituitary tumor.",23,"A brain MRI demonstrating a well-defined, homogenous sellar mass potentially indicative of a pituitary tumor.",23,"Brain MRI demonstrates a well-defined, homogenous sellar mass potentially indicative of a pituitary tumor.",22,"A well-defined, homogenous sellar mass consistent with a pituitary tumor.",18,A brain MRI showing a pituitary tumor.,10,0.9976207613945007,1.0,0.9962112903594971,0.9300180673599243,0.9012664556503296,0.9658348560333252
1629.png,"A brain MRI displaying a homogenous, well-marginated sellar mass suggestive of a pituitary tumor.",23,"A brain MRI demonstrating a homogenous, well-marginated sellar mass suggestive of a pituitary tumor.",23,"A brain MRI demonstrating a homogenous, well-marginated sellar mass suggestive of a pituitary tumor.",23,"Brain MRI demonstrates a homogenous, well-marginated sellar mass suggestive of a pituitary tumor.",22,"A homogenous, well-marginated sellar mass consistent with a pituitary tumor.",19,A brain MRI showing a pituitary tumor.,10,0.9989311695098877,1.0,0.9962067604064941,0.9263808131217957,0.8871703147888184,0.9678598046302795
1630.png,"A brain imaging study revealing a well-marginated, pituitary mass likely representing a pituitary tumor.",21,"A brain imaging study demonstrating a well-marginated, pituitary mass likely representing a pituitary tumor.",21,"A brain MRI demonstrating a well-marginated, pituitary mass likely representing a pituitary tumor.",20,"Brain MRI demonstrates a well-marginated, pituitary mass likely representing a pituitary tumor.",19,"A well-marginated, pituitary mass consistent with a pituitary tumor.",16,A brain MRI showing a pituitary tumor.,10,0.9973009824752808,0.9740194082260132,0.996565580368042,0.9467078447341919,0.9230790138244629,0.9477862119674683
1644.png,"A brain MRI displaying a well-marginated, sellar mass indicative of a pituitary tumor.",22,"A brain MRI demonstrating a well-marginated, sellar mass indicative of a pituitary tumor.",22,"A brain MRI demonstrating a well-marginated, sellar mass indicative of a pituitary tumor.",22,"Brain MRI demonstrates a well-marginated, sellar mass indicative of a pituitary tumor.",21,"A well-marginated, sellar mass consistent with a pituitary tumor.",18,A brain MRI showing a pituitary tumor.,10,0.9986744523048401,0.9999999403953552,0.9959030151367188,0.9333043694496155,0.9008335471153259,0.9653428792953491
1645.png,"A brain imaging study revealing a well-circumscribed, sellar mass suggestive of a pituitary tumor.",22,"A brain imaging study demonstrating a well-circumscribed, sellar mass suggestive of a pituitary tumor.",22,"A brain MRI demonstrating a well-circumscribed, sellar mass suggestive of a pituitary tumor.",21,"Brain MRI demonstrates a well-circumscribed, sellar mass suggestive of a pituitary tumor.",20,"A well-circumscribed, sellar mass consistent with a pituitary tumor.",17,A brain MRI showing a pituitary tumor.,10,0.9966520071029663,0.9746743440628052,0.9954485893249512,0.9094892144203186,0.8624897003173828,0.9472439289093018
1646.png,"A medical brain MRI scan detecting a well-defined, pituitary mass suggestive of a pituitary tumor.",21,"A medical brain MRI scan demonstrating a well-defined, pituitary mass suggestive of a pituitary tumor.",21,"A brain MRI demonstrating a well-defined, pituitary mass suggestive of a pituitary tumor.",19,"Brain MRI demonstrates a well-defined, pituitary mass suggestive of a pituitary tumor.",18,"A well-defined, pituitary mass consistent with a pituitary tumor.",15,A brain MRI showing a pituitary tumor.,10,0.9940119981765747,0.9957756996154785,0.9958597421646118,0.9410601854324341,0.9258400797843933,0.983332633972168
1647.png,"A medical brain MRI scan showing a well-defined, sellar mass suggestive of a pituitary tumor.",23,"A medical brain MRI scan demonstrating a well-defined, sellar mass suggestive of a pituitary tumor.",23,"A brain MRI demonstrating a well-defined, sellar mass suggestive of a pituitary tumor.",21,"Brain MRI demonstrates a well-defined, sellar mass suggestive of a pituitary tumor.",20,"A well-defined, sellar mass consistent with a pituitary tumor.",17,A brain MRI showing a pituitary tumor.,10,0.9978032112121582,0.9955729246139526,0.9951485991477966,0.9327714443206787,0.9028647541999817,0.9716464877128601
1648.png,"A brain imaging study showing a sharply circumscribed, pituitary mass suggestive of a pituitary tumor.",19,"A brain imaging study demonstrating a sharply circumscribed, pituitary mass suggestive of a pituitary tumor.",19,"A brain MRI demonstrating a sharply circumscribed, pituitary mass suggestive of a pituitary tumor.",18,"Brain MRI demonstrates a sharply circumscribed, pituitary mass suggestive of a pituitary tumor.",17,"A sharply circumscribed, pituitary mass consistent with a pituitary tumor.",14,A brain MRI showing a pituitary tumor.,10,0.9980830550193787,0.9688925743103027,0.9956399202346802,0.9156328439712524,0.8717851042747498,0.9423933029174805
1656.png,"A brain MRI scan showing a homogenous, sellar mass suggestive of a pituitary tumor.",20,"A brain MRI scan demonstrating a homogenous, sellar mass suggestive of a pituitary tumor.",20,"A brain MRI demonstrating a homogenous, sellar mass suggestive of a pituitary tumor.",19,"Brain MRI demonstrates a homogenous, sellar mass suggestive of a pituitary tumor.",18,"A homogenous, sellar mass consistent with a pituitary tumor.",15,A brain MRI showing a pituitary tumor.,10,0.997789740562439,0.9977408647537231,0.9945396780967712,0.9248570203781128,0.879700243473053,0.9640534520149231
1657.png,"A brain imaging scan showing a well-circumscribed, smoothly contoured sellar mass indicative of a pituitary tumor.",26,"A brain imaging scan demonstrating a well-circumscribed, smoothly contoured sellar mass indicative of a pituitary tumor.",26,"A brain MRI demonstrating a well-circumscribed, smoothly contoured sellar mass indicative of a pituitary tumor.",25,"Brain MRI demonstrates a well-circumscribed, smoothly contoured sellar mass indicative of a pituitary tumor.",24,"A well-circumscribed, smoothly contoured sellar mass consistent with a pituitary tumor.",21,A brain MRI showing a pituitary tumor.,10,0.9982112646102905,0.9703171253204346,0.9950453042984009,0.9249104857444763,0.88271164894104,0.9417587518692017
1665.png,"A brain MRI displaying a well-marginated, sellar mass indicative of a pituitary tumor.",22,"A brain MRI demonstrating a well-marginated, sellar mass indicative of a pituitary tumor.",22,"A brain MRI demonstrating a well-marginated, sellar mass indicative of a pituitary tumor.",22,"Brain MRI demonstrates a well-marginated, sellar mass indicative of a pituitary tumor.",21,"A well-marginated, sellar mass consistent with a pituitary tumor.",18,A brain MRI showing a pituitary tumor.,10,0.9986744523048401,0.9999999403953552,0.9959030151367188,0.9333043694496155,0.9008335471153259,0.9653428792953491
1666.png,"A brain imaging scan showing a well-marginated, sellar mass suggestive of a pituitary tumor.",23,"A brain imaging scan demonstrating a well-marginated, sellar mass suggestive of a pituitary tumor.",23,"A brain MRI demonstrating a well-marginated, sellar mass suggestive of a pituitary tumor.",22,"Brain MRI demonstrates a well-marginated, sellar mass suggestive of a pituitary tumor.",21,"A well-marginated, sellar mass consistent with a pituitary tumor.",18,A brain MRI showing a pituitary tumor.,10,0.9980418086051941,0.9775957465171814,0.9964957237243652,0.9358693361282349,0.9008335471153259,0.9499051570892334
1678.png,"A brain imaging scan showing a well-marginated, sellar mass suggestive of a pituitary tumor.",23,"A brain imaging scan demonstrating a well-marginated, sellar mass suggestive of a pituitary tumor.",23,"A brain MRI demonstrating a well-marginated, sellar mass suggestive of a pituitary tumor.",22,"Brain MRI demonstrates a well-marginated, sellar mass suggestive of a pituitary tumor.",21,"A well-marginated, sellar mass consistent with a pituitary tumor.",18,A brain MRI showing a pituitary tumor.,10,0.9980418086051941,0.9775957465171814,0.9964957237243652,0.9358693361282349,0.9008335471153259,0.9499051570892334
1684.png,"A brain MRI displaying a homogenous, well-marginated sellar mass suggestive of a pituitary tumor.",23,"A brain MRI demonstrating a homogenous, well-marginated sellar mass suggestive of a pituitary tumor.",23,"A brain MRI demonstrating a homogenous, well-marginated sellar mass suggestive of a pituitary tumor.",23,"Brain MRI demonstrates a homogenous, well-marginated sellar mass suggestive of a pituitary tumor.",22,"A homogenous, well-marginated sellar mass consistent with a pituitary tumor.",19,A brain MRI showing a pituitary tumor.,10,0.9989311695098877,1.0,0.9962067604064941,0.9263808131217957,0.8871703147888184,0.9678598046302795
1685.png,"A brain MRI identifying a smoothly contoured, sellar mass suggestive of a pituitary tumor.",22,"A brain MRI demonstrating a smoothly contoured, sellar mass suggestive of a pituitary tumor.",22,"A brain MRI demonstrating a smoothly contoured, sellar mass suggestive of a pituitary tumor.",22,"Brain MRI demonstrates a smoothly contoured, sellar mass suggestive of a pituitary tumor.",21,"A smoothly contoured, sellar mass consistent with a pituitary tumor.",18,A brain MRI showing a pituitary tumor.,10,0.9972438216209412,0.9999998807907104,0.9960159659385681,0.9141504764556885,0.8645092844963074,0.9625201225280762
1686.png,"A brain imaging scan showing a well-marginated, sellar mass suggestive of a pituitary tumor.",23,"A brain imaging scan demonstrating a well-marginated, sellar mass suggestive of a pituitary tumor.",23,"A brain MRI demonstrating a well-marginated, sellar mass suggestive of a pituitary tumor.",22,"Brain MRI demonstrates a well-marginated, sellar mass suggestive of a pituitary tumor.",21,"A well-marginated, sellar mass consistent with a pituitary tumor.",18,A brain MRI showing a pituitary tumor.,10,0.9980418086051941,0.9775957465171814,0.9964957237243652,0.9358693361282349,0.9008335471153259,0.9499051570892334
1689.png,"A brain imaging study revealing a well-marginated, pituitary mass likely representing a pituitary tumor.",21,"A brain imaging study demonstrating a well-marginated, pituitary mass likely representing a pituitary tumor.",21,"A brain MRI demonstrating a well-marginated, pituitary mass likely representing a pituitary tumor.",20,"Brain MRI demonstrates a well-marginated, pituitary mass likely representing a pituitary tumor.",19,"A well-marginated, pituitary mass consistent with a pituitary tumor.",16,A brain MRI showing a pituitary tumor.,10,0.9973009824752808,0.9740194082260132,0.996565580368042,0.9467078447341919,0.9230790138244629,0.9477862119674683
1696.png,"A brain MRI revealing a sharply defined, sellar mass suggestive of a pituitary tumor.",20,"A brain MRI demonstrating a sharply defined, sellar mass suggestive of a pituitary tumor.",20,"A brain MRI demonstrating a sharply defined, sellar mass suggestive of a pituitary tumor.",20,"Brain MRI demonstrates a sharply defined, sellar mass suggestive of a pituitary tumor.",19,"A sharply defined, sellar mass consistent with a pituitary tumor.",16,A brain MRI showing a pituitary tumor.,10,0.9972600340843201,1.0000001192092896,0.9956168532371521,0.9325345754623413,0.8669387102127075,0.9539215564727783
1706.png,"A brain MRI revealing a sharply defined, sellar mass suggestive of a pituitary tumor.",20,"A brain MRI demonstrating a sharply defined, sellar mass suggestive of a pituitary tumor.",20,"A brain MRI demonstrating a sharply defined, sellar mass suggestive of a pituitary tumor.",20,"Brain MRI demonstrates a sharply defined, sellar mass suggestive of a pituitary tumor.",19,"A sharply defined, sellar mass consistent with a pituitary tumor.",16,A brain MRI showing a pituitary tumor.,10,0.9972600340843201,1.0000001192092896,0.9956168532371521,0.9325345754623413,0.8669387102127075,0.9539215564727783
1715.png,"A medical brain MRI scan detecting a sharply defined, pituitary mass indicative of a pituitary tumor.",20,"A medical brain MRI scan demonstrating a sharply defined, pituitary mass indicative of a pituitary tumor.",20,"A brain MRI demonstrating a sharply defined, pituitary mass indicative of a pituitary tumor.",18,"Brain MRI demonstrates a sharply defined, pituitary mass indicative of a pituitary tumor.",17,"A sharply defined, pituitary mass consistent with a pituitary tumor.",14,A brain MRI showing a pituitary tumor.,10,0.9933748245239258,0.9944971799850464,0.9950873851776123,0.9349580407142639,0.8974173069000244,0.9670189619064331
1716.png,"A brain imaging scan showing a smoothly contoured, sellar mass suggestive of a pituitary tumor.",23,"A brain imaging scan demonstrating a smoothly contoured, sellar mass suggestive of a pituitary tumor.",23,"A brain MRI demonstrating a smoothly contoured, sellar mass suggestive of a pituitary tumor.",22,"Brain MRI demonstrates a smoothly contoured, sellar mass suggestive of a pituitary tumor.",21,"A smoothly contoured, sellar mass consistent with a pituitary tumor.",18,A brain MRI showing a pituitary tumor.,10,0.9976186752319336,0.9766241312026978,0.9960159659385681,0.9141504764556885,0.8645092844963074,0.9488543272018433
1718.png,"A medical brain MRI scan detecting a sharply defined, pituitary mass indicative of a pituitary tumor.",20,"A medical brain MRI scan demonstrating a sharply defined, pituitary mass indicative of a pituitary tumor.",20,"A brain MRI demonstrating a sharply defined, pituitary mass indicative of a pituitary tumor.",18,"Brain MRI demonstrates a sharply defined, pituitary mass indicative of a pituitary tumor.",17,"A sharply defined, pituitary mass consistent with a pituitary tumor.",14,A brain MRI showing a pituitary tumor.,10,0.9933748245239258,0.9944971799850464,0.9950873851776123,0.9349580407142639,0.8974173069000244,0.9670189619064331
1727.png,"A brain MRI revealing a well-circumscribed, pituitary mass potentially indicative of a pituitary tumor.",20,"A brain MRI demonstrating a well-circumscribed, pituitary mass potentially indicative of a pituitary tumor.",20,"A brain MRI demonstrating a well-circumscribed, pituitary mass potentially indicative of a pituitary tumor.",20,"Brain MRI demonstrates a well-circumscribed, pituitary mass potentially indicative of a pituitary tumor.",19,"A well-circumscribed, pituitary mass consistent with a pituitary tumor.",15,A brain MRI showing a pituitary tumor.,10,0.9966825246810913,1.0,0.996224582195282,0.925510048866272,0.8897703289985657,0.9838365316390991
1728.png,"A brain imaging scan showing a smoothly contoured, sellar mass suggestive of a pituitary tumor.",23,"A brain imaging scan demonstrating a smoothly contoured, sellar mass suggestive of a pituitary tumor.",23,"A brain MRI demonstrating a smoothly contoured, sellar mass suggestive of a pituitary tumor.",22,"Brain MRI demonstrates a smoothly contoured, sellar mass suggestive of a pituitary tumor.",21,"A smoothly contoured, sellar mass consistent with a pituitary tumor.",18,A brain MRI showing a pituitary tumor.,10,0.9976186752319336,0.9766241312026978,0.9960159659385681,0.9141504764556885,0.8645092844963074,0.9488543272018433
1729.png,"A brain imaging study revealing a well-circumscribed, sellar mass suggestive of a pituitary tumor.",22,"A brain imaging study demonstrating a well-circumscribed, sellar mass suggestive of a pituitary tumor.",22,"A brain MRI demonstrating a well-circumscribed, sellar mass suggestive of a pituitary tumor.",21,"Brain MRI demonstrates a well-circumscribed, sellar mass suggestive of a pituitary tumor.",20,"A well-circumscribed, sellar mass consistent with a pituitary tumor.",17,A brain MRI showing a pituitary tumor.,10,0.9966520071029663,0.9746743440628052,0.9954485893249512,0.9094892144203186,0.8624897003173828,0.9472439289093018
1730.png,"A brain MRI identifying a smoothly contoured, sellar mass suggestive of a pituitary tumor.",22,"A brain MRI demonstrating a smoothly contoured, sellar mass suggestive of a pituitary tumor.",22,"A brain MRI demonstrating a smoothly contoured, sellar mass suggestive of a pituitary tumor.",22,"Brain MRI demonstrates a smoothly contoured, sellar mass suggestive of a pituitary tumor.",21,"A smoothly contoured, sellar mass consistent with a pituitary tumor.",18,A brain MRI showing a pituitary tumor.,10,0.9972438216209412,0.9999998807907104,0.9960159659385681,0.9141504764556885,0.8645092844963074,0.9625201225280762
1734.png,"A brain imaging scan showing a well-circumscribed, smoothly contoured sellar mass indicative of a pituitary tumor.",26,"A brain imaging scan demonstrating a well-circumscribed, smoothly contoured sellar mass indicative of a pituitary tumor.",26,"A brain MRI demonstrating a well-circumscribed, smoothly contoured sellar mass indicative of a pituitary tumor.",25,"Brain MRI demonstrates a well-circumscribed, smoothly contoured sellar mass indicative of a pituitary tumor.",24,"A well-circumscribed, smoothly contoured sellar mass consistent with a pituitary tumor.",21,A brain MRI showing a pituitary tumor.,10,0.9982112646102905,0.9703171253204346,0.9950453042984009,0.9249104857444763,0.88271164894104,0.9417587518692017
1735.png,"A brain imaging study showing a sharply circumscribed, pituitary mass suggestive of a pituitary tumor.",19,"A brain imaging study demonstrating a sharply circumscribed, pituitary mass suggestive of a pituitary tumor.",19,"A brain MRI demonstrating a sharply circumscribed, pituitary mass suggestive of a pituitary tumor.",18,"Brain MRI demonstrates a sharply circumscribed, pituitary mass suggestive of a pituitary tumor.",17,"A sharply circumscribed, pituitary mass consistent with a pituitary tumor.",14,A brain MRI showing a pituitary tumor.,10,0.9980830550193787,0.9688925743103027,0.9956399202346802,0.9156328439712524,0.8717851042747498,0.9423933029174805
1736.png,"A brain imaging scan showing a well-marginated, sellar mass suggestive of a pituitary tumor.",23,"A brain imaging scan demonstrating a well-marginated, sellar mass suggestive of a pituitary tumor.",23,"A brain MRI demonstrating a well-marginated, sellar mass suggestive of a pituitary tumor.",22,"Brain MRI demonstrates a well-marginated, sellar mass suggestive of a pituitary tumor.",21,"A well-marginated, sellar mass consistent with a pituitary tumor.",18,A brain MRI showing a pituitary tumor.,10,0.9980418086051941,0.9775957465171814,0.9964957237243652,0.9358693361282349,0.9008335471153259,0.9499051570892334
1740.png,"A brain MRI identifying a smoothly contoured, sellar mass suggestive of a pituitary tumor.",22,"A brain MRI demonstrating a smoothly contoured, sellar mass suggestive of a pituitary tumor.",22,"A brain MRI demonstrating a smoothly contoured, sellar mass suggestive of a pituitary tumor.",22,"Brain MRI demonstrates a smoothly contoured, sellar mass suggestive of a pituitary tumor.",21,"A smoothly contoured, sellar mass consistent with a pituitary tumor.",18,A brain MRI showing a pituitary tumor.,10,0.9972438216209412,0.9999998807907104,0.9960159659385681,0.9141504764556885,0.8645092844963074,0.9625201225280762
1744.png,"A medical brain MRI scan showing a well-defined, sellar mass suggestive of a pituitary tumor.",23,"A medical brain MRI scan demonstrating a well-defined, sellar mass suggestive of a pituitary tumor.",23,"A brain MRI demonstrating a well-defined, sellar mass suggestive of a pituitary tumor.",21,"Brain MRI demonstrates a well-defined, sellar mass suggestive of a pituitary tumor.",20,"A well-defined, sellar mass consistent with a pituitary tumor.",17,A brain MRI showing a pituitary tumor.,10,0.9978032112121582,0.9955729246139526,0.9951485991477966,0.9327714443206787,0.9028647541999817,0.9716464877128601
1746.png,"A medical brain MRI scan detecting a well-defined, pituitary mass suggestive of a pituitary tumor.",21,"A medical brain MRI scan demonstrating a well-defined, pituitary mass suggestive of a pituitary tumor.",21,"A brain MRI demonstrating a well-defined, pituitary mass suggestive of a pituitary tumor.",19,"Brain MRI demonstrates a well-defined, pituitary mass suggestive of a pituitary tumor.",18,"A well-defined, pituitary mass consistent with a pituitary tumor.",15,A brain MRI showing a pituitary tumor.,10,0.9940119981765747,0.9957756996154785,0.9958597421646118,0.9410601854324341,0.9258400797843933,0.983332633972168
1752.png,"A brain imaging study showing a round, well-circumscribed sellar mass potentially indicating a pituitary tumor.",23,"A brain imaging study demonstrating a round, well-circumscribed sellar mass potentially indicating a pituitary tumor.",23,"A brain MRI demonstrating a round, well-circumscribed sellar mass potentially indicating a pituitary tumor.",22,"Brain MRI demonstrates a round, well-circumscribed sellar mass potentially indicating a pituitary tumor.",21,"A round, well-circumscribed sellar mass consistent with a pituitary tumor.",18,A brain MRI showing a pituitary tumor.,10,0.9980226755142212,0.9775742292404175,0.9948329925537109,0.9174666404724121,0.8913028836250305,0.9452683925628662
1769.png,"A brain imaging study showing a round, well-circumscribed sellar mass potentially indicating a pituitary tumor.",23,"A brain imaging study demonstrating a round, well-circumscribed sellar mass potentially indicating a pituitary tumor.",23,"A brain MRI demonstrating a round, well-circumscribed sellar mass potentially indicating a pituitary tumor.",22,"Brain MRI demonstrates a round, well-circumscribed sellar mass potentially indicating a pituitary tumor.",21,"A round, well-circumscribed sellar mass consistent with a pituitary tumor.",18,A brain MRI showing a pituitary tumor.,10,0.9980226755142212,0.9775742292404175,0.9948329925537109,0.9174666404724121,0.8913028836250305,0.9452683925628662
1771.png,"A brain MRI displaying a sharply circumscribed, sellar mass indicative of a pituitary tumor.",20,"A brain MRI demonstrating a sharply circumscribed, sellar mass indicative of a pituitary tumor.",20,"A brain MRI demonstrating a sharply circumscribed, sellar mass indicative of a pituitary tumor.",20,"Brain MRI demonstrates a sharply circumscribed, sellar mass indicative of a pituitary tumor.",19,"A sharply circumscribed, sellar mass consistent with a pituitary tumor.",16,A brain MRI showing a pituitary tumor.,10,0.9982268810272217,1.0000001192092896,0.9953135251998901,0.913175106048584,0.8449726104736328,0.9459905624389648
1773.png,"A brain imaging study revealing a well-marginated, pituitary mass likely representing a pituitary tumor.",21,"A brain imaging study demonstrating a well-marginated, pituitary mass likely representing a pituitary tumor.",21,"A brain MRI demonstrating a well-marginated, pituitary mass likely representing a pituitary tumor.",20,"Brain MRI demonstrates a well-marginated, pituitary mass likely representing a pituitary tumor.",19,"A well-marginated, pituitary mass consistent with a pituitary tumor.",16,A brain MRI showing a pituitary tumor.,10,0.9973009824752808,0.9740194082260132,0.996565580368042,0.9467078447341919,0.9230790138244629,0.9477862119674683
1774.png,"A brain MRI scan showing a homogenous, sellar mass suggestive of a pituitary tumor.",20,"A brain MRI scan demonstrating a homogenous, sellar mass suggestive of a pituitary tumor.",20,"A brain MRI demonstrating a homogenous, sellar mass suggestive of a pituitary tumor.",19,"Brain MRI demonstrates a homogenous, sellar mass suggestive of a pituitary tumor.",18,"A homogenous, sellar mass consistent with a pituitary tumor.",15,A brain MRI showing a pituitary tumor.,10,0.997789740562439,0.9977408647537231,0.9945396780967712,0.9248570203781128,0.879700243473053,0.9640534520149231
1776.png,"A brain MRI identifying a smoothly contoured, sellar mass suggestive of a pituitary tumor.",22,"A brain MRI demonstrating a smoothly contoured, sellar mass suggestive of a pituitary tumor.",22,"A brain MRI demonstrating a smoothly contoured, sellar mass suggestive of a pituitary tumor.",22,"Brain MRI demonstrates a smoothly contoured, sellar mass suggestive of a pituitary tumor.",21,"A smoothly contoured, sellar mass consistent with a pituitary tumor.",18,A brain MRI showing a pituitary tumor.,10,0.9972438216209412,0.9999998807907104,0.9960159659385681,0.9141504764556885,0.8645092844963074,0.9625201225280762
1789.png,"A medical brain MRI scan showing a well-defined, sellar mass suggestive of a pituitary tumor.",23,"A medical brain MRI scan demonstrating a well-defined, sellar mass suggestive of a pituitary tumor.",23,"A brain MRI demonstrating a well-defined, sellar mass suggestive of a pituitary tumor.",21,"Brain MRI demonstrates a well-defined, sellar mass suggestive of a pituitary tumor.",20,"A well-defined, sellar mass consistent with a pituitary tumor.",17,A brain MRI showing a pituitary tumor.,10,0.9978032112121582,0.9955729246139526,0.9951485991477966,0.9327714443206787,0.9028647541999817,0.9716464877128601
1796.png,"A brain MRI displaying a well-marginated, sellar mass indicative of a pituitary tumor.",22,"A brain MRI demonstrating a well-marginated, sellar mass indicative of a pituitary tumor.",22,"A brain MRI demonstrating a well-marginated, sellar mass indicative of a pituitary tumor.",22,"Brain MRI demonstrates a well-marginated, sellar mass indicative of a pituitary tumor.",21,"A well-marginated, sellar mass consistent with a pituitary tumor.",18,A brain MRI showing a pituitary tumor.,10,0.9986744523048401,0.9999999403953552,0.9959030151367188,0.9333043694496155,0.9008335471153259,0.9653428792953491
1798.png,"A brain imaging scan showing a well-circumscribed, smoothly contoured sellar mass indicative of a pituitary tumor.",26,"A brain imaging scan demonstrating a well-circumscribed, smoothly contoured sellar mass indicative of a pituitary tumor.",26,"A brain MRI demonstrating a well-circumscribed, smoothly contoured sellar mass indicative of a pituitary tumor.",25,"Brain MRI demonstrates a well-circumscribed, smoothly contoured sellar mass indicative of a pituitary tumor.",24,"A well-circumscribed, smoothly contoured sellar mass consistent with a pituitary tumor.",21,A brain MRI showing a pituitary tumor.,10,0.9982112646102905,0.9703171253204346,0.9950453042984009,0.9249104857444763,0.88271164894104,0.9417587518692017
1807.png,"A brain MRI identifying a sharply marginated, sellar mass indicative of a pituitary tumor.",21,"A brain MRI demonstrating a sharply marginated, sellar mass indicative of a pituitary tumor.",21,"A brain MRI demonstrating a sharply marginated, sellar mass indicative of a pituitary tumor.",21,"Brain MRI demonstrates a sharply marginated, sellar mass indicative of a pituitary tumor.",20,"A sharply marginated, sellar mass consistent with a pituitary tumor.",17,A brain MRI showing a pituitary tumor.,10,0.9970628619194031,0.9999999403953552,0.9952588081359863,0.9279552102088928,0.8698254823684692,0.9553037881851196
1816.png,"A brain MRI displaying a sharply circumscribed, sellar mass indicative of a pituitary tumor.",20,"A brain MRI demonstrating a sharply circumscribed, sellar mass indicative of a pituitary tumor.",20,"A brain MRI demonstrating a sharply circumscribed, sellar mass indicative of a pituitary tumor.",20,"Brain MRI demonstrates a sharply circumscribed, sellar mass indicative of a pituitary tumor.",19,"A sharply circumscribed, sellar mass consistent with a pituitary tumor.",16,A brain MRI showing a pituitary tumor.,10,0.9982268810272217,1.0000001192092896,0.9953135251998901,0.913175106048584,0.8449726104736328,0.9459905624389648
1824.png,"A brain MRI displaying a sharply circumscribed, sellar mass indicative of a pituitary tumor.",20,"A brain MRI demonstrating a sharply circumscribed, sellar mass indicative of a pituitary tumor.",20,"A brain MRI demonstrating a sharply circumscribed, sellar mass indicative of a pituitary tumor.",20,"Brain MRI demonstrates a sharply circumscribed, sellar mass indicative of a pituitary tumor.",19,"A sharply circumscribed, sellar mass consistent with a pituitary tumor.",16,A brain MRI showing a pituitary tumor.,10,0.9982268810272217,1.0000001192092896,0.9953135251998901,0.913175106048584,0.8449726104736328,0.9459905624389648
1825.png,"A brain MRI revealing a well-circumscribed, pituitary mass potentially indicative of a pituitary tumor.",20,"A brain MRI demonstrating a well-circumscribed, pituitary mass potentially indicative of a pituitary tumor.",20,"A brain MRI demonstrating a well-circumscribed, pituitary mass potentially indicative of a pituitary tumor.",20,"Brain MRI demonstrates a well-circumscribed, pituitary mass potentially indicative of a pituitary tumor.",19,"A well-circumscribed, pituitary mass consistent with a pituitary tumor.",15,A brain MRI showing a pituitary tumor.,10,0.9966825246810913,1.0,0.996224582195282,0.925510048866272,0.8897703289985657,0.9838365316390991
1826.png,"A brain MRI displaying a sharply circumscribed, sellar mass indicative of a pituitary tumor.",20,"A brain MRI demonstrating a sharply circumscribed, sellar mass indicative of a pituitary tumor.",20,"A brain MRI demonstrating a sharply circumscribed, sellar mass indicative of a pituitary tumor.",20,"Brain MRI demonstrates a sharply circumscribed, sellar mass indicative of a pituitary tumor.",19,"A sharply circumscribed, sellar mass consistent with a pituitary tumor.",16,A brain MRI showing a pituitary tumor.,10,0.9982268810272217,1.0000001192092896,0.9953135251998901,0.913175106048584,0.8449726104736328,0.9459905624389648
1827.png,"A brain MRI revealing a well-circumscribed, pituitary mass potentially indicative of a pituitary tumor.",20,"A brain MRI demonstrating a well-circumscribed, pituitary mass potentially indicative of a pituitary tumor.",20,"A brain MRI demonstrating a well-circumscribed, pituitary mass potentially indicative of a pituitary tumor.",20,"Brain MRI demonstrates a well-circumscribed, pituitary mass potentially indicative of a pituitary tumor.",19,"A well-circumscribed, pituitary mass consistent with a pituitary tumor.",15,A brain MRI showing a pituitary tumor.,10,0.9966825246810913,1.0,0.996224582195282,0.925510048866272,0.8897703289985657,0.9838365316390991
1829.png,"A brain imaging scan showing a well-marginated, sellar mass suggestive of a pituitary tumor.",23,"A brain imaging scan demonstrating a well-marginated, sellar mass suggestive of a pituitary tumor.",23,"A brain MRI demonstrating a well-marginated, sellar mass suggestive of a pituitary tumor.",22,"Brain MRI demonstrates a well-marginated, sellar mass suggestive of a pituitary tumor.",21,"A well-marginated, sellar mass consistent with a pituitary tumor.",18,A brain MRI showing a pituitary tumor.,10,0.9980418086051941,0.9775957465171814,0.9964957237243652,0.9358693361282349,0.9008335471153259,0.9499051570892334
1834.png,"A brain imaging study revealing a well-marginated, pituitary mass likely representing a pituitary tumor.",21,"A brain imaging study demonstrating a well-marginated, pituitary mass likely representing a pituitary tumor.",21,"A brain MRI demonstrating a well-marginated, pituitary mass likely representing a pituitary tumor.",20,"Brain MRI demonstrates a well-marginated, pituitary mass likely representing a pituitary tumor.",19,"A well-marginated, pituitary mass consistent with a pituitary tumor.",16,A brain MRI showing a pituitary tumor.,10,0.9973009824752808,0.9740194082260132,0.996565580368042,0.9467078447341919,0.9230790138244629,0.9477862119674683
1835.png,"A brain MRI revealing a well-circumscribed, pituitary mass potentially indicative of a pituitary tumor.",20,"A brain MRI demonstrating a well-circumscribed, pituitary mass potentially indicative of a pituitary tumor.",20,"A brain MRI demonstrating a well-circumscribed, pituitary mass potentially indicative of a pituitary tumor.",20,"Brain MRI demonstrates a well-circumscribed, pituitary mass potentially indicative of a pituitary tumor.",19,"A well-circumscribed, pituitary mass consistent with a pituitary tumor.",15,A brain MRI showing a pituitary tumor.,10,0.9966825246810913,1.0,0.996224582195282,0.925510048866272,0.8897703289985657,0.9838365316390991
1843.png,"A brain imaging study revealing a diffuse, infiltrative mass suggestive of a glioma tumor.",18,"A brain imaging study demonstrating a diffuse, infiltrative mass suggestive of a glioma tumor.",18,"A brain MRI demonstrating a diffuse, infiltrative mass suggestive of a glioma tumor.",17,"Brain MRI demonstrates a diffuse, infiltrative mass suggestive of a glioma tumor.",16,"A diffuse, infiltrative mass consistent with a glioma tumor.",13,A brain MRI showing a glioma tumor.,10,0.9943498969078064,0.9650514125823975,0.995481014251709,0.8734712600708008,0.7884819507598877,0.9090080857276917
1847.png,"A brain MRI identifying an ill-defined, invasive mass indicative of a glioma tumor.",19,"A brain MRI demonstrating an ill-defined, invasive mass indicative of a glioma tumor.",19,"A brain MRI demonstrating an ill-defined, invasive mass indicative of a glioma tumor.",19,"Brain MRI demonstrates an ill-defined, invasive mass indicative of a glioma tumor.",18,"An ill-defined, invasive mass consistent with a glioma tumor.",15,A brain MRI showing a glioma tumor.,10,0.9931697845458984,1.0,0.9955044984817505,0.8825925588607788,0.8292040824890137,0.9712339043617249
1852.png,A brain MRI displaying an infiltrative mass with indistinct margins suggestive of a glioma tumor.,20,A brain MRI demonstrating an infiltrative mass with indistinct margins suggestive of a glioma tumor.,20,A brain MRI demonstrating an infiltrative mass with indistinct margins suggestive of a glioma tumor.,20,Brain MRI demonstrates an infiltrative mass with indistinct margins suggestive of a glioma tumor.,19,An infiltrative mass with indistinct margins consistent with a glioma tumor.,16,A brain MRI showing a glioma tumor.,10,0.9983808994293213,1.0000001192092896,0.9953278303146362,0.8810645341873169,0.7525504231452942,0.9385637044906616
1853.png,"A medical brain MRI scan detecting an irregular, invasive mass indicative of a glioma tumor.",19,"A medical brain MRI scan demonstrating an irregular, invasive mass indicative of a glioma tumor.",19,"A brain MRI demonstrating an irregular, invasive mass indicative of a glioma tumor.",17,"Brain MRI demonstrates an irregular, invasive mass indicative of a glioma tumor.",16,"An irregular, invasive mass consistent with a glioma tumor.",13,A brain MRI showing a glioma tumor.,10,0.9885545372962952,0.9938028454780579,0.9950653314590454,0.8516822457313538,0.8062642812728882,0.9759514927864075
1858.png,"A brain imaging study revealing an irregularly shaped, invasive mass likely representing a glioma tumor.",20,"A brain imaging study demonstrating an irregularly shaped, invasive mass likely representing a glioma tumor.",20,"A brain MRI demonstrating an irregularly shaped, invasive mass likely representing a glioma tumor.",19,"Brain MRI demonstrates an irregularly shaped, invasive mass likely representing a glioma tumor.",18,"An irregularly shaped, invasive mass consistent with a glioma tumor.",15,A brain MRI showing a glioma tumor.,10,0.9963610172271729,0.9560011625289917,0.9950098991394043,0.8622744083404541,0.8239091038703918,0.9191939830780029
1863.png,"A medical brain MRI scan detecting an irregular, invasive mass indicative of a glioma tumor.",19,"A medical brain MRI scan demonstrating an irregular, invasive mass indicative of a glioma tumor.",19,"A brain MRI demonstrating an irregular, invasive mass indicative of a glioma tumor.",17,"Brain MRI demonstrates an irregular, invasive mass indicative of a glioma tumor.",16,"An irregular, invasive mass consistent with a glioma tumor.",13,A brain MRI showing a glioma tumor.,10,0.9885545372962952,0.9938028454780579,0.9950653314590454,0.8516822457313538,0.8062642812728882,0.9759514927864075
1869.png,"A brain MRI revealing a heterogeneous, irregular mass potentially indicative of a glioma tumor.",18,"A brain MRI demonstrating a heterogeneous, irregular mass potentially indicative of a glioma tumor.",18,"A brain MRI demonstrating a heterogeneous, irregular mass potentially indicative of a glioma tumor.",18,"Brain MRI demonstrates a heterogeneous, irregular mass potentially indicative of a glioma tumor.",17,"A heterogeneous, irregular mass consistent with a glioma tumor.",13,A brain MRI showing a glioma tumor.,10,0.9967575073242188,1.000000238418579,0.995245635509491,0.8829152584075928,0.8366445302963257,0.9641460180282593
1879.png,"A brain MRI identifying a poorly defined, infiltrative mass suggestive of a glioma tumor.",18,"A brain MRI demonstrating a poorly defined, infiltrative mass suggestive of a glioma tumor.",18,"A brain MRI demonstrating a poorly defined, infiltrative mass suggestive of a glioma tumor.",18,"Brain MRI demonstrates a poorly defined, infiltrative mass suggestive of a glioma tumor.",17,"A poorly defined, infiltrative mass consistent with a glioma tumor.",14,A brain MRI showing a glioma tumor.,10,0.996615469455719,0.9999999403953552,0.9948915243148804,0.9086366891860962,0.8437063097953796,0.9536730051040649
1880.png,"A brain imaging study revealing an irregularly shaped, invasive mass likely representing a glioma tumor.",20,"A brain imaging study demonstrating an irregularly shaped, invasive mass likely representing a glioma tumor.",20,"A brain MRI demonstrating an irregularly shaped, invasive mass likely representing a glioma tumor.",19,"Brain MRI demonstrates an irregularly shaped, invasive mass likely representing a glioma tumor.",18,"An irregularly shaped, invasive mass consistent with a glioma tumor.",15,A brain MRI showing a glioma tumor.,10,0.9963610172271729,0.9560011625289917,0.9950098991394043,0.8622744083404541,0.8239091038703918,0.9191939830780029
1882.png,"A brain imaging study showing an irregular, invasive mass potentially indicating a glioma tumor.",18,"A brain imaging study demonstrating an irregular, invasive mass potentially indicating a glioma tumor.",18,"A brain MRI demonstrating an irregular, invasive mass potentially indicating a glioma tumor.",17,"Brain MRI demonstrates an irregular, invasive mass potentially indicating a glioma tumor.",16,"An irregular, invasive mass consistent with a glioma tumor.",13,A brain MRI showing a glioma tumor.,10,0.9978046417236328,0.9571695327758789,0.9951076507568359,0.8475976586341858,0.8062642812728882,0.9258587956428528
1886.png,A brain MRI displaying an infiltrative mass with indistinct margins suggestive of a glioma tumor.,20,A brain MRI demonstrating an infiltrative mass with indistinct margins suggestive of a glioma tumor.,20,A brain MRI demonstrating an infiltrative mass with indistinct margins suggestive of a glioma tumor.,20,Brain MRI demonstrates an infiltrative mass with indistinct margins suggestive of a glioma tumor.,19,An infiltrative mass with indistinct margins consistent with a glioma tumor.,16,A brain MRI showing a glioma tumor.,10,0.9983808994293213,1.0000001192092896,0.9953278303146362,0.8810645341873169,0.7525504231452942,0.9385637044906616
1890.png,"A medical brain MRI scan showing an irregular, infiltrative mass suggestive of a glioma tumor.",19,"A medical brain MRI scan demonstrating an irregular, infiltrative mass suggestive of a glioma tumor.",19,"A brain MRI demonstrating an irregular, infiltrative mass suggestive of a glioma tumor.",17,"Brain MRI demonstrates an irregular, infiltrative mass suggestive of a glioma tumor.",16,"An irregular, infiltrative mass consistent with a glioma tumor.",13,A brain MRI showing a glioma tumor.,10,0.997847318649292,0.9946885108947754,0.9966006278991699,0.8614218831062317,0.7975804805755615,0.9554029107093811
1894.png,"A brain MRI revealing a poorly circumscribed, irregular mass suggestive of a glioma tumor.",18,"A brain MRI demonstrating a poorly circumscribed, irregular mass suggestive of a glioma tumor.",18,"A brain MRI demonstrating a poorly circumscribed, irregular mass suggestive of a glioma tumor.",18,"Brain MRI demonstrates a poorly circumscribed, irregular mass suggestive of a glioma tumor.",17,"A poorly circumscribed, irregular mass consistent with a glioma tumor.",14,A brain MRI showing a glioma tumor.,10,0.9962424039840698,0.9999998807907104,0.9926303625106812,0.8642229437828064,0.7990030646324158,0.9713317155838013
1900.png,"A brain imaging study showing an irregular, invasive mass potentially indicating a glioma tumor.",18,"A brain imaging study demonstrating an irregular, invasive mass potentially indicating a glioma tumor.",18,"A brain MRI demonstrating an irregular, invasive mass potentially indicating a glioma tumor.",17,"Brain MRI demonstrates an irregular, invasive mass potentially indicating a glioma tumor.",16,"An irregular, invasive mass consistent with a glioma tumor.",13,A brain MRI showing a glioma tumor.,10,0.9978046417236328,0.9571695327758789,0.9951076507568359,0.8475976586341858,0.8062642812728882,0.9258587956428528
1901.png,"A brain MRI identifying a poorly defined, infiltrative mass suggestive of a glioma tumor.",18,"A brain MRI demonstrating a poorly defined, infiltrative mass suggestive of a glioma tumor.",18,"A brain MRI demonstrating a poorly defined, infiltrative mass suggestive of a glioma tumor.",18,"Brain MRI demonstrates a poorly defined, infiltrative mass suggestive of a glioma tumor.",17,"A poorly defined, infiltrative mass consistent with a glioma tumor.",14,A brain MRI showing a glioma tumor.,10,0.996615469455719,0.9999999403953552,0.9948915243148804,0.9086366891860962,0.8437063097953796,0.9536730051040649
1902.png,"A brain MRI identifying an ill-defined, invasive mass indicative of a glioma tumor.",19,"A brain MRI demonstrating an ill-defined, invasive mass indicative of a glioma tumor.",19,"A brain MRI demonstrating an ill-defined, invasive mass indicative of a glioma tumor.",19,"Brain MRI demonstrates an ill-defined, invasive mass indicative of a glioma tumor.",18,"An ill-defined, invasive mass consistent with a glioma tumor.",15,A brain MRI showing a glioma tumor.,10,0.9931697845458984,1.0,0.9955044984817505,0.8825925588607788,0.8292040824890137,0.9712339043617249
1910.png,A brain MRI scan showing an infiltrative mass with irregular borders suggestive of a glioma tumor.,19,A brain MRI scan demonstrating an infiltrative mass with irregular borders suggestive of a glioma tumor.,19,A brain MRI demonstrating an infiltrative mass with irregular borders suggestive of a glioma tumor.,18,Brain MRI demonstrates an infiltrative mass with irregular borders suggestive of a glioma tumor.,17,An infiltrative mass with irregular borders consistent with a glioma tumor.,14,A brain MRI showing a glioma tumor.,10,0.9984530806541443,0.9978355765342712,0.996006429195404,0.9067449569702148,0.8578532934188843,0.9657541513442993
1911.png,"A brain MRI displaying a heterogeneous, infiltrative mass indicative of a glioma tumor.",17,"A brain MRI demonstrating a heterogeneous, infiltrative mass indicative of a glioma tumor.",17,"A brain MRI demonstrating a heterogeneous, infiltrative mass indicative of a glioma tumor.",17,"Brain MRI demonstrates a heterogeneous, infiltrative mass indicative of a glioma tumor.",16,"A heterogeneous, infiltrative mass consistent with a glioma tumor.",13,A brain MRI showing a glioma tumor.,10,0.9984531402587891,1.0,0.9961968660354614,0.9154424667358398,0.8475507497787476,0.9588941335678101
1917.png,"A brain imaging study showing an irregular, invasive mass potentially indicating a glioma tumor.",18,"A brain imaging study demonstrating an irregular, invasive mass potentially indicating a glioma tumor.",18,"A brain MRI demonstrating an irregular, invasive mass potentially indicating a glioma tumor.",17,"Brain MRI demonstrates an irregular, invasive mass potentially indicating a glioma tumor.",16,"An irregular, invasive mass consistent with a glioma tumor.",13,A brain MRI showing a glioma tumor.,10,0.9978046417236328,0.9571695327758789,0.9951076507568359,0.8475976586341858,0.8062642812728882,0.9258587956428528
1933.png,"A medical brain MRI scan detecting a diffuse, infiltrative mass suggestive of a glioma tumor.",19,"A medical brain MRI scan demonstrating a diffuse, infiltrative mass suggestive of a glioma tumor.",19,"A brain MRI demonstrating a diffuse, infiltrative mass suggestive of a glioma tumor.",17,"Brain MRI demonstrates a diffuse, infiltrative mass suggestive of a glioma tumor.",16,"A diffuse, infiltrative mass consistent with a glioma tumor.",13,A brain MRI showing a glioma tumor.,10,0.9889812469482422,0.9943569898605347,0.995481014251709,0.8734712600708008,0.7884819507598877,0.9395129680633545
1941.png,"A medical brain MRI scan identifying a diffuse, poorly defined mass suggestive of a glioma tumor.",20,"A medical brain MRI scan demonstrating a diffuse, poorly defined mass suggestive of a glioma tumor.",20,"A brain MRI demonstrating a diffuse, poorly defined mass suggestive of a glioma tumor.",18,"Brain MRI demonstrates a diffuse, poorly defined mass suggestive of a glioma tumor.",17,"A diffuse, poorly defined mass consistent with a glioma tumor.",14,A brain MRI showing a glioma tumor.,10,0.9970033168792725,0.9930731058120728,0.9928464293479919,0.8954007625579834,0.8088327050209045,0.9373908042907715
1949.png,"A medical brain MRI scan showing an infiltrative, irregularly shaped mass suggestive of a glioma tumor.",21,"A medical brain MRI scan demonstrating an infiltrative, irregularly shaped mass suggestive of a glioma tumor.",21,"A brain MRI demonstrating an infiltrative, irregularly shaped mass suggestive of a glioma tumor.",19,"Brain MRI demonstrates an infiltrative, irregularly shaped mass suggestive of a glioma tumor.",18,"An infiltrative, irregularly shaped mass consistent with a glioma tumor.",15,A brain MRI showing a glioma tumor.,10,0.997055172920227,0.994621753692627,0.9961212873458862,0.8729239702224731,0.8236189484596252,0.9646428227424622
1950.png,A brain imaging scan showing an infiltrative mass with irregular borders indicative of a glioma tumor.,19,A brain imaging scan demonstrating an infiltrative mass with irregular borders indicative of a glioma tumor.,19,A brain MRI demonstrating an infiltrative mass with irregular borders indicative of a glioma tumor.,18,Brain MRI demonstrates an infiltrative mass with irregular borders indicative of a glioma tumor.,17,An infiltrative mass with irregular borders consistent with a glioma tumor.,14,A brain MRI showing a glioma tumor.,10,0.998416006565094,0.9788179397583008,0.9957171082496643,0.9109151363372803,0.8578532934188843,0.9478741884231567
1951.png,A brain imaging scan showing an infiltrative mass with irregular borders indicative of a glioma tumor.,19,A brain imaging scan demonstrating an infiltrative mass with irregular borders indicative of a glioma tumor.,19,A brain MRI demonstrating an infiltrative mass with irregular borders indicative of a glioma tumor.,18,Brain MRI demonstrates an infiltrative mass with irregular borders indicative of a glioma tumor.,17,An infiltrative mass with irregular borders consistent with a glioma tumor.,14,A brain MRI showing a glioma tumor.,10,0.998416006565094,0.9788179397583008,0.9957171082496643,0.9109151363372803,0.8578532934188843,0.9478741884231567
1955.png,"A brain imaging scan showing a diffuse, irregular mass suggestive of a glioma tumor.",18,"A brain imaging scan demonstrating a diffuse, irregular mass suggestive of a glioma tumor.",18,"A brain MRI demonstrating a diffuse, irregular mass suggestive of a glioma tumor.",17,"Brain MRI demonstrates a diffuse, irregular mass suggestive of a glioma tumor.",16,"A diffuse, irregular mass consistent with a glioma tumor.",13,A brain MRI showing a glioma tumor.,10,0.9967684149742126,0.9674843549728394,0.9952623248100281,0.8388776779174805,0.7620322108268738,0.9107054471969604
1957.png,"A brain MRI revealing a heterogeneous, irregular mass potentially indicative of a glioma tumor.",18,"A brain MRI demonstrating a heterogeneous, irregular mass potentially indicative of a glioma tumor.",18,"A brain MRI demonstrating a heterogeneous, irregular mass potentially indicative of a glioma tumor.",18,"Brain MRI demonstrates a heterogeneous, irregular mass potentially indicative of a glioma tumor.",17,"A heterogeneous, irregular mass consistent with a glioma tumor.",13,A brain MRI showing a glioma tumor.,10,0.9967575073242188,1.000000238418579,0.995245635509491,0.8829152584075928,0.8366445302963257,0.9641460180282593
1978.png,"A brain MRI revealing a poorly circumscribed, irregular mass suggestive of a glioma tumor.",18,"A brain MRI demonstrating a poorly circumscribed, irregular mass suggestive of a glioma tumor.",18,"A brain MRI demonstrating a poorly circumscribed, irregular mass suggestive of a glioma tumor.",18,"Brain MRI demonstrates a poorly circumscribed, irregular mass suggestive of a glioma tumor.",17,"A poorly circumscribed, irregular mass consistent with a glioma tumor.",14,A brain MRI showing a glioma tumor.,10,0.9962424039840698,0.9999998807907104,0.9926303625106812,0.8642229437828064,0.7990030646324158,0.9713317155838013
1981.png,"A brain imaging study revealing an irregularly shaped, invasive mass likely representing a glioma tumor.",20,"A brain imaging study demonstrating an irregularly shaped, invasive mass likely representing a glioma tumor.",20,"A brain MRI demonstrating an irregularly shaped, invasive mass likely representing a glioma tumor.",19,"Brain MRI demonstrates an irregularly shaped, invasive mass likely representing a glioma tumor.",18,"An irregularly shaped, invasive mass consistent with a glioma tumor.",15,A brain MRI showing a glioma tumor.,10,0.9963610172271729,0.9560011625289917,0.9950098991394043,0.8622744083404541,0.8239091038703918,0.9191939830780029
1984.png,"A brain imaging study showing an irregular, invasive mass potentially indicating a glioma tumor.",18,"A brain imaging study demonstrating an irregular, invasive mass potentially indicating a glioma tumor.",18,"A brain MRI demonstrating an irregular, invasive mass potentially indicating a glioma tumor.",17,"Brain MRI demonstrates an irregular, invasive mass potentially indicating a glioma tumor.",16,"An irregular, invasive mass consistent with a glioma tumor.",13,A brain MRI showing a glioma tumor.,10,0.9978046417236328,0.9571695327758789,0.9951076507568359,0.8475976586341858,0.8062642812728882,0.9258587956428528
1986.png,"A medical brain MRI scan detecting a diffuse, infiltrative mass suggestive of a glioma tumor.",19,"A medical brain MRI scan demonstrating a diffuse, infiltrative mass suggestive of a glioma tumor.",19,"A brain MRI demonstrating a diffuse, infiltrative mass suggestive of a glioma tumor.",17,"Brain MRI demonstrates a diffuse, infiltrative mass suggestive of a glioma tumor.",16,"A diffuse, infiltrative mass consistent with a glioma tumor.",13,A brain MRI showing a glioma tumor.,10,0.9889812469482422,0.9943569898605347,0.995481014251709,0.8734712600708008,0.7884819507598877,0.9395129680633545
1988.png,"A brain MRI displaying a diffuse, poorly defined mass indicative of a glioma tumor.",18,"A brain MRI demonstrating a diffuse, poorly defined mass indicative of a glioma tumor.",18,"A brain MRI demonstrating a diffuse, poorly defined mass indicative of a glioma tumor.",18,"Brain MRI demonstrates a diffuse, poorly defined mass indicative of a glioma tumor.",17,"A diffuse, poorly defined mass consistent with a glioma tumor.",14,A brain MRI showing a glioma tumor.,10,0.9973365068435669,1.0000001192092896,0.9940112233161926,0.8953016400337219,0.8088327050209045,0.9422645568847656
2002.png,"A brain MRI displaying a heterogeneous, infiltrative mass indicative of a glioma tumor.",17,"A brain MRI demonstrating a heterogeneous, infiltrative mass indicative of a glioma tumor.",17,"A brain MRI demonstrating a heterogeneous, infiltrative mass indicative of a glioma tumor.",17,"Brain MRI demonstrates a heterogeneous, infiltrative mass indicative of a glioma tumor.",16,"A heterogeneous, infiltrative mass consistent with a glioma tumor.",13,A brain MRI showing a glioma tumor.,10,0.9984531402587891,1.0,0.9961968660354614,0.9154424667358398,0.8475507497787476,0.9588941335678101
2003.png,"A brain imaging study revealing a diffuse, infiltrative mass suggestive of a glioma tumor.",18,"A brain imaging study demonstrating a diffuse, infiltrative mass suggestive of a glioma tumor.",18,"A brain MRI demonstrating a diffuse, infiltrative mass suggestive of a glioma tumor.",17,"Brain MRI demonstrates a diffuse, infiltrative mass suggestive of a glioma tumor.",16,"A diffuse, infiltrative mass consistent with a glioma tumor.",13,A brain MRI showing a glioma tumor.,10,0.9943498969078064,0.9650514125823975,0.995481014251709,0.8734712600708008,0.7884819507598877,0.9090080857276917
2006.png,A brain MRI scan showing an infiltrative mass with irregular borders suggestive of a glioma tumor.,19,A brain MRI scan demonstrating an infiltrative mass with irregular borders suggestive of a glioma tumor.,19,A brain MRI demonstrating an infiltrative mass with irregular borders suggestive of a glioma tumor.,18,Brain MRI demonstrates an infiltrative mass with irregular borders suggestive of a glioma tumor.,17,An infiltrative mass with irregular borders consistent with a glioma tumor.,14,A brain MRI showing a glioma tumor.,10,0.9984530806541443,0.9978355765342712,0.996006429195404,0.9067449569702148,0.8578532934188843,0.9657541513442993
2007.png,"A brain imaging study showing an irregular, invasive mass potentially indicating a glioma tumor.",18,"A brain imaging study demonstrating an irregular, invasive mass potentially indicating a glioma tumor.",18,"A brain MRI demonstrating an irregular, invasive mass potentially indicating a glioma tumor.",17,"Brain MRI demonstrates an irregular, invasive mass potentially indicating a glioma tumor.",16,"An irregular, invasive mass consistent with a glioma tumor.",13,A brain MRI showing a glioma tumor.,10,0.9978046417236328,0.9571695327758789,0.9951076507568359,0.8475976586341858,0.8062642812728882,0.9258587956428528
2008.png,"A brain imaging study showing an irregular, invasive mass potentially indicating a glioma tumor.",18,"A brain imaging study demonstrating an irregular, invasive mass potentially indicating a glioma tumor.",18,"A brain MRI demonstrating an irregular, invasive mass potentially indicating a glioma tumor.",17,"Brain MRI demonstrates an irregular, invasive mass potentially indicating a glioma tumor.",16,"An irregular, invasive mass consistent with a glioma tumor.",13,A brain MRI showing a glioma tumor.,10,0.9978046417236328,0.9571695327758789,0.9951076507568359,0.8475976586341858,0.8062642812728882,0.9258587956428528
2009.png,"A brain imaging study showing an irregularly shaped, invasive mass suggestive of a glioma tumor.",20,"A brain imaging study demonstrating an irregularly shaped, invasive mass suggestive of a glioma tumor.",20,"A brain MRI demonstrating an irregularly shaped, invasive mass suggestive of a glioma tumor.",19,"Brain MRI demonstrates an irregularly shaped, invasive mass suggestive of a glioma tumor.",18,"An irregularly shaped, invasive mass consistent with a glioma tumor.",15,A brain MRI showing a glioma tumor.,10,0.9968783855438232,0.9613064527511597,0.9956015348434448,0.8627445101737976,0.8239091038703918,0.941888689994812
2014.png,"A medical brain MRI scan detecting a diffuse, infiltrative mass suggestive of a glioma tumor.",19,"A medical brain MRI scan demonstrating a diffuse, infiltrative mass suggestive of a glioma tumor.",19,"A brain MRI demonstrating a diffuse, infiltrative mass suggestive of a glioma tumor.",17,"Brain MRI demonstrates a diffuse, infiltrative mass suggestive of a glioma tumor.",16,"A diffuse, infiltrative mass consistent with a glioma tumor.",13,A brain MRI showing a glioma tumor.,10,0.9889812469482422,0.9943569898605347,0.995481014251709,0.8734712600708008,0.7884819507598877,0.9395129680633545
2026.png,"A brain MRI identifying a poorly defined, infiltrative mass suggestive of a glioma tumor.",18,"A brain MRI demonstrating a poorly defined, infiltrative mass suggestive of a glioma tumor.",18,"A brain MRI demonstrating a poorly defined, infiltrative mass suggestive of a glioma tumor.",18,"Brain MRI demonstrates a poorly defined, infiltrative mass suggestive of a glioma tumor.",17,"A poorly defined, infiltrative mass consistent with a glioma tumor.",14,A brain MRI showing a glioma tumor.,10,0.996615469455719,0.9999999403953552,0.9948915243148804,0.9086366891860962,0.8437063097953796,0.9536730051040649
2029.png,"A brain imaging scan showing a diffuse, irregular mass suggestive of a glioma tumor.",18,"A brain imaging scan demonstrating a diffuse, irregular mass suggestive of a glioma tumor.",18,"A brain MRI demonstrating a diffuse, irregular mass suggestive of a glioma tumor.",17,"Brain MRI demonstrates a diffuse, irregular mass suggestive of a glioma tumor.",16,"A diffuse, irregular mass consistent with a glioma tumor.",13,A brain MRI showing a glioma tumor.,10,0.9967684149742126,0.9674843549728394,0.9952623248100281,0.8388776779174805,0.7620322108268738,0.9107054471969604
2031.png,"A medical brain MRI scan detecting an irregular, invasive mass indicative of a glioma tumor.",19,"A medical brain MRI scan demonstrating an irregular, invasive mass indicative of a glioma tumor.",19,"A brain MRI demonstrating an irregular, invasive mass indicative of a glioma tumor.",17,"Brain MRI demonstrates an irregular, invasive mass indicative of a glioma tumor.",16,"An irregular, invasive mass consistent with a glioma tumor.",13,A brain MRI showing a glioma tumor.,10,0.9885545372962952,0.9938028454780579,0.9950653314590454,0.8516822457313538,0.8062642812728882,0.9759514927864075
2039.png,A brain MRI displaying an infiltrative mass with indistinct margins suggestive of a glioma tumor.,20,A brain MRI demonstrating an infiltrative mass with indistinct margins suggestive of a glioma tumor.,20,A brain MRI demonstrating an infiltrative mass with indistinct margins suggestive of a glioma tumor.,20,Brain MRI demonstrates an infiltrative mass with indistinct margins suggestive of a glioma tumor.,19,An infiltrative mass with indistinct margins consistent with a glioma tumor.,16,A brain MRI showing a glioma tumor.,10,0.9983808994293213,1.0000001192092896,0.9953278303146362,0.8810645341873169,0.7525504231452942,0.9385637044906616
2055.png,A brain imaging scan showing an infiltrative mass with irregular borders indicative of a glioma tumor.,19,A brain imaging scan demonstrating an infiltrative mass with irregular borders indicative of a glioma tumor.,19,A brain MRI demonstrating an infiltrative mass with irregular borders indicative of a glioma tumor.,18,Brain MRI demonstrates an infiltrative mass with irregular borders indicative of a glioma tumor.,17,An infiltrative mass with irregular borders consistent with a glioma tumor.,14,A brain MRI showing a glioma tumor.,10,0.998416006565094,0.9788179397583008,0.9957171082496643,0.9109151363372803,0.8578532934188843,0.9478741884231567
2062.png,"A brain MRI revealing a heterogeneous, irregular mass potentially indicative of a glioma tumor.",18,"A brain MRI demonstrating a heterogeneous, irregular mass potentially indicative of a glioma tumor.",18,"A brain MRI demonstrating a heterogeneous, irregular mass potentially indicative of a glioma tumor.",18,"Brain MRI demonstrates a heterogeneous, irregular mass potentially indicative of a glioma tumor.",17,"A heterogeneous, irregular mass consistent with a glioma tumor.",13,A brain MRI showing a glioma tumor.,10,0.9967575073242188,1.000000238418579,0.995245635509491,0.8829152584075928,0.8366445302963257,0.9641460180282593
2064.png,"A medical brain MRI scan showing an irregular, infiltrative mass suggestive of a glioma tumor.",19,"A medical brain MRI scan demonstrating an irregular, infiltrative mass suggestive of a glioma tumor.",19,"A brain MRI demonstrating an irregular, infiltrative mass suggestive of a glioma tumor.",17,"Brain MRI demonstrates an irregular, infiltrative mass suggestive of a glioma tumor.",16,"An irregular, infiltrative mass consistent with a glioma tumor.",13,A brain MRI showing a glioma tumor.,10,0.997847318649292,0.9946885108947754,0.9966006278991699,0.8614218831062317,0.7975804805755615,0.9554029107093811
2065.png,"A brain MRI displaying a diffuse, poorly defined mass indicative of a glioma tumor.",18,"A brain MRI demonstrating a diffuse, poorly defined mass indicative of a glioma tumor.",18,"A brain MRI demonstrating a diffuse, poorly defined mass indicative of a glioma tumor.",18,"Brain MRI demonstrates a diffuse, poorly defined mass indicative of a glioma tumor.",17,"A diffuse, poorly defined mass consistent with a glioma tumor.",14,A brain MRI showing a glioma tumor.,10,0.9973365068435669,1.0000001192092896,0.9940112233161926,0.8953016400337219,0.8088327050209045,0.9422645568847656
2066.png,"A brain imaging scan showing a diffuse, irregular mass suggestive of a glioma tumor.",18,"A brain imaging scan demonstrating a diffuse, irregular mass suggestive of a glioma tumor.",18,"A brain MRI demonstrating a diffuse, irregular mass suggestive of a glioma tumor.",17,"Brain MRI demonstrates a diffuse, irregular mass suggestive of a glioma tumor.",16,"A diffuse, irregular mass consistent with a glioma tumor.",13,A brain MRI showing a glioma tumor.,10,0.9967684149742126,0.9674843549728394,0.9952623248100281,0.8388776779174805,0.7620322108268738,0.9107054471969604
2075.png,"A brain MRI displaying a diffuse, poorly defined mass indicative of a glioma tumor.",18,"A brain MRI demonstrating a diffuse, poorly defined mass indicative of a glioma tumor.",18,"A brain MRI demonstrating a diffuse, poorly defined mass indicative of a glioma tumor.",18,"Brain MRI demonstrates a diffuse, poorly defined mass indicative of a glioma tumor.",17,"A diffuse, poorly defined mass consistent with a glioma tumor.",14,A brain MRI showing a glioma tumor.,10,0.9973365068435669,1.0000001192092896,0.9940112233161926,0.8953016400337219,0.8088327050209045,0.9422645568847656
2076.png,"A brain MRI identifying an ill-defined, invasive mass indicative of a glioma tumor.",19,"A brain MRI demonstrating an ill-defined, invasive mass indicative of a glioma tumor.",19,"A brain MRI demonstrating an ill-defined, invasive mass indicative of a glioma tumor.",19,"Brain MRI demonstrates an ill-defined, invasive mass indicative of a glioma tumor.",18,"An ill-defined, invasive mass consistent with a glioma tumor.",15,A brain MRI showing a glioma tumor.,10,0.9931697845458984,1.0,0.9955044984817505,0.8825925588607788,0.8292040824890137,0.9712339043617249
2082.png,"A medical brain MRI scan showing an infiltrative, irregularly shaped mass suggestive of a glioma tumor.",21,"A medical brain MRI scan demonstrating an infiltrative, irregularly shaped mass suggestive of a glioma tumor.",21,"A brain MRI demonstrating an infiltrative, irregularly shaped mass suggestive of a glioma tumor.",19,"Brain MRI demonstrates an infiltrative, irregularly shaped mass suggestive of a glioma tumor.",18,"An infiltrative, irregularly shaped mass consistent with a glioma tumor.",15,A brain MRI showing a glioma tumor.,10,0.997055172920227,0.994621753692627,0.9961212873458862,0.8729239702224731,0.8236189484596252,0.9646428227424622
2108.png,"A brain MRI revealing a heterogeneous, irregular mass potentially indicative of a glioma tumor.",18,"A brain MRI demonstrating a heterogeneous, irregular mass potentially indicative of a glioma tumor.",18,"A brain MRI demonstrating a heterogeneous, irregular mass potentially indicative of a glioma tumor.",18,"Brain MRI demonstrates a heterogeneous, irregular mass potentially indicative of a glioma tumor.",17,"A heterogeneous, irregular mass consistent with a glioma tumor.",13,A brain MRI showing a glioma tumor.,10,0.9967575073242188,1.000000238418579,0.995245635509491,0.8829152584075928,0.8366445302963257,0.9641460180282593
2110.png,"A brain MRI revealing a heterogeneous, irregular mass potentially indicative of a glioma tumor.",18,"A brain MRI demonstrating a heterogeneous, irregular mass potentially indicative of a glioma tumor.",18,"A brain MRI demonstrating a heterogeneous, irregular mass potentially indicative of a glioma tumor.",18,"Brain MRI demonstrates a heterogeneous, irregular mass potentially indicative of a glioma tumor.",17,"A heterogeneous, irregular mass consistent with a glioma tumor.",13,A brain MRI showing a glioma tumor.,10,0.9967575073242188,1.000000238418579,0.995245635509491,0.8829152584075928,0.8366445302963257,0.9641460180282593
2118.png,"A brain MRI revealing a heterogeneous, irregular mass potentially indicative of a glioma tumor.",18,"A brain MRI demonstrating a heterogeneous, irregular mass potentially indicative of a glioma tumor.",18,"A brain MRI demonstrating a heterogeneous, irregular mass potentially indicative of a glioma tumor.",18,"Brain MRI demonstrates a heterogeneous, irregular mass potentially indicative of a glioma tumor.",17,"A heterogeneous, irregular mass consistent with a glioma tumor.",13,A brain MRI showing a glioma tumor.,10,0.9967575073242188,1.000000238418579,0.995245635509491,0.8829152584075928,0.8366445302963257,0.9641460180282593
2127.png,"A medical brain MRI scan detecting an irregular, invasive mass indicative of a glioma tumor.",19,"A medical brain MRI scan demonstrating an irregular, invasive mass indicative of a glioma tumor.",19,"A brain MRI demonstrating an irregular, invasive mass indicative of a glioma tumor.",17,"Brain MRI demonstrates an irregular, invasive mass indicative of a glioma tumor.",16,"An irregular, invasive mass consistent with a glioma tumor.",13,A brain MRI showing a glioma tumor.,10,0.9885545372962952,0.9938028454780579,0.9950653314590454,0.8516822457313538,0.8062642812728882,0.9759514927864075
2136.png,"A brain imaging study showing an irregularly shaped, invasive mass suggestive of a glioma tumor.",20,"A brain imaging study demonstrating an irregularly shaped, invasive mass suggestive of a glioma tumor.",20,"A brain MRI demonstrating an irregularly shaped, invasive mass suggestive of a glioma tumor.",19,"Brain MRI demonstrates an irregularly shaped, invasive mass suggestive of a glioma tumor.",18,"An irregularly shaped, invasive mass consistent with a glioma tumor.",15,A brain MRI showing a glioma tumor.,10,0.9968783855438232,0.9613064527511597,0.9956015348434448,0.8627445101737976,0.8239091038703918,0.941888689994812
2137.png,"A medical brain MRI scan identifying a diffuse, poorly defined mass suggestive of a glioma tumor.",20,"A medical brain MRI scan demonstrating a diffuse, poorly defined mass suggestive of a glioma tumor.",20,"A brain MRI demonstrating a diffuse, poorly defined mass suggestive of a glioma tumor.",18,"Brain MRI demonstrates a diffuse, poorly defined mass suggestive of a glioma tumor.",17,"A diffuse, poorly defined mass consistent with a glioma tumor.",14,A brain MRI showing a glioma tumor.,10,0.9970033168792725,0.9930731058120728,0.9928464293479919,0.8954007625579834,0.8088327050209045,0.9373908042907715
2148.png,"A medical brain MRI scan detecting an irregular, invasive mass indicative of a glioma tumor.",19,"A medical brain MRI scan demonstrating an irregular, invasive mass indicative of a glioma tumor.",19,"A brain MRI demonstrating an irregular, invasive mass indicative of a glioma tumor.",17,"Brain MRI demonstrates an irregular, invasive mass indicative of a glioma tumor.",16,"An irregular, invasive mass consistent with a glioma tumor.",13,A brain MRI showing a glioma tumor.,10,0.9885545372962952,0.9938028454780579,0.9950653314590454,0.8516822457313538,0.8062642812728882,0.9759514927864075
2170.png,A brain imaging scan showing an infiltrative mass with irregular borders indicative of a glioma tumor.,19,A brain imaging scan demonstrating an infiltrative mass with irregular borders indicative of a glioma tumor.,19,A brain MRI demonstrating an infiltrative mass with irregular borders indicative of a glioma tumor.,18,Brain MRI demonstrates an infiltrative mass with irregular borders indicative of a glioma tumor.,17,An infiltrative mass with irregular borders consistent with a glioma tumor.,14,A brain MRI showing a glioma tumor.,10,0.998416006565094,0.9788179397583008,0.9957171082496643,0.9109151363372803,0.8578532934188843,0.9478741884231567
2176.png,"A medical brain MRI scan identifying a diffuse, poorly defined mass suggestive of a glioma tumor.",20,"A medical brain MRI scan demonstrating a diffuse, poorly defined mass suggestive of a glioma tumor.",20,"A brain MRI demonstrating a diffuse, poorly defined mass suggestive of a glioma tumor.",18,"Brain MRI demonstrates a diffuse, poorly defined mass suggestive of a glioma tumor.",17,"A diffuse, poorly defined mass consistent with a glioma tumor.",14,A brain MRI showing a glioma tumor.,10,0.9970033168792725,0.9930731058120728,0.9928464293479919,0.8954007625579834,0.8088327050209045,0.9373908042907715
2178.png,"A brain MRI displaying a diffuse, poorly defined mass indicative of a glioma tumor.",18,"A brain MRI demonstrating a diffuse, poorly defined mass indicative of a glioma tumor.",18,"A brain MRI demonstrating a diffuse, poorly defined mass indicative of a glioma tumor.",18,"Brain MRI demonstrates a diffuse, poorly defined mass indicative of a glioma tumor.",17,"A diffuse, poorly defined mass consistent with a glioma tumor.",14,A brain MRI showing a glioma tumor.,10,0.9973365068435669,1.0000001192092896,0.9940112233161926,0.8953016400337219,0.8088327050209045,0.9422645568847656
2182.png,"A brain MRI identifying a poorly defined, infiltrative mass suggestive of a glioma tumor.",18,"A brain MRI demonstrating a poorly defined, infiltrative mass suggestive of a glioma tumor.",18,"A brain MRI demonstrating a poorly defined, infiltrative mass suggestive of a glioma tumor.",18,"Brain MRI demonstrates a poorly defined, infiltrative mass suggestive of a glioma tumor.",17,"A poorly defined, infiltrative mass consistent with a glioma tumor.",14,A brain MRI showing a glioma tumor.,10,0.996615469455719,0.9999999403953552,0.9948915243148804,0.9086366891860962,0.8437063097953796,0.9536730051040649
2188.png,A brain MRI displaying an infiltrative mass with indistinct margins suggestive of a glioma tumor.,20,A brain MRI demonstrating an infiltrative mass with indistinct margins suggestive of a glioma tumor.,20,A brain MRI demonstrating an infiltrative mass with indistinct margins suggestive of a glioma tumor.,20,Brain MRI demonstrates an infiltrative mass with indistinct margins suggestive of a glioma tumor.,19,An infiltrative mass with indistinct margins consistent with a glioma tumor.,16,A brain MRI showing a glioma tumor.,10,0.9983808994293213,1.0000001192092896,0.9953278303146362,0.8810645341873169,0.7525504231452942,0.9385637044906616
2208.png,"A brain imaging scan showing a diffuse, irregular mass suggestive of a glioma tumor.",18,"A brain imaging scan demonstrating a diffuse, irregular mass suggestive of a glioma tumor.",18,"A brain MRI demonstrating a diffuse, irregular mass suggestive of a glioma tumor.",17,"Brain MRI demonstrates a diffuse, irregular mass suggestive of a glioma tumor.",16,"A diffuse, irregular mass consistent with a glioma tumor.",13,A brain MRI showing a glioma tumor.,10,0.9967684149742126,0.9674843549728394,0.9952623248100281,0.8388776779174805,0.7620322108268738,0.9107054471969604
2211.png,"A brain imaging scan showing a poorly marginated, infiltrative mass suggestive of a glioma tumor.",20,"A brain imaging scan demonstrating a poorly marginated, infiltrative mass suggestive of a glioma tumor.",20,"A brain MRI demonstrating a poorly marginated, infiltrative mass suggestive of a glioma tumor.",19,"Brain MRI demonstrates a poorly marginated, infiltrative mass suggestive of a glioma tumor.",18,"A poorly marginated, infiltrative mass consistent with a glioma tumor.",15,A brain MRI showing a glioma tumor.,10,0.9982178807258606,0.9716216325759888,0.9957594871520996,0.8976148366928101,0.8319108486175537,0.9323763847351074
2213.png,"A brain imaging study showing an irregularly shaped, invasive mass suggestive of a glioma tumor.",20,"A brain imaging study demonstrating an irregularly shaped, invasive mass suggestive of a glioma tumor.",20,"A brain MRI demonstrating an irregularly shaped, invasive mass suggestive of a glioma tumor.",19,"Brain MRI demonstrates an irregularly shaped, invasive mass suggestive of a glioma tumor.",18,"An irregularly shaped, invasive mass consistent with a glioma tumor.",15,A brain MRI showing a glioma tumor.,10,0.9968783855438232,0.9613064527511597,0.9956015348434448,0.8627445101737976,0.8239091038703918,0.941888689994812
2214.png,A brain MRI displaying an infiltrative mass with indistinct margins suggestive of a glioma tumor.,20,A brain MRI demonstrating an infiltrative mass with indistinct margins suggestive of a glioma tumor.,20,A brain MRI demonstrating an infiltrative mass with indistinct margins suggestive of a glioma tumor.,20,Brain MRI demonstrates an infiltrative mass with indistinct margins suggestive of a glioma tumor.,19,An infiltrative mass with indistinct margins consistent with a glioma tumor.,16,A brain MRI showing a glioma tumor.,10,0.9983808994293213,1.0000001192092896,0.9953278303146362,0.8810645341873169,0.7525504231452942,0.9385637044906616
2221.png,"A medical brain MRI scan detecting an irregular, invasive mass indicative of a glioma tumor.",19,"A medical brain MRI scan demonstrating an irregular, invasive mass indicative of a glioma tumor.",19,"A brain MRI demonstrating an irregular, invasive mass indicative of a glioma tumor.",17,"Brain MRI demonstrates an irregular, invasive mass indicative of a glioma tumor.",16,"An irregular, invasive mass consistent with a glioma tumor.",13,A brain MRI showing a glioma tumor.,10,0.9885545372962952,0.9938028454780579,0.9950653314590454,0.8516822457313538,0.8062642812728882,0.9759514927864075
2226.png,"A medical brain MRI scan detecting a diffuse, infiltrative mass suggestive of a glioma tumor.",19,"A medical brain MRI scan demonstrating a diffuse, infiltrative mass suggestive of a glioma tumor.",19,"A brain MRI demonstrating a diffuse, infiltrative mass suggestive of a glioma tumor.",17,"Brain MRI demonstrates a diffuse, infiltrative mass suggestive of a glioma tumor.",16,"A diffuse, infiltrative mass consistent with a glioma tumor.",13,A brain MRI showing a glioma tumor.,10,0.9889812469482422,0.9943569898605347,0.995481014251709,0.8734712600708008,0.7884819507598877,0.9395129680633545
2227.png,"A brain imaging study revealing a diffuse, infiltrative mass suggestive of a glioma tumor.",18,"A brain imaging study demonstrating a diffuse, infiltrative mass suggestive of a glioma tumor.",18,"A brain MRI demonstrating a diffuse, infiltrative mass suggestive of a glioma tumor.",17,"Brain MRI demonstrates a diffuse, infiltrative mass suggestive of a glioma tumor.",16,"A diffuse, infiltrative mass consistent with a glioma tumor.",13,A brain MRI showing a glioma tumor.,10,0.9943498969078064,0.9650514125823975,0.995481014251709,0.8734712600708008,0.7884819507598877,0.9090080857276917
2237.png,"A brain MRI identifying an ill-defined, invasive mass indicative of a glioma tumor.",19,"A brain MRI demonstrating an ill-defined, invasive mass indicative of a glioma tumor.",19,"A brain MRI demonstrating an ill-defined, invasive mass indicative of a glioma tumor.",19,"Brain MRI demonstrates an ill-defined, invasive mass indicative of a glioma tumor.",18,"An ill-defined, invasive mass consistent with a glioma tumor.",15,A brain MRI showing a glioma tumor.,10,0.9931697845458984,1.0,0.9955044984817505,0.8825925588607788,0.8292040824890137,0.9712339043617249
2241.png,"A brain MRI displaying a diffuse, poorly defined mass indicative of a glioma tumor.",18,"A brain MRI demonstrating a diffuse, poorly defined mass indicative of a glioma tumor.",18,"A brain MRI demonstrating a diffuse, poorly defined mass indicative of a glioma tumor.",18,"Brain MRI demonstrates a diffuse, poorly defined mass indicative of a glioma tumor.",17,"A diffuse, poorly defined mass consistent with a glioma tumor.",14,A brain MRI showing a glioma tumor.,10,0.9973365068435669,1.0000001192092896,0.9940112233161926,0.8953016400337219,0.8088327050209045,0.9422645568847656
2244.png,"A brain MRI displaying a diffuse, poorly defined mass indicative of a glioma tumor.",18,"A brain MRI demonstrating a diffuse, poorly defined mass indicative of a glioma tumor.",18,"A brain MRI demonstrating a diffuse, poorly defined mass indicative of a glioma tumor.",18,"Brain MRI demonstrates a diffuse, poorly defined mass indicative of a glioma tumor.",17,"A diffuse, poorly defined mass consistent with a glioma tumor.",14,A brain MRI showing a glioma tumor.,10,0.9973365068435669,1.0000001192092896,0.9940112233161926,0.8953016400337219,0.8088327050209045,0.9422645568847656
2245.png,"A brain imaging study revealing an irregularly shaped, invasive mass likely representing a glioma tumor.",20,"A brain imaging study demonstrating an irregularly shaped, invasive mass likely representing a glioma tumor.",20,"A brain MRI demonstrating an irregularly shaped, invasive mass likely representing a glioma tumor.",19,"Brain MRI demonstrates an irregularly shaped, invasive mass likely representing a glioma tumor.",18,"An irregularly shaped, invasive mass consistent with a glioma tumor.",15,A brain MRI showing a glioma tumor.,10,0.9963610172271729,0.9560011625289917,0.9950098991394043,0.8622744083404541,0.8239091038703918,0.9191939830780029
2246.png,"A medical brain MRI scan showing an irregular, infiltrative mass suggestive of a glioma tumor.",19,"A medical brain MRI scan demonstrating an irregular, infiltrative mass suggestive of a glioma tumor.",19,"A brain MRI demonstrating an irregular, infiltrative mass suggestive of a glioma tumor.",17,"Brain MRI demonstrates an irregular, infiltrative mass suggestive of a glioma tumor.",16,"An irregular, infiltrative mass consistent with a glioma tumor.",13,A brain MRI showing a glioma tumor.,10,0.997847318649292,0.9946885108947754,0.9966006278991699,0.8614218831062317,0.7975804805755615,0.9554029107093811
2248.png,"A brain imaging study revealing a diffuse, infiltrative mass suggestive of a glioma tumor.",18,"A brain imaging study demonstrating a diffuse, infiltrative mass suggestive of a glioma tumor.",18,"A brain MRI demonstrating a diffuse, infiltrative mass suggestive of a glioma tumor.",17,"Brain MRI demonstrates a diffuse, infiltrative mass suggestive of a glioma tumor.",16,"A diffuse, infiltrative mass consistent with a glioma tumor.",13,A brain MRI showing a glioma tumor.,10,0.9943498969078064,0.9650514125823975,0.995481014251709,0.8734712600708008,0.7884819507598877,0.9090080857276917
2259.png,"A brain MRI identifying a poorly defined, infiltrative mass suggestive of a glioma tumor.",18,"A brain MRI demonstrating a poorly defined, infiltrative mass suggestive of a glioma tumor.",18,"A brain MRI demonstrating a poorly defined, infiltrative mass suggestive of a glioma tumor.",18,"Brain MRI demonstrates a poorly defined, infiltrative mass suggestive of a glioma tumor.",17,"A poorly defined, infiltrative mass consistent with a glioma tumor.",14,A brain MRI showing a glioma tumor.,10,0.996615469455719,0.9999999403953552,0.9948915243148804,0.9086366891860962,0.8437063097953796,0.9536730051040649
2272.png,A brain imaging scan showing an infiltrative mass with irregular borders indicative of a glioma tumor.,19,A brain imaging scan demonstrating an infiltrative mass with irregular borders indicative of a glioma tumor.,19,A brain MRI demonstrating an infiltrative mass with irregular borders indicative of a glioma tumor.,18,Brain MRI demonstrates an infiltrative mass with irregular borders indicative of a glioma tumor.,17,An infiltrative mass with irregular borders consistent with a glioma tumor.,14,A brain MRI showing a glioma tumor.,10,0.998416006565094,0.9788179397583008,0.9957171082496643,0.9109151363372803,0.8578532934188843,0.9478741884231567
2277.png,"A brain MRI revealing a heterogeneous, irregular mass potentially indicative of a glioma tumor.",18,"A brain MRI demonstrating a heterogeneous, irregular mass potentially indicative of a glioma tumor.",18,"A brain MRI demonstrating a heterogeneous, irregular mass potentially indicative of a glioma tumor.",18,"Brain MRI demonstrates a heterogeneous, irregular mass potentially indicative of a glioma tumor.",17,"A heterogeneous, irregular mass consistent with a glioma tumor.",13,A brain MRI showing a glioma tumor.,10,0.9967575073242188,1.000000238418579,0.995245635509491,0.8829152584075928,0.8366445302963257,0.9641460180282593
2278.png,"A brain MRI displaying a diffuse, poorly defined mass indicative of a glioma tumor.",18,"A brain MRI demonstrating a diffuse, poorly defined mass indicative of a glioma tumor.",18,"A brain MRI demonstrating a diffuse, poorly defined mass indicative of a glioma tumor.",18,"Brain MRI demonstrates a diffuse, poorly defined mass indicative of a glioma tumor.",17,"A diffuse, poorly defined mass consistent with a glioma tumor.",14,A brain MRI showing a glioma tumor.,10,0.9973365068435669,1.0000001192092896,0.9940112233161926,0.8953016400337219,0.8088327050209045,0.9422645568847656
2293.png,"A brain MRI identifying an ill-defined, invasive mass indicative of a glioma tumor.",19,"A brain MRI demonstrating an ill-defined, invasive mass indicative of a glioma tumor.",19,"A brain MRI demonstrating an ill-defined, invasive mass indicative of a glioma tumor.",19,"Brain MRI demonstrates an ill-defined, invasive mass indicative of a glioma tumor.",18,"An ill-defined, invasive mass consistent with a glioma tumor.",15,A brain MRI showing a glioma tumor.,10,0.9931697845458984,1.0,0.9955044984817505,0.8825925588607788,0.8292040824890137,0.9712339043617249
2326.png,"A brain MRI revealing a heterogeneous, irregular mass potentially indicative of a glioma tumor.",18,"A brain MRI demonstrating a heterogeneous, irregular mass potentially indicative of a glioma tumor.",18,"A brain MRI demonstrating a heterogeneous, irregular mass potentially indicative of a glioma tumor.",18,"Brain MRI demonstrates a heterogeneous, irregular mass potentially indicative of a glioma tumor.",17,"A heterogeneous, irregular mass consistent with a glioma tumor.",13,A brain MRI showing a glioma tumor.,10,0.9967575073242188,1.000000238418579,0.995245635509491,0.8829152584075928,0.8366445302963257,0.9641460180282593
2344.png,"A medical brain MRI scan identifying a diffuse, poorly defined mass suggestive of a glioma tumor.",20,"A medical brain MRI scan demonstrating a diffuse, poorly defined mass suggestive of a glioma tumor.",20,"A brain MRI demonstrating a diffuse, poorly defined mass suggestive of a glioma tumor.",18,"Brain MRI demonstrates a diffuse, poorly defined mass suggestive of a glioma tumor.",17,"A diffuse, poorly defined mass consistent with a glioma tumor.",14,A brain MRI showing a glioma tumor.,10,0.9970033168792725,0.9930731058120728,0.9928464293479919,0.8954007625579834,0.8088327050209045,0.9373908042907715
2353.png,"A brain MRI displaying a diffuse, poorly defined mass indicative of a glioma tumor.",18,"A brain MRI demonstrating a diffuse, poorly defined mass indicative of a glioma tumor.",18,"A brain MRI demonstrating a diffuse, poorly defined mass indicative of a glioma tumor.",18,"Brain MRI demonstrates a diffuse, poorly defined mass indicative of a glioma tumor.",17,"A diffuse, poorly defined mass consistent with a glioma tumor.",14,A brain MRI showing a glioma tumor.,10,0.9973365068435669,1.0000001192092896,0.9940112233161926,0.8953016400337219,0.8088327050209045,0.9422645568847656
2364.png,"A medical brain MRI scan identifying a diffuse, poorly defined mass suggestive of a glioma tumor.",20,"A medical brain MRI scan demonstrating a diffuse, poorly defined mass suggestive of a glioma tumor.",20,"A brain MRI demonstrating a diffuse, poorly defined mass suggestive of a glioma tumor.",18,"Brain MRI demonstrates a diffuse, poorly defined mass suggestive of a glioma tumor.",17,"A diffuse, poorly defined mass consistent with a glioma tumor.",14,A brain MRI showing a glioma tumor.,10,0.9970033168792725,0.9930731058120728,0.9928464293479919,0.8954007625579834,0.8088327050209045,0.9373908042907715
2384.png,A brain imaging scan showing an infiltrative mass with irregular borders indicative of a glioma tumor.,19,A brain imaging scan demonstrating an infiltrative mass with irregular borders indicative of a glioma tumor.,19,A brain MRI demonstrating an infiltrative mass with irregular borders indicative of a glioma tumor.,18,Brain MRI demonstrates an infiltrative mass with irregular borders indicative of a glioma tumor.,17,An infiltrative mass with irregular borders consistent with a glioma tumor.,14,A brain MRI showing a glioma tumor.,10,0.998416006565094,0.9788179397583008,0.9957171082496643,0.9109151363372803,0.8578532934188843,0.9478741884231567
2386.png,"A brain MRI revealing a heterogeneous, irregular mass potentially indicative of a glioma tumor.",18,"A brain MRI demonstrating a heterogeneous, irregular mass potentially indicative of a glioma tumor.",18,"A brain MRI demonstrating a heterogeneous, irregular mass potentially indicative of a glioma tumor.",18,"Brain MRI demonstrates a heterogeneous, irregular mass potentially indicative of a glioma tumor.",17,"A heterogeneous, irregular mass consistent with a glioma tumor.",13,A brain MRI showing a glioma tumor.,10,0.9967575073242188,1.000000238418579,0.995245635509491,0.8829152584075928,0.8366445302963257,0.9641460180282593
2388.png,"A medical brain MRI scan identifying a diffuse, poorly defined mass suggestive of a glioma tumor.",20,"A medical brain MRI scan demonstrating a diffuse, poorly defined mass suggestive of a glioma tumor.",20,"A brain MRI demonstrating a diffuse, poorly defined mass suggestive of a glioma tumor.",18,"Brain MRI demonstrates a diffuse, poorly defined mass suggestive of a glioma tumor.",17,"A diffuse, poorly defined mass consistent with a glioma tumor.",14,A brain MRI showing a glioma tumor.,10,0.9970033168792725,0.9930731058120728,0.9928464293479919,0.8954007625579834,0.8088327050209045,0.9373908042907715
2389.png,"A brain imaging study revealing a diffuse, infiltrative mass suggestive of a glioma tumor.",18,"A brain imaging study demonstrating a diffuse, infiltrative mass suggestive of a glioma tumor.",18,"A brain MRI demonstrating a diffuse, infiltrative mass suggestive of a glioma tumor.",17,"Brain MRI demonstrates a diffuse, infiltrative mass suggestive of a glioma tumor.",16,"A diffuse, infiltrative mass consistent with a glioma tumor.",13,A brain MRI showing a glioma tumor.,10,0.9943498969078064,0.9650514125823975,0.995481014251709,0.8734712600708008,0.7884819507598877,0.9090080857276917
2392.png,"A brain MRI revealing a poorly circumscribed, irregular mass suggestive of a glioma tumor.",18,"A brain MRI demonstrating a poorly circumscribed, irregular mass suggestive of a glioma tumor.",18,"A brain MRI demonstrating a poorly circumscribed, irregular mass suggestive of a glioma tumor.",18,"Brain MRI demonstrates a poorly circumscribed, irregular mass suggestive of a glioma tumor.",17,"A poorly circumscribed, irregular mass consistent with a glioma tumor.",14,A brain MRI showing a glioma tumor.,10,0.9962424039840698,0.9999998807907104,0.9926303625106812,0.8642229437828064,0.7990030646324158,0.9713317155838013
2395.png,"A brain imaging study revealing a diffuse, infiltrative mass suggestive of a glioma tumor.",18,"A brain imaging study demonstrating a diffuse, infiltrative mass suggestive of a glioma tumor.",18,"A brain MRI demonstrating a diffuse, infiltrative mass suggestive of a glioma tumor.",17,"Brain MRI demonstrates a diffuse, infiltrative mass suggestive of a glioma tumor.",16,"A diffuse, infiltrative mass consistent with a glioma tumor.",13,A brain MRI showing a glioma tumor.,10,0.9943498969078064,0.9650514125823975,0.995481014251709,0.8734712600708008,0.7884819507598877,0.9090080857276917
2399.png,A brain MRI displaying an infiltrative mass with indistinct margins suggestive of a glioma tumor.,20,A brain MRI demonstrating an infiltrative mass with indistinct margins suggestive of a glioma tumor.,20,A brain MRI demonstrating an infiltrative mass with indistinct margins suggestive of a glioma tumor.,20,Brain MRI demonstrates an infiltrative mass with indistinct margins suggestive of a glioma tumor.,19,An infiltrative mass with indistinct margins consistent with a glioma tumor.,16,A brain MRI showing a glioma tumor.,10,0.9983808994293213,1.0000001192092896,0.9953278303146362,0.8810645341873169,0.7525504231452942,0.9385637044906616
2400.png,"A medical brain MRI scan detecting a diffuse, infiltrative mass suggestive of a glioma tumor.",19,"A medical brain MRI scan demonstrating a diffuse, infiltrative mass suggestive of a glioma tumor.",19,"A brain MRI demonstrating a diffuse, infiltrative mass suggestive of a glioma tumor.",17,"Brain MRI demonstrates a diffuse, infiltrative mass suggestive of a glioma tumor.",16,"A diffuse, infiltrative mass consistent with a glioma tumor.",13,A brain MRI showing a glioma tumor.,10,0.9889812469482422,0.9943569898605347,0.995481014251709,0.8734712600708008,0.7884819507598877,0.9395129680633545
2401.png,A brain MRI revealing an infiltrative mass with indistinct margins potentially indicative of a glioma tumor.,21,A brain MRI demonstrating an infiltrative mass with indistinct margins potentially indicative of a glioma tumor.,21,A brain MRI demonstrating an infiltrative mass with indistinct margins potentially indicative of a glioma tumor.,21,Brain MRI demonstrates an infiltrative mass with indistinct margins potentially indicative of a glioma tumor.,20,An infiltrative mass with indistinct margins consistent with a glioma tumor.,16,A brain MRI showing a glioma tumor.,10,0.9972769618034363,1.0000001192092896,0.9967362880706787,0.8804469108581543,0.7525504231452942,0.9363240599632263
2406.png,"A brain imaging scan showing a diffuse, irregular mass suggestive of a glioma tumor.",18,"A brain imaging scan demonstrating a diffuse, irregular mass suggestive of a glioma tumor.",18,"A brain MRI demonstrating a diffuse, irregular mass suggestive of a glioma tumor.",17,"Brain MRI demonstrates a diffuse, irregular mass suggestive of a glioma tumor.",16,"A diffuse, irregular mass consistent with a glioma tumor.",13,A brain MRI showing a glioma tumor.,10,0.9967684149742126,0.9674843549728394,0.9952623248100281,0.8388776779174805,0.7620322108268738,0.9107054471969604
2423.png,"A brain imaging study revealing an irregularly shaped, invasive mass likely representing a glioma tumor.",20,"A brain imaging study demonstrating an irregularly shaped, invasive mass likely representing a glioma tumor.",20,"A brain MRI demonstrating an irregularly shaped, invasive mass likely representing a glioma tumor.",19,"Brain MRI demonstrates an irregularly shaped, invasive mass likely representing a glioma tumor.",18,"An irregularly shaped, invasive mass consistent with a glioma tumor.",15,A brain MRI showing a glioma tumor.,10,0.9963610172271729,0.9560011625289917,0.9950098991394043,0.8622744083404541,0.8239091038703918,0.9191939830780029
2424.png,"A brain MRI displaying a heterogeneous, infiltrative mass indicative of a glioma tumor.",17,"A brain MRI demonstrating a heterogeneous, infiltrative mass indicative of a glioma tumor.",17,"A brain MRI demonstrating a heterogeneous, infiltrative mass indicative of a glioma tumor.",17,"Brain MRI demonstrates a heterogeneous, infiltrative mass indicative of a glioma tumor.",16,"A heterogeneous, infiltrative mass consistent with a glioma tumor.",13,A brain MRI showing a glioma tumor.,10,0.9984531402587891,1.0,0.9961968660354614,0.9154424667358398,0.8475507497787476,0.9588941335678101
2430.png,"A medical brain MRI scan identifying a diffuse, poorly defined mass suggestive of a glioma tumor.",20,"A medical brain MRI scan demonstrating a diffuse, poorly defined mass suggestive of a glioma tumor.",20,"A brain MRI demonstrating a diffuse, poorly defined mass suggestive of a glioma tumor.",18,"Brain MRI demonstrates a diffuse, poorly defined mass suggestive of a glioma tumor.",17,"A diffuse, poorly defined mass consistent with a glioma tumor.",14,A brain MRI showing a glioma tumor.,10,0.9970033168792725,0.9930731058120728,0.9928464293479919,0.8954007625579834,0.8088327050209045,0.9373908042907715
2442.png,A brain MRI scan showing an infiltrative mass with irregular borders suggestive of a glioma tumor.,19,A brain MRI scan demonstrating an infiltrative mass with irregular borders suggestive of a glioma tumor.,19,A brain MRI demonstrating an infiltrative mass with irregular borders suggestive of a glioma tumor.,18,Brain MRI demonstrates an infiltrative mass with irregular borders suggestive of a glioma tumor.,17,An infiltrative mass with irregular borders consistent with a glioma tumor.,14,A brain MRI showing a glioma tumor.,10,0.9984530806541443,0.9978355765342712,0.996006429195404,0.9067449569702148,0.8578532934188843,0.9657541513442993
2459.png,"A medical brain MRI scan identifying a diffuse, poorly defined mass suggestive of a glioma tumor.",20,"A medical brain MRI scan demonstrating a diffuse, poorly defined mass suggestive of a glioma tumor.",20,"A brain MRI demonstrating a diffuse, poorly defined mass suggestive of a glioma tumor.",18,"Brain MRI demonstrates a diffuse, poorly defined mass suggestive of a glioma tumor.",17,"A diffuse, poorly defined mass consistent with a glioma tumor.",14,A brain MRI showing a glioma tumor.,10,0.9970033168792725,0.9930731058120728,0.9928464293479919,0.8954007625579834,0.8088327050209045,0.9373908042907715
2472.png,A brain imaging scan showing an infiltrative mass with irregular borders indicative of a glioma tumor.,19,A brain imaging scan demonstrating an infiltrative mass with irregular borders indicative of a glioma tumor.,19,A brain MRI demonstrating an infiltrative mass with irregular borders indicative of a glioma tumor.,18,Brain MRI demonstrates an infiltrative mass with irregular borders indicative of a glioma tumor.,17,An infiltrative mass with irregular borders consistent with a glioma tumor.,14,A brain MRI showing a glioma tumor.,10,0.998416006565094,0.9788179397583008,0.9957171082496643,0.9109151363372803,0.8578532934188843,0.9478741884231567
2474.png,"A brain imaging study showing an irregular, invasive mass potentially indicating a glioma tumor.",18,"A brain imaging study demonstrating an irregular, invasive mass potentially indicating a glioma tumor.",18,"A brain MRI demonstrating an irregular, invasive mass potentially indicating a glioma tumor.",17,"Brain MRI demonstrates an irregular, invasive mass potentially indicating a glioma tumor.",16,"An irregular, invasive mass consistent with a glioma tumor.",13,A brain MRI showing a glioma tumor.,10,0.9978046417236328,0.9571695327758789,0.9951076507568359,0.8475976586341858,0.8062642812728882,0.9258587956428528
2486.png,"A brain imaging study showing an irregularly shaped, invasive mass suggestive of a glioma tumor.",20,"A brain imaging study demonstrating an irregularly shaped, invasive mass suggestive of a glioma tumor.",20,"A brain MRI demonstrating an irregularly shaped, invasive mass suggestive of a glioma tumor.",19,"Brain MRI demonstrates an irregularly shaped, invasive mass suggestive of a glioma tumor.",18,"An irregularly shaped, invasive mass consistent with a glioma tumor.",15,A brain MRI showing a glioma tumor.,10,0.9968783855438232,0.9613064527511597,0.9956015348434448,0.8627445101737976,0.8239091038703918,0.941888689994812
2489.png,"A brain imaging scan showing a poorly marginated, infiltrative mass suggestive of a glioma tumor.",20,"A brain imaging scan demonstrating a poorly marginated, infiltrative mass suggestive of a glioma tumor.",20,"A brain MRI demonstrating a poorly marginated, infiltrative mass suggestive of a glioma tumor.",19,"Brain MRI demonstrates a poorly marginated, infiltrative mass suggestive of a glioma tumor.",18,"A poorly marginated, infiltrative mass consistent with a glioma tumor.",15,A brain MRI showing a glioma tumor.,10,0.9982178807258606,0.9716216325759888,0.9957594871520996,0.8976148366928101,0.8319108486175537,0.9323763847351074
2503.png,"A brain MRI revealing a poorly circumscribed, irregular mass suggestive of a glioma tumor.",18,"A brain MRI demonstrating a poorly circumscribed, irregular mass suggestive of a glioma tumor.",18,"A brain MRI demonstrating a poorly circumscribed, irregular mass suggestive of a glioma tumor.",18,"Brain MRI demonstrates a poorly circumscribed, irregular mass suggestive of a glioma tumor.",17,"A poorly circumscribed, irregular mass consistent with a glioma tumor.",14,A brain MRI showing a glioma tumor.,10,0.9962424039840698,0.9999998807907104,0.9926303625106812,0.8642229437828064,0.7990030646324158,0.9713317155838013
2504.png,"A medical brain MRI scan detecting a diffuse, infiltrative mass suggestive of a glioma tumor.",19,"A medical brain MRI scan demonstrating a diffuse, infiltrative mass suggestive of a glioma tumor.",19,"A brain MRI demonstrating a diffuse, infiltrative mass suggestive of a glioma tumor.",17,"Brain MRI demonstrates a diffuse, infiltrative mass suggestive of a glioma tumor.",16,"A diffuse, infiltrative mass consistent with a glioma tumor.",13,A brain MRI showing a glioma tumor.,10,0.9889812469482422,0.9943569898605347,0.995481014251709,0.8734712600708008,0.7884819507598877,0.9395129680633545
2511.png,"A brain MRI revealing a poorly circumscribed, irregular mass suggestive of a glioma tumor.",18,"A brain MRI demonstrating a poorly circumscribed, irregular mass suggestive of a glioma tumor.",18,"A brain MRI demonstrating a poorly circumscribed, irregular mass suggestive of a glioma tumor.",18,"Brain MRI demonstrates a poorly circumscribed, irregular mass suggestive of a glioma tumor.",17,"A poorly circumscribed, irregular mass consistent with a glioma tumor.",14,A brain MRI showing a glioma tumor.,10,0.9962424039840698,0.9999998807907104,0.9926303625106812,0.8642229437828064,0.7990030646324158,0.9713317155838013
2520.png,"A brain MRI identifying an ill-defined, invasive mass indicative of a glioma tumor.",19,"A brain MRI demonstrating an ill-defined, invasive mass indicative of a glioma tumor.",19,"A brain MRI demonstrating an ill-defined, invasive mass indicative of a glioma tumor.",19,"Brain MRI demonstrates an ill-defined, invasive mass indicative of a glioma tumor.",18,"An ill-defined, invasive mass consistent with a glioma tumor.",15,A brain MRI showing a glioma tumor.,10,0.9931697845458984,1.0,0.9955044984817505,0.8825925588607788,0.8292040824890137,0.9712339043617249
2522.png,"A brain MRI revealing a heterogeneous, irregular mass potentially indicative of a glioma tumor.",18,"A brain MRI demonstrating a heterogeneous, irregular mass potentially indicative of a glioma tumor.",18,"A brain MRI demonstrating a heterogeneous, irregular mass potentially indicative of a glioma tumor.",18,"Brain MRI demonstrates a heterogeneous, irregular mass potentially indicative of a glioma tumor.",17,"A heterogeneous, irregular mass consistent with a glioma tumor.",13,A brain MRI showing a glioma tumor.,10,0.9967575073242188,1.000000238418579,0.995245635509491,0.8829152584075928,0.8366445302963257,0.9641460180282593
2523.png,A brain imaging scan showing an infiltrative mass with irregular borders indicative of a glioma tumor.,19,A brain imaging scan demonstrating an infiltrative mass with irregular borders indicative of a glioma tumor.,19,A brain MRI demonstrating an infiltrative mass with irregular borders indicative of a glioma tumor.,18,Brain MRI demonstrates an infiltrative mass with irregular borders indicative of a glioma tumor.,17,An infiltrative mass with irregular borders consistent with a glioma tumor.,14,A brain MRI showing a glioma tumor.,10,0.998416006565094,0.9788179397583008,0.9957171082496643,0.9109151363372803,0.8578532934188843,0.9478741884231567
2532.png,"A medical brain MRI scan identifying a diffuse, poorly defined mass suggestive of a glioma tumor.",20,"A medical brain MRI scan demonstrating a diffuse, poorly defined mass suggestive of a glioma tumor.",20,"A brain MRI demonstrating a diffuse, poorly defined mass suggestive of a glioma tumor.",18,"Brain MRI demonstrates a diffuse, poorly defined mass suggestive of a glioma tumor.",17,"A diffuse, poorly defined mass consistent with a glioma tumor.",14,A brain MRI showing a glioma tumor.,10,0.9970033168792725,0.9930731058120728,0.9928464293479919,0.8954007625579834,0.8088327050209045,0.9373908042907715
2533.png,"A medical brain MRI scan detecting a diffuse, infiltrative mass suggestive of a glioma tumor.",19,"A medical brain MRI scan demonstrating a diffuse, infiltrative mass suggestive of a glioma tumor.",19,"A brain MRI demonstrating a diffuse, infiltrative mass suggestive of a glioma tumor.",17,"Brain MRI demonstrates a diffuse, infiltrative mass suggestive of a glioma tumor.",16,"A diffuse, infiltrative mass consistent with a glioma tumor.",13,A brain MRI showing a glioma tumor.,10,0.9889812469482422,0.9943569898605347,0.995481014251709,0.8734712600708008,0.7884819507598877,0.9395129680633545
2537.png,A brain MRI scan showing an infiltrative mass with irregular borders suggestive of a glioma tumor.,19,A brain MRI scan demonstrating an infiltrative mass with irregular borders suggestive of a glioma tumor.,19,A brain MRI demonstrating an infiltrative mass with irregular borders suggestive of a glioma tumor.,18,Brain MRI demonstrates an infiltrative mass with irregular borders suggestive of a glioma tumor.,17,An infiltrative mass with irregular borders consistent with a glioma tumor.,14,A brain MRI showing a glioma tumor.,10,0.9984530806541443,0.9978355765342712,0.996006429195404,0.9067449569702148,0.8578532934188843,0.9657541513442993
2542.png,"A brain MRI revealing a heterogeneous, irregular mass potentially indicative of a glioma tumor.",18,"A brain MRI demonstrating a heterogeneous, irregular mass potentially indicative of a glioma tumor.",18,"A brain MRI demonstrating a heterogeneous, irregular mass potentially indicative of a glioma tumor.",18,"Brain MRI demonstrates a heterogeneous, irregular mass potentially indicative of a glioma tumor.",17,"A heterogeneous, irregular mass consistent with a glioma tumor.",13,A brain MRI showing a glioma tumor.,10,0.9967575073242188,1.000000238418579,0.995245635509491,0.8829152584075928,0.8366445302963257,0.9641460180282593
2545.png,"A brain MRI revealing a heterogeneous, irregular mass potentially indicative of a glioma tumor.",18,"A brain MRI demonstrating a heterogeneous, irregular mass potentially indicative of a glioma tumor.",18,"A brain MRI demonstrating a heterogeneous, irregular mass potentially indicative of a glioma tumor.",18,"Brain MRI demonstrates a heterogeneous, irregular mass potentially indicative of a glioma tumor.",17,"A heterogeneous, irregular mass consistent with a glioma tumor.",13,A brain MRI showing a glioma tumor.,10,0.9967575073242188,1.000000238418579,0.995245635509491,0.8829152584075928,0.8366445302963257,0.9641460180282593
2555.png,"A brain imaging scan showing a poorly marginated, infiltrative mass suggestive of a glioma tumor.",20,"A brain imaging scan demonstrating a poorly marginated, infiltrative mass suggestive of a glioma tumor.",20,"A brain MRI demonstrating a poorly marginated, infiltrative mass suggestive of a glioma tumor.",19,"Brain MRI demonstrates a poorly marginated, infiltrative mass suggestive of a glioma tumor.",18,"A poorly marginated, infiltrative mass consistent with a glioma tumor.",15,A brain MRI showing a glioma tumor.,10,0.9982178807258606,0.9716216325759888,0.9957594871520996,0.8976148366928101,0.8319108486175537,0.9323763847351074
2556.png,"A medical brain MRI scan identifying a diffuse, poorly defined mass suggestive of a glioma tumor.",20,"A medical brain MRI scan demonstrating a diffuse, poorly defined mass suggestive of a glioma tumor.",20,"A brain MRI demonstrating a diffuse, poorly defined mass suggestive of a glioma tumor.",18,"Brain MRI demonstrates a diffuse, poorly defined mass suggestive of a glioma tumor.",17,"A diffuse, poorly defined mass consistent with a glioma tumor.",14,A brain MRI showing a glioma tumor.,10,0.9970033168792725,0.9930731058120728,0.9928464293479919,0.8954007625579834,0.8088327050209045,0.9373908042907715
2557.png,"A brain MRI displaying a diffuse, poorly defined mass indicative of a glioma tumor.",18,"A brain MRI demonstrating a diffuse, poorly defined mass indicative of a glioma tumor.",18,"A brain MRI demonstrating a diffuse, poorly defined mass indicative of a glioma tumor.",18,"Brain MRI demonstrates a diffuse, poorly defined mass indicative of a glioma tumor.",17,"A diffuse, poorly defined mass consistent with a glioma tumor.",14,A brain MRI showing a glioma tumor.,10,0.9973365068435669,1.0000001192092896,0.9940112233161926,0.8953016400337219,0.8088327050209045,0.9422645568847656
2565.png,A brain MRI revealing an infiltrative mass with indistinct margins potentially indicative of a glioma tumor.,21,A brain MRI demonstrating an infiltrative mass with indistinct margins potentially indicative of a glioma tumor.,21,A brain MRI demonstrating an infiltrative mass with indistinct margins potentially indicative of a glioma tumor.,21,Brain MRI demonstrates an infiltrative mass with indistinct margins potentially indicative of a glioma tumor.,20,An infiltrative mass with indistinct margins consistent with a glioma tumor.,16,A brain MRI showing a glioma tumor.,10,0.9972769618034363,1.0000001192092896,0.9967362880706787,0.8804469108581543,0.7525504231452942,0.9363240599632263
2575.png,"A brain imaging study showing an irregular, invasive mass potentially indicating a glioma tumor.",18,"A brain imaging study demonstrating an irregular, invasive mass potentially indicating a glioma tumor.",18,"A brain MRI demonstrating an irregular, invasive mass potentially indicating a glioma tumor.",17,"Brain MRI demonstrates an irregular, invasive mass potentially indicating a glioma tumor.",16,"An irregular, invasive mass consistent with a glioma tumor.",13,A brain MRI showing a glioma tumor.,10,0.9978046417236328,0.9571695327758789,0.9951076507568359,0.8475976586341858,0.8062642812728882,0.9258587956428528
2577.png,"A brain imaging scan showing a diffuse, irregular mass suggestive of a glioma tumor.",18,"A brain imaging scan demonstrating a diffuse, irregular mass suggestive of a glioma tumor.",18,"A brain MRI demonstrating a diffuse, irregular mass suggestive of a glioma tumor.",17,"Brain MRI demonstrates a diffuse, irregular mass suggestive of a glioma tumor.",16,"A diffuse, irregular mass consistent with a glioma tumor.",13,A brain MRI showing a glioma tumor.,10,0.9967684149742126,0.9674843549728394,0.9952623248100281,0.8388776779174805,0.7620322108268738,0.9107054471969604
2581.png,"A brain MRI identifying a poorly defined, infiltrative mass suggestive of a glioma tumor.",18,"A brain MRI demonstrating a poorly defined, infiltrative mass suggestive of a glioma tumor.",18,"A brain MRI demonstrating a poorly defined, infiltrative mass suggestive of a glioma tumor.",18,"Brain MRI demonstrates a poorly defined, infiltrative mass suggestive of a glioma tumor.",17,"A poorly defined, infiltrative mass consistent with a glioma tumor.",14,A brain MRI showing a glioma tumor.,10,0.996615469455719,0.9999999403953552,0.9948915243148804,0.9086366891860962,0.8437063097953796,0.9536730051040649
2582.png,A brain MRI displaying an infiltrative mass with indistinct margins suggestive of a glioma tumor.,20,A brain MRI demonstrating an infiltrative mass with indistinct margins suggestive of a glioma tumor.,20,A brain MRI demonstrating an infiltrative mass with indistinct margins suggestive of a glioma tumor.,20,Brain MRI demonstrates an infiltrative mass with indistinct margins suggestive of a glioma tumor.,19,An infiltrative mass with indistinct margins consistent with a glioma tumor.,16,A brain MRI showing a glioma tumor.,10,0.9983808994293213,1.0000001192092896,0.9953278303146362,0.8810645341873169,0.7525504231452942,0.9385637044906616
2589.png,"A brain imaging scan showing a diffuse, irregular mass suggestive of a glioma tumor.",18,"A brain imaging scan demonstrating a diffuse, irregular mass suggestive of a glioma tumor.",18,"A brain MRI demonstrating a diffuse, irregular mass suggestive of a glioma tumor.",17,"Brain MRI demonstrates a diffuse, irregular mass suggestive of a glioma tumor.",16,"A diffuse, irregular mass consistent with a glioma tumor.",13,A brain MRI showing a glioma tumor.,10,0.9967684149742126,0.9674843549728394,0.9952623248100281,0.8388776779174805,0.7620322108268738,0.9107054471969604
2590.png,"A brain MRI displaying a heterogeneous, infiltrative mass indicative of a glioma tumor.",17,"A brain MRI demonstrating a heterogeneous, infiltrative mass indicative of a glioma tumor.",17,"A brain MRI demonstrating a heterogeneous, infiltrative mass indicative of a glioma tumor.",17,"Brain MRI demonstrates a heterogeneous, infiltrative mass indicative of a glioma tumor.",16,"A heterogeneous, infiltrative mass consistent with a glioma tumor.",13,A brain MRI showing a glioma tumor.,10,0.9984531402587891,1.0,0.9961968660354614,0.9154424667358398,0.8475507497787476,0.9588941335678101
2591.png,A brain MRI displaying an infiltrative mass with indistinct margins suggestive of a glioma tumor.,20,A brain MRI demonstrating an infiltrative mass with indistinct margins suggestive of a glioma tumor.,20,A brain MRI demonstrating an infiltrative mass with indistinct margins suggestive of a glioma tumor.,20,Brain MRI demonstrates an infiltrative mass with indistinct margins suggestive of a glioma tumor.,19,An infiltrative mass with indistinct margins consistent with a glioma tumor.,16,A brain MRI showing a glioma tumor.,10,0.9983808994293213,1.0000001192092896,0.9953278303146362,0.8810645341873169,0.7525504231452942,0.9385637044906616
2592.png,"A brain MRI identifying a poorly defined, infiltrative mass suggestive of a glioma tumor.",18,"A brain MRI demonstrating a poorly defined, infiltrative mass suggestive of a glioma tumor.",18,"A brain MRI demonstrating a poorly defined, infiltrative mass suggestive of a glioma tumor.",18,"Brain MRI demonstrates a poorly defined, infiltrative mass suggestive of a glioma tumor.",17,"A poorly defined, infiltrative mass consistent with a glioma tumor.",14,A brain MRI showing a glioma tumor.,10,0.996615469455719,0.9999999403953552,0.9948915243148804,0.9086366891860962,0.8437063097953796,0.9536730051040649
2593.png,"A brain MRI revealing a poorly circumscribed, irregular mass suggestive of a glioma tumor.",18,"A brain MRI demonstrating a poorly circumscribed, irregular mass suggestive of a glioma tumor.",18,"A brain MRI demonstrating a poorly circumscribed, irregular mass suggestive of a glioma tumor.",18,"Brain MRI demonstrates a poorly circumscribed, irregular mass suggestive of a glioma tumor.",17,"A poorly circumscribed, irregular mass consistent with a glioma tumor.",14,A brain MRI showing a glioma tumor.,10,0.9962424039840698,0.9999998807907104,0.9926303625106812,0.8642229437828064,0.7990030646324158,0.9713317155838013
2594.png,"A brain imaging study showing an irregularly shaped, invasive mass suggestive of a glioma tumor.",20,"A brain imaging study demonstrating an irregularly shaped, invasive mass suggestive of a glioma tumor.",20,"A brain MRI demonstrating an irregularly shaped, invasive mass suggestive of a glioma tumor.",19,"Brain MRI demonstrates an irregularly shaped, invasive mass suggestive of a glioma tumor.",18,"An irregularly shaped, invasive mass consistent with a glioma tumor.",15,A brain MRI showing a glioma tumor.,10,0.9968783855438232,0.9613064527511597,0.9956015348434448,0.8627445101737976,0.8239091038703918,0.941888689994812
2602.png,"A brain MRI identifying a poorly defined, infiltrative mass suggestive of a glioma tumor.",18,"A brain MRI demonstrating a poorly defined, infiltrative mass suggestive of a glioma tumor.",18,"A brain MRI demonstrating a poorly defined, infiltrative mass suggestive of a glioma tumor.",18,"Brain MRI demonstrates a poorly defined, infiltrative mass suggestive of a glioma tumor.",17,"A poorly defined, infiltrative mass consistent with a glioma tumor.",14,A brain MRI showing a glioma tumor.,10,0.996615469455719,0.9999999403953552,0.9948915243148804,0.9086366891860962,0.8437063097953796,0.9536730051040649
2605.png,"A brain imaging study showing an irregular, invasive mass potentially indicating a glioma tumor.",18,"A brain imaging study demonstrating an irregular, invasive mass potentially indicating a glioma tumor.",18,"A brain MRI demonstrating an irregular, invasive mass potentially indicating a glioma tumor.",17,"Brain MRI demonstrates an irregular, invasive mass potentially indicating a glioma tumor.",16,"An irregular, invasive mass consistent with a glioma tumor.",13,A brain MRI showing a glioma tumor.,10,0.9978046417236328,0.9571695327758789,0.9951076507568359,0.8475976586341858,0.8062642812728882,0.9258587956428528
2608.png,A brain MRI revealing an infiltrative mass with indistinct margins potentially indicative of a glioma tumor.,21,A brain MRI demonstrating an infiltrative mass with indistinct margins potentially indicative of a glioma tumor.,21,A brain MRI demonstrating an infiltrative mass with indistinct margins potentially indicative of a glioma tumor.,21,Brain MRI demonstrates an infiltrative mass with indistinct margins potentially indicative of a glioma tumor.,20,An infiltrative mass with indistinct margins consistent with a glioma tumor.,16,A brain MRI showing a glioma tumor.,10,0.9972769618034363,1.0000001192092896,0.9967362880706787,0.8804469108581543,0.7525504231452942,0.9363240599632263
2609.png,"A brain imaging study revealing an irregularly shaped, invasive mass likely representing a glioma tumor.",20,"A brain imaging study demonstrating an irregularly shaped, invasive mass likely representing a glioma tumor.",20,"A brain MRI demonstrating an irregularly shaped, invasive mass likely representing a glioma tumor.",19,"Brain MRI demonstrates an irregularly shaped, invasive mass likely representing a glioma tumor.",18,"An irregularly shaped, invasive mass consistent with a glioma tumor.",15,A brain MRI showing a glioma tumor.,10,0.9963610172271729,0.9560011625289917,0.9950098991394043,0.8622744083404541,0.8239091038703918,0.9191939830780029
2623.png,A brain MRI displaying an infiltrative mass with indistinct margins suggestive of a glioma tumor.,20,A brain MRI demonstrating an infiltrative mass with indistinct margins suggestive of a glioma tumor.,20,A brain MRI demonstrating an infiltrative mass with indistinct margins suggestive of a glioma tumor.,20,Brain MRI demonstrates an infiltrative mass with indistinct margins suggestive of a glioma tumor.,19,An infiltrative mass with indistinct margins consistent with a glioma tumor.,16,A brain MRI showing a glioma tumor.,10,0.9983808994293213,1.0000001192092896,0.9953278303146362,0.8810645341873169,0.7525504231452942,0.9385637044906616
2656.png,"A brain imaging scan showing a diffuse, irregular mass suggestive of a glioma tumor.",18,"A brain imaging scan demonstrating a diffuse, irregular mass suggestive of a glioma tumor.",18,"A brain MRI demonstrating a diffuse, irregular mass suggestive of a glioma tumor.",17,"Brain MRI demonstrates a diffuse, irregular mass suggestive of a glioma tumor.",16,"A diffuse, irregular mass consistent with a glioma tumor.",13,A brain MRI showing a glioma tumor.,10,0.9967684149742126,0.9674843549728394,0.9952623248100281,0.8388776779174805,0.7620322108268738,0.9107054471969604
2660.png,A brain MRI displaying an infiltrative mass with indistinct margins suggestive of a glioma tumor.,20,A brain MRI demonstrating an infiltrative mass with indistinct margins suggestive of a glioma tumor.,20,A brain MRI demonstrating an infiltrative mass with indistinct margins suggestive of a glioma tumor.,20,Brain MRI demonstrates an infiltrative mass with indistinct margins suggestive of a glioma tumor.,19,An infiltrative mass with indistinct margins consistent with a glioma tumor.,16,A brain MRI showing a glioma tumor.,10,0.9983808994293213,1.0000001192092896,0.9953278303146362,0.8810645341873169,0.7525504231452942,0.9385637044906616
2680.png,"A brain MRI revealing a heterogeneous, irregular mass potentially indicative of a glioma tumor.",18,"A brain MRI demonstrating a heterogeneous, irregular mass potentially indicative of a glioma tumor.",18,"A brain MRI demonstrating a heterogeneous, irregular mass potentially indicative of a glioma tumor.",18,"Brain MRI demonstrates a heterogeneous, irregular mass potentially indicative of a glioma tumor.",17,"A heterogeneous, irregular mass consistent with a glioma tumor.",13,A brain MRI showing a glioma tumor.,10,0.9967575073242188,1.000000238418579,0.995245635509491,0.8829152584075928,0.8366445302963257,0.9641460180282593
2685.png,A brain MRI scan showing an infiltrative mass with irregular borders suggestive of a glioma tumor.,19,A brain MRI scan demonstrating an infiltrative mass with irregular borders suggestive of a glioma tumor.,19,A brain MRI demonstrating an infiltrative mass with irregular borders suggestive of a glioma tumor.,18,Brain MRI demonstrates an infiltrative mass with irregular borders suggestive of a glioma tumor.,17,An infiltrative mass with irregular borders consistent with a glioma tumor.,14,A brain MRI showing a glioma tumor.,10,0.9984530806541443,0.9978355765342712,0.996006429195404,0.9067449569702148,0.8578532934188843,0.9657541513442993
2701.png,"A brain MRI revealing a poorly circumscribed, irregular mass suggestive of a glioma tumor.",18,"A brain MRI demonstrating a poorly circumscribed, irregular mass suggestive of a glioma tumor.",18,"A brain MRI demonstrating a poorly circumscribed, irregular mass suggestive of a glioma tumor.",18,"Brain MRI demonstrates a poorly circumscribed, irregular mass suggestive of a glioma tumor.",17,"A poorly circumscribed, irregular mass consistent with a glioma tumor.",14,A brain MRI showing a glioma tumor.,10,0.9962424039840698,0.9999998807907104,0.9926303625106812,0.8642229437828064,0.7990030646324158,0.9713317155838013
2703.png,"A brain imaging study revealing an irregularly shaped, invasive mass likely representing a glioma tumor.",20,"A brain imaging study demonstrating an irregularly shaped, invasive mass likely representing a glioma tumor.",20,"A brain MRI demonstrating an irregularly shaped, invasive mass likely representing a glioma tumor.",19,"Brain MRI demonstrates an irregularly shaped, invasive mass likely representing a glioma tumor.",18,"An irregularly shaped, invasive mass consistent with a glioma tumor.",15,A brain MRI showing a glioma tumor.,10,0.9963610172271729,0.9560011625289917,0.9950098991394043,0.8622744083404541,0.8239091038703918,0.9191939830780029
2705.png,A brain imaging scan showing an infiltrative mass with irregular borders indicative of a glioma tumor.,19,A brain imaging scan demonstrating an infiltrative mass with irregular borders indicative of a glioma tumor.,19,A brain MRI demonstrating an infiltrative mass with irregular borders indicative of a glioma tumor.,18,Brain MRI demonstrates an infiltrative mass with irregular borders indicative of a glioma tumor.,17,An infiltrative mass with irregular borders consistent with a glioma tumor.,14,A brain MRI showing a glioma tumor.,10,0.998416006565094,0.9788179397583008,0.9957171082496643,0.9109151363372803,0.8578532934188843,0.9478741884231567
2706.png,A brain MRI scan showing an infiltrative mass with irregular borders suggestive of a glioma tumor.,19,A brain MRI scan demonstrating an infiltrative mass with irregular borders suggestive of a glioma tumor.,19,A brain MRI demonstrating an infiltrative mass with irregular borders suggestive of a glioma tumor.,18,Brain MRI demonstrates an infiltrative mass with irregular borders suggestive of a glioma tumor.,17,An infiltrative mass with irregular borders consistent with a glioma tumor.,14,A brain MRI showing a glioma tumor.,10,0.9984530806541443,0.9978355765342712,0.996006429195404,0.9067449569702148,0.8578532934188843,0.9657541513442993
2716.png,"A brain MRI revealing a poorly circumscribed, irregular mass suggestive of a glioma tumor.",18,"A brain MRI demonstrating a poorly circumscribed, irregular mass suggestive of a glioma tumor.",18,"A brain MRI demonstrating a poorly circumscribed, irregular mass suggestive of a glioma tumor.",18,"Brain MRI demonstrates a poorly circumscribed, irregular mass suggestive of a glioma tumor.",17,"A poorly circumscribed, irregular mass consistent with a glioma tumor.",14,A brain MRI showing a glioma tumor.,10,0.9962424039840698,0.9999998807907104,0.9926303625106812,0.8642229437828064,0.7990030646324158,0.9713317155838013
2720.png,"A brain imaging study revealing an irregularly shaped, invasive mass likely representing a glioma tumor.",20,"A brain imaging study demonstrating an irregularly shaped, invasive mass likely representing a glioma tumor.",20,"A brain MRI demonstrating an irregularly shaped, invasive mass likely representing a glioma tumor.",19,"Brain MRI demonstrates an irregularly shaped, invasive mass likely representing a glioma tumor.",18,"An irregularly shaped, invasive mass consistent with a glioma tumor.",15,A brain MRI showing a glioma tumor.,10,0.9963610172271729,0.9560011625289917,0.9950098991394043,0.8622744083404541,0.8239091038703918,0.9191939830780029
2721.png,"A brain imaging scan showing a diffuse, irregular mass suggestive of a glioma tumor.",18,"A brain imaging scan demonstrating a diffuse, irregular mass suggestive of a glioma tumor.",18,"A brain MRI demonstrating a diffuse, irregular mass suggestive of a glioma tumor.",17,"Brain MRI demonstrates a diffuse, irregular mass suggestive of a glioma tumor.",16,"A diffuse, irregular mass consistent with a glioma tumor.",13,A brain MRI showing a glioma tumor.,10,0.9967684149742126,0.9674843549728394,0.9952623248100281,0.8388776779174805,0.7620322108268738,0.9107054471969604
2723.png,"A brain MRI displaying a heterogeneous, infiltrative mass indicative of a glioma tumor.",17,"A brain MRI demonstrating a heterogeneous, infiltrative mass indicative of a glioma tumor.",17,"A brain MRI demonstrating a heterogeneous, infiltrative mass indicative of a glioma tumor.",17,"Brain MRI demonstrates a heterogeneous, infiltrative mass indicative of a glioma tumor.",16,"A heterogeneous, infiltrative mass consistent with a glioma tumor.",13,A brain MRI showing a glioma tumor.,10,0.9984531402587891,1.0,0.9961968660354614,0.9154424667358398,0.8475507497787476,0.9588941335678101
2740.png,"A brain MRI revealing a heterogeneous, irregular mass potentially indicative of a glioma tumor.",18,"A brain MRI demonstrating a heterogeneous, irregular mass potentially indicative of a glioma tumor.",18,"A brain MRI demonstrating a heterogeneous, irregular mass potentially indicative of a glioma tumor.",18,"Brain MRI demonstrates a heterogeneous, irregular mass potentially indicative of a glioma tumor.",17,"A heterogeneous, irregular mass consistent with a glioma tumor.",13,A brain MRI showing a glioma tumor.,10,0.9967575073242188,1.000000238418579,0.995245635509491,0.8829152584075928,0.8366445302963257,0.9641460180282593
2752.png,"A brain MRI revealing a heterogeneous, irregular mass potentially indicative of a glioma tumor.",18,"A brain MRI demonstrating a heterogeneous, irregular mass potentially indicative of a glioma tumor.",18,"A brain MRI demonstrating a heterogeneous, irregular mass potentially indicative of a glioma tumor.",18,"Brain MRI demonstrates a heterogeneous, irregular mass potentially indicative of a glioma tumor.",17,"A heterogeneous, irregular mass consistent with a glioma tumor.",13,A brain MRI showing a glioma tumor.,10,0.9967575073242188,1.000000238418579,0.995245635509491,0.8829152584075928,0.8366445302963257,0.9641460180282593
2754.png,"A brain imaging study revealing an irregularly shaped, invasive mass likely representing a glioma tumor.",20,"A brain imaging study demonstrating an irregularly shaped, invasive mass likely representing a glioma tumor.",20,"A brain MRI demonstrating an irregularly shaped, invasive mass likely representing a glioma tumor.",19,"Brain MRI demonstrates an irregularly shaped, invasive mass likely representing a glioma tumor.",18,"An irregularly shaped, invasive mass consistent with a glioma tumor.",15,A brain MRI showing a glioma tumor.,10,0.9963610172271729,0.9560011625289917,0.9950098991394043,0.8622744083404541,0.8239091038703918,0.9191939830780029
2766.png,"A brain MRI identifying a poorly defined, infiltrative mass suggestive of a glioma tumor.",18,"A brain MRI demonstrating a poorly defined, infiltrative mass suggestive of a glioma tumor.",18,"A brain MRI demonstrating a poorly defined, infiltrative mass suggestive of a glioma tumor.",18,"Brain MRI demonstrates a poorly defined, infiltrative mass suggestive of a glioma tumor.",17,"A poorly defined, infiltrative mass consistent with a glioma tumor.",14,A brain MRI showing a glioma tumor.,10,0.996615469455719,0.9999999403953552,0.9948915243148804,0.9086366891860962,0.8437063097953796,0.9536730051040649
2768.png,"A brain MRI identifying an ill-defined, invasive mass indicative of a glioma tumor.",19,"A brain MRI demonstrating an ill-defined, invasive mass indicative of a glioma tumor.",19,"A brain MRI demonstrating an ill-defined, invasive mass indicative of a glioma tumor.",19,"Brain MRI demonstrates an ill-defined, invasive mass indicative of a glioma tumor.",18,"An ill-defined, invasive mass consistent with a glioma tumor.",15,A brain MRI showing a glioma tumor.,10,0.9931697845458984,1.0,0.9955044984817505,0.8825925588607788,0.8292040824890137,0.9712339043617249
2771.png,"A medical brain MRI scan showing an infiltrative, irregularly shaped mass suggestive of a glioma tumor.",21,"A medical brain MRI scan demonstrating an infiltrative, irregularly shaped mass suggestive of a glioma tumor.",21,"A brain MRI demonstrating an infiltrative, irregularly shaped mass suggestive of a glioma tumor.",19,"Brain MRI demonstrates an infiltrative, irregularly shaped mass suggestive of a glioma tumor.",18,"An infiltrative, irregularly shaped mass consistent with a glioma tumor.",15,A brain MRI showing a glioma tumor.,10,0.997055172920227,0.994621753692627,0.9961212873458862,0.8729239702224731,0.8236189484596252,0.9646428227424622
2781.png,"A brain MRI revealing a poorly circumscribed, irregular mass suggestive of a glioma tumor.",18,"A brain MRI demonstrating a poorly circumscribed, irregular mass suggestive of a glioma tumor.",18,"A brain MRI demonstrating a poorly circumscribed, irregular mass suggestive of a glioma tumor.",18,"Brain MRI demonstrates a poorly circumscribed, irregular mass suggestive of a glioma tumor.",17,"A poorly circumscribed, irregular mass consistent with a glioma tumor.",14,A brain MRI showing a glioma tumor.,10,0.9962424039840698,0.9999998807907104,0.9926303625106812,0.8642229437828064,0.7990030646324158,0.9713317155838013
2782.png,"A brain MRI identifying an ill-defined, invasive mass indicative of a glioma tumor.",19,"A brain MRI demonstrating an ill-defined, invasive mass indicative of a glioma tumor.",19,"A brain MRI demonstrating an ill-defined, invasive mass indicative of a glioma tumor.",19,"Brain MRI demonstrates an ill-defined, invasive mass indicative of a glioma tumor.",18,"An ill-defined, invasive mass consistent with a glioma tumor.",15,A brain MRI showing a glioma tumor.,10,0.9931697845458984,1.0,0.9955044984817505,0.8825925588607788,0.8292040824890137,0.9712339043617249
2784.png,A brain MRI displaying an infiltrative mass with indistinct margins suggestive of a glioma tumor.,20,A brain MRI demonstrating an infiltrative mass with indistinct margins suggestive of a glioma tumor.,20,A brain MRI demonstrating an infiltrative mass with indistinct margins suggestive of a glioma tumor.,20,Brain MRI demonstrates an infiltrative mass with indistinct margins suggestive of a glioma tumor.,19,An infiltrative mass with indistinct margins consistent with a glioma tumor.,16,A brain MRI showing a glioma tumor.,10,0.9983808994293213,1.0000001192092896,0.9953278303146362,0.8810645341873169,0.7525504231452942,0.9385637044906616
2787.png,"A brain MRI revealing a poorly circumscribed, irregular mass suggestive of a glioma tumor.",18,"A brain MRI demonstrating a poorly circumscribed, irregular mass suggestive of a glioma tumor.",18,"A brain MRI demonstrating a poorly circumscribed, irregular mass suggestive of a glioma tumor.",18,"Brain MRI demonstrates a poorly circumscribed, irregular mass suggestive of a glioma tumor.",17,"A poorly circumscribed, irregular mass consistent with a glioma tumor.",14,A brain MRI showing a glioma tumor.,10,0.9962424039840698,0.9999998807907104,0.9926303625106812,0.8642229437828064,0.7990030646324158,0.9713317155838013
2794.png,"A brain MRI displaying a diffuse, poorly defined mass indicative of a glioma tumor.",18,"A brain MRI demonstrating a diffuse, poorly defined mass indicative of a glioma tumor.",18,"A brain MRI demonstrating a diffuse, poorly defined mass indicative of a glioma tumor.",18,"Brain MRI demonstrates a diffuse, poorly defined mass indicative of a glioma tumor.",17,"A diffuse, poorly defined mass consistent with a glioma tumor.",14,A brain MRI showing a glioma tumor.,10,0.9973365068435669,1.0000001192092896,0.9940112233161926,0.8953016400337219,0.8088327050209045,0.9422645568847656
2801.png,A brain imaging scan showing an infiltrative mass with irregular borders indicative of a glioma tumor.,19,A brain imaging scan demonstrating an infiltrative mass with irregular borders indicative of a glioma tumor.,19,A brain MRI demonstrating an infiltrative mass with irregular borders indicative of a glioma tumor.,18,Brain MRI demonstrates an infiltrative mass with irregular borders indicative of a glioma tumor.,17,An infiltrative mass with irregular borders consistent with a glioma tumor.,14,A brain MRI showing a glioma tumor.,10,0.998416006565094,0.9788179397583008,0.9957171082496643,0.9109151363372803,0.8578532934188843,0.9478741884231567
2807.png,A brain MRI revealing an infiltrative mass with indistinct margins potentially indicative of a glioma tumor.,21,A brain MRI demonstrating an infiltrative mass with indistinct margins potentially indicative of a glioma tumor.,21,A brain MRI demonstrating an infiltrative mass with indistinct margins potentially indicative of a glioma tumor.,21,Brain MRI demonstrates an infiltrative mass with indistinct margins potentially indicative of a glioma tumor.,20,An infiltrative mass with indistinct margins consistent with a glioma tumor.,16,A brain MRI showing a glioma tumor.,10,0.9972769618034363,1.0000001192092896,0.9967362880706787,0.8804469108581543,0.7525504231452942,0.9363240599632263
2810.png,"A brain MRI displaying a diffuse, poorly defined mass indicative of a glioma tumor.",18,"A brain MRI demonstrating a diffuse, poorly defined mass indicative of a glioma tumor.",18,"A brain MRI demonstrating a diffuse, poorly defined mass indicative of a glioma tumor.",18,"Brain MRI demonstrates a diffuse, poorly defined mass indicative of a glioma tumor.",17,"A diffuse, poorly defined mass consistent with a glioma tumor.",14,A brain MRI showing a glioma tumor.,10,0.9973365068435669,1.0000001192092896,0.9940112233161926,0.8953016400337219,0.8088327050209045,0.9422645568847656
2816.png,"A medical brain MRI scan detecting a diffuse, infiltrative mass suggestive of a glioma tumor.",19,"A medical brain MRI scan demonstrating a diffuse, infiltrative mass suggestive of a glioma tumor.",19,"A brain MRI demonstrating a diffuse, infiltrative mass suggestive of a glioma tumor.",17,"Brain MRI demonstrates a diffuse, infiltrative mass suggestive of a glioma tumor.",16,"A diffuse, infiltrative mass consistent with a glioma tumor.",13,A brain MRI showing a glioma tumor.,10,0.9889812469482422,0.9943569898605347,0.995481014251709,0.8734712600708008,0.7884819507598877,0.9395129680633545
2825.png,"A brain MRI revealing a poorly circumscribed, irregular mass suggestive of a glioma tumor.",18,"A brain MRI demonstrating a poorly circumscribed, irregular mass suggestive of a glioma tumor.",18,"A brain MRI demonstrating a poorly circumscribed, irregular mass suggestive of a glioma tumor.",18,"Brain MRI demonstrates a poorly circumscribed, irregular mass suggestive of a glioma tumor.",17,"A poorly circumscribed, irregular mass consistent with a glioma tumor.",14,A brain MRI showing a glioma tumor.,10,0.9962424039840698,0.9999998807907104,0.9926303625106812,0.8642229437828064,0.7990030646324158,0.9713317155838013
2827.png,"A brain MRI revealing a heterogeneous, irregular mass potentially indicative of a glioma tumor.",18,"A brain MRI demonstrating a heterogeneous, irregular mass potentially indicative of a glioma tumor.",18,"A brain MRI demonstrating a heterogeneous, irregular mass potentially indicative of a glioma tumor.",18,"Brain MRI demonstrates a heterogeneous, irregular mass potentially indicative of a glioma tumor.",17,"A heterogeneous, irregular mass consistent with a glioma tumor.",13,A brain MRI showing a glioma tumor.,10,0.9967575073242188,1.000000238418579,0.995245635509491,0.8829152584075928,0.8366445302963257,0.9641460180282593
2835.png,"A brain imaging study showing an irregular, invasive mass potentially indicating a glioma tumor.",18,"A brain imaging study demonstrating an irregular, invasive mass potentially indicating a glioma tumor.",18,"A brain MRI demonstrating an irregular, invasive mass potentially indicating a glioma tumor.",17,"Brain MRI demonstrates an irregular, invasive mass potentially indicating a glioma tumor.",16,"An irregular, invasive mass consistent with a glioma tumor.",13,A brain MRI showing a glioma tumor.,10,0.9978046417236328,0.9571695327758789,0.9951076507568359,0.8475976586341858,0.8062642812728882,0.9258587956428528
2846.png,"A brain MRI displaying a diffuse, poorly defined mass indicative of a glioma tumor.",18,"A brain MRI demonstrating a diffuse, poorly defined mass indicative of a glioma tumor.",18,"A brain MRI demonstrating a diffuse, poorly defined mass indicative of a glioma tumor.",18,"Brain MRI demonstrates a diffuse, poorly defined mass indicative of a glioma tumor.",17,"A diffuse, poorly defined mass consistent with a glioma tumor.",14,A brain MRI showing a glioma tumor.,10,0.9973365068435669,1.0000001192092896,0.9940112233161926,0.8953016400337219,0.8088327050209045,0.9422645568847656
2866.png,"A brain MRI displaying a heterogeneous, infiltrative mass indicative of a glioma tumor.",17,"A brain MRI demonstrating a heterogeneous, infiltrative mass indicative of a glioma tumor.",17,"A brain MRI demonstrating a heterogeneous, infiltrative mass indicative of a glioma tumor.",17,"Brain MRI demonstrates a heterogeneous, infiltrative mass indicative of a glioma tumor.",16,"A heterogeneous, infiltrative mass consistent with a glioma tumor.",13,A brain MRI showing a glioma tumor.,10,0.9984531402587891,1.0,0.9961968660354614,0.9154424667358398,0.8475507497787476,0.9588941335678101
2871.png,A brain MRI displaying an infiltrative mass with indistinct margins suggestive of a glioma tumor.,20,A brain MRI demonstrating an infiltrative mass with indistinct margins suggestive of a glioma tumor.,20,A brain MRI demonstrating an infiltrative mass with indistinct margins suggestive of a glioma tumor.,20,Brain MRI demonstrates an infiltrative mass with indistinct margins suggestive of a glioma tumor.,19,An infiltrative mass with indistinct margins consistent with a glioma tumor.,16,A brain MRI showing a glioma tumor.,10,0.9983808994293213,1.0000001192092896,0.9953278303146362,0.8810645341873169,0.7525504231452942,0.9385637044906616
2875.png,"A brain imaging scan showing a diffuse, irregular mass suggestive of a glioma tumor.",18,"A brain imaging scan demonstrating a diffuse, irregular mass suggestive of a glioma tumor.",18,"A brain MRI demonstrating a diffuse, irregular mass suggestive of a glioma tumor.",17,"Brain MRI demonstrates a diffuse, irregular mass suggestive of a glioma tumor.",16,"A diffuse, irregular mass consistent with a glioma tumor.",13,A brain MRI showing a glioma tumor.,10,0.9967684149742126,0.9674843549728394,0.9952623248100281,0.8388776779174805,0.7620322108268738,0.9107054471969604
2877.png,"A medical brain MRI scan identifying a diffuse, poorly defined mass suggestive of a glioma tumor.",20,"A medical brain MRI scan demonstrating a diffuse, poorly defined mass suggestive of a glioma tumor.",20,"A brain MRI demonstrating a diffuse, poorly defined mass suggestive of a glioma tumor.",18,"Brain MRI demonstrates a diffuse, poorly defined mass suggestive of a glioma tumor.",17,"A diffuse, poorly defined mass consistent with a glioma tumor.",14,A brain MRI showing a glioma tumor.,10,0.9970033168792725,0.9930731058120728,0.9928464293479919,0.8954007625579834,0.8088327050209045,0.9373908042907715
2878.png,"A brain MRI revealing a poorly circumscribed, irregular mass suggestive of a glioma tumor.",18,"A brain MRI demonstrating a poorly circumscribed, irregular mass suggestive of a glioma tumor.",18,"A brain MRI demonstrating a poorly circumscribed, irregular mass suggestive of a glioma tumor.",18,"Brain MRI demonstrates a poorly circumscribed, irregular mass suggestive of a glioma tumor.",17,"A poorly circumscribed, irregular mass consistent with a glioma tumor.",14,A brain MRI showing a glioma tumor.,10,0.9962424039840698,0.9999998807907104,0.9926303625106812,0.8642229437828064,0.7990030646324158,0.9713317155838013
2882.png,"A brain MRI revealing a poorly circumscribed, irregular mass suggestive of a glioma tumor.",18,"A brain MRI demonstrating a poorly circumscribed, irregular mass suggestive of a glioma tumor.",18,"A brain MRI demonstrating a poorly circumscribed, irregular mass suggestive of a glioma tumor.",18,"Brain MRI demonstrates a poorly circumscribed, irregular mass suggestive of a glioma tumor.",17,"A poorly circumscribed, irregular mass consistent with a glioma tumor.",14,A brain MRI showing a glioma tumor.,10,0.9962424039840698,0.9999998807907104,0.9926303625106812,0.8642229437828064,0.7990030646324158,0.9713317155838013
2883.png,"A brain MRI identifying a poorly defined, infiltrative mass suggestive of a glioma tumor.",18,"A brain MRI demonstrating a poorly defined, infiltrative mass suggestive of a glioma tumor.",18,"A brain MRI demonstrating a poorly defined, infiltrative mass suggestive of a glioma tumor.",18,"Brain MRI demonstrates a poorly defined, infiltrative mass suggestive of a glioma tumor.",17,"A poorly defined, infiltrative mass consistent with a glioma tumor.",14,A brain MRI showing a glioma tumor.,10,0.996615469455719,0.9999999403953552,0.9948915243148804,0.9086366891860962,0.8437063097953796,0.9536730051040649
2884.png,"A brain MRI identifying a poorly defined, infiltrative mass suggestive of a glioma tumor.",18,"A brain MRI demonstrating a poorly defined, infiltrative mass suggestive of a glioma tumor.",18,"A brain MRI demonstrating a poorly defined, infiltrative mass suggestive of a glioma tumor.",18,"Brain MRI demonstrates a poorly defined, infiltrative mass suggestive of a glioma tumor.",17,"A poorly defined, infiltrative mass consistent with a glioma tumor.",14,A brain MRI showing a glioma tumor.,10,0.996615469455719,0.9999999403953552,0.9948915243148804,0.9086366891860962,0.8437063097953796,0.9536730051040649
2885.png,"A medical brain MRI scan identifying a diffuse, poorly defined mass suggestive of a glioma tumor.",20,"A medical brain MRI scan demonstrating a diffuse, poorly defined mass suggestive of a glioma tumor.",20,"A brain MRI demonstrating a diffuse, poorly defined mass suggestive of a glioma tumor.",18,"Brain MRI demonstrates a diffuse, poorly defined mass suggestive of a glioma tumor.",17,"A diffuse, poorly defined mass consistent with a glioma tumor.",14,A brain MRI showing a glioma tumor.,10,0.9970033168792725,0.9930731058120728,0.9928464293479919,0.8954007625579834,0.8088327050209045,0.9373908042907715
2886.png,"A medical brain MRI scan identifying a diffuse, poorly defined mass suggestive of a glioma tumor.",20,"A medical brain MRI scan demonstrating a diffuse, poorly defined mass suggestive of a glioma tumor.",20,"A brain MRI demonstrating a diffuse, poorly defined mass suggestive of a glioma tumor.",18,"Brain MRI demonstrates a diffuse, poorly defined mass suggestive of a glioma tumor.",17,"A diffuse, poorly defined mass consistent with a glioma tumor.",14,A brain MRI showing a glioma tumor.,10,0.9970033168792725,0.9930731058120728,0.9928464293479919,0.8954007625579834,0.8088327050209045,0.9373908042907715
2891.png,"A brain imaging study revealing an irregularly shaped, invasive mass likely representing a glioma tumor.",20,"A brain imaging study demonstrating an irregularly shaped, invasive mass likely representing a glioma tumor.",20,"A brain MRI demonstrating an irregularly shaped, invasive mass likely representing a glioma tumor.",19,"Brain MRI demonstrates an irregularly shaped, invasive mass likely representing a glioma tumor.",18,"An irregularly shaped, invasive mass consistent with a glioma tumor.",15,A brain MRI showing a glioma tumor.,10,0.9963610172271729,0.9560011625289917,0.9950098991394043,0.8622744083404541,0.8239091038703918,0.9191939830780029
2895.png,"A brain imaging study revealing an irregularly shaped, invasive mass likely representing a glioma tumor.",20,"A brain imaging study demonstrating an irregularly shaped, invasive mass likely representing a glioma tumor.",20,"A brain MRI demonstrating an irregularly shaped, invasive mass likely representing a glioma tumor.",19,"Brain MRI demonstrates an irregularly shaped, invasive mass likely representing a glioma tumor.",18,"An irregularly shaped, invasive mass consistent with a glioma tumor.",15,A brain MRI showing a glioma tumor.,10,0.9963610172271729,0.9560011625289917,0.9950098991394043,0.8622744083404541,0.8239091038703918,0.9191939830780029
2897.png,"A brain imaging study showing an irregularly shaped, invasive mass suggestive of a glioma tumor.",20,"A brain imaging study demonstrating an irregularly shaped, invasive mass suggestive of a glioma tumor.",20,"A brain MRI demonstrating an irregularly shaped, invasive mass suggestive of a glioma tumor.",19,"Brain MRI demonstrates an irregularly shaped, invasive mass suggestive of a glioma tumor.",18,"An irregularly shaped, invasive mass consistent with a glioma tumor.",15,A brain MRI showing a glioma tumor.,10,0.9968783855438232,0.9613064527511597,0.9956015348434448,0.8627445101737976,0.8239091038703918,0.941888689994812
2898.png,"A brain MRI displaying a diffuse, poorly defined mass indicative of a glioma tumor.",18,"A brain MRI demonstrating a diffuse, poorly defined mass indicative of a glioma tumor.",18,"A brain MRI demonstrating a diffuse, poorly defined mass indicative of a glioma tumor.",18,"Brain MRI demonstrates a diffuse, poorly defined mass indicative of a glioma tumor.",17,"A diffuse, poorly defined mass consistent with a glioma tumor.",14,A brain MRI showing a glioma tumor.,10,0.9973365068435669,1.0000001192092896,0.9940112233161926,0.8953016400337219,0.8088327050209045,0.9422645568847656
2910.png,"A brain imaging scan showing a diffuse, irregular mass suggestive of a glioma tumor.",18,"A brain imaging scan demonstrating a diffuse, irregular mass suggestive of a glioma tumor.",18,"A brain MRI demonstrating a diffuse, irregular mass suggestive of a glioma tumor.",17,"Brain MRI demonstrates a diffuse, irregular mass suggestive of a glioma tumor.",16,"A diffuse, irregular mass consistent with a glioma tumor.",13,A brain MRI showing a glioma tumor.,10,0.9967684149742126,0.9674843549728394,0.9952623248100281,0.8388776779174805,0.7620322108268738,0.9107054471969604
2912.png,"A brain imaging scan showing a diffuse, irregular mass suggestive of a glioma tumor.",18,"A brain imaging scan demonstrating a diffuse, irregular mass suggestive of a glioma tumor.",18,"A brain MRI demonstrating a diffuse, irregular mass suggestive of a glioma tumor.",17,"Brain MRI demonstrates a diffuse, irregular mass suggestive of a glioma tumor.",16,"A diffuse, irregular mass consistent with a glioma tumor.",13,A brain MRI showing a glioma tumor.,10,0.9967684149742126,0.9674843549728394,0.9952623248100281,0.8388776779174805,0.7620322108268738,0.9107054471969604
2916.png,"A brain MRI revealing a poorly circumscribed, irregular mass suggestive of a glioma tumor.",18,"A brain MRI demonstrating a poorly circumscribed, irregular mass suggestive of a glioma tumor.",18,"A brain MRI demonstrating a poorly circumscribed, irregular mass suggestive of a glioma tumor.",18,"Brain MRI demonstrates a poorly circumscribed, irregular mass suggestive of a glioma tumor.",17,"A poorly circumscribed, irregular mass consistent with a glioma tumor.",14,A brain MRI showing a glioma tumor.,10,0.9962424039840698,0.9999998807907104,0.9926303625106812,0.8642229437828064,0.7990030646324158,0.9713317155838013
2920.png,"A brain imaging scan showing a diffuse, irregular mass suggestive of a glioma tumor.",18,"A brain imaging scan demonstrating a diffuse, irregular mass suggestive of a glioma tumor.",18,"A brain MRI demonstrating a diffuse, irregular mass suggestive of a glioma tumor.",17,"Brain MRI demonstrates a diffuse, irregular mass suggestive of a glioma tumor.",16,"A diffuse, irregular mass consistent with a glioma tumor.",13,A brain MRI showing a glioma tumor.,10,0.9967684149742126,0.9674843549728394,0.9952623248100281,0.8388776779174805,0.7620322108268738,0.9107054471969604
2924.png,"A medical brain MRI scan identifying a diffuse, poorly defined mass suggestive of a glioma tumor.",20,"A medical brain MRI scan demonstrating a diffuse, poorly defined mass suggestive of a glioma tumor.",20,"A brain MRI demonstrating a diffuse, poorly defined mass suggestive of a glioma tumor.",18,"Brain MRI demonstrates a diffuse, poorly defined mass suggestive of a glioma tumor.",17,"A diffuse, poorly defined mass consistent with a glioma tumor.",14,A brain MRI showing a glioma tumor.,10,0.9970033168792725,0.9930731058120728,0.9928464293479919,0.8954007625579834,0.8088327050209045,0.9373908042907715
2927.png,"A medical brain MRI scan detecting an irregular, invasive mass indicative of a glioma tumor.",19,"A medical brain MRI scan demonstrating an irregular, invasive mass indicative of a glioma tumor.",19,"A brain MRI demonstrating an irregular, invasive mass indicative of a glioma tumor.",17,"Brain MRI demonstrates an irregular, invasive mass indicative of a glioma tumor.",16,"An irregular, invasive mass consistent with a glioma tumor.",13,A brain MRI showing a glioma tumor.,10,0.9885545372962952,0.9938028454780579,0.9950653314590454,0.8516822457313538,0.8062642812728882,0.9759514927864075
2933.png,"A medical brain MRI scan identifying a diffuse, poorly defined mass suggestive of a glioma tumor.",20,"A medical brain MRI scan demonstrating a diffuse, poorly defined mass suggestive of a glioma tumor.",20,"A brain MRI demonstrating a diffuse, poorly defined mass suggestive of a glioma tumor.",18,"Brain MRI demonstrates a diffuse, poorly defined mass suggestive of a glioma tumor.",17,"A diffuse, poorly defined mass consistent with a glioma tumor.",14,A brain MRI showing a glioma tumor.,10,0.9970033168792725,0.9930731058120728,0.9928464293479919,0.8954007625579834,0.8088327050209045,0.9373908042907715
2940.png,A brain MRI revealing an infiltrative mass with indistinct margins potentially indicative of a glioma tumor.,21,A brain MRI demonstrating an infiltrative mass with indistinct margins potentially indicative of a glioma tumor.,21,A brain MRI demonstrating an infiltrative mass with indistinct margins potentially indicative of a glioma tumor.,21,Brain MRI demonstrates an infiltrative mass with indistinct margins potentially indicative of a glioma tumor.,20,An infiltrative mass with indistinct margins consistent with a glioma tumor.,16,A brain MRI showing a glioma tumor.,10,0.9972769618034363,1.0000001192092896,0.9967362880706787,0.8804469108581543,0.7525504231452942,0.9363240599632263
2941.png,A brain MRI revealing an infiltrative mass with indistinct margins potentially indicative of a glioma tumor.,21,A brain MRI demonstrating an infiltrative mass with indistinct margins potentially indicative of a glioma tumor.,21,A brain MRI demonstrating an infiltrative mass with indistinct margins potentially indicative of a glioma tumor.,21,Brain MRI demonstrates an infiltrative mass with indistinct margins potentially indicative of a glioma tumor.,20,An infiltrative mass with indistinct margins consistent with a glioma tumor.,16,A brain MRI showing a glioma tumor.,10,0.9972769618034363,1.0000001192092896,0.9967362880706787,0.8804469108581543,0.7525504231452942,0.9363240599632263
2943.png,"A medical brain MRI scan identifying a diffuse, poorly defined mass suggestive of a glioma tumor.",20,"A medical brain MRI scan demonstrating a diffuse, poorly defined mass suggestive of a glioma tumor.",20,"A brain MRI demonstrating a diffuse, poorly defined mass suggestive of a glioma tumor.",18,"Brain MRI demonstrates a diffuse, poorly defined mass suggestive of a glioma tumor.",17,"A diffuse, poorly defined mass consistent with a glioma tumor.",14,A brain MRI showing a glioma tumor.,10,0.9970033168792725,0.9930731058120728,0.9928464293479919,0.8954007625579834,0.8088327050209045,0.9373908042907715
2947.png,"A brain imaging scan showing a poorly marginated, infiltrative mass suggestive of a glioma tumor.",20,"A brain imaging scan demonstrating a poorly marginated, infiltrative mass suggestive of a glioma tumor.",20,"A brain MRI demonstrating a poorly marginated, infiltrative mass suggestive of a glioma tumor.",19,"Brain MRI demonstrates a poorly marginated, infiltrative mass suggestive of a glioma tumor.",18,"A poorly marginated, infiltrative mass consistent with a glioma tumor.",15,A brain MRI showing a glioma tumor.,10,0.9982178807258606,0.9716216325759888,0.9957594871520996,0.8976148366928101,0.8319108486175537,0.9323763847351074
2951.png,"A medical brain MRI scan identifying a diffuse, poorly defined mass suggestive of a glioma tumor.",20,"A medical brain MRI scan demonstrating a diffuse, poorly defined mass suggestive of a glioma tumor.",20,"A brain MRI demonstrating a diffuse, poorly defined mass suggestive of a glioma tumor.",18,"Brain MRI demonstrates a diffuse, poorly defined mass suggestive of a glioma tumor.",17,"A diffuse, poorly defined mass consistent with a glioma tumor.",14,A brain MRI showing a glioma tumor.,10,0.9970033168792725,0.9930731058120728,0.9928464293479919,0.8954007625579834,0.8088327050209045,0.9373908042907715
2955.png,"A medical brain MRI scan detecting an irregular, invasive mass indicative of a glioma tumor.",19,"A medical brain MRI scan demonstrating an irregular, invasive mass indicative of a glioma tumor.",19,"A brain MRI demonstrating an irregular, invasive mass indicative of a glioma tumor.",17,"Brain MRI demonstrates an irregular, invasive mass indicative of a glioma tumor.",16,"An irregular, invasive mass consistent with a glioma tumor.",13,A brain MRI showing a glioma tumor.,10,0.9885545372962952,0.9938028454780579,0.9950653314590454,0.8516822457313538,0.8062642812728882,0.9759514927864075
2957.png,"A brain MRI revealing a heterogeneous, irregular mass potentially indicative of a glioma tumor.",18,"A brain MRI demonstrating a heterogeneous, irregular mass potentially indicative of a glioma tumor.",18,"A brain MRI demonstrating a heterogeneous, irregular mass potentially indicative of a glioma tumor.",18,"Brain MRI demonstrates a heterogeneous, irregular mass potentially indicative of a glioma tumor.",17,"A heterogeneous, irregular mass consistent with a glioma tumor.",13,A brain MRI showing a glioma tumor.,10,0.9967575073242188,1.000000238418579,0.995245635509491,0.8829152584075928,0.8366445302963257,0.9641460180282593
2958.png,"A brain imaging scan showing a diffuse, irregular mass suggestive of a glioma tumor.",18,"A brain imaging scan demonstrating a diffuse, irregular mass suggestive of a glioma tumor.",18,"A brain MRI demonstrating a diffuse, irregular mass suggestive of a glioma tumor.",17,"Brain MRI demonstrates a diffuse, irregular mass suggestive of a glioma tumor.",16,"A diffuse, irregular mass consistent with a glioma tumor.",13,A brain MRI showing a glioma tumor.,10,0.9967684149742126,0.9674843549728394,0.9952623248100281,0.8388776779174805,0.7620322108268738,0.9107054471969604
2959.png,"A brain MRI revealing a heterogeneous, irregular mass potentially indicative of a glioma tumor.",18,"A brain MRI demonstrating a heterogeneous, irregular mass potentially indicative of a glioma tumor.",18,"A brain MRI demonstrating a heterogeneous, irregular mass potentially indicative of a glioma tumor.",18,"Brain MRI demonstrates a heterogeneous, irregular mass potentially indicative of a glioma tumor.",17,"A heterogeneous, irregular mass consistent with a glioma tumor.",13,A brain MRI showing a glioma tumor.,10,0.9967575073242188,1.000000238418579,0.995245635509491,0.8829152584075928,0.8366445302963257,0.9641460180282593
2961.png,"A brain imaging study revealing an irregularly shaped, invasive mass likely representing a glioma tumor.",20,"A brain imaging study demonstrating an irregularly shaped, invasive mass likely representing a glioma tumor.",20,"A brain MRI demonstrating an irregularly shaped, invasive mass likely representing a glioma tumor.",19,"Brain MRI demonstrates an irregularly shaped, invasive mass likely representing a glioma tumor.",18,"An irregularly shaped, invasive mass consistent with a glioma tumor.",15,A brain MRI showing a glioma tumor.,10,0.9963610172271729,0.9560011625289917,0.9950098991394043,0.8622744083404541,0.8239091038703918,0.9191939830780029
2968.png,"A brain MRI identifying a poorly defined, infiltrative mass suggestive of a glioma tumor.",18,"A brain MRI demonstrating a poorly defined, infiltrative mass suggestive of a glioma tumor.",18,"A brain MRI demonstrating a poorly defined, infiltrative mass suggestive of a glioma tumor.",18,"Brain MRI demonstrates a poorly defined, infiltrative mass suggestive of a glioma tumor.",17,"A poorly defined, infiltrative mass consistent with a glioma tumor.",14,A brain MRI showing a glioma tumor.,10,0.996615469455719,0.9999999403953552,0.9948915243148804,0.9086366891860962,0.8437063097953796,0.9536730051040649
2969.png,"A brain imaging study revealing an irregularly shaped, invasive mass likely representing a glioma tumor.",20,"A brain imaging study demonstrating an irregularly shaped, invasive mass likely representing a glioma tumor.",20,"A brain MRI demonstrating an irregularly shaped, invasive mass likely representing a glioma tumor.",19,"Brain MRI demonstrates an irregularly shaped, invasive mass likely representing a glioma tumor.",18,"An irregularly shaped, invasive mass consistent with a glioma tumor.",15,A brain MRI showing a glioma tumor.,10,0.9963610172271729,0.9560011625289917,0.9950098991394043,0.8622744083404541,0.8239091038703918,0.9191939830780029
2977.png,"A brain MRI revealing a poorly circumscribed, irregular mass suggestive of a glioma tumor.",18,"A brain MRI demonstrating a poorly circumscribed, irregular mass suggestive of a glioma tumor.",18,"A brain MRI demonstrating a poorly circumscribed, irregular mass suggestive of a glioma tumor.",18,"Brain MRI demonstrates a poorly circumscribed, irregular mass suggestive of a glioma tumor.",17,"A poorly circumscribed, irregular mass consistent with a glioma tumor.",14,A brain MRI showing a glioma tumor.,10,0.9962424039840698,0.9999998807907104,0.9926303625106812,0.8642229437828064,0.7990030646324158,0.9713317155838013
2978.png,"A brain imaging scan showing a diffuse, irregular mass suggestive of a glioma tumor.",18,"A brain imaging scan demonstrating a diffuse, irregular mass suggestive of a glioma tumor.",18,"A brain MRI demonstrating a diffuse, irregular mass suggestive of a glioma tumor.",17,"Brain MRI demonstrates a diffuse, irregular mass suggestive of a glioma tumor.",16,"A diffuse, irregular mass consistent with a glioma tumor.",13,A brain MRI showing a glioma tumor.,10,0.9967684149742126,0.9674843549728394,0.9952623248100281,0.8388776779174805,0.7620322108268738,0.9107054471969604
2979.png,"A medical brain MRI scan detecting a diffuse, infiltrative mass suggestive of a glioma tumor.",19,"A medical brain MRI scan demonstrating a diffuse, infiltrative mass suggestive of a glioma tumor.",19,"A brain MRI demonstrating a diffuse, infiltrative mass suggestive of a glioma tumor.",17,"Brain MRI demonstrates a diffuse, infiltrative mass suggestive of a glioma tumor.",16,"A diffuse, infiltrative mass consistent with a glioma tumor.",13,A brain MRI showing a glioma tumor.,10,0.9889812469482422,0.9943569898605347,0.995481014251709,0.8734712600708008,0.7884819507598877,0.9395129680633545
2980.png,"A medical brain MRI scan identifying a diffuse, poorly defined mass suggestive of a glioma tumor.",20,"A medical brain MRI scan demonstrating a diffuse, poorly defined mass suggestive of a glioma tumor.",20,"A brain MRI demonstrating a diffuse, poorly defined mass suggestive of a glioma tumor.",18,"Brain MRI demonstrates a diffuse, poorly defined mass suggestive of a glioma tumor.",17,"A diffuse, poorly defined mass consistent with a glioma tumor.",14,A brain MRI showing a glioma tumor.,10,0.9970033168792725,0.9930731058120728,0.9928464293479919,0.8954007625579834,0.8088327050209045,0.9373908042907715
2981.png,"A brain imaging scan showing a diffuse, irregular mass suggestive of a glioma tumor.",18,"A brain imaging scan demonstrating a diffuse, irregular mass suggestive of a glioma tumor.",18,"A brain MRI demonstrating a diffuse, irregular mass suggestive of a glioma tumor.",17,"Brain MRI demonstrates a diffuse, irregular mass suggestive of a glioma tumor.",16,"A diffuse, irregular mass consistent with a glioma tumor.",13,A brain MRI showing a glioma tumor.,10,0.9967684149742126,0.9674843549728394,0.9952623248100281,0.8388776779174805,0.7620322108268738,0.9107054471969604
2982.png,"A medical brain MRI scan showing an infiltrative, irregularly shaped mass suggestive of a glioma tumor.",21,"A medical brain MRI scan demonstrating an infiltrative, irregularly shaped mass suggestive of a glioma tumor.",21,"A brain MRI demonstrating an infiltrative, irregularly shaped mass suggestive of a glioma tumor.",19,"Brain MRI demonstrates an infiltrative, irregularly shaped mass suggestive of a glioma tumor.",18,"An infiltrative, irregularly shaped mass consistent with a glioma tumor.",15,A brain MRI showing a glioma tumor.,10,0.997055172920227,0.994621753692627,0.9961212873458862,0.8729239702224731,0.8236189484596252,0.9646428227424622
2984.png,"A brain MRI identifying a poorly defined, infiltrative mass suggestive of a glioma tumor.",18,"A brain MRI demonstrating a poorly defined, infiltrative mass suggestive of a glioma tumor.",18,"A brain MRI demonstrating a poorly defined, infiltrative mass suggestive of a glioma tumor.",18,"Brain MRI demonstrates a poorly defined, infiltrative mass suggestive of a glioma tumor.",17,"A poorly defined, infiltrative mass consistent with a glioma tumor.",14,A brain MRI showing a glioma tumor.,10,0.996615469455719,0.9999999403953552,0.9948915243148804,0.9086366891860962,0.8437063097953796,0.9536730051040649
2990.png,A brain MRI scan showing an infiltrative mass with irregular borders suggestive of a glioma tumor.,19,A brain MRI scan demonstrating an infiltrative mass with irregular borders suggestive of a glioma tumor.,19,A brain MRI demonstrating an infiltrative mass with irregular borders suggestive of a glioma tumor.,18,Brain MRI demonstrates an infiltrative mass with irregular borders suggestive of a glioma tumor.,17,An infiltrative mass with irregular borders consistent with a glioma tumor.,14,A brain MRI showing a glioma tumor.,10,0.9984530806541443,0.9978355765342712,0.996006429195404,0.9067449569702148,0.8578532934188843,0.9657541513442993
2991.png,"A brain imaging scan showing a diffuse, irregular mass suggestive of a glioma tumor.",18,"A brain imaging scan demonstrating a diffuse, irregular mass suggestive of a glioma tumor.",18,"A brain MRI demonstrating a diffuse, irregular mass suggestive of a glioma tumor.",17,"Brain MRI demonstrates a diffuse, irregular mass suggestive of a glioma tumor.",16,"A diffuse, irregular mass consistent with a glioma tumor.",13,A brain MRI showing a glioma tumor.,10,0.9967684149742126,0.9674843549728394,0.9952623248100281,0.8388776779174805,0.7620322108268738,0.9107054471969604
3001.png,"A brain imaging study revealing an irregularly shaped, invasive mass likely representing a glioma tumor.",20,"A brain imaging study demonstrating an irregularly shaped, invasive mass likely representing a glioma tumor.",20,"A brain MRI demonstrating an irregularly shaped, invasive mass likely representing a glioma tumor.",19,"Brain MRI demonstrates an irregularly shaped, invasive mass likely representing a glioma tumor.",18,"An irregularly shaped, invasive mass consistent with a glioma tumor.",15,A brain MRI showing a glioma tumor.,10,0.9963610172271729,0.9560011625289917,0.9950098991394043,0.8622744083404541,0.8239091038703918,0.9191939830780029
3008.png,"A brain imaging scan showing a poorly marginated, infiltrative mass suggestive of a glioma tumor.",20,"A brain imaging scan demonstrating a poorly marginated, infiltrative mass suggestive of a glioma tumor.",20,"A brain MRI demonstrating a poorly marginated, infiltrative mass suggestive of a glioma tumor.",19,"Brain MRI demonstrates a poorly marginated, infiltrative mass suggestive of a glioma tumor.",18,"A poorly marginated, infiltrative mass consistent with a glioma tumor.",15,A brain MRI showing a glioma tumor.,10,0.9982178807258606,0.9716216325759888,0.9957594871520996,0.8976148366928101,0.8319108486175537,0.9323763847351074
3015.png,"A brain imaging study showing an irregularly shaped, invasive mass suggestive of a glioma tumor.",20,"A brain imaging study demonstrating an irregularly shaped, invasive mass suggestive of a glioma tumor.",20,"A brain MRI demonstrating an irregularly shaped, invasive mass suggestive of a glioma tumor.",19,"Brain MRI demonstrates an irregularly shaped, invasive mass suggestive of a glioma tumor.",18,"An irregularly shaped, invasive mass consistent with a glioma tumor.",15,A brain MRI showing a glioma tumor.,10,0.9968783855438232,0.9613064527511597,0.9956015348434448,0.8627445101737976,0.8239091038703918,0.941888689994812
3016.png,"A brain MRI revealing a heterogeneous, irregular mass potentially indicative of a glioma tumor.",18,"A brain MRI demonstrating a heterogeneous, irregular mass potentially indicative of a glioma tumor.",18,"A brain MRI demonstrating a heterogeneous, irregular mass potentially indicative of a glioma tumor.",18,"Brain MRI demonstrates a heterogeneous, irregular mass potentially indicative of a glioma tumor.",17,"A heterogeneous, irregular mass consistent with a glioma tumor.",13,A brain MRI showing a glioma tumor.,10,0.9967575073242188,1.000000238418579,0.995245635509491,0.8829152584075928,0.8366445302963257,0.9641460180282593
3018.png,"A brain imaging scan showing a diffuse, irregular mass suggestive of a glioma tumor.",18,"A brain imaging scan demonstrating a diffuse, irregular mass suggestive of a glioma tumor.",18,"A brain MRI demonstrating a diffuse, irregular mass suggestive of a glioma tumor.",17,"Brain MRI demonstrates a diffuse, irregular mass suggestive of a glioma tumor.",16,"A diffuse, irregular mass consistent with a glioma tumor.",13,A brain MRI showing a glioma tumor.,10,0.9967684149742126,0.9674843549728394,0.9952623248100281,0.8388776779174805,0.7620322108268738,0.9107054471969604
3021.png,"A medical brain MRI scan detecting an irregular, invasive mass indicative of a glioma tumor.",19,"A medical brain MRI scan demonstrating an irregular, invasive mass indicative of a glioma tumor.",19,"A brain MRI demonstrating an irregular, invasive mass indicative of a glioma tumor.",17,"Brain MRI demonstrates an irregular, invasive mass indicative of a glioma tumor.",16,"An irregular, invasive mass consistent with a glioma tumor.",13,A brain MRI showing a glioma tumor.,10,0.9885545372962952,0.9938028454780579,0.9950653314590454,0.8516822457313538,0.8062642812728882,0.9759514927864075
3031.png,A brain imaging scan showing an infiltrative mass with irregular borders indicative of a glioma tumor.,19,A brain imaging scan demonstrating an infiltrative mass with irregular borders indicative of a glioma tumor.,19,A brain MRI demonstrating an infiltrative mass with irregular borders indicative of a glioma tumor.,18,Brain MRI demonstrates an infiltrative mass with irregular borders indicative of a glioma tumor.,17,An infiltrative mass with irregular borders consistent with a glioma tumor.,14,A brain MRI showing a glioma tumor.,10,0.998416006565094,0.9788179397583008,0.9957171082496643,0.9109151363372803,0.8578532934188843,0.9478741884231567
3039.png,"A medical brain MRI scan detecting an irregular, invasive mass indicative of a glioma tumor.",19,"A medical brain MRI scan demonstrating an irregular, invasive mass indicative of a glioma tumor.",19,"A brain MRI demonstrating an irregular, invasive mass indicative of a glioma tumor.",17,"Brain MRI demonstrates an irregular, invasive mass indicative of a glioma tumor.",16,"An irregular, invasive mass consistent with a glioma tumor.",13,A brain MRI showing a glioma tumor.,10,0.9885545372962952,0.9938028454780579,0.9950653314590454,0.8516822457313538,0.8062642812728882,0.9759514927864075
3045.png,"A brain imaging scan showing a diffuse, irregular mass suggestive of a glioma tumor.",18,"A brain imaging scan demonstrating a diffuse, irregular mass suggestive of a glioma tumor.",18,"A brain MRI demonstrating a diffuse, irregular mass suggestive of a glioma tumor.",17,"Brain MRI demonstrates a diffuse, irregular mass suggestive of a glioma tumor.",16,"A diffuse, irregular mass consistent with a glioma tumor.",13,A brain MRI showing a glioma tumor.,10,0.9967684149742126,0.9674843549728394,0.9952623248100281,0.8388776779174805,0.7620322108268738,0.9107054471969604
3046.png,"A medical brain MRI scan detecting a diffuse, infiltrative mass suggestive of a glioma tumor.",19,"A medical brain MRI scan demonstrating a diffuse, infiltrative mass suggestive of a glioma tumor.",19,"A brain MRI demonstrating a diffuse, infiltrative mass suggestive of a glioma tumor.",17,"Brain MRI demonstrates a diffuse, infiltrative mass suggestive of a glioma tumor.",16,"A diffuse, infiltrative mass consistent with a glioma tumor.",13,A brain MRI showing a glioma tumor.,10,0.9889812469482422,0.9943569898605347,0.995481014251709,0.8734712600708008,0.7884819507598877,0.9395129680633545
3047.png,"A medical brain MRI scan identifying a diffuse, poorly defined mass suggestive of a glioma tumor.",20,"A medical brain MRI scan demonstrating a diffuse, poorly defined mass suggestive of a glioma tumor.",20,"A brain MRI demonstrating a diffuse, poorly defined mass suggestive of a glioma tumor.",18,"Brain MRI demonstrates a diffuse, poorly defined mass suggestive of a glioma tumor.",17,"A diffuse, poorly defined mass consistent with a glioma tumor.",14,A brain MRI showing a glioma tumor.,10,0.9970033168792725,0.9930731058120728,0.9928464293479919,0.8954007625579834,0.8088327050209045,0.9373908042907715
3051.png,"A medical brain MRI scan identifying a diffuse, poorly defined mass suggestive of a glioma tumor.",20,"A medical brain MRI scan demonstrating a diffuse, poorly defined mass suggestive of a glioma tumor.",20,"A brain MRI demonstrating a diffuse, poorly defined mass suggestive of a glioma tumor.",18,"Brain MRI demonstrates a diffuse, poorly defined mass suggestive of a glioma tumor.",17,"A diffuse, poorly defined mass consistent with a glioma tumor.",14,A brain MRI showing a glioma tumor.,10,0.9970033168792725,0.9930731058120728,0.9928464293479919,0.8954007625579834,0.8088327050209045,0.9373908042907715
3056.png,"A medical brain MRI scan identifying a diffuse, poorly defined mass suggestive of a glioma tumor.",20,"A medical brain MRI scan demonstrating a diffuse, poorly defined mass suggestive of a glioma tumor.",20,"A brain MRI demonstrating a diffuse, poorly defined mass suggestive of a glioma tumor.",18,"Brain MRI demonstrates a diffuse, poorly defined mass suggestive of a glioma tumor.",17,"A diffuse, poorly defined mass consistent with a glioma tumor.",14,A brain MRI showing a glioma tumor.,10,0.9970033168792725,0.9930731058120728,0.9928464293479919,0.8954007625579834,0.8088327050209045,0.9373908042907715
3063.png,"A brain imaging study revealing a well-defined, dural-based mass likely representing a meningioma tumor.",22,"A brain imaging study demonstrating a well-defined, dural-based mass likely representing a meningioma tumor.",22,"A brain MRI demonstrating a well-defined, dural-based mass likely representing a meningioma tumor.",21,"Brain MRI demonstrates a well-defined, dural-based mass likely representing a meningioma tumor.",20,"A well-defined, dural-based mass consistent with a meningioma tumor.",17,A brain MRI showing a meningioma tumor.,10,0.9954133033752441,0.9638161659240723,0.9948930740356445,0.8996793031692505,0.8471682071685791,0.9113525748252869
