case,dice_H0,dice_H1,dice_H2,dice_L3,dice_L4,dice_L5,signed_H1,abs_H1,switch_H1,box_iou_H1,signed_H2,abs_H2,switch_H2,box_iou_H2,signed_L3,abs_L3,switch_L3,box_iou_L3,signed_L4,abs_L4,switch_L4,box_iou_L4,signed_L5,abs_L5,switch_L5,box_iou_L5,range_H0_L5,oracle_H0_L5
100,0.8378088077336198,0.8394396551724138,0.8388600107546155,0.8388600107546155,0.8378088077336198,0.8515609264853978,0.0016308474387940475,0.0016308474387940475,False,0.9767441860465116,0.0010512030209957057,0.0010512030209957057,False,0.9234268385140257,0.0010512030209957057,0.0010512030209957057,False,0.9234268385140257,0.0,0.0,False,1.0,0.013752118751778064,0.013752118751778064,False,0.7441860465116279,0.013752118751778064,0.8515609264853978
1004,0.7432183302607321,0.7382445141065831,0.7382445141065831,0.7325912503235827,0.7721661054994389,0.7642607683352736,-0.004973816154149047,0.004973816154149047,False,0.9375,-0.004973816154149047,0.004973816154149047,False,0.9375,-0.010627079937149397,0.010627079937149397,False,0.9121621621621622,0.02894777523870673,0.02894777523870673,False,0.8324074074074074,0.021042438074541425,0.021042438074541425,False,0.8037037037037037,0.03957485517585613,0.7721661054994389
1007,0.6557842441447835,0.609268614100593,0.6103038309114928,0.6807881773399015,0.6990635282207036,0.6557842441447835,-0.04651563004419057,0.04651563004419057,False,0.9481429572529783,-0.04548041323329077,0.04548041323329077,False,0.9256661991584852,0.025003933195117956,0.025003933195117956,False,0.8731241473396999,0.04327928407592008,0.04327928407592008,False,0.8441558441558441,0.0,0.0,False,1.0,0.08979491412011065,0.6990635282207036
1008,0.7329725695092368,0.7317528467425798,0.514760551060573,0.5047429958085153,0.37931856087681676,0.7233164509472895,-0.0012197227666570498,0.0012197227666570498,False,0.96875,-0.2182120184486639,0.2182120184486639,False,0.9375,-0.2282295737007215,0.2282295737007215,False,0.967741935483871,-0.3536540086324201,0.3536540086324201,False,0.8961593172119487,-0.009656118561947369,0.009656118561947369,False,0.9253731343283582,0.3536540086324201,0.7329725695092368
1011,0.5112868994790661,0.5112868994790661,0.5112868994790661,0.5112868994790661,0.53,0.5138646499903045,0.0,0.0,False,1.0,0.0,0.0,False,1.0,0.0,0.0,False,1.0,0.01871310052093389,0.01871310052093389,False,0.6727272727272727,0.0025777505112383192,0.0025777505112383192,False,0.848989898989899,0.01871310052093389,0.53
1015,0.8505621058404168,0.8499724214009928,0.8505621058404168,0.8505747126436781,0.8393298544355946,0.8407746100053792,-0.0005896844394239764,0.0005896844394239764,False,0.9545454545454546,0.0,0.0,False,1.0,1.2606803261316912e-05,1.2606803261316912e-05,False,0.9777777777777777,-0.011232251404822202,0.011232251404822202,False,0.9259796806966618,-0.009787495835037574,0.009787495835037574,False,0.9256661991584852,0.011244858208083519,0.8505747126436781
1016,0.5797453001819285,0.5819506272764063,0.5797453001819285,0.5819506272764063,0.5791682563906906,0.5724725943970768,0.002205327094477849,0.002205327094477849,False,0.9795918367346939,0.0,0.0,False,1.0,0.002205327094477849,0.002205327094477849,False,0.9795918367346939,-0.0005770437912379078,0.0005770437912379078,False,0.8018181818181818,-0.00727270578485173,0.00727270578485173,False,0.9607843137254902,0.009478032879329579,0.5819506272764063
102,0.8760962446593209,0.8760962446593209,0.8445217391304348,0.8445217391304348,0.8110388045312124,0.856159669649002,0.0,0.0,False,1.0,-0.03157450552888608,0.03157450552888608,False,0.868421052631579,-0.03157450552888608,0.03157450552888608,False,0.868421052631579,-0.06505744012810855,0.06505744012810855,False,0.7531572904707233,-0.01993657501031887,0.01993657501031887,False,0.8947368421052632,0.06505744012810855,0.8760962446593209
1023,0.9470722229666354,0.9466077880369329,0.9466077880369329,0.9433661260303111,0.9538461538461539,0.9531058855511757,-0.0004644349297024952,0.0004644349297024952,False,0.9777777777777777,-0.0004644349297024952,0.0004644349297024952,False,0.9777777777777777,-0.003706096936324288,0.003706096936324288,False,0.9352657004830918,0.006773930879518497,0.006773930879518497,False,0.8295397066262014,0.0060336625845403,0.0060336625845403,False,0.8502781992918563,0.010480027815842785,0.9538461538461539
1027,0.7182587666263603,0.7112555593568252,0.7204990469589326,0.7204990469589326,0.7371817855862316,0.7591747306919847,-0.007003207269535183,0.007003207269535183,False,0.9767441860465116,0.0022402803325722864,0.0022402803325722864,False,0.9761904761904762,0.0022402803325722864,0.0022402803325722864,False,0.9761904761904762,0.01892301895987125,0.01892301895987125,False,0.7517006802721088,0.040915964065624366,0.040915964065624366,False,0.81859410430839,0.04791917133515955,0.7591747306919847
1029,0.4676258992805755,0.4676258992805755,0.4676258992805755,0.4676258992805755,0.4676258992805755,0.0,0.0,0.0,False,1.0,0.0,0.0,False,1.0,0.0,0.0,False,1.0,0.0,0.0,False,1.0,-0.4676258992805755,0.4676258992805755,False,0.0,0.4676258992805755,0.4676258992805755
1031,0.8929537140130428,0.8965186841264772,0.8965186841264772,0.8962324393358876,0.8983512085801184,0.0,0.0035649701134343736,0.0035649701134343736,False,0.967741935483871,0.0035649701134343736,0.0035649701134343736,False,0.967741935483871,0.003278725322844789,0.003278725322844789,False,0.9473684210526315,0.005397494567075611,0.005397494567075611,False,0.9032258064516129,-0.8929537140130428,0.8929537140130428,True,0.0,0.8983512085801184,0.8983512085801184
1035,0.8906018381262971,0.7311342069588793,0.8467792370231395,0.005885015844273427,0.949785585834832,0.7311342069588793,-0.1594676311674178,0.1594676311674178,False,0.9487179487179487,-0.04382260110315761,0.04382260110315761,False,0.907469342251951,-0.8847168222820236,0.8847168222820236,True,0.9361702127659575,0.05918374770853485,0.05918374770853485,False,0.9129014697876974,-0.1594676311674178,0.1594676311674178,False,0.9487179487179487,0.9439005699905585,0.949785585834832
1037,0.7256165296600755,0.7243604004449388,0.7262631871182677,0.7262631871182677,0.7237925662141108,0.7262023769854493,-0.0012561292151367365,0.0012561292151367365,False,0.9565217391304348,0.0006466574581921458,0.0006466574581921458,False,0.9483344663494222,0.0006466574581921458,0.0006466574581921458,False,0.9483344663494222,-0.0018239634459646936,0.0018239634459646936,False,0.9347826086956522,0.0005858473253738117,0.0005858473253738117,False,0.927891156462585,0.0024706209041568394,0.7262631871182677
1039,0.7779960707269156,0.7779960707269156,0.7696162468679942,0.7779960707269156,0.7773555235224742,0.784839802031779,0.0,0.0,False,1.0,-0.008379823858921331,0.008379823858921331,False,0.9438202247191011,0.0,0.0,False,1.0,-0.0006405472044413996,0.0006405472044413996,False,0.7880434782608695,0.006843731304863487,0.006843731304863487,False,0.8583509513742071,0.015223555163784819,0.784839802031779
1040,0.706026683024076,0.6992446431324186,0.6992446431324186,0.7123454906149855,0.6978683966635774,0.6974660074165636,-0.0067820398916573765,0.0067820398916573765,False,0.8878048780487805,-0.0067820398916573765,0.0067820398916573765,False,0.8878048780487805,0.006318807590909525,0.006318807590909525,False,0.8760852407261247,-0.008158286360498646,0.008158286360498646,False,0.7739837398373983,-0.008560675607512391,0.008560675607512391,False,0.751219512195122,0.014879483198421917,0.7123454906149855
1041,0.9296274393849793,0.930576070901034,0.9326668626874449,0.9336870026525199,0.9324682984370393,0.9275103980986333,0.0009486315160547321,0.0009486315160547321,False,0.9527696793002915,0.003039423302465649,0.003039423302465649,False,0.8636363636363636,0.0040595632675406446,0.0040595632675406446,False,0.7901701323251418,0.0028408590520599963,0.0028408590520599963,False,0.8853644963828603,-0.002117041286345933,0.002117041286345933,False,0.8089136490250697,0.006176604553886578,0.9336870026525199
1047,0.7210327455919395,0.7361156044430066,0.7101509199917304,0.7035217035217035,0.7210327455919395,0.7062210796915167,0.015082858851067082,0.015082858851067082,False,0.9824561403508771,-0.010881825600209116,0.010881825600209116,False,0.9448727833461835,-0.017511042070236016,0.017511042070236016,False,0.9238597813795703,0.0,0.0,False,1.0,-0.014811665900422821,0.014811665900422821,False,0.9294653014789533,0.0325939009213031,0.7361156044430066
1053,0.8501133052767886,0.8495546558704453,0.8495546558704453,0.8501618122977346,0.8510913500404204,0.8501618122977346,-0.0005586494063433145,0.0005586494063433145,False,0.9782608695652174,-0.0005586494063433145,0.0005586494063433145,False,0.9782608695652174,4.8507020945942614e-05,4.8507020945942614e-05,False,0.9767441860465116,0.0009780447636317247,0.0009780447636317247,False,0.855787476280835,4.8507020945942614e-05,4.8507020945942614e-05,False,0.9559939301972686,0.0015366941699750392,0.8510913500404204
1054,0.7921168229846848,0.7900217970452894,0.7926389222997354,0.7754721380275122,0.7785876448799139,0.7607905497501136,-0.0020950259393953674,0.0020950259393953674,False,0.9076363636363637,0.0005220993150506503,0.0005220993150506503,False,0.9443636363636364,-0.01664468495717253,0.01664468495717253,False,0.707906488048332,-0.013529178104770834,0.013529178104770834,False,0.7669816893089191,-0.031326273234571156,0.031326273234571156,False,0.6620125180548868,0.031848372549621806,0.7926389222997354
1057,0.58298755186722,0.34239462431276724,0.5320902580732334,0.5320902580732334,0.7273260073260073,0.6360332294911735,-0.24059292755445272,0.24059292755445272,False,0.918918918918919,-0.05089729379398655,0.05089729379398655,False,0.9714285714285714,-0.05089729379398655,0.05089729379398655,False,0.9714285714285714,0.14433845545878732,0.14433845545878732,False,0.7675489067894131,0.05304567762395351,0.05304567762395351,False,0.9142857142857143,0.38493138301324004,0.7273260073260073
1060,0.858248220365212,0.858248220365212,0.858248220365212,0.8570100697134004,0.8527903000155449,0.8569228399815185,0.0,0.0,False,1.0,0.0,0.0,False,1.0,-0.0012381506518115426,0.0012381506518115426,False,0.9241274658573596,-0.005457920349667078,0.005457920349667078,False,0.8588957055214724,-0.001325380383693453,0.001325380383693453,False,0.8488767869298843,0.005457920349667078,0.858248220365212
1061,0.7391304347826086,0.7457021656619781,0.7457021656619781,0.7391304347826086,0.6060275962236746,0.843385707045109,0.006571730879369464,0.006571730879369464,False,0.9655172413793104,0.006571730879369464,0.006571730879369464,False,0.9655172413793104,0.0,0.0,False,1.0,-0.133102838558934,0.133102838558934,False,0.46460506706408344,0.10425527226250031,0.10425527226250031,False,0.8083400160384924,0.23735811082143432,0.843385707045109
1069,0.6019019205668469,0.6042680643953575,0.6042680643953575,0.6088268577895134,0.7262065854758682,0.5736626977074818,0.002366143828510636,0.002366143828510636,False,0.9836065573770492,0.002366143828510636,0.002366143828510636,False,0.9836065573770492,0.006924937222666516,0.006924937222666516,False,0.9821428571428571,0.12430466490902137,0.12430466490902137,False,0.8803222094361335,-0.028239222859365087,0.028239222859365087,False,0.7992388201712655,0.15254388776838645,0.7262065854758682
1072,0.4184884447220487,0.4184884447220487,0.4190715181932246,0.4190715181932246,0.4135240572171652,0.6158088235294118,0.0,0.0,False,1.0,0.0005830734711758656,0.0005830734711758656,False,0.9333333333333333,0.0005830734711758656,0.0005830734711758656,False,0.9333333333333333,-0.004964387504883538,0.004964387504883538,False,0.8044543429844098,0.19732037880736308,0.19732037880736308,False,0.9069767441860465,0.20228476631224662,0.6158088235294118
1073,0.6603235014272122,0.6596958174904943,0.6596958174904943,0.7003027245206862,0.36844783715012724,0.3154848046309696,-0.0006276839367178599,0.0006276839367178599,False,0.9767441860465116,-0.0006276839367178599,0.0006276839367178599,False,0.9767441860465116,0.039979223093474014,0.039979223093474014,False,0.8421926910299004,-0.29187566427708495,0.29187566427708495,False,0.6861702127659575,-0.34483869679624257,0.34483869679624257,False,0.4186046511627907,0.3848179198897166,0.7003027245206862
1074,0.8664969079665333,0.8664969079665333,0.8622710622710623,0.8576682603898492,0.7692919649960223,0.86608442503639,0.0,0.0,False,1.0,-0.00422584569547102,0.00422584569547102,False,0.821353065539112,-0.008828647576684112,0.008828647576684112,False,0.845137420718816,-0.09720494297051108,0.09720494297051108,False,0.6775178026449644,-0.0004124829301432875,0.0004124829301432875,False,0.9534883720930233,0.09720494297051108,0.8664969079665333
1078,0.6664430655710213,0.6664430655710213,0.6664430655710213,0.665883537506293,0.6617275635628894,0.6631915251387254,0.0,0.0,False,1.0,0.0,0.0,False,1.0,-0.0005595280647282541,0.0005595280647282541,False,0.9782608695652174,-0.004715502008131867,0.004715502008131867,False,0.9130434782608695,-0.0032515404322959185,0.0032515404322959185,False,0.8969359331476323,0.004715502008131867,0.6664430655710213
108,0.9386987589319293,0.921045918367347,0.921045918367347,0.9225970719287079,0.9392458975322561,0.9224203821656051,-0.017652840564582384,0.017652840564582384,False,0.9208981001727116,-0.017652840564582384,0.017652840564582384,False,0.9208981001727116,-0.016101687003221454,0.016101687003221454,False,0.9630652399033482,0.0005471386003267353,0.0005471386003267353,False,0.9631881121242823,-0.016278376766324265,0.016278376766324265,False,0.9276782696857047,0.01819997916490912,0.9392458975322561
1084,0.11862990810359231,0.11862990810359231,0.11082910321489002,0.11082910321489002,0.1602045164039199,0.04013377926421405,0.0,0.0,False,1.0,-0.007800804888702287,0.007800804888702287,False,0.9655172413793104,-0.007800804888702287,0.007800804888702287,False,0.9655172413793104,0.04157460830032758,0.04157460830032758,False,0.9032258064516129,-0.07849612883937826,0.07849612883937826,False,0.8730512249443207,0.12007073713970584,0.1602045164039199
1085,0.8062709966405375,0.6569236390208257,0.5184864240323512,0.5184864240323512,0.5314474872103521,0.5119424460431655,-0.14934735761971174,0.14934735761971174,False,0.9772727272727273,-0.28778457260818624,0.28778457260818624,False,0.9555555555555556,-0.28778457260818624,0.28778457260818624,False,0.9555555555555556,-0.2748235094301854,0.2748235094301854,False,0.8735398679532758,-0.29432855059737195,0.29432855059737195,False,0.9144303797468355,0.29432855059737195,0.8062709966405375
1089,0.7897495631916133,0.7897495631916133,0.7897495631916133,0.81442417331813,0.842602892102336,0.7897495631916133,0.0,0.0,False,1.0,0.0,0.0,False,1.0,0.024674610126516727,0.024674610126516727,False,0.9629629629629629,0.0528533289107227,0.0528533289107227,False,0.8694267515923567,0.0,0.0,False,1.0,0.0528533289107227,0.842602892102336
1092,0.9084222140492828,0.9081200515558829,0.9081200515558829,0.9081200515558829,0.9082551939694797,0.9081200515558829,-0.0003021624933998712,0.0003021624933998712,False,0.9560276679841897,-0.0003021624933998712,0.0003021624933998712,False,0.9560276679841897,-0.0003021624933998712,0.0003021624933998712,False,0.9560276679841897,-0.00016702007980307076,0.00016702007980307076,False,0.9772727272727273,-0.0003021624933998712,0.0003021624933998712,False,0.9560276679841897,0.0003021624933998712,0.9084222140492828
1093,0.8342022940563086,0.8335517693315858,0.8331584470094439,0.8351933558266286,0.8338574423480084,0.5100606834877036,-0.000650524724722823,0.000650524724722823,False,0.8806306306306306,-0.0010438470468647765,0.0010438470468647765,False,0.8547297297297297,0.0009910617703199343,0.0009910617703199343,False,0.925,-0.00034485170830023115,0.00034485170830023115,False,0.8806306306306306,-0.324141610568605,0.324141610568605,False,0.8112488083889419,0.32513267233892496,0.8351933558266286
1096,0.7353426919900908,0.729033587471667,0.7360594795539034,0.7002609917687211,0.7410640066500416,0.7556125721616421,-0.006309104518423814,0.006309104518423814,False,0.8027681660899654,0.0007167875638125487,0.0007167875638125487,False,0.8823529411764706,-0.035081700221369694,0.035081700221369694,False,0.8858131487889274,0.005721314659950738,0.005721314659950738,False,0.8529411764705882,0.02026988017155129,0.02026988017155129,False,0.918918918918919,0.055351580392920985,0.7556125721616421
1103,0.6225552915371961,0.640591204037491,0.6411225040474906,0.6225552915371961,0.6427670689965772,0.6374300667749504,0.018035912500294904,0.018035912500294904,False,0.9418702611625948,0.018567212510294473,0.018567212510294473,False,0.9209225700164745,0.0,0.0,False,1.0,0.020211777459381075,0.020211777459381075,False,0.8306709265175719,0.014874775237754267,0.014874775237754267,False,0.9008863819500403,0.020211777459381075,0.6427670689965772
1107,0.48866964698628024,0.49632525410476935,0.5085668534827862,0.4970172684458399,0.4900293708455712,0.5560412659555867,0.007655607118489116,0.007655607118489116,False,0.9777777777777777,0.019897206496505948,0.019897206496505948,False,0.9555555555555556,0.00834762145955964,0.00834762145955964,False,0.9544973544973545,0.001359723859290951,0.001359723859290951,False,0.9761904761904762,0.06737161896930643,0.06737161896930643,False,0.8064348728593669,0.06737161896930643,0.5560412659555867
1111,0.8713924050632912,0.8713924050632912,0.7944307944307945,0.7944307944307945,0.8713924050632912,0.0,0.0,0.0,False,1.0,-0.07696161063249674,0.07696161063249674,False,0.90625,-0.07696161063249674,0.07696161063249674,False,0.90625,0.0,0.0,False,1.0,-0.8713924050632912,0.8713924050632912,True,0.0,0.8713924050632912,0.8713924050632912
1113,0.5285123966942149,0.5324648035301534,0.5285123966942149,0.5285123966942149,0.5891432981733985,0.5328589367936375,0.003952406835938449,0.003952406835938449,False,0.9545454545454546,0.0,0.0,False,1.0,0.0,0.0,False,1.0,0.060630901479183597,0.060630901479183597,False,0.681060606060606,0.004346540099422591,0.004346540099422591,False,0.9148936170212766,0.060630901479183597,0.5891432981733985
1114,0.7465602641717116,0.7465602641717116,0.7465602641717116,0.7465602641717116,0.7421693338804541,0.7462522349057902,0.0,0.0,False,1.0,0.0,0.0,False,1.0,0.0,0.0,False,1.0,-0.004390930291257478,0.004390930291257478,False,0.8421052631578947,-0.000308029265921439,0.000308029265921439,False,0.9795918367346939,0.004390930291257478,0.7465602641717116
1118,0.8529054218332117,0.8528411850412821,0.8523555123846528,0.8522203348701771,0.8531196892449624,0.8538779479698517,-6.423679192957277e-05,6.423679192957277e-05,False,0.9302325581395349,-0.0005499094485589273,0.0005499094485589273,False,0.9317443120260022,-0.0006850869630345979,0.0006850869630345979,False,0.9105346744309158,0.00021426741175067932,0.00021426741175067932,False,0.8888888888888888,0.0009725261366400062,0.0009725261366400062,False,0.93058568329718,0.0016576130996746041,0.8538779479698517
1120,0.7329310892346776,0.7328147324972217,0.731043216716796,0.731043216716796,0.7328147324972217,0.73085478233238,-0.0001163567374559138,0.0001163567374559138,False,0.9846153846153847,-0.0018878725178816946,0.0018878725178816946,False,0.9127011297500855,-0.0018878725178816946,0.0018878725178816946,False,0.9127011297500855,-0.0001163567374559138,0.0001163567374559138,False,0.9846153846153847,-0.0020763069022976532,0.0020763069022976532,False,0.8710330857528696,0.0020763069022976532,0.7329310892346776
1123,0.8800515907136716,0.8800515907136716,0.8777415852334419,0.875893437296946,0.8828709819462792,0.8815817751987964,0.0,0.0,False,1.0,-0.0023100054802296377,0.0023100054802296377,False,0.9437689969604863,-0.004158153416725541,0.004158153416725541,False,0.9642857142857143,0.0028193912326076598,0.0028193912326076598,False,0.7051851851851851,0.0015301844851248747,0.0015301844851248747,False,0.9083750894774517,0.0069775446493332005,0.8828709819462792
1124,0.0,0.012414243711205489,0.012096774193548387,0.012096774193548387,0.012096774193548387,0.009433962264150943,0.012414243711205489,0.012414243711205489,False,0.2784602784602785,0.012096774193548387,0.012096774193548387,False,0.2620802620802621,0.012096774193548387,0.012096774193548387,False,0.2620802620802621,0.012096774193548387,0.012096774193548387,False,0.2620802620802621,0.009433962264150943,0.009433962264150943,False,0.2457002457002457,0.012414243711205489,0.012414243711205489
1125,0.898538961038961,0.8923013923013923,0.8899896800825593,0.8899896800825593,0.8967479674796748,0.8899896800825593,-0.006237568737568755,0.006237568737568755,False,0.9655172413793104,-0.008549280956401728,0.008549280956401728,False,0.8931034482758621,-0.008549280956401728,0.008549280956401728,False,0.8931034482758621,-0.001790993559286247,0.001790993559286247,False,0.8818897637795275,-0.008549280956401728,0.008549280956401728,False,0.8931034482758621,0.008549280956401728,0.898538961038961
1126,0.9085619285120532,0.9165268456375839,0.9165268456375839,0.9102644180720383,0.8991579379749435,0.8941032442358702,0.007964917125530713,0.007964917125530713,False,0.9527065527065527,0.007964917125530713,0.007964917125530713,False,0.9527065527065527,0.0017024895599850876,0.0017024895599850876,False,0.9777777777777777,-0.009403990537109719,0.009403990537109719,False,0.8901273885350318,-0.01445868427618302,0.01445868427618302,False,0.9083850931677019,0.022423601401713733,0.9165268456375839
1130,0.9064641048555258,0.9064083457526081,0.9064083457526081,0.9067581679844846,0.8976377952755905,0.8827922572778539,-5.575910291766295e-05,5.575910291766295e-05,False,0.972972972972973,-5.575910291766295e-05,5.575910291766295e-05,False,0.972972972972973,0.00029406312895885467,0.00029406312895885467,False,0.9459459459459459,-0.008826309579935243,0.008826309579935243,False,0.7837837837837838,-0.023671847577671823,0.023671847577671823,False,0.8614864864864865,0.023965910706630678,0.9067581679844846
1134,0.8401611820013432,0.8364501870112206,0.8386225523295071,0.8364611260053619,0.8323353293413174,0.8323353293413174,-0.003710994990122507,0.003710994990122507,False,0.9642857142857143,-0.0015386296718360448,0.0015386296718360448,False,0.9310344827586207,-0.003700055995981222,0.003700055995981222,False,0.9642857142857143,-0.007825852660025778,0.007825852660025778,False,0.8689655172413793,-0.007825852660025778,0.007825852660025778,False,0.8689655172413793,0.007825852660025778,0.8401611820013432
1137,0.6516958339786278,0.8485092667203867,0.8485092667203867,0.8485092667203867,0.8666943521594684,0.6471674876847291,0.1968134327417589,0.1968134327417589,False,0.9523809523809523,0.1968134327417589,0.1968134327417589,False,0.9523809523809523,0.1968134327417589,0.1968134327417589,False,0.9523809523809523,0.2149985181808406,0.2149985181808406,False,0.6498176133402814,-0.004528346293898755,0.004528346293898755,False,0.9342770475227502,0.21952686447473935,0.8666943521594684
1138,0.5587898235159294,0.5466960352422907,0.5351444588184562,0.35732795853728766,0.4196058091286307,0.5558620689655173,-0.012093788273638717,0.012093788273638717,False,0.9696969696969697,-0.023645364697473248,0.023645364697473248,False,0.9202614379084967,-0.20146186497864177,0.20146186497864177,False,0.8233918128654971,-0.13918401438729872,0.13918401438729872,False,0.9179415855354659,-0.002927754550412165,0.002927754550412165,False,0.9777777777777777,0.20146186497864177,0.5587898235159294
114,0.9360481789503872,0.9360481789503872,0.9360848380624821,0.9360848380624821,0.9358533791523482,0.9360848380624821,0.0,0.0,False,1.0,3.6659112094938884e-05,3.6659112094938884e-05,False,0.9393939393939394,3.6659112094938884e-05,3.6659112094938884e-05,False,0.9117647058823529,-0.000194799798038936,0.000194799798038936,False,0.75,3.6659112094938884e-05,3.6659112094938884e-05,False,0.8823529411764706,0.00023145891013387487,0.9360848380624821
1140,0.8306172839506173,0.8245057359043202,0.8245057359043202,0.8306172839506173,0.7488491048593351,0.8306172839506173,-0.0061115480462970995,0.0061115480462970995,False,0.972972972972973,-0.0061115480462970995,0.0061115480462970995,False,0.972972972972973,0.0,0.0,False,1.0,-0.0817681790912822,0.0817681790912822,False,0.868421052631579,0.0,0.0,False,1.0,0.0817681790912822,0.8306172839506173
1144,0.7252136752136752,0.7252136752136752,0.7252136752136752,0.724749092462097,0.7247119078104993,0.724749092462097,0.0,0.0,False,1.0,0.0,0.0,False,1.0,-0.00046458275157823525,0.00046458275157823525,False,0.9767441860465116,-0.0005017674031758679,0.0005017674031758679,False,0.9545454545454546,-0.00046458275157823525,0.00046458275157823525,False,0.9767441860465116,0.0005017674031758679,0.7252136752136752
1146,0.8907521578298397,0.8907521578298397,0.8907521578298397,0.8904785397138628,0.8904785397138628,0.8907521578298397,0.0,0.0,False,1.0,0.0,0.0,False,1.0,-0.00027361811597692576,0.00027361811597692576,False,0.9642857142857143,-0.00027361811597692576,0.00027361811597692576,False,0.9221604447974583,0.0,0.0,False,0.9772727272727273,0.00027361811597692576,0.8907521578298397
1148,0.8122676579925651,0.8122676579925651,0.8122676579925651,0.816302067725502,0.8122676579925651,0.812025685931115,0.0,0.0,False,1.0,0.0,0.0,False,1.0,0.004034409732936894,0.004034409732936894,False,0.9375,0.0,0.0,False,1.0,-0.00024197206145004646,0.00024197206145004646,False,0.6976744186046512,0.004276381794386941,0.816302067725502
1149,0.6668224299065421,0.7885364496382861,0.6676023391812865,0.6672901566518588,0.7919010123734533,0.6668224299065421,0.121714019731744,0.121714019731744,False,0.7899686520376176,0.0007799092747444725,0.0007799092747444725,False,0.9545454545454546,0.0004677267453166989,0.0004677267453166989,False,0.9655172413793104,0.12507858246691128,0.12507858246691128,False,0.7241379310344828,0.0,0.0,False,0.924924924924925,0.12507858246691128,0.7919010123734533
1150,0.6224198158145443,0.640578756987833,0.6399210785925682,0.621476084890719,0.640578756987833,0.5831353919239906,0.018158941173288645,0.018158941173288645,False,0.9375,0.017501262778023885,0.017501262778023885,False,0.7737104825291181,-0.00094373092382527,0.00094373092382527,False,0.8157894736842105,0.018158941173288645,0.018158941173288645,False,0.9375,-0.039284423890553755,0.039284423890553755,False,0.7251461988304093,0.0574433650638424,0.640578756987833
1156,0.4751911790858972,0.5705239829032769,0.5680213400282441,0.5680213400282441,0.571608832807571,0.5331135750674258,0.09533280381737969,0.09533280381737969,False,0.868663594470046,0.09283016094234692,0.09283016094234692,False,0.7854166666666667,0.09283016094234692,0.09283016094234692,False,0.7854166666666667,0.09641765372167382,0.09641765372167382,False,0.8735971647962197,0.05792239598152865,0.05792239598152865,False,0.7600806451612904,0.09641765372167382,0.571608832807571
1160,0.8372331340734415,0.9583987441130298,0.9579732914375491,0.9581943081452404,0.5971968312004875,0.4738419882023015,0.12116561003958837,0.12116561003958837,False,0.4601514605120808,0.12074015736410759,0.12074015736410759,False,0.4125495852866931,0.12096117407179896,0.12096117407179896,False,0.4543815362423368,-0.24003630287295397,0.24003630287295397,False,0.9833333333333333,-0.36339114587113996,0.36339114587113996,False,0.8803174603174603,0.48455675591072833,0.9583987441130298
1163,0.8573981871569003,0.8573981871569003,0.8573981871569003,0.8311654184732624,0.794613710554951,0.9179221405327227,0.0,0.0,False,1.0,0.0,0.0,False,1.0,-0.026232768683637886,0.026232768683637886,False,0.9375,-0.0627844766019493,0.0627844766019493,False,0.9354838709677419,0.06052395337582239,0.06052395337582239,False,0.8787878787878788,0.1233084299777717,0.9179221405327227
1165,0.8964664674976821,0.8977997121118652,0.8977997121118652,0.9008179959100204,0.9087414002428167,0.9504796976451206,0.001333244614183049,0.001333244614183049,False,0.9510086455331412,0.001333244614183049,0.001333244614183049,False,0.9510086455331412,0.0043515284123383235,0.0043515284123383235,False,0.9041095890410958,0.012274932745134581,0.012274932745134581,False,0.7152496626180836,0.05401323014743853,0.05401323014743853,False,0.5803964757709251,0.05401323014743853,0.9504796976451206
1169,0.939295316258667,0.939295316258667,0.939295316258667,0.939295316258667,0.938393995184818,0.9433802816901409,0.0,0.0,False,1.0,0.0,0.0,False,1.0,0.0,0.0,False,1.0,-0.000901321073848993,0.000901321073848993,False,0.9237536656891495,0.004084965431473853,0.004084965431473853,False,0.8915032679738563,0.0049862865053228456,0.9433802816901409
117,0.5441316469468245,0.5441316469468245,0.5442685329890603,0.5442093843232981,0.5438263229308006,0.5440826592345863,0.0,0.0,False,1.0,0.00013688604223582868,0.00013688604223582868,False,0.9555555555555556,7.77373764736522e-05,7.77373764736522e-05,False,0.9560493827160493,-0.00030532401602390014,0.00030532401602390014,False,0.9134948096885813,-4.898771223815768e-05,4.898771223815768e-05,False,0.9134948096885813,0.0004422100582597288,0.5442685329890603
1170,0.7140745121230041,0.7140745121230041,0.7230859489586389,0.7230859489586389,0.6811418159732766,0.7318777292576419,0.0,0.0,False,1.0,0.009011436835634767,0.009011436835634767,False,0.8724637681159421,0.009011436835634767,0.009011436835634767,False,0.8724637681159421,-0.03293269614972749,0.03293269614972749,False,0.6951827242524917,0.01780321713463784,0.01780321713463784,False,0.8361111111111111,0.05073591328436533,0.7318777292576419
1177,0.9409465914025185,0.9405639913232104,0.9401041666666666,0.9401041666666666,0.9357758620689656,0.7590264776678256,-0.0003826000793080153,0.0003826000793080153,False,0.975609756097561,-0.0008424247358518322,0.0008424247358518322,False,0.8665183537263627,-0.0008424247358518322,0.0008424247358518322,False,0.8665183537263627,-0.0051707293335528925,0.0051707293335528925,False,0.8475452196382429,-0.18192011373469286,0.18192011373469286,False,0.5853658536585366,0.18192011373469286,0.9409465914025185
1178,0.25752592967366555,0.17918177110305541,0.17918177110305541,0.17918177110305541,0.19106002554278417,0.17918177110305541,-0.07834415857061014,0.07834415857061014,False,0.967741935483871,-0.07834415857061014,0.07834415857061014,False,0.967741935483871,-0.07834415857061014,0.07834415857061014,False,0.967741935483871,-0.06646590413088138,0.06646590413088138,False,0.9393939393939394,-0.07834415857061014,0.07834415857061014,False,0.967741935483871,0.07834415857061014,0.25752592967366555
1179,0.0,0.0,0.0,0.0,0.0,0.0,0.0,0.0,False,0.9555555555555556,0.0,0.0,False,0.9347826086956522,0.0,0.0,False,0.9347826086956522,0.0,0.0,False,0.6984011627906976,0.0,0.0,False,0.8509585652442795,0.0,0.0
1189,0.7454718779790277,0.7454718779790277,0.7454718779790277,0.7454718779790277,0.7454718779790277,0.7454718779790277,0.0,0.0,False,1.0,0.0,0.0,False,1.0,0.0,0.0,False,1.0,0.0,0.0,False,1.0,0.0,0.0,False,1.0,0.0,0.7454718779790277
1192,0.862618663800824,0.8655643421998562,0.8585174625801854,0.8585174625801854,0.834026334026334,0.862618663800824,0.002945678399032259,0.002945678399032259,False,0.9091400757166036,-0.004101201220638617,0.004101201220638617,False,0.8742316784869977,-0.004101201220638617,0.004101201220638617,False,0.8742316784869977,-0.02859232977449,0.02859232977449,False,0.7226185480486781,0.0,0.0,False,1.0,0.03153800817352226,0.8655643421998562
121,0.9700202317454478,0.9673722155467234,0.9675630718048239,0.9670736219015909,0.9670736219015909,0.44707508856821915,-0.0026480161987244566,0.0026480161987244566,False,0.6602870813397129,-0.0024571599406238986,0.0024571599406238986,False,0.6507387613957875,-0.0029466098438569732,0.0029466098438569732,False,0.6367924528301887,-0.0029466098438569732,0.0029466098438569732,False,0.645933014354067,-0.5229451431772287,0.5229451431772287,False,0.3478186190312607,0.5229451431772287,0.9700202317454478
1211,0.9439627280962858,0.9439627280962858,0.9439627280962858,0.9439627280962858,0.9460267915203537,0.9450949778818631,0.0,0.0,False,1.0,0.0,0.0,False,1.0,0.0,0.0,False,1.0,0.0020640634240679523,0.0020640634240679523,False,0.8403499179879715,0.001132249785577355,0.001132249785577355,False,0.8387096774193549,0.0020640634240679523,0.9460267915203537
122,0.96699604743083,0.96699604743083,0.9670025686623197,0.9665449521365834,0.9667882132650044,0.96699604743083,0.0,0.0,False,1.0,6.521231489697854e-06,6.521231489697854e-06,False,0.9767441860465116,-0.000451095294246584,0.000451095294246584,False,0.8948863636363636,-0.00020783416582559333,0.00020783416582559333,False,0.7677606979642708,0.0,0.0,False,0.9355983772819473,0.00045761652573628187,0.9670025686623197
1223,0.9456762749445676,0.9462007764836384,0.941790225151016,0.9457364341085271,0.9459684123025769,0.39444444444444443,0.0005245015390707986,0.0005245015390707986,False,0.9354838709677419,-0.0038860497935516713,0.0038860497935516713,False,0.754054054054054,6.0159163959516704e-05,6.0159163959516704e-05,False,0.9393939393939394,0.000292137358009259,0.000292137358009259,False,0.96875,-0.5512318305001231,0.5512318305001231,False,0.164021164021164,0.551756332039194,0.9462007764836384
1225,0.6845934830749763,0.7621736062103035,0.7621736062103035,0.7621736062103035,0.7621736062103035,0.5989010989010989,0.07758012313532725,0.07758012313532725,False,0.9310344827586207,0.07758012313532725,0.07758012313532725,False,0.9310344827586207,0.07758012313532725,0.07758012313532725,False,0.9310344827586207,0.07758012313532725,0.07758012313532725,False,0.9310344827586207,-0.08569238417387737,0.08569238417387737,False,0.703030303030303,0.16327250730920462,0.7621736062103035
1239,0.855039637599094,0.855039637599094,0.862453531598513,0.8623748211731045,0.860730593607306,0.8599942971200456,0.0,0.0,False,1.0,0.007413893999419052,0.007413893999419052,False,0.8874458874458875,0.007335183574010529,0.007335183574010529,False,0.8513708513708513,0.005690956008212011,0.005690956008212011,False,0.7911255411255411,0.004954659520951643,0.004954659520951643,False,0.9022366522366523,0.007413893999419052,0.862453531598513
124,0.9315783232538836,0.9299499642601858,0.9299499642601858,0.9321224822447316,0.9341303328645101,0.860198428037624,-0.0016283589936977316,0.0016283589936977316,False,0.9230769230769231,-0.0016283589936977316,0.0016283589936977316,False,0.9230769230769231,0.0005441589908480315,0.0005441589908480315,False,0.8311345646437994,0.0025520096106265155,0.0025520096106265155,False,0.7599293909973521,-0.07137989521625954,0.07137989521625954,False,0.7321428571428571,0.07393190482688605,0.9341303328645101
1241,0.4894989250868199,0.4959785522788204,0.4894989250868199,0.4894989250868199,0.4978973927670311,0.4873230161343431,0.006479627192000459,0.006479627192000459,False,0.9787234042553191,0.0,0.0,False,1.0,0.0,0.0,False,1.0,0.008398467680211186,0.008398467680211186,False,0.9634308510638298,-0.002175908952476824,0.002175908952476824,False,0.9696969696969697,0.01057437663268801,0.4978973927670311
1243,0.8716623600344531,0.8716623600344531,0.8716623600344531,0.8438420742486741,0.8716623600344531,0.8807287218901224,0.0,0.0,False,1.0,0.0,0.0,False,1.0,-0.027820285785778998,0.027820285785778998,False,0.9655172413793104,0.0,0.0,False,1.0,0.009066361855669336,0.009066361855669336,False,0.9354838709677419,0.036886647641448334,0.8807287218901224
1246,0.7739183424741012,0.7739183424741012,0.7739183424741012,0.7739183424741012,0.7739183424741012,0.7739183424741012,0.0,0.0,False,1.0,0.0,0.0,False,1.0,0.0,0.0,False,1.0,0.0,0.0,False,1.0,0.0,0.0,False,1.0,0.0,0.7739183424741012
1247,0.9667673716012085,0.9667673716012085,0.9667673716012085,0.9667673716012085,0.9667673716012085,0.9667673716012085,0.0,0.0,False,1.0,0.0,0.0,False,1.0,0.0,0.0,False,1.0,0.0,0.0,False,0.9787234042553191,0.0,0.0,False,1.0,0.0,0.9667673716012085
1248,0.9803611023123219,0.9803611023123219,0.9803611023123219,0.9802121260091816,0.9805225653206651,0.9802121260091816,0.0,0.0,False,1.0,0.0,0.0,False,1.0,-0.000148976303140258,0.000148976303140258,False,0.9121212121212121,0.00016146300834318783,0.00016146300834318783,False,0.9772727272727273,-0.000148976303140258,0.000148976303140258,False,0.8630824372759857,0.00031043931148344583,0.9805225653206651
1249,0.9088921282798834,0.9088921282798834,0.9088921282798834,0.9088921282798834,0.9000552181115405,0.9104803493449781,0.0,0.0,False,1.0,0.0,0.0,False,1.0,0.0,0.0,False,1.0,-0.00883691016834287,0.00883691016834287,False,0.8333333333333334,0.0015882210650947082,0.0015882210650947082,False,0.9761904761904762,0.010425131233437579,0.9104803493449781
1250,0.908289241622575,0.908289241622575,0.908289241622575,0.908289241622575,0.817503729487817,0.8194856577645895,0.0,0.0,False,1.0,0.0,0.0,False,1.0,0.0,0.0,False,1.0,-0.09078551213475794,0.09078551213475794,False,0.9310344827586207,-0.08880358385798548,0.08880358385798548,False,0.8709677419354839,0.09078551213475794,0.908289241622575
1251,0.9319650323071076,0.9319650323071076,0.9319650323071076,0.9319650323071076,0.9312571211545765,0.9312571211545765,0.0,0.0,False,1.0,0.0,0.0,False,1.0,0.0,0.0,False,1.0,-0.0007079111525311044,0.0007079111525311044,False,0.9666666666666667,-0.0007079111525311044,0.0007079111525311044,False,0.9666666666666667,0.0007079111525311044,0.9319650323071076
1252,0.9524745984922977,0.9524745984922977,0.9524745984922977,0.9524745984922977,0.9530993768448671,0.9524745984922977,0.0,0.0,False,1.0,0.0,0.0,False,1.0,0.0,0.0,False,1.0,0.0006247783525694661,0.0006247783525694661,False,0.9642857142857143,0.0,0.0,False,1.0,0.0006247783525694661,0.9530993768448671
1253,0.9252772913018097,0.9252772913018097,0.9252772913018097,0.9252772913018097,0.9255474452554745,0.9250072950102131,0.0,0.0,False,1.0,0.0,0.0,False,1.0,0.0,0.0,False,1.0,0.000270153953664809,0.000270153953664809,False,0.9655172413793104,-0.0002699962915966303,0.0002699962915966303,False,0.9354838709677419,0.0005401502452614393,0.9255474452554745
1254,0.9481481481481482,0.9481481481481482,0.9365079365079365,0.9365079365079365,0.9481481481481482,0.9288291243030502,0.0,0.0,False,1.0,-0.011640211640211673,0.011640211640211673,False,0.84,-0.011640211640211673,0.011640211640211673,False,0.84,0.0,0.0,False,1.0,-0.019319023845097982,0.019319023845097982,False,0.7390029325513197,0.019319023845097982,0.9481481481481482
1267,0.0,0.0,0.0,0.0,0.0,0.0,0.0,0.0,False,0.9555555555555556,0.0,0.0,False,0.9375,0.0,0.0,False,0.9782608695652174,0.0,0.0,False,0.9125925925925926,0.0,0.0,False,0.0,0.0,0.0
1273,0.8656814449917898,0.8656814449917898,0.8656814449917898,0.8656814449917898,0.0,0.8656814449917898,0.0,0.0,False,1.0,0.0,0.0,False,1.0,0.0,0.0,False,1.0,-0.8656814449917898,0.8656814449917898,True,0.0,0.0,0.0,False,1.0,0.8656814449917898,0.8656814449917898
1279,0.8756175211329454,0.8756175211329454,0.8223653934652554,0.8403761187266342,0.8756175211329454,0.796755613024568,0.0,0.0,False,1.0,-0.05325212766769005,0.05325212766769005,False,0.889922480620155,-0.03524140240631124,0.03524140240631124,False,0.9441860465116279,0.0,0.0,False,1.0,-0.07886190810837745,0.07886190810837745,False,0.8162790697674419,0.07886190810837745,0.8756175211329454
128,0.8399430908767562,0.830940416367552,0.8330794731654869,0.8480197583134869,0.7879361473910026,0.7816782429134598,-0.009002674509204223,0.009002674509204223,False,0.9818181818181818,-0.00686361771126931,0.00686361771126931,False,0.9464285714285714,0.008076667436730633,0.008076667436730633,False,0.9821428571428571,-0.05200694348575363,0.05200694348575363,False,0.5365507452093683,-0.05826484796329645,0.05826484796329645,False,0.8727272727272727,0.06634151540002708,0.8480197583134869
1280,0.8217479854777295,0.8217479854777295,0.0,0.7992260204551737,0.0,0.0,0.0,0.0,False,1.0,-0.8217479854777295,0.8217479854777295,True,0.0,-0.02252196502255588,0.02252196502255588,False,0.7901234567901234,-0.8217479854777295,0.8217479854777295,True,0.0,-0.8217479854777295,0.8217479854777295,True,0.0,0.8217479854777295,0.8217479854777295
1281,0.8287003042064408,0.8278395968927147,0.8278395968927147,0.828823159219635,0.8057754010695187,0.8302954116907605,-0.0008607073137261168,0.0008607073137261168,False,0.9777777777777777,-0.0008607073137261168,0.0008607073137261168,False,0.9777777777777777,0.00012285501319420078,0.00012285501319420078,False,0.9777777777777777,-0.02292490313692208,0.02292490313692208,False,0.678269517652909,0.00159510748431968,0.00159510748431968,False,0.9158186864014801,0.02452001062124176,0.8302954116907605
1282,0.8966889299417365,0.901372576765247,0.901372576765247,0.901372576765247,0.9015280135823429,0.901372576765247,0.004683646823510412,0.004683646823510412,False,0.9666666666666667,0.004683646823510412,0.004683646823510412,False,0.9666666666666667,0.004683646823510412,0.004683646823510412,False,0.9666666666666667,0.0048390836406063675,0.0048390836406063675,False,0.9253081943437274,0.004683646823510412,0.004683646823510412,False,0.9666666666666667,0.0048390836406063675,0.9015280135823429
1283,0.9609929078014184,0.9609929078014184,0.953999414005274,0.953999414005274,0.9705705705705706,0.953999414005274,0.0,0.0,False,1.0,-0.0069934937961444454,0.0069934937961444454,False,0.8918518518518519,-0.0069934937961444454,0.0069934937961444454,False,0.8918518518518519,0.009577662769152173,0.009577662769152173,False,0.4186046511627907,-0.0069934937961444454,0.0069934937961444454,False,0.8918518518518519,0.01657115656529662,0.9705705705705706
1293,0.6298990847218963,0.6278906797477225,0.622109158186864,0.6202444085773576,0.6540849267444748,0.667680608365019,-0.002008404974173761,0.002008404974173761,False,0.9523809523809523,-0.007789926535032299,0.007789926535032299,False,0.9302325581395349,-0.009654676144538632,0.009654676144538632,False,0.9090909090909091,0.024185842022578563,0.024185842022578563,False,0.8536197295147175,0.037781523643122705,0.037781523643122705,False,0.925,0.04743619978766134,0.667680608365019
13,0.9686120952203369,0.9693023255813954,0.9686042897109108,0.96987087517934,0.9739586585898957,0.9661706727712069,0.0006902303610585303,0.0006902303610585303,False,0.9074074074074074,-7.805509426028756e-06,7.805509426028756e-06,False,0.98,0.0012587799590031423,0.0012587799590031423,False,0.9271232876712329,0.005346563369558854,0.005346563369558854,False,0.7910809500727096,-0.0024414224491299263,0.0024414224491299263,False,0.707945205479452,0.007787985818688781,0.9739586585898957
1309,0.8894508670520231,0.88912964969303,0.8900939985538684,0.8900939985538684,0.8888086642599278,0.8894508670520231,-0.0003212173589931533,0.0003212173589931533,False,0.9772727272727273,0.000643131501845251,0.000643131501845251,False,0.9333333333333333,0.000643131501845251,0.000643131501845251,False,0.9333333333333333,-0.0006422027920953699,0.0006422027920953699,False,0.9560276679841897,0.0,0.0,False,1.0,0.001285334293940621,0.8900939985538684
131,0.9487344487344488,0.9487344487344488,0.9487344487344488,0.9498714652956298,0.9522282782943251,0.9488142504560575,0.0,0.0,False,1.0,0.0,0.0,False,0.9782608695652174,0.0011370165611810368,0.0011370165611810368,False,0.9578804347826086,0.003493829559876316,0.003493829559876316,False,0.9182948490230906,7.980172160870769e-05,7.980172160870769e-05,False,0.9565217391304348,0.003493829559876316,0.9522282782943251
1326,0.8081363386476086,0.8081363386476086,0.8081363386476086,0.8081363386476086,0.8056453984122317,0.8136117556071152,0.0,0.0,False,1.0,0.0,0.0,False,1.0,0.0,0.0,False,1.0,-0.0024909402353768817,0.0024909402353768817,False,0.9333333333333333,0.005475416959506596,0.005475416959506596,False,0.84375,0.007966357194883478,0.8136117556071152
1331,0.4909182643794147,0.48662165541385344,0.48662165541385344,0.4911660777385159,0.0,0.0,-0.004296608965561277,0.004296608965561277,False,0.9767441860465116,-0.004296608965561277,0.004296608965561277,False,0.9767441860465116,0.00024781335910117885,0.00024781335910117885,False,0.9018181818181819,-0.4909182643794147,0.4909182643794147,False,0.0,-0.4909182643794147,0.4909182643794147,False,0.0,0.4911660777385159,0.4911660777385159
1333,0.9222952779438135,0.9233532934131736,0.9233532934131736,0.9217910447761194,0.9284204167925099,0.9233532934131736,0.0010580154693601296,0.0010580154693601296,False,0.96875,0.0010580154693601296,0.0010580154693601296,False,0.96875,-0.0005042331676941014,0.0005042331676941014,False,0.9696969696969697,0.006125138848696365,0.006125138848696365,False,0.875,0.0010580154693601296,0.0010580154693601296,False,0.96875,0.006629372016390467,0.9284204167925099
1334,0.9287145720011452,0.9287145720011452,0.9287145720011452,0.9287145720011452,0.9285509325681492,0.9287145720011452,0.0,0.0,False,1.0,0.0,0.0,False,1.0,0.0,0.0,False,1.0,-0.0001636394329959101,0.0001636394329959101,False,0.8536585365853658,0.0,0.0,False,1.0,0.0001636394329959101,0.9287145720011452
1341,0.8014159292035399,0.8009193776520509,0.8009193776520509,0.7990827306403245,0.8010610079575596,0.7985193019566367,-0.0004965515514889773,0.0004965515514889773,False,0.9565217391304348,-0.0004965515514889773,0.0004965515514889773,False,0.9565217391304348,-0.002333198563215344,0.002333198563215344,False,0.9272603670972128,-0.0003549212459802442,0.0003549212459802442,False,0.9075182967398536,-0.002896627246903205,0.002896627246903205,False,0.9068027210884354,0.002896627246903205,0.8014159292035399
1345,0.9064124783362218,0.9068825910931174,0.9068825910931174,0.9068825910931174,0.9068825910931174,0.9069364161849711,0.00047011275689556875,0.00047011275689556875,False,0.9772727272727273,0.00047011275689556875,0.00047011275689556875,False,0.9772727272727273,0.00047011275689556875,0.00047011275689556875,False,0.9772727272727273,0.00047011275689556875,0.00047011275689556875,False,0.9772727272727273,0.0005239378487492674,0.0005239378487492674,False,0.9333333333333333,0.0005239378487492674,0.9069364161849711
1346,0.652086137281292,0.652086137281292,0.6287560581583199,0.6287560581583199,0.627173213135866,0.0,0.0,0.0,False,1.0,-0.023330079122972136,0.023330079122972136,False,0.8843537414965986,-0.023330079122972136,0.023330079122972136,False,0.8843537414965986,-0.024912924145426008,0.024912924145426008,False,0.8441558441558441,-0.652086137281292,0.652086137281292,True,0.0,0.652086137281292,0.652086137281292
1353,0.9209814930338948,0.9209814930338948,0.919518772038996,0.9209814930338948,0.7101123595505618,0.9178394039735099,0.0,0.0,False,1.0,-0.0014627209948987474,0.0014627209948987474,False,0.9328512396694215,0.0,0.0,False,1.0,-0.21086913348333292,0.21086913348333292,False,0.48172757475083056,-0.003142089060384823,0.003142089060384823,False,0.8724637681159421,0.21086913348333292,0.9209814930338948
1355,0.8105507039743362,0.8105507039743362,0.8105507039743362,0.8105507039743362,0.8105507039743362,0.7831006478693311,0.0,0.0,False,1.0,0.0,0.0,False,1.0,0.0,0.0,False,1.0,0.0,0.0,False,1.0,-0.02745005610500506,0.02745005610500506,False,0.9333333333333333,0.02745005610500506,0.8105507039743362
1361,0.7562120375483159,0.750067186240258,0.7420850443767386,0.5770806274353082,0.5946159936658749,0.4299093885631615,-0.006144851308057864,0.006144851308057864,False,0.8583638583638583,-0.014126993171577285,0.014126993171577285,False,0.8174418604651162,-0.1791314101130077,0.1791314101130077,False,0.35424540186444947,-0.16159604388244098,0.16159604388244098,False,0.577524893314367,-0.3263026489851544,0.3263026489851544,False,0.33798076923076925,0.3263026489851544,0.7562120375483159
1364,0.728563820344399,0.728563820344399,0.728563820344399,0.728563820344399,0.7267545422158889,0.7267545422158889,0.0,0.0,False,1.0,0.0,0.0,False,1.0,0.0,0.0,False,1.0,-0.0018092781285101722,0.0018092781285101722,False,0.9666666666666667,-0.0018092781285101722,0.0018092781285101722,False,0.9666666666666667,0.0018092781285101722,0.728563820344399
1365,0.8998045602605863,0.899895724713243,0.8956690368455075,0.8903739879192906,0.7524435186668803,0.8939354838709678,9.116445265666684e-05,9.116445265666684e-05,False,0.9518143961927424,-0.0041355234150788345,0.0041355234150788345,False,0.848989898989899,-0.00943057234129574,0.00943057234129574,False,0.848989898989899,-0.147361041593706,0.147361041593706,False,0.4830458060678168,-0.005869076389618533,0.005869076389618533,False,0.7938044530493708,0.14745220604636267,0.899895724713243
1367,0.9277028520893212,0.9277028520893212,0.9277028520893212,0.9277028520893212,0.9297584755151784,0.9277028520893212,0.0,0.0,False,0.9722222222222222,0.0,0.0,False,0.9722222222222222,0.0,0.0,False,1.0,0.0020556234258571893,0.0020556234258571893,False,0.8571428571428571,0.0,0.0,False,1.0,0.0020556234258571893,0.9297584755151784
1368,0.8309085030714517,0.8309085030714517,0.821348673697667,0.821348673697667,0.8258354755784062,0.821348673697667,0.0,0.0,False,1.0,-0.009559829373784745,0.009559829373784745,False,0.84,-0.009559829373784745,0.009559829373784745,False,0.84,-0.005073027493045501,0.005073027493045501,False,0.9310344827586207,-0.009559829373784745,0.009559829373784745,False,0.84,0.009559829373784745,0.8309085030714517
1370,0.767661310890079,0.767661310890079,0.767661310890079,0.767661310890079,0.767661310890079,0.7827569410618607,0.0,0.0,False,1.0,0.0,0.0,False,1.0,0.0,0.0,False,1.0,0.0,0.0,False,1.0,0.015095630171781615,0.015095630171781615,False,0.9655172413793104,0.015095630171781615,0.7827569410618607
1371,0.883396336144228,0.883396336144228,0.883396336144228,0.883396336144228,0.906117846067099,0.906117846067099,0.0,0.0,False,1.0,0.0,0.0,False,1.0,0.0,0.0,False,1.0,0.02272150992287103,0.02272150992287103,False,0.9,0.02272150992287103,0.02272150992287103,False,0.9,0.02272150992287103,0.906117846067099
1372,0.8649155722326454,0.8649155722326454,0.8649155722326454,0.8649155722326454,0.8649155722326454,0.864645201625508,0.0,0.0,False,1.0,0.0,0.0,False,1.0,0.0,0.0,False,0.9428571428571428,0.0,0.0,False,0.9428571428571428,-0.0002703706071374157,0.0002703706071374157,False,0.9722222222222222,0.0002703706071374157,0.8649155722326454
1373,0.853005980484734,0.853005980484734,0.8543505674653216,0.8682673588578845,0.8524693299779805,0.8682673588578845,0.0,0.0,False,1.0,0.001344586980587592,0.001344586980587592,False,0.96875,0.015261378373150558,0.015261378373150558,False,0.90625,-0.0005366505067534444,0.0005366505067534444,False,0.9411764705882353,0.015261378373150558,0.015261378373150558,False,0.90625,0.015798028879904003,0.8682673588578845
1378,0.4772793902081501,0.4772793902081501,0.4772793902081501,0.4772793902081501,0.0,0.46781609195402296,0.0,0.0,False,1.0,0.0,0.0,False,1.0,0.0,0.0,False,1.0,-0.4772793902081501,0.4772793902081501,False,0.22440159574468085,-0.009463298254127117,0.009463298254127117,False,0.9265614275909403,0.4772793902081501,0.4772793902081501
138,0.8671570748593682,0.8599577762139339,0.8671570748593682,0.8671570748593682,0.8671570748593682,0.8655122655122656,-0.007199298645434338,0.007199298645434338,False,0.9310344827586207,0.0,0.0,False,1.0,0.0,0.0,False,1.0,0.0,0.0,False,1.0,-0.0016448093471026493,0.0016448093471026493,False,0.9148936170212766,0.007199298645434338,0.8671570748593682
1380,0.8405508544881367,0.8467320261437908,0.8288132665399897,0.8288132665399897,0.7984014209591475,0.7793069142762394,0.006181171655654127,0.006181171655654127,False,0.9772727272727273,-0.011737587948147055,0.011737587948147055,False,0.8922610015174507,-0.011737587948147055,0.011737587948147055,False,0.8922610015174507,-0.042149433528989255,0.042149433528989255,False,0.8160994764397905,-0.061243940211897274,0.061243940211897274,False,0.8357142857142857,0.0674251118675514,0.8467320261437908
1381,0.5550692924872356,0.5669291338582677,0.5353915662650602,0.5099106101826661,0.5703262013328657,0.5099106101826661,0.011859841371032132,0.011859841371032132,False,0.9777777777777777,-0.01967772622217534,0.01967772622217534,False,0.9555555555555556,-0.04515868230456943,0.04515868230456943,False,0.9347826086956522,0.015256908845630135,0.015256908845630135,False,0.8222222222222222,-0.04515868230456943,0.04515868230456943,False,0.9347826086956522,0.060415591150199566,0.5703262013328657
1384,0.5661192739844425,0.5661192739844425,0.629353831371607,0.629353831371607,0.5252606255012029,0.5679829746985103,0.0,0.0,False,1.0,0.06323455738716455,0.06323455738716455,False,0.9375,0.06323455738716455,0.06323455738716455,False,0.9375,-0.04085864848323961,0.04085864848323961,False,0.94,0.0018637007140678286,0.0018637007140678286,False,0.660377358490566,0.10409320587040416,0.629353831371607
1387,0.6496062992125984,0.6496062992125984,0.6496062992125984,0.6213045518535899,0.6199764982373678,0.6213045518535899,0.0,0.0,False,1.0,0.0,0.0,False,1.0,-0.028301747359008478,0.028301747359008478,False,0.9565217391304348,-0.029629800975230602,0.029629800975230602,False,0.806282722513089,-0.028301747359008478,0.028301747359008478,False,0.9565217391304348,0.029629800975230602,0.6496062992125984
1388,0.7661434532088218,0.7661434532088218,0.765079365079365,0.7656281008136535,0.8251448187084317,0.7472359893252002,0.0,0.0,False,1.0,-0.0010640881294567972,0.0010640881294567972,False,0.9444444444444444,-0.0005153523951683114,0.0005153523951683114,False,0.918918918918919,0.05900136549960988,0.05900136549960988,False,0.8622994652406417,-0.018907463883621634,0.018907463883621634,False,0.7157894736842105,0.07790882938323151,0.8251448187084317
1397,0.8968264165488886,0.9188916876574307,0.9146186977451228,0.9125301510727434,0.9188916876574307,0.8817063595917299,0.02206527110854206,0.02206527110854206,False,0.9458858413639734,0.017792281196234216,0.017792281196234216,False,0.8833580980683506,0.015703734523854762,0.015703734523854762,False,0.8415178571428571,0.02206527110854206,0.02206527110854206,False,0.9458858413639734,-0.015120056957158678,0.015120056957158678,False,0.8222222222222222,0.03718532806570074,0.9188916876574307
1398,0.8237061313669262,0.8218540325893469,0.8218540325893469,0.8237061313669262,0.8272677892449756,0.8250681198910081,-0.001852098777579303,0.001852098777579303,False,0.9772727272727273,-0.001852098777579303,0.001852098777579303,False,0.9772727272727273,0.0,0.0,False,1.0,0.003561657878049407,0.003561657878049407,False,0.9565217391304348,0.0013619885240819807,0.0013619885240819807,False,0.9777777777777777,0.00541375665562871,0.8272677892449756
1399,0.8527191298784389,0.8527191298784389,0.8527191298784389,0.8527191298784389,0.77636903156191,0.8369523320056533,0.0,0.0,False,1.0,0.0,0.0,False,1.0,0.0,0.0,False,1.0,-0.07635009831652895,0.07635009831652895,False,0.7928913192071086,-0.015766797872785565,0.015766797872785565,False,0.9375,0.07635009831652895,0.8527191298784389
1401,0.8444546709618039,0.8444546709618039,0.0,0.0,0.6185111552904794,0.0,0.0,0.0,False,1.0,-0.8444546709618039,0.8444546709618039,True,0.0,-0.8444546709618039,0.8444546709618039,True,0.0,-0.22594351567132454,0.22594351567132454,False,0.8664047151277013,-0.8444546709618039,0.8444546709618039,True,0.0,0.8444546709618039,0.8444546709618039
1402,0.29857186889961984,0.29701553556827476,0.3073831182568225,0.3118302614659237,0.30334029227557413,0.6135123793537558,-0.0015563333313450833,0.0015563333313450833,False,0.9490651192778853,0.008811249357202677,0.008811249357202677,False,0.9171195652173914,0.013258392566303845,0.013258392566303845,False,0.8668478260869565,0.004768423375954289,0.004768423375954289,False,0.9324048913043478,0.31494051045413596,0.31494051045413596,False,0.6847826086956522,0.31649684378548104,0.6135123793537558
1406,0.5579617834394904,0.5579617834394904,0.42114589486119314,0.5579617834394904,0.42114589486119314,0.4574318628828323,0.0,0.0,False,1.0,-0.1368158885782973,0.1368158885782973,False,0.96875,0.0,0.0,False,1.0,-0.1368158885782973,0.1368158885782973,False,0.96875,-0.10052992055665816,0.10052992055665816,False,0.8480243161094225,0.1368158885782973,0.5579617834394904
1407,0.545045045045045,0.5443786982248521,0.5443786982248521,0.44798500468603564,0.6205342774380431,0.005711226128859539,-0.0006663468201929534,0.0006663468201929534,False,0.9391495601173021,-0.0006663468201929534,0.0006663468201929534,False,0.9391495601173021,-0.09706004035900939,0.09706004035900939,False,0.8950843727072634,0.0754892323929981,0.0754892323929981,False,0.6557377049180327,-0.5393338189161855,0.5393338189161855,True,0.7324185248713551,0.6148230513091836,0.6205342774380431
1410,0.7229336437718277,0.0,0.0,0.0,0.0,0.0,-0.7229336437718277,0.7229336437718277,True,0.2829537612146308,-0.7229336437718277,0.7229336437718277,True,0.2709662716499544,-0.7229336437718277,0.7229336437718277,True,0.2709662716499544,-0.7229336437718277,0.7229336437718277,True,0.2640901771336554,-0.7229336437718277,0.7229336437718277,True,0.26162260711030083,0.7229336437718277,0.7229336437718277
1411,0.6850728155339806,0.6850728155339806,0.6758455552229872,0.6850728155339806,0.5076370170709793,0.6890448581019225,0.0,0.0,False,1.0,-0.009227260310993413,0.009227260310993413,False,0.9285714285714286,0.0,0.0,False,1.0,-0.17743579846300128,0.17743579846300128,False,0.543904958677686,0.003972042567941925,0.003972042567941925,False,0.9743589743589743,0.1814078410309432,0.6890448581019225
1425,0.5857164704083193,0.5854478752675023,0.5865930357416782,0.5865930357416782,0.5857164704083193,0.5872771972956361,-0.0002685951408170073,0.0002685951408170073,False,0.9787234042553191,0.0008765653333588919,0.0008765653333588919,False,0.9549689440993789,0.0008765653333588919,0.0008765653333588919,False,0.9549689440993789,0.0,0.0,False,1.0,0.0015607268873167879,0.0015607268873167879,False,0.9127789046653144,0.0018293220281337952,0.5872771972956361
1426,0.8701364325416877,0.8701364325416877,0.8701364325416877,0.8699166456175802,0.8701364325416877,0.8688193743693239,0.0,0.0,False,0.926829268292683,0.0,0.0,False,1.0,-0.00021978692410751233,0.00021978692410751233,False,0.9761904761904762,0.0,0.0,False,0.9444003177124702,-0.0013170581723638275,0.0013170581723638275,False,0.9017595307917888,0.0013170581723638275,0.8701364325416877
1435,0.6765807446574136,0.6765807446574136,0.6765807446574136,0.6777005406598257,0.7305628353924872,0.6851087562744005,0.0,0.0,False,1.0,0.0,0.0,False,1.0,0.0011197960024120768,0.0011197960024120768,False,0.9314896291640478,0.05398209073507365,0.05398209073507365,False,0.5886571056062582,0.008528011616986908,0.008528011616986908,False,0.838189708617483,0.05398209073507365,0.7305628353924872
1436,0.8689762380635132,0.8690727373681288,0.8690727373681288,0.8693333333333333,0.8700022336385973,0.8694975544686527,9.649930461563816e-05,9.649930461563816e-05,False,0.9803921568627451,9.649930461563816e-05,9.649930461563816e-05,False,0.9803921568627451,0.00035709526982008466,0.00035709526982008466,False,0.9221772379667117,0.0010259955750840932,0.0010259955750840932,False,0.7447619047619047,0.0005213164051395269,0.0005213164051395269,False,0.9345794392523364,0.0010259955750840932,0.8700022336385973
1437,0.7633158768680547,0.7633158768680547,0.7633158768680547,0.7556071152358855,0.7565899447087566,0.7893564031983222,0.0,0.0,False,1.0,0.0,0.0,False,1.0,-0.007708761632169159,0.007708761632169159,False,0.9494047619047619,-0.006725932159298065,0.006725932159298065,False,0.854419410745234,0.026040526330267544,0.026040526330267544,False,0.8848553601815088,0.0337492879624367,0.7893564031983222
1442,0.7382528127068166,0.7144915932746196,0.8365204349456318,0.8051245037892457,0.7336402499177902,0.8376196733621175,-0.023761219432197,0.023761219432197,False,0.9433962264150944,0.09826762223881513,0.09826762223881513,False,0.7714508580343213,0.06687169108242907,0.06687169108242907,False,0.7889908256880734,-0.004612562789026442,0.004612562789026442,False,0.7116279069767442,0.09936686065530087,0.09936686065530087,False,0.783083771752327,0.12312808008749787,0.8376196733621175
1457,0.9469762109486959,0.9505462909718229,0.9420496717099629,0.9434608794974301,0.955310504933256,0.7792941176470588,0.003570080023126976,0.003570080023126976,False,0.9210526315789473,-0.004926539238732985,0.004926539238732985,False,0.9047619047619048,-0.003515331451265813,0.003515331451265813,False,0.95,0.008334293984560093,0.008334293984560093,False,0.8575317604355717,-0.16768209330163708,0.16768209330163708,False,0.7226765799256506,0.17601638728619717,0.955310504933256
1458,0.6510426277911053,0.6223160858852517,0.6223160858852517,0.6337345069157535,0.6577281191806331,0.6264804666784515,-0.028726541905853664,0.028726541905853664,False,0.9182608695652174,-0.028726541905853664,0.028726541905853664,False,0.9182608695652174,-0.01730812087535183,0.01730812087535183,False,0.96,0.006685491389527787,0.006685491389527787,False,0.8791458427987279,-0.024562161112653857,0.024562161112653857,False,0.8006206361520558,0.03541203329538145,0.6577281191806331
1459,0.8904262441419326,0.875,0.875,0.8721968212497279,0.49122807017543857,0.8623577410350011,-0.01542624414193261,0.01542624414193261,False,0.952921157118548,-0.01542624414193261,0.01542624414193261,False,0.952921157118548,-0.01822942289220475,0.01822942289220475,False,0.9302325581395349,-0.39919817396649404,0.39919817396649404,False,0.45,-0.02806850310693154,0.02806850310693154,False,0.8682170542635659,0.39919817396649404,0.8904262441419326
1461,0.5617261248007847,0.5611757501530925,0.4391833604907505,0.38676844783715014,0.4864635311604204,0.3815811465819823,-0.0005503746476921423,0.0005503746476921423,False,0.987012987012987,-0.12254276431003414,0.12254276431003414,False,0.9127450980392157,-0.1749576769636345,0.1749576769636345,False,0.8568798895536125,-0.07526259364036425,0.07526259364036425,False,0.9174311926605505,-0.18014497821880238,0.18014497821880238,False,0.8113289760348584,0.18014497821880238,0.5617261248007847
1464,0.7854010468241618,0.7906579322130447,0.7654924514737599,0.7652123995407577,0.7197312691689791,0.7892338365138137,0.005256885388882915,0.005256885388882915,False,0.9767441860465116,-0.019908595350401903,0.019908595350401903,False,0.8939692550256209,-0.020188647283404082,0.020188647283404082,False,0.910524241229799,-0.06566977765518267,0.06566977765518267,False,0.8153204398938187,0.0038327896896519498,0.0038327896896519498,False,0.9601891998423334,0.07092666304406559,0.7906579322130447
1465,0.9350045225481328,0.9364791288566243,0.9350045225481328,0.9353002070393375,0.9348837209302325,0.9362363919129082,0.0014746063084914995,0.0014746063084914995,False,0.876875,0.0,0.0,False,1.0,0.0002956844912046508,0.0002956844912046508,False,0.915,-0.0001208016179002902,0.0001208016179002902,False,0.8978840846366145,0.0012318693647753731,0.0012318693647753731,False,0.905625,0.0015954079263917897,0.9364791288566243
1466,0.7072243346007605,0.7072243346007605,0.8341538894359263,0.8632192279679534,0.8543437545022331,0.7641752577319587,0.0,0.0,False,1.0,0.12692955483516577,0.12692955483516577,False,0.9144411473788329,0.15599489336719286,0.15599489336719286,False,0.8732673267326733,0.1471194199014726,0.1471194199014726,False,0.8546511627906976,0.056950923131198206,0.056950923131198206,False,0.8581560283687943,0.15599489336719286,0.8632192279679534
1472,0.5470343785417454,0.5484848484848485,0.5735819119397064,0.5735819119397064,0.6341463414634146,0.6475409836065574,0.0014504699431030499,0.0014504699431030499,False,0.975609756097561,0.02654753339796101,0.02654753339796101,False,0.9172473867595818,0.02654753339796101,0.02654753339796101,False,0.9172473867595818,0.08711196292166923,0.08711196292166923,False,0.628099173553719,0.10050660506481202,0.10050660506481202,False,0.8702090592334495,0.10050660506481202,0.6475409836065574
1477,0.5202639019792649,0.5202639019792649,0.5209185278389431,0.52059100911663,0.5204531151667715,0.518796992481203,0.0,0.0,False,0.9534883720930233,0.0006546258596782373,0.0006546258596782373,False,0.8809917355371901,0.00032710713736516794,0.00032710713736516794,False,0.8168582375478928,0.00018921318750664273,0.00018921318750664273,False,0.8951198630136986,-0.0014669094980618302,0.0014669094980618302,False,0.8247582205029014,0.0021215353577400675,0.5209185278389431
1480,0.7056451612903226,0.7088287376675942,0.7088287376675942,0.7060010085728694,0.709546720688782,0.7208226221079691,0.003183576377271624,0.003183576377271624,False,0.8584169453734671,0.003183576377271624,0.003183576377271624,False,0.8584169453734671,0.000355847282546784,0.000355847282546784,False,0.9319955406911928,0.0039015593984593755,0.0039015593984593755,False,0.8461538461538461,0.015177460817646482,0.015177460817646482,False,0.7119741100323624,0.015177460817646482,0.7208226221079691
1481,0.67960721625942,0.3600201409869084,0.3820915926179084,0.08043257857384252,0.02288135593220339,0.7109540636042403,-0.3195870752725116,0.3195870752725116,False,0.9761904761904762,-0.2975156236415116,0.2975156236415116,False,0.7481751824817519,-0.5991746376855774,0.5991746376855774,True,0.6666666666666666,-0.6567258603272166,0.6567258603272166,True,0.6446540880503144,0.031346847344820294,0.031346847344820294,False,0.8709844559585492,0.6880727076720369,0.7109540636042403
1482,0.611023067441451,0.611023067441451,0.611023067441451,0.6129659070835541,0.6425492033739456,0.611023067441451,0.0,0.0,False,1.0,0.0,0.0,False,1.0,0.001942839642103178,0.001942839642103178,False,0.9767441860465116,0.03152613593249465,0.03152613593249465,False,0.8604651162790697,0.0,0.0,False,1.0,0.03152613593249465,0.6425492033739456
1483,0.8054206085400153,0.8054206085400153,0.8054206085400153,0.8107833163784334,0.7348923361889326,0.8059624775122076,0.0,0.0,False,1.0,0.0,0.0,False,1.0,0.005362707838418079,0.005362707838418079,False,0.9411764705882353,-0.07052827235108272,0.07052827235108272,False,0.8881179531656548,0.0005418689721923275,0.0005418689721923275,False,0.8924640135478408,0.0758909801895008,0.8107833163784334
1484,0.9045685279187817,0.8849372384937239,0.8849372384937239,0.8849372384937239,0.8806584362139918,0.9055283414975507,-0.019631289425057874,0.019631289425057874,False,0.9666666666666667,-0.019631289425057874,0.019631289425057874,False,0.9666666666666667,-0.019631289425057874,0.019631289425057874,False,0.9666666666666667,-0.02391009170478997,0.02391009170478997,False,0.8759439050701187,0.0009598135787689532,0.0009598135787689532,False,0.7969639468690702,0.024869905283558924,0.9055283414975507
1485,0.9523565573770492,0.9523565573770492,0.9523565573770492,0.6198071866783523,0.006121968448316459,0.006121968448316459,0.0,0.0,False,1.0,0.0,0.0,False,1.0,-0.33254937069869683,0.33254937069869683,False,0.9090909090909091,-0.9462345889287327,0.9462345889287327,True,0.7427055702917772,-0.9462345889287327,0.9462345889287327,True,0.7427055702917772,0.9462345889287327,0.9523565573770492
1488,0.5319314641744548,0.5941713788603741,0.6480500722195475,0.6359360301034808,0.6479690522243714,0.6336910872608493,0.06223991468591927,0.06223991468591927,False,0.8959349593495934,0.11611860804509266,0.11611860804509266,False,0.751219512195122,0.10400456592902596,0.10400456592902596,False,0.8252032520325203,0.1160375880499166,0.1160375880499166,False,0.7780487804878049,0.10175962308639452,0.10175962308639452,False,0.848780487804878,0.11611860804509266,0.6480500722195475
1490,0.5775683317624882,0.5916200038617494,0.5510791366906475,0.5574963609898108,0.5761564497931553,0.5439375110953311,0.01405167209926117,0.01405167209926117,False,0.8859357696566998,-0.026489195071840776,0.026489195071840776,False,0.8724637681159421,-0.020071970772677417,0.020071970772677417,False,0.892292490118577,-0.001411881969332951,0.001411881969332951,False,0.9772727272727273,-0.03363082066715717,0.03363082066715717,False,0.7658314350797266,0.04768249276641834,0.5916200038617494
1491,0.4872032069071847,0.5143229166666666,0.4795144157814871,0.4869029275808937,0.519053876478318,0.4849600982197667,0.027119709759481914,0.027119709759481914,False,0.9375,-0.007688791125697592,0.007688791125697592,False,0.9142857142857143,-0.0003002793262910086,0.0003002793262910086,False,0.8888888888888888,0.031850669571133305,0.031850669571133305,False,0.875,-0.002243108687418005,0.002243108687418005,False,0.9696969696969697,0.0395394606968309,0.519053876478318
1492,0.46372138019993553,0.47521480502313285,0.47521480502313285,0.46372138019993553,0.48778833107191316,0.4872924432395798,0.011493424823197318,0.011493424823197318,False,0.9666666666666667,0.011493424823197318,0.011493424823197318,False,0.9666666666666667,0.0,0.0,False,1.0,0.024066950871977633,0.024066950871977633,False,0.9051724137931034,0.02357106303964429,0.02357106303964429,False,0.9022222222222223,0.024066950871977633,0.48778833107191316
1493,0.87044356609574,0.8680981595092024,0.8686691515018636,0.5870698644421272,0.8693356797184338,0.7229827089337176,-0.0023454065865375906,0.0023454065865375906,False,0.9830508474576272,-0.0017744145938763944,0.0017744145938763944,False,0.9655172413793104,-0.28337370165361286,0.28337370165361286,False,0.8565234528971226,-0.0011078863773061887,0.0011078863773061887,False,0.9438567941415785,-0.1474608571620224,0.1474608571620224,False,0.8432624113475178,0.28337370165361286,0.87044356609574
1495,0.9144542772861357,0.9144542772861357,0.9144542772861357,0.9157941306591948,0.9144542772861357,0.9144542772861357,0.0,0.0,False,1.0,0.0,0.0,False,1.0,0.0013398533730590856,0.0013398533730590856,False,0.9565217391304348,0.0,0.0,False,1.0,0.0,0.0,False,1.0,0.0013398533730590856,0.9157941306591948
1496,0.8741359071344724,0.8852459016393442,0.8852459016393442,0.8650170395614165,0.9250462238657374,0.8202123764188942,0.011109994504871823,0.011109994504871823,False,0.9666666666666667,0.011109994504871823,0.011109994504871823,False,0.9666666666666667,-0.009118867573055911,0.009118867573055911,False,0.8389830508474576,0.050910316731265004,0.050910316731265004,False,0.5717514124293785,-0.053923530715578205,0.053923530715578205,False,0.9513571620532115,0.10483384744684321,0.9250462238657374
1497,0.6100719424460431,0.6097701149425288,0.6097701149425288,0.6086873325679296,0.6079556320520176,0.7719081708220192,-0.0003018275035143736,0.0003018275035143736,False,0.9827586206896551,-0.0003018275035143736,0.0003018275035143736,False,0.9827586206896551,-0.0013846098781135074,0.0013846098781135074,False,0.9661016949152542,-0.002116310394025489,0.002116310394025489,False,0.9284099472494348,0.1618362283759761,0.1618362283759761,False,0.5159914712153518,0.1639525387700016,0.7719081708220192
1498,0.42031312725812925,0.42031312725812925,0.4060324825986079,0.4090377873003506,0.42031312725812925,0.4090377873003506,0.0,0.0,False,1.0,-0.014280644659521335,0.014280644659521335,False,0.8837209302325582,-0.01127533995777863,0.01127533995777863,False,0.9047619047619048,0.0,0.0,False,1.0,-0.01127533995777863,0.01127533995777863,False,0.9047619047619048,0.014280644659521335,0.42031312725812925
150,0.9419439868204283,0.6360264900662251,0.6360264900662251,0.6463693924289371,0.5715056872951609,0.6314389573543754,-0.3059174967542032,0.3059174967542032,False,0.7032967032967034,-0.3059174967542032,0.3059174967542032,False,0.7032967032967034,-0.29557459439149125,0.29557459439149125,False,0.6947248143210817,-0.3704382995252674,0.3704382995252674,False,0.5951579284912618,-0.31050502946605296,0.31050502946605296,False,0.5909973521624007,0.3704382995252674,0.9419439868204283
1509,0.6895910780669146,0.6904734209608003,0.6960910905035802,0.6995399315795683,0.617928452579035,0.6922448979591836,0.0008823428938857791,0.0008823428938857791,False,0.9636363636363636,0.0065000124366656475,0.0065000124366656475,False,0.8988476312419974,0.009948853512653733,0.009948853512653733,False,0.8880820162323794,-0.0716626254878796,0.0716626254878796,False,0.802118804388952,0.0026538198922690936,0.0026538198922690936,False,0.8755573571139035,0.08161147900053334,0.6995399315795683
1519,0.8368298368298368,0.8370681605975724,0.8343016500116198,0.831981460023175,0.8366348170589606,0.8219679633867277,0.00023832376773558206,0.00023832376773558206,False,0.96875,-0.002528186818216982,0.002528186818216982,False,0.9197860962566845,-0.004848376806661836,0.004848376806661836,False,0.850632911392405,-0.0001950197708762147,0.0001950197708762147,False,0.9258997882851094,-0.014861873443109075,0.014861873443109075,False,0.8067226890756303,0.015100197210844657,0.8370681605975724
152,0.9697135809236672,0.9693234730210901,0.9693234730210901,0.9697301739487741,0.968976356430231,0.9691654104426477,-0.00039010790257709704,0.00039010790257709704,False,0.9555555555555556,-0.00039010790257709704,0.00039010790257709704,False,0.9555555555555556,1.659302510692573e-05,1.659302510692573e-05,False,0.9545454545454546,-0.0007372244934362726,0.0007372244934362726,False,0.8361111111111111,-0.0005481704810195165,0.0005481704810195165,False,0.7940298507462686,0.0007538175185431983,0.9697301739487741
1529,0.8577467765800042,0.8577467765800042,0.8639557164147328,0.8639557164147328,0.8727116088735731,0.8577467765800042,0.0,0.0,False,1.0,0.0062089398347285885,0.0062089398347285885,False,0.9777777777777777,0.0062089398347285885,0.0062089398347285885,False,0.9777777777777777,0.01496483229356893,0.01496483229356893,False,0.9053497942386831,0.0,0.0,False,1.0,0.01496483229356893,0.8727116088735731
1533,0.5293546821931101,0.5372327353158024,0.5237868696479543,0.5204582651391162,0.5348892593474637,0.35014836795252224,0.007878053122692297,0.007878053122692297,False,0.9003215434083601,-0.005567812545155815,0.005567812545155815,False,0.8857808857808858,-0.00889641705399391,0.00889641705399391,False,0.8837209302325582,0.0055345771543535704,0.0055345771543535704,False,0.7032835820895522,-0.17920631424058786,0.17920631424058786,False,0.7492211838006231,0.18708436736328016,0.5372327353158024
1534,0.8443093549476528,0.8423180592991913,0.8443093549476528,0.8423180592991913,0.8423180592991913,0.8443093549476528,-0.0019912956484614552,0.0019912956484614552,False,0.9772727272727273,0.0,0.0,False,1.0,-0.0019912956484614552,0.0019912956484614552,False,0.9772727272727273,-0.0019912956484614552,0.0019912956484614552,False,0.9772727272727273,0.0,0.0,False,1.0,0.0019912956484614552,0.8443093549476528
1535,0.8714837286265857,0.8760742999722761,0.8310118265440211,0.829485834207765,0.8860190903986525,0.8195956454121306,0.0045905713456904085,0.0045905713456904085,False,0.9476584022038568,-0.04047190208256468,0.04047190208256468,False,0.809469480889903,-0.041997894418820736,0.041997894418820736,False,0.809469480889903,0.014535361772066713,0.014535361772066713,False,0.8154269972451791,-0.05188808321445515,0.05188808321445515,False,0.7078651685393258,0.06642344498652186,0.8860190903986525
1536,0.8286624203821656,0.8305138844557932,0.8382731958762887,0.8347770291947385,0.8329065300896287,0.7953573610262675,0.0018514640736275734,0.0018514640736275734,False,0.9487179487179487,0.009610775494123036,0.009610775494123036,False,0.8717948717948718,0.006114608812572864,0.006114608812572864,False,0.8974358974358975,0.0042441097074630285,0.0042441097074630285,False,0.7979274611398963,-0.033305059355898115,0.033305059355898115,False,0.7520661157024794,0.04291583485002115,0.8382731958762887
1545,0.4648068168553753,0.6156478456991756,0.7425195349723651,0.7548534449942901,0.486143328042974,0.6311670636270841,0.15084102884380035,0.15084102884380035,False,0.5925925925925926,0.27771271811698983,0.27771271811698983,False,0.3328042328042328,0.2900466281389148,0.2900466281389148,False,0.35793650793650794,0.021336511187598717,0.021336511187598717,False,0.7936507936507936,0.1663602467717088,0.1663602467717088,False,0.4973544973544973,0.2900466281389148,0.7548534449942901
1546,0.9386225610543998,0.8739938939772411,0.8739938939772411,0.8316974595842956,0.550330639235856,0.9070045421945971,-0.06462866707715864,0.06462866707715864,False,0.9576957695769577,-0.06462866707715864,0.06462866707715864,False,0.9576957695769577,-0.10692510147010414,0.10692510147010414,False,0.9487179487179487,-0.3882919218185438,0.3882919218185438,False,0.5494505494505495,-0.031618018859802643,0.031618018859802643,False,0.8524590163934426,0.3882919218185438,0.9386225610543998
1547,0.602091020910209,0.5964153275648949,0.5964153275648949,0.602091020910209,0.5964153275648949,0.5966646077825818,-0.005675693345314148,0.005675693345314148,False,0.9787234042553191,-0.005675693345314148,0.005675693345314148,False,0.9787234042553191,0.0,0.0,False,1.0,-0.005675693345314148,0.005675693345314148,False,0.9787234042553191,-0.005426413127627261,0.005426413127627261,False,0.9375,0.005675693345314148,0.602091020910209
1548,0.7000849617672048,0.7000849617672048,0.7031732659365347,0.7024595924104006,0.7000849617672048,0.7476357741151041,0.0,0.0,False,1.0,0.003088304169329925,0.003088304169329925,False,0.9333333333333333,0.002374630643195763,0.002374630643195763,False,0.9555555555555556,0.0,0.0,False,1.0,0.04755081234789926,0.04755081234789926,False,0.8998628257887518,0.04755081234789926,0.7476357741151041
1551,0.8254016832440704,0.8404802744425386,0.6172330930312393,0.6402373887240356,0.8700564971751412,0.6285114815246532,0.015078591198468216,0.015078591198468216,False,0.9074074074074074,-0.20816859021283107,0.20816859021283107,False,0.9014662756598241,-0.1851642945200348,0.1851642945200348,False,0.9314586994727593,0.04465481393107085,0.04465481393107085,False,0.7704918032786885,-0.19689020171941718,0.19689020171941718,False,0.7424242424242424,0.2528234041439019,0.8700564971751412
1552,0.5252401389740445,0.5269658295594895,0.5269658295594895,0.5269658295594895,0.5310316481709824,0.5386368344727575,0.0017256905854449167,0.0017256905854449167,False,0.9722222222222222,0.0017256905854449167,0.0017256905854449167,False,0.9722222222222222,0.0017256905854449167,0.0017256905854449167,False,0.9722222222222222,0.005791509196937827,0.005791509196937827,False,0.8852071005917159,0.013396695498712918,0.013396695498712918,False,0.7896117523609654,0.013396695498712918,0.5386368344727575
1555,0.6789566581682683,0.6786904528523818,0.6768328445747801,0.6778930879185432,0.6763039656182849,0.66963249516441,-0.000266205315886503,0.000266205315886503,False,0.9836065573770492,-0.002123813593488233,0.002123813593488233,False,0.9601873536299765,-0.0010635702497251431,0.0010635702497251431,False,0.9227306826706677,-0.0026526925499834597,0.0026526925499834597,False,0.8735795454545454,-0.009324163003858299,0.009324163003858299,False,0.8282828282828283,0.009324163003858299,0.6789566581682683
1559,0.8203052008720025,0.8099630996309963,0.8099630996309963,0.8099630996309963,0.8125964803951837,0.841701311160857,-0.010342101241006207,0.010342101241006207,False,0.9772727272727273,-0.010342101241006207,0.010342101241006207,False,0.9772727272727273,-0.010342101241006207,0.010342101241006207,False,0.9772727272727273,-0.007708720476818809,0.007708720476818809,False,0.8338557993730408,0.021396110288854464,0.021396110288854464,False,0.9039039039039038,0.03173821152986067,0.841701311160857
156,0.9623976468717704,0.9625830052884806,0.9653400782515907,0.9652527967743211,0.822093128800944,0.9626391096979332,0.0001853584167101907,0.0001853584167101907,False,0.9514637904468413,0.0029424313798203094,0.0029424313798203094,False,0.5905451185709886,0.0028551499025506466,0.0028551499025506466,False,0.6145833333333334,-0.14030451807082644,0.14030451807082644,False,0.7596302003081664,0.00024146282616277492,0.00024146282616277492,False,0.9244011976047904,0.14324694945064675,0.9653400782515907
1560,0.9044276457883369,0.9054054054054054,0.900804289544236,0.8991169387208992,0.900804289544236,0.9052631578947369,0.0009777596170684744,0.0009777596170684744,False,0.9411764705882353,-0.003623356244100928,0.003623356244100928,False,0.8417329796640142,-0.005310707067437748,0.005310707067437748,False,0.80067283431455,-0.003623356244100928,0.003623356244100928,False,0.8638838475499092,0.0008355121063999826,0.0008355121063999826,False,0.677115987460815,0.006288466684506222,0.9054054054054054
1563,0.6777623670827554,0.6777623670827554,0.6777623670827554,0.6651604157252599,0.9035916824196597,0.6627433227704844,0.0,0.0,False,1.0,0.0,0.0,False,1.0,-0.012601951357495533,0.012601951357495533,False,0.909919028340081,0.2258293153369043,0.2258293153369043,False,0.8731182795698925,-0.015019044312270968,0.015019044312270968,False,0.775,0.24084835964917528,0.9035916824196597
1564,0.6417736289381564,0.6704637917005696,0.6704637917005696,0.6704637917005696,0.6980491942324003,0.6152125279642058,0.028690162762413207,0.028690162762413207,False,0.9714285714285714,0.028690162762413207,0.028690162762413207,False,0.9714285714285714,0.028690162762413207,0.028690162762413207,False,0.9714285714285714,0.056275565294243934,0.056275565294243934,False,0.8533333333333334,-0.02656110097395059,0.02656110097395059,False,0.9406858202038925,0.08283666626819453,0.6980491942324003
1574,0.8191089640365002,0.8191089640365002,0.8193288590604026,0.8194258116447545,0.809679173463839,0.8193288590604026,0.0,0.0,False,1.0,0.00021989502390240556,0.00021989502390240556,False,0.972972972972973,0.00031684760825423375,0.00031684760825423375,False,0.9736842105263158,-0.009429790572661245,0.009429790572661245,False,0.7567567567567568,0.00021989502390240556,0.00021989502390240556,False,0.972972972972973,0.009746638180915479,0.8194258116447545
1575,0.745574310415809,0.745574310415809,0.745574310415809,0.7483579638752053,0.7343035343035343,0.7460415381451778,0.0,0.0,False,1.0,0.0,0.0,False,1.0,0.0027836534593962403,0.0027836534593962403,False,0.9189985272459499,-0.011270776112274672,0.011270776112274672,False,0.703125,0.0004672277293688021,0.0004672277293688021,False,0.8465608465608465,0.014054429571670912,0.7483579638752053
1577,0.8895146595991387,0.8895146595991387,0.8895146595991387,0.8895146595991387,0.8225142184742106,0.8883374689826302,0.0,0.0,False,1.0,0.0,0.0,False,1.0,0.0,0.0,False,1.0,-0.06700044112492809,0.06700044112492809,False,0.7066950053134963,-0.00117719061650845,0.00117719061650845,False,0.9333333333333333,0.06700044112492809,0.8895146595991387
1579,0.8943713450292398,0.8943713450292398,0.8943713450292398,0.8906278434940855,0.8965011906942664,0.8875589408777657,0.0,0.0,False,1.0,0.0,0.0,False,1.0,-0.0037435015351542367,0.0037435015351542367,False,0.9777777777777777,0.0021298456650266084,0.0021298456650266084,False,0.9772727272727273,-0.006812404151474105,0.006812404151474105,False,0.9322997416020672,0.008942249816500714,0.8965011906942664
1583,0.749110115971983,0.749110115971983,0.0,0.0,0.7306566779819735,0.7292648444863337,0.0,0.0,False,1.0,-0.749110115971983,0.749110115971983,True,0.0,-0.749110115971983,0.749110115971983,True,0.0,-0.018453437990009425,0.018453437990009425,False,0.8,-0.019845271485649296,0.019845271485649296,False,0.7899641577060932,0.749110115971983,0.749110115971983
1585,0.926000734484025,0.9283614988978692,0.9273547555473713,0.929289170078154,0.7804982817869416,0.8354324097397146,0.002360764413844252,0.002360764413844252,False,0.953062392673154,0.0013540210633463667,0.0013540210633463667,False,0.9782608695652174,0.0032884355941290577,0.0032884355941290577,False,0.9253819036427732,-0.1455024526970834,0.1455024526970834,False,0.7831962397179788,-0.09056832474431042,0.09056832474431042,False,0.7798270893371758,0.14879088829121245,0.929289170078154
1587,0.767244251916028,0.7657366451173868,0.7657366451173868,0.6033065841632022,0.8235100156623526,0.5597129677088672,-0.0015076067986411479,0.0015076067986411479,False,0.9215425531914894,-0.0015076067986411479,0.0015076067986411479,False,0.9215425531914894,-0.1639376677528258,0.1639376677528258,False,0.8238031914893617,0.05626576374632464,0.05626576374632464,False,0.8359659781287971,-0.20753128420716072,0.20753128420716072,False,0.6316489361702128,0.26379704795348535,0.8235100156623526
1588,0.8825581395348837,0.8826520504523542,0.8826520504523542,0.8856937455068297,0.5880942184154175,0.8852608894403448,9.391091747046332e-05,9.391091747046332e-05,False,0.7205882352941176,9.391091747046332e-05,9.391091747046332e-05,False,0.7205882352941176,0.003135605971945954,0.003135605971945954,False,0.8080065359477124,-0.2944639211194662,0.2944639211194662,False,0.4852941176470588,0.0027027499054610438,0.0027027499054610438,False,0.832807570977918,0.29759952709141213,0.8856937455068297
1590,0.6792452830188679,0.6999498243853487,0.6999498243853487,0.6648005598320503,0.6979194100605741,0.6720688781970119,0.02070454136648081,0.02070454136648081,False,0.9195402298850575,0.02070454136648081,0.02070454136648081,False,0.9195402298850575,-0.014444723186817554,0.014444723186817554,False,0.8925170068027211,0.018674127041706234,0.018674127041706234,False,0.8978658536585366,-0.007176404821855997,0.007176404821855997,False,0.8292682926829268,0.035149264553298365,0.6999498243853487
1591,0.5409356725146199,0.541727672035139,0.541727672035139,0.537356785541391,0.8443857331571994,0.05786219081272085,0.0007919995205191155,0.0007919995205191155,False,0.9767441860465116,0.0007919995205191155,0.0007919995205191155,False,0.9767441860465116,-0.0035788869732289452,0.0035788869732289452,False,0.9258997882851094,0.3034500606425795,0.3034500606425795,False,0.7475177304964539,-0.48307348170189907,0.48307348170189907,True,0.748792270531401,0.7865235423444786,0.8443857331571994
1596,0.7172512526843235,0.7172512526843235,0.7177650429799427,0.7217015140591204,0.7177650429799427,0.7177650429799427,0.0,0.0,False,1.0,0.0005137902956191542,0.0005137902956191542,False,0.9302325581395349,0.004450261374796871,0.004450261374796871,False,0.8109756097560976,0.0005137902956191542,0.0005137902956191542,False,0.9302325581395349,0.0005137902956191542,0.0005137902956191542,False,0.9523809523809523,0.004450261374796871,0.7217015140591204
16,0.718562874251497,0.718562874251497,0.718562874251497,0.718562874251497,0.718562874251497,0.7004754358161648,0.0,0.0,False,1.0,0.0,0.0,False,1.0,0.0,0.0,False,1.0,0.0,0.0,False,1.0,-0.018087438435332226,0.018087438435332226,False,0.96875,0.018087438435332226,0.718562874251497
1600,0.8473026516306005,0.8473026516306005,0.7436750998668442,0.7436750998668442,0.8890190336749634,0.7319960539296284,0.0,0.0,False,1.0,-0.10362755176375626,0.10362755176375626,False,0.9534883720930233,-0.10362755176375626,0.10362755176375626,False,0.9534883720930233,0.0417163820443629,0.0417163820443629,False,0.926829268292683,-0.11530659770097207,0.11530659770097207,False,0.9318181818181818,0.15702297974533497,0.8890190336749634
1601,0.7268275620846449,0.7340162486753797,0.8114017961733698,0.7025016903313049,0.7732093023255814,0.701671450278575,0.007188686590734794,0.007188686590734794,False,0.9615384615384616,0.08457423408872489,0.08457423408872489,False,0.8461538461538461,-0.02432587175334,0.02432587175334,False,0.8821428571428571,0.04638174024093644,0.04638174024093644,False,0.9291497975708503,-0.025156111806069914,0.025156111806069914,False,0.8666666666666667,0.1097303458947948,0.8114017961733698
1619,0.8498060225383336,0.8501664816870145,0.8501664816870145,0.8501664816870145,0.8498060225383336,0.8513788635942995,0.0003604591486808806,0.0003604591486808806,False,0.9772727272727273,0.0003604591486808806,0.0003604591486808806,False,0.9772727272727273,0.0003604591486808806,0.0003604591486808806,False,0.9772727272727273,0.0,0.0,False,1.0,0.00157284105596589,0.00157284105596589,False,0.9333333333333333,0.00157284105596589,0.8513788635942995
1628,0.6542713567839196,0.6542713567839196,0.6542713567839196,0.6507462686567164,0.6576623376623376,0.6443019240256537,0.0,0.0,False,1.0,0.0,0.0,False,1.0,-0.003525088127203202,0.003525088127203202,False,0.9767441860465116,0.0033909808784180484,0.0033909808784180484,False,0.9523809523809523,-0.009969432758265895,0.009969432758265895,False,0.909382518043304,0.013360413636683943,0.6576623376623376
1629,0.8899150350942002,0.6933982528998998,0.6933982528998998,0.6933982528998998,0.7248844563366578,0.7561265762550559,-0.19651678219430047,0.19651678219430047,False,0.3871817383669886,-0.19651678219430047,0.19651678219430047,False,0.3871817383669886,-0.19651678219430047,0.19651678219430047,False,0.3814878892733564,-0.16503057875754246,0.16503057875754246,False,0.8109756097560976,-0.13378845883914436,0.13378845883914436,False,0.8673913043478261,0.19651678219430047,0.8899150350942002
1630,0.9196296793237623,0.9203278248018272,0.9168449197860963,0.9173354735152488,0.9162324649298598,0.9162324649298598,0.0006981454780649043,0.0006981454780649043,False,0.9772727272727273,-0.002784759537665993,0.002784759537665993,False,0.8853644963828603,-0.002294205808513472,0.002294205808513472,False,0.9055207740466704,-0.0033972143939025035,0.0033972143939025035,False,0.925,-0.0033972143939025035,0.0033972143939025035,False,0.925,0.004095359871967408,0.9203278248018272
1644,0.9088669950738916,0.9083292262198127,0.9083292262198127,0.9088669950738916,0.9091806515301086,0.9083292262198127,-0.0005377688540788572,0.0005377688540788572,False,0.9761904761904762,-0.0005377688540788572,0.0005377688540788572,False,0.9761904761904762,0.0,0.0,False,1.0,0.0003136564562170596,0.0003136564562170596,False,0.9318181818181818,-0.0005377688540788572,0.0005377688540788572,False,0.9761904761904762,0.0008514253102959168,0.9091806515301086
1645,0.8911968348170128,0.8911968348170128,0.8911968348170128,0.8911968348170128,0.8796680497925311,0.8911968348170128,0.0,0.0,False,1.0,0.0,0.0,False,1.0,0.0,0.0,False,1.0,-0.011528785024481736,0.011528785024481736,False,0.8711111111111111,0.0,0.0,False,1.0,0.011528785024481736,0.8911968348170128
1646,0.9032536091359621,0.8353879622915156,0.8353879622915156,0.8353879622915156,0.8292563600782779,0.8478664192949907,-0.06786564684444651,0.06786564684444651,False,0.8731182795698925,-0.06786564684444651,0.06786564684444651,False,0.8731182795698925,-0.06786564684444651,0.06786564684444651,False,0.8731182795698925,-0.07399724905768423,0.07399724905768423,False,0.843010752688172,-0.05538718984097135,0.05538718984097135,False,0.9043010752688172,0.07399724905768423,0.9032536091359621
1647,0.0,0.0,0.0,0.0,0.0,0.0,0.0,0.0,False,1.0,0.0,0.0,False,1.0,0.0,0.0,False,1.0,0.0,0.0,False,0.87890625,0.0,0.0,False,0.908203125,0.0,0.0
1648,0.9502601456815817,0.9498647805283961,0.9512296790329304,0.9514279758182197,0.9502601456815817,0.9512296790329304,-0.0003953651531856117,0.0003953651531856117,False,0.9236918604651163,0.0009695333513487503,0.0009695333513487503,False,0.8362369337979094,0.001167830136638015,0.001167830136638015,False,0.82930200414651,0.0,0.0,False,0.8780487804878049,0.0009695333513487503,0.0009695333513487503,False,0.8362369337979094,0.0015631952898236268,0.9514279758182197
1656,0.8294153104279687,0.8294153104279687,0.8294153104279687,0.8294153104279687,0.8018648018648019,0.8294153104279687,0.0,0.0,False,1.0,0.0,0.0,False,1.0,0.0,0.0,False,1.0,-0.027550508563166765,0.027550508563166765,False,0.8689655172413793,0.0,0.0,False,1.0,0.027550508563166765,0.8294153104279687
1657,0.7492103600758054,0.7492103600758054,0.7072152653548003,0.7030231179608772,0.7492103600758054,0.7389408099688474,0.0,0.0,False,1.0,-0.041995094721005155,0.041995094721005155,False,0.9011494252873563,-0.046187242114928195,0.046187242114928195,False,0.843010752688172,0.0,0.0,False,1.0,-0.01026955010695807,0.01026955010695807,False,0.9655172413793104,0.046187242114928195,0.7492103600758054
1665,0.831858407079646,0.8159722222222222,0.8159722222222222,0.8159722222222222,0.6318991742720557,0.8159722222222222,-0.01588618485742377,0.01588618485742377,False,0.96875,-0.01588618485742377,0.01588618485742377,False,0.96875,-0.01588618485742377,0.01588618485742377,False,0.96875,-0.19995923280759031,0.19995923280759031,False,0.5308219178082192,-0.01588618485742377,0.01588618485742377,False,0.96875,0.19995923280759031,0.831858407079646
1666,0.845404489623041,0.845404489623041,0.845404489623041,0.845404489623041,0.845404489623041,0.6953152518492427,0.0,0.0,False,1.0,0.0,0.0,False,1.0,0.0,0.0,False,1.0,0.0,0.0,False,1.0,-0.15008923777379835,0.15008923777379835,False,0.9642857142857143,0.15008923777379835,0.845404489623041
167,0.9539396315170522,0.9539306018427759,0.9541446208112875,0.9541446208112875,0.9539125318689939,0.9541446208112875,-9.029674276295196e-06,9.029674276295196e-06,False,0.9827586206896551,0.00020498929423529155,0.00020498929423529155,False,0.9767441860465116,0.00020498929423529155,0.00020498929423529155,False,0.9767441860465116,-2.7099648058248604e-05,2.7099648058248604e-05,False,0.8439716312056738,0.00020498929423529155,0.00020498929423529155,False,0.9767441860465116,0.00023208894229354016,0.9541446208112875
1678,0.9335295560461123,0.9335295560461123,0.9329089128305583,0.9324853228962818,0.932224125275263,0.9327442317133039,0.0,0.0,False,1.0,-0.0006206432155539954,0.0006206432155539954,False,0.8635394456289979,-0.0010442331498304869,0.0010442331498304869,False,0.8948863636363636,-0.0013054307708493251,0.0013054307708493251,False,0.875,-0.0007853243328084236,0.0007853243328084236,False,0.8608695652173913,0.0013054307708493251,0.9335295560461123
1684,0.4897400820793434,0.4897400820793434,0.4897400820793434,0.4897400820793434,0.5226277372262774,0.0,0.0,0.0,False,1.0,0.0,0.0,False,1.0,0.0,0.0,False,1.0,0.032887655146934036,0.032887655146934036,False,0.886117136659436,-0.4897400820793434,0.4897400820793434,False,0.0,0.5226277372262774,0.5226277372262774
1685,0.7910739191073919,0.5723502304147465,0.5723502304147465,0.004473272198613286,0.0,0.0,-0.21872368869264536,0.21872368869264536,False,0.48517279821627646,-0.21872368869264536,0.21872368869264536,False,0.48517279821627646,-0.7866006469087786,0.7866006469087786,True,0.2577480490523969,-0.7910739191073919,0.7910739191073919,True,0.24280936454849497,-0.7910739191073919,0.7910739191073919,True,0.24653922214897825,0.7910739191073919,0.7910739191073919
1686,0.9306470360325455,0.9306470360325455,0.9307851239669421,0.9308029950942421,0.9314469453376206,0.9315103830775184,0.0,0.0,False,1.0,0.0001380879343966246,0.0001380879343966246,False,0.9275265957446809,0.0001559590616966311,0.0001559590616966311,False,0.8994197292069632,0.0007999093050751194,0.0007999093050751194,False,0.5911016949152542,0.0008633470449729286,0.0008633470449729286,False,0.7473972602739726,0.0008633470449729286,0.9315103830775184
1689,0.0,0.0,0.0,0.0,0.0,0.0,0.0,0.0,False,0.9550561797752809,0.0,0.0,False,0.9550561797752809,0.0,0.0,False,0.9662921348314607,0.0,0.0,False,0.85553772070626,0.0,0.0,False,0.978021978021978,0.0,0.0
169,0.9460021632415342,0.9461954261954262,0.9461954261954262,0.9461775226686632,0.9446194660918588,0.9462902822882838,0.00019326295389199277,0.00019326295389199277,False,0.95,0.00019326295389199277,0.00019326295389199277,False,0.95,0.0001753594271289849,0.0001753594271289849,False,0.9827586206896551,-0.001382697149675427,0.001382697149675427,False,0.5164930555555556,0.0002881190467496353,0.0002881190467496353,False,0.9356060606060606,0.0016708161964250623,0.9462902822882838
1696,0.8876854250058865,0.8872675923746763,0.8872675923746763,0.8855464159811985,0.8866368135753004,0.8879472693032016,-0.0004178326312102021,0.0004178326312102021,False,0.9696969696969697,-0.0004178326312102021,0.0004178326312102021,False,0.9696969696969697,-0.002139009024687999,0.002139009024687999,False,0.8888888888888888,-0.0010486114305860994,0.0010486114305860994,False,0.9161931818181818,0.000261844297315017,0.000261844297315017,False,0.9772727272727273,0.002400853322003016,0.8879472693032016
1706,0.5860326894502229,0.5860326894502229,0.5860326894502229,0.5860326894502229,0.5860326894502229,0.5547445255474452,0.0,0.0,False,1.0,0.0,0.0,False,1.0,0.0,0.0,False,1.0,0.0,0.0,False,1.0,-0.031288163902777666,0.031288163902777666,False,0.9285714285714286,0.031288163902777666,0.5860326894502229
1715,0.8936049801924165,0.89563244469654,0.8936049801924165,0.8936049801924165,0.89563244469654,0.8936049801924165,0.0020274645041234995,0.0020274645041234995,False,0.9666666666666667,0.0,0.0,False,1.0,0.0,0.0,False,1.0,0.0020274645041234995,0.0020274645041234995,False,0.9666666666666667,0.0,0.0,False,1.0,0.0020274645041234995,0.89563244469654
1716,0.8647628038706632,0.8647628038706632,0.723824575266693,0.719984279819218,0.8647628038706632,0.8696479543292103,0.0,0.0,False,1.0,-0.1409382286039702,0.1409382286039702,False,0.875669244497323,-0.1447785240514452,0.1447785240514452,False,0.9274673008323424,0.0,0.0,False,1.0,0.004885150458547094,0.004885150458547094,False,0.8905380333951762,0.1496636745099923,0.8696479543292103
1718,0.7469276285844333,0.7469276285844333,0.7464724624487938,0.7469276285844333,0.7473875511131304,0.7461871158661507,0.0,0.0,False,1.0,-0.00045516613563945096,0.00045516613563945096,False,0.9830508474576272,0.0,0.0,False,1.0,0.0004599225286970876,0.0004599225286970876,False,0.8793103448275862,-0.000740512718282571,0.000740512718282571,False,0.9206349206349206,0.0012004352469796586,0.7473875511131304
1727,0.6863124773084835,0.6875453446191052,0.6875453446191052,0.6877002115442732,0.8360070351223152,0.6884592145015106,0.0012328673106216659,0.0012328673106216659,False,0.953125,0.0012328673106216659,0.0012328673106216659,False,0.953125,0.0013877342357896394,0.0013877342357896394,False,0.96875,0.14969455781383167,0.14969455781383167,False,0.7779030439684329,0.0021467371930270485,0.0021467371930270485,False,0.9175531914893617,0.14969455781383167,0.8360070351223152
1728,0.748988492459671,0.7142857142857143,0.747633073848096,0.7539902663666336,0.7125852180499946,0.7129719787947636,-0.03470277817395673,0.03470277817395673,False,0.9314151890264303,-0.0013554186115750655,0.0013554186115750655,False,0.9838709677419355,0.005001773906962548,0.005001773906962548,False,0.953125,-0.03640327440967639,0.03640327440967639,False,0.8992974238875878,-0.036016513664907435,0.036016513664907435,False,0.915356306457009,0.04140504831663894,0.7539902663666336
1729,0.839273640490679,0.8682756340622491,0.9173175329921897,0.9172540744399048,0.8498991645059061,0.9205597031606241,0.029001993571570073,0.029001993571570073,False,0.928212162780064,0.07804389250151067,0.07804389250151067,False,0.7954545454545454,0.07798043394922582,0.07798043394922582,False,0.8076923076923077,0.010625524015227095,0.010625524015227095,False,0.9238900634249472,0.08128606266994509,0.08128606266994509,False,0.7954545454545454,0.08128606266994509,0.9205597031606241
1730,0.959417273673257,0.9593436975932557,0.9593436975932557,0.9582443545822164,0.8321544736434509,0.9499451634130291,-7.357608000135851e-05,7.357608000135851e-05,False,0.9824561403508771,-7.357608000135851e-05,7.357608000135851e-05,False,0.9824561403508771,-0.0011729190910406695,0.0011729190910406695,False,0.9491525423728814,-0.12726280002980617,0.12726280002980617,False,0.7546875,-0.009472110260227873,0.009472110260227873,False,0.5222523905087947,0.12726280002980617,0.959417273673257
1734,0.9084385763490241,0.9114801444043321,0.9084385763490241,0.9078400458649849,0.9078400458649849,0.9106628242074928,0.003041568055307975,0.003041568055307975,False,0.876358695652174,0.0,0.0,False,1.0,-0.0005985304840392391,0.0005985304840392391,False,0.9787234042553191,-0.0005985304840392391,0.0005985304840392391,False,0.9787234042553191,0.002224247858468642,0.002224247858468642,False,0.8788282290279628,0.003640098539347214,0.9114801444043321
1735,0.9324144601620118,0.9325272067714632,0.9325272067714632,0.9325761237312712,0.9329758713136729,0.9325272067714632,0.00011274660945137516,0.00011274660945137516,False,0.9782608695652174,0.00011274660945137516,0.00011274660945137516,False,0.9782608695652174,0.00016166356925939596,0.00016166356925939596,False,0.9473684210526315,0.0005614111516610842,0.0005614111516610842,False,0.8043478260869565,0.00011274660945137516,0.00011274660945137516,False,0.9782608695652174,0.0005614111516610842,0.9329758713136729
1736,0.9302725263933219,0.9362175525339926,0.888268898631593,0.8333568505714689,0.8333568505714689,0.9380509000620733,0.005945026140670717,0.005945026140670717,False,0.9743589743589743,-0.042003627761728946,0.042003627761728946,False,0.8974358974358975,-0.09691567582185301,0.09691567582185301,False,0.8212669683257918,-0.09691567582185301,0.09691567582185301,False,0.8212669683257918,0.007778373668751337,0.007778373668751337,False,0.9457013574660633,0.10469404949060435,0.9380509000620733
174,0.9290728129910948,0.928975487115022,0.928975487115022,0.9295214158550633,0.9312833385629118,0.9292971614119618,-9.732587607280685e-05,9.732587607280685e-05,False,0.9821428571428571,-9.732587607280685e-05,9.732587607280685e-05,False,0.9821428571428571,0.000448602863968528,0.000448602863968528,False,0.9821428571428571,0.0022105255718170014,0.0022105255718170014,False,0.8211027370091234,0.00022434842086704876,0.00022434842086704876,False,0.9285714285714286,0.0023078514478898082,0.9312833385629118
1740,0.8651631477927063,0.865370770338373,0.865370770338373,0.865370770338373,0.8657863145258103,0.8566019876952201,0.0002076225456666414,0.0002076225456666414,False,0.9655172413793104,0.0002076225456666414,0.0002076225456666414,False,0.9655172413793104,0.0002076225456666414,0.0002076225456666414,False,0.9655172413793104,0.0006231667331040303,0.0006231667331040303,False,0.9322235434007135,-0.008561160097486198,0.008561160097486198,False,0.6534576534576535,0.009184326830590228,0.8657863145258103
1744,0.7715231788079471,0.7479935794542536,0.7186921653300432,0.7479935794542536,0.7636840380203213,0.7590803065644786,-0.023529599353693476,0.023529599353693476,False,0.9117647058823529,-0.052831013477903865,0.052831013477903865,False,0.9411764705882353,-0.023529599353693476,0.023529599353693476,False,0.9117647058823529,-0.00783914078762582,0.00783914078762582,False,0.9714285714285714,-0.012442872243468517,0.012442872243468517,False,0.8823529411764706,0.052831013477903865,0.7715231788079471
1746,0.8178856973645248,0.8391608391608392,0.8424908424908425,0.8391608391608392,0.873482428115016,0.8536056948313215,0.0212751417963144,0.0212751417963144,False,0.8918918918918919,0.02460514512631773,0.02460514512631773,False,0.8648648648648649,0.0212751417963144,0.0212751417963144,False,0.8918918918918919,0.05559673075049121,0.05559673075049121,False,0.8108108108108109,0.03571999746679677,0.03571999746679677,False,0.8378378378378378,0.05559673075049121,0.873482428115016
1752,0.856637168141593,0.856637168141593,0.856637168141593,0.856637168141593,0.8519982433025911,0.8519982433025911,0.0,0.0,False,1.0,0.0,0.0,False,1.0,0.0,0.0,False,1.0,-0.004638924839001857,0.004638924839001857,False,0.9642857142857143,-0.004638924839001857,0.004638924839001857,False,0.9642857142857143,0.004638924839001857,0.856637168141593
1769,0.9407601572739187,0.9407601572739187,0.9426668407992687,0.9437060203283816,0.9420384665707183,0.9439520333680917,0.0,0.0,False,1.0,0.0019066835253499503,0.0019066835253499503,False,0.7743271221532091,0.0029458630544628717,0.0029458630544628717,False,0.717391304347826,0.001278309296799618,0.001278309296799618,False,0.8360655737704918,0.0031918760941730406,0.0031918760941730406,False,0.7023474178403756,0.0031918760941730406,0.9439520333680917
1771,0.940599173553719,0.940599173553719,0.940599173553719,0.940599173553719,0.9409937888198758,0.940599173553719,0.0,0.0,False,1.0,0.0,0.0,False,1.0,0.0,0.0,False,1.0,0.00039461526615680587,0.00039461526615680587,False,0.8378378378378378,0.0,0.0,False,0.972972972972973,0.00039461526615680587,0.9409937888198758
1773,0.9113695090439277,0.9113695090439277,0.9132843705708027,0.9129593810444874,0.9120723047127178,0.9132620183013275,0.0,0.0,False,1.0,0.0019148615268750335,0.0019148615268750335,False,0.8969072164948454,0.0015898720005597111,0.0015898720005597111,False,0.9164325842696629,0.0007027956687901682,0.0007027956687901682,False,0.9463379260333575,0.0018925092573998104,0.0018925092573998104,False,0.8594073053066851,0.0019148615268750335,0.9132843705708027
1774,0.8423065607531627,0.8362470862470862,0.8331882796634755,0.8493394686062046,0.8307781313277408,0.8423065607531627,-0.006059474506076468,0.006059474506076468,False,0.9736842105263158,-0.009118281089687152,0.009118281089687152,False,0.8961593172119487,0.007032907853041892,0.007032907853041892,False,0.8712660028449503,-0.011528429425421871,0.011528429425421871,False,0.9487179487179487,0.0,0.0,False,1.0,0.018561337278463763,0.8493394686062046
1776,0.0006419858763107211,0.000643707756678468,0.000643707756678468,0.0006549503329330859,0.0,0.00043821209465381246,1.7218803677469027e-06,1.7218803677469027e-06,False,0.9672131147540983,1.7218803677469027e-06,1.7218803677469027e-06,False,0.9672131147540983,1.2964456622364777e-05,1.2964456622364777e-05,False,0.8852459016393442,-0.0006419858763107211,0.0006419858763107211,False,0.4339440694310511,-0.00020377378165690866,0.00020377378165690866,False,0.8592092574734812,0.0006549503329330859,0.0006549503329330859
1789,0.7620660457239627,0.7620660457239627,0.7620660457239627,0.7620660457239627,0.7620660457239627,0.7620660457239627,0.0,0.0,False,1.0,0.0,0.0,False,1.0,0.0,0.0,False,1.0,0.0,0.0,False,1.0,0.0,0.0,False,1.0,0.0,0.7620660457239627
1796,0.7714766984839978,0.7720381807973049,0.7720381807973049,0.9053013140009062,0.7612024957458877,0.0,0.0005614823133071045,0.0005614823133071045,False,0.9629629629629629,0.0005614823133071045,0.0005614823133071045,False,0.9629629629629629,0.13382461551690839,0.13382461551690839,False,0.9097770154373928,-0.010274202738110083,0.010274202738110083,False,0.5,-0.7714766984839978,0.7714766984839978,True,0.8743754461099215,0.9053013140009062,0.9053013140009062
1798,0.8825286212045794,0.886721680420105,0.8741689239103669,0.8765432098765432,0.8873873873873874,0.874384236453202,0.004193059215525596,0.004193059215525596,False,0.8552995391705069,-0.008359697294212487,0.008359697294212487,False,0.6888888888888889,-0.005985411328036205,0.005985411328036205,False,0.7306397306397306,0.004858766182808005,0.004858766182808005,False,0.8516129032258064,-0.008144384751377465,0.008144384751377465,False,0.5633351149118119,0.013218463477020492,0.8873873873873874
1807,0.667563025210084,0.6541865214431586,0.6541865214431586,0.6541865214431586,0.7118320610687023,0.7130600571973308,-0.013376503766925452,0.013376503766925452,False,0.9555555555555556,-0.013376503766925452,0.013376503766925452,False,0.9555555555555556,-0.013376503766925452,0.013376503766925452,False,0.9555555555555556,0.0442690358586183,0.0442690358586183,False,0.9130434782608695,0.04549703198724675,0.04549703198724675,False,0.9333333333333333,0.0588735357541722,0.7130600571973308
1816,0.9067688378033205,0.9067688378033205,0.9067688378033205,0.9067688378033205,0.9067688378033205,0.9046890927624872,0.0,0.0,False,1.0,0.0,0.0,False,1.0,0.0,0.0,False,1.0,0.0,0.0,False,1.0,-0.002079745040833303,0.002079745040833303,False,0.8711111111111111,0.002079745040833303,0.9067688378033205
1824,0.8806846452383321,0.8807722929936306,0.8807722929936306,0.8781262405716554,0.5592959910602039,0.8783877692842251,8.764775529845892e-05,8.764775529845892e-05,False,0.9772727272727273,8.764775529845892e-05,8.764775529845892e-05,False,0.9772727272727273,-0.0025584046666766724,0.0025584046666766724,False,0.9368191721132898,-0.32138865417812823,0.32138865417812823,False,0.8277634961439588,-0.0022968759541069916,0.0022968759541069916,False,0.9188835586567815,0.3214763019334267,0.8807722929936306
1825,0.7160098259104988,0.7160098259104988,0.7160098259104988,0.7160098259104988,0.6684444444444444,0.9392371766768961,0.0,0.0,False,1.0,0.0,0.0,False,1.0,0.0,0.0,False,1.0,-0.04756538146605438,0.04756538146605438,False,0.8741721854304636,0.22322735076639733,0.22322735076639733,False,0.8797814207650273,0.2707927322324517,0.9392371766768961
1826,0.9407205870228378,0.9413126136551496,0.9413126136551496,0.9413126136551496,0.9056165729082953,0.9294949987801903,0.0005920266323118373,0.0005920266323118373,False,0.9791666666666666,0.0005920266323118373,0.0005920266323118373,False,0.9791666666666666,0.0005920266323118373,0.0005920266323118373,False,0.9791666666666666,-0.03510401411454245,0.03510401411454245,False,0.9008088548318434,-0.011225588242647522,0.011225588242647522,False,0.8885030864197531,0.035696040746854285,0.9413126136551496
1827,0.9648983481575604,0.8841615709241237,0.8841615709241237,0.8841615709241237,0.9670347003154575,0.9446313857448762,-0.08073677723343664,0.08073677723343664,False,0.6122685185185185,-0.08073677723343664,0.08073677723343664,False,0.6122685185185185,-0.08073677723343664,0.08073677723343664,False,0.6122685185185185,0.0021363521578970923,0.0021363521578970923,False,0.8489314664701547,-0.02026696241268422,0.02026696241268422,False,0.8603945371775418,0.08287312939133373,0.9670347003154575
1829,0.7000970559689421,0.7002103219543763,0.7001132869396343,0.7001132869396343,0.6964460384740789,0.6997574777687955,0.00011326598543415223,0.00011326598543415223,False,0.9767441860465116,1.6230970692143742e-05,1.6230970692143742e-05,False,0.9327603640040445,1.6230970692143742e-05,1.6230970692143742e-05,False,0.9327603640040445,-0.0036510174948631846,0.0036510174948631846,False,0.6916076845298281,-0.00033957820014662854,0.00033957820014662854,False,0.8956310679611651,0.003764283480297337,0.7002103219543763
183,0.9485949280328992,0.9472780353769534,0.9479291974566076,0.9460251767546128,0.9472780353769534,0.9479291974566076,-0.0013168926559458116,0.0013168926559458116,False,0.9166666666666666,-0.000665730576291601,0.000665730576291601,False,0.8888888888888888,-0.002569751278286403,0.002569751278286403,False,0.8055555555555556,-0.0013168926559458116,0.0013168926559458116,False,0.9166666666666666,-0.000665730576291601,0.000665730576291601,False,0.8888888888888888,0.002569751278286403,0.9485949280328992
1834,0.9270833333333334,0.9269030415056293,0.9255283461925529,0.9258389261744966,0.9316181448882871,0.9258638040925864,-0.00018029182770407104,0.00018029182770407104,False,0.926829268292683,-0.001554987140780506,0.001554987140780506,False,0.8634510869565217,-0.00124440715883678,0.00124440715883678,False,0.8826388888888889,0.004534811554953722,0.004534811554953722,False,0.7073170731707317,-0.0012195292407469749,0.0012195292407469749,False,0.8333333333333334,0.006089798695734228,0.9316181448882871
1835,0.31101272827891535,0.31101272827891535,0.31101272827891535,0.31101272827891535,0.31270903010033446,0.901431832330359,0.0,0.0,False,1.0,0.0,0.0,False,1.0,0.0,0.0,False,1.0,0.0016963018214191106,0.0016963018214191106,False,0.8814520703346569,0.5904191040514436,0.5904191040514436,False,0.8904040404040404,0.5904191040514436,0.901431832330359
1843,0.8,0.8,0.8,0.8510494245091401,0.8,0.8510494245091401,0.0,0.0,False,1.0,0.0,0.0,False,1.0,0.05104942450914007,0.05104942450914007,False,0.84,0.0,0.0,False,1.0,0.05104942450914007,0.05104942450914007,False,0.84,0.05104942450914007,0.8510494245091401
1847,0.7135434707308624,0.6869365388014849,0.6869365388014849,0.6869365388014849,0.7130977130977131,0.6950105411103303,-0.026606931929377575,0.026606931929377575,False,0.7840290381125227,-0.026606931929377575,0.026606931929377575,False,0.7840290381125227,-0.026606931929377575,0.026606931929377575,False,0.7840290381125227,-0.00044575763314935735,0.00044575763314935735,False,0.9743589743589743,-0.0185329296205321,0.0185329296205321,False,0.8575317604355717,0.026606931929377575,0.7135434707308624
1852,0.8662674650698603,0.8662674650698603,0.8662674650698603,0.8662674650698603,0.866225165562914,0.8598256203890007,0.0,0.0,False,1.0,0.0,0.0,False,1.0,0.0,0.0,False,1.0,-4.229950694634166e-05,4.229950694634166e-05,False,0.9655172413793104,-0.006441844680859621,0.006441844680859621,False,0.9310344827586207,0.006441844680859621,0.8662674650698603
1853,0.0,0.0,0.0,0.0,0.0,0.0,0.0,0.0,False,0.8627946127946128,0.0,0.0,False,0.8828596037898363,0.0,0.0,False,0.8134920634920635,0.0,0.0,False,0.7683658170914542,0.0,0.0,False,0.0,0.0,0.0
1858,0.7440420088864952,0.7064589208932451,0.7203350395532806,0.7412807704423743,0.6368840827910163,0.6483575137076035,-0.03758308799325005,0.03758308799325005,False,0.9204665959703076,-0.02370696933321459,0.02370696933321459,False,0.9358874120406567,-0.002761238444120906,0.002761238444120906,False,0.984375,-0.10715792609547892,0.10715792609547892,False,0.8108552631578947,-0.09568449517889166,0.09568449517889166,False,0.8571820175438597,0.10715792609547892,0.7440420088864952
1863,0.673617780216765,0.6910952445103058,0.6910021551724138,0.6910021551724138,0.6842105263157895,0.7119989416589496,0.0174774642935408,0.0174774642935408,False,0.9387755102040817,0.017384374955648818,0.017384374955648818,False,0.9192006950477846,0.017384374955648818,0.017384374955648818,False,0.9192006950477846,0.010592746099024497,0.010592746099024497,False,0.9791666666666666,0.03838116144218462,0.03838116144218462,False,0.920033319450229,0.03838116144218462,0.7119989416589496
1869,0.49197230814552956,0.49197230814552956,0.49197230814552956,0.49197230814552956,0.26798872009460567,0.48558067030397506,0.0,0.0,False,1.0,0.0,0.0,False,1.0,0.0,0.0,False,1.0,-0.2239835880509239,0.2239835880509239,False,0.5730337078651685,-0.006391637841554498,0.006391637841554498,False,0.9153846153846154,0.2239835880509239,0.49197230814552956
1879,0.7271528998242531,0.7271528998242531,0.7271528998242531,0.7271528998242531,0.7274324621128926,0.7339008950010915,0.0,0.0,False,1.0,0.0,0.0,False,1.0,0.0,0.0,False,1.0,0.00027956228863945665,0.00027956228863945665,False,0.9642857142857143,0.006747995176838328,0.006747995176838328,False,0.8668252080856124,0.006747995176838328,0.7339008950010915
1880,0.8836973082783138,0.8844783715012723,0.8836973082783138,0.8836973082783138,0.8824721377912867,0.8836973082783138,0.0007810632229584558,0.0007810632229584558,False,0.9655172413793104,0.0,0.0,False,1.0,0.0,0.0,False,1.0,-0.001225170487027083,0.001225170487027083,False,0.9642857142857143,0.0,0.0,False,1.0,0.0020062337099855387,0.8844783715012723
1882,0.6475998850244323,0.6475998850244323,0.6520029133284778,0.6276034434879201,0.6172936259143156,0.6493769921761808,0.0,0.0,False,1.0,0.0044030283040454865,0.0044030283040454865,False,0.9285714285714286,-0.019996441536512255,0.019996441536512255,False,0.9224204809930179,-0.03030625911011675,0.03030625911011675,False,0.8098404255319149,0.0017771071517485026,0.0017771071517485026,False,0.9523809523809523,0.03470928741416224,0.6520029133284778
1886,0.55546875,0.55546875,0.55546875,0.55546875,0.5135327635327636,0.5436523065192528,0.0,0.0,False,1.0,0.0,0.0,False,1.0,0.0,0.0,False,1.0,-0.0419359864672364,0.0419359864672364,False,0.9375,-0.011816443480747174,0.011816443480747174,False,0.967741935483871,0.0419359864672364,0.55546875
1890,0.46668042087889416,0.42420955839011626,0.4982712361353138,0.48856204716289925,0.7425149700598802,0.3965958563958958,-0.042470862488777905,0.042470862488777905,False,0.8264637497357853,0.03159081525641966,0.03159081525641966,False,0.9240812379110251,0.021881626284005085,0.021881626284005085,False,0.945357833655706,0.27583454918098604,0.27583454918098604,False,0.4941972920696325,-0.07008456448299838,0.07008456448299838,False,0.7994470228103091,0.3459191136639844,0.7425149700598802
1894,0.0,0.47288932904184205,0.47288932904184205,0.0,0.0,0.0,0.47288932904184205,0.47288932904184205,False,0.775,0.47288932904184205,0.47288932904184205,False,0.775,0.0,0.0,False,0.9452697419859265,0.0,0.0,False,0.975609756097561,0.0,0.0,False,0.7769423558897243,0.47288932904184205,0.47288932904184205
1900,0.5982591639082996,0.5725925925925925,0.6197890507282773,0.6026557711950971,0.5372983870967742,0.6396634615384615,-0.025666571315707043,0.025666571315707043,False,0.954004329004329,0.021529886819977695,0.021529886819977695,False,0.8931750741839762,0.0043966072867974715,0.0043966072867974715,False,0.9338159255429163,-0.06096077681152534,0.06096077681152534,False,0.823051948051948,0.04140429763016196,0.04140429763016196,False,0.8368860055607044,0.1023650744416873,0.6396634615384615
1901,0.9160662487133902,0.9160662487133902,0.9160662487133902,0.9193368107302533,0.9194887582796902,0.9616139975004463,0.0,0.0,False,1.0,0.0,0.0,False,1.0,0.0032705620168631544,0.0032705620168631544,False,0.9378806333739342,0.0034225095663000804,0.0034225095663000804,False,0.9427527405602923,0.04554774878705614,0.04554774878705614,False,0.8206039076376554,0.04554774878705614,0.9616139975004463
1902,0.6979189809671925,0.6988825575371864,0.6988825575371864,0.7011893329393514,0.7078189300411523,0.8095560368164592,0.000963576569993907,0.000963576569993907,False,0.9772727272727273,0.000963576569993907,0.000963576569993907,False,0.9772727272727273,0.003270351972158858,0.003270351972158858,False,0.9555555555555556,0.009899949073959746,0.009899949073959746,False,0.8941398865784499,0.11163705584926664,0.11163705584926664,False,0.5090126446058649,0.11163705584926664,0.8095560368164592
1910,0.9100709219858156,0.9100709219858156,0.9082125603864735,0.9082125603864735,0.9126871997739474,0.9026548672566371,0.0,0.0,False,1.0,-0.001858361599342162,0.001858361599342162,False,0.9166666666666666,-0.001858361599342162,0.001858361599342162,False,0.9166666666666666,0.0026162777881317822,0.0026162777881317822,False,0.7980295566502463,-0.007416054729178501,0.007416054729178501,False,0.7431192660550459,0.010032332517310283,0.9126871997739474
1911,0.8967813540510544,0.8967813540510544,0.8967813540510544,0.8967813540510544,0.896513558384062,0.8967813540510544,0.0,0.0,False,1.0,0.0,0.0,False,1.0,0.0,0.0,False,1.0,-0.00026779566699242086,0.00026779566699242086,False,0.8668252080856124,0.0,0.0,False,1.0,0.00026779566699242086,0.8967813540510544
1917,0.820066889632107,0.8206379934348961,0.8186449312277126,0.8173035821150723,0.8215130023640662,0.8195022509131062,0.0005711038027890192,0.0005711038027890192,False,0.9555555555555556,-0.0014219584043944078,0.0014219584043944078,False,0.8444444444444444,-0.0027633075170347965,0.0027633075170347965,False,0.8026455026455026,0.0014461127319591593,0.0014461127319591593,False,0.8554396423248882,-0.0005646387190008095,0.0005646387190008095,False,0.8677248677248677,0.004209420248993956,0.8215130023640662
1933,0.5503399868392191,0.31346972401482903,0.32810681273536463,0.0,0.0,0.0,-0.2368702628243901,0.2368702628243901,False,0.8339964633068081,-0.2222331741038545,0.2222331741038545,False,0.7376215738284704,-0.5503399868392191,0.5503399868392191,True,0.0,-0.5503399868392191,0.5503399868392191,True,0.0,-0.5503399868392191,0.5503399868392191,True,0.0,0.5503399868392191,0.5503399868392191
1941,0.7234913058302079,0.7234913058302079,0.6987348811344363,0.6579683131407269,0.7576963906581741,0.7419701653003629,0.0,0.0,False,1.0,-0.02475642469577166,0.02475642469577166,False,0.8653846153846154,-0.06552299268948103,0.06552299268948103,False,0.7884615384615384,0.03420508482796614,0.03420508482796614,False,0.7647058823529411,0.01847885947015493,0.01847885947015493,False,0.8828522920203735,0.09972807751744717,0.7576963906581741
1949,0.9169553096223705,0.9300531458940511,0.9168778509883426,0.9169553096223705,0.9028135114947299,0.9386155855463648,0.013097836271680596,0.013097836271680596,False,0.9682539682539683,-7.745863402786046e-05,7.745863402786046e-05,False,0.9795918367346939,0.0,0.0,False,1.0,-0.014141798127640604,0.014141798127640604,False,0.6373024236037935,0.021660275923994332,0.021660275923994332,False,0.8888888888888888,0.035802074051634936,0.9386155855463648
1950,0.82,0.82,0.8202531645569621,0.8202531645569621,0.82,0.8202531645569621,0.0,0.0,False,1.0,0.0002531645569621155,0.0002531645569621155,False,0.9333333333333333,0.0002531645569621155,0.0002531645569621155,False,0.9333333333333333,0.0,0.0,False,1.0,0.0002531645569621155,0.0002531645569621155,False,0.9333333333333333,0.0002531645569621155,0.8202531645569621
1951,0.9541899441340782,0.9541899441340782,0.9543166138355398,0.9541899441340782,0.9542580885087393,0.9540806841420338,0.0,0.0,False,1.0,0.0001266697014615792,0.0001266697014615792,False,0.9333333333333333,0.0,0.0,False,1.0,6.814437466107215e-05,6.814437466107215e-05,False,0.9375,-0.00010925999204436376,0.00010925999204436376,False,0.9090909090909091,0.00023592969350594295,0.9543166138355398
1955,0.8514851485148515,0.8514851485148515,0.8185997171145686,0.843209229155742,0.8246930422919508,0.8477088948787062,0.0,0.0,False,1.0,-0.03288543140028288,0.03288543140028288,False,0.9353448275862069,-0.00827591935910943,0.00827591935910943,False,0.96875,-0.026792106222900625,0.026792106222900625,False,0.9089989888776542,-0.0037762536361453103,0.0037762536361453103,False,0.9071358748778103,0.03288543140028288,0.8514851485148515
1957,0.8832915732559673,0.8832915732559673,0.8832915732559673,0.8832915732559673,0.8833465294272895,0.8833465294272895,0.0,0.0,False,1.0,0.0,0.0,False,1.0,0.0,0.0,False,1.0,5.4956171322229075e-05,5.4956171322229075e-05,False,0.9772727272727273,5.4956171322229075e-05,5.4956171322229075e-05,False,0.9772727272727273,5.4956171322229075e-05,0.8833465294272895
1978,0.5297626938883734,0.5278035832780358,0.5278035832780358,0.545311475409836,0.5222291278226642,0.5078005115089514,-0.0019591106103376,0.0019591106103376,False,0.984375,-0.0019591106103376,0.0019591106103376,False,0.984375,0.015548781521462662,0.015548781521462662,False,0.9641810485183979,-0.007533566065709207,0.007533566065709207,False,0.5189271447593684,-0.021962182379421935,0.021962182379421935,False,0.8980891719745223,0.0375109639008846,0.545311475409836
198,0.8829536527886881,0.8826069886140557,0.8826069886140557,0.8826069886140557,0.8831270870163033,0.7953509571558797,-0.00034666417463236066,0.00034666417463236066,False,0.9444444444444444,-0.00034666417463236066,0.00034666417463236066,False,0.9444444444444444,-0.00034666417463236066,0.00034666417463236066,False,0.9444444444444444,0.0001734342276151768,0.0001734342276151768,False,0.9487179487179487,-0.08760269563280842,0.08760269563280842,False,0.7662538699690402,0.0877761298604236,0.8831270870163033
1981,0.8936908517350157,0.8936908517350157,0.8987975951903807,0.894878706199461,0.8772307692307693,0.9052117263843649,0.0,0.0,False,1.0,0.005106743455364993,0.005106743455364993,False,0.8055555555555556,0.0011878544644452482,0.0011878544644452482,False,0.7795698924731183,-0.016460082504246465,0.016460082504246465,False,0.9,0.011520874649349144,0.011520874649349144,False,0.9166666666666666,0.02798095715359561,0.9052117263843649
1984,0.8700343305541932,0.8700343305541932,0.8700343305541932,0.8704612365063789,0.8378887841658812,0.8704612365063789,0.0,0.0,False,1.0,0.0,0.0,False,1.0,0.0004269059521856411,0.0004269059521856411,False,0.9777777777777777,-0.03214554638831202,0.03214554638831202,False,0.9451851851851852,0.0004269059521856411,0.0004269059521856411,False,0.9777777777777777,0.03257245234049766,0.8704612365063789
1986,0.7044124624387158,0.7044124624387158,0.7032094057832857,0.7044124624387158,0.7044124624387158,0.7032094057832857,0.0,0.0,False,1.0,-0.0012030566554300792,0.0012030566554300792,False,0.96875,0.0,0.0,False,1.0,0.0,0.0,False,1.0,-0.0012030566554300792,0.0012030566554300792,False,0.96875,0.0012030566554300792,0.7044124624387158
1988,0.8725617685305592,0.8725617685305592,0.8725617685305592,0.8725617685305592,0.7983685954626561,0.5059422750424448,0.0,0.0,False,1.0,0.0,0.0,False,1.0,0.0,0.0,False,1.0,-0.07419317306790307,0.07419317306790307,False,0.8463949843260188,-0.3666194934881144,0.3666194934881144,False,0.6650246305418719,0.3666194934881144,0.8725617685305592
2002,0.8880981365296376,0.8880981365296376,0.8880981365296376,0.8812888637648388,0.9010358860525343,0.8725035494557501,0.0,0.0,False,1.0,0.0,0.0,False,1.0,-0.006809272764798813,0.006809272764798813,False,0.9787234042553191,0.012937749522896613,0.012937749522896613,False,0.9523809523809523,-0.0155945870738875,0.0155945870738875,False,0.8737864077669902,0.028532336596784114,0.9010358860525343
2003,0.9211505308048271,0.9052090715804394,0.8523143164693219,0.8523143164693219,0.8825130890052356,0.8523143164693219,-0.015941459224387722,0.015941459224387722,False,0.9606237816764133,-0.06883621433550524,0.06883621433550524,False,0.5227272727272727,-0.06883621433550524,0.06883621433550524,False,0.5227272727272727,-0.0386374417995915,0.0386374417995915,False,0.5531655844155844,-0.06883621433550524,0.06883621433550524,False,0.5227272727272727,0.06883621433550524,0.9211505308048271
2006,0.7678667383127351,0.7599055366045657,0.7605923136180776,0.7513850415512465,0.7273364895668946,0.836171554714601,-0.007961201708169385,0.007961201708169385,False,0.9619883040935673,-0.007274424694657555,0.007274424694657555,False,0.8922033898305085,-0.016481696761488585,0.016481696761488585,False,0.9293785310734464,-0.04053024874584055,0.04053024874584055,False,0.8639551192145862,0.06830481640186592,0.06830481640186592,False,0.7704918032786885,0.10883506514770647,0.836171554714601
2007,0.6646825396825397,0.6646825396825397,0.6596722315821718,0.6597211582656657,0.6665142160225627,0.6493827160493827,0.0,0.0,False,1.0,-0.005010308100367844,0.005010308100367844,False,0.9583333333333334,-0.004961381416873967,0.004961381416873967,False,0.9379247847757136,0.001831676340023014,0.001831676340023014,False,0.9583144540099683,-0.015299823633156961,0.015299823633156961,False,0.9375,0.017131499973179976,0.6665142160225627
2008,0.9084830756372754,0.9084830756372754,0.8972098079478198,0.873305687937117,0.6685811059568515,0.9022006356059243,0.0,0.0,False,1.0,-0.01127326768945558,0.01127326768945558,False,0.9437737150741635,-0.035177387700158325,0.035177387700158325,False,0.8733172247152227,-0.23990196968042388,0.23990196968042388,False,0.6636171710063336,-0.006282440031351033,0.006282440031351033,False,0.9136855923859534,0.23990196968042388,0.9084830756372754
2009,0.7637421093694589,0.7637421093694589,0.7922671840354767,0.7917648689865521,0.7917648689865521,0.7827362245966897,0.0,0.0,False,1.0,0.028525074666017836,0.028525074666017836,False,0.9332980412916887,0.028022759617093218,0.028022759617093218,False,0.9550026469031233,0.028022759617093218,0.028022759617093218,False,0.9550026469031233,0.018994115227230823,0.018994115227230823,False,0.9322033898305084,0.028525074666017836,0.7922671840354767
2014,0.7458170983268393,0.7526603562819684,0.7643991754577422,0.7302924254107598,0.7471264367816092,0.46658700248184576,0.006843257955129078,0.006843257955129078,False,0.9337474120082816,0.018582077130902874,0.018582077130902874,False,0.8971704623878537,-0.015524672916079507,0.015524672916079507,False,0.9337474120082816,0.0013093384547698816,0.0013093384547698816,False,0.9565217391304348,-0.27923009584499353,0.27923009584499353,False,0.3864734299516908,0.2978121729758964,0.7643991754577422
2026,0.8977212506624271,0.8977212506624271,0.8977212506624271,0.899389434563313,0.0,0.5615699100572363,0.0,0.0,False,1.0,0.0,0.0,False,1.0,0.0016681839008858557,0.0016681839008858557,False,0.9841269841269841,-0.8977212506624271,0.8977212506624271,True,0.0,-0.3361513406051908,0.3361513406051908,False,0.779891304347826,0.899389434563313,0.899389434563313
2029,0.8825706594885598,0.8825706594885598,0.8349753694581281,0.8349753694581281,0.8136813681368137,0.8797297297297297,0.0,0.0,False,1.0,-0.047595290030431725,0.047595290030431725,False,0.908203125,-0.047595290030431725,0.047595290030431725,False,0.908203125,-0.06888929135174615,0.06888929135174615,False,0.8212890625,-0.002840929758830102,0.002840929758830102,False,0.8641114982578397,0.06888929135174615,0.8825706594885598
2031,0.926309645410769,0.9112574938938642,0.8949902211523996,0.8947249604936414,0.9333622747992186,0.9326665217076175,-0.015052151516904755,0.015052151516904755,False,0.91005291005291,-0.03131942425836942,0.03131942425836942,False,0.8863636363636364,-0.031584684917127626,0.031584684917127626,False,0.8636363636363636,0.007052629388449638,0.007052629388449638,False,0.8017777777777778,0.006356876296848557,0.006356876296848557,False,0.8046554084892743,0.038637314305577264,0.9333622747992186
2039,0.9145288753799392,0.9145080870728445,0.9145080870728445,0.9144385026737968,0.9184216896635198,0.9196180345702889,-2.078830709473234e-05,2.078830709473234e-05,False,0.9803921568627451,-2.078830709473234e-05,2.078830709473234e-05,False,0.9803921568627451,-9.037270614242754e-05,9.037270614242754e-05,False,0.9365981635330127,0.00389281428358057,0.00389281428358057,False,0.8447611710323575,0.00508915919034969,0.00508915919034969,False,0.8170640834575261,0.005179531896492118,0.9196180345702889
2055,0.7300747198007472,0.7300747198007472,0.7147820593809223,0.7147820593809223,0.7367606069990709,0.6865327625946658,0.0,0.0,False,1.0,-0.01529266041982491,0.01529266041982491,False,0.9787234042553191,-0.01529266041982491,0.01529266041982491,False,0.9787234042553191,0.006685887198323637,0.006685887198323637,False,0.9782608695652174,-0.04354195720608145,0.04354195720608145,False,0.8340425531914893,0.050227844404405086,0.7367606069990709
2062,0.9564684242795831,0.9564684242795831,0.9564684242795831,0.9564684242795831,0.9557739557739557,0.9567212111943723,0.0,0.0,False,1.0,0.0,0.0,False,1.0,0.0,0.0,False,1.0,-0.0006944685056273769,0.0006944685056273769,False,0.9555555555555556,0.0002527869147891382,0.0002527869147891382,False,0.9772727272727273,0.0009472554204165151,0.9567212111943723
2064,0.747668327584004,0.748587570621469,0.748587570621469,0.748587570621469,0.7334134294486717,0.7491311623117518,0.0009192430374649341,0.0009192430374649341,False,0.96875,0.0009192430374649341,0.0009192430374649341,False,0.96875,0.0009192430374649341,0.0009192430374649341,False,0.96875,-0.014254898135332317,0.014254898135332317,False,0.8054794520547945,0.001462834727747775,0.001462834727747775,False,0.9462209302325582,0.01571773286308009,0.7491311623117518
2065,0.8954496208017335,0.8954496208017335,0.8954496208017335,0.8954496208017335,0.9049022234128047,0.8922237380627558,0.0,0.0,False,1.0,0.0,0.0,False,1.0,0.0,0.0,False,1.0,0.00945260261107117,0.00945260261107117,False,0.9452363090772693,-0.0032258827389777256,0.0032258827389777256,False,0.9761904761904762,0.012678485350048896,0.9049022234128047
2066,0.9067760034527406,0.9051221093581154,0.9051221093581154,0.9067760034527406,0.6279426103914194,0.9067760034527406,-0.0016538940946251302,0.0016538940946251302,False,0.95,-0.0016538940946251302,0.0016538940946251302,False,0.95,0.0,0.0,False,1.0,-0.27883339306132116,0.27883339306132116,False,0.49607275733774286,0.0,0.0,False,1.0,0.27883339306132116,0.9067760034527406
2075,0.4209632740595121,0.4038925014778773,0.4038925014778773,0.4191360228489825,0.0,0.0009200401472064236,-0.017070772581634808,0.017070772581634808,False,0.8043478260869565,-0.017070772581634808,0.017070772581634808,False,0.8043478260869565,-0.0018272512105296235,0.0018272512105296235,False,0.9148936170212766,-0.4209632740595121,0.4209632740595121,False,0.03312206092823553,-0.4200432339123057,0.4200432339123057,False,0.2558073654390935,0.4209632740595121,0.4209632740595121
2076,0.0,0.44760741409527854,0.44760741409527854,0.0,0.6045569408767203,0.00010149193139145438,0.44760741409527854,0.44760741409527854,False,0.3444022770398482,0.44760741409527854,0.44760741409527854,False,0.3444022770398482,0.0,0.0,False,0.9698642742121003,0.6045569408767203,0.6045569408767203,True,0.3657182512144344,0.00010149193139145438,0.00010149193139145438,False,0.6321660985435389,0.6045569408767203,0.6045569408767203
2082,0.7644163150492265,0.7423049391553329,0.7423049391553329,0.7423049391553329,0.7928546891102713,0.7708989157047919,-0.02211137589389356,0.02211137589389356,False,0.9777777777777777,-0.02211137589389356,0.02211137589389356,False,0.9777777777777777,-0.02211137589389356,0.02211137589389356,False,0.9777777777777777,0.02843837406104488,0.02843837406104488,False,0.8804347826086957,0.006482600655565385,0.006482600655565385,False,0.8779739063699156,0.05054974995493844,0.7928546891102713
2108,0.6667799779043087,0.6641279512566641,0.6641279512566641,0.6024512342482307,0.6984574556311163,0.5214001039681164,-0.002652026647644523,0.002652026647644523,False,0.9821428571428571,-0.002652026647644523,0.002652026647644523,False,0.9821428571428571,-0.06432874365607799,0.06432874365607799,False,0.9063504823151125,0.031677477726807624,0.031677477726807624,False,0.9772727272727273,-0.14537987393619223,0.14537987393619223,False,0.8482844150475403,0.17705735166299985,0.6984574556311163
211,0.6699473952146615,0.6226429856818715,0.6480921643925157,0.6699473952146615,0.6666666666666666,0.45966344272376586,-0.047304409532790026,0.047304409532790026,False,0.9672131147540983,-0.0218552308221458,0.0218552308221458,False,0.968220890856994,0.0,0.0,False,1.0,-0.0032807285479948822,0.0032807285479948822,False,0.9682457053617908,-0.21028395249089565,0.21028395249089565,False,0.8801799668482122,0.21028395249089565,0.6699473952146615
2110,0.8932478310071671,0.8928301886792452,0.8928301886792452,0.8932478310071671,0.8953313253012049,0.8932478310071671,-0.0004176423279218522,0.0004176423279218522,False,0.975609756097561,-0.0004176423279218522,0.0004176423279218522,False,0.975609756097561,0.0,0.0,False,1.0,0.0020834942940377577,0.0020834942940377577,False,0.9436507936507936,0.0,0.0,False,0.9210097719869706,0.00250113662195961,0.8953313253012049
2118,0.8652706440142236,0.8652706440142236,0.8652706440142236,0.867277799920287,0.8636186010160218,0.8662721893491124,0.0,0.0,False,1.0,0.0,0.0,False,1.0,0.0020071559060633737,0.0020071559060633737,False,0.9333333333333333,-0.0016520429982017637,0.0016520429982017637,False,0.849609375,0.0010015453348888315,0.0010015453348888315,False,0.9354838709677419,0.0036591989042651374,0.867277799920287
2127,0.25384267631103075,0.24670903313663187,0.17073170731707318,0.28314257139682186,0.29489018872089173,0.6025097047937167,-0.007133643174398879,0.007133643174398879,False,0.9743589743589743,-0.08311096899395756,0.08311096899395756,False,0.95,0.029299895085791117,0.029299895085791117,False,0.9047619047619048,0.04104751240986099,0.04104751240986099,False,0.8223519599666389,0.34866702848268594,0.34866702848268594,False,0.7386363636363636,0.43177799747664347,0.6025097047937167
2136,0.49364763508342263,0.4896990120242016,0.4928173326006751,0.5070536074163644,0.49809546964908014,0.4894887906291211,-0.003948623059221057,0.003948623059221057,False,0.9782608695652174,-0.0008303024827475136,0.0008303024827475136,False,0.9627329192546584,0.013405972332941773,0.013405972332941773,False,0.9682539682539683,0.004447834565657505,0.004447834565657505,False,0.9178221170104836,-0.004158844454301536,0.004158844454301536,False,0.9334664005322688,0.01756481678724331,0.5070536074163644
2137,0.6539737487379201,0.6539737487379201,0.6426076833527358,0.6539737487379201,0.7243228747653526,0.7558139534883721,0.0,0.0,False,1.0,-0.011366065385184365,0.011366065385184365,False,0.9375,0.0,0.0,False,1.0,0.07034912602743248,0.07034912602743248,False,0.8157894736842105,0.10184020475045197,0.10184020475045197,False,0.5760743321718932,0.11320627013563633,0.7558139534883721
2148,0.9348807221147647,0.9351403678606002,0.9348807221147647,0.9348807221147647,0.9387231312159128,0.9352239767966484,0.0002596457458354795,0.0002596457458354795,False,0.9655172413793104,0.0,0.0,False,1.0,0.0,0.0,False,1.0,0.003842409101148081,0.003842409101148081,False,0.8846726190476191,0.0003432546818836757,0.0003432546818836757,False,0.9761904761904762,0.003842409101148081,0.9387231312159128
217,0.9263482280431433,0.9276214042684813,0.9276214042684813,0.9294282598535597,0.7296972609322441,0.9307332293291731,0.0012731762253379575,0.0012731762253379575,False,0.9838709677419355,0.0012731762253379575,0.0012731762253379575,False,0.9838709677419355,0.0030800318104163837,0.0030800318104163837,False,0.9516129032258065,-0.19665096711089924,0.19665096711089924,False,0.9375,0.00438500128602981,0.00438500128602981,False,0.9516129032258065,0.20103596839692905,0.9307332293291731
2170,0.8026243849097867,0.8026243849097867,0.8051662544655125,0.8026243849097867,0.8029516261273572,0.8026243849097867,0.0,0.0,False,1.0,0.002541869555725773,0.002541869555725773,False,0.8770161290322581,0.0,0.0,False,1.0,0.0003272412175704398,0.0003272412175704398,False,0.96875,0.0,0.0,False,1.0,0.002541869555725773,0.8051662544655125
2176,0.5569886812319031,0.5569886812319031,0.5199297392244291,0.5513685045616818,0.6182228915662651,0.57805415209224,0.0,0.0,False,1.0,-0.03705894200747406,0.03705894200747406,False,0.9333333333333333,-0.0056201766702213,0.0056201766702213,False,0.9666666666666667,0.06123421033436194,0.06123421033436194,False,0.7988980716253443,0.021065470860336832,0.021065470860336832,False,0.967741935483871,0.098293152341836,0.6182228915662651
2178,0.6958578368703656,0.6964558898521163,0.6964558898521163,0.6957020788164775,0.7768616009133579,0.5933721976603153,0.0005980529817506408,0.0005980529817506408,False,0.9375,0.0005980529817506408,0.0005980529817506408,False,0.9375,-0.00015575805388812203,0.00015575805388812203,False,0.91876629018245,0.08100376404299225,0.08100376404299225,False,0.42073170731707316,-0.10248563921005027,0.10248563921005027,False,0.31256054246044557,0.18348940325304253,0.7768616009133579
2182,0.745520501264153,0.745520501264153,0.745520501264153,0.7444163274287601,0.7516954714504485,0.7501916548023218,0.0,0.0,False,1.0,0.0,0.0,False,1.0,-0.001104173835392963,0.001104173835392963,False,0.9782608695652174,0.006174970186295425,0.006174970186295425,False,0.9583333333333334,0.004671153538168715,0.004671153538168715,False,0.9787234042553191,0.0072791440216883885,0.7516954714504485
2188,0.9274942489562921,0.9274028629856851,0.9274028629856851,0.9274942489562921,0.9284208751370037,0.928042237928979,-9.138597060698306e-05,9.138597060698306e-05,False,0.9777777777777777,-9.138597060698306e-05,9.138597060698306e-05,False,0.9777777777777777,0.0,0.0,False,1.0,0.0009266261807115983,0.0009266261807115983,False,0.6216640502354788,0.0005479889726869303,0.0005479889726869303,False,0.9347826086956522,0.0010180121513185814,0.9284208751370037
2208,0.6720218491445096,0.6562882060477626,0.6996637735553992,0.5941717527722857,0.5642605633802817,0.73776718552171,-0.015733643096746963,0.015733643096746963,False,0.9733333333333334,0.02764192441088964,0.02764192441088964,False,0.9452054794520548,-0.07785009637222384,0.07785009637222384,False,0.8904109589041096,-0.10776128576422783,0.10776128576422783,False,0.8783783783783784,0.06574533637720037,0.06574533637720037,False,0.8734177215189873,0.1735066221414282,0.73776718552171
2211,0.7106415094339623,0.7362175153973262,0.6727400140154169,0.6727400140154169,0.7207486000589449,0.5866146531756674,0.025576005963363846,0.025576005963363846,False,0.9787234042553191,-0.03790149541854537,0.03790149541854537,False,0.9183673469387755,-0.03790149541854537,0.03790149541854537,False,0.9183673469387755,0.010107090624982606,0.010107090624982606,False,0.9383680555555556,-0.1240268562582949,0.1240268562582949,False,0.5699339207048458,0.14960286222165875,0.7362175153973262
2213,0.0020531964535697622,0.0011653879770807032,0.0013788348845225785,0.0013788348845225785,0.012630819198845183,0.02094972067039106,-0.0008878084764890591,0.0008878084764890591,False,0.8853809196980096,-0.0006743615690471838,0.0006743615690471838,False,0.0,-0.0006743615690471838,0.0006743615690471838,False,0.0,0.010577622745275421,0.010577622745275421,False,0.8005494505494506,0.0188965242168213,0.0188965242168213,False,0.6332029552368535,0.019784332693310355,0.02094972067039106
2214,0.7758402029169309,0.7758402029169309,0.7758402029169309,0.7758402029169309,0.7719298245614035,0.772308173152055,0.0,0.0,False,1.0,0.0,0.0,False,1.0,0.0,0.0,False,1.0,-0.003910378355527433,0.003910378355527433,False,0.7862407862407862,-0.003532029764875877,0.003532029764875877,False,0.967741935483871,0.003910378355527433,0.7758402029169309
2221,0.6060991105463787,0.6050651690155769,0.5992764417961268,0.604621581513674,0.6009140184929322,0.606984126984127,-0.0010339415308017186,0.0010339415308017186,False,0.9705882352941176,-0.006822668750251837,0.006822668750251837,False,0.927478376580173,-0.0014775290327047053,0.0014775290327047053,False,0.8760736196319019,-0.005185092053446416,0.005185092053446416,False,0.8363514419852448,0.0008850164377482983,0.0008850164377482983,False,0.9491638795986622,0.007707685188000135,0.606984126984127
2226,0.5404296403572291,0.5404948702474351,0.5409047160731473,0.5409697990614848,0.5482880755608028,0.5399010020523964,6.52298902060755e-05,6.52298902060755e-05,False,0.9761904761904762,0.0004750757159182051,0.0004750757159182051,False,0.9534883720930233,0.0005401587042557221,0.0005401587042557221,False,0.9302325581395349,0.007858435203573766,0.007858435203573766,False,0.8174386920980926,-0.0005286383048326293,0.0005286383048326293,False,0.9342770475227502,0.008387073508406395,0.5482880755608028
2227,0.7454151055018734,0.7491380211054226,0.7707523058117569,0.7707523058117569,0.7610245576973858,0.7210994341147938,0.003722915603549204,0.003722915603549204,False,0.9545454545454546,0.025337200309883512,0.025337200309883512,False,0.8456659619450317,0.025337200309883512,0.025337200309883512,False,0.8456659619450317,0.015609452195512352,0.015609452195512352,False,0.822508896797153,-0.024315671387079574,0.024315671387079574,False,0.7040169133192389,0.049652871696963086,0.7707523058117569
223,0.9811117832896418,0.9811827956989247,0.9787915166066427,0.9530854584387775,0.946568816788979,0.9805812240524977,7.10124092829778e-05,7.10124092829778e-05,False,0.9188220230473751,-0.002320266682999117,0.002320266682999117,False,0.6754518072289156,-0.028026324850864315,0.028026324850864315,False,0.6814814814814815,-0.0345429665006628,0.0345429665006628,False,0.5759229534510434,-0.0005305592371440682,0.0005305592371440682,False,0.7100401606425703,0.034613978909945775,0.9811827956989247
2237,0.6571428571428571,0.6742398930838623,0.6742398930838623,0.6742398930838623,0.7136479591836735,0.7062237987745889,0.0170970359410052,0.0170970359410052,False,0.9696969696969697,0.0170970359410052,0.0170970359410052,False,0.9696969696969697,0.0170970359410052,0.0170970359410052,False,0.9696969696969697,0.05650510204081638,0.05650510204081638,False,0.7922192749778957,0.04908094163173171,0.04908094163173171,False,0.8648648648648649,0.05650510204081638,0.7136479591836735
2241,0.7936328044508552,0.8050333846944017,0.8050333846944017,0.790349591794013,0.7817525110088566,0.742352291551629,0.01140058024354651,0.01140058024354651,False,0.9406575781876504,0.01140058024354651,0.01140058024354651,False,0.9406575781876504,-0.0032832126568421716,0.0032832126568421716,False,0.9395424836601307,-0.01188029344199859,0.01188029344199859,False,0.8742857142857143,-0.051280512899226194,0.051280512899226194,False,0.7310327328089318,0.0626810931427727,0.8050333846944017
2244,0.7460719716168271,0.691371095817893,0.691371095817893,0.7253992787223081,0.7460719716168271,0.7441624365482233,-0.05470087579893412,0.05470087579893412,False,0.9088669950738916,-0.05470087579893412,0.05470087579893412,False,0.9088669950738916,-0.020672692894519007,0.020672692894519007,False,0.9195402298850575,0.0,0.0,False,1.0,-0.001909535068603807,0.001909535068603807,False,0.9761904761904762,0.05470087579893412,0.7460719716168271
2245,0.9118266626542281,0.8622792937399679,0.9067152841081738,0.9067152841081738,0.8801509908776345,0.9204747774480713,-0.04954736891426015,0.04954736891426015,False,0.9344444444444444,-0.005111378546054257,0.005111378546054257,False,0.9666666666666667,-0.005111378546054257,0.005111378546054257,False,0.9666666666666667,-0.031675671776593584,0.031675671776593584,False,0.8285714285714286,0.008648114793843198,0.008648114793843198,False,0.9375,0.058195483708103346,0.9204747774480713
2246,0.8458820331611852,0.8458820331611852,0.8458820331611852,0.8458820331611852,0.8451928299837045,0.8458820331611852,0.0,0.0,False,1.0,0.0,0.0,False,1.0,0.0,0.0,False,1.0,-0.0006892031774806684,0.0006892031774806684,False,0.9642857142857143,0.0,0.0,False,1.0,0.0006892031774806684,0.8458820331611852
2248,0.9245283018867925,0.9231690879137338,0.9231690879137338,0.9289422934282747,0.9289422934282747,0.9264770885516428,-0.001359213973058715,0.001359213973058715,False,0.9307862679955703,-0.001359213973058715,0.001359213973058715,False,0.9307862679955703,0.004413991541482254,0.004413991541482254,False,0.9534883720930233,0.004413991541482254,0.004413991541482254,False,0.9534883720930233,0.0019487866648503216,0.0019487866648503216,False,0.9767441860465116,0.005773205514540969,0.9289422934282747
2259,0.719642030550841,0.7192467973452693,0.7192467973452693,0.7172669655279023,0.720431765612953,0.741392385863795,-0.00039523320557166564,0.00039523320557166564,False,0.9289902280130293,-0.00039523320557166564,0.00039523320557166564,False,0.9289902280130293,-0.002375065022938716,0.002375065022938716,False,0.9175531914893617,0.0007897350621119958,0.0007897350621119958,False,0.9791666666666666,0.021750355312953995,0.021750355312953995,False,0.6427350427350428,0.02412542033589271,0.741392385863795
2272,0.7539092151206923,0.7454545454545455,0.7049859201590194,0.7049859201590194,0.7829045869062202,0.8020790589522637,-0.00845466966614683,0.00845466966614683,False,0.9814814814814815,-0.048923294961672914,0.048923294961672914,False,0.8703703703703703,-0.048923294961672914,0.048923294961672914,False,0.8703703703703703,0.028995371785527913,0.028995371785527913,False,0.8488843813387424,0.04816984383157141,0.04816984383157141,False,0.8051948051948052,0.09709313879324433,0.8020790589522637
2277,0.5926530612244898,0.5912378872662755,0.5912378872662755,0.5653132702036581,0.4296484694340994,0.5765455027858849,-0.001415173958214333,0.001415173958214333,False,0.9782608695652174,-0.001415173958214333,0.001415173958214333,False,0.9782608695652174,-0.027339791020831727,0.027339791020831727,False,0.9239130434782609,-0.1630045917903904,0.1630045917903904,False,0.6600517687661778,-0.016107558438604896,0.016107558438604896,False,0.8823529411764706,0.1630045917903904,0.5926530612244898
2278,0.5643620011242271,0.5643620011242271,0.5643620011242271,0.5643620011242271,0.07491090520313613,0.5643620011242271,0.0,0.0,False,1.0,0.0,0.0,False,1.0,0.0,0.0,False,1.0,-0.48945109592109093,0.48945109592109093,True,0.15315315315315314,0.0,0.0,False,1.0,0.48945109592109093,0.5643620011242271
228,0.7326062429484769,0.7321663843402973,0.7601771778105885,0.784016393442623,0.7564325788353646,0.7327440285875494,-0.00043985860817952194,0.00043985860817952194,False,0.9464285714285714,0.027570934862111596,0.027570934862111596,False,0.5454545454545454,0.0514101504941461,0.0514101504941461,False,0.5933441558441559,0.02382633588688776,0.02382633588688776,False,0.6178640776699029,0.0001377856390725185,0.0001377856390725185,False,0.9443137254901961,0.05185000910232562,0.784016393442623
2293,0.5761666023910529,0.5960966990603165,0.5960966990603165,0.5307167235494881,0.2995412369356007,0.5833268224080006,0.019930096669263597,0.019930096669263597,False,0.9245283018867925,0.019930096669263597,0.019930096669263597,False,0.9245283018867925,-0.04544987884156482,0.04544987884156482,False,0.8972884141331142,-0.2766253654554522,0.2766253654554522,False,0.3613049829573121,0.007160220016947716,0.007160220016947716,False,0.9036658141517476,0.2965554621247158,0.5960966990603165
2326,0.6335955341283938,0.7064056939501779,0.7064056939501779,0.6189132834539434,0.7204627621113522,0.7694826457105436,0.07281015982178418,0.07281015982178418,False,0.8630952380952381,0.07281015982178418,0.07281015982178418,False,0.8630952380952381,-0.014682250674450392,0.014682250674450392,False,0.9655172413793104,0.08686722798295843,0.08686722798295843,False,0.8164447017950203,0.13588711158214983,0.13588711158214983,False,0.8113095238095238,0.15056936225660023,0.7694826457105436
233,0.9367886804060289,0.9367886804060289,0.9368607244482042,0.9368081180811808,0.9368081180811808,0.9354813962408899,0.0,0.0,False,1.0,7.204404217531213e-05,7.204404217531213e-05,False,0.9464090411957711,1.9437675151889877e-05,1.9437675151889877e-05,False,0.9168285361116016,1.9437675151889877e-05,1.9437675151889877e-05,False,0.9168285361116016,-0.0013072841651390332,0.0013072841651390332,False,0.8627450980392157,0.0013793282073143454,0.9368607244482042
234,0.9272183449651047,0.9299029425358188,0.9216372489348752,0.9210186240973014,0.9283134844410296,0.9295666230467247,0.0026845975707141534,0.0026845975707141534,False,0.9390243902439024,-0.005581096030229493,0.005581096030229493,False,0.8790737564322469,-0.006199720867803293,0.006199720867803293,False,0.8627946127946128,0.0010951394759248778,0.0010951394759248778,False,0.8209876543209876,0.00234827808161997,0.00234827808161997,False,0.8202247191011236,0.008884318438517447,0.9299029425358188
2344,0.9028283162421435,0.9026951058201058,0.8252923606540779,0.8307349665924276,0.7759698275862069,0.7224389242455348,-0.0001332104220377328,0.0001332104220377328,False,0.9875,-0.0775359555880657,0.0775359555880657,False,0.6170886075949367,-0.07209334964971592,0.07209334964971592,False,0.5969936708860759,-0.12685848865593663,0.12685848865593663,False,0.5012658227848101,-0.18038939199660875,0.18038939199660875,False,0.544396358752425,0.18038939199660875,0.9028283162421435
2353,0.7669156169880726,0.7699583380249971,0.7699583380249971,0.7632638968811141,0.7553940495116965,0.510449147482253,0.0030427210369244895,0.0030427210369244895,False,0.9772727272727273,0.0030427210369244895,0.0030427210369244895,False,0.9772727272727273,-0.003651720106958578,0.003651720106958578,False,0.8970792767732962,-0.011521567476376116,0.011521567476376116,False,0.8611481975967957,-0.25646646950581964,0.25646646950581964,False,0.46808510638297873,0.25950919054274413,0.7699583380249971
2364,0.8851107676455435,0.8858921161825726,0.8863157894736842,0.8849840255591054,0.8783126014061655,0.8873239436619719,0.0007813485370290474,0.0007813485370290474,False,0.975,0.00120502182814064,0.00120502182814064,False,0.9172413793103448,-0.00012674208643814744,0.00012674208643814744,False,0.8689655172413793,-0.006798166239378012,0.006798166239378012,False,0.8206896551724138,0.002213176016428342,0.002213176016428342,False,0.8615384615384616,0.009011342255806354,0.8873239436619719
238,0.9074626865671642,0.8940016433853739,0.8940016433853739,0.5230877687698273,0.09233891425672247,0.2512908777969019,-0.013461043181790311,0.013461043181790311,False,0.9782608695652174,-0.013461043181790311,0.013461043181790311,False,0.9782608695652174,-0.3843749177973369,0.3843749177973369,False,0.9291294642857143,-0.8151237723104418,0.8151237723104418,True,0.7658119658119659,-0.6561718087702624,0.6561718087702624,False,0.8524216524216525,0.8151237723104418,0.9074626865671642
2384,0.6600421559771154,0.6600421559771154,0.6600421559771154,0.6600421559771154,0.6938775510204082,0.6944927536231884,0.0,0.0,False,1.0,0.0,0.0,False,1.0,0.0,0.0,False,1.0,0.033835395043292804,0.033835395043292804,False,0.9343715239154616,0.034450597646073056,0.034450597646073056,False,0.9032258064516129,0.034450597646073056,0.6944927536231884
2386,0.5668320793981111,0.5668320793981111,0.5668320793981111,0.5668320793981111,0.5957179829033017,0.5888564898731184,0.0,0.0,False,1.0,0.0,0.0,False,1.0,0.0,0.0,False,1.0,0.028885903505190602,0.028885903505190602,False,0.9276353276353276,0.02202441047500736,0.02202441047500736,False,0.9282380396732789,0.028885903505190602,0.5957179829033017
2388,0.5670921327454166,0.6047184308053873,0.5759490751418423,0.6026343185624405,0.7523859380662827,0.7493934983017952,0.03762629805997075,0.03762629805997075,False,0.9475319295823266,0.00885694239642576,0.00885694239642576,False,0.9206349206349206,0.03554218581702395,0.03554218581702395,False,0.854526958290946,0.18529380532086615,0.18529380532086615,False,0.7172720146328717,0.18230136555637866,0.18230136555637866,False,0.7183734939759037,0.18529380532086615,0.7523859380662827
2389,0.8117936886560044,0.8119266055045872,0.5941984732824428,0.598904443091905,0.8007315343559885,0.6735811005473927,0.00013291684858274255,0.00013291684858274255,False,0.9538291401714127,-0.21759521537356163,0.21759521537356163,False,0.37351778656126483,-0.21288924556409938,0.21288924556409938,False,0.4189723320158103,-0.011062154300015892,0.011062154300015892,False,0.8540458784976053,-0.1382125881086117,0.1382125881086117,False,0.45849802371541504,0.21772813222214438,0.8119266055045872
2392,0.5022466300549177,0.5022466300549177,0.5022466300549177,0.5022466300549177,0.7735167904093727,0.8250032454887706,0.0,0.0,False,1.0,0.0,0.0,False,1.0,0.0,0.0,False,1.0,0.27127016035445506,0.27127016035445506,False,0.6145092460881935,0.3227566154338529,0.3227566154338529,False,0.526829268292683,0.3227566154338529,0.8250032454887706
2395,0.6413223140495867,0.6179875333926982,0.6165471508982959,0.6121029445861349,0.4958603714477512,0.6080352396141869,-0.023334780656888543,0.023334780656888543,False,0.9150326797385621,-0.024775163151290802,0.024775163151290802,False,0.8375350140056023,-0.029219369463451828,0.029219369463451828,False,0.9217625899280576,-0.14546194260183554,0.14546194260183554,False,0.32903225806451614,-0.0332870744353998,0.0332870744353998,False,0.9050772626931567,0.14546194260183554,0.6413223140495867
2399,0.3149965445749827,0.2715156670920176,0.2715156670920176,0.5012294074256208,0.512022458196021,0.249048473967684,-0.04348087748296514,0.04348087748296514,False,0.9098039215686274,-0.04348087748296514,0.04348087748296514,False,0.9098039215686274,0.18623286285063811,0.18623286285063811,False,0.576271186440678,0.19702591362103827,0.19702591362103827,False,0.5483870967741935,-0.06594807060729871,0.06594807060729871,False,0.7676470588235295,0.26297398422833695,0.512022458196021
2400,0.8261827017996811,0.8383658969804618,0.8405932137588322,0.8259505776145666,0.8554758337932665,0.8586480791052035,0.012183195180780704,0.012183195180780704,False,0.9373275522270398,0.014410511959151107,0.014410511959151107,False,0.910524241229799,-0.00023212418511453503,0.00023212418511453503,False,0.8912037037037037,0.02929313199358541,0.02929313199358541,False,0.8766704849179076,0.03246537730552235,0.03246537730552235,False,0.8588052754072925,0.03269750149063688,0.8586480791052035
2401,0.4271954674220963,0.3696244520791375,0.3696244520791375,0.3674785100286533,0.7490443594986221,0.4303037045277561,-0.057571015342958776,0.057571015342958776,False,0.9343715239154616,-0.057571015342958776,0.057571015342958776,False,0.9343715239154616,-0.059716957393443015,0.059716957393443015,False,0.9061488673139159,0.32184889207652584,0.32184889207652584,False,0.5011148272017837,0.003108237105659828,0.003108237105659828,False,0.9666666666666667,0.38156584946996885,0.7490443594986221
2406,0.9106273274133486,0.9103151862464184,0.9108316661903401,0.9108316661903401,0.9104947097512154,0.9117142857142857,-0.0003121411669302354,0.0003121411669302354,False,0.9787234042553191,0.00020433877699144176,0.00020433877699144176,False,0.9465277777777777,0.00020433877699144176,0.00020433877699144176,False,0.9465277777777777,-0.00013261766213323867,0.00013261766213323867,False,0.9270326615705351,0.0010869583009370798,0.0010869583009370798,False,0.9215686274509803,0.0013990994678673152,0.9117142857142857
2423,0.6920204674318905,0.6920204674318905,0.6411835492319672,0.6411835492319672,0.6276826949198587,0.533255286456428,0.0,0.0,False,1.0,-0.05083691819992331,0.05083691819992331,False,0.9192006950477846,-0.05083691819992331,0.05083691819992331,False,0.9192006950477846,-0.06433777251203177,0.06433777251203177,False,0.8827701293283271,-0.15876518097546255,0.15876518097546255,False,0.8299180327868853,0.15876518097546255,0.6920204674318905
2424,0.7905480984340044,0.8023291994488154,0.8023291994488154,0.8072255414488424,0.7130188538639243,0.8220551378446115,0.011781101014811002,0.011781101014811002,False,0.9591836734693877,0.011781101014811002,0.011781101014811002,False,0.9591836734693877,0.016677443014837978,0.016677443014837978,False,0.9623400365630713,-0.07752924457008015,0.07752924457008015,False,0.7144,0.03150703941060706,0.03150703941060706,False,0.7731601731601732,0.10903628398068721,0.8220551378446115
2430,0.8236997008588247,0.8193026391832017,0.8186558516801854,0.8241929210423959,0.8189888074102664,0.8200885126034251,-0.004397061675623037,0.004397061675623037,False,0.9140096618357488,-0.005043849178639315,0.005043849178639315,False,0.8521739130434782,0.0004932201835712302,0.0004932201835712302,False,0.8318840579710145,-0.004710893448558351,0.004710893448558351,False,0.8309178743961353,-0.0036111882553996333,0.0036111882553996333,False,0.9347826086956522,0.005537069362210545,0.8241929210423959
2442,0.8479700547077454,0.851119511485897,0.851119511485897,0.851119511485897,0.8435811304220827,0.8362042913266848,0.0031494567781515936,0.0031494567781515936,False,0.9531772575250836,0.0031494567781515936,0.0031494567781515936,False,0.9531772575250836,0.0031494567781515936,0.0031494567781515936,False,0.9531772575250836,-0.004388924285662732,0.004388924285662732,False,0.7259684361549498,-0.011765763381060612,0.011765763381060612,False,0.7948717948717948,0.014915220159212206,0.851119511485897
2459,0.6812064471514442,0.6836236193712829,0.6696716033483581,0.7151734852408079,0.6083394129861384,0.7179699209261461,0.0024171722198387258,0.0024171722198387258,False,0.9848484848484849,-0.011534843803086114,0.011534843803086114,False,0.9211030256606664,0.033967038089363744,0.033967038089363744,False,0.9069767441860465,-0.07286703416530582,0.07286703416530582,False,0.6582278481012658,0.036763473774701905,0.036763473774701905,False,0.8495575221238938,0.10963050794000773,0.7179699209261461
246,0.8558172733761599,0.8558172733761599,0.8558172733761599,0.850958126330731,0.8558172733761599,0.8558172733761599,0.0,0.0,False,1.0,0.0,0.0,False,1.0,-0.004859147045428891,0.004859147045428891,False,0.967741935483871,0.0,0.0,False,1.0,0.0,0.0,False,1.0,0.004859147045428891,0.8558172733761599
2472,0.6170123903661423,0.6175038263531376,0.6178228833588211,0.6176102378634024,0.6195697432338654,0.6185051403167546,0.0004914359869953033,0.0004914359869953033,False,0.975609756097561,0.0008104929926787685,0.0008104929926787685,False,0.8842224744608399,0.0005978474972601067,0.0005978474972601067,False,0.8609534619750284,0.002557352867723073,0.002557352867723073,False,0.8879492600422833,0.0014927499506123265,0.0014927499506123265,False,0.9090909090909091,0.002557352867723073,0.6195697432338654
2474,0.5431182181610509,0.5416309012875536,0.5304171494785631,0.5304171494785631,0.5314260944950152,0.5694288913773796,-0.0014873168734972353,0.0014873168734972353,False,0.9543230016313213,-0.01270106868248777,0.01270106868248777,False,0.7405555555555555,-0.01270106868248777,0.01270106868248777,False,0.7405555555555555,-0.01169212366603567,0.01169212366603567,False,0.7232772653282691,0.02631067321632874,0.02631067321632874,False,0.9090909090909091,0.03901174189881651,0.5694288913773796
2486,0.8586806859431718,0.8486991664561758,0.86452895848869,0.8610626091294588,0.8827821011673151,0.8797066014669926,-0.009981519486995993,0.009981519486995993,False,0.9328042328042329,0.005848272545518229,0.005848272545518229,False,0.9139676113360324,0.0023819231862869383,0.0023819231862869383,False,0.8936170212765957,0.02410141522414333,0.02410141522414333,False,0.7608695652173914,0.021025915523820826,0.021025915523820826,False,0.8741905642923219,0.03408293471113932,0.8827821011673151
2489,0.6896588429400181,0.6099760721516657,0.6633367718117161,0.6626106795589114,0.613425573969895,0.6803173241852487,-0.0796827707883524,0.0796827707883524,False,0.5971826527382083,-0.026322071128301983,0.026322071128301983,False,0.7792207792207793,-0.027048163381106716,0.027048163381106716,False,0.7606679035250464,-0.07623326897012306,0.07623326897012306,False,0.6649934932143521,-0.009341518754769407,0.009341518754769407,False,0.9033778476040848,0.0796827707883524,0.6896588429400181
25,0.6613816534541337,0.6604984894259819,0.6604984894259819,0.6613816534541337,0.6190754827384435,0.6257763975155279,-0.0008831640281518061,0.0008831640281518061,False,0.9791666666666666,-0.0008831640281518061,0.0008831640281518061,False,0.9791666666666666,0.0,0.0,False,1.0,-0.042306170715690206,0.042306170715690206,False,0.8563829787234043,-0.03560525593860575,0.03560525593860575,False,0.886968085106383,0.042306170715690206,0.6613816534541337
2503,0.5130339539978094,0.5489975378121702,0.5489975378121702,0.5130339539978094,0.5359772639193903,0.5311380310527214,0.03596358381436082,0.03596358381436082,False,0.975,0.03596358381436082,0.03596358381436082,False,0.975,0.0,0.0,False,1.0,0.02294330992158089,0.02294330992158089,False,0.8365679264555669,0.018104077054912016,0.018104077054912016,False,0.8413461538461539,0.03596358381436082,0.5489975378121702
2504,0.7171004264078812,0.6618550368550369,0.6650503091283791,0.5662481341645448,0.4380952380952381,0.6245758030147581,-0.055245389552844304,0.055245389552844304,False,0.9072426937738246,-0.05205011727950204,0.05205011727950204,False,0.6653225806451613,-0.1508522922433364,0.1508522922433364,False,0.545583372697213,-0.2790051883126431,0.2790051883126431,False,0.3819444444444444,-0.09252462339312306,0.09252462339312306,False,0.732824427480916,0.2790051883126431,0.7171004264078812
2511,0.4054080922556914,0.5323376450193359,0.5323376450193359,0.49547875634832156,0.37843336724313326,0.6343021398914085,0.12692955276364448,0.12692955276364448,False,0.8637037037037038,0.12692955276364448,0.12692955276364448,False,0.8637037037037038,0.09007066409263015,0.09007066409263015,False,0.88,-0.026974725012558154,0.026974725012558154,False,0.8921161825726142,0.22889404763571708,0.22889404763571708,False,0.8122222222222222,0.25586877264827523,0.6343021398914085
2520,0.8973266588561082,0.9023991563406275,0.9023991563406275,0.9024955249026009,0.9041384024819898,0.9043169598580153,0.005072497484519323,0.005072497484519323,False,0.9382716049382716,0.005072497484519323,0.005072497484519323,False,0.9382716049382716,0.005168866046492693,0.005168866046492693,False,0.9390243902439024,0.006811743625881661,0.006811743625881661,False,0.9092261904761905,0.006990301001907118,0.006990301001907118,False,0.8699572852396773,0.006990301001907118,0.9043169598580153
2522,0.9124532756246311,0.9124877089478859,0.9124877089478859,0.9119496855345912,0.9128386336866903,0.9123082972866693,3.443332325481219e-05,3.443332325481219e-05,False,0.9777777777777777,3.443332325481219e-05,3.443332325481219e-05,False,0.9777777777777777,-0.0005035900900398627,0.0005035900900398627,False,0.9219047619047619,0.00038535806205919343,0.00038535806205919343,False,0.75625,-0.0001449783379617875,0.0001449783379617875,False,0.9287598944591029,0.0008889481520990561,0.9128386336866903
2523,0.9119094488188977,0.9119094488188977,0.911460895228726,0.911460895228726,0.9126774115949001,0.912968864917872,0.0,0.0,False,1.0,-0.0004485535901717075,0.0004485535901717075,False,0.9089989888776542,-0.0004485535901717075,0.0004485535901717075,False,0.9089989888776542,0.0007679627760024399,0.0007679627760024399,False,0.30779436152570483,0.0010594160989743084,0.0010594160989743084,False,0.7111111111111111,0.001507969689146016,0.912968864917872
2532,0.7178082191780822,0.6617739304980554,0.5453691380255226,0.6328095911832601,0.7602838661056334,0.7179802373410241,-0.0560342886800268,0.0560342886800268,False,0.816,-0.17243908115255968,0.17243908115255968,False,0.6807272727272727,-0.08499862799482216,0.08499862799482216,False,0.6981818181818182,0.042475646927551125,0.042475646927551125,False,0.7198774676650783,0.00017201816294187822,0.00017201816294187822,False,0.7440476190476191,0.2149147280801108,0.7602838661056334
2533,0.7437208024182468,0.7516179424235662,0.7532627569596146,0.7485033290438091,0.751808456444218,0.751996400854797,0.00789714000531938,0.00789714000531938,False,0.9395050412465628,0.009541954541367859,0.009541954541367859,False,0.9358974358974359,0.004782526625562333,0.004782526625562333,False,0.9068121498083161,0.008087654025971225,0.008087654025971225,False,0.7890851568679146,0.008275598436550236,0.008275598436550236,False,0.8950358851674641,0.009541954541367859,0.7532627569596146
2537,0.5234463276836158,0.5484909758106793,0.6267751275334345,0.6451819785153119,0.6425308359981727,0.5274310118265441,0.02504464812706353,0.02504464812706353,False,0.9244314013206163,0.10332879984981869,0.10332879984981869,False,0.905823148813803,0.12173565083169613,0.12173565083169613,False,0.8584005869405723,0.11908450831455697,0.11908450831455697,False,0.6760912698412699,0.003984684142928296,0.003984684142928296,False,0.7519031141868512,0.12173565083169613,0.6451819785153119
2542,0.9120709602776707,0.9120370370370371,0.9120370370370371,0.9124975854742129,0.28803626713843433,0.9135518497220625,-3.392324063355989e-05,3.392324063355989e-05,False,0.9610983981693364,-3.392324063355989e-05,3.392324063355989e-05,False,0.9610983981693364,0.00042662519654224074,0.00042662519654224074,False,0.8527841342486652,-0.6240346931392363,0.6240346931392363,False,0.49580838323353293,0.0014808894443918419,0.0014808894443918419,False,0.8670634920634921,0.6255155825836282,0.9135518497220625
2545,0.8882691302074255,0.8875348189415042,0.8875348189415042,0.886106346483705,0.8862690707350902,0.8882691302074255,-0.0007343112659212725,0.0007343112659212725,False,0.9444444444444444,-0.0007343112659212725,0.0007343112659212725,False,0.9444444444444444,-0.002162783723720474,0.002162783723720474,False,0.796875,-0.0020000594723352805,0.0020000594723352805,False,0.723404255319149,0.0,0.0,False,1.0,0.002162783723720474,0.8882691302074255
2555,0.0,0.0,0.12965257471378303,0.13733093729310508,0.12086979581012994,0.06742449570935027,0.0,0.0,False,0.9607843137254902,0.12965257471378303,0.12965257471378303,False,0.00451913571529445,0.13733093729310508,0.13733093729310508,False,0.01489995742869306,0.12086979581012994,0.12086979581012994,False,0.17306468716861081,0.06742449570935027,0.06742449570935027,False,0.0,0.13733093729310508,0.13733093729310508
2556,0.8908801849978321,0.8862927218634352,0.885369751561819,0.885369751561819,0.8682056198834722,0.8906396819660282,-0.004587463134396841,0.004587463134396841,False,0.9552845528455285,-0.005510433436013096,0.005510433436013096,False,0.907520325203252,-0.005510433436013096,0.005510433436013096,False,0.907520325203252,-0.022674565114359835,0.022674565114359835,False,0.7931034482758621,-0.00024050303180389587,0.00024050303180389587,False,0.975609756097561,0.022674565114359835,0.8908801849978321
2557,0.9489240763296792,0.9501176088896098,0.9501176088896098,0.9482324258431531,0.9483262918427039,0.9502189070861035,0.001193532559930599,0.001193532559930599,False,0.9579606440071556,0.001193532559930599,0.001193532559930599,False,0.9579606440071556,-0.0006916504865260853,0.0006916504865260853,False,0.9150326797385621,-0.000597784486975339,0.000597784486975339,False,0.9570494864612512,0.0012948307564242256,0.0012948307564242256,False,0.8981132075471698,0.001986481242950311,0.9502189070861035
256,0.9456384323640961,0.9456689597079883,0.9456689597079883,0.9456842105263158,0.9445302626035669,0.9449438202247191,3.0527343892194914e-05,3.0527343892194914e-05,False,0.9473684210526315,3.0527343892194914e-05,3.0527343892194914e-05,False,0.9473684210526315,4.5778162219733964e-05,4.5778162219733964e-05,False,0.9,-0.0011081697605291874,0.0011081697605291874,False,0.9104658197217181,-0.0006946121393769378,0.0006946121393769378,False,0.9555555555555556,0.0011539479227489213,0.9456842105263158
2565,0.39679756895745677,0.39360580864269823,0.39360580864269823,0.39679756895745677,0.8720686681177872,0.3603901659916719,-0.0031917603147585405,0.0031917603147585405,False,0.9761904761904762,-0.0031917603147585405,0.0031917603147585405,False,0.9761904761904762,0.0,0.0,False,1.0,0.4752710991603304,0.4752710991603304,False,0.3117408906882591,-0.036407402965784874,0.036407402965784874,False,0.8023100844069303,0.5116785021261152,0.8720686681177872
2575,0.887793427230047,0.887793427230047,0.8902248594628357,0.8864796920417943,0.8388416230366492,0.8864796920417943,0.0,0.0,False,1.0,0.002431432232788744,0.002431432232788744,False,0.9833333333333333,-0.0013137351882526183,0.0013137351882526183,False,0.9624113475177305,-0.04895180419339773,0.04895180419339773,False,0.9473864024598565,-0.0013137351882526183,0.0013137351882526183,False,0.9624113475177305,0.051383236426186474,0.8902248594628357
2577,0.8448673587081892,0.8460873739798368,0.8604210127062394,0.8640831758034027,0.8440896412426662,0.8361008610086101,0.001220015271647612,0.001220015271647612,False,0.9772727272727273,0.015553653998050199,0.015553653998050199,False,0.9120992761116856,0.019215817095213472,0.019215817095213472,False,0.9121212121212121,-0.0007777174655230201,0.0007777174655230201,False,0.9767441860465116,-0.008766497699579046,0.008766497699579046,False,0.5188164320597529,0.027982314794792518,0.8640831758034027
2581,0.5683101816516563,0.5411474934801507,0.5411474934801507,0.5358322562114032,0.5041566103513007,0.3436614569052189,-0.027162688171505578,0.027162688171505578,False,0.9510086455331412,-0.027162688171505578,0.027162688171505578,False,0.9510086455331412,-0.032477925440253075,0.032477925440253075,False,0.9178470254957507,-0.0641535713003556,0.0641535713003556,False,0.9016393442622951,-0.22464872474643738,0.22464872474643738,False,0.5400981996726678,0.22464872474643738,0.5683101816516563
2582,0.8705673758865248,0.8779941795388404,0.8779941795388404,0.8578234975636166,0.784594276754214,0.8689163603964807,0.007426803652315628,0.007426803652315628,False,0.98,0.007426803652315628,0.007426803652315628,False,0.98,-0.012743878322908131,0.012743878322908131,False,0.9433962264150944,-0.08597309913231077,0.08597309913231077,False,0.7301587301587301,-0.0016510154900440943,0.0016510154900440943,False,0.8410737111205795,0.0933999027846264,0.8779941795388404
2589,0.42526071842410196,0.5226935627410264,0.6167400881057269,0.42526071842410196,0.7536713771127737,0.4887764780271894,0.09743284431692445,0.09743284431692445,False,0.9767441860465116,0.19147936968162493,0.19147936968162493,False,0.9534883720930233,0.0,0.0,False,1.0,0.3284106586886717,0.3284106586886717,False,0.8837209302325582,0.06351575960308742,0.06351575960308742,False,0.7441860465116279,0.3284106586886717,0.7536713771127737
2590,0.7187742435996897,0.7187742435996897,0.7187742435996897,0.7187742435996897,0.7691447736165455,0.7187742435996897,0.0,0.0,False,1.0,0.0,0.0,False,1.0,0.0,0.0,False,1.0,0.050370530016855874,0.050370530016855874,False,0.8285714285714286,0.0,0.0,False,1.0,0.050370530016855874,0.7691447736165455
2591,0.463267429760666,0.4137486573576799,0.4137486573576799,0.463267429760666,0.8151476251604621,0.4050960915568992,-0.04951877240298608,0.04951877240298608,False,0.9629629629629629,-0.04951877240298608,0.04951877240298608,False,0.9629629629629629,0.0,0.0,False,1.0,0.35188019539979615,0.35188019539979615,False,0.7428571428571429,-0.0581713382037668,0.0581713382037668,False,0.9209225700164745,0.41005153360356295,0.8151476251604621
2592,0.7885840953172624,0.7885840953172624,0.7885840953172624,0.7682119205298014,0.7682119205298014,0.6703113135914959,0.0,0.0,False,1.0,0.0,0.0,False,1.0,-0.020372174787461006,0.020372174787461006,False,0.967741935483871,-0.020372174787461006,0.020372174787461006,False,0.967741935483871,-0.1182727817257665,0.1182727817257665,False,0.9032258064516129,0.1182727817257665,0.7885840953172624
2593,0.8732922582373426,0.8705345151759334,0.8705345151759334,0.8670042643923241,0.8622462787550744,0.8705345151759334,-0.0027577430614091902,0.0027577430614091902,False,0.9544468546637744,-0.0027577430614091902,0.0027577430614091902,False,0.9544468546637744,-0.006287993845018436,0.006287993845018436,False,0.9322033898305084,-0.011045979482268153,0.011045979482268153,False,0.8916537065837221,-0.0027577430614091902,0.0027577430614091902,False,0.9544468546637744,0.011045979482268153,0.8732922582373426
2594,0.6710613052076466,0.6710613052076466,0.6598714823842233,0.6598714823842233,0.6760070052539404,0.6592773221015296,0.0,0.0,False,1.0,-0.01118982282342329,0.01118982282342329,False,0.8321325648414986,-0.01118982282342329,0.01118982282342329,False,0.8321325648414986,0.0049457000462937994,0.0049457000462937994,False,0.8477443609022557,-0.011783983106117057,0.011783983106117057,False,0.7857142857142857,0.016729683152410857,0.6760070052539404
2602,0.6809441925902767,0.6809441925902767,0.6809441925902767,0.6785686320570041,0.5224659660012697,0.6123860421251179,0.0,0.0,False,1.0,0.0,0.0,False,1.0,-0.0023755605332725915,0.0023755605332725915,False,0.9782608695652174,-0.158478226589007,0.158478226589007,False,0.26586021505376345,-0.06855815046515878,0.06855815046515878,False,0.31698717948717947,0.158478226589007,0.6809441925902767
2605,0.3906105457909343,0.382944115255025,0.3872537659327926,0.4151673878387611,0.6565834065520271,0.0,-0.007666430535909319,0.007666430535909319,False,0.9,-0.0033567798581417008,0.0033567798581417008,False,0.9310344827586207,0.02455684204782682,0.02455684204782682,False,0.90625,0.2659728607610928,0.2659728607610928,False,0.21240234375,-0.3906105457909343,0.3906105457909343,False,0.0,0.6565834065520271,0.6565834065520271
2608,0.773198977289818,0.773198977289818,0.773198977289818,0.7958308693081018,0.8563918096292197,0.816728518412789,0.0,0.0,False,1.0,0.0,0.0,False,1.0,0.02263189201828375,0.02263189201828375,False,0.9772727272727273,0.08319283233940167,0.08319283233940167,False,0.8353376503237743,0.04352954112297103,0.04352954112297103,False,0.8918518518518519,0.08319283233940167,0.8563918096292197
2609,0.25838926174496646,0.25110596165999577,0.7734241908006815,0.27897350993377484,0.836504958456178,0.829605530703538,-0.00728330008497069,0.00728330008497069,False,0.9642857142857143,0.515034929055715,0.515034929055715,False,0.5479082321187584,0.020584248188808385,0.020584248188808385,False,0.9333333333333333,0.5781156967112115,0.5781156967112115,False,0.46057855927396485,0.5712162689585716,0.5712162689585716,False,0.4496124031007752,0.5853989967961822,0.836504958456178
262,0.9050729673384295,0.9050729673384295,0.9047420386594354,0.905225125069483,0.9047420386594354,0.9053509381514941,0.0,0.0,False,1.0,-0.0003309286789940913,0.0003309286789940913,False,0.9443137254901961,0.00015215773105359265,0.00015215773105359265,False,0.9772727272727273,-0.0003309286789940913,0.0003309286789940913,False,0.9025326170376056,0.0002779708130646874,0.0002779708130646874,False,0.9045830202854996,0.0006088994920587787,0.9053509381514941
2623,0.20194090066514012,0.20194090066514012,0.20194090066514012,0.20492247641765152,0.6434402332361516,0.20651122810787578,0.0,0.0,False,1.0,0.0,0.0,False,1.0,0.0029815757525114006,0.0029815757525114006,False,0.9696969696969697,0.4414993325710115,0.4414993325710115,False,0.26666666666666666,0.004570327442735667,0.004570327442735667,False,0.9384164222873901,0.4414993325710115,0.6434402332361516
263,0.8863049095607235,0.8881254026197123,0.8881254026197123,0.8876476906552094,0.8885062419285407,0.8880292284547604,0.0018204930589887924,0.0018204930589887924,False,0.8908432488360062,0.0018204930589887924,0.0018204930589887924,False,0.8908432488360062,0.0013427810944859342,0.0013427810944859342,False,0.891765924391507,0.002201332367817166,0.002201332367817166,False,0.8893594494441504,0.0017243188940369025,0.0017243188940369025,False,0.9090909090909091,0.002201332367817166,0.8885062419285407
2656,0.7102952913008779,0.7017328899002275,0.7440826973239301,0.7237737200143215,0.49516158480920214,0.6295896328293736,-0.008562401400650343,0.008562401400650343,False,0.9583333333333334,0.03378740602305219,0.03378740602305219,False,0.8730964467005076,0.013478428713443624,0.013478428713443624,False,0.9355983772819473,-0.21513370649167574,0.21513370649167574,False,0.6372354497354498,-0.08070565847150424,0.08070565847150424,False,0.8263293310463122,0.24892111251472793,0.7440826973239301
2660,0.7010719225449515,0.7010719225449515,0.7010719225449515,0.7072079821090659,0.700622621930128,0.7156303479749002,0.0,0.0,False,1.0,0.0,0.0,False,1.0,0.006136059564114338,0.006136059564114338,False,0.9833333333333333,-0.00044930061482351125,0.00044930061482351125,False,0.9231292517006803,0.014558425429948674,0.014558425429948674,False,0.8698023176550784,0.015007726044772185,0.7156303479749002
2680,0.8211413251627729,0.8211413251627729,0.8211413251627729,0.8238440962934658,0.8287671232876712,0.8193325661680092,0.0,0.0,False,1.0,0.0,0.0,False,1.0,0.002702771130692838,0.002702771130692838,False,0.975,0.007625798124898275,0.007625798124898275,False,0.6842105263157895,-0.0018087589947637372,0.0018087589947637372,False,0.9743589743589743,0.009434557119662013,0.8287671232876712
2685,0.7751347922613384,0.7751347922613384,0.774746192893401,0.774746192893401,0.7770740975300824,0.77668672790624,0.0,0.0,False,0.96875,-0.00038859936793744776,0.00038859936793744776,False,0.9117647058823529,-0.00038859936793744776,0.00038859936793744776,False,0.9117647058823529,0.0019393052687439738,0.0019393052687439738,False,0.8273155416012559,0.0015519356449016364,0.0015519356449016364,False,0.8947368421052632,0.0023279046366814216,0.7770740975300824
2701,0.887272040064254,0.8869565217391304,0.8869565217391304,0.8871668871668872,0.8870617143937246,0.8893709327548807,-0.0003155183251235538,0.0003155183251235538,False,0.9491525423728814,-0.0003155183251235538,0.0003155183251235538,False,0.9491525423728814,-0.00010515289736678923,0.00010515289736678923,False,0.9031710079275198,-0.00021032567052936546,0.00021032567052936546,False,0.9666666666666667,0.002098892690626686,0.002098892690626686,False,0.9354838709677419,0.0024144110157502396,0.8893709327548807
2703,0.6178531073446327,0.5985654217165471,0.6183259501049195,0.7667820069204152,0.6119744058500914,0.5866609108568962,-0.019287685628085582,0.019287685628085582,False,0.9217054263565891,0.00047284276028680683,0.00047284276028680683,False,0.9534883720930233,0.14892889957578248,0.14892889957578248,False,0.8992248062015504,-0.005878701494541283,0.005878701494541283,False,0.90625,-0.031192196487736523,0.031192196487736523,False,0.7435897435897436,0.180121096063519,0.7667820069204152
2705,0.8018391835819222,0.8123679234790346,0.8104196816208393,0.80958751393534,0.8439888164026095,0.5191135734072022,0.010528739897112449,0.010528739897112449,False,0.9544008483563097,0.00858049803891714,0.00858049803891714,False,0.9302325581395349,0.0077483303534178205,0.0077483303534178205,False,0.9523809523809523,0.04214963282068729,0.04214963282068729,False,0.6603081438004402,-0.28272561017472,0.28272561017472,False,0.7827476038338658,0.32487524299540727,0.8439888164026095
2706,0.7017297145267894,0.7039168889512846,0.7036516853932584,0.7039168889512846,0.41105933519726623,0.7026496565260059,0.0021871744244951197,0.0021871744244951197,False,0.9782608695652174,0.0019219708664689472,0.0019219708664689472,False,0.9565217391304348,0.0021871744244951197,0.0021871744244951197,False,0.9782608695652174,-0.2906703793295232,0.2906703793295232,False,0.5050268880056115,0.0009199419992164115,0.0009199419992164115,False,0.9391304347826087,0.29285755375401834,0.7039168889512846
2716,0.7860989997435239,0.8248272517880956,0.8248272517880956,0.8134623845138583,0.4845005740528129,0.5598717294657823,0.03872825204457164,0.03872825204457164,False,0.9071911493546404,0.03872825204457164,0.03872825204457164,False,0.9071911493546404,0.027363384770334398,0.027363384770334398,False,0.8723404255319149,-0.30159842569071105,0.30159842569071105,False,0.26666666666666666,-0.2262272702777416,0.2262272702777416,False,0.31207430340557274,0.3403266777352827,0.8248272517880956
2720,0.8058222359863735,0.7861510024171762,0.8067998710924912,0.8070259865255053,0.6887613185772622,0.7962873284907184,-0.01967123356919731,0.01967123356919731,False,0.7261904761904762,0.0009776351061177024,0.0009776351061177024,False,0.8511371467953136,0.0012037505391317982,0.0012037505391317982,False,0.826461259628455,-0.11706091740911129,0.11706091740911129,False,0.7941176470588235,-0.00953490749565511,0.00953490749565511,False,0.6537634408602151,0.11826466794824309,0.8070259865255053
2721,0.7692751949177015,0.7728449515773325,0.7514902765562396,0.7544150648843789,0.0,0.734089519798954,0.003569756659630996,0.003569756659630996,False,0.95,-0.0177849183614619,0.0177849183614619,False,0.9337606837606838,-0.014860130033322538,0.014860130033322538,False,0.9230769230769231,-0.7692751949177015,0.7692751949177015,True,0.7064150943396227,-0.035185675118747484,0.035185675118747484,False,0.42997888810696694,0.7728449515773325,0.7728449515773325
2723,0.6177020569291503,0.6177020569291503,0.6177020569291503,0.6071283920615634,0.6032026721681895,0.5817103311913,0.0,0.0,False,1.0,0.0,0.0,False,1.0,-0.010573664867586818,0.010573664867586818,False,0.9782608695652174,-0.014499384760960798,0.014499384760960798,False,0.9151785714285714,-0.035991725737850255,0.035991725737850255,False,0.8901613742842269,0.035991725737850255,0.6177020569291503
2740,0.745035027958095,0.745035027958095,0.745035027958095,0.745035027958095,0.9430595644187877,0.15338491295938103,0.0,0.0,False,1.0,0.0,0.0,False,1.0,0.0,0.0,False,1.0,0.19802453646069273,0.19802453646069273,False,0.5432380952380952,-0.5916501149987139,0.5916501149987139,False,0.3814866760168303,0.7896746514594066,0.9430595644187877
2752,0.7997169143665959,0.8452200303490136,0.8452200303490136,0.8452200303490136,0.6985880908532842,0.6985880908532842,0.04550311598241774,0.04550311598241774,False,0.9344444444444444,0.04550311598241774,0.04550311598241774,False,0.9344444444444444,0.04550311598241774,0.04550311598241774,False,0.9344444444444444,-0.10112882351331165,0.10112882351331165,False,0.9365244536940687,-0.10112882351331165,0.10112882351331165,False,0.9365244536940687,0.1466319394957294,0.8452200303490136
2754,0.6568399275924489,0.6568399275924489,0.9191770756796473,0.9167280766396463,0.9165435745937962,0.692031982354563,0.0,0.0,False,1.0,0.26233714808719844,0.26233714808719844,False,0.8939068100358423,0.25988814904719737,0.25988814904719737,False,0.8731182795698925,0.2597036470013473,0.2597036470013473,False,0.9247311827956989,0.03519205476211407,0.03519205476211407,False,0.9146953405017921,0.26233714808719844,0.9191770756796473
2766,0.6939857288481142,0.6842177242888403,0.6842177242888403,0.6842177242888403,0.6939857288481142,0.6154280870302345,-0.009768004559273846,0.009768004559273846,False,0.9777777777777777,-0.009768004559273846,0.009768004559273846,False,0.9777777777777777,-0.009768004559273846,0.009768004559273846,False,0.9777777777777777,0.0,0.0,False,1.0,-0.07855764181787961,0.07855764181787961,False,0.9560493827160493,0.07855764181787961,0.6939857288481142
2768,0.6403380031131866,0.6378368778581894,0.6378368778581894,0.7584584178498985,0.8914636347229742,0.657774290571466,-0.0025011252549971275,0.0025011252549971275,False,0.9261802575107296,-0.0025011252549971275,0.0025011252549971275,False,0.9261802575107296,0.11812041473671198,0.11812041473671198,False,0.877057508636456,0.2511256316097876,0.2511256316097876,False,0.6452173913043479,0.01743628745827941,0.01743628745827941,False,0.8866064092029581,0.25362675686478475,0.8914636347229742
2771,0.7554524943594886,0.7554524943594886,0.7554524943594886,0.7449768160741885,0.6677629713637653,0.5934166412679062,0.0,0.0,False,1.0,0.0,0.0,False,1.0,-0.01047567828530005,0.01047567828530005,False,0.984375,-0.0876895229957233,0.0876895229957233,False,0.8748855660665242,-0.16203585309158242,0.16203585309158242,False,0.753175591531756,0.16203585309158242,0.7554524943594886
2781,0.6553702468312208,0.674280996284574,0.674280996284574,0.6553702468312208,0.6281118345461509,0.6802834514380992,0.01891074945335325,0.01891074945335325,False,0.9550387596899225,0.01891074945335325,0.01891074945335325,False,0.9550387596899225,0.0,0.0,False,1.0,-0.027258412285069866,0.027258412285069866,False,0.9148936170212766,0.024913204606878403,0.024913204606878403,False,0.8537431829449678,0.05217161689194827,0.6802834514380992
2782,0.9496766938431263,0.9493528418683174,0.9493528418683174,0.9493385871094849,0.9516083916083916,0.9496766938431263,-0.0003238519748088864,0.0003238519748088864,False,0.9772727272727273,-0.0003238519748088864,0.0003238519748088864,False,0.9772727272727273,-0.00033810673364131905,0.00033810673364131905,False,0.9545454545454546,0.001931697765265361,0.001931697765265361,False,0.8951902368987796,0.0,0.0,False,1.0,0.00226980449890668,0.9516083916083916
2784,0.0,0.22442152216336772,0.22442152216336772,0.5847551517837358,0.6597896711099203,0.2071097372488408,0.22442152216336772,0.22442152216336772,False,0.9519230769230769,0.22442152216336772,0.22442152216336772,False,0.9519230769230769,0.5847551517837358,0.5847551517837358,True,0.8538812785388128,0.6597896711099203,0.6597896711099203,True,0.4259549973835688,0.2071097372488408,0.2071097372488408,False,0.9001203369434416,0.6597896711099203,0.6597896711099203
2787,0.8040140086206896,0.7947557566884068,0.7947557566884068,0.774872490154303,0.6980419099965648,0.7624316338718803,-0.009258251932282802,0.009258251932282802,False,0.9807692307692307,-0.009258251932282802,0.009258251932282802,False,0.9807692307692307,-0.029141518466386573,0.029141518466386573,False,0.8566784069357898,-0.10597209862412482,0.10597209862412482,False,0.6623376623376623,-0.041582374748809325,0.041582374748809325,False,0.8113636363636364,0.10597209862412482,0.8040140086206896
2794,0.6418503794723527,0.6418503794723527,0.6418503794723527,0.6221001221001221,0.6221001221001221,0.6221001221001221,0.0,0.0,False,1.0,0.0,0.0,False,1.0,-0.019750257372230573,0.019750257372230573,False,0.8731182795698925,-0.019750257372230573,0.019750257372230573,False,0.8731182795698925,-0.019750257372230573,0.019750257372230573,False,0.8731182795698925,0.019750257372230573,0.6418503794723527
28,0.6610348468848997,0.6610348468848997,0.6610348468848997,0.6317731924173796,0.6317731924173796,0.6610348468848997,0.0,0.0,False,1.0,0.0,0.0,False,1.0,-0.02926165446752005,0.02926165446752005,False,0.9655172413793104,-0.02926165446752005,0.02926165446752005,False,0.9655172413793104,0.0,0.0,False,1.0,0.02926165446752005,0.6610348468848997
2801,0.4734144778987828,0.4734144778987828,0.47173659673659674,0.47539246845805644,0.4432577928279934,0.7034770514603617,0.0,0.0,False,1.0,-0.00167788116218609,0.00167788116218609,False,0.917094017094017,0.0019779905592736124,0.0019779905592736124,False,0.9294871794871795,-0.030156685070789446,0.030156685070789446,False,0.9058823529411765,0.23006257356157883,0.23006257356157883,False,0.5824786324786325,0.2602192586323683,0.7034770514603617
2807,0.9312429165092557,0.9319036869826938,0.9319036869826938,0.9319804584742578,0.9288765088207985,0.9250922509225092,0.0006607704734380437,0.0006607704734380437,False,0.9531163816878102,0.0006607704734380437,0.0006607704734380437,False,0.9531163816878102,0.0007375419650020865,0.0007375419650020865,False,0.9340540540540541,-0.002366407688457195,0.002366407688457195,False,0.8429268292682927,-0.006150665586746484,0.006150665586746484,False,0.773109243697479,0.006888207551748571,0.9319804584742578
2810,0.7936079225748368,0.7936079225748368,0.7936079225748368,0.7955056179775281,0.617827595409661,0.8011630507716394,0.0,0.0,False,1.0,0.0,0.0,False,1.0,0.0018976954026912463,0.0018976954026912463,False,0.96875,-0.17578032716517578,0.17578032716517578,False,0.5327050997782705,0.007555128196802596,0.007555128196802596,False,0.8857142857142857,0.18333545536197837,0.8011630507716394
2816,0.0,0.0,0.0,0.0,0.0,0.9044666984581148,0.0,0.0,False,0.8258928571428571,0.0,0.0,False,0.8035714285714286,0.0,0.0,False,0.8258928571428571,0.0,0.0,False,0.9456845238095238,0.9044666984581148,0.9044666984581148,True,0.0,0.9044666984581148,0.9044666984581148
2825,0.8667072428484479,0.8667072428484479,0.8667072428484479,0.8667072428484479,0.8658980582524272,0.8667072428484479,0.0,0.0,False,0.9666666666666667,0.0,0.0,False,0.9666666666666667,0.0,0.0,False,0.9666666666666667,-0.0008091845960207511,0.0008091845960207511,False,0.907258064516129,0.0,0.0,False,1.0,0.0008091845960207511,0.8667072428484479
2827,0.863458310016788,0.863458310016788,0.863458310016788,0.865411632481034,0.6589229144667371,0.3997458703939009,0.0,0.0,False,1.0,0.0,0.0,False,1.0,0.0019533224642460656,0.0019533224642460656,False,0.975609756097561,-0.20453539555005085,0.20453539555005085,False,0.9115612648221344,-0.46371243962288705,0.46371243962288705,False,0.7427536231884058,0.4656657620871331,0.865411632481034
2835,0.8753056234718827,0.8753056234718827,0.7849462365591398,0.8753056234718827,0.7269116186693148,0.5895582329317269,0.0,0.0,False,1.0,-0.09035938691274292,0.09035938691274292,False,0.5878378378378378,0.0,0.0,False,1.0,-0.14839400480256792,0.14839400480256792,False,0.5058139534883721,-0.28574739054015574,0.28574739054015574,False,0.38024475524475526,0.28574739054015574,0.8753056234718827
284,0.9054054054054054,0.9054054054054054,0.9054054054054054,0.9054054054054054,0.9029741589468552,0.9079008882655446,0.0,0.0,False,1.0,0.0,0.0,False,1.0,0.0,0.0,False,1.0,-0.002431246458550196,0.002431246458550196,False,0.8711111111111111,0.002495482860139231,0.002495482860139231,False,0.4444444444444444,0.004926729318689427,0.9079008882655446
2846,0.8165281832472491,0.8174921909861669,0.8174921909861669,0.8174921909861669,0.6092632887783649,0.8007906874588183,0.0009640077389178048,0.0009640077389178048,False,0.96875,0.0009640077389178048,0.0009640077389178048,False,0.96875,0.0009640077389178048,0.0009640077389178048,False,0.96875,-0.2072648944688842,0.2072648944688842,False,0.5,-0.015737495788430755,0.015737495788430755,False,0.96875,0.208228902207802,0.8174921909861669
2866,0.5060887051726064,0.5000551937299923,0.5000551937299923,0.5000551937299923,0.4546758462421113,0.5807057560713806,-0.0060335114426141034,0.0060335114426141034,False,0.9121367521367522,-0.0060335114426141034,0.0060335114426141034,False,0.9121367521367522,-0.0060335114426141034,0.0060335114426141034,False,0.9121367521367522,-0.051412858930495076,0.051412858930495076,False,0.6555987283645355,0.07461705089877424,0.07461705089877424,False,0.782083185211518,0.12602990982926932,0.5807057560713806
2871,0.9035281998454803,0.9048133848133848,0.9048133848133848,0.903670905627349,0.9071749573841624,0.9062418657920767,0.001285184967904529,0.001285184967904529,False,0.9777777777777777,0.001285184967904529,0.001285184967904529,False,0.9777777777777777,0.00014270578186870164,0.00014270578186870164,False,0.9888888888888889,0.003646757538682155,0.003646757538682155,False,0.958408273381295,0.0027136659465963886,0.0027136659465963886,False,0.9282662469080278,0.003646757538682155,0.9071749573841624
2875,0.9028091701646755,0.9028091701646755,0.9009932713873758,0.9009932713873758,0.9020618556701031,0.9009932713873758,0.0,0.0,False,1.0,-0.001815898777299707,0.001815898777299707,False,0.8379310344827586,-0.001815898777299707,0.001815898777299707,False,0.8379310344827586,-0.0007473144945724375,0.0007473144945724375,False,0.9310344827586207,-0.001815898777299707,0.001815898777299707,False,0.8379310344827586,0.001815898777299707,0.9028091701646755
2877,0.5846679749319491,0.5846679749319491,0.5880696364567333,0.5846679749319491,0.5635224715684486,0.0,0.0,0.0,False,1.0,0.003401661524784161,0.003401661524784161,False,0.9567723342939481,0.0,0.0,False,1.0,-0.021145503363500517,0.021145503363500517,False,0.9684705882352941,-0.5846679749319491,0.5846679749319491,True,0.3181818181818182,0.5880696364567333,0.5880696364567333
2878,0.894760147601476,0.8948417090989594,0.8948417090989594,0.8899918512482407,0.8638846737481032,0.8960636886333481,8.156149748339558e-05,8.156149748339558e-05,False,0.9366130558183539,8.156149748339558e-05,8.156149748339558e-05,False,0.9366130558183539,-0.004768296353235391,0.004768296353235391,False,0.8958333333333334,-0.03087547385337286,0.03087547385337286,False,0.7539543057996485,0.0013035410318720242,0.0013035410318720242,False,0.9565217391304348,0.03217901488524488,0.8960636886333481
2882,0.6410256410256411,0.7510337323177366,0.7510337323177366,0.7953577944455706,0.8105457909343201,0.27775539568345325,0.11000809129209554,0.11000809129209554,False,0.7989130434782609,0.11000809129209554,0.11000809129209554,False,0.7989130434782609,0.15433215341992956,0.15433215341992956,False,0.7374581939799331,0.16952014990867903,0.16952014990867903,False,0.6380208333333334,-0.3632702453421878,0.3632702453421878,False,0.10469314079422383,0.5327903952508668,0.8105457909343201
2883,0.7193753050268423,0.7186738176499269,0.7186738176499269,0.71875,0.7264833574529667,0.7553688141923436,-0.0007014873769154439,0.0007014873769154439,False,0.9795918367346939,-0.0007014873769154439,0.0007014873769154439,False,0.9795918367346939,-0.0006253050268423266,0.0006253050268423266,False,0.9791666666666666,0.007108052426124334,0.007108052426124334,False,0.8421052631578947,0.03599350916550126,0.03599350916550126,False,0.7655502392344498,0.0366949965424167,0.7553688141923436
2884,0.8967359050445104,0.8998522895125554,0.8998522895125554,0.8998522895125554,0.8985592472802117,0.8971851851851852,0.0031163844680449637,0.0031163844680449637,False,0.907258064516129,0.0031163844680449637,0.0031163844680449637,False,0.907258064516129,0.0031163844680449637,0.0031163844680449637,False,0.907258064516129,0.001823342235701353,0.001823342235701353,False,0.7081038552321007,0.0004492801406748015,0.0004492801406748015,False,0.967741935483871,0.0031163844680449637,0.8998522895125554
2885,0.2847884788478848,0.35990888382687924,0.6220374220374221,0.6220374220374221,0.11661589439367218,0.142985842985843,0.07512040497899447,0.07512040497899447,False,0.9204545454545454,0.3372489431895373,0.3372489431895373,False,0.4799612152553329,0.3372489431895373,0.3372489431895373,False,0.4799612152553329,-0.1681725844542126,0.1681725844542126,False,0.35628952916373857,-0.14180263586204178,0.14180263586204178,False,0.5387332234518484,0.5054215276437499,0.6220374220374221
2886,0.583001157258583,0.589246191902096,0.5401761144744084,0.5736203909923286,0.5588004923352355,0.293744833287407,0.006245034643513003,0.006245034643513003,False,0.9836065573770492,-0.04282504278417465,0.04282504278417465,False,0.893037336024218,-0.009380766266254392,0.009380766266254392,False,0.9239653512993262,-0.024200664923347492,0.024200664923347492,False,0.7993447993447993,-0.289256323971176,0.289256323971176,False,0.49326145552560646,0.295501358614689,0.589246191902096
2891,0.9067140090380891,0.9065978383610259,0.90744920993228,0.90744920993228,0.9070104754230459,0.9073717948717949,-0.00011617067706315432,0.00011617067706315432,False,0.9696969696969697,0.0007352008941908794,0.0007352008941908794,False,0.9290322580645162,0.0007352008941908794,0.0007352008941908794,False,0.9290322580645162,0.0002964663849568394,0.0002964663849568394,False,0.7078189300411523,0.0006577858337057929,0.0006577858337057929,False,0.7076923076923077,0.0008513715712540337,0.90744920993228
2895,0.7938371239911959,0.7938371239911959,0.7938371239911959,0.7903930131004366,0.7808219178082192,0.7833935018050542,0.0,0.0,False,1.0,0.0,0.0,False,1.0,-0.0034441108907592444,0.0034441108907592444,False,0.9,-0.01301520618297669,0.01301520618297669,False,0.8419354838709677,-0.010443622186141699,0.010443622186141699,False,0.815625,0.01301520618297669,0.7938371239911959
2897,0.9107798165137615,0.9109707064905227,0.9101575980674106,0.9113458888378503,0.9121194715680643,0.9109659676864902,0.00019088997676119934,0.00019088997676119934,False,0.9384404924760602,-0.0006222184463509084,0.0006222184463509084,False,0.8974008207934336,0.0005660723240887844,0.0005660723240887844,False,0.9534883720930233,0.0013396550543027796,0.0013396550543027796,False,0.8669783255418615,0.00018615117272868797,0.00018615117272868797,False,0.9584790209790209,0.001961873500653688,0.9121194715680643
2898,0.8696777905638665,0.8703917050691244,0.8703917050691244,0.8694776226795222,0.8691655895447364,0.8698531528937518,0.0007139145052579288,0.0007139145052579288,False,0.9565217391304348,0.0007139145052579288,0.0007139145052579288,False,0.9565217391304348,-0.00020016788434429333,0.00020016788434429333,False,0.9574468085106383,-0.0005122010191300763,0.0005122010191300763,False,0.9375,0.00017536232988524247,0.00017536232988524247,False,0.9565217391304348,0.001226115524388005,0.8703917050691244
2910,0.0,0.0,0.0,0.0,0.014679943100995732,0.0,0.0,0.0,False,0.9672131147540983,0.0,0.0,False,0.5559515324305061,0.0,0.0,False,0.8328581610833927,0.014679943100995732,0.014679943100995732,False,0.49030228900926087,0.0,0.0,False,0.5281539558089807,0.014679943100995732,0.014679943100995732
2912,0.8494768815389807,0.849527665317139,0.6555583188261627,0.874675885911841,0.43650993210963035,0.7772042122651249,5.078377815825874e-05,5.078377815825874e-05,False,0.9833333333333333,-0.19391856271281804,0.19391856271281804,False,0.23040254237288135,0.025199004372860268,0.025199004372860268,False,0.746822033898305,-0.41296694942935036,0.41296694942935036,False,0.5229192632599363,-0.07227266927385578,0.07227266927385578,False,0.4025423728813559,0.43816595380221063,0.874675885911841
2916,0.8198636806231743,0.8198636806231743,0.8198636806231743,0.8198636806231743,0.8369289340101523,0.8198636806231743,0.0,0.0,False,1.0,0.0,0.0,False,1.0,0.0,0.0,False,1.0,0.017065253386978063,0.017065253386978063,False,0.9777777777777777,0.0,0.0,False,1.0,0.017065253386978063,0.8369289340101523
2920,0.8431408493736633,0.8090525121351573,0.8459475929311395,0.8459475929311395,0.9143443323645067,0.8566454556369312,-0.03408833723850602,0.03408833723850602,False,0.9615528182157521,0.0028067435574762323,0.0028067435574762323,False,0.9827586206896551,0.0028067435574762323,0.0028067435574762323,False,0.9827586206896551,0.07120348299084345,0.07120348299084345,False,0.9142063216394581,0.013504606263267882,0.013504606263267882,False,0.8651259054846498,0.10529182022934946,0.9143443323645067
2924,0.8711907005969212,0.8420256991685563,0.8446130500758725,0.8273199703043801,0.7459170013386881,0.8786456587328193,-0.029165001428364867,0.029165001428364867,False,0.9158186864014801,-0.026577650521048657,0.026577650521048657,False,0.9357277882797732,-0.04387073029254107,0.04387073029254107,False,0.8967391304347826,-0.12527369925823306,0.12527369925823306,False,0.7184325108853411,0.007454958135898138,0.007454958135898138,False,0.6895893027698186,0.1327286573941312,0.8786456587328193
2927,0.8930051182061906,0.8917135174773894,0.8675844806007509,0.8797624938149431,0.900335409678965,0.8785926660059464,-0.00129160072880119,0.00129160072880119,False,0.9736842105263158,-0.025420637605439667,0.025420637605439667,False,0.8756281407035176,-0.01324262439124746,0.01324262439124746,False,0.9008160703075957,0.0073302914727744195,0.0073302914727744195,False,0.5559380378657487,-0.014412452200244119,0.014412452200244119,False,0.8016101207590569,0.032750929078214086,0.900335409678965
2933,0.8160610139075819,0.8160610139075819,0.8090040927694406,0.8160610139075819,0.7559335443037974,0.7351511308391461,0.0,0.0,False,1.0,-0.00705692113814127,0.00705692113814127,False,0.975609756097561,0.0,0.0,False,1.0,-0.060127469603784456,0.060127469603784456,False,0.8717008797653959,-0.08090988306843583,0.08090988306843583,False,0.8562548562548562,0.08090988306843583,0.8160610139075819
2940,0.022743259085580305,0.02781819239946459,0.02781819239946459,0.026456876456876458,0.8630058218931934,0.6752430439155213,0.005074933313884283,0.005074933313884283,False,0.8976063829787234,0.005074933313884283,0.005074933313884283,False,0.8976063829787234,0.0037136173712961525,0.0037136173712961525,False,0.9467040673211781,0.8402625628076131,0.8402625628076131,True,0.1799280287884846,0.652499784829941,0.652499784829941,True,0.0,0.8402625628076131,0.8630058218931934
2941,0.9321683504310176,0.9316522893165229,0.9316522893165229,0.9321683504310176,0.9334578566425403,0.8023117307098425,-0.0005160611144947591,0.0005160611144947591,False,0.9757638072855465,-0.0005160611144947591,0.0005160611144947591,False,0.9757638072855465,0.0,0.0,False,1.0,0.001289506211522684,0.001289506211522684,False,0.8847303443794672,-0.12985661972117513,0.12985661972117513,False,0.7491486946651532,0.1311461259326978,0.9334578566425403
2943,0.9077255950108184,0.9082813891362422,0.9036221681812364,0.908836617927527,0.34208380890265777,0.9472658628668859,0.0005557941254238363,0.0005557941254238363,False,0.9795918367346939,-0.00410342682958198,0.00410342682958198,False,0.9183673469387755,0.001111022916708615,0.001111022916708615,False,0.9591836734693877,-0.5656417861081606,0.5656417861081606,False,0.3481618782823602,0.03954026785606746,0.03954026785606746,False,0.8338882722900481,0.6051820539642281,0.9472658628668859
2947,0.8121918422232183,0.8215743440233236,0.8215743440233236,0.8277634961439588,0.8565599897998215,0.7890106497916345,0.009382501800105358,0.009382501800105358,False,0.9743589743589743,0.009382501800105358,0.009382501800105358,False,0.9743589743589743,0.015571653920740558,0.015571653920740558,False,0.9193548387096774,0.044368147576603234,0.044368147576603234,False,0.6930091185410334,-0.023181192431583786,0.023181192431583786,False,0.9473684210526315,0.06754934000818702,0.8565599897998215
2951,0.8493167701863354,0.8493167701863354,0.8374019454032005,0.8033072798914799,0.82740731367835,0.82740731367835,0.0,0.0,False,1.0,-0.011914824783134992,0.011914824783134992,False,0.967741935483871,-0.04600949029485557,0.04600949029485557,False,0.9772727272727273,-0.02190945650798548,0.02190945650798548,False,0.9203508771929825,-0.02190945650798548,0.02190945650798548,False,0.9203508771929825,0.04600949029485557,0.8493167701863354
2955,0.7193937958797064,0.7154742096505824,0.7154742096505824,0.7102937664198711,0.723885875972648,0.7172675521821632,-0.003919586229124028,0.003919586229124028,False,0.8918918918918919,-0.003919586229124028,0.003919586229124028,False,0.8918918918918919,-0.009100029459835346,0.009100029459835346,False,0.8072072072072072,0.004492080092941553,0.004492080092941553,False,0.8525345622119815,-0.0021262436975432175,0.0021262436975432175,False,0.9473684210526315,0.013592109552776899,0.723885875972648
2957,0.8123594406961964,0.7912747648589153,0.7912747648589153,0.7434261407579273,0.44702647567519627,0.8873857404021938,-0.02108467583728102,0.02108467583728102,False,0.9337779895188185,-0.02108467583728102,0.02108467583728102,False,0.9337779895188185,-0.06893329993826902,0.06893329993826902,False,0.8793565683646113,-0.3653329650210001,0.3653329650210001,False,0.3085955140749661,0.07502629970599739,0.07502629970599739,False,0.8077226162332545,0.4403592647269975,0.8873857404021938
2958,0.7773963069499861,0.7773963069499861,0.7755292362212067,0.7755292362212067,0.7839074022215999,0.7875058275058275,0.0,0.0,False,1.0,-0.0018670707287793409,0.0018670707287793409,False,0.9578995020371208,-0.0018670707287793409,0.0018670707287793409,False,0.9578995020371208,0.006511095271613865,0.006511095271613865,False,0.9387755102040817,0.010109520555841467,0.010109520555841467,False,0.9383592017738359,0.011976591284620808,0.7875058275058275
2959,0.9067982456140351,0.9067982456140351,0.9067982456140351,0.9073313247512097,0.9174822663194756,0.8735369683128746,0.0,0.0,False,1.0,0.0,0.0,False,1.0,0.0005330791371745969,0.0005330791371745969,False,0.9787234042553191,0.0106840207054405,0.0106840207054405,False,0.7747368421052632,-0.03326127730116046,0.03326127730116046,False,0.8355978260869565,0.043945298006600964,0.9174822663194756
296,0.587012987012987,0.7255390616534836,0.7255390616534836,0.6454772421739965,0.9375356531660012,0.7327908511106224,0.1385260746404966,0.1385260746404966,False,0.9005847953216374,0.1385260746404966,0.1385260746404966,False,0.9005847953216374,0.058464255161009504,0.058464255161009504,False,0.9169590643274854,0.3505226661530142,0.3505226661530142,False,0.6690058479532164,0.14577786409763538,0.14577786409763538,False,0.8421052631578947,0.3505226661530142,0.9375356531660012
2961,0.7747330960854093,0.7764162670928787,0.7559254568481998,0.7492721979621543,0.7764162670928787,0.7860783969063104,0.0016831710074693973,0.0016831710074693973,False,0.9772727272727273,-0.018807639237209517,0.018807639237209517,False,0.9318181818181818,-0.025460898123255027,0.025460898123255027,False,0.9090909090909091,0.0016831710074693973,0.0016831710074693973,False,0.9772727272727273,0.011345300820901127,0.011345300820901127,False,0.832258064516129,0.036806198944156154,0.7860783969063104
2968,0.918784255107125,0.9181432493137011,0.9181432493137011,0.9188380501184391,0.9274044957621914,0.9201341448267296,-0.0006410057934239655,0.0006410057934239655,False,0.9014799154334038,-0.0006410057934239655,0.0006410057934239655,False,0.9014799154334038,5.379501131408393e-05,5.379501131408393e-05,False,0.9285714285714286,0.008620240655066391,0.008620240655066391,False,0.6029694803409403,0.0013498897196045911,0.0013498897196045911,False,0.8476702508960573,0.009261246448490357,0.9274044957621914
2969,0.60625,0.5798218795693207,0.534672537149147,0.534672537149147,0.5865219118231166,0.5420515896820636,-0.026428120430679214,0.026428120430679214,False,0.8928571428571429,-0.07157746285085298,0.07157746285085298,False,0.6592203241349102,-0.07157746285085298,0.07157746285085298,False,0.6592203241349102,-0.01972808817688332,0.01972808817688332,False,0.7680525164113785,-0.06419841031793638,0.06419841031793638,False,0.8986928104575164,0.07157746285085298,0.60625
2977,0.914538822303283,0.914538822303283,0.914538822303283,0.914538822303283,0.0,0.914538822303283,0.0,0.0,False,1.0,0.0,0.0,False,1.0,0.0,0.0,False,1.0,-0.914538822303283,0.914538822303283,True,0.0,0.0,0.0,False,1.0,0.914538822303283,0.914538822303283
2978,0.9344005568122499,0.9357541899441341,0.9357541899441341,0.9344005568122499,0.926020844011618,0.9329173166926678,0.001353633131884191,0.001353633131884191,False,0.972972972972973,0.001353633131884191,0.001353633131884191,False,0.972972972972973,0.0,0.0,False,1.0,-0.008379712800631878,0.008379712800631878,False,0.6607142857142857,-0.0014832401195821188,0.0014832401195821188,False,0.925,0.009733345932516069,0.9357541899441341
2979,0.9471386246686418,0.9471386246686418,0.949249920204277,0.9454203262233375,0.9451970443349754,0.9054607508532423,0.0,0.0,False,1.0,0.0021112955356351604,0.0021112955356351604,False,0.9,-0.001718298445304356,0.001718298445304356,False,0.975,-0.0019415803336664261,0.0019415803336664261,False,0.9090909090909091,-0.04167787381539956,0.04167787381539956,False,0.775,0.04378916935103472,0.949249920204277
2980,0.9336269267065115,0.9337529504327301,0.9335010218519101,0.9334591788579518,0.93061863743148,0.9334591788579518,0.0001260237262186159,0.0001260237262186159,False,0.9655172413793104,-0.00012590485460139966,0.00012590485460139966,False,0.9443137254901961,-0.00016774784855966285,0.00016774784855966285,False,0.9223529411764706,-0.003008289275031495,0.003008289275031495,False,0.8744740532959326,-0.00016774784855966285,0.00016774784855966285,False,0.9223529411764706,0.003134313001250111,0.9337529504327301
2981,0.784785748675975,0.7843893037822212,0.7843893037822212,0.7843893037822212,0.7888809010304337,0.7843893037822212,-0.000396444893753789,0.000396444893753789,False,0.967741935483871,-0.000396444893753789,0.000396444893753789,False,0.967741935483871,-0.000396444893753789,0.000396444893753789,False,0.967741935483871,0.0040951523544587864,0.0040951523544587864,False,0.9384765625,-0.000396444893753789,0.000396444893753789,False,0.967741935483871,0.0044915972482125754,0.7888809010304337
2982,0.9040152963671129,0.0,0.9321965083231831,0.0,0.0,0.0,-0.9040152963671129,0.9040152963671129,True,0.9333333333333333,0.028181211956070262,0.028181211956070262,False,0.9526041666666667,-0.9040152963671129,0.9040152963671129,True,0.85,-0.9040152963671129,0.9040152963671129,True,0.7911458333333333,-0.9040152963671129,0.9040152963671129,True,0.75,0.9321965083231831,0.9321965083231831
2984,0.820433135864815,0.8223773511731627,0.8223773511731627,0.8239279837382635,0.8371469431533787,0.8333784393324312,0.001944215308347652,0.001944215308347652,False,0.96875,0.001944215308347652,0.001944215308347652,False,0.96875,0.003494847873448448,0.003494847873448448,False,0.9777777777777777,0.016713807288563642,0.016713807288563642,False,0.6789447486311598,0.012945303467616132,0.012945303467616132,False,0.7104166666666667,0.016713807288563642,0.8371469431533787
2990,0.8284029842959253,0.8258266076542568,0.6525227460711331,0.6706938358786745,0.616152380952381,0.82703381844833,-0.002576376641668543,0.002576376641668543,False,0.9534883720930233,-0.17588023822479215,0.17588023822479215,False,0.8710622710622711,-0.1577091484172508,0.1577091484172508,False,0.9160246533127889,-0.2122506033435443,0.2122506033435443,False,0.6427027027027027,-0.0013691658475952773,0.0013691658475952773,False,0.8275862068965517,0.2122506033435443,0.8284029842959253
2991,0.7591792656587473,0.7593420083476553,0.7595446069290411,0.761009061964242,0.7620957878773054,0.7575996064928677,0.00016274268890803523,0.00016274268890803523,False,0.9411764705882353,0.0003653412702938619,0.0003653412702938619,False,0.9852941176470589,0.0018297963054947353,0.0018297963054947353,False,0.8791534391534391,0.002916522218558093,0.002916522218558093,False,0.7889838556505223,-0.0015796591658795434,0.0015796591658795434,False,0.9112482202183199,0.004496181384437636,0.7620957878773054
3001,0.008298755186721992,0.008298755186721992,0.006034650574265135,0.006034650574265135,0.007107453474235481,0.010187089822705456,0.0,0.0,False,1.0,-0.0022641046124568564,0.0022641046124568564,False,0.96875,-0.0022641046124568564,0.0022641046124568564,False,0.96875,-0.0011913017124865104,0.0011913017124865104,False,0.9393939393939394,0.001888334635983464,0.001888334635983464,False,0.9099804305283757,0.00415243924844032,0.010187089822705456
3008,0.7707808564231738,0.7706376049104346,0.7467766890149562,0.7457977760537885,0.7475666793072936,0.7515678996544222,-0.00014325151273919534,0.00014325151273919534,False,0.9830508474576272,-0.024004167408217647,0.024004167408217647,False,0.8870967741935484,-0.024983080369385346,0.024983080369385346,False,0.9180327868852459,-0.023214177115880252,0.023214177115880252,False,0.8571428571428571,-0.019212956768751677,0.019212956768751677,False,0.8903508771929824,0.024983080369385346,0.7707808564231738
3015,0.9570009184269851,0.9569793668031075,0.9554846295985218,0.9559600704638873,0.9568994320080187,0.9569217900460059,-2.155162387762477e-05,2.155162387762477e-05,False,0.9160493827160494,-0.0015162888284633302,0.0015162888284633302,False,0.7098765432098766,-0.0010408479630977796,0.0010408479630977796,False,0.6962962962962963,-0.00010148641896634558,0.00010148641896634558,False,0.8688524590163934,-7.912838097923203e-05,7.912838097923203e-05,False,0.8179012345679012,0.0015162888284633302,0.9570009184269851
3016,0.9223027068242471,0.9349023157577129,0.9349023157577129,0.9333434099153567,0.8155992603798958,0.8750897916832947,0.012599608933465789,0.012599608933465789,False,0.9015501767745445,0.012599608933465789,0.012599608933465789,False,0.9015501767745445,0.011040703091109605,0.011040703091109605,False,0.887680174054936,-0.10670344644435126,0.10670344644435126,False,0.8571428571428571,-0.04721291514095238,0.04721291514095238,False,0.8593006993006993,0.11930305537781705,0.9349023157577129
3018,0.5457567949463885,0.5421214898758436,0.5399766316140878,0.5399766316140878,0.5485127185350899,0.5379921424391875,-0.003635305070544881,0.003635305070544881,False,0.9333333333333333,-0.005780163332300692,0.005780163332300692,False,0.9148936170212766,-0.005780163332300692,0.005780163332300692,False,0.9148936170212766,0.002755923588701359,0.002755923588701359,False,0.9366327474560592,-0.007764652507201042,0.007764652507201042,False,0.9125925925925926,0.0105205760959024,0.5485127185350899
3021,0.7274081429990069,0.7274081429990069,0.7274081429990069,0.7274081429990069,0.7286245353159851,0.7274081429990069,0.0,0.0,False,1.0,0.0,0.0,False,1.0,0.0,0.0,False,1.0,0.001216392316978232,0.001216392316978232,False,0.9298469387755102,0.0,0.0,False,1.0,0.001216392316978232,0.7286245353159851
3031,0.3755504499329887,0.33293077629100043,0.3325621461973911,0.31724891914724446,0.19750936825769333,0.24673845516670118,-0.042619673641988265,0.042619673641988265,False,0.9418758256274768,-0.04298830373559759,0.04298830373559759,False,0.8857142857142857,-0.05830153078574424,0.05830153078574424,False,0.8165178571428572,-0.17804108167529537,0.17804108167529537,False,0.5989304812834224,-0.12881199476628752,0.12881199476628752,False,0.7508928571428571,0.17804108167529537,0.3755504499329887
3039,0.7478684531059683,0.0,0.0,0.7810499359795134,0.10666666666666667,0.31269035532994927,-0.7478684531059683,0.7478684531059683,True,0.0,-0.7478684531059683,0.7478684531059683,True,0.0,0.033181482873545165,0.033181482873545165,False,0.7597402597402597,-0.6412017864393016,0.6412017864393016,False,0.6054054054054054,-0.435178097776019,0.435178097776019,False,0.6958762886597938,0.7810499359795134,0.7810499359795134
304,0.6996555844520981,0.7107299728090357,0.6932692986792852,0.6932692986792852,0.7812643905006249,0.6842554401934291,0.011074388356937637,0.011074388356937637,False,0.9636363636363636,-0.006386285772812861,0.006386285772812861,False,0.9642739000992392,-0.006386285772812861,0.006386285772812861,False,0.9642739000992392,0.08160880604852683,0.08160880604852683,False,0.8679135008766803,-0.01540014425866898,0.01540014425866898,False,0.9642739000992392,0.09700895030719581,0.7812643905006249
3045,0.8043641835966893,0.8035256893174627,0.8020235578375113,0.8033466495816688,0.8082529715182777,0.8021140052850132,-0.0008384942792265537,0.0008384942792265537,False,0.9399644760213144,-0.002340625759177928,0.002340625759177928,False,0.811046511627907,-0.0010175340150204715,0.0010175340150204715,False,0.8928052325581395,0.0038887879215884213,0.0038887879215884213,False,0.6170842824601367,-0.0022501783116760654,0.0022501783116760654,False,0.7536337209302325,0.006229413680766349,0.8082529715182777
3046,0.6948478003657094,0.5952677459526775,0.5811368688472531,0.6439530685920578,0.7106429063699912,0.5534765198398253,-0.09958005441303186,0.09958005441303186,False,0.5461672473867596,-0.11371093151845624,0.11371093151845624,False,0.4442508710801394,-0.05089473177365156,0.05089473177365156,False,0.8937282229965157,0.0157951060042818,0.0157951060042818,False,0.8459837877671333,-0.1413712805258841,0.1413712805258841,False,0.6595805802930192,0.1571663865301659,0.7106429063699912
3047,0.9251700680272109,0.9258343634116193,0.9265885256014805,0.9262899262899262,0.9016486640136441,0.9299754299754299,0.0006642953844083754,0.0006642953844083754,False,0.9402843601895735,0.001418457574269616,0.001418457574269616,False,0.9411764705882353,0.001119858262715323,0.001119858262715323,False,0.7283072546230441,-0.023521404013566838,0.023521404013566838,False,0.2160337552742616,0.004805361948219011,0.004805361948219011,False,0.6517168885774351,0.02832676596178585,0.9299754299754299
3051,0.6663367736462604,0.6663367736462604,0.638581252262034,0.6234355558808461,0.66482661004954,0.6533972936206773,0.0,0.0,False,1.0,-0.027755521384226434,0.027755521384226434,False,0.7149643705463183,-0.042901217765414335,0.042901217765414335,False,0.6,-0.0015101635967204041,0.0015101635967204041,False,0.8321479374110953,-0.012939480025583094,0.012939480025583094,False,0.8163265306122449,0.042901217765414335,0.6663367736462604
3056,0.4817178645988667,0.47654734024757445,0.5831126802000588,0.4569228300978662,0.5981109079829372,0.5587407032998772,-0.005170524351292227,0.005170524351292227,False,0.832983193277311,0.10139481560119212,0.10139481560119212,False,0.711864406779661,-0.024795034501000457,0.024795034501000457,False,0.26864495798319327,0.11639304338407053,0.11639304338407053,False,0.7257646448937273,0.07702283870101057,0.07702283870101057,False,0.7100297914597815,0.14118807788507098,0.5981109079829372
3063,0.8738494856524093,0.8759880076315072,0.8675105485232067,0.8682214105085698,0.8729729729729729,0.8574673480976718,0.002138521979097918,0.002138521979097918,False,0.95,-0.0063389371292025265,0.0063389371292025265,False,0.8,-0.0056280751438394505,0.0056280751438394505,False,0.85,-0.0008765126794363365,0.0008765126794363365,False,0.9302325581395349,-0.016382137554737497,0.016382137554737497,False,0.725,0.018520659533835415,0.8759880076315072
311,0.7822911912368782,0.7822911912368782,0.7822911912368782,0.7826938136256852,0.7861978310877423,0.7822627975220084,0.0,0.0,False,1.0,0.0,0.0,False,1.0,0.00040262238880706125,0.00040262238880706125,False,0.9649122807017544,0.0039066398508641464,0.0039066398508641464,False,0.8569909622541202,-2.839371486973441e-05,2.839371486973441e-05,False,0.9824561403508771,0.003935033565733881,0.7861978310877423
32,0.6263782866836302,0.634417808219178,0.634417808219178,0.6179005524861878,0.36574556830031285,0.4954449894884373,0.008039521535547878,0.008039521535547878,False,0.9795918367346939,0.008039521535547878,0.008039521535547878,False,0.9795918367346939,-0.008477734197442355,0.008477734197442355,False,0.9174397031539888,-0.2606327183833173,0.2606327183833173,False,0.8260536398467433,-0.13093329719519287,0.13093329719519287,False,0.9423076923076923,0.2686722399188652,0.634417808219178
321,0.8389307745030843,0.8485549132947977,0.8485549132947977,0.8389307745030843,0.8302741898934964,0.8306926210955183,0.009624138791713421,0.009624138791713421,False,0.8651026392961877,0.009624138791713421,0.009624138791713421,False,0.8651026392961877,0.0,0.0,False,1.0,-0.008656584609587847,0.008656584609587847,False,0.8787269681742044,-0.008238153407565951,0.008238153407565951,False,0.8660858341400451,0.01828072340130127,0.8485549132947977
323,0.912258338644572,0.9123777116120799,0.912258338644572,0.9121019108280255,0.9117147707979627,0.9121019108280255,0.00011937296750796911,0.00011937296750796911,False,0.941991341991342,0.0,0.0,False,1.0,-0.0001564278165464561,0.0001564278165464561,False,0.9181240063593005,-0.0005435678466092497,0.0005435678466092497,False,0.8088235294117647,-0.0001564278165464561,0.0001564278165464561,False,0.9436274509803921,0.0006629408141172188,0.9123777116120799
324,0.906468124709167,0.6396854006226446,0.6427513575777521,0.9104931058658565,0.56794070629269,0.9164115846479868,-0.2667827240865225,0.2667827240865225,False,0.9035202086049544,-0.2637167671314149,0.2637167671314149,False,0.9166666666666666,0.004024981156689478,0.004024981156689478,False,0.9402985074626866,-0.33852741841647704,0.33852741841647704,False,0.7384615384615385,0.009943459938819732,0.009943459938819732,False,0.8823529411764706,0.3484708783552968,0.9164115846479868
332,0.0,0.0,0.009011145364002845,0.009011145364002845,0.0,0.0,0.0,0.0,False,0.9215686274509803,0.009011145364002845,0.009011145364002845,False,0.8553971486761711,0.009011145364002845,0.009011145364002845,False,0.8553971486761711,0.0,0.0,False,0.9472259810554804,0.0,0.0,False,0.9105691056910569,0.009011145364002845,0.009011145364002845
333,0.8530844155844156,0.8530844155844156,0.8530844155844156,0.8541243396993092,0.8182874854707478,0.8571428571428571,0.0,0.0,False,1.0,0.0,0.0,False,1.0,0.00103992411489362,0.00103992411489362,False,0.9743589743589743,-0.0347969301136678,0.0347969301136678,False,0.8856181665264928,0.0040584415584414835,0.0040584415584414835,False,0.8461538461538461,0.038855371672109285,0.8571428571428571
350,0.9485294117647058,0.9490445859872612,0.9497179298503802,0.9497179298503802,0.9497179298503802,0.9396656166707051,0.0005151742225553146,0.0005151742225553146,False,0.9761904761904762,0.0011885180856743283,0.0011885180856743283,False,0.8771566597653554,0.0011885180856743283,0.0011885180856743283,False,0.8850974930362117,0.0011885180856743283,0.0011885180856743283,False,0.8589385474860335,-0.008863795094000704,0.008863795094000704,False,0.7130434782608696,0.010052313179675032,0.9497179298503802
351,0.9408787669657235,0.9404186795491143,0.9404186795491143,0.9406623735050598,0.9400137899333486,0.9400137899333486,-0.0004600874166091895,0.0004600874166091895,False,0.9736842105263158,-0.0004600874166091895,0.0004600874166091895,False,0.9736842105263158,-0.0002163934606637108,0.0002163934606637108,False,0.9029761904761905,-0.0008649770323748696,0.0008649770323748696,False,0.8208874458874459,-0.0008649770323748696,0.0008649770323748696,False,0.8599773242630385,0.0008649770323748696,0.9408787669657235
354,0.8292055323255066,0.8313641245972073,0.8292055323255066,0.8372697724810401,0.8416693908684756,0.8292996358963376,0.0021585922717006767,0.0021585922717006767,False,0.9838709677419355,0.0,0.0,False,1.0,0.00806424015553342,0.00806424015553342,False,0.945719489981785,0.012463858542968942,0.012463858542968942,False,0.8870351060132082,9.410357083095011e-05,9.410357083095011e-05,False,0.9472049689440993,0.012463858542968942,0.8416693908684756
404,0.9534792036270452,0.9530451866404716,0.9530451866404716,0.9542097488921714,0.9467237021193856,0.9547210938274051,-0.00043401698657363763,0.00043401698657363763,False,0.960691823899371,-0.00043401698657363763,0.00043401698657363763,False,0.960691823899371,0.0007305452651261701,0.0007305452651261701,False,0.9791666666666666,-0.006755501507659578,0.006755501507659578,False,0.8728571428571429,0.0012418902003599186,0.0012418902003599186,False,0.9034369885433715,0.007997391708019497,0.9547210938274051
41,0.9443762781186094,0.9443762781186094,0.9443762781186094,0.9443762781186094,0.943265306122449,0.9443762781186094,0.0,0.0,False,1.0,0.0,0.0,False,0.9696969696969697,0.0,0.0,False,0.9696969696969697,-0.0011109719961603925,0.0011109719961603925,False,0.8229665071770335,0.0,0.0,False,0.833989501312336,0.0011109719961603925,0.9443762781186094
415,0.5947605403192796,0.5924566768603465,0.5779014308426074,0.5692547795552088,0.4986422267481331,0.5667638483965015,-0.0023038634589330753,0.0023038634589330753,False,0.9841269841269841,-0.01685910947667224,0.01685910947667224,False,0.8962085308056872,-0.02550576076407085,0.02550576076407085,False,0.857207615593835,-0.09611831357114653,0.09611831357114653,False,0.7397727272727272,-0.027996691922778094,0.027996691922778094,False,0.9130434782608695,0.09611831357114653,0.5947605403192796
429,0.9176079734219269,0.9174352705856206,0.9174352705856206,0.9176133230395941,0.8408832807570978,0.9193726529710625,-0.00017270283630632655,0.00017270283630632655,False,0.9609375,-0.00017270283630632655,0.00017270283630632655,False,0.9609375,5.349617667183004e-06,5.349617667183004e-06,False,0.9617173524150269,-0.07672469266482906,0.07672469266482906,False,0.5178571428571429,0.001764679549135617,0.001764679549135617,False,0.8986301369863013,0.07848937221396468,0.9193726529710625
442,0.9067400275103163,0.9066226380480645,0.906221325013764,0.9061209507203818,0.907291382911105,0.9057990993474865,-0.00011738946225181568,0.00011738946225181568,False,0.9782608695652174,-0.0005187024965523923,0.0005187024965523923,False,0.9787234042553191,-0.0006190767899345584,0.0006190767899345584,False,0.9574468085106383,0.0005513554007886556,0.0005513554007886556,False,0.8816173405585661,-0.0009409281628298682,0.0009409281628298682,False,0.8751156336725254,0.0014922835636185239,0.907291382911105
443,0.9571466881201395,0.9581838625046849,0.9581838625046849,0.9571466881201395,0.9523654159869495,0.5917414189339462,0.001037174384545425,0.001037174384545425,False,0.990990990990991,0.001037174384545425,0.001037174384545425,False,0.990990990990991,0.0,0.0,False,1.0,-0.004781272133190018,0.004781272133190018,False,0.6613230145568454,-0.3654052691861933,0.3654052691861933,False,0.2077922077922078,0.36644244357073874,0.9581838625046849
445,0.8191588165052408,0.8191588165052408,0.8191588165052408,0.8185620394343757,0.8236537826230591,0.8184533687354796,0.0,0.0,False,1.0,0.0,0.0,False,1.0,-0.0005967770708651399,0.0005967770708651399,False,0.9882352941176471,0.0044949661178183,0.0044949661178183,False,0.9313019390581717,-0.0007054477697612249,0.0007054477697612249,False,0.9761904761904762,0.005200413887579525,0.8236537826230591
452,0.9412653446647781,0.9172427414576338,0.9172427414576338,0.9172427414576338,0.918503937007874,0.9172427414576338,-0.024022603207144222,0.024022603207144222,False,0.5543836519446276,-0.024022603207144222,0.024022603207144222,False,0.5543836519446276,-0.024022603207144222,0.024022603207144222,False,0.5543836519446276,-0.022761407656904042,0.022761407656904042,False,0.5735003295978905,-0.024022603207144222,0.024022603207144222,False,0.5543836519446276,0.024022603207144222,0.9412653446647781
457,0.007420249653259362,0.47919363278345406,0.0063355296502787635,0.009038209811132581,0.9834631986097876,0.8272360369743523,0.4717733831301947,0.4717733831301947,False,0.9682539682539683,-0.0010847200029805984,0.0010847200029805984,False,0.9354838709677419,0.0016179601578732196,0.0016179601578732196,False,0.891633064516129,0.9760429489565282,0.9760429489565282,True,0.7398867313915858,0.819815787321093,0.819815787321093,True,0.38853860165335574,0.9771276689595089,0.9834631986097876
472,0.9318131988598991,0.9317832858082913,0.9322813938198553,0.9322813938198553,0.9301919720767888,0.9269031141868512,-2.991305160782165e-05,2.991305160782165e-05,False,0.9412280701754386,0.00046819495995620297,0.00046819495995620297,False,0.9736842105263158,0.00046819495995620297,0.00046819495995620297,False,0.9736842105263158,-0.0016212267831102745,0.0016212267831102745,False,0.8482142857142857,-0.0049100846730478764,0.0049100846730478764,False,0.5757575757575758,0.005378279633004079,0.9322813938198553
473,0.9289392378990731,0.9289392378990731,0.9289392378990731,0.9289392378990731,0.9284611425630468,0.9277449215736693,0.0,0.0,False,1.0,0.0,0.0,False,1.0,0.0,0.0,False,1.0,-0.0004780953360262741,0.0004780953360262741,False,0.9696969696969697,-0.001194316325403788,0.001194316325403788,False,0.9411764705882353,0.001194316325403788,0.9289392378990731
475,0.9313998884551031,0.9313616071428571,0.9313616071428571,0.931024853392907,0.9311402286032897,0.9308421639709983,-3.8281312246035704e-05,3.8281312246035704e-05,False,0.975,-3.8281312246035704e-05,3.8281312246035704e-05,False,0.975,-0.0003750350621961607,0.0003750350621961607,False,0.9,-0.00025965985181342077,0.00025965985181342077,False,0.9393939393939394,-0.000557724484104849,0.000557724484104849,False,0.9512195121951219,0.000557724484104849,0.9313998884551031
482,0.8608240504630251,0.8466974721391682,0.8466974721391682,0.8459444746869896,0.8599732262382864,0.8459657701711492,-0.014126578323856886,0.014126578323856886,False,0.9432565789473685,-0.014126578323856886,0.014126578323856886,False,0.9432565789473685,-0.014879575776035492,0.014879575776035492,False,0.9177631578947368,-0.0008508242247386999,0.0008508242247386999,False,0.8188552188552188,-0.01485828029187597,0.01485828029187597,False,0.9217527386541471,0.014879575776035492,0.8608240504630251
483,0.7473612529792305,0.7473612529792305,0.7473612529792305,0.7473612529792305,0.7549847921595133,0.7549847921595133,0.0,0.0,False,1.0,0.0,0.0,False,1.0,0.0,0.0,False,1.0,0.007623539180282801,0.007623539180282801,False,0.9344444444444444,0.007623539180282801,0.007623539180282801,False,0.9344444444444444,0.007623539180282801,0.7549847921595133
484,0.8098720292504571,0.8098720292504571,0.8098720292504571,0.8098720292504571,0.8098720292504571,0.8098720292504571,0.0,0.0,False,1.0,0.0,0.0,False,1.0,0.0,0.0,False,1.0,0.0,0.0,False,1.0,0.0,0.0,False,1.0,0.0,0.8098720292504571
486,0.9511800840607824,0.9511800840607824,0.9511800840607824,0.9511800840607824,0.9512746047111972,0.9510737929920878,0.0,0.0,False,1.0,0.0,0.0,False,1.0,0.0,0.0,False,0.9830508474576272,9.452065041481994e-05,9.452065041481994e-05,False,0.8459972862957937,-0.00010629106869453064,0.00010629106869453064,False,0.9354838709677419,0.00020081171910935058,0.9512746047111972
494,0.9232379623168179,0.9232379623168179,0.9232379623168179,0.9232379623168179,0.9232379623168179,0.9232379623168179,0.0,0.0,False,1.0,0.0,0.0,False,1.0,0.0,0.0,False,1.0,0.0,0.0,False,1.0,0.0,0.0,False,1.0,0.0,0.9232379623168179
500,0.8751136157062352,0.8751136157062352,0.8751136157062352,0.8744541484716157,0.8751136157062352,0.8538575667655787,0.0,0.0,False,1.0,0.0,0.0,False,1.0,-0.0006594672346195152,0.0006594672346195152,False,0.9714285714285714,0.0,0.0,False,1.0,-0.02125604894065658,0.02125604894065658,False,0.8470588235294118,0.02125604894065658,0.8751136157062352
506,0.9609731373542828,0.964680281218614,0.9557836876566163,0.9621453683263838,0.9597554763117677,0.9495884773662552,0.0037071438643312415,0.0037071438643312415,False,0.9545454545454546,-0.005189449697666548,0.005189449697666548,False,0.7828947368421053,0.0011722309721009516,0.0011722309721009516,False,0.7248939179632249,-0.0012176610425150836,0.0012176610425150836,False,0.9570494864612512,-0.011384659988027623,0.011384659988027623,False,0.8818897637795275,0.015091803852358865,0.964680281218614
507,0.9719021629270265,0.9718983759013411,0.9718983759013411,0.971266693646297,0.9712748065926673,0.9714555002019658,-3.787025685375589e-06,3.787025685375589e-06,False,0.9879518072289156,-3.787025685375589e-06,3.787025685375589e-06,False,0.9879518072289156,-0.0006354692807294393,0.0006354692807294393,False,0.8708272859216255,-0.0006273563343591748,0.0006273563343591748,False,0.9052437902483901,-0.00044666272506066473,0.00044666272506066473,False,0.9057348502437892,0.0006354692807294393,0.9719021629270265
518,0.9113670505758638,0.9103726082578046,0.9103869653767821,0.9114954221770092,0.08593341467666027,0.0,-0.0009944423180591189,0.0009944423180591189,False,0.9318181818181818,-0.0009800851990816595,0.0009800851990816595,False,0.5406976744186046,0.00012837160114542723,0.00012837160114542723,False,0.5734672304439746,-0.8254336358992035,0.8254336358992035,True,0.1957040572792363,-0.9113670505758638,0.9113670505758638,True,0.0,0.9114954221770092,0.9114954221770092
519,0.8435045317220544,0.8435045317220544,0.8435045317220544,0.8435045317220544,0.8435045317220544,0.8435045317220544,0.0,0.0,False,1.0,0.0,0.0,False,1.0,0.0,0.0,False,1.0,0.0,0.0,False,1.0,0.0,0.0,False,1.0,0.0,0.8435045317220544
543,0.9538918267000649,0.9530974273242314,0.9530974273242314,0.9540773726690788,0.9544822471493465,0.9552819183408944,-0.0007943993758334766,0.0007943993758334766,False,0.8955223880597015,-0.0007943993758334766,0.0007943993758334766,False,0.8955223880597015,0.00018554596901387832,0.00018554596901387832,False,0.8597134288570476,0.0005904204492815923,0.0005904204492815923,False,0.8269230769230769,0.0013900916408294828,0.0013900916408294828,False,0.8701298701298701,0.0021844910166629594,0.9552819183408944
55,0.6176327325864588,0.7121511136171412,0.5507308684436801,0.5507308684436801,0.5451063829787234,0.7088535754824064,0.09451838103068244,0.09451838103068244,False,0.9117647058823529,-0.06690186414277866,0.06690186414277866,False,0.78625,-0.06690186414277866,0.06690186414277866,False,0.78625,-0.07252634960773541,0.07252634960773541,False,0.7483640690065437,0.09122084289594756,0.09122084289594756,False,0.7146263910969793,0.16704473063841785,0.7121511136171412
550,0.8468468468468469,0.8468468468468469,0.8453237410071942,0.8460620525059666,0.8453237410071942,0.8438061041292639,0.0,0.0,False,1.0,-0.0015231058396526498,0.0015231058396526498,False,0.9767441860465116,-0.0007847943408803015,0.0007847943408803015,False,0.9333333333333333,-0.0015231058396526498,0.0015231058396526498,False,0.9767441860465116,-0.0030407427175829227,0.0030407427175829227,False,0.9545454545454546,0.0030407427175829227,0.8468468468468469
551,0.9356027373223372,0.9356027373223372,0.9376419213973799,0.9376419213973799,0.9376419213973799,0.8786848072562359,0.0,0.0,False,1.0,0.002039184075042666,0.002039184075042666,False,0.90625,0.002039184075042666,0.002039184075042666,False,0.90625,0.002039184075042666,0.002039184075042666,False,0.90625,-0.05691793006610135,0.05691793006610135,False,0.9032258064516129,0.05895711414114402,0.9376419213973799
558,0.9400506614128905,0.939786156443444,0.9382022471910112,0.939786156443444,0.9379039055914583,0.9366591928251121,-0.0002645049694465218,0.0002645049694465218,False,0.9772727272727273,-0.0018484142218793131,0.0018484142218793131,False,0.9431356620633631,-0.0002645049694465218,0.0002645049694465218,False,0.9772727272727273,-0.0021467558214322002,0.0021467558214322002,False,0.8581907090464548,-0.00339146858777839,0.00339146858777839,False,0.8521939953810623,0.00339146858777839,0.9400506614128905
56,0.9016018306636155,0.9016018306636155,0.9026629935720845,0.9018348623853211,0.8958333333333334,0.9016018306636155,0.0,0.0,False,1.0,0.0010611629084689156,0.0010611629084689156,False,0.9364583333333333,0.00023303172170552333,0.00023303172170552333,False,0.9666666666666667,-0.005768497330282174,0.005768497330282174,False,0.8205128205128205,0.0,0.0,False,1.0,0.00682966023875109,0.9026629935720845
561,0.6735029750601342,0.6473742006330341,0.6853383458646617,0.7045622688039458,0.7082923228346457,0.6502062919030428,-0.026128774427100154,0.026128774427100154,False,0.9629629629629629,0.011835370804527456,0.011835370804527456,False,0.9818181818181818,0.031059293743811556,0.031059293743811556,False,0.9473684210526315,0.03478934777451148,0.03478934777451148,False,0.9272116461366181,-0.023296683157091436,0.023296683157091436,False,0.9152542372881356,0.060918122201611635,0.7082923228346457
562,0.8414052334827237,0.8417386256440026,0.8243580337490829,0.8243580337490829,0.8419835188665606,0.8017970797454137,0.00033339216127892257,0.00033339216127892257,False,0.9365079365079365,-0.017047199733640772,0.017047199733640772,False,0.9627329192546584,-0.017047199733640772,0.017047199733640772,False,0.9627329192546584,0.0005782853838369739,0.0005782853838369739,False,0.9782608695652174,-0.03960815373730997,0.03960815373730997,False,0.9413388543823327,0.040186439121146944,0.8419835188665606
563,0.638233383849318,0.6432386242255929,0.673254701944533,0.7331514600383955,0.6432631227014376,0.6433177674004892,0.005005240376274811,0.005005240376274811,False,0.8171912832929782,0.035021318095214915,0.035021318095214915,False,0.7636887608069164,0.09491807618907744,0.09491807618907744,False,0.7268239166209545,0.005029738852119547,0.005029738852119547,False,0.6666666666666666,0.005084383551171134,0.005084383551171134,False,0.7,0.09491807618907744,0.7331514600383955
579,0.0,0.821656050955414,0.821656050955414,0.0,0.3059556247567147,0.0,0.821656050955414,0.821656050955414,True,0.9666666666666667,0.821656050955414,0.821656050955414,True,0.9666666666666667,0.0,0.0,False,0.8709677419354839,0.3059556247567147,0.3059556247567147,False,0.7444852941176471,0.0,0.0,False,0.84375,0.821656050955414,0.821656050955414
581,0.9611904283128896,0.9527191558441559,0.9527191558441559,0.9069890762541096,0.9571270049430042,0.8364993215739485,-0.008471272468733693,0.008471272468733693,False,0.9531772575250836,-0.008471272468733693,0.008471272468733693,False,0.9531772575250836,-0.05420135205877996,0.05420135205877996,False,0.8338907469342252,-0.0040634233698854105,0.0040634233698854105,False,0.7419786096256684,-0.12469110673894113,0.12469110673894113,False,0.6489058039961941,0.12469110673894113,0.9611904283128896
589,0.9412328329607155,0.9414961636828645,0.9414961636828645,0.8385585585585585,0.9408010212222754,0.8138639281129654,0.0002633307221490133,0.0002633307221490133,False,0.95,0.0002633307221490133,0.0002633307221490133,False,0.95,-0.10267427440215693,0.10267427440215693,False,0.6219512195121951,-0.000431811738440091,0.000431811738440091,False,0.8903118040089086,-0.1273689048477501,0.1273689048477501,False,0.6439024390243903,0.1276322355698991,0.9414961636828645
590,0.7666718970657461,0.7666718970657461,0.7666718970657461,0.7666718970657461,0.8146921571579105,0.7735702041452392,0.0,0.0,False,1.0,0.0,0.0,False,1.0,0.0,0.0,False,1.0,0.048020260092164424,0.048020260092164424,False,0.9331797235023042,0.006898307079493127,0.006898307079493127,False,0.9642857142857143,0.048020260092164424,0.8146921571579105
592,0.9313943541488452,0.901094680238141,0.9378453038674033,0.9212837837837838,0.8440677966101695,0.8719873567759778,-0.030299673910704206,0.030299673910704206,False,0.4003228410008071,0.0064509497185580855,0.0064509497185580855,False,0.9376971608832808,-0.010110570365061355,0.010110570365061355,False,0.9604651162790697,-0.08732655753867569,0.08732655753867569,False,0.8688639551192145,-0.059406997372867365,0.059406997372867365,False,0.36319612590799033,0.09377750725723377,0.9378453038674033
593,0.9636930754834685,0.9635819406335745,0.9641166209818092,0.9637021329674442,0.9640987284966342,0.9638854296388543,-0.00011113484989400124,0.00011113484989400124,False,0.9863013698630136,0.0004235454983406717,0.0004235454983406717,False,0.9102005231037489,9.057483975727365e-06,9.057483975727365e-06,False,0.9233183856502242,0.0004056530131657521,0.0004056530131657521,False,0.9466666666666667,0.0001923541553857655,0.0001923541553857655,False,0.8936170212765957,0.0005346803482346729,0.9641166209818092
601,0.9635966162912271,0.9639631073500048,0.9639631073500048,0.9643163003140166,0.963215775502465,0.9635174831801383,0.00036649105877772925,0.00036649105877772925,False,0.9722222222222222,0.00036649105877772925,0.00036649105877772925,False,0.9722222222222222,0.0007196840227895462,0.0007196840227895462,False,0.9444444444444444,-0.0003808407887621046,0.0003808407887621046,False,0.8811475409836066,-7.913311108875831e-05,7.913311108875831e-05,False,0.8376623376623377,0.0011005248115516508,0.9643163003140166
604,0.9606229797237732,0.9600117612466922,0.9600117612466922,0.9600117612466922,0.9600117612466922,0.9601646332500368,-0.0006112184770810103,0.0006112184770810103,False,0.9433962264150944,-0.0006112184770810103,0.0006112184770810103,False,0.9433962264150944,-0.0006112184770810103,0.0006112184770810103,False,0.9433962264150944,-0.0006112184770810103,0.0006112184770810103,False,0.9246575342465754,-0.00045834647373643733,0.00045834647373643733,False,0.9421182266009852,0.0006112184770810103,0.9606229797237732
614,0.8798120840401932,0.8798120840401932,0.8798120840401932,0.8795102253484434,0.8796787980831499,0.8785583703316793,0.0,0.0,False,1.0,0.0,0.0,False,1.0,-0.0003018586917498123,0.0003018586917498123,False,0.9433962264150944,-0.00013328595704331647,0.00013328595704331647,False,0.8212019410227697,-0.0012537137085139038,0.0012537137085139038,False,0.9405074365704287,0.0012537137085139038,0.8798120840401932
616,0.9594345421020283,0.9594594594594594,0.9594594594594594,0.7387944358578052,0.9577072037180481,0.9598393574297188,2.491735743115342e-05,2.491735743115342e-05,False,0.9761904761904762,2.491735743115342e-05,2.491735743115342e-05,False,0.9761904761904762,-0.22064010624422303,0.22064010624422303,False,0.888477801268499,-0.0017273383839802037,0.0017273383839802037,False,0.8536585365853658,0.0004048153276905442,0.0004048153276905442,False,0.8651109846328969,0.22104492157191358,0.9598393574297188
621,0.9294787560227771,0.9297676457693994,0.9297382750746531,0.9295204575450946,0.9283157251375186,0.9306843267108168,0.0002888897466223339,0.0002888897466223339,False,0.9767441860465116,0.00025951905187604485,0.00025951905187604485,False,0.9375968992248062,4.170152231752766e-05,4.170152231752766e-05,False,0.9217054263565891,-0.001163030885258487,0.001163030885258487,False,0.8713272543059777,0.0012055706880397254,0.0012055706880397254,False,0.8837209302325582,0.0023686015732982124,0.9306843267108168
623,0.8702922331614314,0.8236928104575163,0.8574823734452983,0.9308957952468008,0.883298392732355,0.9308277274056742,-0.04659942270391515,0.04659942270391515,False,0.9593427427849168,-0.012809859716133132,0.012809859716133132,False,0.9702970297029703,0.06060356208536932,0.06060356208536932,False,0.5329681904360649,0.013006159570923548,0.013006159570923548,False,0.43564356435643564,0.06053549424424276,0.06053549424424276,False,0.5426585211712661,0.10720298478928447,0.9308957952468008
630,0.8623835951462704,0.8623835951462704,0.8422162576687117,0.8422162576687117,0.8931701972242513,0.7221099649048176,0.0,0.0,False,1.0,-0.020167337477558722,0.020167337477558722,False,0.9138187221396731,-0.020167337477558722,0.020167337477558722,False,0.9138187221396731,0.030786602077980896,0.030786602077980896,False,0.9143686502177069,-0.14027363024145278,0.14027363024145278,False,0.7567287784679089,0.17106023231943368,0.8931701972242513
633,0.9498313659359191,0.9498313659359191,0.9498313659359191,0.949810206663855,0.9494310998735778,0.9490526315789474,0.0,0.0,False,0.944184231069477,0.0,0.0,False,0.944184231069477,-2.115927206414181e-05,2.115927206414181e-05,False,0.8899297423887588,-0.00040026606234133677,0.00040026606234133677,False,0.9020332717190388,-0.0007787343569717331,0.0007787343569717331,False,0.8840579710144928,0.0007787343569717331,0.9498313659359191
66,0.9232619677652153,0.9232619677652153,0.9192293885365562,0.9217830109335576,0.9281944273965878,0.8851548028578989,0.0,0.0,False,1.0,-0.004032579228659072,0.004032579228659072,False,0.8275862068965517,-0.001478956831657663,0.001478956831657663,False,0.8050914876690533,0.0049324596313724545,0.0049324596313724545,False,0.728,-0.03810716490731636,0.03810716490731636,False,0.5546666666666666,0.043039624538688814,0.9281944273965878
67,0.9323567427832831,0.9321559336635796,0.9322434932243493,0.9314655172413793,0.9310492505353319,0.9314420803782506,-0.00020080911970343784,0.00020080911970343784,False,0.975609756097561,-0.00011324955893377009,0.00011324955893377009,False,0.9302325581395349,-0.0008912255419037951,0.0008912255419037951,False,0.9458428680396643,-0.0013074922479511253,0.0013074922479511253,False,0.8619528619528619,-0.0009146624050324625,0.0009146624050324625,False,0.800132362673726,0.0013074922479511253,0.9323567427832831
670,0.9766691753574884,0.9766691753574884,0.9766691753574884,0.9766691753574884,0.9754107162031569,0.9766691753574884,0.0,0.0,False,1.0,0.0,0.0,False,1.0,0.0,0.0,False,1.0,-0.001258459154331537,0.001258459154331537,False,0.6830818109610802,0.0,0.0,False,0.967741935483871,0.001258459154331537,0.9766691753574884
675,0.9078864353312303,0.9097839898348158,0.9097839898348158,0.9097839898348158,0.41680743243243246,0.9081046585832802,0.0018975545035855301,0.0018975545035855301,False,0.9604743083003953,0.0018975545035855301,0.0018975545035855301,False,0.9604743083003953,0.0018975545035855301,0.0018975545035855301,False,0.9604743083003953,-0.4910790028987978,0.4910790028987978,False,0.647721454173067,0.00021822325204989834,0.00021822325204989834,False,0.9262135922330097,0.49297655740238333,0.9097839898348158
681,0.9655207434113644,0.964153149946611,0.964153149946611,0.964153149946611,0.9599591419816139,0.9638897365476554,-0.0013675934647533472,0.0013675934647533472,False,0.9803921568627451,-0.0013675934647533472,0.0013675934647533472,False,0.9803921568627451,-0.0013675934647533472,0.0013675934647533472,False,0.9803921568627451,-0.0055616014297504845,0.0055616014297504845,False,0.9495215311004784,-0.0016310068637089836,0.0016310068637089836,False,0.9567089213106912,0.0055616014297504845,0.9655207434113644
687,0.9621280432822362,0.9621280432822362,0.9621280432822362,0.9621280432822362,0.9625620207487596,0.9621280432822362,0.0,0.0,False,1.0,0.0,0.0,False,1.0,0.0,0.0,False,1.0,0.0004339774665234053,0.0004339774665234053,False,0.9028094153378892,0.0,0.0,False,1.0,0.0004339774665234053,0.9625620207487596
694,0.9573516254100806,0.9553131071588701,0.9502180779064521,0.9502180779064521,0.9529517530716212,0.9375761266747868,-0.002038518251210486,0.002038518251210486,False,0.9491525423728814,-0.00713354750362849,0.00713354750362849,False,0.864406779661017,-0.00713354750362849,0.00713354750362849,False,0.864406779661017,-0.0043998723384593985,0.0043998723384593985,False,0.8855005753739931,-0.019775498735293717,0.019775498735293717,False,0.7574517825832846,0.019775498735293717,0.9573516254100806
695,0.8249496981891348,0.8249496981891348,0.8249496981891348,0.8249496981891348,0.8308571428571428,0.8308571428571428,0.0,0.0,False,1.0,0.0,0.0,False,1.0,0.0,0.0,False,1.0,0.005907444668008077,0.005907444668008077,False,0.9310344827586207,0.005907444668008077,0.005907444668008077,False,0.9310344827586207,0.005907444668008077,0.8308571428571428
7,0.7928440739987802,0.7235207412086755,0.7235207412086755,0.763298969072165,0.0,0.6215722120658135,-0.06932333279010472,0.06932333279010472,False,0.9428571428571428,-0.06932333279010472,0.06932333279010472,False,0.9428571428571428,-0.029545104926615218,0.029545104926615218,False,0.9499675113710201,-0.7928440739987802,0.7928440739987802,True,0.0027063599458728013,-0.17127186193296673,0.17127186193296673,False,0.7940026075619296,0.7928440739987802,0.7928440739987802
70,0.5433436532507739,0.5433436532507739,0.514379923062832,0.5284155062100113,0.46497764530551416,0.5561942517343905,0.0,0.0,False,1.0,-0.02896373018794196,0.02896373018794196,False,0.9118541033434651,-0.014928147040762618,0.014928147040762618,False,0.9088555152770585,-0.07836600794525977,0.07836600794525977,False,0.7985803016858918,0.012850598483616582,0.012850598483616582,False,0.8482871125611745,0.09121660642887636,0.5561942517343905
712,0.8427843803056028,0.863692038495188,0.8683324472798157,0.863692038495188,0.8427843803056028,0.8383388950685947,0.020907658189585288,0.020907658189585288,False,0.9736842105263158,0.02554806697421297,0.02554806697421297,False,0.9473684210526315,0.020907658189585288,0.020907658189585288,False,0.9736842105263158,0.0,0.0,False,1.0,-0.004445485237008051,0.004445485237008051,False,0.7894736842105263,0.02999355221122102,0.8683324472798157
713,0.918341307814992,0.918341307814992,0.918341307814992,0.918341307814992,0.918341307814992,0.9194813510485033,0.0,0.0,False,1.0,0.0,0.0,False,1.0,0.0,0.0,False,1.0,0.0,0.0,False,1.0,0.0011400432335112454,0.0011400432335112454,False,0.9555555555555556,0.0011400432335112454,0.9194813510485033
714,0.9022556390977443,0.9022556390977443,0.9022556390977443,0.9040683073832245,0.9025572455289989,0.9021049114600735,0.0,0.0,False,1.0,0.0,0.0,False,1.0,0.0018126682854802123,0.0018126682854802123,False,0.825,0.0003016064312545419,0.0003016064312545419,False,0.8372093023255814,-0.0001507276376707667,0.0001507276376707667,False,0.975609756097561,0.001963395923150979,0.9040683073832245
723,0.9661569315617949,0.9661569315617949,0.9661569315617949,0.9656727637183663,0.9665334665334665,0.965206508135169,0.0,0.0,False,0.9565217391304348,0.0,0.0,False,0.9565217391304348,-0.00048416784342864005,0.00048416784342864005,False,0.9463379260333575,0.00037653497167156047,0.00037653497167156047,False,0.8152173913043478,-0.0009504234266259903,0.0009504234266259903,False,0.8871515975526852,0.0013269583982975508,0.9665334665334665
727,0.6520773344302756,0.6520773344302756,0.6975358786894124,0.7032564946944749,0.5278975565137854,0.6619766062044414,0.0,0.0,False,1.0,0.04545854425913676,0.04545854425913676,False,0.8809370988446726,0.05117916026419933,0.05117916026419933,False,0.8475120385232745,-0.12417977791649015,0.12417977791649015,False,0.6557050323866468,0.00989927177416583,0.00989927177416583,False,0.9092366901860167,0.17535893818068948,0.7032564946944749
729,0.9005107252298263,0.9041709053916582,0.9041709053916582,0.9016727866177071,0.9084278768233387,0.9164323021293692,0.003660180161831894,0.003660180161831894,False,0.9512195121951219,0.003660180161831894,0.003660180161831894,False,0.9512195121951219,0.001162061387880775,0.001162061387880775,False,0.975,0.007917151593512362,0.007917151593512362,False,0.9069767441860465,0.015921576899542877,0.015921576899542877,False,0.7386363636363636,0.015921576899542877,0.9164323021293692
761,0.9338871581862236,0.9334719334719335,0.9334719334719335,0.9338871581862236,0.8367707719505009,0.7436676798378926,-0.00041522471429011887,0.00041522471429011887,False,0.9696969696969697,-0.00041522471429011887,0.00041522471429011887,False,0.9696969696969697,0.0,0.0,False,1.0,-0.09711638623572272,0.09711638623572272,False,0.464,-0.19021947834833097,0.19021947834833097,False,0.45759368836291914,0.19021947834833097,0.9338871581862236
762,0.9526157217200767,0.9517279210093252,0.9517279210093252,0.951098901098901,0.0,0.9526157217200767,-0.0008878007107514518,0.0008878007107514518,False,0.967741935483871,-0.0008878007107514518,0.0008878007107514518,False,0.967741935483871,-0.0015168206211756408,0.0015168206211756408,False,0.9365244536940687,-0.9526157217200767,0.9526157217200767,True,0.0,0.0,0.0,False,1.0,0.9526157217200767,0.9526157217200767
764,0.8096876290078436,0.8045598132124708,0.8045598132124708,0.8102849200833913,0.6693278871147419,0.7772366059984619,-0.005127815795372803,0.005127815795372803,False,0.9777777777777777,-0.005127815795372803,0.005127815795372803,False,0.9777777777777777,0.0005972910755476235,0.0005972910755476235,False,0.9565217391304348,-0.14035974189310174,0.14035974189310174,False,0.7101200686106347,-0.03245102300938174,0.03245102300938174,False,0.9370755998189226,0.14095703296864937,0.8102849200833913
769,0.5478211658177702,0.7886466073821415,0.7737154150197628,0.8068998562529948,0.5858585858585859,0.5416795402582958,0.24082544156437136,0.24082544156437136,False,0.38461538461538464,0.22589424920199264,0.22589424920199264,False,0.365625,0.2590786904352246,0.2590786904352246,False,0.40408653846153847,0.03803742004081567,0.03803742004081567,False,0.8460850111856824,-0.006141625559474395,0.006141625559474395,False,0.8998485831711011,0.265220315994699,0.8068998562529948
776,0.5331031681559708,0.5331031681559708,0.5331031681559708,0.5331031681559708,0.5353340768528845,0.531910569105691,0.0,0.0,False,1.0,0.0,0.0,False,1.0,0.0,0.0,False,1.0,0.0022309086969136693,0.0022309086969136693,False,0.8951115329852871,-0.0011925990502797967,0.0011925990502797967,False,0.873015873015873,0.003423507747193466,0.5353340768528845
780,0.7060869565217391,0.7060869565217391,0.7645951035781544,0.7645951035781544,0.15351167407127328,0.36396234872254596,0.0,0.0,False,1.0,0.05850814705641527,0.05850814705641527,False,0.9795918367346939,0.05850814705641527,0.05850814705641527,False,0.9795918367346939,-0.5525752824504658,0.5525752824504658,False,0.4112388250319285,-0.3421246077991932,0.3421246077991932,False,0.7325581395348837,0.6110834295068811,0.7645951035781544
781,0.47237657864523536,0.47556521337093716,0.46583035188623706,0.4507227332457293,0.4450884553830183,0.5592011412268189,0.0031886347257018,0.0031886347257018,False,0.9601801801801801,-0.006546226758998297,0.006546226758998297,False,0.9608725761772853,-0.021653845399506044,0.021653845399506044,False,0.9006815968841285,-0.02728812326221708,0.02728812326221708,False,0.900974025974026,0.0868245625815835,0.0868245625815835,False,0.5347747747747748,0.11411268584380058,0.5592011412268189
782,0.8560651181258686,0.8585657370517928,0.8831988775868116,0.8804551446610699,0.8804656641951355,0.8236935565702689,0.002500618925924236,0.002500618925924236,False,0.9656012176560121,0.027133759460942986,0.027133759460942986,False,0.6996597587380142,0.02439002653520128,0.02439002653520128,False,0.7175997525518094,0.024400546069266893,0.024400546069266893,False,0.7534797401793999,-0.032371561555599726,0.032371561555599726,False,0.8618800461361015,0.05950532101654271,0.8831988775868116
794,0.7087147215865751,0.6671817265703729,0.6921283666484798,0.6869932852524248,0.7285592173995631,0.669089440742984,-0.04153299501620222,0.04153299501620222,False,0.579747935680139,-0.01658635493809535,0.01658635493809535,False,0.8793103448275862,-0.021721436334150357,0.021721436334150357,False,0.896551724137931,0.019844495812987972,0.019844495812987972,False,0.9141234918381831,-0.03962528084359107,0.03962528084359107,False,0.843328335832084,0.061377490829190195,0.7285592173995631
828,0.8693356797184338,0.8693356797184338,0.8693356797184338,0.8693356797184338,0.8757655293088364,0.8757655293088364,0.0,0.0,False,1.0,0.0,0.0,False,1.0,0.0,0.0,False,1.0,0.006429849590402603,0.006429849590402603,False,0.9310344827586207,0.006429849590402603,0.006429849590402603,False,0.9310344827586207,0.006429849590402603,0.8757655293088364
837,0.6626506024096386,0.7624802942722018,0.7624802942722018,0.6626506024096386,0.6146639511201629,0.42943701085584446,0.09982969186256319,0.09982969186256319,False,0.8621621621621621,0.09982969186256319,0.09982969186256319,False,0.8621621621621621,0.0,0.0,False,1.0,-0.04798665128947566,0.04798665128947566,False,0.9181141439205955,-0.23321359155379412,0.23321359155379412,False,0.5885471898197243,0.3330432834163573,0.7624802942722018
847,0.939110824742268,0.9389988733301142,0.9389988733301142,0.9395886889460154,0.9384936566564959,0.9367945823927766,-0.0001119514121538101,0.0001119514121538101,False,0.9433526011560693,-0.0001119514121538101,0.0001119514121538101,False,0.9433526011560693,0.00047786420374740235,0.00047786420374740235,False,0.9063309885227694,-0.0006171680857721684,0.0006171680857721684,False,0.9074074074074074,-0.0023162423494914597,0.0023162423494914597,False,0.5749423520368947,0.002794106553238862,0.9395886889460154
856,0.8971127771574414,0.8971127771574414,0.9118241331932434,0.9118241331932434,0.9155497080832169,0.9083520664015217,0.0,0.0,False,1.0,0.014711356035801981,0.014711356035801981,False,0.9555555555555556,0.014711356035801981,0.014711356035801981,False,0.9555555555555556,0.018436930925775474,0.018436930925775474,False,0.935244686109738,0.011239289244080242,0.011239289244080242,False,0.7878787878787878,0.018436930925775474,0.9155497080832169
86,0.898826730147934,0.8083477216425193,0.8083477216425193,0.8868763102725367,0.8248907962295962,0.012816472318520853,-0.09047900850541468,0.09047900850541468,False,0.6794871794871795,-0.09047900850541468,0.09047900850541468,False,0.6794871794871795,-0.011950419875397356,0.011950419875397356,False,0.9013140943055914,-0.07393593391833786,0.07393593391833786,False,0.681207400194742,-0.8860102578294131,0.8860102578294131,True,0.4967614756406646,0.8860102578294131,0.898826730147934
865,0.6063231729331064,0.5822187254130606,0.5822187254130606,0.6142085850216497,0.5247058823529411,0.4602487584855802,-0.024104447520045813,0.024104447520045813,False,0.9536859413537956,-0.024104447520045813,0.024104447520045813,False,0.9536859413537956,0.007885412088543209,0.007885412088543209,False,0.9317990457479652,-0.08161729058016531,0.08161729058016531,False,0.8345902463549523,-0.14607441444752622,0.14607441444752622,False,0.7196969696969697,0.15395982653606943,0.6142085850216497
867,0.7248449164125749,0.7413761768020065,0.7413761768020065,0.7413761768020065,0.7286305879021697,0.6944423131026369,0.016531260389431646,0.016531260389431646,False,0.9714285714285714,0.016531260389431646,0.016531260389431646,False,0.9714285714285714,0.016531260389431646,0.016531260389431646,False,0.9714285714285714,0.003785671489594855,0.003785671489594855,False,0.947565543071161,-0.030402603309937937,0.030402603309937937,False,0.713907284768212,0.04693386369936958,0.7413761768020065
868,0.6153370439084724,0.6051082082277247,0.6321580012988501,0.6423158532888754,0.7595572757520201,0.7846213040518543,-0.010228835680747728,0.010228835680747728,False,0.9791666666666666,0.0168209573903777,0.0168209573903777,False,0.9,0.02697880938040298,0.02697880938040298,False,0.92,0.1442202318435477,0.1442202318435477,False,0.7182724252491695,0.16928426014338183,0.16928426014338183,False,0.5177391729875214,0.17951309582412955,0.7846213040518543
900,0.5902015204537227,0.589514375453008,0.589514375453008,0.5823768749620453,0.6266261676886927,0.5920830316195993,-0.0006871450007146507,0.0006871450007146507,False,0.9795918367346939,-0.0006871450007146507,0.0006871450007146507,False,0.9795918367346939,-0.007824645491677384,0.007824645491677384,False,0.9578231292517007,0.036424647234970076,0.036424647234970076,False,0.882,0.0018815111658766481,0.0018815111658766481,False,0.8622013651877133,0.04424929272664746,0.6266261676886927
915,0.7788420300214439,0.691922691922692,0.691922691922692,0.6873357043451368,0.6979166666666666,0.6979166666666666,-0.08691933809875196,0.08691933809875196,False,0.5711371749107598,-0.08691933809875196,0.08691933809875196,False,0.5711371749107598,-0.09150632567630712,0.09150632567630712,False,0.5568587455379909,-0.08092536335477729,0.08092536335477729,False,0.5912518853695324,-0.08092536335477729,0.08092536335477729,False,0.5912518853695324,0.09150632567630712,0.7788420300214439
921,0.40942724033981914,0.40942724033981914,0.3973404255319149,0.3973404255319149,0.2436631234668847,0.40942724033981914,0.0,0.0,False,1.0,-0.012086814807904245,0.012086814807904245,False,0.9777777777777777,-0.012086814807904245,0.012086814807904245,False,0.9777777777777777,-0.16576411687293444,0.16576411687293444,False,0.8945331398161587,0.0,0.0,False,1.0,0.16576411687293444,0.40942724033981914
922,0.9588068181818182,0.9588068181818182,0.9588068181818182,0.9588068181818182,0.9485955056179776,0.9478977510825535,0.0,0.0,False,1.0,0.0,0.0,False,1.0,0.0,0.0,False,1.0,-0.010211312563840669,0.010211312563840669,False,0.9555555555555556,-0.010909067099264758,0.010909067099264758,False,0.7678571428571429,0.010909067099264758,0.9588068181818182
929,0.7417040358744394,0.7326688815060908,0.7183496199782845,0.7081995290087776,0.7259161729207813,0.6936464667645209,-0.009035154368348675,0.009035154368348675,False,0.9347826086956522,-0.023354415896154945,0.023354415896154945,False,0.8887733887733887,-0.033504506865661865,0.033504506865661865,False,0.868020304568528,-0.015787862953658194,0.015787862953658194,False,0.95,-0.04805756910991854,0.04805756910991854,False,0.8473736372646185,0.04805756910991854,0.7417040358744394
93,0.7368884971353019,0.7449693788276466,0.7349290780141844,0.7349290780141844,0.7378640776699029,0.7312305641936917,0.008080881692344666,0.008080881692344666,False,0.8815426997245179,-0.0019594191211175227,0.0019594191211175227,False,0.8,-0.0019594191211175227,0.0019594191211175227,False,0.8,0.000975580534601006,0.000975580534601006,False,0.7441860465116279,-0.005657932941610211,0.005657932941610211,False,0.9221967963386728,0.013738814633954877,0.7449693788276466
933,0.7480664801711371,0.8000631213507969,0.8000631213507969,0.7480664801711371,0.8000631213507969,0.715345699831366,0.05199664117965985,0.05199664117965985,False,0.967741935483871,0.05199664117965985,0.05199664117965985,False,0.967741935483871,0.0,0.0,False,1.0,0.05199664117965985,0.05199664117965985,False,0.967741935483871,-0.032720780339771105,0.032720780339771105,False,0.9666666666666667,0.08471742151943096,0.8000631213507969
935,0.9618300653594771,0.9618200836820083,0.9618200836820083,0.961453024957533,0.9554515050167224,0.961453024957533,-9.981677468795525e-06,9.981677468795525e-06,False,0.9772727272727273,-9.981677468795525e-06,9.981677468795525e-06,False,0.9772727272727273,-0.0003770404019440843,0.0003770404019440843,False,0.8875444839857651,-0.006378560342754747,0.006378560342754747,False,0.9310344827586207,-0.0003770404019440843,0.0003770404019440843,False,0.9777777777777777,0.006378560342754747,0.9618300653594771
939,0.0,0.0,0.0,0.8156206415620642,0.8141097424412094,0.0,0.0,0.0,False,1.0,0.0,0.0,False,1.0,0.8156206415620642,0.8156206415620642,True,0.0,0.8141097424412094,0.8141097424412094,True,0.0,0.0,0.0,False,0.8362369337979094,0.8156206415620642,0.8156206415620642
942,0.5765407554671969,0.58606281169969,0.58606281169969,0.5911518970004109,0.5762980578676179,0.585608646188851,0.009522056232493137,0.009522056232493137,False,0.9444444444444444,0.009522056232493137,0.009522056232493137,False,0.9444444444444444,0.014611141533214078,0.014611141533214078,False,0.9166666666666666,-0.00024269759957895598,0.00024269759957895598,False,0.8947368421052632,0.009067890721654148,0.009067890721654148,False,0.8888888888888888,0.014853839132793034,0.5911518970004109
943,0.9473023839397742,0.9473023839397742,0.9473023839397742,0.9474342928660826,0.9477635283077885,0.9474342928660826,0.0,0.0,False,1.0,0.0,0.0,False,1.0,0.00013190892630843276,0.00013190892630843276,False,0.9022222222222223,0.00046114436801436565,0.00046114436801436565,False,0.8731182795698925,0.00013190892630843276,0.00013190892630843276,False,0.9022222222222223,0.00046114436801436565,0.9477635283077885
944,0.9292452830188679,0.9292452830188679,0.9292452830188679,0.9291896144767899,0.9292452830188679,0.9300864100549883,0.0,0.0,False,1.0,0.0,0.0,False,1.0,-5.56685420779468e-05,5.56685420779468e-05,False,0.9375,0.0,0.0,False,1.0,0.0008411270361203815,0.0008411270361203815,False,0.9696969696969697,0.0008967955781983283,0.9300864100549883
945,0.9188911704312115,0.9188911704312115,0.9188911704312115,0.9188911704312115,0.9188911704312115,0.9188911704312115,0.0,0.0,False,1.0,0.0,0.0,False,1.0,0.0,0.0,False,1.0,0.0,0.0,False,1.0,0.0,0.0,False,1.0,0.0,0.9188911704312115
954,0.48558758314855877,0.4839779005524862,0.48558758314855877,0.4839779005524862,0.4984825493171472,0.48558758314855877,-0.0016096825960725814,0.0016096825960725814,False,0.9629629629629629,0.0,0.0,False,1.0,-0.0016096825960725814,0.0016096825960725814,False,0.9629629629629629,0.012894966168588429,0.012894966168588429,False,0.9333333333333333,0.0,0.0,False,1.0,0.01450464876466101,0.4984825493171472
956,0.6470588235294118,0.6470588235294118,0.6470588235294118,0.6470588235294118,0.6470588235294118,0.647693817468106,0.0,0.0,False,1.0,0.0,0.0,False,1.0,0.0,0.0,False,1.0,0.0,0.0,False,1.0,0.0006349939386941506,0.0006349939386941506,False,0.9772727272727273,0.0006349939386941506,0.647693817468106
958,0.6325301204819277,0.6325301204819277,0.618314003808205,0.6325301204819277,0.618314003808205,0.6325301204819277,0.0,0.0,False,1.0,-0.01421611667372269,0.01421611667372269,False,0.9352657004830918,0.0,0.0,False,1.0,-0.01421611667372269,0.01421611667372269,False,0.9352657004830918,0.0,0.0,False,1.0,0.01421611667372269,0.6325301204819277
960,0.8350253807106599,0.8350253807106599,0.8350253807106599,0.8350253807106599,0.8294280675233057,0.8294280675233057,0.0,0.0,False,1.0,0.0,0.0,False,1.0,0.0,0.0,False,1.0,-0.005597313187354236,0.005597313187354236,False,0.967741935483871,-0.005597313187354236,0.005597313187354236,False,0.967741935483871,0.005597313187354236,0.8350253807106599
963,0.5352212389380531,0.5352212389380531,0.546999276934201,0.5352212389380531,0.597909682508381,0.0,0.0,0.0,False,1.0,0.011778037996147961,0.011778037996147961,False,0.9091400757166036,0.0,0.0,False,1.0,0.06268844357032788,0.06268844357032788,False,0.8226068144943213,-0.5352212389380531,0.5352212389380531,True,0.0,0.597909682508381,0.597909682508381
982,0.9469759734879868,0.9468333562302514,0.9468333562302514,0.9411607023187241,0.9453210010881393,0.9469759734879868,-0.00014261725773534462,0.00014261725773534462,False,0.9696969696969697,-0.00014261725773534462,0.00014261725773534462,False,0.9696969696969697,-0.005815271169262726,0.005815271169262726,False,0.794044665012407,-0.0016549723998474652,0.0016549723998474652,False,0.9384164222873901,0.0,0.0,False,1.0,0.005815271169262726,0.9469759734879868
99,0.8855640921957137,0.8855640921957137,0.8842359573183007,0.8871422813381701,0.8871422813381701,0.8871422813381701,0.0,0.0,False,1.0,-0.001328134877413012,0.001328134877413012,False,0.9435736677115988,0.0015781891424563321,0.0015781891424563321,False,0.9555555555555556,0.0015781891424563321,0.0015781891424563321,False,0.9555555555555556,0.0015781891424563321,0.0015781891424563321,False,0.9555555555555556,0.002906324019869344,0.8871422813381701
992,0.9099065420560748,0.9099065420560748,0.9099065420560748,0.9129782445611403,0.9082089552238806,0.9099065420560748,0.0,0.0,False,1.0,0.0,0.0,False,1.0,0.003071702505065499,0.003071702505065499,False,0.9545454545454546,-0.0016975868321942311,0.0016975868321942311,False,0.8368121442125237,0.0,0.0,False,1.0,0.00476928933725973,0.9129782445611403
994,0.9117334278624601,0.9187354884800857,0.9187354884800857,0.9278238902923133,0.929776810016331,0.9117334278624601,0.0070020606176255384,0.0070020606176255384,False,0.975609756097561,0.0070020606176255384,0.0070020606176255384,False,0.975609756097561,0.016090462429853125,0.016090462429853125,False,0.926829268292683,0.0180433821538708,0.0180433821538708,False,0.8760852407261247,0.0,0.0,False,1.0,0.0180433821538708,0.929776810016331
